{"type":"FeatureCollection","name":"SED_PPL_MWS_123","crs":{"type":"name","properties":{"name":"urn:ogc:def:crs:OGC:1.3:CRS84"}},"features":[{"type":"Feature","properties":{"GND_N":"Walgama","GND_NO":"78","GND_C":"180","PROVINCE_N":"CENTRAL","PROVINCE_C":"2","DISTRICT_N":"KANDY","DISTRICT_C":"1","DSD_N":"UDUNUWARA","DSD_C":"39","Admin_Code":"2139180","GND_NO_Cen":"78","GND_NAME_C":"Walgama","GND_NO_Gaz":"78","GND_NAME_G":"වල්ගම","shape_1":"Polygon","Area__Ha_":42.1688721091,"MWS_ID":"123","Alt_MWS":null,"Area":0.42168872109,"Density":1662.36364631,"Total_Pop":701.0},"geometry":{"type":"MultiPolygon","coordinates":[[[[80.5703051973205,7.244270310503151],[80.57054639543276,7.243701943708317],[80.57075431888501,7.243314905054467],[80.5708935720345,7.243311083982515],[80.57134889472611,7.243269166070159],[80.57155362571109,7.243294188075981],[80.57192503933219,7.243400417103085],[80.57206323502706,7.243456427452462],[80.57220211455117,7.243463943050619],[80.57223108387034,7.243489886011625],[80.57233555280244,7.243565443013179],[80.57241096146922,7.243621995713799],[80.57249362877404,7.243645272427348],[80.57255856657362,7.243628753693446],[80.5726159075492,7.24358799443876],[80.57281783737864,7.243414187492014],[80.57285451878009,7.243054045615594],[80.57297918275037,7.24275808522652],[80.5729845529791,7.242468714498556],[80.5729650636422,7.242156864359859],[80.5729470258618,7.241994713981792],[80.57293013862888,7.241494158798606],[80.57327778688652,7.240979896219325],[80.57369262748634,7.240680154763003],[80.57373052063348,7.240475832739889],[80.5738001091906,7.240259843942047],[80.57388559463989,7.239950964111607],[80.57394718299139,7.239751883988899],[80.57402317043855,7.239595942771719],[80.57412448509207,7.239445046139687],[80.57422918967991,7.239313408109839],[80.57431934687646,7.239233473425057],[80.57423851385566,7.239161776088633],[80.57413246075023,7.239177931378114],[80.57400367463086,7.239201679009487],[80.57389825960671,7.239161707183375],[80.57379523870905,7.239059268989629],[80.57373136018164,7.238982524058274],[80.57370476587352,7.238937349544411],[80.57354221245284,7.239005339482792],[80.57345070276803,7.239043615810476],[80.57332389794531,7.239099942534333],[80.57325672337295,7.239132218776013],[80.57323083951823,7.239144723677963],[80.57317493165199,7.23917562587302],[80.57293513815289,7.239308165485682],[80.57293120245066,7.239310467889618],[80.57277019188238,7.239404670344735],[80.57265015652821,7.239481934503952],[80.57260270489182,7.239512479593497],[80.5724660134321,7.239605922355603],[80.5723510578356,7.239694040336669],[80.57231978200036,7.239721090281295],[80.57171373422001,7.239603117844159],[80.57072600300617,7.239324775193992],[80.57072503579117,7.23927895827906],[80.5707198630927,7.239039337524385],[80.57071935931161,7.239015984592926],[80.57072164510193,7.23882572493163],[80.57019972446038,7.238804088569447],[80.57019628932284,7.238852701402801],[80.57020792931506,7.239144073786673],[80.57023303685105,7.239291848154116],[80.57025918248073,7.23934720238925],[80.57029456194077,7.239408983157885],[80.57029888052367,7.239470929821014],[80.57029548688037,7.23956578959687],[80.57027119053163,7.239625823366501],[80.57026032974511,7.239688459469676],[80.57025384886498,7.239725831349319],[80.57023089511895,7.239820501405997],[80.57020460979201,7.23987330166041],[80.57016383383568,7.239927631758794],[80.57013456071154,7.239981152288315],[80.57011651439,7.240007594049378],[80.56973741634006,7.239830437511778],[80.56976768824539,7.239580129531378],[80.56979152892406,7.239311653906977],[80.56969140110047,7.239008770285141],[80.5695753616005,7.238851428677413],[80.56933439264093,7.238638696896116],[80.56894513550462,7.238426175080633],[80.56862160248845,7.238259205509136],[80.56860384591127,7.238246110344584],[80.56853999405195,7.238206290095708],[80.56834429064793,7.238394130105821],[80.5682822615169,7.238449521924053],[80.5681711768044,7.238527559447991],[80.56808947794222,7.238622429504391],[80.56806810314013,7.238697294140931],[80.56801033883724,7.238737534478316],[80.56792057402876,7.238763452288427],[80.56789490194726,7.238766119981387],[80.56770642776704,7.238749642258795],[80.56770376366849,7.238781030271304],[80.56768199973789,7.23884531708615],[80.56765130237353,7.238905796309247],[80.56763115258053,7.23894549045874],[80.56757141409186,7.23908219445909],[80.56756941211998,7.239093517212766],[80.56756659754436,7.239109461482143],[80.56755407178427,7.23918039281676],[80.56751430598996,7.239010751904272],[80.567488457652,7.238900481194193],[80.56744177857483,7.238796374594823],[80.56733625432547,7.238656882762369],[80.56726953138562,7.238620138359679],[80.56718041805266,7.238635378322643],[80.5671497256694,7.238655460526832],[80.5670795977791,7.23870134785532],[80.56702857088032,7.238762948971161],[80.56696848330665,7.238835489778139],[80.566899291559,7.238919020893218],[80.5668515400957,7.238972626750465],[80.56681919387327,7.239008937680375],[80.56674589864086,7.239091219848611],[80.56670294882132,7.239128295448257],[80.56636601167335,7.238817277256739],[80.56626757213195,7.238984645289785],[80.56621360707527,7.239076399811517],[80.56616146188841,7.239213759120746],[80.56611100525296,7.239361521389035],[80.56608147505169,7.239474491251394],[80.5660791467512,7.239752299911169],[80.56612810186228,7.239862981967145],[80.56603213895075,7.240049383017691],[80.56597251372582,7.240227562649791],[80.56593444619446,7.240372814845139],[80.56588979380258,7.240505416422717],[80.565797478385,7.240543211531092],[80.56572188762068,7.240636099013237],[80.565702664492,7.240742965049558],[80.56570049971351,7.240907883412515],[80.56569492111102,7.241000265226821],[80.56565867250941,7.241091315274906],[80.56571358395557,7.241396253237004],[80.5657529289407,7.241488125015605],[80.56568872568704,7.242290672332514],[80.56567319854737,7.242338051469916],[80.56565605152647,7.242630760641062],[80.56567213721574,7.2427222834444],[80.56571349482304,7.242797800047],[80.56582049659276,7.242868728754687],[80.56599364785569,7.243030790115303],[80.56595475499317,7.243059094868537],[80.56583529355649,7.243132306152864],[80.56574734259108,7.243173682478029],[80.56566001499803,7.243243543680062],[80.5655929644534,7.243322187794868],[80.56552715529985,7.243461508418013],[80.56552311111747,7.243490531921666],[80.5655216600743,7.243500961467228],[80.5655208059997,7.243507068726394],[80.56552079237035,7.243507167288989],[80.56551872984703,7.243521967042167],[80.56555682839519,7.243531114527628],[80.5661301910983,7.243668774027422],[80.56621952797248,7.243677539099523],[80.56632329595422,7.243657133514912],[80.56642008469487,7.243609320720231],[80.5664982000365,7.243548896939582],[80.56662422834448,7.243548897178359],[80.56677304827966,7.24356803205959],[80.56691478771299,7.243569199674604],[80.5670545173856,7.243574944801805],[80.56717525412479,7.243618868017969],[80.56733258440731,7.243689674828153],[80.56745321711708,7.243686284844241],[80.5675668844471,7.243660651228601],[80.56768921980199,7.243688374473538],[80.56781091679571,7.243757357980895],[80.56833788052177,7.243834532723814],[80.56854203245126,7.243670741172179],[80.56872795665505,7.243590597285205],[80.56873246191508,7.243586544450768],[80.56889769944951,7.24352761502117],[80.56891937640803,7.243546754511051],[80.5689188390376,7.243553498550893],[80.56893501707953,7.243626754394611],[80.56895736207551,7.243674240440025],[80.56898832008811,7.243699665439729],[80.56904652554681,7.243749519914255],[80.56909757555881,7.243802535274834],[80.56915939155822,7.243878163989304],[80.56937433339935,7.24396977720022],[80.56939243386307,7.243991849501375],[80.56939647895558,7.244001988567906],[80.56942011362698,7.244061222966639],[80.56944500464763,7.244087999821062],[80.56949706695477,7.244105748721909],[80.56961377198759,7.244156713980423],[80.56970693896723,7.244188768604452],[80.56980853334028,7.24421458735158],[80.56989373472622,7.244243111543152],[80.56993438344375,7.244268359113569],[80.56999568320835,7.244290814520651],[80.57004494642858,7.244286677979226],[80.57011034935655,7.244243390659996],[80.57013055266323,7.244223506076809],[80.57015971200856,7.24422170888147],[80.57026328244906,7.244283248357216],[80.5702996629726,7.244303076287968],[80.57030123391573,7.244279648340235],[80.5703051973205,7.244270310503151]]]]}},{"type":"Feature","properties":{"GND_N":"Ganguldeniya","GND_NO":"88","GND_C":"200","PROVINCE_N":"CENTRAL","PROVINCE_C":"2","DISTRICT_N":"KANDY","DISTRICT_C":"1","DSD_N":"UDUNUWARA","DSD_C":"39","Admin_Code":"2139200","GND_NO_Cen":"88","GND_NAME_C":"Ganguldeniya","GND_NO_Gaz":"88","GND_NAME_G":"ගඟුල්දෙen","shape_1":"Polygon","Area__Ha_":48.8768990614,"MWS_ID":"123","Alt_MWS":null,"Area":0.48876899061,"Density":1264.40099897,"Total_Pop":618.0},"geometry":{"type":"MultiPolygon","coordinates":[[[[80.55366580347429,7.243516834479105],[80.55366579271727,7.243503695881586],[80.55367517050735,7.243400970949553],[80.55367883798472,7.243310724387491],[80.55367812842394,7.243278530012567],[80.55367823269398,7.24325058896453],[80.55367612732107,7.243112047178268],[80.55367802201673,7.243000837140614],[80.55367817864314,7.242991686593124],[80.55368175784785,7.242894927208598],[80.55368034703257,7.242819146978962],[80.55366808544551,7.24270881532285],[80.55366499541238,7.242670541973474],[80.55366457417033,7.24266531761904],[80.55366251909653,7.24263648568106],[80.55366140925811,7.242620932965122],[80.5536612473738,7.242618654951062],[80.55364942029347,7.242545580717807],[80.55365059401691,7.242488164493161],[80.55365071924574,7.242482098501675],[80.55365654923104,7.242412108438193],[80.55367233442136,7.242354423551852],[80.55368288232715,7.242266145398976],[80.55368742792946,7.242228098243443],[80.55369438662383,7.242172093749764],[80.55374073545107,7.241799055978721],[80.5530224931274,7.241784838412378],[80.55299957198243,7.24149299377866],[80.55298066449618,7.241108811100465],[80.55294929363436,7.240564797898835],[80.55291205023535,7.240103599523368],[80.5527546462584,7.239787145185362],[80.55276376860924,7.239787728419119],[80.55271533017401,7.239750742212522],[80.55270601209156,7.239750424746218],[80.55262310511002,7.239699003413852],[80.55260940984344,7.239688883881048],[80.55261048902403,7.239612226790322],[80.55259877747135,7.239612055546597],[80.5525427445675,7.239566811126978],[80.55247032006253,7.23952897752709],[80.55242169989668,7.239509871046159],[80.55240513613168,7.239491776871817],[80.55240199245014,7.239439509423308],[80.55243035661836,7.239400638420806],[80.55243933269642,7.239378305689658],[80.55245583797559,7.239325863428129],[80.55245044288874,7.239250080325261],[80.55244666401785,7.239200432324886],[80.55243725832767,7.23917763749701],[80.5524126462883,7.239138652716969],[80.55239031366987,7.239066386247358],[80.55238318705435,7.23901284991227],[80.55239455188656,7.238939342136702],[80.55240479930528,7.238873070934281],[80.55230351884903,7.238786464092016],[80.55220473841725,7.238753587521414],[80.55206215169561,7.238725838441666],[80.55204957972582,7.238707658504413],[80.55181425386893,7.238509255451533],[80.55171764906073,7.238277963485882],[80.55172953029803,7.238178525142027],[80.55172912850617,7.23813952785428],[80.55174486675624,7.237992002476883],[80.55175306183648,7.237948529520904],[80.55175269385472,7.237918065236626],[80.55174954633351,7.237690657221947],[80.55174884002813,7.237668628093222],[80.551801491051,7.23750189727895],[80.55178656306632,7.237494291072744],[80.55175232005695,7.237483788809175],[80.5515570517126,7.237387162803474],[80.55152807998677,7.237365650544186],[80.55135452697314,7.237259966841712],[80.55132234369594,7.237237560437441],[80.5512591614686,7.237224109377375],[80.55120104168327,7.237211734217493],[80.5509593154234,7.237108522473302],[80.5509388474614,7.237093228745283],[80.55087049653213,7.237044754197098],[80.55069458190579,7.236921252536405],[80.55067852774945,7.236883882468229],[80.55063484331801,7.236696984241228],[80.55063746147476,7.23666744472837],[80.55063481377589,7.23661613426446],[80.5506309215441,7.236580000976643],[80.55064152882986,7.236187247375333],[80.55064431942007,7.23610956384903],[80.5506091366419,7.235836583055402],[80.55060954701712,7.235830797538892],[80.5506004232223,7.235789563205801],[80.55055655799467,7.235591352067066],[80.5505476862847,7.235558557702152],[80.55053703915735,7.235503156731884],[80.55052929500427,7.2354609753734],[80.55052389281482,7.235436604486589],[80.55051764509786,7.235422639880341],[80.5504555426917,7.235093943472057],[80.55044223405037,7.235051516999243],[80.5504329147395,7.235006531523309],[80.55042853767303,7.234982105981297],[80.55042373997382,7.234962239718021],[80.55038054978539,7.234772615236079],[80.55037402883356,7.23474180787947],[80.55036248765815,7.234697941728974],[80.55035514912487,7.234675973512248],[80.5503538814866,7.23465932107802],[80.55028901778824,7.23447896577374],[80.5502789568179,7.234455891148398],[80.55026627705679,7.234429048807915],[80.55026132391106,7.234417684707133],[80.5501493548531,7.234096390527235],[80.55014601409611,7.234060377779027],[80.55014073351022,7.234037374251356],[80.55013832102111,7.234033940325352],[80.55002173009201,7.23374014452836],[80.55001539692942,7.233725087476845],[80.55000385748973,7.233670583116543],[80.55002424838915,7.233612982014741],[80.54954845907301,7.233793726839913],[80.54909558862086,7.234601303559081],[80.54869583293114,7.235345153969988],[80.54843243509357,7.235961269149318],[80.54819817712252,7.23645699465602],[80.54785757108475,7.237006449069933],[80.54784045515778,7.237035237045945],[80.54755265714586,7.237601891272631],[80.54736363726929,7.238198109549849],[80.5471520759364,7.238729220261865],[80.54698663997796,7.238901432507885],[80.54698389562267,7.238907812777318],[80.54691343211827,7.239119296887621],[80.5469105468234,7.239128607020616],[80.54690924362168,7.2391377624112],[80.54676705868597,7.239562296200132],[80.54658760945281,7.239917288464924],[80.54637180511297,7.240220604088353],[80.54630405448192,7.240377875705244],[80.54611974415046,7.240590518390712],[80.54611559083652,7.240603799565303],[80.54595250563652,7.241125457937572],[80.54573718662932,7.241799317950371],[80.54564266616154,7.242123852532252],[80.54545375489525,7.242762847766355],[80.54544994611148,7.242777013513375],[80.54552595875688,7.242801623740307],[80.54565752612547,7.24284421882488],[80.54649712011609,7.242971292867191],[80.5468020879208,7.243006377253742],[80.54688767443275,7.243063069445141],[80.54690234342779,7.243004597517086],[80.5469271052283,7.242925935831333],[80.5469384466878,7.242882715970088],[80.54694407505558,7.242857127094287],[80.54701964753451,7.242760223235912],[80.5470461093054,7.242724065442649],[80.54706596455591,7.242676148407643],[80.54706951185291,7.242645312631875],[80.5470724280762,7.242610679378743],[80.54707687436826,7.242591057386363],[80.54708965749334,7.242562126199947],[80.5471051510598,7.242545586204638],[80.54712399718946,7.242525159403986],[80.54714656011912,7.242496865248603],[80.54717247236614,7.242471105725636],[80.54719394271793,7.242454476498543],[80.54722455861325,7.242439209231209],[80.54727545839297,7.242425580819472],[80.54731848223712,7.24240878338473],[80.5473393166654,7.242394358515964],[80.54735489787092,7.242383570813565],[80.54738017456006,7.242361066441394],[80.54741134039901,7.242332687074972],[80.54743217483141,7.242320036440027],[80.54745300725462,7.242311366535594],[80.54748235315535,7.242298630653903],[80.5475293578734,7.242288978273497],[80.54757056272648,7.242285924368767],[80.54763141970679,7.242280257865928],[80.54766710574928,7.242266982578248],[80.54772380509114,7.242245488707643],[80.54776891558474,7.242219196213746],[80.54781502761651,7.242182143037294],[80.54784220796613,7.24215566067027],[80.54792229280588,7.242090681642464],[80.54799240814889,7.242043874045555],[80.54803260954586,7.242022948799606],[80.54804412865681,7.242016950925116],[80.5480900522045,7.241996266375866],[80.54813832604152,7.241982093063021],[80.54819828514262,7.2419592443146],[80.54822310143788,7.241951750153808],[80.54827554014143,7.241940834397396],[80.54833621450535,7.241936252868172],[80.54837877471988,7.241939077524416],[80.5484264996607,7.24193593818582],[80.54848354866733,7.241939311765253],[80.5485113672551,7.241941953592826],[80.5485528130671,7.241945889060775],[80.54857066003024,7.241947584515684],[80.54864735665602,7.241957298919867],[80.54871147108219,7.241956697986202],[80.54876254312993,7.241958712993672],[80.54882746762361,7.241969777027164],[80.5489929789547,7.242020411984138],[80.54914254465076,7.242093649158405],[80.5492179589961,7.242130575957242],[80.5494267237951,7.242246702835414],[80.54965974882849,7.242381017253232],[80.5497426130942,7.242443884840579],[80.54976339796156,7.24245965354063],[80.5499439116905,7.242572871452056],[80.55008786739322,7.242632263396648],[80.5501084401627,7.242635751567939],[80.55012366079194,7.24264333898685],[80.5501067637898,7.24275958390889],[80.55013383582626,7.243017365662981],[80.55024836247884,7.243060468222395],[80.5502702600435,7.243060468251903],[80.5502976430791,7.243057768954249],[80.55033322604085,7.243055071919729],[80.5506794564815,7.243070231662764],[80.55069808760783,7.243070335854827],[80.55074628011756,7.243070467365021],[80.55075973367109,7.243067802730335],[80.55124589424975,7.243079812993169],[80.55126365511971,7.243079928487441],[80.55129653572578,7.243077504948102],[80.55144480878492,7.24309455651766],[80.55189376291493,7.243013817042543],[80.5525741096886,7.242866950920271],[80.55282635676257,7.24292397082592],[80.55299367641906,7.243107103447975],[80.55322603960516,7.243363996493769],[80.55344000399569,7.243515181166601],[80.5534484637311,7.24351538606624],[80.55346033183014,7.243512316352283],[80.55346202687677,7.243508997493005],[80.55366580347429,7.243516834479105]]]]}},{"type":"Feature","properties":{"GND_N":"Rabbegamuwa North","GND_NO":"79","GND_C":"185","PROVINCE_N":"CENTRAL","PROVINCE_C":"2","DISTRICT_N":"KANDY","DISTRICT_C":"1","DSD_N":"UDUNUWARA","DSD_C":"39","Admin_Code":"2139185","GND_NO_Cen":"79","GND_NAME_C":"Rabbegamuwa North","GND_NO_Gaz":"79","GND_NAME_G":"රබ්බේගමmu","shape_1":"Polygon","Area__Ha_":46.3722906662,"MWS_ID":"123","Alt_MWS":null,"Area":0.46372290666,"Density":1811.42658241,"Total_Pop":840.0},"geometry":{"type":"MultiPolygon","coordinates":[[[[80.56051600196537,7.240893588005166],[80.56067423452407,7.240751698498841],[80.56112020803769,7.240763292064465],[80.56148126916106,7.240706659856134],[80.56188636590502,7.240730743481583],[80.56215558290289,7.240790759457154],[80.5623617513746,7.240886252142064],[80.56285479939534,7.241116710806122],[80.56317699561022,7.241299010838013],[80.56333356257059,7.24142251321337],[80.56358732205742,7.241550369985812],[80.56373121022096,7.241604618481324],[80.5639434679828,7.241691419353077],[80.56404031658103,7.241722369968421],[80.56518926379891,7.241897968366873],[80.56568872568704,7.242290672332514],[80.5657529289407,7.241488125015605],[80.56571358395557,7.241396253237004],[80.56565867250941,7.241091315274906],[80.56569492111102,7.241000265226821],[80.56570049971351,7.240907883412515],[80.565702664492,7.240742965049558],[80.56572188762068,7.240636099013237],[80.565797478385,7.240543211531092],[80.56588979380258,7.240505416422717],[80.56593444619446,7.240372814845139],[80.56597251372582,7.240227562649791],[80.56603213895075,7.240049383017691],[80.56612810186228,7.239862981967145],[80.5660791467512,7.239752299911169],[80.56608147505169,7.239474491251394],[80.56611100525296,7.239361521389035],[80.56616146188841,7.239213759120746],[80.56621360707527,7.239076399811517],[80.56626757213195,7.238984645289785],[80.56636601167335,7.238817277256739],[80.56617224726958,7.238638419972554],[80.56617442962573,7.238632651532588],[80.56619881996463,7.2385681896683],[80.56624687952737,7.238426145986598],[80.56627891701518,7.238274237107973],[80.56627451918806,7.238224273289943],[80.56627008711827,7.238173946830832],[80.56623009864006,7.238095344521282],[80.56621625292291,7.238073182728656],[80.56619630417718,7.238063756118549],[80.56616167680026,7.23804739215969],[80.56613142142378,7.238033082078468],[80.5660054570357,7.238033295190661],[80.56579935020257,7.238038264918317],[80.56571382065218,7.238029201325867],[80.56571154056361,7.238028961535235],[80.56568362624171,7.238026003307908],[80.56567828732197,7.238025440170188],[80.56553454797385,7.238075780339953],[80.56540163454622,7.238130060097885],[80.56527493016564,7.238116914313961],[80.5649950822558,7.238072125529328],[80.56474926499544,7.238010597482983],[80.56454378946316,7.237945442833097],[80.564389499626,7.237876862915924],[80.56425191026592,7.237821630991346],[80.56407583644025,7.237756804526725],[80.5637741230656,7.237660205482002],[80.56358768143227,7.237574546107309],[80.56339205867465,7.237515356709489],[80.5633911682066,7.237340301510121],[80.56342662455349,7.23723384466796],[80.56350436517651,7.237045884761431],[80.56355019514822,7.236824320531885],[80.56360154595693,7.236638180385008],[80.56362495813559,7.236533986788015],[80.56355828286878,7.236491526688539],[80.56352595056111,7.236470935994506],[80.563524485809,7.236470000261638],[80.56348449206527,7.236444531795992],[80.5633526849714,7.236351236623976],[80.56307744108878,7.23628956462356],[80.5630675570767,7.236287349880359],[80.56301593113972,7.2362780828276],[80.5630025001574,7.236275670187839],[80.56279482474407,7.236238390660983],[80.56262089065315,7.236190923637476],[80.56252341812797,7.236147290524387],[80.56242958700014,7.236105286844992],[80.56240846655496,7.236099871910415],[80.56224795535296,7.236058721271771],[80.56203496314012,7.236070374300834],[80.56195252777775,7.236072088940963],[80.56189469207906,7.23607329246442],[80.56184144360058,7.236073267386247],[80.56179300692106,7.23604901108458],[80.56176621239959,7.236037582552034],[80.56175905542598,7.236034526256272],[80.56173334166728,7.236026013700623],[80.561663936137,7.235941983090478],[80.56164935507798,7.235924329668011],[80.56163306392602,7.23588263366668],[80.5615885753158,7.235768760167086],[80.56155591109632,7.23568055452149],[80.56151947825647,7.235582170985776],[80.56148800085055,7.23550628429673],[80.5614541743612,7.235419094531014],[80.56138169523555,7.235301229779584],[80.56135862542763,7.235278080515664],[80.56133472019216,7.235254093472605],[80.56132204628406,7.235244049737316],[80.5612839421263,7.235204422415393],[80.56126897872095,7.235179627528018],[80.56126041618394,7.23516543679508],[80.56125074079993,7.23513387118251],[80.56125066219856,7.23511054105863],[80.56125240158693,7.235068853558727],[80.5612683851113,7.234974089354473],[80.56130236014421,7.234938657662969],[80.56134520249977,7.234912476642422],[80.56134997161791,7.234909562519686],[80.56137717959527,7.234892935300819],[80.56137637288474,7.234881164525309],[80.56137517674719,7.234863736252683],[80.56137466142226,7.234856220355565],[80.56137158845992,7.234813100881666],[80.56127269876805,7.234718665868061],[80.56110717021492,7.234651353728996],[80.56090270157358,7.234615569688945],[80.56075509556348,7.234520167430123],[80.56044602330653,7.234411379104974],[80.56029462154054,7.234458447674565],[80.56021030909291,7.23453474251598],[80.56015981838303,7.234621873367246],[80.55998458374911,7.234622316466782],[80.55992446612228,7.234610471393196],[80.5599330156241,7.234845777527851],[80.55981019091904,7.235193376210347],[80.55965311965599,7.235526000498752],[80.55951349368635,7.235773256985693],[80.55914501498478,7.236584067407077],[80.55900584400874,7.237300291209638],[80.55890904166057,7.237710644256876],[80.55884145723371,7.238033578818322],[80.55879223510718,7.238302849117924],[80.55874169000666,7.238600222663161],[80.5587178209882,7.238895433200693],[80.55868746739043,7.239263913483178],[80.55865411367573,7.23953783492331],[80.5586293640025,7.239858263279729],[80.55863899527984,7.240278006724337],[80.55859184388886,7.240528170062705],[80.55852092878409,7.240753434734646],[80.55850415931874,7.240806707254164],[80.55835978198719,7.241069572853445],[80.55822490730971,7.241227315184241],[80.55806246989162,7.241360436397699],[80.55788835723203,7.241494773656481],[80.55771767343543,7.241654408518645],[80.55748907096081,7.241936722843149],[80.55740552854391,7.24209295770823],[80.55744574100031,7.242123355254298],[80.55752325289285,7.242232611356124],[80.55764079641581,7.242379332908303],[80.55780281442712,7.242597214479781],[80.55792007897611,7.242727509192335],[80.55792333003377,7.242731135193369],[80.55801381474728,7.242822773510875],[80.55808311587309,7.242919319241078],[80.55811420404652,7.242996547031689],[80.55818244511752,7.243037812288945],[80.55827251653182,7.242962752325583],[80.55833537176073,7.242905029232058],[80.55838194309354,7.242845289875083],[80.55842574213689,7.242822062167256],[80.55846708205023,7.242745199154518],[80.55866110201671,7.242656441682306],[80.55883248776232,7.242589228236955],[80.55896957860332,7.242533506484354],[80.55933564299986,7.242376134702999],[80.55914523143504,7.242150072452088],[80.55928041880676,7.24198980609706],[80.55939786298853,7.241849145541117],[80.55949733579666,7.241730012331489],[80.55962968491522,7.241632230848454],[80.55973376960138,7.241560659715244],[80.55988030643869,7.241418565084844],[80.55993084072084,7.241351978259508],[80.55995075576786,7.241325735852533],[80.5602057531914,7.241257372459319],[80.56038203692825,7.241034902077582],[80.56051600196537,7.240893588005166]]]]}},{"type":"Feature","properties":{"GND_N":"Angunawala East","GND_NO":"18","GND_C":"150","PROVINCE_N":"CENTRAL","PROVINCE_C":"2","DISTRICT_N":"KANDY","DISTRICT_C":"1","DSD_N":"UDUNUWARA","DSD_C":"39","Admin_Code":"2139150","GND_NO_Cen":"18","GND_NAME_C":"Angunawala East","GND_NO_Gaz":"18","GND_NAME_G":"අඟුණාවල l","shape_1":"Polygon","Area__Ha_":35.5107134205,"MWS_ID":"123","Alt_MWS":null,"Area":0.35510713421,"Density":3872.07089792,"Total_Pop":1375.0},"geometry":{"type":"MultiPolygon","coordinates":[[[[80.59912507408023,7.233890741258969],[80.59864727140624,7.23385173605648],[80.59830385175366,7.233848034476373],[80.59829992345162,7.233848065495871],[80.5978551039114,7.23384584135399],[80.5977227788458,7.233867075893367],[80.59757663239789,7.233572841260698],[80.59727626054459,7.233405257048824],[80.59699723750278,7.233422960258829],[80.59672880325236,7.233479128421482],[80.59642943426826,7.233407486175098],[80.59622790370695,7.233329601134519],[80.59600573566979,7.233139984711339],[80.59596371347402,7.233331732038186],[80.59586797857534,7.233438694064399],[80.59586529946762,7.233442191754548],[80.59582478197633,7.233463619457059],[80.5955641412089,7.233741650110384],[80.5955162851348,7.233819800945937],[80.59547596583892,7.233975589250717],[80.59545696644982,7.234011909398701],[80.59542063692366,7.234149662941523],[80.595042071109,7.234210934536558],[80.59502619251177,7.234278268101074],[80.59501746663287,7.234359833732126],[80.59499777246242,7.234469155312834],[80.59498432732855,7.234576672581343],[80.59497631547943,7.2346842815385],[80.59497159019735,7.234714005929908],[80.5949630619923,7.234767652162585],[80.5949311750898,7.234968422928259],[80.59499583054887,7.235148297510443],[80.5949269847025,7.235404647433807],[80.59492730161983,7.235425118283527],[80.59491045475347,7.235560867455579],[80.59490793556787,7.235576552504258],[80.59490744851384,7.235655545952848],[80.59485914327317,7.235814495158463],[80.59485649765038,7.235827053073961],[80.59485383595606,7.235961396275761],[80.59485669381729,7.235991046820189],[80.59485464596533,7.236012407466021],[80.59485421103562,7.236137684101029],[80.59485011493503,7.236330930358507],[80.59488987815539,7.236525399530983],[80.59477732401882,7.236583200257665],[80.5947267703751,7.236718880809424],[80.59472446934723,7.236732472480008],[80.59472216832098,7.236741531780599],[80.5947014472904,7.236816318470852],[80.59469914353949,7.236829922800378],[80.59469914353501,7.23683672497249],[80.5946876220615,7.23689116488208],[80.59468762205971,7.236893432875643],[80.59468762204676,7.23690930973493],[80.5946778254983,7.236995841355903],[80.59467778291624,7.237002683300347],[80.59468431268691,7.237073393408031],[80.59468659649124,7.237080225428982],[80.59471887786486,7.237123265979191],[80.59472118795077,7.237125521329667],[80.59478820597718,7.23715200165292],[80.59479743005447,7.23715414943493],[80.59486939863093,7.237169686028902],[80.59545389045965,7.237219349666326],[80.59575974864491,7.237321994702299],[80.5958156175188,7.237332506780951],[80.59596706708689,7.237364210201717],[80.59598267945624,7.237367478210143],[80.59605502235158,7.237396083763788],[80.59611187691216,7.237432911434502],[80.5961827735605,7.237470862374501],[80.59619082499796,7.237475173663294],[80.5962335527675,7.237512176589874],[80.59629872542311,7.237582015517967],[80.59633383916275,7.237639813505204],[80.59633848768772,7.237643670389843],[80.59634185979186,7.237646468734431],[80.59638073088037,7.237678716198177],[80.59643114867595,7.237734079511653],[80.59645441248549,7.237757058922829],[80.59651271924528,7.237785748385222],[80.59656078983404,7.237820582159104],[80.59660732443386,7.237851257333174],[80.59666609091443,7.237864754655481],[80.59674704129672,7.23787961627345],[80.59674575040111,7.237938034688409],[80.5967403530331,7.238075938874871],[80.59673614144168,7.238192230669731],[80.59673176172294,7.238275695268984],[80.59672810018967,7.238374987274524],[80.59672199177598,7.238478979788968],[80.59671618089595,7.238529040652607],[80.59671563206165,7.238533778083077],[80.59671024301079,7.238650611992666],[80.5967081234556,7.238718336267566],[80.59670538114372,7.238805969446234],[80.5967108705092,7.238893326443164],[80.59671629935495,7.238941397751488],[80.59672187980358,7.238990815627666],[80.59672294239711,7.239051675683873],[80.59672197390046,7.239082560889139],[80.59672083391906,7.239118864614231],[80.5967161924887,7.239174838275104],[80.59670666682061,7.239218422856692],[80.59669323570196,7.239291123570015],[80.59667452591019,7.239329849319341],[80.59665442402935,7.239371452916745],[80.59663504990777,7.239411553847754],[80.59654381823786,7.239746833607817],[80.59647734463185,7.239954044796528],[80.59647318747928,7.239967003633113],[80.59646754664648,7.239980880655744],[80.59640277358828,7.240140210530151],[80.59638372001513,7.240187075765512],[80.59636204647875,7.240216069115991],[80.59631404503598,7.240280281007035],[80.59627514937681,7.240400719762701],[80.5962525851231,7.24047212188029],[80.59624531878956,7.240495116349425],[80.59621068476605,7.240597108990967],[80.59618272896881,7.240763760169894],[80.59616304534552,7.240844145868899],[80.59614908698352,7.240878232586712],[80.59612695451156,7.240968201123003],[80.59612024587624,7.241005170013051],[80.59610626228925,7.241082226511321],[80.59609155114926,7.241185310385482],[80.59606159380512,7.241370590315249],[80.59606099751088,7.241378511778037],[80.59605995968305,7.241392305613135],[80.59605731594222,7.241427470217563],[80.59605920681504,7.241456984721382],[80.59606190497946,7.24149909287608],[80.59605527722962,7.241542134194311],[80.59605053199745,7.241567339775291],[80.59604825421586,7.241579432123994],[80.59603767204958,7.241635633108524],[80.59602375479642,7.241684681538717],[80.59601935390741,7.241700192217456],[80.59598055721706,7.241796666027247],[80.59593154369618,7.241909541656574],[80.59592474026437,7.241925208730327],[80.5959156599558,7.24194612257441],[80.59585566972198,7.242046023416058],[80.5958549620533,7.24204707664893],[80.59585359655348,7.242049104460058],[80.59577466483164,7.242166354977244],[80.5957598990137,7.242183548969688],[80.59566775894646,7.242290834225441],[80.59558096194272,7.242397508466003],[80.59550086969071,7.242497492603501],[80.59544558737564,7.242581436108441],[80.5954508658629,7.242583915998615],[80.59546883988217,7.242592360295801],[80.595880501542,7.242753596491728],[80.59649032659203,7.242959094970931],[80.59651252258023,7.242969419134966],[80.59674869442014,7.243098174016342],[80.5972941248159,7.243474239252239],[80.59770499867639,7.242981385336086],[80.5983281205147,7.241702819477963],[80.59835519466337,7.241618801270452],[80.59871383435313,7.240505850288518],[80.59885040287773,7.239931499795555],[80.59909255498123,7.238583397515847],[80.59921756725193,7.237002105433534],[80.59907128068198,7.235196771263211],[80.59911855860587,7.233974343435827],[80.59912507408023,7.233890741258969]]]]}},{"type":"Feature","properties":{"GND_N":"Penideniya","GND_NO":"21","GND_C":"135","PROVINCE_N":"CENTRAL","PROVINCE_C":"2","DISTRICT_N":"KANDY","DISTRICT_C":"1","DSD_N":"UDUNUWARA","DSD_C":"39","Admin_Code":"2139135","GND_NO_Cen":"21","GND_NAME_C":"Penideniya","GND_NO_Gaz":"21","GND_NAME_G":"පැණිදෙණiy","shape_1":"Polygon","Area__Ha_":24.595572525,"MWS_ID":"123","Alt_MWS":null,"Area":0.24595572525,"Density":2435.3976692,"Total_Pop":599.0},"geometry":{"type":"MultiPolygon","coordinates":[[[[80.59118817986275,7.255138456727172],[80.59115603801722,7.255124064305972],[80.5911274289556,7.255107323944491],[80.59109836850578,7.255082714154534],[80.59108325172498,7.255066431443963],[80.5910603481604,7.255046888258174],[80.59101853301692,7.25498981059993],[80.5909759959446,7.254924321723347],[80.59092069984465,7.254839203360626],[80.59086693224023,7.254781035646382],[80.59080709489575,7.254721778474942],[80.59073321642099,7.254613668740913],[80.59072809201997,7.254606167264266],[80.59074225862805,7.254591938422866],[80.59078942409863,7.254527070350484],[80.59084439162999,7.254414829940682],[80.5908784278471,7.254294473903559],[80.5908784275251,7.254288624873044],[80.59089021735416,7.254171620140325],[80.59088874361758,7.254161381022538],[80.59088726986619,7.254146754227625],[80.59088432182251,7.254136518125168],[80.59088432211499,7.254133591801452],[80.59087765994695,7.254035578936681],[80.59087765975153,7.254024996785325],[80.590909658999,7.253739326124717],[80.5909160597322,7.253641965166852],[80.59095016924847,7.253472855470542],[80.59099279393077,7.253208773934865],[80.59103955343473,7.252938180383871],[80.59108391115477,7.252725411490293],[80.59122433539639,7.252448965461589],[80.5912276571296,7.252435594888284],[80.59130056415256,7.252245418038098],[80.59129473831973,7.252083972279923],[80.59126675765017,7.252032420141403],[80.59126702244367,7.252013797939816],[80.59126722102884,7.251999855478717],[80.59126738605728,7.251988252435532],[80.59127032808767,7.25194890198906],[80.59127302891744,7.251925839748012],[80.59127322291789,7.251912035643332],[80.59127328637491,7.251907440001859],[80.59123928475645,7.251799735433925],[80.59123497536923,7.251772375802957],[80.59116069202346,7.25154122742016],[80.59116069117957,7.251536644412697],[80.5911606919211,7.251481644710251],[80.59116069038816,7.251461019368916],[80.59116069069647,7.251438104333349],[80.59116069088215,7.251424353503399],[80.59116308378847,7.251332653641742],[80.59116547485876,7.251309712451136],[80.59117025568933,7.2512936286589],[80.59117025577902,7.251286760478292],[80.59118685971056,7.251220312734914],[80.59118919366814,7.251199731751363],[80.59118916935984,7.25118830044824],[80.5911795211276,7.251126494647125],[80.59117711873091,7.251117319515163],[80.59117471452495,7.251108139860935],[80.59117230941574,7.251098954780523],[80.59116751178688,7.251087450996858],[80.59116736869451,7.251023202928695],[80.59116733900419,7.251009430383038],[80.59117205834393,7.250984254703813],[80.59117441301639,7.25097281532685],[80.59120977342306,7.250890917972922],[80.59121681095014,7.250870448325482],[80.59122385296558,7.250852290982356],[80.59122619669071,7.250845477110044],[80.59125422640373,7.250752370643795],[80.5912541804082,7.250738602612805],[80.59125413441484,7.250724829155982],[80.59123258353425,7.250648789300538],[80.59128360195982,7.250472593082519],[80.59129263723943,7.250449807422532],[80.59129481348614,7.250438414995652],[80.5913310730723,7.250270002426255],[80.59056122705546,7.249979413497841],[80.58997100867438,7.249760703144209],[80.58984750950835,7.249705851734623],[80.58984664481561,7.24970551045765],[80.58972925937312,7.249659231603522],[80.58970179274183,7.249653260066076],[80.58966811707631,7.249645936757209],[80.58957052466052,7.249624712468301],[80.58945460985628,7.249624754351629],[80.58937545597497,7.249636659503751],[80.58937450407883,7.249636967479504],[80.58935589365187,7.249642981577262],[80.58933759652427,7.24965346396373],[80.5892674933369,7.249680021622678],[80.58924076482882,7.249713378493706],[80.58923161612589,7.249732112787886],[80.58922182300704,7.249752166194466],[80.58920678439813,7.249764277661998],[80.58918305192623,7.24977918888833],[80.58916925301978,7.249784820630594],[80.58914963022251,7.249792829194917],[80.58912628878888,7.249797191886207],[80.58911895751541,7.249798562502652],[80.58911787254083,7.249798766428222],[80.58916111720802,7.249999817096864],[80.58915333602175,7.250013941816146],[80.58914856292095,7.250022136451603],[80.58914097168642,7.250030216888534],[80.5891262930797,7.250052088642049],[80.5891214737648,7.250060351985186],[80.5891103024371,7.250091114479899],[80.5890777009978,7.250157770777654],[80.58906891811682,7.250172166373411],[80.58903647021953,7.250217866416667],[80.58897646403359,7.250288652214796],[80.58897096603806,7.250291291416938],[80.58888385983883,7.250299405981282],[80.58885889550452,7.2503017314987],[80.58876781896558,7.250317011907255],[80.5887567592947,7.250316416833139],[80.58873468885207,7.250315233034433],[80.58860892905174,7.250311393887816],[80.58859807766189,7.250310808843216],[80.5885926560417,7.250310517226795],[80.58847698394295,7.250301391134808],[80.58845567537513,7.250297358179306],[80.58843440092538,7.250296219910237],[80.58837894287005,7.25028747497857],[80.58834467507499,7.250288531500577],[80.58830328284088,7.250355545824063],[80.5882677135997,7.250439804894481],[80.58749227239528,7.250319884795162],[80.58714353503875,7.25006602405848],[80.58712026516721,7.250107138444307],[80.58708935326598,7.250182454898738],[80.58708342857409,7.250196312680189],[80.58707306761582,7.250220542775446],[80.58703401322651,7.250311880983655],[80.58703007642218,7.250321089667454],[80.58700588814571,7.25037765910208],[80.58700252282694,7.250384551200018],[80.58693980532074,7.250513038244351],[80.58692828177612,7.250538953471426],[80.58689841583028,7.250592446807999],[80.586896382171,7.25059609301325],[80.58688858653547,7.250612095922137],[80.58685608065892,7.250616100188251],[80.58685331395047,7.250616441765514],[80.58679060521999,7.250624166395464],[80.58678471045563,7.250624893709284],[80.5866876266818,7.250636699573935],[80.58659045086819,7.250652032159869],[80.58652444287772,7.250684020530061],[80.5865138227238,7.250689166098412],[80.58642975868035,7.250750352272807],[80.5863781155901,7.25080920170047],[80.58634340164555,7.25088071753278],[80.5863387431836,7.250906934033233],[80.5863330535433,7.250938949395634],[80.58632068753076,7.250993481816329],[80.58631254936738,7.25102937199584],[80.58629947907804,7.251098364825349],[80.58629528117703,7.251177308693923],[80.58629923716636,7.251245494770125],[80.5863095359846,7.251304820427896],[80.58632417373755,7.251382958299494],[80.58634415256644,7.251465619916865],[80.58608439088621,7.25144659503734],[80.58607185823398,7.251539869513494],[80.58607150137664,7.251559413153009],[80.58607704886796,7.251570532068185],[80.58610385158562,7.251680473936623],[80.58610928061357,7.25169766790699],[80.58616242654603,7.251802014122378],[80.58617386281648,7.251813771225559],[80.58618241931812,7.251825523506181],[80.58633647200408,7.251963008488993],[80.58634530291546,7.251966099470628],[80.5864529830504,7.252080168905807],[80.58649107686563,7.252103436252623],[80.58657876346761,7.252143989255494],[80.5866020048618,7.252149631861879],[80.58662237190187,7.252155309439146],[80.58662821083733,7.252158197506705],[80.58672468803638,7.252207362208903],[80.58684774685996,7.252291561619051],[80.58685654042333,7.252297365483357],[80.58694162743136,7.252343742851356],[80.58704784396639,7.252346070476209],[80.58705050794073,7.252346717258084],[80.58707431025621,7.252375382716043],[80.58708272694938,7.252390216785536],[80.58710173394499,7.252410751468095],[80.58712001967761,7.252430112064623],[80.58712668704369,7.252437794179362],[80.58713839431066,7.252451279494209],[80.58714535708012,7.252475879426034],[80.58715059775679,7.252504006325421],[80.58715167207978,7.252533666995972],[80.58714831305146,7.252555821917012],[80.5871457642979,7.252585028927586],[80.58714068151437,7.252612518516466],[80.58713378781486,7.252639373435017],[80.58712680351772,7.252666318745946],[80.58711610169296,7.252704294096678],[80.58710078483033,7.252733949749134],[80.58708048888164,7.252759623491049],[80.58705831595314,7.252769378010432],[80.58705358790178,7.252771458649788],[80.58702515142237,7.252773707559003],[80.58700586208482,7.252774332533393],[80.58700396026963,7.252774512601429],[80.58700577024095,7.252777407124132],[80.58701307774773,7.252843876413894],[80.58778450557796,7.25302115657951],[80.58760352887776,7.253903155427777],[80.58760356700628,7.253911625142099],[80.5877864479239,7.25405066526983],[80.58779192812477,7.254056093360203],[80.58784658123243,7.254133077620754],[80.5880274963355,7.254446231268561],[80.58817297356826,7.254459498892172],[80.58817983363663,7.254461209961448],[80.58827723331491,7.254488745616924],[80.58831803628058,7.254710007383558],[80.58831886839758,7.254716851490381],[80.58832538986084,7.254761996977383],[80.58832631194002,7.254763735428723],[80.58832728522378,7.254775198771789],[80.58833233556544,7.254823580148846],[80.5883612237277,7.254824316450995],[80.58841601054154,7.254828317147465],[80.58848012452874,7.254833408666687],[80.5885038673221,7.25483580132282],[80.58853794523593,7.254839234581664],[80.58853573086094,7.255134555396145],[80.58858667239537,7.255134576455761],[80.5890506956291,7.25513055668614],[80.58927596206046,7.255155617311127],[80.58946930961335,7.255179189776703],[80.58982059197194,7.255255912323135],[80.58988098676636,7.255296182206882],[80.59004727201182,7.255373784447644],[80.59011612736992,7.255408553280307],[80.59025947024502,7.255451093456528],[80.59035434068237,7.255483672742516],[80.59047125750713,7.255510517804897],[80.59053354740946,7.255529684666757],[80.5905824183163,7.255550759536799],[80.59071083192836,7.255588137132338],[80.59078206684359,7.255606286658542],[80.59085682039901,7.255616844180667],[80.59090665376203,7.255627392421316],[80.59097757028782,7.255644648336091],[80.59102548690163,7.255654238124992],[80.591149364572,7.255669169857578],[80.59118248476348,7.255521215919932],[80.59120490040522,7.255356478277674],[80.5912464053678,7.255151139792113],[80.59122249938997,7.255146880731125],[80.59118817986275,7.255138456727172]]]]}},{"type":"Feature","properties":{"GND_N":"Heeyawala","GND_NO":"77","GND_C":"260","PROVINCE_N":"CENTRAL","PROVINCE_C":"2","DISTRICT_N":"KANDY","DISTRICT_C":"1","DSD_N":"UDUNUWARA","DSD_C":"39","Admin_Code":"2139260","GND_NO_Cen":"77","GND_NAME_C":"Heeyawala","GND_NO_Gaz":"77","GND_NAME_G":"හීයාවල","shape_1":"Polygon","Area__Ha_":32.73741536,"MWS_ID":"123","Alt_MWS":null,"Area":0.3273741536,"Density":2400.92258768,"Total_Pop":786.0},"geometry":{"type":"MultiPolygon","coordinates":[[[[80.57019628932284,7.238852701402801],[80.57019972446038,7.238804088569447],[80.57072164510193,7.23882572493163],[80.57071935931161,7.239015984592926],[80.5707198630927,7.239039337524385],[80.57072503579117,7.23927895827906],[80.57072600300617,7.239324775193992],[80.57171373422001,7.239603117844159],[80.57231978200036,7.239721090281295],[80.5723510578356,7.239694040336669],[80.5724660134321,7.239605922355603],[80.57260270489182,7.239512479593497],[80.57265015652821,7.239481934503952],[80.57277019188238,7.239404670344735],[80.57293120245066,7.239310467889618],[80.57293513815289,7.239308165485682],[80.57317493165199,7.23917562587302],[80.57323083951823,7.239144723677963],[80.57325672337295,7.239132218776013],[80.57332389794531,7.239099942534333],[80.57345070276803,7.239043615810476],[80.57354221245284,7.239005339482792],[80.57370476587352,7.238937349544411],[80.57373136018164,7.238982524058274],[80.57379523870905,7.239059268989629],[80.57389825960671,7.239161707183375],[80.57400367463086,7.239201679009487],[80.57413246075023,7.239177931378114],[80.57423851385566,7.239161776088633],[80.57431934687646,7.239233473425057],[80.57436458490466,7.239193365075084],[80.57447825395938,7.239101481387778],[80.57457421969471,7.239006503439337],[80.57465378599339,7.238918927154411],[80.57469333661709,7.238735009533205],[80.5747198940259,7.238578016282667],[80.57469472653696,7.238492671526403],[80.57456386794688,7.238194193691378],[80.57452805161554,7.237922341743189],[80.57439894266383,7.237333092462395],[80.57439969632374,7.237240941647142],[80.5743813970948,7.237079423273987],[80.57441925316233,7.23685926950226],[80.57452099548954,7.236659227702066],[80.57486139905231,7.236492058039572],[80.57507781996611,7.236381822489188],[80.57508055684634,7.236379132494021],[80.57511771758897,7.236366191163484],[80.57532540396988,7.236356911602964],[80.57542933115862,7.236182878292385],[80.57555720642358,7.23623865782678],[80.57558214339028,7.236243337736323],[80.57571539338232,7.236245350660819],[80.57584460485138,7.236203706553702],[80.5758916389182,7.236188547634142],[80.57604525645628,7.236108946156433],[80.5760805653922,7.236091661469542],[80.57608654879066,7.236088732351263],[80.57612978667596,7.236067568071125],[80.57632639188361,7.235971329040825],[80.57635774085216,7.235955984130517],[80.57647507842273,7.23591458511763],[80.57652207412666,7.235898004550629],[80.57652438999354,7.235897187172767],[80.57684998480458,7.235974934474383],[80.57689586488449,7.235910866631182],[80.57670675083187,7.235775816574201],[80.57640520027357,7.235270749636753],[80.5762681059635,7.235253459749791],[80.57581821891232,7.235210675559339],[80.5755960062855,7.234936913041968],[80.57546394266984,7.234874118809694],[80.57519615192862,7.234788864135036],[80.5748888625619,7.234790006102609],[80.57479858167308,7.234924424222553],[80.57484166511742,7.235147151344402],[80.57470770881622,7.235156033803649],[80.57454687099089,7.235183551939697],[80.5744536021013,7.235137548515416],[80.57438820217322,7.235068013005813],[80.57426747394211,7.235095859907504],[80.5741506444312,7.23516976916503],[80.57403447843207,7.235166925091829],[80.57384101583412,7.235142345171904],[80.57369605568255,7.235146139355197],[80.57353301150131,7.235162333376537],[80.57338311031951,7.235136442429633],[80.57254839737435,7.235219099138551],[80.57254944252446,7.235206678105714],[80.57255331358039,7.235160683390335],[80.57255171747607,7.235087162874492],[80.57170287107319,7.235088413626597],[80.5716282336445,7.2350779869354],[80.57129345403503,7.235059493463133],[80.57076360457769,7.234984807905543],[80.57025195522523,7.234887967326594],[80.56993437002575,7.234818696822477],[80.56981072201482,7.23489455967557],[80.56964770780408,7.235012024246286],[80.56953269248554,7.235049786346191],[80.56946413825933,7.235079947157637],[80.56923053223576,7.235102241462294],[80.56926865891268,7.235205246184483],[80.56927635298779,7.235226032360941],[80.56934290414529,7.235440291857268],[80.56936004846891,7.235483220554976],[80.56937708153856,7.235525872484938],[80.56940784889173,7.235602914041541],[80.56943734304248,7.235721700329881],[80.56928792401936,7.235846067143489],[80.56910131107595,7.236013955522931],[80.5688937901205,7.236202518404731],[80.56886974330827,7.236227763710211],[80.56863958250564,7.236469405030916],[80.56818979288393,7.236960205957995],[80.56814789063787,7.237183972679225],[80.5681890677545,7.237433805914613],[80.56821742332417,7.237629807404333],[80.56825042371896,7.237886647948951],[80.56838613258141,7.238110338480316],[80.56853999405195,7.238206290095708],[80.56860384591127,7.238246110344584],[80.56862160248845,7.238259205509136],[80.56894513550462,7.238426175080633],[80.56933439264093,7.238638696896116],[80.5695753616005,7.238851428677413],[80.56969140110047,7.239008770285141],[80.56979152892406,7.239311653906977],[80.56976768824539,7.239580129531378],[80.56973741634006,7.239830437511778],[80.57011651439,7.240007594049378],[80.57013456071154,7.239981152288315],[80.57016383383568,7.239927631758794],[80.57020460979201,7.23987330166041],[80.57023089511895,7.239820501405997],[80.57025384886498,7.239725831349319],[80.57026032974511,7.239688459469676],[80.57027119053163,7.239625823366501],[80.57029548688037,7.23956578959687],[80.57029888052367,7.239470929821014],[80.57029456194077,7.239408983157885],[80.57025918248073,7.23934720238925],[80.57023303685105,7.239291848154116],[80.57020792931506,7.239144073786673],[80.57019628932284,7.238852701402801]]]]}},{"type":"Feature","properties":{"GND_N":"Deliwala","GND_NO":"85","GND_C":"100","PROVINCE_N":"CENTRAL","PROVINCE_C":"2","DISTRICT_N":"KANDY","DISTRICT_C":"1","DSD_N":"UDUNUWARA","DSD_C":"39","Admin_Code":"2139100","GND_NO_Cen":"85","GND_NAME_C":"Deliwala","GND_NO_Gaz":"85","GND_NAME_G":"දැලිවල","shape_1":"Polygon","Area__Ha_":42.1586263369,"MWS_ID":"123","Alt_MWS":null,"Area":0.42158626337,"Density":2258.1380911,"Total_Pop":952.0},"geometry":{"type":"MultiPolygon","coordinates":[[[[80.56125874597853,7.246583082101383],[80.56182474975894,7.246161449360624],[80.56197566119428,7.246247809880316],[80.56209655708915,7.24633475033793],[80.56229873775708,7.246192978706737],[80.56237534677408,7.246133466495719],[80.56257560997008,7.246149642771257],[80.56275953860361,7.246175008939857],[80.56292928109994,7.246197187948936],[80.56306343411931,7.246206643863669],[80.56306036074349,7.246202475400377],[80.56303412870373,7.246141330497774],[80.56302009298425,7.24601853964566],[80.5630111320756,7.245940113499178],[80.56300716712983,7.245894625266314],[80.56302078012584,7.245828345436135],[80.56305142492062,7.245756830451942],[80.56312324116472,7.24555348668091],[80.56316755303307,7.245489301128881],[80.56324456028152,7.245422058074634],[80.56330173026663,7.245361948794308],[80.56335328852256,7.245295778057055],[80.56338391801434,7.24524894866691],[80.56349481042734,7.245142113016597],[80.56352642930729,7.245113461447536],[80.56359041502581,7.245002171839623],[80.56361878996911,7.244937165816934],[80.56361948860159,7.2449265831006],[80.56362389744038,7.244859849503696],[80.56363541079851,7.244831100805776],[80.56366640879101,7.244772696504095],[80.56367257933809,7.244747649326809],[80.5636804844064,7.244690952399543],[80.56370442377495,7.244620247195022],[80.56374448095212,7.244681937488739],[80.56375681772576,7.244700935399695],[80.56381718807953,7.244810411249818],[80.5638346309022,7.244842042831118],[80.5638799722433,7.244926706654834],[80.56389334402068,7.244951673437154],[80.56389416556212,7.244953209325224],[80.5639148636625,7.245000886545399],[80.5639178542647,7.245007771486913],[80.56394093417688,7.245060934408325],[80.56396762385653,7.245119590838491],[80.56451374869145,7.244837669893154],[80.56487773263896,7.244302437421131],[80.56500283598828,7.244132603471102],[80.56503070813561,7.2439197329146],[80.56550895595221,7.243847522040811],[80.56552193823065,7.243845561200688],[80.56551951421052,7.243730173870941],[80.56551552611394,7.243544970997476],[80.56551872984703,7.243521967042167],[80.56552079237035,7.243507167288989],[80.5655208059997,7.243507068726394],[80.5655216600743,7.243500961467228],[80.56552311111747,7.243490531921666],[80.56552715529985,7.243461508418013],[80.5655929644534,7.243322187794868],[80.56566001499803,7.243243543680062],[80.56574734259108,7.243173682478029],[80.56583529355649,7.243132306152864],[80.56595475499317,7.243059094868537],[80.56599364785569,7.243030790115303],[80.56582049659276,7.242868728754687],[80.56571349482304,7.242797800047],[80.56567213721574,7.2427222834444],[80.56565605152647,7.242630760641062],[80.56567319854737,7.242338051469916],[80.56568872568704,7.242290672332514],[80.56518926379891,7.241897968366873],[80.56404031658103,7.241722369968421],[80.5639434679828,7.241691419353077],[80.56373121022096,7.241604618481324],[80.56358732205742,7.241550369985812],[80.56333356257059,7.24142251321337],[80.56317699561022,7.241299010838013],[80.56285479939534,7.241116710806122],[80.5623617513746,7.240886252142064],[80.56215558290289,7.240790759457154],[80.56188636590502,7.240730743481583],[80.56148126916106,7.240706659856134],[80.56112020803769,7.240763292064465],[80.56067423452407,7.240751698498841],[80.56051600196537,7.240893588005166],[80.56038203692825,7.241034902077582],[80.5602057531914,7.241257372459319],[80.55995075576786,7.241325735852533],[80.55993084072084,7.241351978259508],[80.55988030643869,7.241418565084844],[80.55973376960138,7.241560659715244],[80.55962968491522,7.241632230848454],[80.55949733579666,7.241730012331489],[80.55939786298853,7.241849145541117],[80.55928041880676,7.24198980609706],[80.55914523143504,7.242150072452088],[80.55933564299986,7.242376134702999],[80.55896957860332,7.242533506484354],[80.55883248776232,7.242589228236955],[80.55866110201671,7.242656441682306],[80.55846708205023,7.242745199154518],[80.55842574213689,7.242822062167256],[80.55838194309354,7.242845289875083],[80.55833537176073,7.242905029232058],[80.55827251653182,7.242962752325583],[80.55818244511752,7.243037812288945],[80.55811420404652,7.242996547031689],[80.55808311587309,7.242919319241078],[80.55801381474728,7.242822773510875],[80.55792333003377,7.242731135193369],[80.55792007897611,7.242727509192335],[80.55780281442712,7.242597214479781],[80.55764079641581,7.242379332908303],[80.55752325289285,7.242232611356124],[80.55744574100031,7.242123355254298],[80.55740552854391,7.24209295770823],[80.55738510186409,7.242077515974772],[80.55716370370051,7.242395378058243],[80.55707931756864,7.24256937111997],[80.55699928762276,7.242794849047747],[80.55692032950739,7.243170703756115],[80.55685265022899,7.24349207610624],[80.5568154066227,7.243812536217902],[80.55678105244927,7.244159576036484],[80.55680809626021,7.244418170445377],[80.55697178348186,7.244581853806457],[80.55726079472022,7.244661438681333],[80.55765927187875,7.245414964115528],[80.5576455233528,7.245418925579413],[80.55764388403587,7.245419397740798],[80.55764197572643,7.24541994663843],[80.55743608654939,7.245479252956722],[80.55740359035241,7.245502944479442],[80.55737749700653,7.245521965652916],[80.55737249285241,7.245525613908287],[80.55734691658147,7.245606536564254],[80.55734615540673,7.245712579998423],[80.55734591564733,7.245745886205452],[80.55734591468368,7.245746006477066],[80.55734575155643,7.245768767663106],[80.55733381290622,7.245923486967549],[80.55733216377176,7.246105553680245],[80.55732639899107,7.2461240709951],[80.55730230986529,7.246168883801323],[80.55727697807103,7.246216013731706],[80.55724806965628,7.246269793977809],[80.55737306101346,7.246224458250276],[80.55738531490229,7.246217706306377],[80.55752442205649,7.246141064090064],[80.55753729737138,7.246135762940255],[80.55753732001557,7.246135753003828],[80.55771807438153,7.24606130741486],[80.55786315605097,7.246051222734397],[80.55786405712922,7.246051158961877],[80.55787253601972,7.246051184738212],[80.55804173167942,7.246051696431094],[80.55822700280744,7.246071680858048],[80.55837989119489,7.246056453377384],[80.55839055757332,7.24605539141356],[80.55853591169978,7.246036108999182],[80.55864731373336,7.246002251034972],[80.55870785837523,7.245980268411138],[80.55874929928834,7.245965223482899],[80.55887746266721,7.245914191753327],[80.55899809163171,7.245900955281396],[80.55913021502566,7.245901017498133],[80.55938123704891,7.245906292739035],[80.55946581551228,7.245909134604919],[80.55961324260734,7.245914089919715],[80.55968949135763,7.245915529724543],[80.55974599784045,7.245916595681384],[80.55994829925889,7.245925191511093],[80.55995721980739,7.245927663594159],[80.560075160835,7.245960359550796],[80.56013880712902,7.245978003796046],[80.56014080813684,7.245978662174491],[80.56028820451138,7.246027268794148],[80.5603458825963,7.24604212763989],[80.56050549472778,7.246108916451958],[80.56056245315624,7.246132749217265],[80.56068211493083,7.246172953346568],[80.56073656846918,7.246191250577429],[80.56099587201386,7.246303689493333],[80.5610811501862,7.246362687612971],[80.5611617988098,7.246437511516205],[80.56125874597853,7.246583082101383]]]]}},{"type":"Feature","properties":{"GND_N":"Gangoda North","GND_NO":"3","GND_C":"010","PROVINCE_N":"CENTRAL","PROVINCE_C":"2","DISTRICT_N":"KANDY","DISTRICT_C":"1","DSD_N":"UDUNUWARA","DSD_C":"39","Admin_Code":"2139010","GND_NO_Cen":"3","GND_NAME_C":"Gangoda North","GND_NO_Gaz":"3","GND_NAME_G":"ගංගොඩ උත","shape_1":"Polygon","Area__Ha_":21.7882244051,"MWS_ID":"123","Alt_MWS":null,"Area":0.21788224405,"Density":3905.77948977,"Total_Pop":851.0},"geometry":{"type":"MultiPolygon","coordinates":[[[[80.56484165991745,7.261411602040732],[80.56505247224821,7.261212226768973],[80.56511170030068,7.261154877332732],[80.56567537645121,7.260904391057733],[80.56572135230846,7.260830285015651],[80.56574692728327,7.260842452499252],[80.56579490560298,7.260865278520916],[80.565901226357,7.260859540299266],[80.5659954220429,7.260832183634514],[80.56609316986832,7.260761150845743],[80.56613755087875,7.260712379827781],[80.56614671847096,7.260702305635931],[80.56615710200818,7.260694789370821],[80.56623785207344,7.260636332933887],[80.56629261150249,7.260573442422272],[80.56629955757202,7.260565465177972],[80.56631183481794,7.260559696895434],[80.56647012104315,7.260485332549809],[80.56658064727257,7.260391789361345],[80.56664993707054,7.260367946012991],[80.56672555402905,7.260370152165518],[80.56675805833228,7.260390921793154],[80.56679834400661,7.260416667763483],[80.56683427601989,7.260484414707038],[80.56684439909236,7.26050350013637],[80.56690513231511,7.260574516717972],[80.56696586612779,7.260646256733043],[80.56701191619727,7.26066964783057],[80.56703875022149,7.260683275365108],[80.56709119326439,7.260696227435639],[80.56710294939471,7.260699131140701],[80.56714278148571,7.260728627914089],[80.56714755795993,7.260735790373124],[80.5672115607442,7.260831750860287],[80.5672465360719,7.26087109051532],[80.56727459368804,7.260837451675669],[80.567419404994,7.260663826488586],[80.56748008823354,7.260588284667567],[80.56766132032443,7.260457351037937],[80.56783001540238,7.260376920420947],[80.56794720052237,7.260377181320273],[80.56797954506514,7.260377252235031],[80.56811695419856,7.2603498471346],[80.56825416237565,7.260298579195411],[80.56846413026918,7.260332391372009],[80.56848058413722,7.260332525509003],[80.56875970962736,7.260403516105843],[80.56887040942529,7.260477531336223],[80.5688868443237,7.260477573211248],[80.56901922992978,7.260487995181961],[80.56911552709106,7.260457086725951],[80.5691939031384,7.260456050902825],[80.56925043314793,7.260455302615038],[80.56921934083816,7.26039434303465],[80.56918050608334,7.260304663827177],[80.56905267012053,7.260096852164576],[80.56898572601729,7.25997633879879],[80.56883584898361,7.259941860739412],[80.56880349594555,7.259950506443933],[80.56855353470336,7.259854049634016],[80.56831233214211,7.259774281967824],[80.5680129301754,7.259659080454713],[80.56798817805834,7.259655515190684],[80.56797557675793,7.259653182639541],[80.56782024498433,7.259547017775806],[80.5677708109062,7.259464312983445],[80.56776532812309,7.259457023603972],[80.56764353515374,7.259451698266943],[80.56747791576885,7.259412516492016],[80.56736624193024,7.259260259425643],[80.56735895404601,7.259261346658366],[80.56722810109109,7.259129457352851],[80.56716212468856,7.258956266813137],[80.56698943835394,7.258834535172801],[80.56690490209597,7.258690042181209],[80.5666328036163,7.258648406439127],[80.56635963184415,7.258624795477398],[80.56630338954415,7.258630537096571],[80.56627889478068,7.258630679495621],[80.56626234908616,7.258629510717332],[80.56625049194795,7.258631685501386],[80.56602260302847,7.258703486417245],[80.56600805769847,7.258714242673319],[80.56586393869412,7.258809295721699],[80.56585151038524,7.258806993938935],[80.56567579467065,7.258785731895694],[80.56566002949049,7.258788692497188],[80.5656147717069,7.258661051070224],[80.56540212693425,7.258464052477954],[80.56538648145737,7.25845890787345],[80.56537460447848,7.258453133817132],[80.56522285989804,7.258280987411334],[80.56516718513399,7.25808740487417],[80.56517424112577,7.257870882254243],[80.56492367717424,7.257781611501283],[80.56471801798224,7.257631148484331],[80.56473599058168,7.25744300522152],[80.56444168344515,7.257360379429081],[80.56435934141409,7.257431076347999],[80.56434307577298,7.257450815077109],[80.56422131124029,7.257600654286764],[80.56414177511739,7.257662682033663],[80.56400515367778,7.2578076373408],[80.56383219759563,7.258037678483193],[80.56381562210487,7.258040244366585],[80.5636951188479,7.258211060182944],[80.56358793971368,7.258264073465193],[80.56328321295268,7.258420918166165],[80.5628907561141,7.258540836785478],[80.56262729301746,7.258414882965225],[80.56234698899483,7.258428011613844],[80.56209664246889,7.258520996778461],[80.56185597165046,7.258466016490618],[80.56148964072769,7.258441499506326],[80.5614233761275,7.258414806637004],[80.56113148083597,7.259070937724024],[80.56113552499882,7.259071472274347],[80.56121040086647,7.259081384536366],[80.5612410635211,7.259079715256384],[80.56129574533206,7.259238428809105],[80.5613660180519,7.259286490421904],[80.56139021730601,7.259410973490472],[80.5613961811732,7.259451930298884],[80.56140041282835,7.259481012814656],[80.5614034683301,7.259501994949281],[80.56138650289884,7.259799232468231],[80.56138573163892,7.259972109134512],[80.56138536683866,7.260053776384964],[80.56138243388186,7.260077948770348],[80.56138095376647,7.260090146185591],[80.56137899192528,7.260096506109771],[80.56135216148103,7.260472367012696],[80.56135406055296,7.260500924832725],[80.56135184992867,7.260508642898851],[80.56134517088792,7.260531957136087],[80.56135810575795,7.260871071604591],[80.56135915629396,7.260888158868837],[80.56138302856004,7.26093665879266],[80.56139073144942,7.260961847222356],[80.56140325649287,7.260968379493767],[80.56154672904728,7.261036656121052],[80.56155981815385,7.261043469892752],[80.56172298766106,7.261025854427555],[80.56189855351617,7.261007331416227],[80.56203666871546,7.26105623613689],[80.5624366767958,7.261360378482571],[80.56268304902804,7.261421284356743],[80.56303634196233,7.261337680607077],[80.56332856016151,7.261434144899822],[80.56339322555127,7.26150416905076],[80.56355900801758,7.261507378399513],[80.5635702422379,7.261507017424393],[80.56359266992577,7.261506296358507],[80.56382113976656,7.261501002911749],[80.56384968112775,7.261500445661443],[80.56403755483267,7.261486573887263],[80.56406924479408,7.261482567282993],[80.56408332235615,7.261478904213092],[80.56419887486625,7.261461900407665],[80.56484165991745,7.261411602040732]]]]}},{"type":"Feature","properties":{"GND_N":"Hiyarapitiya","GND_NO":"74","GND_C":"255","PROVINCE_N":"CENTRAL","PROVINCE_C":"2","DISTRICT_N":"KANDY","DISTRICT_C":"1","DSD_N":"UDUNUWARA","DSD_C":"39","Admin_Code":"2139255","GND_NO_Cen":"74","GND_NAME_C":"Hiyarapitiya","GND_NO_Gaz":"74","GND_NAME_G":"හියරාපිit","shape_1":"Polygon","Area__Ha_":56.5854729844,"MWS_ID":"123","Alt_MWS":null,"Area":0.56585472984,"Density":1671.80717966,"Total_Pop":946.0},"geometry":{"type":"MultiPolygon","coordinates":[[[[80.56940784889173,7.235602914041541],[80.56937708153856,7.235525872484938],[80.56936004846891,7.235483220554976],[80.56934290414529,7.235440291857268],[80.56927635298779,7.235226032360941],[80.56926865891268,7.235205246184483],[80.56923053223576,7.235102241462294],[80.56946413825933,7.235079947157637],[80.56953269248554,7.235049786346191],[80.56964770780408,7.235012024246286],[80.56981072201482,7.23489455967557],[80.56993437002575,7.234818696822477],[80.57025195522523,7.234887967326594],[80.57076360457769,7.234984807905543],[80.57129345403503,7.235059493463133],[80.5716282336445,7.2350779869354],[80.57170287107319,7.235088413626597],[80.57255171747607,7.235087162874492],[80.57254985376558,7.234998539480819],[80.57257197112452,7.234951886457727],[80.57262180891634,7.234851574568593],[80.57186628856503,7.234667460925625],[80.57148582804821,7.233953439840414],[80.57149925014299,7.233951427473072],[80.5715506145361,7.233905964147884],[80.57163713037814,7.233830922407463],[80.57167128212298,7.233801301044116],[80.57176990135939,7.23369245012723],[80.57178126987068,7.233679902607864],[80.57178812472975,7.233674238421534],[80.57178919639526,7.233673354494801],[80.57191035805508,7.233573252847806],[80.57208192193819,7.233456583432953],[80.5721135268556,7.233455965495546],[80.57229547902155,7.233397990801042],[80.57234702723443,7.233372394992964],[80.57237609103231,7.233357965388966],[80.57243270964769,7.233339922768336],[80.57251692433965,7.233313085484803],[80.57256940456558,7.233266804144118],[80.57260093563657,7.233238996470796],[80.57261367543398,7.233227762590268],[80.57265373999965,7.233138255444058],[80.57269971032626,7.233010859746294],[80.57271702654468,7.232963751507269],[80.57271373182014,7.232839229361407],[80.57270186292232,7.232782337086126],[80.57268192300329,7.232686748802664],[80.57262257675389,7.232559849504153],[80.57261644356329,7.232549539519396],[80.57257651811129,7.232482420595],[80.57242656459518,7.232270565810839],[80.5723984174827,7.232226047954616],[80.57224280236176,7.232252705842299],[80.57210941794443,7.232197881500368],[80.57195461819947,7.232121011466028],[80.57194668283067,7.232113065415726],[80.57178975200182,7.232037053458175],[80.57163069068739,7.231992722734913],[80.57158259396576,7.23197338521781],[80.57133621838263,7.231813674053869],[80.57120996589077,7.231854039561131],[80.57107348765959,7.231856917081159],[80.57105874791641,7.231857227850843],[80.57103356439036,7.231857758181305],[80.57095680174099,7.231796231006117],[80.57090856581928,7.231730376028107],[80.57084221463047,7.231674098483633],[80.57069136383183,7.231644458824148],[80.57060644245645,7.231602552180862],[80.5704876107715,7.231513327941427],[80.57047110916606,7.231500936965931],[80.57039449296647,7.231518186280089],[80.57037588750705,7.231522374739018],[80.57030755065858,7.231537759491477],[80.57025987765721,7.231564751260787],[80.57024387524469,7.23157381146543],[80.57013538101725,7.231593114455674],[80.57012171378793,7.231588691656436],[80.56992215597543,7.231524110053138],[80.56984803769903,7.231490558494862],[80.56972858983637,7.231436486737615],[80.56971274371351,7.231434399656266],[80.56970830766765,7.231433896661017],[80.56964075644719,7.231426228283568],[80.56951978696678,7.231400762490418],[80.56947017025341,7.231384824241913],[80.56941859398934,7.231366789829142],[80.56938497186255,7.231355033999489],[80.56929081648354,7.231307877062124],[80.5692022849038,7.23125402539731],[80.56919901950236,7.231252039873091],[80.56919885253014,7.231244865060543],[80.56919839778013,7.231225362664463],[80.56924334238582,7.231160635028432],[80.56939957665662,7.231100207259042],[80.56949179397215,7.231028357976199],[80.56954973358,7.23086307775622],[80.56954857957842,7.230812075469606],[80.56952832560643,7.230745599131868],[80.56954383038608,7.230727626823505],[80.56956614302442,7.230701762137514],[80.56959663976674,7.230666413220202],[80.56971178415827,7.230531500989054],[80.5697260205733,7.230514819443016],[80.56973820729064,7.230401516752049],[80.56973461378139,7.230314545625121],[80.56973444449451,7.230310451770324],[80.56971454553803,7.230259801800766],[80.56967692513963,7.230151267521046],[80.56967535697804,7.230092984504387],[80.56967381916681,7.230035665487978],[80.56972523295575,7.229938702339801],[80.56955969822225,7.229927614667407],[80.5694140975171,7.229923867167684],[80.56924872773232,7.229904558442412],[80.5691375219493,7.229881744792333],[80.56875448938385,7.229870296551701],[80.56851984764171,7.229868212813034],[80.56826322007839,7.229844654390566],[80.56803498568547,7.22979975731432],[80.56787830201087,7.229808048665796],[80.56776670103518,7.229768514853082],[80.56767825894735,7.229802847814757],[80.56747047954002,7.229843604507143],[80.56734002714714,7.229860833159584],[80.56719713402639,7.22989065028687],[80.5668761416044,7.229882367768551],[80.56676132639804,7.229944143955974],[80.56646691042363,7.230011109526439],[80.56547766502067,7.229984316907812],[80.5651013650835,7.230031709861549],[80.56465839815937,7.230107973950527],[80.56395359307136,7.230302300736981],[80.56393465178756,7.2303236397743],[80.56280500212416,7.230962062904914],[80.56279395796972,7.230985442985273],[80.56269985509262,7.231184652828956],[80.56269372357642,7.231188640639942],[80.56265193704502,7.231215829691503],[80.56258263587402,7.231269149209722],[80.56252727897139,7.231328717658111],[80.5625053934059,7.23136211502459],[80.56248450827773,7.231393988205872],[80.56243606001767,7.231474174357146],[80.56240421338838,7.231526882936705],[80.56241625214537,7.231539458389212],[80.56243434667684,7.23157622948069],[80.56244963307837,7.231607296723728],[80.56248944499849,7.231752563522912],[80.56217331213668,7.232059966397898],[80.56214362488419,7.232155533562597],[80.56204497270531,7.232443473945254],[80.56191080398531,7.232746487673808],[80.56179964495291,7.233005708701056],[80.56173790031126,7.233216031136904],[80.5617371184714,7.233218689416714],[80.56190177814365,7.233337889763774],[80.56199638507859,7.233400228945487],[80.56210769987173,7.233434785858064],[80.56225370588079,7.233549071470081],[80.56239632401861,7.233625493220944],[80.56246940298173,7.233702223207057],[80.56245601298976,7.233801403487734],[80.56241377317534,7.233896423090174],[80.56227664657922,7.233972959387271],[80.56218452589975,7.234026361244087],[80.56211339579055,7.234101095492426],[80.5620958293403,7.234119553078739],[80.56256272579418,7.234428845712718],[80.5625890689348,7.234450625531193],[80.56287235278842,7.234599337025664],[80.56319444451643,7.234714810801002],[80.56355527472991,7.23483296923926],[80.56384261487376,7.234885443492768],[80.5641672760144,7.234958506019546],[80.56441199045136,7.235025732738714],[80.56467841474053,7.235081246044766],[80.5649420896092,7.235106119258119],[80.5652829288483,7.23514991353225],[80.5655538413212,7.235224801277322],[80.56577021237153,7.235319159501205],[80.56587237472834,7.23531239913758],[80.56596725790463,7.235265298987306],[80.56615679657735,7.235253992290614],[80.56620424721268,7.235252929928217],[80.56626227699194,7.235290033091644],[80.56627130004628,7.235295669248065],[80.56627336411441,7.235296957926537],[80.56630545946749,7.235317002119938],[80.56641127910014,7.235402869193678],[80.5664853185262,7.235478502080826],[80.56661766313648,7.235581382212425],[80.56662798291254,7.235589073533867],[80.56662802002651,7.235589103392935],[80.56659264685143,7.235631108220095],[80.56656470340843,7.235673853473006],[80.5665112704844,7.235755591345058],[80.56649104158649,7.235831363456654],[80.56648687212216,7.235884895323877],[80.56648530253105,7.23590506144488],[80.56648832904654,7.236020361375107],[80.56650107048635,7.236076614845556],[80.56650341525136,7.23610148514179],[80.56649606686344,7.23612652911895],[80.56670497528536,7.236169160098208],[80.56681238199664,7.23597573948925],[80.56687571440159,7.23586068530981],[80.56702923902169,7.235683114759647],[80.56719547104197,7.235545158429479],[80.56745047003714,7.235552741383148],[80.56768110350092,7.235597280005909],[80.5679123417413,7.235677733156912],[80.56818504847527,7.235797032274048],[80.56858354499111,7.235984111838989],[80.56886974330827,7.236227763710211],[80.5688937901205,7.236202518404731],[80.56910131107595,7.236013955522931],[80.56928792401936,7.235846067143489],[80.56943734304248,7.235721700329881],[80.56940784889173,7.235602914041541]]]]}},{"type":"Feature","properties":{"GND_N":"Warakagoda","GND_NO":"86","GND_C":"085","PROVINCE_N":"CENTRAL","PROVINCE_C":"2","DISTRICT_N":"KANDY","DISTRICT_C":"1","DSD_N":"UDUNUWARA","DSD_C":"39","Admin_Code":"2139085","GND_NO_Cen":"86","GND_NAME_C":"Warakagoda","GND_NO_Gaz":"86","GND_NAME_G":"වරකාගොඩ","shape_1":"Polygon","Area__Ha_":55.9333015412,"MWS_ID":"123","Alt_MWS":null,"Area":0.55933301541,"Density":1137.06858432,"Total_Pop":636.0},"geometry":{"type":"MultiPolygon","coordinates":[[[[80.5517106078644,7.249166191796999],[80.55173759416058,7.248811654077155],[80.55175095042897,7.24855419174322],[80.55169086855575,7.247931500245868],[80.55169086897884,7.247757015383563],[80.55169087001305,7.247409481684939],[80.5516908708975,7.247118898141845],[80.55169087112884,7.24700875790333],[80.55163443094708,7.246338249632469],[80.5517548299323,7.246305365421263],[80.55184477089102,7.246270414284497],[80.55191713811783,7.246244857379383],[80.55199558197128,7.246204204346294],[80.55204803021617,7.246174839529012],[80.55209893063687,7.246158677641337],[80.552122657867,7.246156338157289],[80.55214674491334,7.246158881170551],[80.55221039750272,7.246177812435923],[80.55226173316909,7.246200808787131],[80.5523070908598,7.246222533453528],[80.55234085300488,7.246254561435983],[80.55236067407199,7.246276908337871],[80.55239723081398,7.246332811239622],[80.55241922371823,7.246360132864169],[80.55244556544208,7.246383295939741],[80.55248747804414,7.246412977645991],[80.55257846889694,7.24645253947627],[80.55265470396414,7.246481787712199],[80.55270557412025,7.246527026878225],[80.55274774944687,7.246578592775397],[80.55277852066311,7.246615864201998],[80.55280096811663,7.246637850656191],[80.55282812234056,7.246664359119293],[80.5528702234767,7.246680928519057],[80.55289974399808,7.246681667369897],[80.55291079413671,7.246679230282076],[80.55293407225629,7.246669475267272],[80.55301677963986,7.246612093679112],[80.55307991694599,7.24657423446632],[80.55314233044867,7.246535018437547],[80.5532217688551,7.24649563079707],[80.55324576922452,7.246486656531924],[80.55327393963226,7.246476122582981],[80.55327855838024,7.246475491837746],[80.55331406123749,7.246468636562325],[80.55333470914988,7.246465210343922],[80.55332576582994,7.246420713441218],[80.55331849457309,7.246290762715184],[80.5533239450297,7.246258029688987],[80.55332928493996,7.246240161509616],[80.55341020623555,7.245969418169656],[80.5534512132084,7.245818692179145],[80.55345189564396,7.245815755343602],[80.5534794352599,7.245697438326279],[80.5534885253942,7.245627450778571],[80.55349061643001,7.245575714927741],[80.55349109309991,7.245563969194084],[80.5534906618025,7.24552023336351],[80.5534906609574,7.245520110378148],[80.55348818022478,7.245408428878557],[80.5534859605906,7.245318268064593],[80.55348483861819,7.245205774263084],[80.55349560502292,7.245041647977854],[80.55351636532808,7.244921746912774],[80.55352339440667,7.244881147234683],[80.5535503503376,7.244759984988628],[80.55355175117661,7.244754620456016],[80.55357484503567,7.244666220955411],[80.55359429845747,7.244517020790253],[80.55363550567762,7.244325058732368],[80.55366216998421,7.244244406312085],[80.55369535641654,7.244157790502646],[80.55372409855198,7.24408356234584],[80.55374178159377,7.244033833529102],[80.55375177056177,7.243977410926603],[80.55375735582523,7.243931879381274],[80.5537582259377,7.243924784659804],[80.55375660110168,7.243914203540784],[80.5537562647401,7.24391131684679],[80.55375200203714,7.243874772853985],[80.5537377196245,7.243822587686318],[80.5537113204669,7.243748692455629],[80.55369865263361,7.243713238553395],[80.5536749653954,7.243634370991174],[80.55366584860886,7.243574321833237],[80.55366580347429,7.243516834479105],[80.55346202687677,7.243508997493005],[80.55346033183014,7.243512316352283],[80.5534484637311,7.24351538606624],[80.55344000399569,7.243515181166601],[80.55322603960516,7.243363996493769],[80.55299367641906,7.243107103447975],[80.55282635676257,7.24292397082592],[80.5525741096886,7.242866950920271],[80.55189376291493,7.243013817042543],[80.55144480878492,7.24309455651766],[80.55129653572578,7.243077504948102],[80.55126365511971,7.243079928487441],[80.55124589424975,7.243079812993169],[80.55075973367109,7.243067802730335],[80.55074628011756,7.243070467365021],[80.55069808760783,7.243070335854827],[80.5506794564815,7.243070231662764],[80.55033322604085,7.243055071919729],[80.5502976430791,7.243057768954249],[80.5502702600435,7.243060468251903],[80.55024836247884,7.243060468222395],[80.55013383582626,7.243017365662981],[80.5501067637898,7.24275958390889],[80.55012366079194,7.24264333898685],[80.5501084401627,7.242635751567939],[80.55008786739322,7.242632263396648],[80.5499439116905,7.242572871452056],[80.54976339796156,7.24245965354063],[80.5497426130942,7.242443884840579],[80.54965974882849,7.242381017253232],[80.5494267237951,7.242246702835414],[80.5492179589961,7.242130575957242],[80.54914254465076,7.242093649158405],[80.5489929789547,7.242020411984138],[80.54882746762361,7.241969777027164],[80.54876254312993,7.241958712993672],[80.54871147108219,7.241956697986202],[80.54864735665602,7.241957298919867],[80.54857066003024,7.241947584515684],[80.5485528130671,7.241945889060775],[80.5485113672551,7.241941953592826],[80.54848354866733,7.241939311765253],[80.5484264996607,7.24193593818582],[80.54837877471988,7.241939077524416],[80.54833621450535,7.241936252868172],[80.54827554014143,7.241940834397396],[80.54822310143788,7.241951750153808],[80.54819828514262,7.2419592443146],[80.54813832604152,7.241982093063021],[80.5480900522045,7.241996266375866],[80.54804412865681,7.242016950925116],[80.54803260954586,7.242022948799606],[80.54799240814889,7.242043874045555],[80.54792229280588,7.242090681642464],[80.54784220796613,7.24215566067027],[80.54781502761651,7.242182143037294],[80.54776891558474,7.242219196213746],[80.54772380509114,7.242245488707643],[80.54766710574928,7.242266982578248],[80.54763141970679,7.242280257865928],[80.54757056272648,7.242285924368767],[80.5475293578734,7.242288978273497],[80.54748235315535,7.242298630653903],[80.54745300725462,7.242311366535594],[80.54743217483141,7.242320036440027],[80.54741134039901,7.242332687074972],[80.54738017456006,7.242361066441394],[80.54735489787092,7.242383570813565],[80.5473393166654,7.242394358515964],[80.54731848223712,7.24240878338473],[80.54727545839297,7.242425580819472],[80.54722455861325,7.242439209231209],[80.54719394271793,7.242454476498543],[80.54717247236614,7.242471105725636],[80.54714656011912,7.242496865248603],[80.54712399718946,7.242525159403986],[80.5471051510598,7.242545586204638],[80.54708965749334,7.242562126199947],[80.54707687436826,7.242591057386363],[80.5470724280762,7.242610679378743],[80.54706951185291,7.242645312631875],[80.54706596455591,7.242676148407643],[80.5470461093054,7.242724065442649],[80.54701964753451,7.242760223235912],[80.54694407505558,7.242857127094287],[80.5469384466878,7.242882715970088],[80.5469271052283,7.242925935831333],[80.54690234342779,7.243004597517086],[80.54688767443275,7.243063069445141],[80.5468020879208,7.243006377253742],[80.54649712011609,7.242971292867191],[80.54565752612547,7.24284421882488],[80.54552595875688,7.242801623740307],[80.54544994611148,7.242777013513375],[80.54525190673068,7.243565956043392],[80.54515139078326,7.243975494407631],[80.54505056619053,7.244638325384008],[80.54495921494244,7.245454675200958],[80.54494139540908,7.245794791677805],[80.5449280890483,7.246275456840328],[80.54489058805503,7.246641405482645],[80.54485264941299,7.24688354248669],[80.54477548899621,7.24723974335426],[80.54475932122307,7.247251373468434],[80.54468404207391,7.247299896966345],[80.54459420043646,7.247364141528501],[80.54456917290467,7.247382039348411],[80.54456502309957,7.247390005929288],[80.54453738944432,7.247443076091444],[80.54451804905466,7.247480218513556],[80.544496165319,7.247509446104213],[80.54445869228005,7.247559496305971],[80.54443305342652,7.247584555865919],[80.54439173661666,7.247624933511741],[80.54439180580954,7.247684400347086],[80.5450421687985,7.247575191911426],[80.54547711710259,7.247537406104452],[80.54550807538989,7.247560120669907],[80.54553179631895,7.247570350403348],[80.54562831701739,7.247599427435392],[80.54573235060184,7.247631674213939],[80.54578024894633,7.247644900387879],[80.5458332162294,7.247662652438017],[80.54591995131891,7.24770058749833],[80.54593702338295,7.247709287382268],[80.54600749713933,7.247745212968882],[80.54606552698735,7.247781866534943],[80.54608865928118,7.247795730325915],[80.5461010148525,7.247803135569917],[80.54614707928057,7.24783449471705],[80.54623155413452,7.247892003065746],[80.54624868813963,7.247900016605528],[80.54650913867793,7.248021821073503],[80.5465157709794,7.248025703875573],[80.54685822639053,7.248226188477509],[80.54707821506533,7.248360587197756],[80.54714276248038,7.24839914385253],[80.5471629652258,7.248413134524298],[80.54717151271558,7.24841905386316],[80.54717330694662,7.248420295468001],[80.54717978862688,7.248424784970462],[80.5471801851321,7.248425059173397],[80.54719019914806,7.248431993876408],[80.54719916119717,7.248431135690511],[80.5472235276786,7.248441784354423],[80.54727971995138,7.248468365647988],[80.5477822521676,7.248598092706843],[80.54810788652424,7.248656486927438],[80.54837318349905,7.248706820476088],[80.54856287684747,7.24873634692511],[80.54888849207012,7.248770135464628],[80.54904718012143,7.24882153841647],[80.54935034822881,7.24882034880816],[80.54961551186805,7.24883540841685],[80.54981233713285,7.248880606724627],[80.55006790971868,7.248928538955352],[80.55028752552955,7.248985231214066],[80.55054540149465,7.249050601957195],[80.55079019674893,7.249144429838906],[80.5509670990552,7.249206897148731],[80.5510695419099,7.249243603758285],[80.55136413200398,7.249280244512196],[80.55158349047775,7.249462146426922],[80.55163756140111,7.249508757311559],[80.55166384040818,7.249446791328753],[80.5517106078644,7.249166191796999]]]]}},{"type":"Feature","properties":{"GND_N":"Hiddavulla West","GND_NO":"92","GND_C":"250","PROVINCE_N":"CENTRAL","PROVINCE_C":"2","DISTRICT_N":"KANDY","DISTRICT_C":"1","DSD_N":"UDUNUWARA","DSD_C":"39","Admin_Code":"2139250","GND_NO_Cen":"92","GND_NAME_C":"Hiddavulla West","GND_NO_Gaz":"92","GND_NAME_G":"හිද්දවුll","shape_1":"Polygon","Area__Ha_":87.8032388352,"MWS_ID":"123","Alt_MWS":null,"Area":0.87803238835,"Density":1146.88252206,"Total_Pop":1007.0},"geometry":{"type":"MultiPolygon","coordinates":[[[[80.55422354848528,7.239772640446964],[80.55423796462841,7.239736475425975],[80.5542482328866,7.23970114033783],[80.55426826233031,7.239632224257849],[80.55428797171314,7.239510424474465],[80.55429564051427,7.239474228125919],[80.55430021782928,7.239452629311041],[80.55430421878283,7.2394337476407],[80.5543108740462,7.239397983053381],[80.55432346819764,7.239330304948496],[80.55434361082824,7.239248384159803],[80.55435876498392,7.239171464436877],[80.5543634919737,7.239147474720937],[80.55439578155094,7.239041959393249],[80.55440129512823,7.239024225113185],[80.55442943078081,7.238933730012238],[80.55445447517867,7.238829566694475],[80.55448387913765,7.238697190389711],[80.55451043275858,7.238526963155471],[80.55453356985055,7.238378629200308],[80.55454006276204,7.238347023410326],[80.55454237472068,7.238335770504978],[80.55456396001692,7.23827012873411],[80.55459524159379,7.238186857805958],[80.55463125346257,7.23806162958992],[80.55465447352935,7.237997303463655],[80.55466562064586,7.237966423378367],[80.55469381270932,7.237906662775672],[80.55472589623982,7.237851877723326],[80.55476777204245,7.23777385688544],[80.55476912069582,7.23777143491806],[80.55480438777982,7.237708131984093],[80.55483096442914,7.237620247712542],[80.55485419308357,7.237525215115302],[80.55486992353882,7.237436096618155],[80.55487961897116,7.237381173155335],[80.55491030557347,7.237275413738995],[80.55491689915459,7.237252689135167],[80.55494275392904,7.237157570090597],[80.55495475708418,7.237053580345648],[80.55497282113943,7.236964424995969],[80.55498852265232,7.236893716248152],[80.55499504770492,7.236864795334999],[80.55500449406,7.236822917200455],[80.55503459352414,7.236745576970868],[80.55504049064902,7.236730425551371],[80.55507521347215,7.236648330939088],[80.55511356716576,7.23655032328415],[80.55513733000205,7.236473831819358],[80.55515086211433,7.236389377529672],[80.55516632713127,7.236302131694631],[80.55518848175653,7.236177130898825],[80.55519299658486,7.236151655298386],[80.5552544881266,7.235954910032686],[80.55527018480218,7.23589396772468],[80.55527206811134,7.235879589339095],[80.55528046300144,7.235815524549603],[80.55528236448697,7.235801010527497],[80.55529529343308,7.235657051986336],[80.5553019855742,7.235619648798054],[80.55532997995736,7.235463188361672],[80.55534048029274,7.23542507533497],[80.5553697133969,7.235318970627381],[80.55538585200583,7.235278374409534],[80.55542410670232,7.235195468506596],[80.55546851184675,7.235127576989797],[80.55551274940838,7.235031833800234],[80.55552042501292,7.235011068425593],[80.55554339741471,7.234948925101278],[80.55555659515325,7.234911241110178],[80.55564187802368,7.234667733203978],[80.55565774757035,7.234619813808599],[80.5556709950203,7.234567370729429],[80.5556684861416,7.234512477497582],[80.555657288374,7.234446639814151],[80.55560522204527,7.234308321537346],[80.55560492450155,7.234307533746387],[80.55560029220162,7.234287862939851],[80.55559932163908,7.234283746992538],[80.55558690603445,7.234197174887873],[80.55558172301961,7.234161024724482],[80.55557578066076,7.234090485408211],[80.55557200081338,7.234042195674402],[80.55557428411896,7.23399104133831],[80.55557465582994,7.233982693005181],[80.55558971961949,7.233943674261391],[80.55559696137051,7.233924918936252],[80.55563612598965,7.233840142446847],[80.55563793537131,7.233836227697076],[80.55567729304339,7.233717511044965],[80.55568315435026,7.233690211206774],[80.55569544602608,7.233632967627387],[80.5557155010417,7.233543903621146],[80.55573104545299,7.233421377360859],[80.55574704157506,7.233301023450616],[80.55575266799787,7.233278146436814],[80.55576562697208,7.233258350312035],[80.555773100422,7.233159603276104],[80.5557895468547,7.233042413732252],[80.55580762149448,7.232930740311486],[80.55584045059958,7.232831373438676],[80.55587308481738,7.232758502510014],[80.55590546092924,7.23266139616619],[80.55592770693767,7.232535709886813],[80.55595633643307,7.232321675504436],[80.55597739886593,7.232210908722634],[80.55602345199694,7.232103228649851],[80.55607311358635,7.232027563503904],[80.5561354539284,7.231947742882492],[80.55616562888761,7.231905978720766],[80.55629447528982,7.231747606379025],[80.55632430422986,7.231717212729751],[80.55640020384801,7.231639865550845],[80.55640147222576,7.231638600140506],[80.55652503118812,7.23155094248406],[80.55660804350029,7.231494837132682],[80.55664817956155,7.231467712056346],[80.55670085609673,7.231432111573948],[80.55671872414986,7.231419378572897],[80.5567610884159,7.231389190785349],[80.55680611589911,7.23135710433848],[80.55685743306483,7.231325502005068],[80.55691454200787,7.231290330462161],[80.55699452592326,7.231240178406641],[80.55702352372043,7.231213065115805],[80.55709110067758,7.231149880602119],[80.55710849409515,7.231133616962019],[80.55719545435682,7.231077682502095],[80.55722737150896,7.231052657730146],[80.55723431513918,7.2310472153627],[80.557289394028,7.231004027062292],[80.55729954306447,7.230989653540271],[80.55732894427074,7.230944642479002],[80.55735833187964,7.230899648590794],[80.55736089465154,7.230895726056229],[80.55743160603724,7.230733889983862],[80.55751499296328,7.230572512135474],[80.55755713896481,7.230463104600342],[80.5576331330018,7.23026582962304],[80.55769750874134,7.230095127395239],[80.55771264488801,7.230066920434718],[80.55776948098217,7.229947128587252],[80.5577859674609,7.229884656460483],[80.55783352900939,7.229704444643231],[80.55784042361707,7.229676595446971],[80.55786811586187,7.229524323359861],[80.55788463601326,7.229444481410626],[80.55789252622412,7.229419527360976],[80.55795669655303,7.229108568645485],[80.55800105997788,7.2289350534333],[80.5580319849138,7.22884120259756],[80.5580960930543,7.228727292142071],[80.55809787396174,7.228724127033238],[80.55814893316057,7.228572622101717],[80.5581509236581,7.228566713440499],[80.5581621457466,7.228389927757829],[80.55818548572857,7.228250947699287],[80.55820703702022,7.228104905991728],[80.55820842883693,7.228095464839646],[80.55821137894402,7.228078772834772],[80.55821572840364,7.228069017496391],[80.55824087247855,7.227953963415729],[80.55826337289908,7.227851012151705],[80.558267913045,7.227758978977371],[80.55827448142,7.227625775706446],[80.55827498618832,7.227615536535142],[80.55833040764325,7.227421500711322],[80.55833104280211,7.227418826993691],[80.55838067593702,7.227209827618475],[80.55838647112085,7.227193365760002],[80.55843118316562,7.227066339012244],[80.55848269716337,7.226959084458013],[80.55851203686271,7.226897997492886],[80.55853678760651,7.226838143610131],[80.5585541558854,7.2267188744521],[80.55847825804958,7.226694840727231],[80.5583690603766,7.226624705121726],[80.55814897397433,7.226393047867667],[80.55807293014303,7.226313002436749],[80.55787802756296,7.226164971600403],[80.55762082941659,7.22580665965679],[80.55747282806794,7.225518341435557],[80.55735586835644,7.225409204745731],[80.55732148617935,7.225401572201859],[80.55731802147736,7.225398077218711],[80.5573043931818,7.225377405560732],[80.55728396741824,7.225352193753492],[80.55727718002863,7.225336127374272],[80.55723595903333,7.225265067404194],[80.55723127913389,7.225255876541694],[80.55722894909468,7.225246686808183],[80.55720215542405,7.225088458135748],[80.55720183917703,7.224953586744274],[80.5573393669738,7.224773213777762],[80.55741099951473,7.224725448564855],[80.55752489085168,7.224629979973442],[80.557719592726,7.224506344908819],[80.55766436041544,7.224454150141339],[80.55764021348922,7.224454149415036],[80.55749949152822,7.224421139996357],[80.55748989197807,7.224421144433315],[80.55738416607672,7.224416491696557],[80.55736979074835,7.224416498359778],[80.55720270051638,7.224402517176964],[80.55717904257877,7.224402521182798],[80.55716011785934,7.224402522940459],[80.55699930119965,7.224397866244891],[80.55696149975357,7.224397872480548],[80.55691426085063,7.224397878694388],[80.55688117767205,7.224393210142511],[80.55686229189085,7.224393212810906],[80.55677259887577,7.224374555485828],[80.55674902512933,7.22436523344188],[80.5567207629706,7.2243512655477],[80.55665021239773,7.224318687545665],[80.55663608248317,7.224318671696529],[80.55659849062747,7.224304718291099],[80.5565938148904,7.22430007877702],[80.55650024464951,7.224258459299933],[80.55647216723176,7.224253862762794],[80.55636956387325,7.224226299898754],[80.55634635047403,7.224217124505123],[80.55633241474442,7.22421254201459],[80.55624928105918,7.224176001560297],[80.55622624149086,7.224166901301666],[80.55609683243348,7.224139723333334],[80.55607841248701,7.224135201066702],[80.55596730990705,7.224126236407885],[80.55594916562198,7.224117196375929],[80.55592640493036,7.224108171294198],[80.55582852740075,7.224103455977995],[80.55579553081428,7.224103293527551],[80.55567520463258,7.224086599789552],[80.55565320275062,7.224086975281756],[80.55556560575313,7.22407474832436],[80.55554816547408,7.224070486045432],[80.5554183140066,7.22405010440684],[80.55541401450346,7.224050186424466],[80.55533687492773,7.224033552398699],[80.55530702003904,7.224025106219662],[80.55529851610916,7.224025280246167],[80.5551968868461,7.22400037443329],[80.55517458068698,7.223991485180291],[80.55511943101848,7.223913475042803],[80.55505124562197,7.223855370402253],[80.55504669478837,7.22385089642071],[80.55503075619298,7.223832989836979],[80.5549851673234,7.223776980566122],[80.55498288919267,7.223774739504351],[80.55497831519449,7.223765767512431],[80.5549804266687,7.223714122037336],[80.55502244184174,7.2236724405347],[80.55490637218554,7.223541479244782],[80.55464385359953,7.223773515007377],[80.55450363050944,7.224007124809478],[80.55447986062914,7.22405846132614],[80.55444095671032,7.224116986914401],[80.55407457450798,7.224896382849928],[80.55406838643175,7.224910517691134],[80.5540555889208,7.224933810794131],[80.55404327966842,7.224967857189365],[80.55373094722297,7.225496083944975],[80.55354577765527,7.225848300499111],[80.553539063809,7.225861668226804],[80.55318992773931,7.226509046374366],[80.55318996159377,7.226521250848766],[80.55319000301122,7.226536496493982],[80.5530526181783,7.226924759958848],[80.55280295896239,7.22744958753777],[80.55278569640485,7.227470426847096],[80.55277418843012,7.227482282930725],[80.55265398055529,7.227733427247188],[80.55264803201491,7.227748267537824],[80.5525544239639,7.227998070228106],[80.55254673307897,7.228018592294011],[80.5524622838072,7.228170394849452],[80.5524351326204,7.228340354069988],[80.55241551406849,7.228380864385734],[80.55226867309158,7.228596708736778],[80.5522433858754,7.228626106006553],[80.55222462795035,7.228643776787444],[80.55207348599225,7.22885490573282],[80.55198265000074,7.229240779010485],[80.55197370006307,7.229258243000518],[80.55194720788465,7.229301564999639],[80.5518256387746,7.229650176724574],[80.55182154784687,7.229649543506867],[80.55176648183928,7.229838270355589],[80.55180043173307,7.230552736912594],[80.55167947985706,7.230829650414171],[80.55167359070738,7.230843266292882],[80.5516671478007,7.230861493836557],[80.55158052831713,7.231642471974642],[80.55157482898427,7.231653101036754],[80.55146679332603,7.231997827164786],[80.55137341294692,7.232298525531141],[80.55101491568655,7.232227330870541],[80.5510069410401,7.232275603966482],[80.55100521785518,7.232328411608715],[80.55099979628876,7.232494673799511],[80.55099999906383,7.232536805306081],[80.55100017865641,7.232574555460406],[80.5509918126194,7.232683451828517],[80.55098743585188,7.232702217536572],[80.55098310279419,7.23274057405337],[80.55097431142835,7.232803251361489],[80.55096982954701,7.232807550002228],[80.55073195548759,7.233128542481452],[80.55071159175499,7.233146254896232],[80.5506877881628,7.233166961556925],[80.5505821519801,7.233276767376669],[80.55056476872332,7.233284715710235],[80.55043979208087,7.23334833104422],[80.5504259530398,7.233349197736771],[80.55041559200153,7.233354135510135],[80.550277926492,7.233381885337273],[80.55009493998251,7.233447879034497],[80.55008403885537,7.233464480211294],[80.5500733938268,7.233474152757703],[80.55002424838915,7.233612982014741],[80.55000385748973,7.233670583116543],[80.55001539692942,7.233725087476845],[80.55002173009201,7.23374014452836],[80.55013832102111,7.234033940325352],[80.55014073351022,7.234037374251356],[80.55014601409611,7.234060377779027],[80.5501493548531,7.234096390527235],[80.55026132391106,7.234417684707133],[80.55026627705679,7.234429048807915],[80.5502789568179,7.234455891148398],[80.55028901778824,7.23447896577374],[80.5503538814866,7.23465932107802],[80.55035514912487,7.234675973512248],[80.55036248765815,7.234697941728974],[80.55037402883356,7.23474180787947],[80.55038054978539,7.234772615236079],[80.55042373997382,7.234962239718021],[80.55042853767303,7.234982105981297],[80.5504329147395,7.235006531523309],[80.55044223405037,7.235051516999243],[80.5504555426917,7.235093943472057],[80.55051764509786,7.235422639880341],[80.55052389281482,7.235436604486589],[80.55052929500427,7.2354609753734],[80.55053703915735,7.235503156731884],[80.5505476862847,7.235558557702152],[80.55055655799467,7.235591352067066],[80.5506004232223,7.235789563205801],[80.55060954701712,7.235830797538892],[80.5506091366419,7.235836583055402],[80.55064431942007,7.23610956384903],[80.55064152882986,7.236187247375333],[80.5506309215441,7.236580000976643],[80.55063481377589,7.23661613426446],[80.55063746147476,7.23666744472837],[80.55063484331801,7.236696984241228],[80.55067852774945,7.236883882468229],[80.55069458190579,7.236921252536405],[80.55087049653213,7.237044754197098],[80.5509388474614,7.237093228745283],[80.5509593154234,7.237108522473302],[80.55120104168327,7.237211734217493],[80.5512591614686,7.237224109377375],[80.55132234369594,7.237237560437441],[80.55135452697314,7.237259966841712],[80.55152807998677,7.237365650544186],[80.5515570517126,7.237387162803474],[80.55175232005695,7.237483788809175],[80.55178656306632,7.237494291072744],[80.551801491051,7.23750189727895],[80.55174884002813,7.237668628093222],[80.55174954633351,7.237690657221947],[80.55175269385472,7.237918065236626],[80.55175306183648,7.237948529520904],[80.55174486675624,7.237992002476883],[80.55172912850617,7.23813952785428],[80.55172953029803,7.238178525142027],[80.55171764906073,7.238277963485882],[80.55181425386893,7.238509255451533],[80.55204957972582,7.238707658504413],[80.55206215169561,7.238725838441666],[80.55220473841725,7.238753587521414],[80.55230351884903,7.238786464092016],[80.55240479930528,7.238873070934281],[80.55239455188656,7.238939342136702],[80.55238318705435,7.23901284991227],[80.55239031366987,7.239066386247358],[80.5524126462883,7.239138652716969],[80.55243725832767,7.23917763749701],[80.55244666401785,7.239200432324886],[80.55245044288874,7.239250080325261],[80.55245583797559,7.239325863428129],[80.55243933269642,7.239378305689658],[80.55243035661836,7.239400638420806],[80.55240199245014,7.239439509423308],[80.55240513613168,7.239491776871817],[80.55242169989668,7.239509871046159],[80.55247032006253,7.23952897752709],[80.5525427445675,7.239566811126978],[80.55259877747135,7.239612055546597],[80.55261048902403,7.239612226790322],[80.55260940984344,7.239688883881048],[80.55262310511002,7.239699003413852],[80.55270601209156,7.239750424746218],[80.55271533017401,7.239750742212522],[80.55276376860924,7.239787728419119],[80.55310078215055,7.239809319444588],[80.55328773913845,7.239798379528225],[80.55353870709027,7.239740571995521],[80.55384013080871,7.239773907299439],[80.55416220899741,7.239850939287297],[80.55418632674679,7.239856706937498],[80.55421176174649,7.239802114015998],[80.55422354848528,7.239772640446964]]]]}},{"type":"Feature","properties":{"GND_N":"Pamunuwa East","GND_NO":"83","GND_C":"110","PROVINCE_N":"CENTRAL","PROVINCE_C":"2","DISTRICT_N":"KANDY","DISTRICT_C":"1","DSD_N":"UDUNUWARA","DSD_C":"39","Admin_Code":"2139110","GND_NO_Cen":"83","GND_NAME_C":"Pamunuwa East","GND_NO_Gaz":"83","GND_NAME_G":"පමුණුව න","shape_1":"Polygon","Area__Ha_":45.1854624013,"MWS_ID":"123","Alt_MWS":null,"Area":0.45185462401,"Density":1613.35075765,"Total_Pop":729.0},"geometry":{"type":"MultiPolygon","coordinates":[[[[80.5680216914671,7.249546482423712],[80.56818842297271,7.248954641724678],[80.56819808208196,7.248940457651697],[80.56820772669174,7.248926294370762],[80.56826139486564,7.248841946673815],[80.56827114590676,7.248822786268193],[80.56828574375159,7.248789525493443],[80.5683241345199,7.248693810051941],[80.56832651302886,7.24868690317852],[80.56832892623163,7.248675435022499],[80.5683910927872,7.248645359254019],[80.56847561209331,7.248671907514485],[80.56848931422526,7.248676334006638],[80.56849388910372,7.248678567010877],[80.56859430661245,7.24870949572146],[80.56861031513544,7.248716175879863],[80.56865158140675,7.248736305502658],[80.56866534950701,7.248743020807715],[80.56871830901441,7.248772243999642],[80.56873437005363,7.24877894949821],[80.56878840757352,7.248829140317287],[80.56879807375684,7.248842975122813],[80.56886312430024,7.248926301867994],[80.56887711837597,7.248939890868358],[80.5688842446071,7.248951310027046],[80.56890052348255,7.248964865705899],[80.5689675420877,7.248980457508366],[80.56897677360276,7.248980429164456],[80.56906476509805,7.248965192016636],[80.5690803460631,7.248960293282801],[80.56910279756013,7.248957632210414],[80.56916065544934,7.248945168364445],[80.56917357046292,7.248965848399444],[80.56919788198562,7.24896525540405],[80.56921655167139,7.248964797290797],[80.56922004096029,7.248966600249867],[80.56928395789592,7.248976384070533],[80.56929679379883,7.248977962497592],[80.56931149159982,7.248979493844239],[80.56934071064836,7.248984463628348],[80.5694158247182,7.248969316404517],[80.56943226850659,7.248970792475259],[80.56944848055178,7.248976049326112],[80.56949416509656,7.248980572634066],[80.56951252960529,7.248980107135392],[80.56952889374496,7.248983476774569],[80.56953800042422,7.248985139406996],[80.56960942618336,7.248977649910213],[80.5696149031006,7.248975756984013],[80.56963125153345,7.248975840379316],[80.5696403354055,7.248975885203238],[80.5696494219935,7.248975931836835],[80.56972890065478,7.248959462647355],[80.5697378025341,7.248955468774327],[80.56974499292053,7.248955323736539],[80.56980729459764,7.248944598991206],[80.56982649200941,7.248936688740598],[80.56982826877679,7.248936654279945],[80.56987836254127,7.248941307963092],[80.56988900684581,7.248941099381872],[80.56990156833476,7.248942731021081],[80.5699500918529,7.24894930562488],[80.56996603205143,7.248948985504111],[80.56997507713166,7.248950693314948],[80.57002520311303,7.248940280422381],[80.57003178302374,7.248936404857559],[80.57007181935285,7.248909314766258],[80.57008025565248,7.248897594319511],[80.57011660150019,7.248861055307409],[80.57015217442496,7.248853393015122],[80.57020416696874,7.248830650792079],[80.57021447700838,7.24883066812707],[80.57025586112849,7.248830794501046],[80.5702661756899,7.248830825401469],[80.5702790020952,7.248833375921098],[80.57029166931352,7.24884346643775],[80.5703424870594,7.248861133302661],[80.57035771912207,7.248868714637545],[80.57044961731232,7.248871254853245],[80.57045981959622,7.248871255856482],[80.57051849241657,7.24887884510114],[80.57053888249548,7.248878847097741],[80.57064892067534,7.248906724078254],[80.57075720674743,7.248988121351496],[80.57077256673489,7.248993206857183],[80.570777622098,7.248998306693285],[80.57081340920743,7.249013584778281],[80.57081598468481,7.249013580516821],[80.5708288183496,7.249016117459886],[80.5708493766352,7.249018642521244],[80.57086739501409,7.249018616302136],[80.57088275681382,7.249023704517907],[80.57089554675954,7.249028795188082],[80.57091351870257,7.249031322694934],[80.57093913597677,7.249038948492785],[80.57094170692604,7.249038945132881],[80.57096224257594,7.249041465657442],[80.57098784651095,7.24904655578383],[80.57106668381564,7.249072468894647],[80.57107689307337,7.249075078798482],[80.57109727640211,7.249088010476825],[80.57116380574028,7.249124394352453],[80.57117921339778,7.249132221709737],[80.57118691935702,7.249137431253886],[80.57127724784964,7.249168853096352],[80.57129277495532,7.249168876377692],[80.57130571906805,7.249171502883178],[80.57141191121174,7.249171667421519],[80.57147128025458,7.249145698211697],[80.57168284576912,7.248961748154957],[80.57168805708943,7.248956404267527],[80.57173724272091,7.248898551078281],[80.57176296306878,7.248882474216229],[80.57176819881042,7.248869164342343],[80.57180929319335,7.248810991902084],[80.5718195073798,7.248792638262014],[80.5718322130596,7.248771747366697],[80.57183979449277,7.248763931277511],[80.57187249990069,7.248725058288186],[80.57190998604476,7.248701858095973],[80.57192490494478,7.248689031854209],[80.57193483177022,7.248681350654611],[80.57194968181899,7.248668581352082],[80.57199897416294,7.248633008373645],[80.57201373041083,7.248625417060229],[80.57202351500783,7.248617845215212],[80.57209307976012,7.248586121907267],[80.57211563710717,7.248571556500507],[80.57213812578739,7.248544575898913],[80.57214562208638,7.248534750406929],[80.57217793287961,7.248473177426723],[80.5721878417736,7.248450999346995],[80.57219186439518,7.248354401798962],[80.5721910209437,7.24827676075821],[80.57219072088004,7.248249308725761],[80.57219058522081,7.248236847382408],[80.57218917595863,7.248180934657242],[80.57218903697253,7.248175861460253],[80.57218841694616,7.24815308181278],[80.5721880044787,7.248137944515281],[80.57219397617935,7.248082970152411],[80.57220089211567,7.248060803388118],[80.5722099268355,7.248019130874959],[80.57222202484324,7.248002234900714],[80.57222685032083,7.247994986373001],[80.5722451870881,7.247929322379155],[80.57224993033597,7.247919663849217],[80.57225467358165,7.247910009840716],[80.57227675845633,7.247806294495793],[80.57228631877648,7.24779195474681],[80.57231065320492,7.24777050748297],[80.57232765211394,7.247753800895146],[80.57234708901622,7.247734694478406],[80.57234960109112,7.247734701031266],[80.57238912486342,7.247686940864929],[80.57239597260849,7.247677424348319],[80.57240529060537,7.2476702962971],[80.57241229468114,7.247665549139618],[80.57244605532945,7.247601687996988],[80.5724529810763,7.247589880917167],[80.57246218375322,7.247573369774328],[80.5724619904175,7.24756630889681],[80.57247534402637,7.247497971348223],[80.57247521801173,7.247486196373961],[80.57247986108852,7.247469699463706],[80.57247968556715,7.247453228426389],[80.57247911309227,7.247399178032519],[80.57247640991584,7.247371032225906],[80.57247571766182,7.247305437457324],[80.57247547099466,7.247282045763889],[80.57247532244604,7.247268021780062],[80.57247285064332,7.247261029512164],[80.57246514807065,7.247212070759187],[80.57247417095775,7.247164393666711],[80.5724815016214,7.24716438067585],[80.57248883237305,7.24716618623647],[80.57249433467172,7.247166177851537],[80.57257888751856,7.247200683223969],[80.57258810557727,7.247204325362057],[80.5726028659471,7.247211619746667],[80.57268617114508,7.247253697166555],[80.5726954516773,7.247257369172456],[80.5727084569348,7.247262879483864],[80.5727158937083,7.247266553376565],[80.57275264032724,7.247276534335978],[80.57275450579061,7.247276598472344],[80.5727812375112,7.247270675505286],[80.57279635036396,7.247267421357122],[80.57282963318694,7.247245029456228],[80.57284131154847,7.247236915858287],[80.57285095502216,7.247230936406752],[80.57285858806912,7.247227068505134],[80.57288194943233,7.247206549491512],[80.57288963688602,7.247200501341251],[80.57290118303578,7.247190358428528],[80.57292601659479,7.247142182894327],[80.57292338666993,7.247138424342427],[80.57291589993292,7.247070506997559],[80.57291647088033,7.247011003267196],[80.57291898866619,7.246998270914957],[80.57292963161835,7.2469444525161],[80.57295210353765,7.246914169349882],[80.57298351516961,7.246884220250689],[80.57302965507179,7.246840232113231],[80.57303894295347,7.246829519380785],[80.57305756129627,7.246808052336425],[80.57308176785008,7.246744399379952],[80.5730906840153,7.246651801918396],[80.57311516994206,7.246572958616228],[80.5731449006705,7.246510935867808],[80.57314893091531,7.246493816515356],[80.57316331893094,7.246432722862425],[80.57316955449784,7.246376656199688],[80.57316995638215,7.246373041883391],[80.57319090753315,7.246300887023835],[80.57319399901112,7.246272945467005],[80.57319417556509,7.24621035246071],[80.57319442895825,7.246119757770924],[80.57319203430977,7.246009250971944],[80.57318437033413,7.245934642616346],[80.57314028685983,7.245894291043396],[80.57313138833207,7.245874835526972],[80.57311844855697,7.245846544076281],[80.57310217228638,7.245810963362723],[80.57310201848932,7.24581062689357],[80.57309650461228,7.245749617489522],[80.57309420408177,7.245724170301511],[80.5730939112279,7.245720916491265],[80.57309260998137,7.24570662522189],[80.57308850168538,7.245661500514048],[80.57307566443481,7.245663101721934],[80.57302420313434,7.245669520064101],[80.573015851169,7.245669168173984],[80.57298517266126,7.245667874870154],[80.57292025179227,7.245648041619265],[80.57285198792911,7.245611205077807],[80.57267796061575,7.245557141244829],[80.57257573573172,7.245524722343177],[80.57251427226255,7.245468899357046],[80.57240685241041,7.245308969672751],[80.57240343033841,7.245266465031022],[80.572386978017,7.245203681899811],[80.57237034308342,7.245140210512078],[80.57230559598895,7.245086599758129],[80.5721957228526,7.244995624680429],[80.57216885489954,7.244984607262984],[80.5720751941738,7.244946206520535],[80.57203674697833,7.244930443543145],[80.57200848380064,7.244918855779358],[80.57193830783118,7.24490752137576],[80.57170285661458,7.244911936113295],[80.57170069408158,7.244911985781287],[80.57135194306719,7.24492000725081],[80.57110264489828,7.244930022109966],[80.57102919064774,7.24493297496548],[80.57102143139248,7.244933632507875],[80.57087668793925,7.244945927148914],[80.5706869665768,7.244949910767948],[80.57060266397545,7.244935945487016],[80.57056442076326,7.244929779837156],[80.57050930613423,7.244920892739042],[80.57041177810162,7.244913885468466],[80.570383982742,7.24490519248772],[80.57038925859948,7.244855367830883],[80.5704049518297,7.244794336352974],[80.57041432686383,7.244691428304781],[80.57041099628685,7.244447808711959],[80.57040876823844,7.244370762067007],[80.57038450771881,7.244349317314445],[80.5702996629726,7.244303076287968],[80.57026328244906,7.244283248357216],[80.57015971200856,7.24422170888147],[80.57013055266323,7.244223506076809],[80.57011034935655,7.244243390659996],[80.57004494642858,7.244286677979226],[80.56999568320835,7.244290814520651],[80.56993438344375,7.244268359113569],[80.56989373472622,7.244243111543152],[80.56980853334028,7.24421458735158],[80.56970693896723,7.244188768604452],[80.56961377198759,7.244156713980423],[80.56949706695477,7.244105748721909],[80.56944500464763,7.244087999821062],[80.56942011362698,7.244061222966639],[80.56939647895558,7.244001988567906],[80.56939243386307,7.243991849501375],[80.56937433339935,7.24396977720022],[80.56915939155822,7.243878163989304],[80.56909757555881,7.243802535274834],[80.56904652554681,7.243749519914255],[80.56898832008811,7.243699665439729],[80.56895736207551,7.243674240440025],[80.56893501707953,7.243626754394611],[80.5689188390376,7.243553498550893],[80.56891937640803,7.243546754511051],[80.56889769944951,7.24352761502117],[80.56873246191508,7.243586544450768],[80.56872795665505,7.243590597285205],[80.56854203245126,7.243670741172179],[80.56833788052177,7.243834532723814],[80.56781091679571,7.243757357980895],[80.56768921980199,7.243688374473538],[80.5675668844471,7.243660651228601],[80.56745321711708,7.243686284844241],[80.56733258440731,7.243689674828153],[80.56717525412479,7.243618868017969],[80.5670545173856,7.243574944801805],[80.56691478771299,7.243569199674604],[80.56677304827966,7.24356803205959],[80.56662422834448,7.243548897178359],[80.5664982000365,7.243548896939582],[80.56642008469487,7.243609320720231],[80.56632329595422,7.243657133514912],[80.56621952797248,7.243677539099523],[80.5661301910983,7.243668774027422],[80.56555682839519,7.243531114527628],[80.56551872984703,7.243521967042167],[80.56551552611394,7.243544970997476],[80.56551951421052,7.243730173870941],[80.56552193823065,7.243845561200688],[80.56552248043918,7.243871385600537],[80.56552265941507,7.243879884312493],[80.56552270370689,7.243882007633805],[80.56552589397977,7.244030223284279],[80.56550011511732,7.244162601129625],[80.5654635684827,7.244274628093367],[80.56544901604427,7.244295819990978],[80.56533189963021,7.244466369456434],[80.56520958811579,7.244636357618178],[80.56518184061059,7.244674923158196],[80.56500968830775,7.244875416445784],[80.56498340344166,7.244927221630325],[80.56497207245965,7.244949552619445],[80.56497113322332,7.244963491090894],[80.5649663276066,7.245034825609229],[80.56497598896782,7.245095508749317],[80.56499786474977,7.24517943721651],[80.56501115210143,7.245230264246705],[80.56501214312279,7.245266498271253],[80.56501355705943,7.245318254832417],[80.56499985158075,7.24538543808682],[80.56491929623874,7.245492199592662],[80.56483233523309,7.245547591050556],[80.5647013503404,7.24562873732045],[80.56481558373198,7.245736311942273],[80.56481767410325,7.245737602448793],[80.5648852132755,7.245779330305235],[80.56490683942928,7.245792691470786],[80.56504553562146,7.245874143991989],[80.56507373075493,7.245891553143476],[80.565155893543,7.245942288269229],[80.56524372872062,7.245954447595521],[80.56528347904374,7.24596206127502],[80.56532472949844,7.245982230972994],[80.5653371593193,7.245988310030844],[80.56537881628975,7.24600867885903],[80.56543336004631,7.246142991162623],[80.5654373576286,7.246227874398388],[80.56543829110629,7.2462477152122],[80.56544555553795,7.246399819425981],[80.56544198080928,7.246492236504335],[80.56542276150411,7.246510296444323],[80.56538118912933,7.246549360178721],[80.56524456858078,7.246679245845821],[80.56522310762561,7.246871129616618],[80.5652085741246,7.24716067847436],[80.56519959140194,7.247184646437833],[80.56518904461169,7.247212789740161],[80.56509976950205,7.247451000125976],[80.56513400663599,7.247631966801452],[80.56521182186168,7.247770631487284],[80.56521199901877,7.247779132909826],[80.5652146218295,7.247786368541314],[80.56523748595049,7.24788738965722],[80.56524754661122,7.247948389477647],[80.56524910144115,7.247971837838157],[80.56523826318804,7.247997713016264],[80.56521712610301,7.248048164140449],[80.5651541548287,7.24812002868791],[80.56504407423964,7.248232935673725],[80.56498614559386,7.248301977500953],[80.56496012326167,7.248347681469456],[80.56491140387726,7.248433255489098],[80.5648756670434,7.248557308150862],[80.56487639869569,7.248734099463133],[80.5648962163881,7.248887582233781],[80.56489431107526,7.248972942900568],[80.56490072512467,7.248996639490939],[80.56490143892044,7.249023398108275],[80.56489954573844,7.249090516303465],[80.56489950155262,7.24909205540427],[80.56489793983988,7.249147466664522],[80.56489013009798,7.249161061919877],[80.5658406748099,7.249161975105948],[80.56598140674681,7.249189406227373],[80.5661504154898,7.249216874797032],[80.56632438034858,7.249215365437391],[80.566535024685,7.249186952783301],[80.56672927474101,7.249187046009639],[80.5668232714371,7.249189049867465],[80.56687656316923,7.249251699129625],[80.56688975074236,7.24928593212225],[80.56688897362864,7.249297959881549],[80.5668835013999,7.249381787034904],[80.56688519873255,7.249432156518929],[80.56689695459154,7.249468334908866],[80.56695925311848,7.24948038991691],[80.56706791514229,7.249497530352868],[80.5671787556217,7.249503731523014],[80.56738306293462,7.249494631448195],[80.56738975985766,7.249494332489786],[80.56745903901492,7.249489843724935],[80.56754705364195,7.249509235313245],[80.56760301498822,7.249517219773537],[80.56760164311254,7.24952097380451],[80.56763825784304,7.249534303746981],[80.56767707367189,7.249556319611078],[80.5677342529295,7.249597987142466],[80.56773558459538,7.249598958069368],[80.56774189167817,7.249603553008058],[80.56776425503908,7.24961342287208],[80.5677720414719,7.249616860982884],[80.56782872930006,7.249620503292074],[80.56784308167285,7.249620969260629],[80.56788532740198,7.24962233875813],[80.56791783254957,7.249633837391401],[80.56800154353417,7.249650073619331],[80.5680216914671,7.249546482423712]]]]}},{"type":"Feature","properties":{"GND_N":"Gadaladeniya North","GND_NO":"81","GND_C":"035","PROVINCE_N":"CENTRAL","PROVINCE_C":"2","DISTRICT_N":"KANDY","DISTRICT_C":"1","DSD_N":"UDUNUWARA","DSD_C":"39","Admin_Code":"2139035","GND_NO_Cen":"81","GND_NAME_C":"Gadaladeniya North","GND_NO_Gaz":"81","GND_NAME_G":"ගඩලාදෙණen","shape_1":"Polygon","Area__Ha_":58.8937797614,"MWS_ID":"123","Alt_MWS":null,"Area":0.58893779761,"Density":1881.35318278,"Total_Pop":1108.0},"geometry":{"type":"MultiPolygon","coordinates":[[[[80.5573559965828,7.257149344165379],[80.55736420277029,7.257138806687094],[80.55736449887613,7.257138857470712],[80.55744031903731,7.257152156501443],[80.55757095854501,7.257233153480561],[80.55770322963826,7.257307371664888],[80.55777918487689,7.25735985587166],[80.55779088122856,7.257366215119045],[80.55786908808585,7.257408731381739],[80.55799448094291,7.257470465013234],[80.55812260640054,7.257508870769206],[80.55822571869358,7.257584155431619],[80.55839807433053,7.257726486530027],[80.5584496822748,7.257747852798532],[80.5585406866577,7.257768876239066],[80.55865014938725,7.257768306570394],[80.5586520737897,7.257768296641343],[80.55868024056612,7.257774085913767],[80.55881742163189,7.257802286260395],[80.55888915872812,7.257775735076252],[80.55896253267926,7.257731278600952],[80.55901616505108,7.25768391890244],[80.55905248991395,7.257666119748415],[80.55908126470719,7.25765417142355],[80.55916516793033,7.257619332671027],[80.55924980526977,7.257594588061026],[80.559288075796,7.257583399353627],[80.55939122634783,7.257579289766693],[80.55942200139812,7.25758287374482],[80.55944112113988,7.257585100223838],[80.55949899965324,7.257532367329139],[80.55950173213114,7.257529876380429],[80.55954032187805,7.257504484852437],[80.55954268310576,7.257501898774608],[80.55958299884037,7.257457752864172],[80.55963918466117,7.257374945708233],[80.559678526985,7.257294572121248],[80.55973398984435,7.257210407251147],[80.55977510218692,7.257149790763002],[80.55978021698752,7.257142248618735],[80.5598034066789,7.257108054490619],[80.55980703714468,7.257100636431795],[80.55982491412152,7.257016298085767],[80.55984116274824,7.256935913470686],[80.55984311301337,7.256832551887794],[80.55985965813903,7.256751373436145],[80.55986144998931,7.256742583579847],[80.55986720150301,7.256645825205391],[80.55988964369806,7.256536568301916],[80.55965753585143,7.256445387270839],[80.559651314048,7.256442347659452],[80.5596263951461,7.256430174729107],[80.55961392075682,7.256424081021895],[80.55960299346562,7.256421062676191],[80.55952786268313,7.256382813766893],[80.5595043033038,7.256372081126266],[80.55948857373743,7.256361290730549],[80.55947755483871,7.25635668348123],[80.55947282803793,7.256352043064162],[80.5594412747564,7.256330400732666],[80.55941439848453,7.256313368046735],[80.55940015173668,7.256305620424953],[80.55938906312588,7.256300978776795],[80.55936523525048,7.256276058421991],[80.55936204042752,7.256268248256289],[80.5593540632761,7.256252619931937],[80.55934120337706,7.25620250285037],[80.55933953749118,7.256178966715728],[80.55933949913599,7.256166405051721],[80.55934410343322,7.256112965773214],[80.55934726788077,7.256106676967094],[80.55935038085485,7.25608307348433],[80.55935034342352,7.25607047293577],[80.55935815178168,7.256016894116637],[80.55936132076151,7.256010594460896],[80.55936285651805,7.255990080221104],[80.55936282559111,7.255979024221771],[80.55859864277305,7.255556693573731],[80.55846214680304,7.255391535309833],[80.55841186428448,7.255318775544583],[80.55829585545288,7.255216206500352],[80.55825352167659,7.255187961133982],[80.55827125967058,7.255159476933597],[80.55828135123595,7.255139554601042],[80.55831558442127,7.255071960063495],[80.55837957278698,7.254960852175567],[80.55845808223614,7.254896954852117],[80.55848584138182,7.254874362448535],[80.55849251688953,7.254867921600757],[80.55855777794336,7.25480494752671],[80.55863360048433,7.254754161248069],[80.55869438637941,7.25470937592837],[80.55871884785503,7.254691352267272],[80.55879929457515,7.254626825511604],[80.55884714115446,7.254563546442666],[80.55890766158922,7.254507598273131],[80.55899899097443,7.254410521849457],[80.5590120715139,7.25439696359103],[80.55904904439336,7.254358647954033],[80.55906573097774,7.254341354846634],[80.55907129407855,7.254335588970642],[80.55915248111009,7.254239681445443],[80.55924417002582,7.254148029138237],[80.55936695628147,7.253985855272215],[80.55936925100674,7.253982164106671],[80.55937831118139,7.25396759471665],[80.55941344710813,7.253911092674428],[80.55942968000225,7.253865342787834],[80.55943824431272,7.253840472265482],[80.55945570665433,7.253789757447089],[80.5594549253915,7.25371922068109],[80.55945072392507,7.253604733246639],[80.55945370429473,7.25349297842093],[80.55945386011747,7.253487175594831],[80.5594497673599,7.25339152661276],[80.55944893357636,7.253372056610947],[80.55944112355954,7.253230620182],[80.55942306199294,7.253123813592597],[80.55941071122481,7.253009141404354],[80.5594103231682,7.25300443704444],[80.55939828618648,7.252858570232092],[80.55939009296209,7.252757192350258],[80.55942791722615,7.252629343125985],[80.55944502063309,7.252601898515001],[80.55951845595962,7.252484065136333],[80.5595752520139,7.252438075058682],[80.55960986523259,7.252410046475925],[80.55973904354485,7.252321487455643],[80.55974605742189,7.252317494691806],[80.5598152251328,7.252278116399716],[80.5598317371407,7.252262071112076],[80.56004328318546,7.252425662283038],[80.56021602215358,7.252336826342506],[80.5603486557297,7.252558611409846],[80.56057086396928,7.252601626073996],[80.5606047928593,7.25261091669756],[80.56068036443523,7.252639039263651],[80.56074317504374,7.252667844840355],[80.56077250373174,7.252674852621127],[80.5608257936406,7.252688962391573],[80.56095028983061,7.252733926310615],[80.56098542065956,7.252742787932864],[80.5610059740932,7.252750018519314],[80.56100976311252,7.252751850620682],[80.56112398775446,7.25280526845934],[80.56113731811405,7.252810803671022],[80.56117944202369,7.252821337930681],[80.56117975805513,7.252806122307106],[80.56119590307077,7.25275617273224],[80.56120509004431,7.252728042460723],[80.56120513272587,7.252725884818072],[80.56120965402755,7.252715081462759],[80.56123218981806,7.252661230138947],[80.56124101637705,7.252648330842368],[80.56124975486595,7.252639726030702],[80.56128666181772,7.252611779790857],[80.56129749854122,7.252603202195967],[80.56131473869141,7.252594605023551],[80.5613297317532,7.252592411953215],[80.5613855578459,7.252572962428752],[80.56140276441324,7.252566428852562],[80.56198059416879,7.252440338359703],[80.56268495507948,7.252598584620946],[80.56321692111214,7.252503129510803],[80.56360644074353,7.252463279518611],[80.56363340724548,7.252459665893879],[80.56364169056513,7.252459876856295],[80.56365412867584,7.252460192853651],[80.56371455277065,7.252455250186783],[80.56373758545497,7.252451508112886],[80.56376903639709,7.2524479644008],[80.56377741842748,7.25244817178971],[80.56379423602793,7.252446421694486],[80.56388287808853,7.252439911484335],[80.56392538005186,7.25243223574911],[80.56395314747346,7.252422008418911],[80.56395530196029,7.252419880700312],[80.56401986243597,7.252371213333615],[80.56403497181776,7.252358454369605],[80.5640696185495,7.252322098646994],[80.56408280559106,7.252306922489805],[80.56408964061657,7.252298013791582],[80.56409718077605,7.252283986172051],[80.56404352568379,7.252235439004691],[80.56398839004142,7.25220412350788],[80.56386922910694,7.252142391735454],[80.5638633894835,7.252139365925259],[80.56385910347127,7.25213714566972],[80.56382299535876,7.252124717247113],[80.56379201023628,7.252114054605774],[80.56362875582671,7.252064874648343],[80.5635305203842,7.252020517884168],[80.56346453969863,7.251979114285348],[80.56344370102669,7.251966038271614],[80.56340376778454,7.251955438330376],[80.5633197311742,7.251955218988766],[80.56330768624082,7.251952683106974],[80.56325770365878,7.251942167967715],[80.56321334197183,7.251918364036902],[80.56319911087071,7.251906374464191],[80.56316201460389,7.251875113449408],[80.56310163764182,7.251820465316363],[80.56303716089539,7.251816275270461],[80.56294416700719,7.251799050789143],[80.56285434060415,7.251780469516294],[80.56279794056172,7.251742191067835],[80.56273899772432,7.25171910458529],[80.5626623956104,7.251696731424825],[80.56258071188871,7.251663618186628],[80.56252884797962,7.251642591388404],[80.5624733675876,7.251618743270711],[80.56246103328041,7.251613441876984],[80.56236170020746,7.251592686614981],[80.56224153334806,7.251581235821151],[80.56215917699757,7.251576506403257],[80.56210814313756,7.251573575923809],[80.56199186061176,7.251565406796439],[80.5619733981244,7.25156410855427],[80.56195121779392,7.251548363247433],[80.56195113905409,7.25154826554574],[80.56191193678889,7.251499191414186],[80.56190352162999,7.251488656854142],[80.56185472328127,7.251461685645294],[80.56183984227322,7.251451074784061],[80.56182175295042,7.251438176334099],[80.56175966879424,7.251393908601786],[80.56168644696253,7.251307331478883],[80.56165369868576,7.251237594375181],[80.56167544019823,7.251221870705586],[80.56169056862113,7.251211025330347],[80.56169890352753,7.25120551483712],[80.56168795249366,7.251191672949806],[80.56168662039879,7.251189714508177],[80.561657364082,7.251146712915182],[80.5616298478141,7.251093281930469],[80.5615790133496,7.2509945751211],[80.56155366292329,7.250983892385316],[80.5615017736571,7.250982240117593],[80.56135253971695,7.250966524231977],[80.56135019553938,7.250965716486292],[80.56128925055414,7.250944701531558],[80.56124797075701,7.250911403707619],[80.56119940213979,7.250784145519312],[80.56117879133528,7.250705279780106],[80.56116754970472,7.25067603477814],[80.5611646011399,7.250668364002419],[80.56115382893032,7.25064033912489],[80.56110470412473,7.250536412542577],[80.56104860901063,7.250428773209407],[80.56104463055021,7.250423534515752],[80.56099838140216,7.250362645890512],[80.56095393449904,7.250324371978893],[80.56089246589933,7.250283015370503],[80.56085452485767,7.250276850848575],[80.56081721230949,7.250282077201367],[80.56079456337886,7.250299789863647],[80.56075513133935,7.250383962522377],[80.56068733823263,7.250500404375024],[80.5606337934524,7.250550477260638],[80.56059221770509,7.250574059792191],[80.56050690906828,7.250579445097962],[80.56050539311391,7.250579457038319],[80.56034381171737,7.250580814501394],[80.56029625119801,7.250577266930454],[80.56024012505972,7.250573079558236],[80.56020392328931,7.250529654977514],[80.56014292046692,7.250459270418845],[80.56013742590311,7.250456277280846],[80.56011883818292,7.250446147498601],[80.56009230301471,7.250447491326691],[80.56006014295396,7.250474151104623],[80.56003506709887,7.250518260936492],[80.5600217982021,7.250541600968254],[80.55998926583628,7.250598821425757],[80.55994231096663,7.250694294192949],[80.5599190231911,7.250726022271183],[80.55985344002693,7.250763521349535],[80.55976385604636,7.250806884227313],[80.5597495755379,7.250815170769155],[80.55967182307609,7.250860284567709],[80.55952742961477,7.250952455341722],[80.55951395502214,7.250964624425604],[80.55948530168986,7.250990506325487],[80.55937695114102,7.251081246458882],[80.55932071325036,7.251083389931336],[80.55924347782556,7.251058484760419],[80.55920799088251,7.251033418663694],[80.55914634670279,7.250978768510332],[80.55906950110693,7.250898250779908],[80.55901769086482,7.250826282516426],[80.55898750880407,7.250784358243231],[80.55896388879862,7.250730726405682],[80.55895811202559,7.250717608562074],[80.55894154885532,7.25069689123744],[80.55889410356143,7.250679686817769],[80.55889156926416,7.25067878130407],[80.5588076316542,7.250655860508889],[80.55874988376382,7.250649493714999],[80.55874668993586,7.250649141317127],[80.55865441156753,7.250649548376496],[80.55861655253184,7.250649887441486],[80.55838508772125,7.250651951348679],[80.55821048698941,7.250652756515529],[80.55815651402469,7.250653004612776],[80.55813605229416,7.250653098784499],[80.5579577441571,7.25065002804815],[80.55784599098006,7.250645245748674],[80.55774402969044,7.250640882301228],[80.55771757566481,7.250622291614396],[80.55769586891705,7.250607037368165],[80.55761157983306,7.250563863456374],[80.55754964200774,7.250557141817047],[80.55748706081133,7.250568144162104],[80.5573949489282,7.250595137500105],[80.5573400572689,7.250624410411772],[80.55722076862766,7.250674180815401],[80.55712548596853,7.250705514118661],[80.55709767653211,7.250720151287467],[80.5570351834253,7.250734318665677],[80.55682560345541,7.250795166482611],[80.55674363098866,7.250815376898875],[80.5567289651005,7.250818992442884],[80.55669333810226,7.25083659915086],[80.55664353488024,7.250856474225194],[80.55659898892523,7.250870023536723],[80.55649989720249,7.250912748153833],[80.55643377000962,7.250954766163233],[80.55642223504749,7.250965177225956],[80.5563909161525,7.250993449512245],[80.55639082464496,7.250993538993757],[80.55631717258935,7.251049299624173],[80.556270440621,7.251057053083101],[80.55614537222323,7.25107345078502],[80.55600572331616,7.251087308436675],[80.55588065373261,7.251104249549592],[80.5557902754926,7.251105924776558],[80.5557305658745,7.251107463855059],[80.55567620833256,7.251108866261945],[80.55567327329305,7.251108942606773],[80.55561529602063,7.251149607999156],[80.55558710366269,7.251206563461749],[80.55557792617407,7.251272212161802],[80.5555606748239,7.251363176463133],[80.55554426878668,7.251393824296951],[80.55549370103246,7.251469670580574],[80.55549181540027,7.251471943076963],[80.5554343502871,7.251541171039546],[80.55539226589129,7.251589443871041],[80.55538777710564,7.251594593491398],[80.55534827491525,7.251630928087955],[80.5553129507897,7.251643751078795],[80.5552311761981,7.251645881621948],[80.55518010245724,7.251643144771067],[80.55506845782544,7.251612253762295],[80.55497384202786,7.251577300762952],[80.55489189094963,7.251564420667775],[80.55475641710879,7.251562455601811],[80.55456071828235,7.251565795580452],[80.55453410139947,7.251550772099081],[80.55451194239413,7.251519762751564],[80.55417211525696,7.251044186761249],[80.55412247263455,7.251042855776858],[80.55410270487548,7.251042325233879],[80.55387318551871,7.251036173119074],[80.55382083363426,7.251052784818764],[80.55376676267754,7.251069941868199],[80.55376511850194,7.251098696927775],[80.55375776012335,7.251145807401602],[80.55373527997908,7.251189836749996],[80.55368472366425,7.251240000684825],[80.553643689805,7.251262046426145],[80.5535554007755,7.251280196785013],[80.55347650089496,7.25129641743125],[80.55340459334985,7.251308318935456],[80.5533509775132,7.251316973920275],[80.5533287873319,7.251323744384287],[80.55325688135076,7.251328774083287],[80.55320843202189,7.251327936427989],[80.5531770974425,7.251332443451278],[80.55311159102514,7.251948238352845],[80.55319127709072,7.251959581249978],[80.5532315616905,7.251989896916823],[80.553278911595,7.252014878864714],[80.55332808448846,7.2520177054273],[80.55334159509663,7.252017391934932],[80.55337754303365,7.252087834715698],[80.5533749812048,7.252240432418216],[80.55336663610193,7.252308755486617],[80.55341538476338,7.252520494316933],[80.55343452685825,7.25257433854484],[80.55343280143737,7.252736886677254],[80.55344127942755,7.25305376598318],[80.55316836808915,7.25312050144642],[80.55312976011437,7.253254659016],[80.5530552598678,7.253412908506452],[80.55296551540229,7.25349659541057],[80.55279200302596,7.253383661474616],[80.55276682935975,7.253427868490989],[80.55268763475344,7.253521153352199],[80.55261994107634,7.253616341084565],[80.55253050232398,7.253729878112022],[80.55244586236412,7.253846852019062],[80.55241114061155,7.253922977931635],[80.55238850853408,7.253964202888695],[80.55237969916259,7.253980249883807],[80.55236599700592,7.254005205445872],[80.55235584977538,7.254023689775622],[80.5522818119834,7.254128642579587],[80.55226593864236,7.254147228981816],[80.55219011301436,7.254236027363916],[80.55212885102813,7.254321273592598],[80.5520973622617,7.254360579757302],[80.55209352697786,7.25436627586275],[80.55208999343678,7.254369777379377],[80.55201812019422,7.254459486502967],[80.55191591908645,7.2545592708192],[80.55184901967476,7.254629934181495],[80.55181117870826,7.254669905463498],[80.55174367403097,7.25474664721876],[80.5517350617131,7.254765180219598],[80.55172671919627,7.254789322730552],[80.5517175577088,7.254819577004413],[80.55171601476788,7.254824674688499],[80.55170957066662,7.254853699552612],[80.55171251436688,7.254943949307928],[80.55170958116557,7.254973138682073],[80.55169595086566,7.255108705597018],[80.55167560852883,7.255223723480606],[80.55167299798431,7.255232285012067],[80.55165084555152,7.255304916523899],[80.55159847018261,7.25537135580414],[80.55155367920365,7.255403010386603],[80.55151829701592,7.255428016681889],[80.5514241826192,7.255472913829617],[80.55130479602863,7.255530096021038],[80.55122480447,7.255589288071979],[80.55117469288126,7.255650484382598],[80.55117434937607,7.255651057538895],[80.55112897066506,7.255726309925328],[80.55138238248834,7.25582425731598],[80.55141419548573,7.255923813053779],[80.55138810689677,7.256053693868593],[80.55134653903978,7.256163345043523],[80.5513181084747,7.256269674896507],[80.55128988747998,7.256375216300595],[80.55134484529913,7.256400868694966],[80.55140032714037,7.256432643457163],[80.55145389691535,7.25646332215802],[80.55149766550265,7.256488388432753],[80.5515712822903,7.256497532987625],[80.55173373981698,7.256517714153516],[80.55202950690656,7.256518855964593],[80.55210726913569,7.256514167585604],[80.55229132252715,7.256503069509563],[80.55231088307193,7.256501903568037],[80.55242254733554,7.256495085951474],[80.55244545205653,7.256492471154735],[80.5525873760105,7.256476267304695],[80.55272169991525,7.256425783056596],[80.55283753590886,7.256404950731272],[80.55293978073276,7.256398760457207],[80.55303477744455,7.256399350659899],[80.55310779508125,7.256418849818596],[80.553135194806,7.256426167321798],[80.55325436482778,7.256439156468943],[80.55326179949685,7.256439711744204],[80.55334347219485,7.256445802528982],[80.55345712659552,7.256441517676321],[80.55358146862531,7.256433983459154],[80.55365400811678,7.256429586150507],[80.55373913755255,7.25642447517779],[80.5537859576512,7.256422869477846],[80.55382306361466,7.256470634736485],[80.55383788726138,7.256527884233576],[80.55384933409287,7.256555337176386],[80.55407128820895,7.256332624351343],[80.55415029428093,7.256400743289838],[80.55417951841892,7.256447602172301],[80.55521040269349,7.257569689615845],[80.55549055186158,7.257735726256274],[80.55568452467419,7.257791640328739],[80.55594619268098,7.257959561320114],[80.55604581796109,7.258074302131397],[80.55614571574297,7.258003109771689],[80.55626810628247,7.257914276339425],[80.55635571597612,7.257833655161021],[80.5563875139826,7.257811876915592],[80.55645173686318,7.25776790383863],[80.55646868172222,7.257756301725754],[80.55650351403585,7.257724039573161],[80.5565510376779,7.257680018607189],[80.55665366966117,7.257623006889982],[80.55676156053445,7.257552705373738],[80.55682244158875,7.257501459142768],[80.55689952766004,7.25746089419717],[80.55700179468387,7.257409308026793],[80.55704956587878,7.257377539497532],[80.55708464464634,7.257354212813578],[80.55708604243472,7.257353282058586],[80.55718125310547,7.257286499280367],[80.55719033412109,7.257281546285524],[80.55732705174236,7.257177699029679],[80.55734385675227,7.257164933884194],[80.5573559965828,7.257149344165379]]]]}},{"type":"Feature","properties":{"GND_N":"Boyagama","GND_NO":"6","GND_C":"025","PROVINCE_N":"CENTRAL","PROVINCE_C":"2","DISTRICT_N":"KANDY","DISTRICT_C":"1","DSD_N":"UDUNUWARA","DSD_C":"39","Admin_Code":"2139025","GND_NO_Cen":"6","GND_NAME_C":"Boyagama","GND_NO_Gaz":"6","GND_NAME_G":"බෝයගම","shape_1":"Polygon","Area__Ha_":36.1065795366,"MWS_ID":"123","Alt_MWS":null,"Area":0.36106579537,"Density":2916.36597405,"Total_Pop":1053.0},"geometry":{"type":"MultiPolygon","coordinates":[[[[80.57101531399678,7.2595969654723],[80.57103460284782,7.259586083692513],[80.57104566206357,7.259586107684226],[80.57106365457047,7.259586147471069],[80.57107890610298,7.259587552417528],[80.57108445563395,7.259587564874034],[80.57113048776351,7.259562893730621],[80.57114030853101,7.259556003774795],[80.5711445453564,7.259549097730291],[80.57117869104448,7.259489328882511],[80.57120302982014,7.259457822258775],[80.57123109286704,7.259419358715689],[80.57128194268958,7.259370894845454],[80.57132023710442,7.259348691642787],[80.57139555000572,7.25934612125972],[80.57139839812258,7.259346129779864],[80.57143108409134,7.2593560267419],[80.57144671495622,7.259361673925762],[80.5714680396095,7.259368740719225],[80.57149796937549,7.259371641659934],[80.57150510641965,7.259371667487746],[80.57151224527627,7.259371690603385],[80.57153477323706,7.259341257454169],[80.57152714071674,7.25921537975113],[80.57153669440854,7.259122216580784],[80.57153996538403,7.259090321530445],[80.57154746909606,7.259078550004262],[80.57154803187505,7.259077665851159],[80.5715863736549,7.259002716542243],[80.57162049283376,7.258949278660723],[80.57163231931597,7.258930754853425],[80.57168786463185,7.258860153939061],[80.57176505898867,7.258776089582757],[80.57184610961056,7.258699507332258],[80.57186091436195,7.258685520836767],[80.57192711311376,7.258602868539042],[80.57193802089178,7.258589248337088],[80.57202482869087,7.25850992047147],[80.57204692088447,7.25848973193089],[80.57206994062658,7.258455017104758],[80.57213391634463,7.258365701783649],[80.57218167610311,7.258317102578197],[80.57222469919863,7.258273322070202],[80.57223511787568,7.258261843026923],[80.57229509259051,7.258208697044847],[80.57231300737224,7.258188175638618],[80.5723751872021,7.258116944602522],[80.57244994676003,7.258015426908186],[80.57256328440909,7.257910848272033],[80.57260729642975,7.257884990524235],[80.57265848903346,7.257854913808375],[80.57275160492834,7.257809924055438],[80.57275640819392,7.257807989194732],[80.57276071328982,7.257806253961318],[80.5728405500376,7.257774064052383],[80.57290684355162,7.257768032223471],[80.57293792977738,7.257752561791135],[80.57301871543474,7.25711766691936],[80.57302346582686,7.257074135055391],[80.57303383045462,7.257033672192022],[80.57307639410072,7.256816624458239],[80.57308682177373,7.256789014462226],[80.5730915870453,7.256758713442563],[80.57314826446228,7.256521271870252],[80.57315323363288,7.25650275308862],[80.57321310320687,7.256313775369608],[80.57331914768936,7.256243068404634],[80.57333677496308,7.256231315839014],[80.57334265858107,7.256225351885508],[80.5733491119981,7.256091704388066],[80.5733469662631,7.255908689018667],[80.5733498964163,7.255891297891335],[80.57335606146351,7.255734253261561],[80.57336746411671,7.255687111677146],[80.57333836004659,7.255436666746041],[80.57329170736537,7.255151943639848],[80.57329177320098,7.255134371275762],[80.57329191521198,7.255096362628208],[80.57329200105849,7.255064453471487],[80.5733014608236,7.25480804562131],[80.57330149803462,7.254793721496455],[80.57338967903247,7.254574058954049],[80.57340645123442,7.254548433105946],[80.57335276059113,7.254533905019928],[80.57328041725812,7.254505659373792],[80.57321858516549,7.254461231412972],[80.573163639188,7.254406766964473],[80.57306387579932,7.254331304462608],[80.57302168102629,7.254318264537239],[80.57290632303773,7.254287917876272],[80.57274179195062,7.254254294568612],[80.57265692108061,7.254247433566422],[80.57265503841731,7.254247291651219],[80.57259721790915,7.25424981494986],[80.57257299101929,7.254250872064169],[80.57248922510047,7.254247759857485],[80.57241723891757,7.254227019037468],[80.57235466412153,7.254225362296653],[80.5721996310548,7.254213628067556],[80.57195667308464,7.254189917453115],[80.57193285733828,7.254182942709613],[80.57189917461842,7.254173161093293],[80.57185018779182,7.254160478820146],[80.57171589299693,7.254150381504589],[80.57160435711393,7.254155289539188],[80.57158774821917,7.254156019964019],[80.57135781451016,7.254164417614302],[80.57123601453229,7.254161558400428],[80.57120164202543,7.254159209782026],[80.57114324580306,7.254155218045818],[80.57111995699213,7.254100565091442],[80.57111992469022,7.254095906114122],[80.57110874792882,7.254019819443921],[80.57110868790959,7.254008378190744],[80.57110435177627,7.253994735743887],[80.5710955306538,7.253920229048234],[80.5710954778774,7.25390679381285],[80.57109536512756,7.253877819028586],[80.57109108436065,7.253857907082321],[80.57108672609367,7.253803176769485],[80.57108657223853,7.253745002061896],[80.57108436764783,7.253703868899142],[80.5710759406451,7.253640957338017],[80.57107585115146,7.253604627877483],[80.57107779266947,7.25357080334616],[80.57108449001298,7.253391812491703],[80.57111113693173,7.252848239667274],[80.5710338677382,7.252791723876956],[80.57103287735235,7.25279099727508],[80.5709300263697,7.252736060574736],[80.57085057482642,7.252663397458621],[80.57084692771971,7.25266006164845],[80.57076815943145,7.252620417599517],[80.57067782543842,7.252593711574383],[80.5704782069554,7.252534699587829],[80.57034630299263,7.252495703287128],[80.57027703432976,7.252474149497027],[80.57016094776486,7.252452304069389],[80.57005048706301,7.252435694360869],[80.56985270642241,7.252405953377403],[80.56982188018405,7.252403956234535],[80.56976133611576,7.252400034790599],[80.5696706840193,7.252401892603001],[80.5696213323264,7.252397529505755],[80.56956917991494,7.252376706836781],[80.56953249764518,7.252344055701562],[80.56963348351806,7.252000499533744],[80.56978930989183,7.251223584335331],[80.56977959816606,7.251200218188297],[80.56976051999673,7.251200614643906],[80.5696661224356,7.25116518097009],[80.5696514424273,7.251154262988413],[80.56964027601862,7.251139540397978],[80.56959561776699,7.25108433235395],[80.56958042376613,7.251054725835035],[80.56956862899392,7.251013962682079],[80.56956064062723,7.250980643664574],[80.56949553134947,7.250864378699171],[80.56949200711036,7.250849831400569],[80.56949213344134,7.250838914726553],[80.56941663580491,7.250685896004994],[80.56940220778796,7.250656652454052],[80.569259414836,7.250528401731218],[80.56923724507062,7.250524740963467],[80.56922617053871,7.250521068068948],[80.56883698308395,7.250425302239133],[80.56881832158595,7.250421591507582],[80.5687884326484,7.250417880170023],[80.56877347488677,7.250410446308829],[80.56850628364097,7.250399195873595],[80.56847977084126,7.250399186462468],[80.56842665749404,7.250402911404796],[80.56820584460431,7.25041790042701],[80.56817122887551,7.250429190154962],[80.56814817572862,7.250444255210652],[80.56812125942615,7.250463108424031],[80.5677897449726,7.25054723916301],[80.56778181571356,7.250551081519909],[80.56761133734354,7.250769744804391],[80.56760340820308,7.250785115196281],[80.56746057505688,7.251028064379427],[80.56737340163093,7.251161426891278],[80.56736447523143,7.251161505982611],[80.5671890589538,7.25137867200967],[80.5670046521957,7.251491165426647],[80.56682558296333,7.251578009806262],[80.56675428567726,7.251565217234489],[80.5667499598673,7.251560914380899],[80.56674113626637,7.251552134968357],[80.56671047662046,7.251503398863242],[80.56664790027445,7.251551007699483],[80.56667302232165,7.251583934965597],[80.56669884553197,7.251632014127647],[80.56671772796588,7.251667171233668],[80.56674142488704,7.251711290380035],[80.56676883774271,7.251768456694184],[80.56681047606199,7.251808898177254],[80.56686226011587,7.251840573512072],[80.56689268766964,7.25184293691271],[80.56700769900193,7.251841181303297],[80.56711148402879,7.251831010490856],[80.5672697021206,7.251803140388279],[80.56733336961868,7.251792951970596],[80.56742076561481,7.251780151074178],[80.5674770098771,7.251764349840205],[80.56762652570904,7.25175510603552],[80.56770739638368,7.251753335471367],[80.5677446050853,7.251755461383846],[80.56781579234226,7.251759533570143],[80.56791485281121,7.251783000428191],[80.56803030538704,7.251802404517263],[80.5682289872001,7.251815246202113],[80.56834218334431,7.251818281318211],[80.56859638478561,7.251811708477084],[80.5686553402995,7.251809835486688],[80.56872641640713,7.251833198948883],[80.56881804250884,7.251877459346525],[80.56886186002504,7.25190569537713],[80.56907693597759,7.252104195517567],[80.5690956721769,7.252124913477111],[80.56914907788749,7.252177387331709],[80.5692014289419,7.252240998984079],[80.56922836429212,7.252273732515843],[80.56927651506722,7.252327832608305],[80.56931009798419,7.252353448692598],[80.56944317769509,7.25245496201453],[80.56952139484322,7.252511335620941],[80.5696017879852,7.252560113165321],[80.5696858084888,7.252599941566822],[80.56973787173365,7.252617779082414],[80.56978739269572,7.252650175599119],[80.56982287484783,7.252687359433763],[80.56985527140922,7.252739008883068],[80.56989601210721,7.25284028658461],[80.56989932733907,7.252848526279881],[80.56952794498699,7.253279078114526],[80.56931984085006,7.253632577965902],[80.56926710201242,7.253705711033926],[80.56917705242145,7.25377964366781],[80.5691614805365,7.253797987560907],[80.56907683908261,7.253897697950394],[80.56897976273005,7.253972078583374],[80.56896242361955,7.253985363903284],[80.5689613381109,7.253986695444124],[80.56889156646753,7.254072415802672],[80.56882396108729,7.254179635102031],[80.56878728344012,7.254219718698586],[80.5687404218274,7.254270930495645],[80.56871931124877,7.254285443028007],[80.5686268256344,7.254349010231063],[80.56854899135666,7.254444649747429],[80.56852413109245,7.254531350953069],[80.56851751692516,7.25455441847001],[80.56851529856951,7.254652352415322],[80.56852006659786,7.254721262379193],[80.5685315127061,7.254756109452151],[80.56854674434324,7.254802481771836],[80.5685891832825,7.254875297462305],[80.56864077089377,7.254941425500309],[80.56799391305027,7.255456017779775],[80.56747270102547,7.256064017023939],[80.56751547778202,7.25612681149535],[80.56754040273924,7.256157728362807],[80.56757367614559,7.256199001510034],[80.56760063465997,7.256258336079265],[80.5676626459567,7.256306201220874],[80.56770625783915,7.256386432800184],[80.56773043501188,7.256426720590498],[80.56777503130773,7.256501039388115],[80.5678136694723,7.256567975441331],[80.56783541010445,7.256632958581278],[80.56783772524665,7.256639879359222],[80.56784294818944,7.256703996732874],[80.56784859049209,7.256797472446674],[80.56784878911567,7.256800759673757],[80.56784919282553,7.256801164986171],[80.56788897907016,7.256841109065095],[80.56789699085031,7.256945469134011],[80.56790077162194,7.256996836097921],[80.56792274377574,7.257068466859833],[80.56793493043406,7.257105796592034],[80.5679486083233,7.257147694634993],[80.56793165253876,7.257193535842916],[80.56794612590826,7.257230710180015],[80.56795868885709,7.257280812438183],[80.56797849952981,7.257328477311918],[80.56800139834282,7.257358330671225],[80.56801426687852,7.257383963574508],[80.5680169386636,7.257389283901478],[80.56803614059113,7.257427526576462],[80.56805467279129,7.257498340073863],[80.5680846179856,7.257565815602308],[80.56809665218718,7.257586167000079],[80.56810267452843,7.257619408266673],[80.5681068595446,7.257642510566862],[80.56811658352038,7.257676744645115],[80.56813018714587,7.257724631837045],[80.56816294173782,7.257783788170817],[80.56819271394997,7.25784939532612],[80.56819352002213,7.257851172648003],[80.56823387098557,7.257933572102248],[80.5682838477316,7.257962443125719],[80.56834740823915,7.257989872579667],[80.56841523799697,7.257987190740939],[80.56841792136484,7.257987026482535],[80.56850525804482,7.257981715715017],[80.56858849087247,7.257963848635529],[80.56864364122812,7.257965320747897],[80.56873546318798,7.257978113390452],[80.56880680524627,7.258022004625835],[80.56887207251835,7.25807782985437],[80.56887251597512,7.258078456737942],[80.56890600323298,7.258125944248859],[80.56891660002115,7.258140971346251],[80.56892730078334,7.258150440653941],[80.56897978440217,7.258196886038473],[80.56903568602654,7.258272433399829],[80.56912115173155,7.258387938149506],[80.5691822392174,7.258476587571666],[80.56924487559678,7.258544801382964],[80.56930253107049,7.25861129293319],[80.56938981450902,7.258649403819521],[80.56940601409893,7.258654922016568],[80.56962025418429,7.258727911739609],[80.56968717530953,7.258734091454917],[80.56978251796106,7.258769763416911],[80.56986259455113,7.258800247673387],[80.56991951259923,7.258821914394824],[80.57000416857085,7.258860928272158],[80.57003994814524,7.258908280194923],[80.57008906282478,7.258973281095949],[80.57017360352872,7.259066642507607],[80.57022890920993,7.259127075865528],[80.57029843726484,7.259175849277957],[80.57040772855594,7.259206645118203],[80.5703587177045,7.259524303104437],[80.56990641826718,7.259610831020329],[80.56963974612606,7.259846982851826],[80.56957302423783,7.260022825534896],[80.56957328507502,7.260032687061057],[80.5695797620019,7.260060339932443],[80.570393156816,7.26030866373302],[80.5705280366661,7.260266839471949],[80.57058033998571,7.260250621024294],[80.5706369456214,7.260200983345211],[80.57065510717213,7.260189788183605],[80.57066163398778,7.260183535183164],[80.57066555696346,7.260179775066411],[80.57072088221108,7.260131790763547],[80.57074338048974,7.260119055728559],[80.57075538200354,7.260110098631847],[80.57078335994463,7.260073757476786],[80.57085913446312,7.260016128996943],[80.57086837121506,7.260007056703564],[80.5708789509535,7.2599940467847],[80.57090157295075,7.259940155226325],[80.57090425564024,7.259933528814511],[80.57090829855497,7.259914911979933],[80.5709164177531,7.259852040472969],[80.57091642504064,7.259839973476593],[80.57091176212948,7.259768044126704],[80.57091429807612,7.259753510435688],[80.57091416282745,7.25974023341931],[80.5709246279426,7.259708390463307],[80.57092859418374,7.259699077952151],[80.57095268207436,7.259661719494095],[80.57096212966245,7.259651004177901],[80.5709688852051,7.259641593455073],[80.57099476596758,7.25961868564],[80.57099886265969,7.259613263492397],[80.57100982266805,7.259602405075307],[80.57101531399678,7.2595969654723]]]]}},{"type":"Feature","properties":{"GND_N":"Gangoda1","GND_NO":"1","GND_C":"005","PROVINCE_N":"CENTRAL","PROVINCE_C":"2","DISTRICT_N":"KANDY","DISTRICT_C":"1","DSD_N":"UDUNUWARA","DSD_C":"39","Admin_Code":"2139005","GND_NO_Cen":"1","GND_NAME_C":"Gangoda","GND_NO_Gaz":"1","GND_NAME_G":"ගංගොඩ","shape_1":"Polygon","Area__Ha_":23.8274863731,"MWS_ID":"123","Alt_MWS":null,"Area":0.23827486373,"Density":3563.1118898,"Total_Pop":849.0},"geometry":{"type":"MultiPolygon","coordinates":[[[[80.57053478051031,7.260329005118638],[80.5705280366661,7.260266839471949],[80.570393156816,7.26030866373302],[80.5695797620019,7.260060339932443],[80.56957328507502,7.260032687061057],[80.56957302423783,7.260022825534896],[80.56963974612606,7.259846982851826],[80.56990641826718,7.259610831020329],[80.5703587177045,7.259524303104437],[80.57040772855594,7.259206645118203],[80.57029843726484,7.259175849277957],[80.57022890920993,7.259127075865528],[80.57017360352872,7.259066642507607],[80.57008906282478,7.258973281095949],[80.57003994814524,7.258908280194923],[80.57000416857085,7.258860928272158],[80.56991951259923,7.258821914394824],[80.56986259455113,7.258800247673387],[80.56978251796106,7.258769763416911],[80.56968717530953,7.258734091454917],[80.56962025418429,7.258727911739609],[80.56940601409893,7.258654922016568],[80.56938981450902,7.258649403819521],[80.56930253107049,7.25861129293319],[80.56924487559678,7.258544801382964],[80.5691822392174,7.258476587571666],[80.56912115173155,7.258387938149506],[80.56903568602654,7.258272433399829],[80.56897978440217,7.258196886038473],[80.56892730078334,7.258150440653941],[80.56891660002115,7.258140971346251],[80.56890600323298,7.258125944248859],[80.56887251597512,7.258078456737942],[80.56887207251835,7.25807782985437],[80.56880680524627,7.258022004625835],[80.56873546318798,7.257978113390452],[80.56864364122812,7.257965320747897],[80.56858849087247,7.257963848635529],[80.56850525804482,7.257981715715017],[80.56841792136484,7.257987026482535],[80.56841523799697,7.257987190740939],[80.56834740823915,7.257989872579667],[80.5682838477316,7.257962443125719],[80.56823387098557,7.257933572102248],[80.56819352002213,7.257851172648003],[80.56819271394997,7.25784939532612],[80.56808286180349,7.257865578071896],[80.56773277198197,7.257986355027021],[80.56669374744223,7.257430854276053],[80.5666700630323,7.257454943877413],[80.56664929083692,7.257479440853597],[80.5666181181152,7.257511157489205],[80.5666073471055,7.257532268856272],[80.56657165469638,7.257589044305189],[80.56652276332154,7.257686535247748],[80.56652231780329,7.257686456367679],[80.56651096965396,7.257686641931483],[80.56646418261248,7.257696767474767],[80.56642714241669,7.257697377938501],[80.56641003098932,7.257697659404358],[80.5663824224926,7.257704380067631],[80.56635954054069,7.257704761049411],[80.5663423657191,7.257705047004902],[80.5663026851264,7.257708848421177],[80.56627110301575,7.257709373679552],[80.56625385846245,7.257709660503719],[80.56624852660363,7.257712897244325],[80.56621236615285,7.257700917509678],[80.5661701676476,7.257685955304583],[80.56615223589976,7.257680057289863],[80.5660903374092,7.257640800945298],[80.56607467887171,7.257628721271742],[80.56606863085221,7.257625745128301],[80.56603175964636,7.257601791196203],[80.56601940057986,7.257592812089654],[80.56601022510245,7.257586853015316],[80.5659423137658,7.257533297765937],[80.56593012489581,7.25752444714669],[80.56580472403672,7.257487169788394],[80.56567209369719,7.257426766961071],[80.56565476599481,7.257413096737327],[80.5656106187121,7.257382515388696],[80.56558736288896,7.25736900970716],[80.56555881446441,7.257338608314518],[80.56549924687387,7.257278408450164],[80.56547979335966,7.257265561955765],[80.56546981269578,7.257255978961487],[80.56542885403222,7.257207942443395],[80.56539050598484,7.257179842457434],[80.56538393880717,7.257173539139334],[80.56518792397875,7.257148150209852],[80.56514621990343,7.257143140881915],[80.56501579942109,7.257102130732517],[80.56501136558043,7.257082797419923],[80.56498493707225,7.257044946440344],[80.56496523175743,7.257016728493446],[80.56491401562681,7.256954768150135],[80.56488589789602,7.256927253446971],[80.56487635591131,7.25691498215649],[80.56482191545554,7.256832598465133],[80.5648121815371,7.256814405718936],[80.56480911658083,7.256811416479783],[80.56477370293233,7.256748017503803],[80.56476391689287,7.256727030441255],[80.56474522067111,7.256700257124487],[80.56470705570636,7.256623571770908],[80.56470638517692,7.256608899169524],[80.56467975772803,7.256522100058235],[80.56467655683295,7.256513516746889],[80.56469443973603,7.256397073677755],[80.56454692348181,7.256342894230943],[80.56451474813488,7.256336032759998],[80.56450721363527,7.256333963821563],[80.56443970358933,7.256337082914124],[80.56436824808962,7.256347449034497],[80.56425728206624,7.25641250511519],[80.56419975701246,7.256450640667783],[80.56411661130298,7.256479991614301],[80.56329351551287,7.256343179739228],[80.5631745637556,7.256308273962563],[80.56316206117626,7.256308098989916],[80.56312610615709,7.25630068492767],[80.56290052396689,7.256273751065024],[80.56287796197206,7.256271770893247],[80.56274032193731,7.25629542148044],[80.56272832907246,7.256293617184777],[80.56248471979973,7.256252016818996],[80.56244616605062,7.256251608005435],[80.56242369198569,7.256251368632422],[80.56233094462283,7.256256767927505],[80.5621358557522,7.256245129840512],[80.56205729904482,7.256288879951169],[80.56204460388382,7.256291880762687],[80.56194563891601,7.256325490337415],[80.56193914312257,7.256325388702125],[80.56192072672097,7.256341106709566],[80.56187968015696,7.256353456360391],[80.56187022426566,7.256356552743857],[80.56182937993451,7.256372119084792],[80.56181025685818,7.256375096958934],[80.56178490088737,7.256381211621433],[80.56171413710527,7.25638032814274],[80.56168201488914,7.256379926824898],[80.56166596600688,7.256379725718737],[80.56159576879946,7.256385266644823],[80.56157688690122,7.25639144946642],[80.5615642415196,7.256394498215831],[80.56150166415372,7.256422614991625],[80.56148261262118,7.256425581129773],[80.56147636614115,7.256428716099606],[80.56142578098162,7.256440917412077],[80.56140020619556,7.256440576143445],[80.56137464680425,7.256440235784945],[80.56133939026591,7.25643040200262],[80.56130070857218,7.256417157380576],[80.56126520643863,7.256403893462078],[80.56121678603583,7.256380971816063],[80.5611782063682,7.256364576646956],[80.5611589127491,7.256354818235636],[80.56112047161284,7.25633848461984],[80.56106926974263,7.256312586489642],[80.56099939218852,7.256289618477948],[80.56097711337893,7.25627679396718],[80.56088517681266,7.256222549266278],[80.56084731446418,7.256200316241917],[80.56067542742746,7.25612130544442],[80.56063250569129,7.256110152210295],[80.56045037513007,7.256062390919011],[80.56030689581755,7.256044181511231],[80.5602427328273,7.256129030496425],[80.560180115019,7.256217130265068],[80.56009585242906,7.256328209764973],[80.56004206395902,7.256448895683479],[80.5599873030095,7.256574931880208],[80.55996177993794,7.256564905490755],[80.55988964369806,7.256536568301916],[80.55986720150301,7.256645825205391],[80.55986144998931,7.256742583579847],[80.55985965813903,7.256751373436145],[80.55984311301337,7.256832551887794],[80.55984116274824,7.256935913470686],[80.55982491412152,7.257016298085767],[80.55980703714468,7.257100636431795],[80.5598034066789,7.257108054490619],[80.55978021698752,7.257142248618735],[80.55977510218692,7.257149790763002],[80.55973398984435,7.257210407251147],[80.559678526985,7.257294572121248],[80.55963918466117,7.257374945708233],[80.55958299884037,7.257457752864172],[80.55954268310576,7.257501898774608],[80.55954032187805,7.257504484852437],[80.55950173213114,7.257529876380429],[80.55949899965324,7.257532367329139],[80.55944112113988,7.257585100223838],[80.55941438025778,7.257636903896428],[80.55941509459412,7.257659964816995],[80.5594166031449,7.257684907062963],[80.55941967774726,7.257735747428425],[80.55942132809244,7.257763383654656],[80.55942251846882,7.257783301452319],[80.55942841225935,7.257832131998903],[80.55942887818156,7.257834985291056],[80.55943238613821,7.257856476775113],[80.55945608497437,7.257878719430354],[80.55947530854067,7.257896764894814],[80.5595037161908,7.257923429115391],[80.5595401927229,7.257946334390544],[80.55957578203954,7.257968679476988],[80.55966648746157,7.258041247707675],[80.55976732776,7.258109441225304],[80.55964644665661,7.258273747488818],[80.55963574413923,7.258296737850286],[80.55963344263331,7.258301307993229],[80.55962655152857,7.258311591127702],[80.55959663268511,7.258367566640866],[80.55959433027326,7.25837213587884],[80.55959087067627,7.258380129152129],[80.5595715257509,7.258494449782765],[80.55957907652089,7.258780320099796],[80.55963392093042,7.25877778349173],[80.55963625466708,7.258777777371216],[80.55964203840972,7.258776576507198],[80.55969563738552,7.258776416704411],[80.55969912848212,7.258776406614325],[80.5597038424815,7.258777575411859],[80.559713389792,7.25878228142792],[80.55975569556956,7.258790434894092],[80.55976325870317,7.258791367219009],[80.55985513906305,7.258905220026967],[80.55986388499834,7.258909763787983],[80.55986785821398,7.258916622092276],[80.55995983496176,7.259007021880551],[80.55997976774998,7.259021133953563],[80.560008435731,7.259047120042477],[80.56004464764149,7.259070656355278],[80.56019026138324,7.259208586387198],[80.5601994300995,7.259221019464833],[80.56020869508225,7.259230985655092],[80.56022045803334,7.259238389341072],[80.56031049126523,7.25930080544666],[80.56032724826616,7.259310838500644],[80.5603512809374,7.259320741179012],[80.56046495599817,7.259373364070883],[80.56066959301533,7.259483831266918],[80.56069207681875,7.259494373436913],[80.56070232794349,7.259502597497895],[80.56086205323236,7.259663139740288],[80.56088614666974,7.25968052731914],[80.5608914421563,7.25968343625573],[80.5610336946105,7.259814057679185],[80.56138573163892,7.259972109134512],[80.56138650289884,7.259799232468231],[80.5614034683301,7.259501994949281],[80.56140041282835,7.259481012814656],[80.5613961811732,7.259451930298884],[80.56139021730601,7.259410973490472],[80.5613660180519,7.259286490421904],[80.56129574533206,7.259238428809105],[80.5612410635211,7.259079715256384],[80.56121040086647,7.259081384536366],[80.56113552499882,7.259071472274347],[80.56113148083597,7.259070937724024],[80.5614233761275,7.258414806637004],[80.56148964072769,7.258441499506326],[80.56185597165046,7.258466016490618],[80.56209664246889,7.258520996778461],[80.56234698899483,7.258428011613844],[80.56262729301746,7.258414882965225],[80.5628907561141,7.258540836785478],[80.56328321295268,7.258420918166165],[80.56358793971368,7.258264073465193],[80.5636951188479,7.258211060182944],[80.56381562210487,7.258040244366585],[80.56383219759563,7.258037678483193],[80.56400515367778,7.2578076373408],[80.56414177511739,7.257662682033663],[80.56422131124029,7.257600654286764],[80.56434307577298,7.257450815077109],[80.56435934141409,7.257431076347999],[80.56444168344515,7.257360379429081],[80.56473599058168,7.25744300522152],[80.56471801798224,7.257631148484331],[80.56492367717424,7.257781611501283],[80.56517424112577,7.257870882254243],[80.56516718513399,7.25808740487417],[80.56522285989804,7.258280987411334],[80.56537460447848,7.258453133817132],[80.56538648145737,7.25845890787345],[80.56540212693425,7.258464052477954],[80.5656147717069,7.258661051070224],[80.56566002949049,7.258788692497188],[80.56567579467065,7.258785731895694],[80.56585151038524,7.258806993938935],[80.56586393869412,7.258809295721699],[80.56600805769847,7.258714242673319],[80.56602260302847,7.258703486417245],[80.56625049194795,7.258631685501386],[80.56626234908616,7.258629510717332],[80.56627889478068,7.258630679495621],[80.56630338954415,7.258630537096571],[80.56635963184415,7.258624795477398],[80.5666328036163,7.258648406439127],[80.56690490209597,7.258690042181209],[80.56698943835394,7.258834535172801],[80.56716212468856,7.258956266813137],[80.56722810109109,7.259129457352851],[80.56735895404601,7.259261346658366],[80.56736624193024,7.259260259425643],[80.56747791576885,7.259412516492016],[80.56764353515374,7.259451698266943],[80.56776532812309,7.259457023603972],[80.5677708109062,7.259464312983445],[80.56782024498433,7.259547017775806],[80.56797557675793,7.259653182639541],[80.56798817805834,7.259655515190684],[80.5680129301754,7.259659080454713],[80.56831233214211,7.259774281967824],[80.56855353470336,7.259854049634016],[80.56880349594555,7.259950506443933],[80.56883584898361,7.259941860739412],[80.56898572601729,7.25997633879879],[80.56905267012053,7.260096852164576],[80.56918050608334,7.260304663827177],[80.56921934083816,7.26039434303465],[80.56925043314793,7.260455302615038],[80.5691939031384,7.260456050902825],[80.5692234027666,7.260534215901115],[80.56922631639569,7.260551376349889],[80.56925248421716,7.260673295354061],[80.56925620776573,7.260681868925932],[80.56926347082967,7.260703402751788],[80.56937292804118,7.260831441166658],[80.569387386702,7.260837904471391],[80.56940179090874,7.260846606801167],[80.56940795065134,7.26085097738529],[80.56953880046666,7.260920875315949],[80.56955971312881,7.26093186487157],[80.56957858104211,7.260940635243418],[80.56959116413115,7.260947248705756],[80.56970707700609,7.260915839035187],[80.56969493118982,7.260915469072144],[80.56984564954617,7.260889246910447],[80.57000413403681,7.260750511425634],[80.57053944745462,7.260372023048001],[80.57053478051031,7.260329005118638]]]]}},{"type":"Feature","properties":{"GND_N":"Yalegoda West","GND_NO":"12","GND_C":"165","PROVINCE_N":"CENTRAL","PROVINCE_C":"2","DISTRICT_N":"KANDY","DISTRICT_C":"1","DSD_N":"UDUNUWARA","DSD_C":"39","Admin_Code":"2139165","GND_NO_Cen":"12","GND_NAME_C":"Yalegoda West","GND_NO_Gaz":"12","GND_NAME_G":"යාලේගොඩ","shape_1":"Polygon","Area__Ha_":49.0016161763,"MWS_ID":"123","Alt_MWS":null,"Area":0.49001616176,"Density":1697.90318141,"Total_Pop":832.0},"geometry":{"type":"MultiPolygon","coordinates":[[[[80.58484059556693,7.247203491378437],[80.58484373445596,7.247188123170614],[80.58484720020928,7.247177160863452],[80.5848456907224,7.247157593828812],[80.58488717798515,7.247161961899512],[80.58491327674797,7.24708480692362],[80.58500420281055,7.246926959353764],[80.58500872643634,7.246913465442446],[80.58502690040747,7.246872889788698],[80.5850450928719,7.246814228990389],[80.5850587859896,7.246778051787377],[80.58506788507442,7.246741950421515],[80.585072347912,7.246687927441126],[80.58507688803283,7.24666537332609],[80.58508139671794,7.246629320669892],[80.58508596736752,7.246620265095409],[80.58513597775732,7.246493927895306],[80.5851495874065,7.246462373449479],[80.58515867342967,7.2464443319069],[80.58516323401517,7.246439807788647],[80.58523542579945,7.246214093402721],[80.58526129164584,7.246134945219474],[80.58532303730284,7.246034401832356],[80.58533219479638,7.24600573927878],[80.58536128162166,7.245965601352801],[80.58540819963531,7.245941747458153],[80.58542803902496,7.24592665392952],[80.58544598184984,7.245897180284356],[80.5854747231131,7.245813093086956],[80.58551406313794,7.245722768836099],[80.58554948919704,7.245679919743684],[80.58559016655612,7.245641683891067],[80.58561400508496,7.245585357628864],[80.58563522810292,7.245510128529794],[80.58565673279298,7.245408945150564],[80.58565711802558,7.245354234988005],[80.5856582173314,7.245326383824532],[80.5856860590914,7.245285831182064],[80.58569468233517,7.245284987464926],[80.58569937809742,7.245281991669185],[80.58570985492958,7.245279289481995],[80.58576454833643,7.245285101749798],[80.58581671103563,7.245279244730781],[80.58583845133089,7.245265960584817],[80.58586572752672,7.245222203748693],[80.58588051057858,7.245169399554642],[80.58588180101714,7.245115501833683],[80.5858756683113,7.245077046497679],[80.58587322065095,7.245061692218051],[80.58586988023936,7.245037365975455],[80.58587541362535,7.245015032010944],[80.58591074789759,7.244974895757099],[80.585939643713,7.244936474076328],[80.58595704861234,7.244913331207393],[80.5859582399362,7.244881952395002],[80.58595028052765,7.244856810346721],[80.58594985515782,7.244856214233047],[80.58592186215756,7.244817099552504],[80.58587408504184,7.244730627285613],[80.58587029948416,7.244685953136421],[80.58586640991454,7.244677632825113],[80.58586034549296,7.244670666248799],[80.5858253110898,7.24464587548476],[80.58579779670283,7.244603541678909],[80.58579390755311,7.244594226633967],[80.58579237225672,7.244584277754438],[80.5857934625547,7.244575686429175],[80.58579772186683,7.244568272929522],[80.58580839647573,7.244558201657926],[80.58582607757029,7.244541518344882],[80.58583694692437,7.24453564492829],[80.58588658352994,7.244509080112564],[80.58589636691583,7.244501487159959],[80.5859019853834,7.244492175192152],[80.58590417911029,7.244443705473771],[80.5858975083916,7.24437099672552],[80.58590132193711,7.244346853433913],[80.58593222426711,7.24429595411541],[80.58596574304732,7.244263864486377],[80.58607789306404,7.244170587345462],[80.58613639854336,7.244157590754417],[80.58621545602531,7.244151021488539],[80.58635220606733,7.244135072462052],[80.58637385657407,7.244115459034116],[80.5863840100078,7.244091318385055],[80.5863718090081,7.244035607322908],[80.58634777600365,7.243897240740289],[80.5863420846528,7.243836288342905],[80.5863369585601,7.243781393202768],[80.58634549570979,7.243722255353773],[80.58636590392064,7.243641690481335],[80.58638560105807,7.243537794293564],[80.58641435349999,7.243424046790757],[80.58643809946011,7.243378478928485],[80.58647925154138,7.243282820847388],[80.5864886979364,7.243219160953866],[80.58648764584493,7.243132167469889],[80.58648518829372,7.243125272038191],[80.58647000700695,7.243082694734161],[80.58645893452668,7.24306769948201],[80.58644068493759,7.243042984498029],[80.5864319118029,7.243016936004994],[80.58643839149866,7.242964211514067],[80.58643863502168,7.242962228479201],[80.58646076353259,7.242884377225675],[80.58649637939533,7.242820006617975],[80.58653614956006,7.242782674592052],[80.58659122097798,7.242754393783082],[80.58665626081176,7.242704682428556],[80.58669159520896,7.242663642705053],[80.58673798722853,7.242599456524612],[80.58678228799744,7.242557606657215],[80.58684994943945,7.242518659380478],[80.58690935727282,7.242512805244536],[80.58693625314812,7.242513901605453],[80.58698278826465,7.242538517113951],[80.58705249782544,7.242584848246133],[80.58715334411725,7.24266907899717],[80.58717942264961,7.24266927160533],[80.5872002594715,7.242650561194635],[80.58721504077027,7.24260137325252],[80.58723364079968,7.242515381762023],[80.58726129836465,7.242424962949336],[80.58728180621638,7.242326402435845],[80.58728509748403,7.242288429404149],[80.58728871996607,7.242246645776787],[80.58729511181387,7.24212194503697],[80.58731142645766,7.241870012068681],[80.58731414888841,7.241851922616131],[80.58732477617458,7.241781305480052],[80.58734881237767,7.241686364542039],[80.58734838497885,7.241625415239242],[80.58734506588986,7.241599760590036],[80.5873382769716,7.241547278347757],[80.58734247553674,7.241463813818376],[80.5873583004564,7.241424383731791],[80.58736626141389,7.241404546627461],[80.58736722412505,7.241402149719681],[80.58740446509009,7.24134682273675],[80.58745982424705,7.241277213473045],[80.5874818507225,7.241226310348706],[80.58752452969273,7.24116203210627],[80.58757135484852,7.241144417621406],[80.58762714094047,7.241136844612659],[80.58770185522442,7.241124848358313],[80.58773799903516,7.24109456918404],[80.58776084098015,7.241049001771359],[80.58776666103049,7.240988053246123],[80.58776642313829,7.240904586870323],[80.58775531450658,7.240832780596021],[80.58773591349046,7.240667555463357],[80.58774082402883,7.240618273879985],[80.58775651042546,7.240569900160716],[80.58777637752982,7.240535294380198],[80.58778469392846,7.240520807271778],[80.58783652455979,7.240443150908441],[80.58791734735115,7.24033159246011],[80.58796426776765,7.240302401985922],[80.58801561876881,7.240289310841322],[80.58806415692447,7.240289693549177],[80.58807158237329,7.240290148772536],[80.58839660091164,7.239952931886259],[80.58847287041742,7.239950473827805],[80.58860400260488,7.239952545437188],[80.58873831362955,7.239912259850761],[80.5887895280776,7.239865687637115],[80.58879795760903,7.239844669677187],[80.58881494105071,7.239819395973154],[80.58884910202035,7.239781272865375],[80.58885764306235,7.239764323410469],[80.58887478875359,7.239743047695518],[80.58892193006511,7.239696171750857],[80.5889304611315,7.239679246706505],[80.58894331190602,7.239670690958634],[80.58902441471365,7.239577412001505],[80.58904571960548,7.239556234751687],[80.58904997380695,7.239547793022532],[80.58907124773893,7.239518243718914],[80.58907975899513,7.239509804645237],[80.58913937094033,7.239429611135091],[80.5891436378201,7.239421161271435],[80.58917774792039,7.239378888268192],[80.58923307723566,7.239340882349438],[80.58925859392187,7.239324005878098],[80.58935163883379,7.2392821124714],[80.58936425587153,7.239273756466039],[80.58937686936308,7.239269611799357],[80.58947749825876,7.239232334332526],[80.58950289229723,7.239152584300148],[80.5895029372542,7.239135764276936],[80.58950731437074,7.23906847595937],[80.58950735933415,7.239051639658625],[80.58949910595489,7.238996824638098],[80.58948233377556,7.238979823181044],[80.58946979660665,7.238945974482536],[80.58947834865081,7.238891203436682],[80.58950786844669,7.238861974001416],[80.58954563532525,7.238799427083591],[80.58957520184708,7.238790864611145],[80.58956024058513,7.238668738637177],[80.58953488680741,7.238531917085601],[80.58952954303787,7.238512227304614],[80.58952266304988,7.238486873241283],[80.58951842116211,7.238489644998818],[80.58951776077046,7.238490220769015],[80.58950247754103,7.238503564726794],[80.58948227992485,7.238510066516327],[80.58946477617228,7.23851041381802],[80.58945094903203,7.238510687571279],[80.58941681372865,7.238497833352805],[80.58938160205624,7.238464358765071],[80.58937139186712,7.238448913592202],[80.58935648655071,7.238426361379307],[80.58935182581077,7.23841931132467],[80.5893457409516,7.238404866196624],[80.58933708047573,7.238384309632806],[80.58930119268088,7.238231376290126],[80.58926386148836,7.238065150900457],[80.5892139445565,7.237895211786171],[80.58919332706147,7.237810971071216],[80.58917742141672,7.23774598671935],[80.58914404814816,7.237644328396719],[80.58910965907673,7.237588247447424],[80.58907743685111,7.237552333351769],[80.58905996401927,7.237541474524313],[80.58903859607605,7.237531338440776],[80.58899685724474,7.237517575856598],[80.58890087675846,7.237491673275712],[80.58879502283231,7.237479240727678],[80.58875952403633,7.237483475424681],[80.58872302548095,7.237492142601922],[80.58864096904601,7.237522855093495],[80.58860456850014,7.237531004135684],[80.58852848897237,7.237548038770321],[80.58846057187094,7.237557014896386],[80.58843231232103,7.237560749762358],[80.58841014521087,7.237560516345551],[80.5883966334076,7.237560372409543],[80.58838673185522,7.23755856604547],[80.58836783877113,7.237555116466969],[80.58833895459084,7.237547417962344],[80.58832066579313,7.237536739630698],[80.58830500590494,7.237523711195474],[80.58829170212174,7.23750670389396],[80.58829025430552,7.237501910488367],[80.58828302698792,7.237462661643267],[80.58828276655032,7.237433362108039],[80.58828068911923,7.237420429712411],[80.58826867314171,7.23739007452082],[80.58826714977279,7.237386226985201],[80.58826711901523,7.23738615101103],[80.58825327339973,7.237365527175611],[80.58823308496615,7.237352134241549],[80.58817803387758,7.237335382786326],[80.58815485924978,7.237329913929058],[80.5880202890498,7.237298156126275],[80.58801286538457,7.237300068370063],[80.58798602103957,7.237378497439073],[80.58795070108438,7.23745150079641],[80.58781144045167,7.237451522730201],[80.58765733832765,7.237354140484712],[80.58763501608955,7.237341528862641],[80.5875138595193,7.237262976966461],[80.58750655699,7.237258856644905],[80.58749197637658,7.237250628671887],[80.58743399075945,7.23721780553669],[80.5874049183947,7.237205434360481],[80.58739749196481,7.237205283877254],[80.58732591076077,7.237164811010752],[80.58730799402687,7.237156694684916],[80.587276218121,7.237136715378933],[80.58723811536883,7.237105161073987],[80.58722377935763,7.237101062242954],[80.58719095702955,7.237058393527138],[80.58715757110922,7.23705783707447],[80.58693195263048,7.237084478095515],[80.58672457045562,7.236889513519859],[80.58666966157203,7.236862122816071],[80.58666024588922,7.236857030379267],[80.58659866733267,7.236823717319402],[80.58657823335415,7.236819501080698],[80.58653775807569,7.236807537459991],[80.58653053878257,7.236814467743672],[80.58651841420118,7.236907749709042],[80.58648842149657,7.236950331696068],[80.58648035718076,7.236968408972704],[80.58646927411601,7.236979068799354],[80.58641957644248,7.237047621387526],[80.58641507145772,7.237062365981408],[80.5864124396612,7.23709974697111],[80.586406040022,7.237141004041273],[80.58641114882869,7.237167838658184],[80.58642811095969,7.237176258466642],[80.58644864091417,7.237184871474779],[80.58659398065825,7.237320922998673],[80.586697399778,7.237451750944329],[80.58661996188118,7.237520745957031],[80.58659282984296,7.237543743741617],[80.58654187278648,7.23759425677464],[80.58653745669953,7.237606464835846],[80.58651256786311,7.237650789733504],[80.58651156293082,7.237667543340379],[80.58649958032663,7.237683255134084],[80.5864939936742,7.237716339450888],[80.58650806390702,7.237730204669078],[80.58651871028006,7.237739586732569],[80.58661805699258,7.237859989094422],[80.58662543973321,7.23786503004424],[80.58668745257538,7.237940786755326],[80.58669241583111,7.238023457510632],[80.58668379067963,7.238048711106462],[80.58663839112967,7.238122760954393],[80.58661467095008,7.238133380249529],[80.58661080528535,7.238132959041763],[80.5865382578072,7.238111907368561],[80.58639387667613,7.237958889688827],[80.58638642965535,7.237958145053057],[80.58632860727076,7.237926918845437],[80.586299807117,7.237915383288454],[80.5862741735804,7.237912810696463],[80.5862559155261,7.237910979093996],[80.58619606779115,7.237926428538271],[80.58619209889773,7.237930324427395],[80.58616804591152,7.237961512840876],[80.58613218230482,7.23800420538532],[80.58611940889472,7.238141493167347],[80.58611640093238,7.238162360515135],[80.58610443931184,7.238281365433047],[80.58610448223432,7.238302113783162],[80.5860923474371,7.238335178175028],[80.58608628383392,7.238350215107104],[80.5860651011622,7.238410172406019],[80.58606511045075,7.23841609830858],[80.58605606484156,7.238454873760626],[80.58603798246978,7.238526430946125],[80.58603799832973,7.238538281845783],[80.58603501291998,7.238567979722364],[80.58601993546084,7.238621623917143],[80.5860138640642,7.238633635046249],[80.58600777591131,7.238657532329022],[80.5859955837087,7.238725956755538],[80.58598952731298,7.238749699415341],[80.58598347693818,7.238776358455224],[80.58596541937415,7.23883836530102],[80.58595942743375,7.238853081233141],[80.58595344151313,7.238870716258256],[80.58593851479166,7.238914688085706],[80.58591474056526,7.23900219840776],[80.58590587356498,7.239016660835634],[80.58588524728322,7.239036741300246],[80.58583251795298,7.239091184508606],[80.58579751262774,7.239108155382443],[80.58576262867005,7.239125067524638],[80.58574233054442,7.239142149450612],[80.5857365370737,7.239147851368841],[80.58566443143201,7.23917844629938],[80.58563001000806,7.239189365808045],[80.58557004708696,7.239211257371555],[80.58555866545794,7.239216778797638],[80.585530261806,7.239233425963843],[80.58549629292864,7.239247041379494],[80.58547936629074,7.239246678891205],[80.58514175062808,7.239300215728322],[80.58514166762785,7.239305925463188],[80.5850458189455,7.239364472275615],[80.58504020690876,7.239367236180169],[80.58502075979519,7.239369706701291],[80.58499857790505,7.239372116387945],[80.58497642771093,7.239374522469631],[80.58486325198646,7.239392166659598],[80.58485505127857,7.239391985966337],[80.58483574151977,7.239397287910196],[80.58479738794,7.239402156817258],[80.58476706422367,7.239412914305149],[80.58466801368795,7.239445042282973],[80.5846438694607,7.239438816840233],[80.5846250568423,7.239435566086057],[80.58459805498308,7.239435000374426],[80.5845711020252,7.239434432873191],[80.58447344451619,7.239485162004588],[80.58444660826426,7.239531976407688],[80.58443954589019,7.239531695809152],[80.5844133106124,7.239534279192845],[80.58421679478484,7.239560700504149],[80.58420370101818,7.239563354532325],[80.58409129301218,7.239645439486115],[80.58408165074472,7.239655706487068],[80.58387340581056,7.239616329223501],[80.58385060574192,7.239605128831967],[80.58367399545097,7.239545294148286],[80.58363676200135,7.239812584927708],[80.58363429578012,7.239849713660226],[80.58363430567732,7.239858395877486],[80.58362407498787,7.239925753075657],[80.58362146078795,7.239946691104502],[80.58359236084132,7.240020443680816],[80.58358679457476,7.240049729888576],[80.5834842429622,7.240194679671737],[80.58347783857153,7.24030817421515],[80.5834724650497,7.240316455353187],[80.58338154196427,7.240452282002845],[80.58319038331956,7.240612039173099],[80.58308518542975,7.240724988973951],[80.58307599494853,7.240748121661611],[80.58304321076615,7.240871358801034],[80.58304311282954,7.240895063251977],[80.58308557181071,7.241051040079423],[80.58310004073373,7.241087718419944],[80.58310973062984,7.241106083500991],[80.5831980760252,7.241222882789864],[80.5832129165903,7.241235344052503],[80.58335400499611,7.241369191908464],[80.58337484694187,7.241391887898632],[80.58334700146817,7.241618002459486],[80.58324701760789,7.242014049233343],[80.5830415715172,7.242306700215667],[80.58298619144436,7.242436277753876],[80.58298605737002,7.242449145022277],[80.58294155239393,7.242758964679761],[80.58293608135526,7.242779230493727],[80.58291964655768,7.242833525988438],[80.5828288996707,7.242930436802467],[80.58255620164456,7.242972696362277],[80.582176647877,7.242975130790823],[80.58190079173235,7.243356191972177],[80.58160100675678,7.243826856413315],[80.58154758963472,7.243854572125005],[80.5815076654359,7.243882518780755],[80.58142694774415,7.243917173255096],[80.58124905457002,7.244007255073715],[80.58120921366645,7.244081483046092],[80.58120379775097,7.244095485658801],[80.58117381183229,7.244151584777157],[80.58116840494374,7.244165649790093],[80.58116306444612,7.244185367627606],[80.58115760895029,7.244196643749998],[80.5811220317542,7.244270171803886],[80.58111654000187,7.244281521158669],[80.58111104462265,7.244292880459151],[80.58108066982376,7.24434982583064],[80.58107803267382,7.244366935009737],[80.58107523774729,7.244369798640871],[80.58106982978764,7.244392648952484],[80.58104510633166,7.24446718543419],[80.58104232555426,7.244472940126809],[80.58103681857523,7.244490198187568],[80.5810031958559,7.244565150441709],[80.58095744085543,7.244579823900118],[80.58094883787973,7.244579881697281],[80.5809344803011,7.24457709841608],[80.58084238598722,7.244545997855762],[80.58082511121867,7.244546101660061],[80.58079051764653,7.244543424522312],[80.58073273045846,7.244517795249935],[80.5807153770213,7.244509233083902],[80.58070379934661,7.244500639942184],[80.58063138533305,7.244428864131478],[80.58055603178273,7.244365639938952],[80.58047371867238,7.244328163660089],[80.58037599168436,7.244366451341305],[80.58022543727039,7.244335344459495],[80.5800517118859,7.244360951721571],[80.58004441386548,7.244360963945412],[80.58003857563051,7.244360973181896],[80.57996911247244,7.244382477358273],[80.57996563446825,7.2443859610391],[80.57991455166388,7.24441806433391],[80.57987527571524,7.24443554110605],[80.57984507052382,7.244460141367709],[80.57979947756095,7.244495798216904],[80.57980736571862,7.244515285729286],[80.57981536605017,7.244535045485075],[80.57987175667641,7.24463411358898],[80.57993932734747,7.24469808148624],[80.58000148389057,7.244769769781104],[80.58002105897,7.244792346006378],[80.58013451633488,7.244933088171591],[80.58013525850794,7.244934008167498],[80.58013854035953,7.244938079849237],[80.58016754444846,7.244966581509193],[80.58017446100273,7.244973380326398],[80.58023050764506,7.245028459342638],[80.58033061966775,7.245131502564738],[80.58040168310451,7.245189588507914],[80.58048766899941,7.245242614963085],[80.5805907588974,7.245324125253696],[80.58063978053106,7.245416167280085],[80.58065261249276,7.245430956340601],[80.58069729345122,7.24556771968364],[80.58070196665626,7.24558350720038],[80.58070413108285,7.245595869948211],[80.58068417514251,7.245698184108626],[80.58077066901862,7.245766318914804],[80.580780050064,7.245772196394205],[80.58080886107001,7.245784564268677],[80.58083611164659,7.245788815354589],[80.58108268367971,7.245877296066509],[80.58111635123005,7.24588984325023],[80.58129229893932,7.245915926488702],[80.58141086611656,7.245974796785521],[80.58147598092988,7.246012185050019],[80.5815554799334,7.246114935227056],[80.58155691660816,7.246120259472056],[80.58159031868354,7.246282925267115],[80.58161403683911,7.246354201705802],[80.58161641166147,7.246389125081776],[80.5816176166228,7.246406839982006],[80.58161903035143,7.246414991066949],[80.5816220396584,7.246423256777266],[80.58164070228163,7.246453770512945],[80.58164709318302,7.246457428440378],[80.58171366390806,7.246457643222997],[80.58178389016761,7.246454294798849],[80.58183105361161,7.246452045174821],[80.58183653847088,7.246444122212478],[80.5818394718333,7.246437329441383],[80.58184156137979,7.246404775439959],[80.58187109564027,7.246405341504096],[80.58196010321356,7.246407044379595],[80.58199134990767,7.246407642818496],[80.58209931668513,7.246356415891483],[80.58210632055521,7.246360329992028],[80.58225854068307,7.246445400337341],[80.58228165636125,7.246458318218494],[80.58235566144353,7.246487075871796],[80.58242588094454,7.246514361502876],[80.58243116592284,7.246516416523557],[80.58251299301199,7.246548213231113],[80.58262264339464,7.246583528663392],[80.58269942205625,7.24661711099373],[80.58273798608722,7.246634091227756],[80.58280718187972,7.246664558606273],[80.58284682244926,7.246682012239708],[80.58287328106591,7.246710925011106],[80.58288548008079,7.246719481287216],[80.58298786890572,7.246730962454953],[80.58300314709088,7.246728426051834],[80.5831824475364,7.246723009514632],[80.58329950884026,7.246712534949184],[80.5833152079656,7.246712481929463],[80.58340763308044,7.246727386080694],[80.5834288720055,7.246734960487886],[80.58343690449534,7.246734934053464],[80.5835279597544,7.24675771045877],[80.5835387895739,7.24675768882588],[80.58359350669554,7.246742134503552],[80.58360454699277,7.246736948485469],[80.58361560359397,7.246731753430999],[80.58366275595846,7.24671088130691],[80.58367961702639,7.246697838458275],[80.58369645527108,7.246687357488957],[80.58371326615882,7.246679452865874],[80.58374978762647,7.246663566171519],[80.58379208582703,7.246647554413554],[80.5838034367952,7.246642222025007],[80.58383415895361,7.246626292174612],[80.58385085868791,7.246615695389982],[80.58387309222634,7.246607661028001],[80.58388424396703,7.246602324935822],[80.58395506367444,7.246568435411265],[80.58395984781143,7.246570643029656],[80.58396842829207,7.24657460569701],[80.58400336932439,7.246608260539155],[80.58402283036479,7.246627077362817],[80.58408710617212,7.246676932527525],[80.58413082743256,7.246717644633636],[80.58413225429616,7.246718417511303],[80.58414004138402,7.246722641183632],[80.58418623699158,7.246747690902501],[80.5842506024872,7.246797544274022],[80.58425392356003,7.246801071553339],[80.58428979640519,7.246839158755529],[80.5843532592694,7.246879970512788],[80.58440795100996,7.246896541436899],[80.58441003053673,7.246900068191066],[80.58442034685767,7.246917256106246],[80.58442768493207,7.246948946876119],[80.58444032453698,7.247003533211708],[80.58444294300598,7.247019610106763],[80.58445111984145,7.247050847270191],[80.58445337466932,7.247063836722117],[80.58445571300751,7.247074220913061],[80.58447064893802,7.247107948665223],[80.5844784944813,7.2471131580466],[80.58457837970452,7.247162741503794],[80.58458363458296,7.247165349016135],[80.58459691830652,7.24716800241638],[80.58462102295262,7.247168141895678],[80.58473729295876,7.247191749799848],[80.58474504474378,7.247191685243529],[80.58479104307023,7.247201604025566],[80.584835833482,7.247224089389779],[80.58484059556693,7.247203491378437]]]]}},{"type":"Feature","properties":{"GND_N":"Thalawatta","GND_NO":"4","GND_C":"020","PROVINCE_N":"CENTRAL","PROVINCE_C":"2","DISTRICT_N":"KANDY","DISTRICT_C":"1","DSD_N":"UDUNUWARA","DSD_C":"39","Admin_Code":"2139020","GND_NO_Cen":"4","GND_NAME_C":"Thalawatta","GND_NO_Gaz":"4","GND_NAME_G":"තලවත්ත","shape_1":"Polygon","Area__Ha_":30.1936522563,"MWS_ID":"123","Alt_MWS":null,"Area":0.30193652256,"Density":2272.00073107,"Total_Pop":686.0},"geometry":{"type":"MultiPolygon","coordinates":[[[[80.57524051303487,7.260148018499772],[80.5753135960287,7.26014235467427],[80.57537517490125,7.260149435494514],[80.57544127405193,7.260173970426765],[80.57550801045751,7.260186931473195],[80.57553889508397,7.260181067175013],[80.57559170772488,7.260143200290145],[80.57564823127287,7.260112027776952],[80.5757089113974,7.260103645498492],[80.57576550988168,7.260105659070244],[80.57579339602096,7.260118240281668],[80.57590277975827,7.260150301781796],[80.57595909934676,7.260170673437103],[80.5759887142942,7.260166889346073],[80.57600878638908,7.260151949191957],[80.57601154305193,7.260149897643466],[80.57604861511237,7.260077750719224],[80.57606575520121,7.260023138452945],[80.5760814301052,7.260001079500069],[80.57615371216565,7.259971632047531],[80.57623115658758,7.259937122768754],[80.57627657537675,7.259926830130314],[80.57634931807225,7.259910345111218],[80.57649872601009,7.259876490548646],[80.57654058269075,7.259867004761097],[80.57658250394334,7.259893831238263],[80.57659009683236,7.259880829814737],[80.5766194016231,7.259826679550261],[80.57667120944241,7.259707548817022],[80.57676332672915,7.259460669703044],[80.57682234935719,7.259284118951528],[80.57688853385766,7.259162122442837],[80.57697342828658,7.258998504602089],[80.57706409479549,7.258781771486778],[80.57712453264865,7.258652595875057],[80.57720652292112,7.258552139484325],[80.57727126461046,7.258444500783616],[80.5772900018267,7.258332532907604],[80.57730878809377,7.258117204243998],[80.57731606644253,7.257909047977725],[80.57730750280399,7.257765485384567],[80.57729748044419,7.25767503903965],[80.57730037591685,7.257629102673548],[80.57731766895948,7.257532925983537],[80.57737670190687,7.257327663549447],[80.57744008339598,7.257046317752518],[80.57747320498959,7.256919999460906],[80.5775106355925,7.256799428082918],[80.57753797130768,7.256753501508357],[80.57762573120819,7.256608545036854],[80.57766889366687,7.256532478661685],[80.57772071879673,7.256370280397566],[80.57774518899035,7.256299948156153],[80.57775814794842,7.256256887342325],[80.57778404740604,7.25620665202741],[80.57782722364284,7.256099001986794],[80.57787615291068,7.255985613041238],[80.57788912729741,7.255905225353117],[80.57789482215989,7.25587314410853],[80.5778690545292,7.255781756742973],[80.57785760092474,7.255675518852593],[80.57784183971309,7.255552052124566],[80.57781603972478,7.255375463208264],[80.5777916891658,7.255173036299754],[80.57778743560375,7.255036653929698],[80.5777854381929,7.254971858907433],[80.57778530439924,7.254971324406416],[80.57778178397129,7.254972197327701],[80.57777217819114,7.25497458410342],[80.57760700642778,7.255008537139672],[80.57757098568587,7.2550122498163],[80.57742984795135,7.255024480212117],[80.57742563224879,7.25502484551267],[80.57738761032302,7.255028143127977],[80.57737790379254,7.255028983494614],[80.57729448013812,7.255029651397433],[80.57729232481539,7.255029669443323],[80.57721426849497,7.255020320920835],[80.57713757325236,7.255000754368671],[80.57710757814012,7.25499049456696],[80.57704784144919,7.254970059168987],[80.5769758656914,7.254928971367351],[80.57692490232337,7.254879938538738],[80.57686634336928,7.254805035713365],[80.5767925699424,7.254731303598703],[80.57674793573145,7.254705058325612],[80.57665268647246,7.254659438737367],[80.5766525062992,7.254659348227969],[80.57657785657689,7.25462609496673],[80.57650030591483,7.254591548169652],[80.57639943774284,7.254557684696881],[80.5763422056176,7.254552504981471],[80.57627971263996,7.254570472169691],[80.57625136325508,7.254580227049791],[80.57604418394973,7.25463629832763],[80.57599649783378,7.254649202487641],[80.575965062111,7.254679574074189],[80.57590924691563,7.254746737280787],[80.57582263582664,7.254843103075685],[80.57580541471883,7.254862263058543],[80.57574834181719,7.254906457322185],[80.5757044139263,7.254923347464564],[80.57566031212438,7.254923961898702],[80.57555598883702,7.254919304762044],[80.57545510322397,7.254924775495258],[80.57534751851749,7.254923010634735],[80.57523559220823,7.254915545819993],[80.57513933371541,7.254897598015171],[80.57505685181492,7.254859761651985],[80.57489578096066,7.254780563830421],[80.57484101131186,7.254740388532388],[80.57477574312662,7.254683930230293],[80.57472237749111,7.254632861415833],[80.57468630767207,7.254598345381861],[80.57464755782384,7.254576894413958],[80.57456868671554,7.254565284323705],[80.5745009458483,7.25456882350989],[80.57449143780244,7.254569319364141],[80.57427040278385,7.254582629180099],[80.57426186280823,7.25458314445051],[80.57409975907893,7.254588770316594],[80.57407202105703,7.254582005544289],[80.57407078415198,7.254581702052402],[80.5740177158882,7.254580775022142],[80.57391720019284,7.254571233264335],[80.57382392522727,7.254568661454273],[80.57374034276535,7.25455813247412],[80.57362080793612,7.254548313590561],[80.57353070076259,7.254553790516592],[80.57343068154746,7.254553919477532],[80.57342673859262,7.25455392314211],[80.57340645123442,7.254548433105946],[80.57338967903247,7.254574058954049],[80.57330149803462,7.254793721496455],[80.5733014608236,7.25480804562131],[80.57329200105849,7.255064453471487],[80.57329191521198,7.255096362628208],[80.57329177320098,7.255134371275762],[80.57329170736537,7.255151943639848],[80.57333836004659,7.255436666746041],[80.57336746411671,7.255687111677146],[80.57335606146351,7.255734253261561],[80.5733498964163,7.255891297891335],[80.5733469662631,7.255908689018667],[80.5733491119981,7.256091704388066],[80.57334265858107,7.256225351885508],[80.57333677496308,7.256231315839014],[80.57331914768936,7.256243068404634],[80.57321310320687,7.256313775369608],[80.57315323363288,7.25650275308862],[80.57314826446228,7.256521271870252],[80.5730915870453,7.256758713442563],[80.57308682177373,7.256789014462226],[80.57307639410072,7.256816624458239],[80.57303383045462,7.257033672192022],[80.57302346582686,7.257074135055391],[80.57301871543474,7.25711766691936],[80.57293792977738,7.257752561791135],[80.57290684355162,7.257768032223471],[80.5728405500376,7.257774064052383],[80.57276071328982,7.257806253961318],[80.57275640819392,7.257807989194732],[80.57275160492834,7.257809924055438],[80.57265848903346,7.257854913808375],[80.57260729642975,7.257884990524235],[80.57256328440909,7.257910848272033],[80.57244994676003,7.258015426908186],[80.5723751872021,7.258116944602522],[80.57231300737224,7.258188175638618],[80.57229509259051,7.258208697044847],[80.57223511787568,7.258261843026923],[80.57222469919863,7.258273322070202],[80.57218167610311,7.258317102578197],[80.57213391634463,7.258365701783649],[80.57206994062658,7.258455017104758],[80.57204692088447,7.25848973193089],[80.57202482869087,7.25850992047147],[80.57193802089178,7.258589248337088],[80.57192711311376,7.258602868539042],[80.57186091436195,7.258685520836767],[80.57184610961056,7.258699507332258],[80.57176505898867,7.258776089582757],[80.57168786463185,7.258860153939061],[80.57163231931597,7.258930754853425],[80.57162049283376,7.258949278660723],[80.5715863736549,7.259002716542243],[80.57154803187505,7.259077665851159],[80.57154746909606,7.259078550004262],[80.57154975200754,7.259092810061644],[80.57160239399951,7.25909428701724],[80.57169529458501,7.259115700262855],[80.57181666376175,7.259177056657512],[80.5718418459077,7.259178931767034],[80.57195667807945,7.259160948991132],[80.57200060667162,7.259159763331287],[80.5720232200762,7.259152609631465],[80.5721146758462,7.259154866320528],[80.57227995626424,7.259171327490805],[80.57229478320617,7.25917240846535],[80.57231311180244,7.259178196998807],[80.57236094059533,7.259390557557564],[80.57238801335026,7.259401149145761],[80.57240647713543,7.259424488422455],[80.572409977403,7.259430270290852],[80.57243742483044,7.259475596270121],[80.57244855152699,7.25950272941219],[80.57247027592804,7.259728182468508],[80.57247531505055,7.259799805419894],[80.57249231457767,7.259857145776516],[80.57252417343116,7.259900024882798],[80.57254635676435,7.259906816200118],[80.57264015815784,7.259951439467188],[80.57271611841837,7.259993704432719],[80.57278193503343,7.260037954300867],[80.5728180549541,7.260072424388619],[80.57294800111576,7.260086320254937],[80.57297628113969,7.260088754645108],[80.57299445772752,7.260090318186721],[80.57304135922045,7.260111953812141],[80.57315970998752,7.260136060320747],[80.57322835086762,7.260146851324573],[80.57333032072059,7.260147530855055],[80.57349532905127,7.260133497515187],[80.57360002154972,7.260121154449074],[80.57372182801885,7.260113162358925],[80.5738258826511,7.260113659135254],[80.57390394177389,7.260122557014064],[80.57396967099142,7.260164094673664],[80.57404309809344,7.26019903254377],[80.57409099401454,7.260226725518201],[80.57412349886336,7.260234877810664],[80.57418471877183,7.260236624156562],[80.57425371462962,7.260263783025195],[80.57431817331468,7.260307399963743],[80.57442147775485,7.260363603064338],[80.57447399153948,7.260388946869006],[80.57449834409077,7.260409418428795],[80.57451844098955,7.260426313390533],[80.57454551323511,7.260436274554112],[80.574605283887,7.260434672474835],[80.57466134415604,7.260429271576246],[80.57468181348894,7.260419242017224],[80.57474225404953,7.260338877346475],[80.57477994967797,7.260288434954801],[80.57478283968356,7.260285906001851],[80.57485740906733,7.260220646713742],[80.57488811864064,7.260199136153869],[80.57490025565369,7.260196878072851],[80.57500105598614,7.260178117839307],[80.57513011083303,7.260166236471349],[80.57524051303487,7.260148018499772]]]]}},{"type":"Feature","properties":{"GND_N":"Yalegoda East","GND_NO":"11","GND_C":"160","PROVINCE_N":"CENTRAL","PROVINCE_C":"2","DISTRICT_N":"KANDY","DISTRICT_C":"1","DSD_N":"UDUNUWARA","DSD_C":"39","Admin_Code":"2139160","GND_NO_Cen":"11","GND_NAME_C":"Yalegoda East","GND_NO_Gaz":"11","GND_NAME_G":"යාලේගොඩ","shape_1":"Polygon","Area__Ha_":47.9568327,"MWS_ID":"123","Alt_MWS":null,"Area":0.479568327,"Density":2262.45133157,"Total_Pop":1085.0},"geometry":{"type":"MultiPolygon","coordinates":[[[[80.58637675724083,7.247714711454275],[80.586378056774,7.247708166653418],[80.5864081490487,7.247641531202619],[80.58644900952646,7.247598775650075],[80.58647091950426,7.247578421708891],[80.58651604852678,7.247536496273782],[80.58656347374435,7.247482418866452],[80.58656678521912,7.247478642975613],[80.58658002722268,7.247436062168611],[80.58660269449916,7.247363179393002],[80.58660345650223,7.247273471964195],[80.58660431935222,7.247161338770608],[80.58660418050701,7.247058157756787],[80.58661140779466,7.247004382785718],[80.58662044008882,7.246937167913972],[80.58663713360409,7.246865554995964],[80.58664533370916,7.246746280868286],[80.58665988408964,7.246600151593118],[80.58666245053313,7.246558933634063],[80.58668923306479,7.246521975998472],[80.586894264561,7.246579304738609],[80.58690660008364,7.246577763519527],[80.5871244519774,7.246595855273209],[80.58747395796193,7.246615610377166],[80.58764175513664,7.246528853392141],[80.58764718586515,7.246509321798016],[80.58776836463153,7.246303026410613],[80.58777418765467,7.24629175397605],[80.58778289481678,7.246272070911284],[80.587791609863,7.246255203848939],[80.58786373480345,7.246154439235638],[80.58786936100252,7.246146090329583],[80.58794608033473,7.246087876869006],[80.58797414009491,7.246051904468739],[80.58798536050146,7.246038084132355],[80.58799941896757,7.246024307473284],[80.58806720604537,7.246019678381612],[80.58808399196414,7.246017151473668],[80.58810073055041,7.246017389904018],[80.58810907629858,7.246017509109191],[80.58819987336307,7.246032085160372],[80.58822439746588,7.246040404945528],[80.5882379815506,7.246045920482445],[80.58835633683275,7.24608965629857],[80.58837759893262,7.246100450708746],[80.58838819919949,7.246105832979765],[80.58851149300911,7.246161760801487],[80.58853226187287,7.246169653092583],[80.58856875194829,7.246172233668425],[80.58862065750034,7.246177405102912],[80.5886361573749,7.246177374424377],[80.58864905371279,7.246177348096604],[80.5886593564746,7.246177327932513],[80.58875157494067,7.24617975334191],[80.58878212173072,7.24618229437262],[80.58879733997257,7.246182259955244],[80.5888327480815,7.246182177795746],[80.58885128162282,7.24618218995866],[80.58900497006388,7.246192693473826],[80.58901026678517,7.246192695655741],[80.5890316878674,7.246197930446383],[80.58906108798695,7.246203179373664],[80.58913567187989,7.246208460466078],[80.58915454375655,7.246213713191934],[80.58918155206484,7.246221601691802],[80.5892859192975,7.246229569944627],[80.58931261027811,7.246229594487136],[80.58935534627457,7.246229633764425],[80.58935801863329,7.246229634863231],[80.58950009805568,7.246272007407347],[80.58976552124598,7.246269292243217],[80.58987313894504,7.246265461444869],[80.58987265472733,7.246258206927252],[80.58987341641073,7.246167686503925],[80.58987287354103,7.246159920126678],[80.5898653138497,7.2460518428642],[80.58986183523778,7.245922615625948],[80.5898681290813,7.245812293232516],[80.58987536076093,7.245786485579409],[80.58988191407026,7.24576310570176],[80.58989559958442,7.245737803486722],[80.58990656358063,7.245717537123677],[80.58992677610988,7.245688746069005],[80.58995105433756,7.245654164618404],[80.59004164741826,7.245532610048885],[80.59008270713173,7.245477518635887],[80.59013887309312,7.245425995453581],[80.59019232659718,7.245366243804116],[80.59023681798499,7.245301151283844],[80.59028225849855,7.24522699622117],[80.59035298962587,7.245111567345685],[80.5903952176945,7.24504484704115],[80.59044151852358,7.244981564748734],[80.59047459424897,7.244938352576524],[80.59053230482846,7.24486295546573],[80.59055040999172,7.244831990479009],[80.59055323917663,7.244827155421441],[80.59064493584529,7.244696700114248],[80.5907394408299,7.244565796493767],[80.59073955136473,7.244565662702009],[80.59080476701014,7.244486424422718],[80.59086093535437,7.244428571927065],[80.59091148073482,7.24439124662255],[80.59099545005417,7.244338106913971],[80.59114485364138,7.244248868730779],[80.59116157189105,7.24423888117815],[80.59122107814134,7.244214219730431],[80.5912888338477,7.244168126027679],[80.59134944392308,7.244105845998275],[80.59138315331157,7.24404952252008],[80.59140789752028,7.24399319268149],[80.59142640422209,7.243914436298819],[80.59143628906669,7.243886511816184],[80.59145396537035,7.243836586089687],[80.5914942063292,7.243754310849385],[80.5915216754238,7.243680079619243],[80.59153221001458,7.243606564045942],[80.59153268836779,7.243543805595476],[80.59151814671618,7.243450384258608],[80.591513572011,7.243340871276985],[80.5915086131259,7.24328968569843],[80.59150809153577,7.24323407174091],[80.59150975774446,7.243145268934055],[80.59151939237219,7.24306017881604],[80.5915340819642,7.243012707957934],[80.59153410948939,7.243011828986331],[80.59154132896273,7.242782203094746],[80.59155757600634,7.242697223272105],[80.59156102179334,7.242679211854641],[80.59154324296419,7.242531893629635],[80.59154408328305,7.242427520190286],[80.59154457834937,7.242365954519306],[80.59156017074584,7.24224071122894],[80.59156324798012,7.242215984305062],[80.59156656505954,7.242189353920106],[80.59159579241557,7.242020080210428],[80.59160172935587,7.241993319764625],[80.59162183003293,7.241902710403659],[80.59164996338443,7.241755773439551],[80.59169340257797,7.241600070941275],[80.59173260128999,7.241410181337774],[80.5917483352766,7.241241626482549],[80.59174846174015,7.241240176935603],[80.59175656954679,7.241148261406646],[80.59176707640268,7.241029123702099],[80.59177981320914,7.240886610659137],[80.59181421324818,7.240738964530228],[80.59182072567668,7.240711011536552],[80.59188010080669,7.240557664850571],[80.59188932321922,7.240535075472962],[80.59197455933966,7.240326281038945],[80.59198289612443,7.240305858915436],[80.59198619981682,7.240298707213866],[80.59202271263113,7.240219675034476],[80.59203038952025,7.240203057951334],[80.59205308502034,7.240064256569745],[80.5920531119994,7.239997812887967],[80.592053136928,7.239938648847632],[80.59205351429418,7.239899130941419],[80.59208470186098,7.239807899353909],[80.59211586597998,7.239761018411017],[80.59214287463713,7.239720386329308],[80.59220295123986,7.239627539580699],[80.5922325145511,7.239526449511957],[80.59223544785421,7.239447864016966],[80.59223699965638,7.239406269399391],[80.59223616847075,7.239394805208507],[80.59225825299364,7.239319803074452],[80.59231175031593,7.239256688953165],[80.59240123905185,7.239191825074681],[80.5924924735526,7.239138476378915],[80.59253989201252,7.239025572442032],[80.59254115876959,7.23892524319638],[80.59254089456347,7.238909048823087],[80.59254058707006,7.238890174076841],[80.5924159177245,7.23814039644923],[80.59227994185113,7.23711384396905],[80.59217901860376,7.236829195325131],[80.59215591232747,7.236753381830428],[80.59214399008306,7.236757004169091],[80.59209770670157,7.236771072683822],[80.59203739084616,7.236784974548016],[80.59198350791738,7.236788117796796],[80.591963043507,7.236782888061868],[80.59178658397975,7.236759698053207],[80.59175385776655,7.236753573504142],[80.59174079407263,7.23675160225215],[80.59161468107867,7.236743590521757],[80.59159286143483,7.236741875248276],[80.59139756463732,7.236740619466415],[80.5913865638432,7.236738562229074],[80.59118930332104,7.236765127361547],[80.59081177140041,7.237099720606525],[80.5905647864149,7.237234763526295],[80.5904847597555,7.237291404466712],[80.59047481247013,7.237297337158092],[80.59027849203095,7.237393640343464],[80.59011833765925,7.237479171704962],[80.58986219942541,7.23751804324693],[80.58982997792988,7.237687425968433],[80.58970433329064,7.237832657146626],[80.5896805174618,7.237954978830192],[80.58967445369805,7.23798612236063],[80.58962840426614,7.238036379126804],[80.58961678406206,7.238043089717642],[80.5895376377323,7.238105401730654],[80.58953635744756,7.23810936838414],[80.58959166451899,7.238309898641511],[80.58956591710403,7.2383815098082],[80.58955122933057,7.238424458190788],[80.5895364476866,7.238475453929674],[80.58953599288336,7.238478167557386],[80.58952266304988,7.238486873241283],[80.58952954303787,7.238512227304614],[80.58953488680741,7.238531917085601],[80.58956024058513,7.238668738637177],[80.58957520184708,7.238790864611145],[80.58954563532525,7.238799427083591],[80.58950786844669,7.238861974001416],[80.58947834865081,7.238891203436682],[80.58946979660665,7.238945974482536],[80.58948233377556,7.238979823181044],[80.58949910595489,7.238996824638098],[80.58950735933415,7.239051639658625],[80.58950731437074,7.23906847595937],[80.5895029372542,7.239135764276936],[80.58950289229723,7.239152584300148],[80.58947749825876,7.239232334332526],[80.58937686936308,7.239269611799357],[80.58936425587153,7.239273756466039],[80.58935163883379,7.2392821124714],[80.58925859392187,7.239324005878098],[80.58923307723566,7.239340882349438],[80.58917774792039,7.239378888268192],[80.5891436378201,7.239421161271435],[80.58913937094033,7.239429611135091],[80.58907975899513,7.239509804645237],[80.58907124773893,7.239518243718914],[80.58904997380695,7.239547793022532],[80.58904571960548,7.239556234751687],[80.58902441471365,7.239577412001505],[80.58894331190602,7.239670690958634],[80.5889304611315,7.239679246706505],[80.58892193006511,7.239696171750857],[80.58887478875359,7.239743047695518],[80.58885764306235,7.239764323410469],[80.58884910202035,7.239781272865375],[80.58881494105071,7.239819395973154],[80.58879795760903,7.239844669677187],[80.5887895280776,7.239865687637115],[80.58873831362955,7.239912259850761],[80.58860400260488,7.239952545437188],[80.58847287041742,7.239950473827805],[80.58839660091164,7.239952931886259],[80.58807158237329,7.240290148772536],[80.58806415692447,7.240289693549177],[80.58801561876881,7.240289310841322],[80.58796426776765,7.240302401985922],[80.58791734735115,7.24033159246011],[80.58783652455979,7.240443150908441],[80.58778469392846,7.240520807271778],[80.58777637752982,7.240535294380198],[80.58775651042546,7.240569900160716],[80.58774082402883,7.240618273879985],[80.58773591349046,7.240667555463357],[80.58775531450658,7.240832780596021],[80.58776642313829,7.240904586870323],[80.58776666103049,7.240988053246123],[80.58776084098015,7.241049001771359],[80.58773799903516,7.24109456918404],[80.58770185522442,7.241124848358313],[80.58762714094047,7.241136844612659],[80.58757135484852,7.241144417621406],[80.58752452969273,7.24116203210627],[80.5874818507225,7.241226310348706],[80.58745982424705,7.241277213473045],[80.58740446509009,7.24134682273675],[80.58736722412505,7.241402149719681],[80.58736626141389,7.241404546627461],[80.5873583004564,7.241424383731791],[80.58734247553674,7.241463813818376],[80.5873382769716,7.241547278347757],[80.58734506588986,7.241599760590036],[80.58734838497885,7.241625415239242],[80.58734881237767,7.241686364542039],[80.58732477617458,7.241781305480052],[80.58731414888841,7.241851922616131],[80.58731142645766,7.241870012068681],[80.58729511181387,7.24212194503697],[80.58728871996607,7.242246645776787],[80.58728509748403,7.242288429404149],[80.58728180621638,7.242326402435845],[80.58726129836465,7.242424962949336],[80.58723364079968,7.242515381762023],[80.58721504077027,7.24260137325252],[80.5872002594715,7.242650561194635],[80.58717942264961,7.24266927160533],[80.58715334411725,7.24266907899717],[80.58705249782544,7.242584848246133],[80.58698278826465,7.242538517113951],[80.58693625314812,7.242513901605453],[80.58690935727282,7.242512805244536],[80.58684994943945,7.242518659380478],[80.58678228799744,7.242557606657215],[80.58673798722853,7.242599456524612],[80.58669159520896,7.242663642705053],[80.58665626081176,7.242704682428556],[80.58659122097798,7.242754393783082],[80.58653614956006,7.242782674592052],[80.58649637939533,7.242820006617975],[80.58646076353259,7.242884377225675],[80.58643863502168,7.242962228479201],[80.58643839149866,7.242964211514067],[80.5864319118029,7.243016936004994],[80.58644068493759,7.243042984498029],[80.58645893452668,7.24306769948201],[80.58647000700695,7.243082694734161],[80.58648518829372,7.243125272038191],[80.58648764584493,7.243132167469889],[80.5864886979364,7.243219160953866],[80.58647925154138,7.243282820847388],[80.58643809946011,7.243378478928485],[80.58641435349999,7.243424046790757],[80.58638560105807,7.243537794293564],[80.58636590392064,7.243641690481335],[80.58634549570979,7.243722255353773],[80.5863369585601,7.243781393202768],[80.5863420846528,7.243836288342905],[80.58634777600365,7.243897240740289],[80.5863718090081,7.244035607322908],[80.5863840100078,7.244091318385055],[80.58637385657407,7.244115459034116],[80.58635220606733,7.244135072462052],[80.58621545602531,7.244151021488539],[80.58613639854336,7.244157590754417],[80.58607789306404,7.244170587345462],[80.58596574304732,7.244263864486377],[80.58593222426711,7.24429595411541],[80.58590132193711,7.244346853433913],[80.5858975083916,7.24437099672552],[80.58590417911029,7.244443705473771],[80.5859019853834,7.244492175192152],[80.58589636691583,7.244501487159959],[80.58588658352994,7.244509080112564],[80.58583694692437,7.24453564492829],[80.58582607757029,7.244541518344882],[80.58580839647573,7.244558201657926],[80.58579772186683,7.244568272929522],[80.5857934625547,7.244575686429175],[80.58579237225672,7.244584277754438],[80.58579390755311,7.244594226633967],[80.58579779670283,7.244603541678909],[80.5858253110898,7.24464587548476],[80.58586034549296,7.244670666248799],[80.58586640991454,7.244677632825113],[80.58587029948416,7.244685953136421],[80.58587408504184,7.244730627285613],[80.58592186215756,7.244817099552504],[80.58594985515782,7.244856214233047],[80.58595028052765,7.244856810346721],[80.5859582399362,7.244881952395002],[80.58595704861234,7.244913331207393],[80.585939643713,7.244936474076328],[80.58591074789759,7.244974895757099],[80.58587541362535,7.245015032010944],[80.58586988023936,7.245037365975455],[80.58587322065095,7.245061692218051],[80.5858756683113,7.245077046497679],[80.58588180101714,7.245115501833683],[80.58588051057858,7.245169399554642],[80.58586572752672,7.245222203748693],[80.58583845133089,7.245265960584817],[80.58581671103563,7.245279244730781],[80.58576454833643,7.245285101749798],[80.58570985492958,7.245279289481995],[80.58569937809742,7.245281991669185],[80.58569468233517,7.245284987464926],[80.5856860590914,7.245285831182064],[80.5856582173314,7.245326383824532],[80.58565711802558,7.245354234988005],[80.58565673279298,7.245408945150564],[80.58563522810292,7.245510128529794],[80.58561400508496,7.245585357628864],[80.58559016655612,7.245641683891067],[80.58554948919704,7.245679919743684],[80.58551406313794,7.245722768836099],[80.5854747231131,7.245813093086956],[80.58544598184984,7.245897180284356],[80.58542803902496,7.24592665392952],[80.58540819963531,7.245941747458153],[80.58536128162166,7.245965601352801],[80.58533219479638,7.24600573927878],[80.58532303730284,7.246034401832356],[80.58526129164584,7.246134945219474],[80.58523542579945,7.246214093402721],[80.58516323401517,7.246439807788647],[80.58515867342967,7.2464443319069],[80.5851495874065,7.246462373449479],[80.58513597775732,7.246493927895306],[80.58508596736752,7.246620265095409],[80.58508139671794,7.246629320669892],[80.58507688803283,7.24666537332609],[80.585072347912,7.246687927441126],[80.58506788507442,7.246741950421515],[80.5850587859896,7.246778051787377],[80.5850450928719,7.246814228990389],[80.58502690040747,7.246872889788698],[80.58500872643634,7.246913465442446],[80.58500420281055,7.246926959353764],[80.58491327674797,7.24708480692362],[80.58488717798515,7.247161961899512],[80.58491927390541,7.247165340322967],[80.58498448698069,7.247222066651132],[80.58501027437012,7.247243255369343],[80.58518355783252,7.247520441888964],[80.58631705421605,7.247727500477025],[80.58637675724083,7.247714711454275]]]]}},{"type":"Feature","properties":{"GND_N":"Hendeniya East","GND_NO":"10","GND_C":"130","PROVINCE_N":"CENTRAL","PROVINCE_C":"2","DISTRICT_N":"KANDY","DISTRICT_C":"1","DSD_N":"UDUNUWARA","DSD_C":"39","Admin_Code":"2139130","GND_NO_Cen":"10","GND_NAME_C":"Hendeniya East","GND_NO_Gaz":"10","GND_NAME_G":"හේන්දෙණya","shape_1":"Polygon","Area__Ha_":32.1847658083,"MWS_ID":"123","Alt_MWS":null,"Area":0.32184765808,"Density":3588.65435554,"Total_Pop":1155.0},"geometry":{"type":"MultiPolygon","coordinates":[[[[80.5870700033237,7.255047812187708],[80.58716585013852,7.25503588819254],[80.58725210695188,7.255040710581545],[80.58734554457826,7.25505989084115],[80.5874294032,7.255069495055146],[80.58755159148527,7.255093472798361],[80.58769055620509,7.255110278218693],[80.58796610331555,7.255112785360788],[80.58816496981471,7.255122438929323],[80.58836623606406,7.255134486188869],[80.58853573086094,7.255134555396145],[80.58853794523593,7.254839234581664],[80.5885038673221,7.25483580132282],[80.58848012452874,7.254833408666687],[80.58841601054154,7.254828317147465],[80.5883612237277,7.254824316450995],[80.58833233556544,7.254823580148846],[80.58832728522378,7.254775198771789],[80.58832631194002,7.254763735428723],[80.58832538986084,7.254761996977383],[80.58831886839758,7.254716851490381],[80.58831803628058,7.254710007383558],[80.58827723331491,7.254488745616924],[80.58817983363663,7.254461209961448],[80.58817297356826,7.254459498892172],[80.5880274963355,7.254446231268561],[80.58784658123243,7.254133077620754],[80.58779192812477,7.254056093360203],[80.5877864479239,7.25405066526983],[80.58760356700628,7.253911625142099],[80.58760352887776,7.253903155427777],[80.58778450557796,7.25302115657951],[80.58701307774773,7.252843876413894],[80.58700577024095,7.252777407124132],[80.58700396026963,7.252774512601429],[80.58700586208482,7.252774332533393],[80.58702515142237,7.252773707559003],[80.58705358790178,7.252771458649788],[80.58705831595314,7.252769378010432],[80.58708048888164,7.252759623491049],[80.58710078483033,7.252733949749134],[80.58711610169296,7.252704294096678],[80.58712680351772,7.252666318745946],[80.58713378781486,7.252639373435017],[80.58714068151437,7.252612518516466],[80.5871457642979,7.252585028927586],[80.58714831305146,7.252555821917012],[80.58715167207978,7.252533666995972],[80.58715059775679,7.252504006325421],[80.58714535708012,7.252475879426034],[80.58713839431066,7.252451279494209],[80.58712668704369,7.252437794179362],[80.58712001967761,7.252430112064623],[80.58710173394499,7.252410751468095],[80.58708272694938,7.252390216785536],[80.58707431025621,7.252375382716043],[80.58705050794073,7.252346717258084],[80.58704784396639,7.252346070476209],[80.58694162743136,7.252343742851356],[80.58685654042333,7.252297365483357],[80.58684774685996,7.252291561619051],[80.58672468803638,7.252207362208903],[80.58662821083733,7.252158197506705],[80.58662237190187,7.252155309439146],[80.5866020048618,7.252149631861879],[80.58657876346761,7.252143989255494],[80.58649107686563,7.252103436252623],[80.5864529830504,7.252080168905807],[80.58634530291546,7.251966099470628],[80.58633647200408,7.251963008488993],[80.58618241931812,7.251825523506181],[80.58617386281648,7.251813771225559],[80.58616242654603,7.251802014122378],[80.58610928061357,7.25169766790699],[80.58610385158562,7.251680473936623],[80.58607704886796,7.251570532068185],[80.58607150137664,7.251559413153009],[80.58607185823398,7.251539869513494],[80.58608439088621,7.25144659503734],[80.58634415256644,7.251465619916865],[80.58632417373755,7.251382958299494],[80.5863095359846,7.251304820427896],[80.58629923716636,7.251245494770125],[80.58629528117703,7.251177308693923],[80.58629947907804,7.251098364825349],[80.58631254936738,7.25102937199584],[80.58632068753076,7.250993481816329],[80.5863330535433,7.250938949395634],[80.5863387431836,7.250906934033233],[80.58634340164555,7.25088071753278],[80.5863781155901,7.25080920170047],[80.58642975868035,7.250750352272807],[80.5865138227238,7.250689166098412],[80.58652444287772,7.250684020530061],[80.58659045086819,7.250652032159869],[80.5866876266818,7.250636699573935],[80.58678471045563,7.250624893709284],[80.58679060521999,7.250624166395464],[80.58685331395047,7.250616441765514],[80.58685608065892,7.250616100188251],[80.58688858653547,7.250612095922137],[80.586896382171,7.25059609301325],[80.58689841583028,7.250592446807999],[80.58692828177612,7.250538953471426],[80.58693980532074,7.250513038244351],[80.58700252282694,7.250384551200018],[80.58700588814571,7.25037765910208],[80.58703007642218,7.250321089667454],[80.58703401322651,7.250311880983655],[80.58707306761582,7.250220542775446],[80.58708342857409,7.250196312680189],[80.58708935326598,7.250182454898738],[80.58712026516721,7.250107138444307],[80.58714353503875,7.25006602405848],[80.58718556810958,7.2500001088379],[80.58719550097325,7.249986109842967],[80.58721033955632,7.249965200398671],[80.5872429524892,7.249936728430217],[80.58725223487413,7.249929878581057],[80.58725515356635,7.249927725746031],[80.58725826158461,7.249925431918508],[80.58725597635386,7.249924316866835],[80.58725383055447,7.249923270600191],[80.58718664440975,7.249890496033834],[80.58711613065809,7.249837224954438],[80.58711409101932,7.249835684077718],[80.58710987504236,7.249832497368224],[80.5870366374731,7.249774501065176],[80.58696268293595,7.249698600161419],[80.58687665105855,7.249641215237173],[80.58687423201162,7.249639602761332],[80.58682453424375,7.249594630961751],[80.58680724503503,7.249578986549663],[80.58674448693415,7.249527554382572],[80.5866966196889,7.249488329272692],[80.58660726511242,7.249424899457193],[80.5865082321411,7.249334428738929],[80.58644657888806,7.249291719897681],[80.58640929469385,7.249232201199432],[80.5864037654481,7.249201356739171],[80.58639384533392,7.249146014690844],[80.58639451645232,7.2490572133439],[80.5863952807815,7.248962080107553],[80.58639576365874,7.248890278669083],[80.5863839409191,7.248796044475485],[80.58636939666978,7.248708864514338],[80.5863614289177,7.248671016113347],[80.58634781071619,7.248606327452782],[80.5863468924725,7.248601966520999],[80.5863537174219,7.248523023740033],[80.58635652723977,7.248512703202227],[80.58637321744159,7.248451411107736],[80.58639887484472,7.248378986269973],[80.58640650669219,7.248321567135148],[80.5864025477083,7.248260524137925],[80.58637560882812,7.24814729417191],[80.58636569745613,7.248027922060225],[80.58636665400608,7.24790412340521],[80.58636498883502,7.247773994438638],[80.58637675724083,7.247714711454275],[80.58631705421605,7.247727500477025],[80.58518355783252,7.247520441888964],[80.58501027437012,7.247243255369343],[80.58498448698069,7.247222066651132],[80.58491927390541,7.247165340322967],[80.58488717798515,7.247161961899512],[80.5848456907224,7.247157593828812],[80.58484720020928,7.247177160863452],[80.58484373445596,7.247188123170614],[80.58484059556693,7.247203491378437],[80.584835833482,7.247224089389779],[80.58479104307023,7.247201604025566],[80.58474504474378,7.247191685243529],[80.58473729295876,7.247191749799848],[80.58462102295262,7.247168141895678],[80.58459691830652,7.24716800241638],[80.58458363458296,7.247165349016135],[80.58457837970452,7.247162741503794],[80.5844784944813,7.2471131580466],[80.58447064893802,7.247107948665223],[80.58445571300751,7.247074220913061],[80.58445337466932,7.247063836722117],[80.58445111984145,7.247050847270191],[80.58444294300598,7.247019610106763],[80.58445920116428,7.247119474598884],[80.58446415779134,7.247174185198084],[80.58445653139704,7.247228893200179],[80.58443549856497,7.247279886998458],[80.58442872234826,7.247454776287753],[80.58442905436704,7.247528296239962],[80.5844098854371,7.247677136377531],[80.58437492305032,7.247901118304913],[80.58436729582937,7.247951302980696],[80.58429857956263,7.248122096741595],[80.58424917766379,7.248234754700429],[80.58422352309695,7.248301841311362],[80.58419476485709,7.248416493834201],[80.58415146505934,7.248662898915309],[80.58417537042916,7.248667610490306],[80.58422598907269,7.248677760073898],[80.58427986985782,7.248680948803763],[80.58429127731772,7.248687734988708],[80.58429670362021,7.248702570557804],[80.5843025664844,7.248759993541455],[80.58429665232474,7.248823654855618],[80.58425902796172,7.248926548603627],[80.58422159301864,7.249003398511041],[80.58417610314885,7.249077531197618],[80.58415135556525,7.249134762189296],[80.58412822820131,7.249221567273913],[80.5841203732392,7.249240630269513],[80.58409432268435,7.249303843572587],[80.58406365888877,7.249433688462363],[80.58402950969563,7.249667618010987],[80.58390047509336,7.249856833938521],[80.5838987138861,7.249858602913086],[80.58386242340352,7.249895069827317],[80.58384038356743,7.249911468160374],[80.58372237575132,7.249999275687035],[80.5837211075317,7.250000219241505],[80.58372110751904,7.250000249083494],[80.58372107811022,7.250069449922797],[80.58370526444264,7.250415428486044],[80.58376808991302,7.25068285828531],[80.58381382824676,7.250764107545528],[80.58383658294981,7.250804527753084],[80.58390979600057,7.250934585711388],[80.58391712429129,7.250978706119275],[80.58392567783166,7.250990858141425],[80.58392165874324,7.251006010742222],[80.58394114063191,7.251123326023236],[80.5838465868419,7.251359128089788],[80.58381724448064,7.25140701656608],[80.5837570690173,7.251505217315581],[80.58367313795985,7.251642191711903],[80.58362479229838,7.251823045281239],[80.58361010020079,7.251878007983079],[80.5836015797321,7.251905184085667],[80.58355194226779,7.252063503685975],[80.58353120693111,7.252129640094923],[80.58338038973957,7.252215649396525],[80.58331064152519,7.252255425359722],[80.58313741246397,7.252443989234544],[80.58308661895342,7.252560522274966],[80.58307564514328,7.252585700622473],[80.58297977700016,7.25280564406757],[80.58285357687167,7.253135932023339],[80.582781781784,7.253271208597265],[80.58271173857224,7.25340318339219],[80.58269690268206,7.253501789437983],[80.58266442099342,7.25371767959875],[80.58268288289158,7.25382879186945],[80.58270769658333,7.253978135325563],[80.58271148308556,7.254000927168178],[80.58272711092013,7.254299625809433],[80.58269749591486,7.25452062649406],[80.58269549723109,7.254535544822462],[80.58262906778751,7.254723108597878],[80.58261592351586,7.254760223699646],[80.58260083892819,7.254802814428412],[80.58259710842557,7.254812124438583],[80.5825965381984,7.254813546662979],[80.58258179930839,7.254850337343109],[80.58247011075585,7.255129121365832],[80.58252325437913,7.25521026177272],[80.58265677755624,7.255135144074353],[80.58273032304862,7.255092033876551],[80.5828424956099,7.255036571979529],[80.58305480159098,7.254972539193557],[80.58319138721325,7.254948671260477],[80.58335432403067,7.254939169378179],[80.58346933769154,7.254929648900062],[80.58361310793109,7.254912960433632],[80.5837472891687,7.254908232680986],[80.58380958580021,7.254910651874038],[80.58395333468175,7.254944209949644],[80.58426955154975,7.255092687347979],[80.58444681718765,7.255193252877697],[80.58461691849097,7.255238784895608],[80.58478942311827,7.255267569278652],[80.58496433025084,7.255277213239028],[80.5852470702663,7.255265368356889],[80.58552261953768,7.255260700439321],[80.58579917700892,7.255248924055543],[80.58602686214581,7.255241605134599],[80.58609528713527,7.255239406501841],[80.58628458477557,7.255213166927517],[80.58653848324627,7.255164806094984],[80.58669618309284,7.255131398301403],[80.58683277460605,7.255093173469678],[80.5870700033237,7.255047812187708]]]]}},{"type":"Feature","properties":{"GND_N":"Pamunuwa West","GND_NO":"84","GND_C":"105","PROVINCE_N":"CENTRAL","PROVINCE_C":"2","DISTRICT_N":"KANDY","DISTRICT_C":"1","DSD_N":"UDUNUWARA","DSD_C":"39","Admin_Code":"2139105","GND_NO_Cen":"84","GND_NAME_C":"Pamunuwa West","GND_NO_Gaz":"84","GND_NAME_G":"පමුණුව බ","shape_1":"Polygon","Area__Ha_":34.3182674151,"MWS_ID":"123","Alt_MWS":null,"Area":0.34318267415,"Density":2803.17181623,"Total_Pop":962.0},"geometry":{"type":"MultiPolygon","coordinates":[[[[80.56577608002672,7.252468830588498],[80.56583559507118,7.252432323476527],[80.5658356612325,7.25243220866089],[80.56587193831824,7.252369583592241],[80.56589859190656,7.252304576654802],[80.56589052506625,7.252124888198638],[80.56588658642752,7.252025955783154],[80.56587621208931,7.251938052865879],[80.565878884578,7.251838398261564],[80.56588733568535,7.251775645454548],[80.56590147342742,7.251752863601779],[80.56605002701824,7.251672539957216],[80.56605015473244,7.25167248304532],[80.56616152788126,7.251622764521425],[80.56622972592581,7.251604980411487],[80.56624779384136,7.251599889407932],[80.56629765563429,7.251585840619028],[80.56635272212472,7.251573115414184],[80.56637491418597,7.251558024735242],[80.56642174846222,7.251526665296423],[80.56648868402152,7.25149730640725],[80.56650758537046,7.251491566489426],[80.56654665063425,7.25147969928879],[80.56657481012228,7.251486947604706],[80.56658956918614,7.251495183561704],[80.56658840245915,7.251468507933728],[80.56659124104436,7.25140095610342],[80.56659813070006,7.251385405295065],[80.56664438729273,7.251426211548998],[80.56670732035862,7.251243662081671],[80.56673578639318,7.251175491771283],[80.56676153564774,7.251109307860908],[80.56681156044492,7.251030475822097],[80.566859417894,7.250936540940207],[80.56694352060295,7.250799215368212],[80.56699571230439,7.250734311454744],[80.56705407270158,7.250646168013268],[80.5671081633008,7.250587322876944],[80.56716017808154,7.250515184447631],[80.56743809769974,7.250100306505268],[80.56746275379138,7.250063503712766],[80.56776425503908,7.24961342287208],[80.56774189167817,7.249603553008058],[80.56773558459538,7.249598958069368],[80.5677342529295,7.249597987142466],[80.56767707367189,7.249556319611078],[80.56763825784304,7.249534303746981],[80.56760164311254,7.24952097380451],[80.56760301498822,7.249517219773537],[80.56754705364195,7.249509235313245],[80.56745903901492,7.249489843724935],[80.56738975985766,7.249494332489786],[80.56738306293462,7.249494631448195],[80.5671787556217,7.249503731523014],[80.56706791514229,7.249497530352868],[80.56695925311848,7.24948038991691],[80.56689695459154,7.249468334908866],[80.56688519873255,7.249432156518929],[80.5668835013999,7.249381787034904],[80.56688897362864,7.249297959881549],[80.56688975074236,7.24928593212225],[80.56687656316923,7.249251699129625],[80.5668232714371,7.249189049867465],[80.56672927474101,7.249187046009639],[80.566535024685,7.249186952783301],[80.56632438034858,7.249215365437391],[80.5661504154898,7.249216874797032],[80.56598140674681,7.249189406227373],[80.5658406748099,7.249161975105948],[80.56489013009798,7.249161061919877],[80.56489793983988,7.249147466664522],[80.56489950155262,7.24909205540427],[80.56489954573844,7.249090516303465],[80.56490143892044,7.249023398108275],[80.56490072512467,7.248996639490939],[80.56489431107526,7.248972942900568],[80.5648962163881,7.248887582233781],[80.56487639869569,7.248734099463133],[80.5648756670434,7.248557308150862],[80.56491140387726,7.248433255489098],[80.56496012326167,7.248347681469456],[80.56498614559386,7.248301977500953],[80.56504407423964,7.248232935673725],[80.5651541548287,7.24812002868791],[80.56521712610301,7.248048164140449],[80.56523826318804,7.247997713016264],[80.56524910144115,7.247971837838157],[80.56524754661122,7.247948389477647],[80.56523748595049,7.24788738965722],[80.5652146218295,7.247786368541314],[80.56521199901877,7.247779132909826],[80.56521182186168,7.247770631487284],[80.56513400663599,7.247631966801452],[80.56509976950205,7.247451000125976],[80.56518904461169,7.247212789740161],[80.56519959140194,7.247184646437833],[80.5652085741246,7.24716067847436],[80.56522310762561,7.246871129616618],[80.56524456858078,7.246679245845821],[80.56538118912933,7.246549360178721],[80.56542276150411,7.246510296444323],[80.56544198080928,7.246492236504335],[80.56544555553795,7.246399819425981],[80.56543829110629,7.2462477152122],[80.5654373576286,7.246227874398388],[80.56543336004631,7.246142991162623],[80.56537881628975,7.24600867885903],[80.5653371593193,7.245988310030844],[80.56532472949844,7.245982230972994],[80.56528347904374,7.24596206127502],[80.56524372872062,7.245954447595521],[80.565155893543,7.245942288269229],[80.56507373075493,7.245891553143476],[80.56504553562146,7.245874143991989],[80.56490683942928,7.245792691470786],[80.5648852132755,7.245779330305235],[80.56481767410325,7.245737602448793],[80.56481558373198,7.245736311942273],[80.5647013503404,7.24562873732045],[80.56483233523309,7.245547591050556],[80.56491929623874,7.245492199592662],[80.56499985158075,7.24538543808682],[80.56501355705943,7.245318254832417],[80.56501214312279,7.245266498271253],[80.56501115210143,7.245230264246705],[80.56499786474977,7.24517943721651],[80.56497598896782,7.245095508749317],[80.5649663276066,7.245034825609229],[80.56497113322332,7.244963491090894],[80.56497207245965,7.244949552619445],[80.56498340344166,7.244927221630325],[80.56500968830775,7.244875416445784],[80.56518184061059,7.244674923158196],[80.56520958811579,7.244636357618178],[80.56533189963021,7.244466369456434],[80.56544901604427,7.244295819990978],[80.5654635684827,7.244274628093367],[80.56550011511732,7.244162601129625],[80.56552589397977,7.244030223284279],[80.56552270370689,7.243882007633805],[80.56552265941507,7.243879884312493],[80.56552248043918,7.243871385600537],[80.56552193823065,7.243845561200688],[80.56550895595221,7.243847522040811],[80.56503070813561,7.2439197329146],[80.56500283598828,7.244132603471102],[80.56487773263896,7.244302437421131],[80.56451374869145,7.244837669893154],[80.56396762385653,7.245119590838491],[80.56394093417688,7.245060934408325],[80.5639178542647,7.245007771486913],[80.5639148636625,7.245000886545399],[80.56389416556212,7.244953209325224],[80.56389334402068,7.244951673437154],[80.5638799722433,7.244926706654834],[80.5638346309022,7.244842042831118],[80.56381718807953,7.244810411249818],[80.56375681772576,7.244700935399695],[80.56374448095212,7.244681937488739],[80.56370442377495,7.244620247195022],[80.5636804844064,7.244690952399543],[80.56367257933809,7.244747649326809],[80.56366640879101,7.244772696504095],[80.56363541079851,7.244831100805776],[80.56362389744038,7.244859849503696],[80.56361948860159,7.2449265831006],[80.56361878996911,7.244937165816934],[80.56359041502581,7.245002171839623],[80.56352642930729,7.245113461447536],[80.56349481042734,7.245142113016597],[80.56338391801434,7.24524894866691],[80.56335328852256,7.245295778057055],[80.56330173026663,7.245361948794308],[80.56324456028152,7.245422058074634],[80.56316755303307,7.245489301128881],[80.56312324116472,7.24555348668091],[80.56305142492062,7.245756830451942],[80.56302078012584,7.245828345436135],[80.56300716712983,7.245894625266314],[80.5630111320756,7.245940113499178],[80.56302009298425,7.24601853964566],[80.56303412870373,7.246141330497774],[80.56306036074349,7.246202475400377],[80.56306343411931,7.246206643863669],[80.56292928109994,7.246197187948936],[80.56275953860361,7.246175008939857],[80.56257560997008,7.246149642771257],[80.56237534677408,7.246133466495719],[80.56229873775708,7.246192978706737],[80.56209655708915,7.24633475033793],[80.56197566119428,7.246247809880316],[80.56182474975894,7.246161449360624],[80.56125874597853,7.246583082101383],[80.5611617988098,7.246437511516205],[80.5610811501862,7.246362687612971],[80.56099587201386,7.246303689493333],[80.56073656846918,7.246191250577429],[80.56068211493083,7.246172953346568],[80.56056245315624,7.246132749217265],[80.56050549472778,7.246108916451958],[80.5604876590097,7.246176357122891],[80.5604606874235,7.246402555338623],[80.56043716794831,7.246676130638727],[80.56065525154318,7.246743058389455],[80.56091388267814,7.246830413523977],[80.56108112512801,7.246905758640395],[80.5612576201147,7.247026513956135],[80.56139699278967,7.246923865673404],[80.56141439185495,7.246952088104655],[80.56144549990941,7.247004403085022],[80.56145710198035,7.24702391073432],[80.56146787148978,7.247036484710172],[80.56155240088991,7.247145312118112],[80.56158489236842,7.247184934966641],[80.56167630726199,7.247289245000988],[80.5617690802089,7.247390480129086],[80.56183100027748,7.247435905280907],[80.56175744623323,7.247482351673371],[80.56173822705945,7.247499742268483],[80.56168922604105,7.247544082362682],[80.56165615316016,7.247584760316464],[80.5615970758192,7.247655720991504],[80.56152903708633,7.24771853690244],[80.56147111557598,7.247834621845678],[80.56145983565158,7.247941686715036],[80.56147241701835,7.247964296580748],[80.56149557560622,7.248005909009848],[80.56150033926752,7.248081691724892],[80.56148680632123,7.248165694937255],[80.56146012106645,7.248208853678396],[80.56140653212907,7.24829552463396],[80.56135494332263,7.248378956415962],[80.56133301850419,7.248399568642725],[80.5614921150201,7.248558943790766],[80.5616690729446,7.248694265666248],[80.56171510506351,7.2489953564854],[80.56171200787108,7.249131376430438],[80.56168848057742,7.249309821073437],[80.56181173083971,7.24930870456642],[80.56186796490613,7.249312257876399],[80.56187746606977,7.249314604499656],[80.56187978137255,7.249315177110457],[80.56192555411047,7.249326482575785],[80.56195027714891,7.249327035912724],[80.56201031560393,7.249328602440474],[80.56209760666692,7.249345464499718],[80.56221888477914,7.249368855331564],[80.5622950047186,7.249383537246237],[80.56228629708095,7.249413284664515],[80.56228389086434,7.249442228412924],[80.56227910301877,7.249499823831791],[80.56227942890222,7.249574879198282],[80.56227738742353,7.249679054669645],[80.56228001948664,7.249858377983644],[80.5622793823921,7.249868959819211],[80.56227472208164,7.249951790733125],[80.56227370656629,7.250002399485405],[80.56227363610492,7.250005865639672],[80.56227323916121,7.250025671462998],[80.56226485320985,7.250141236333733],[80.56225208214649,7.250182598492382],[80.56224807514586,7.250195577852189],[80.56224625380466,7.250199860670218],[80.56220990674015,7.250285357005166],[80.56218669567636,7.250344849103852],[80.5621711049655,7.250373960263866],[80.56214029357345,7.250421422473756],[80.5621278477109,7.250439546947497],[80.56207251009594,7.25052013933523],[80.56203869467551,7.25059671772229],[80.56198738145713,7.250719407225927],[80.5619742316507,7.250757290348425],[80.56195254898749,7.250840115937854],[80.56195212002551,7.250841426972543],[80.56194212599014,7.250872048233523],[80.56192262129947,7.250931796172437],[80.56191155793454,7.250965884019552],[80.56189196912926,7.251023478775405],[80.5618662058751,7.251054622513878],[80.5618219100692,7.251108166996107],[80.56179139156959,7.251145058937856],[80.56178777082165,7.251147427402463],[80.56178314456326,7.251150451010854],[80.56176573743798,7.251161829755576],[80.56171972577302,7.251191902274864],[80.56169890352753,7.25120551483712],[80.56169056862113,7.251211025330347],[80.56167544019823,7.251221870705586],[80.56165369868576,7.251237594375181],[80.56168644696253,7.251307331478883],[80.56175966879424,7.251393908601786],[80.56182175295042,7.251438176334099],[80.56183984227322,7.251451074784061],[80.56185472328127,7.251461685645294],[80.56190352162999,7.251488656854142],[80.56191193678889,7.251499191414186],[80.56195113905409,7.25154826554574],[80.56195121779392,7.251548363247433],[80.5619733981244,7.25156410855427],[80.56199186061176,7.251565406796439],[80.56210814313756,7.251573575923809],[80.56215917699757,7.251576506403257],[80.56224153334806,7.251581235821151],[80.56236170020746,7.251592686614981],[80.56246103328041,7.251613441876984],[80.5624733675876,7.251618743270711],[80.56252884797962,7.251642591388404],[80.56258071188871,7.251663618186628],[80.5626623956104,7.251696731424825],[80.56273899772432,7.25171910458529],[80.56279794056172,7.251742191067835],[80.56285434060415,7.251780469516294],[80.56294416700719,7.251799050789143],[80.56303716089539,7.251816275270461],[80.56310163764182,7.251820465316363],[80.56316201460389,7.251875113449408],[80.56319911087071,7.251906374464191],[80.56321334197183,7.251918364036902],[80.56325770365878,7.251942167967715],[80.56330768624082,7.251952683106974],[80.5633197311742,7.251955218988766],[80.56340376778454,7.251955438330376],[80.56344370102669,7.251966038271614],[80.56346453969863,7.251979114285348],[80.5635305203842,7.252020517884168],[80.56362875582671,7.252064874648343],[80.56379201023628,7.252114054605774],[80.56382299535876,7.252124717247113],[80.56385910347127,7.25213714566972],[80.5638633894835,7.252139365925259],[80.56386922910694,7.252142391735454],[80.56398839004142,7.25220412350788],[80.56404352568379,7.252235439004691],[80.56409718077605,7.252283986172051],[80.56412651206993,7.252229426182102],[80.56415046663177,7.25216766182243],[80.56417251246218,7.25217111207898],[80.56422114417917,7.252167608911182],[80.56424705080609,7.252153060845537],[80.56427776896379,7.252111115593347],[80.56429806349672,7.252093040842736],[80.56441134877738,7.252099150701237],[80.56444526600873,7.252104430456972],[80.56450108510245,7.252113118785822],[80.56455225173293,7.252115041668685],[80.56464161991593,7.252141670679389],[80.56471486627693,7.252177242941204],[80.56486667944984,7.252290893885503],[80.5648934782942,7.252306912493002],[80.56497142380763,7.252359941728767],[80.56502754653644,7.252410879101651],[80.56508032772886,7.252440294347033],[80.56517133881779,7.252441511338573],[80.56525266609245,7.252433773037065],[80.56537998856128,7.25243889535006],[80.56542997588551,7.252443350536314],[80.56544545285824,7.252448193019976],[80.56549915278634,7.252464994541914],[80.5655557402044,7.252490521193942],[80.56563126248129,7.252496797710019],[80.56569384132159,7.252493030466462],[80.56577608002672,7.252468830588498]]]]}},{"type":"Feature","properties":{"GND_N":"Rabbegamuwa South","GND_NO":"80","GND_C":"190","PROVINCE_N":"CENTRAL","PROVINCE_C":"2","DISTRICT_N":"KANDY","DISTRICT_C":"1","DSD_N":"UDUNUWARA","DSD_C":"39","Admin_Code":"2139190","GND_NO_Cen":"80","GND_NAME_C":"Rabbegamuwa South","GND_NO_Gaz":"80","GND_NAME_G":"රබ්බේගමmu","shape_1":"Polygon","Area__Ha_":24.9373132115,"MWS_ID":"123","Alt_MWS":null,"Area":0.24937313212,"Density":2586.48553888,"Total_Pop":645.0},"geometry":{"type":"MultiPolygon","coordinates":[[[[80.56770376366849,7.238781030271304],[80.56770642776704,7.238749642258795],[80.56789490194726,7.238766119981387],[80.56792057402876,7.238763452288427],[80.56801033883724,7.238737534478316],[80.56806810314013,7.238697294140931],[80.56808947794222,7.238622429504391],[80.5681711768044,7.238527559447991],[80.5682822615169,7.238449521924053],[80.56834429064793,7.238394130105821],[80.56853999405195,7.238206290095708],[80.56838613258141,7.238110338480316],[80.56825042371896,7.237886647948951],[80.56821742332417,7.237629807404333],[80.5681890677545,7.237433805914613],[80.56814789063787,7.237183972679225],[80.56818979288393,7.236960205957995],[80.56863958250564,7.236469405030916],[80.56886974330827,7.236227763710211],[80.56858354499111,7.235984111838989],[80.56818504847527,7.235797032274048],[80.5679123417413,7.235677733156912],[80.56768110350092,7.235597280005909],[80.56745047003714,7.235552741383148],[80.56719547104197,7.235545158429479],[80.56702923902169,7.235683114759647],[80.56687571440159,7.23586068530981],[80.56681238199664,7.23597573948925],[80.56670497528536,7.236169160098208],[80.56649606686344,7.23612652911895],[80.56650341525136,7.23610148514179],[80.56650107048635,7.236076614845556],[80.56648832904654,7.236020361375107],[80.56648530253105,7.23590506144488],[80.56648687212216,7.235884895323877],[80.56649104158649,7.235831363456654],[80.5665112704844,7.235755591345058],[80.56656470340843,7.235673853473006],[80.56659264685143,7.235631108220095],[80.56662802002651,7.235589103392935],[80.56662798291254,7.235589073533867],[80.56661766313648,7.235581382212425],[80.5664853185262,7.235478502080826],[80.56641127910014,7.235402869193678],[80.56630545946749,7.235317002119938],[80.56627336411441,7.235296957926537],[80.56627130004628,7.235295669248065],[80.56626227699194,7.235290033091644],[80.56620424721268,7.235252929928217],[80.56615679657735,7.235253992290614],[80.56596725790463,7.235265298987306],[80.56587237472834,7.23531239913758],[80.56577021237153,7.235319159501205],[80.5655538413212,7.235224801277322],[80.5652829288483,7.23514991353225],[80.5649420896092,7.235106119258119],[80.56467841474053,7.235081246044766],[80.56441199045136,7.235025732738714],[80.5641672760144,7.234958506019546],[80.56384261487376,7.234885443492768],[80.56355527472991,7.23483296923926],[80.56319444451643,7.234714810801002],[80.56287235278842,7.234599337025664],[80.5625890689348,7.234450625531193],[80.56256272579418,7.234428845712718],[80.5620958293403,7.234119553078739],[80.56211339579055,7.234101095492426],[80.56218452589975,7.234026361244087],[80.56227664657922,7.233972959387271],[80.56241377317534,7.233896423090174],[80.56245601298976,7.233801403487734],[80.56246940298173,7.233702223207057],[80.56239632401861,7.233625493220944],[80.56225370588079,7.233549071470081],[80.56210769987173,7.233434785858064],[80.56199638507859,7.233400228945487],[80.56190177814365,7.233337889763774],[80.5617371184714,7.233218689416714],[80.56173790031126,7.233216031136904],[80.56145615195685,7.233015082678103],[80.56094245829141,7.233276339824683],[80.5607063539983,7.233393151666577],[80.5604650800128,7.233576209192304],[80.56031961597589,7.233781861702337],[80.56010073143884,7.234111292719222],[80.56001596493813,7.234270205241176],[80.55993925212086,7.234416313942622],[80.55990706118591,7.234523496406985],[80.55989621553023,7.234604902842642],[80.55992446612228,7.234610471393196],[80.55998458374911,7.234622316466782],[80.56015981838303,7.234621873367246],[80.56021030909291,7.23453474251598],[80.56029462154054,7.234458447674565],[80.56044602330653,7.234411379104974],[80.56075509556348,7.234520167430123],[80.56090270157358,7.234615569688945],[80.56110717021492,7.234651353728996],[80.56127269876805,7.234718665868061],[80.56137158845992,7.234813100881666],[80.56137466142226,7.234856220355565],[80.56137517674719,7.234863736252683],[80.56137637288474,7.234881164525309],[80.56137717959527,7.234892935300819],[80.56134997161791,7.234909562519686],[80.56134520249977,7.234912476642422],[80.56130236014421,7.234938657662969],[80.5612683851113,7.234974089354473],[80.56125240158693,7.235068853558727],[80.56125066219856,7.23511054105863],[80.56125074079993,7.23513387118251],[80.56126041618394,7.23516543679508],[80.56126897872095,7.235179627528018],[80.5612839421263,7.235204422415393],[80.56132204628406,7.235244049737316],[80.56133472019216,7.235254093472605],[80.56135862542763,7.235278080515664],[80.56138169523555,7.235301229779584],[80.5614541743612,7.235419094531014],[80.56148800085055,7.23550628429673],[80.56151947825647,7.235582170985776],[80.56155591109632,7.23568055452149],[80.5615885753158,7.235768760167086],[80.56163306392602,7.23588263366668],[80.56164935507798,7.235924329668011],[80.561663936137,7.235941983090478],[80.56173334166728,7.236026013700623],[80.56175905542598,7.236034526256272],[80.56176621239959,7.236037582552034],[80.56179300692106,7.23604901108458],[80.56184144360058,7.236073267386247],[80.56189469207906,7.23607329246442],[80.56195252777775,7.236072088940963],[80.56203496314012,7.236070374300834],[80.56224795535296,7.236058721271771],[80.56240846655496,7.236099871910415],[80.56242958700014,7.236105286844992],[80.56252341812797,7.236147290524387],[80.56262089065315,7.236190923637476],[80.56279482474407,7.236238390660983],[80.5630025001574,7.236275670187839],[80.56301593113972,7.2362780828276],[80.5630675570767,7.236287349880359],[80.56307744108878,7.23628956462356],[80.5633526849714,7.236351236623976],[80.56348449206527,7.236444531795992],[80.563524485809,7.236470000261638],[80.56352595056111,7.236470935994506],[80.56355828286878,7.236491526688539],[80.56362495813559,7.236533986788015],[80.56360154595693,7.236638180385008],[80.56355019514822,7.236824320531885],[80.56350436517651,7.237045884761431],[80.56342662455349,7.23723384466796],[80.5633911682066,7.237340301510121],[80.56339205867465,7.237515356709489],[80.56358768143227,7.237574546107309],[80.5637741230656,7.237660205482002],[80.56407583644025,7.237756804526725],[80.56425191026592,7.237821630991346],[80.564389499626,7.237876862915924],[80.56454378946316,7.237945442833097],[80.56474926499544,7.238010597482983],[80.5649950822558,7.238072125529328],[80.56527493016564,7.238116914313961],[80.56540163454622,7.238130060097885],[80.56553454797385,7.238075780339953],[80.56567828732197,7.238025440170188],[80.56568362624171,7.238026003307908],[80.56571154056361,7.238028961535235],[80.56571382065218,7.238029201325867],[80.56579935020257,7.238038264918317],[80.5660054570357,7.238033295190661],[80.56613142142378,7.238033082078468],[80.56616167680026,7.23804739215969],[80.56619630417718,7.238063756118549],[80.56621625292291,7.238073182728656],[80.56623009864006,7.238095344521282],[80.56627008711827,7.238173946830832],[80.56627451918806,7.238224273289943],[80.56627891701518,7.238274237107973],[80.56624687952737,7.238426145986598],[80.56619881996463,7.2385681896683],[80.56617442962573,7.238632651532588],[80.56617224726958,7.238638419972554],[80.56636601167335,7.238817277256739],[80.56670294882132,7.239128295448257],[80.56674589864086,7.239091219848611],[80.56681919387327,7.239008937680375],[80.5668515400957,7.238972626750465],[80.566899291559,7.238919020893218],[80.56696848330665,7.238835489778139],[80.56702857088032,7.238762948971161],[80.5670795977791,7.23870134785532],[80.5671497256694,7.238655460526832],[80.56718041805266,7.238635378322643],[80.56726953138562,7.238620138359679],[80.56733625432547,7.238656882762369],[80.56744177857483,7.238796374594823],[80.567488457652,7.238900481194193],[80.56751430598996,7.239010751904272],[80.56755407178427,7.23918039281676],[80.56756659754436,7.239109461482143],[80.56756941211998,7.239093517212766],[80.56757141409186,7.23908219445909],[80.56763115258053,7.23894549045874],[80.56765130237353,7.238905796309247],[80.56768199973789,7.23884531708615],[80.56770376366849,7.238781030271304]]]]}},{"type":"Feature","properties":{"GND_N":"Hiddavulla East","GND_NO":"91","GND_C":"195","PROVINCE_N":"CENTRAL","PROVINCE_C":"2","DISTRICT_N":"KANDY","DISTRICT_C":"1","DSD_N":"UDUNUWARA","DSD_C":"39","Admin_Code":"2139195","GND_NO_Cen":"91","GND_NAME_C":"Hiddavulla East","GND_NO_Gaz":"91","GND_NAME_G":"හිද්දවුll","shape_1":"Polygon","Area__Ha_":72.4984297032,"MWS_ID":"123","Alt_MWS":null,"Area":0.72498429703,"Density":1120.0242589,"Total_Pop":812.0},"geometry":{"type":"MultiPolygon","coordinates":[[[[80.55859184388886,7.240528170062705],[80.55863899527984,7.240278006724337],[80.5586293640025,7.239858263279729],[80.55865411367573,7.23953783492331],[80.55868746739043,7.239263913483178],[80.5587178209882,7.238895433200693],[80.55874169000666,7.238600222663161],[80.55879223510718,7.238302849117924],[80.55884145723371,7.238033578818322],[80.55890904166057,7.237710644256876],[80.55900584400874,7.237300291209638],[80.55914501498478,7.236584067407077],[80.55951349368635,7.235773256985693],[80.55965311965599,7.235526000498752],[80.55981019091904,7.235193376210347],[80.5599330156241,7.234845777527851],[80.55992446612228,7.234610471393196],[80.55989621553023,7.234604902842642],[80.55990706118591,7.234523496406985],[80.55993925212086,7.234416313942622],[80.56001596493813,7.234270205241176],[80.56010073143884,7.234111292719222],[80.56031961597589,7.233781861702337],[80.5604650800128,7.233576209192304],[80.5607063539983,7.233393151666577],[80.56094245829141,7.233276339824683],[80.56145615195685,7.233015082678103],[80.56173790031126,7.233216031136904],[80.56179964495291,7.233005708701056],[80.56191080398531,7.232746487673808],[80.56204497270531,7.232443473945254],[80.56214362488419,7.232155533562597],[80.56217331213668,7.232059966397898],[80.56248944499849,7.231752563522912],[80.56244963307837,7.231607296723728],[80.56243434667684,7.23157622948069],[80.56241625214537,7.231539458389212],[80.56240421338838,7.231526882936705],[80.56238473134289,7.231455962029059],[80.56236696870046,7.231391310550703],[80.56230897685103,7.23127734123945],[80.56226310302829,7.231198011483879],[80.56217460828681,7.231056356178062],[80.56230591857911,7.230545304454251],[80.56230044787449,7.230409443136073],[80.56219850895826,7.22911582524907],[80.56209503100636,7.228756251359806],[80.56198659775968,7.228370497373326],[80.56175260252775,7.227986730709574],[80.56143044930522,7.227757380829246],[80.56113749906811,7.227512853140099],[80.56098383292677,7.22737871324613],[80.56098142779042,7.227417004789675],[80.56080407343775,7.227405788113593],[80.56079580765469,7.22740584750697],[80.56078130178537,7.227405950973609],[80.5607646588381,7.227406069706748],[80.56055038009777,7.227400925947033],[80.56053939407552,7.227400989474057],[80.56052176500567,7.227401090549805],[80.56051514006883,7.227401128107282],[80.56032564843251,7.22738879592099],[80.56031180000326,7.227388860799214],[80.56029791082435,7.227388926562023],[80.5602932519854,7.227386692536448],[80.56025341157229,7.227366463404785],[80.560241608391,7.227359672830769],[80.56023921087389,7.227355129384277],[80.56020084719273,7.227304855506578],[80.56019117355258,7.22729104945983],[80.56018632587357,7.227284131058102],[80.56017182667038,7.227270222345584],[80.56016700851065,7.22726787882265],[80.56012306938095,7.227223456747678],[80.56011576465161,7.227221035179297],[80.5600169837806,7.227179697881909],[80.56000953126824,7.227179561413458],[80.55968392979065,7.227171788962806],[80.55967921192884,7.22717180842413],[80.55945732605905,7.227079007431895],[80.55944792383981,7.227079051791584],[80.55943610245217,7.227074401671833],[80.55927030053518,7.226990471343704],[80.55924672997985,7.226983553061216],[80.55923260196465,7.22698127743984],[80.55922082563508,7.226978992086291],[80.55909098361674,7.226913952508118],[80.55908390704272,7.22691163773984],[80.55906737435298,7.226904673065091],[80.55905553779313,7.226897681690098],[80.55904373270852,7.226893043324067],[80.55894215614286,7.22684891288496],[80.5589278958973,7.226837226118517],[80.5585541558854,7.2267188744521],[80.55853678760651,7.226838143610131],[80.55851203686271,7.226897997492886],[80.55848269716337,7.226959084458013],[80.55843118316562,7.227066339012244],[80.55838647112085,7.227193365760002],[80.55838067593702,7.227209827618475],[80.55833104280211,7.227418826993691],[80.55833040764325,7.227421500711322],[80.55827498618832,7.227615536535142],[80.55827448142,7.227625775706446],[80.558267913045,7.227758978977371],[80.55826337289908,7.227851012151705],[80.55824087247855,7.227953963415729],[80.55821572840364,7.228069017496391],[80.55821137894402,7.228078772834772],[80.55820842883693,7.228095464839646],[80.55820703702022,7.228104905991728],[80.55818548572857,7.228250947699287],[80.5581621457466,7.228389927757829],[80.5581509236581,7.228566713440499],[80.55814893316057,7.228572622101717],[80.55809787396174,7.228724127033238],[80.5580960930543,7.228727292142071],[80.5580319849138,7.22884120259756],[80.55800105997788,7.2289350534333],[80.55795669655303,7.229108568645485],[80.55789252622412,7.229419527360976],[80.55788463601326,7.229444481410626],[80.55786811586187,7.229524323359861],[80.55784042361707,7.229676595446971],[80.55783352900939,7.229704444643231],[80.5577859674609,7.229884656460483],[80.55776948098217,7.229947128587252],[80.55771264488801,7.230066920434718],[80.55769750874134,7.230095127395239],[80.5576331330018,7.23026582962304],[80.55755713896481,7.230463104600342],[80.55751499296328,7.230572512135474],[80.55743160603724,7.230733889983862],[80.55736089465154,7.230895726056229],[80.55735833187964,7.230899648590794],[80.55732894427074,7.230944642479002],[80.55729954306447,7.230989653540271],[80.557289394028,7.231004027062292],[80.55723431513918,7.2310472153627],[80.55722737150896,7.231052657730146],[80.55719545435682,7.231077682502095],[80.55710849409515,7.231133616962019],[80.55709110067758,7.231149880602119],[80.55702352372043,7.231213065115805],[80.55699452592326,7.231240178406641],[80.55691454200787,7.231290330462161],[80.55685743306483,7.231325502005068],[80.55680611589911,7.23135710433848],[80.5567610884159,7.231389190785349],[80.55671872414986,7.231419378572897],[80.55670085609673,7.231432111573948],[80.55664817956155,7.231467712056346],[80.55660804350029,7.231494837132682],[80.55652503118812,7.23155094248406],[80.55640147222576,7.231638600140506],[80.55640020384801,7.231639865550845],[80.55632430422986,7.231717212729751],[80.55629447528982,7.231747606379025],[80.55616562888761,7.231905978720766],[80.5561354539284,7.231947742882492],[80.55607311358635,7.232027563503904],[80.55602345199694,7.232103228649851],[80.55597739886593,7.232210908722634],[80.55595633643307,7.232321675504436],[80.55592770693767,7.232535709886813],[80.55590546092924,7.23266139616619],[80.55587308481738,7.232758502510014],[80.55584045059958,7.232831373438676],[80.55580762149448,7.232930740311486],[80.5557895468547,7.233042413732252],[80.555773100422,7.233159603276104],[80.55576562697208,7.233258350312035],[80.55575266799787,7.233278146436814],[80.55574704157506,7.233301023450616],[80.55573104545299,7.233421377360859],[80.5557155010417,7.233543903621146],[80.55569544602608,7.233632967627387],[80.55568315435026,7.233690211206774],[80.55567729304339,7.233717511044965],[80.55563793537131,7.233836227697076],[80.55563612598965,7.233840142446847],[80.55559696137051,7.233924918936252],[80.55558971961949,7.233943674261391],[80.55557465582994,7.233982693005181],[80.55557428411896,7.23399104133831],[80.55557200081338,7.234042195674402],[80.55557578066076,7.234090485408211],[80.55558172301961,7.234161024724482],[80.55558690603445,7.234197174887873],[80.55559932163908,7.234283746992538],[80.55560029220162,7.234287862939851],[80.55560492450155,7.234307533746387],[80.55560522204527,7.234308321537346],[80.555657288374,7.234446639814151],[80.5556684861416,7.234512477497582],[80.5556709950203,7.234567370729429],[80.55565774757035,7.234619813808599],[80.55564187802368,7.234667733203978],[80.55555659515325,7.234911241110178],[80.55554339741471,7.234948925101278],[80.55552042501292,7.235011068425593],[80.55551274940838,7.235031833800234],[80.55546851184675,7.235127576989797],[80.55542410670232,7.235195468506596],[80.55538585200583,7.235278374409534],[80.5553697133969,7.235318970627381],[80.55534048029274,7.23542507533497],[80.55532997995736,7.235463188361672],[80.5553019855742,7.235619648798054],[80.55529529343308,7.235657051986336],[80.55528236448697,7.235801010527497],[80.55528046300144,7.235815524549603],[80.55527206811134,7.235879589339095],[80.55527018480218,7.23589396772468],[80.5552544881266,7.235954910032686],[80.55519299658486,7.236151655298386],[80.55518848175653,7.236177130898825],[80.55516632713127,7.236302131694631],[80.55515086211433,7.236389377529672],[80.55513733000205,7.236473831819358],[80.55511356716576,7.23655032328415],[80.55507521347215,7.236648330939088],[80.55504049064902,7.236730425551371],[80.55503459352414,7.236745576970868],[80.55500449406,7.236822917200455],[80.55499504770492,7.236864795334999],[80.55498852265232,7.236893716248152],[80.55497282113943,7.236964424995969],[80.55495475708418,7.237053580345648],[80.55494275392904,7.237157570090597],[80.55491689915459,7.237252689135167],[80.55491030557347,7.237275413738995],[80.55487961897116,7.237381173155335],[80.55486992353882,7.237436096618155],[80.55485419308357,7.237525215115302],[80.55483096442914,7.237620247712542],[80.55480438777982,7.237708131984093],[80.55476912069582,7.23777143491806],[80.55476777204245,7.23777385688544],[80.55472589623982,7.237851877723326],[80.55469381270932,7.237906662775672],[80.55466562064586,7.237966423378367],[80.55465447352935,7.237997303463655],[80.55463125346257,7.23806162958992],[80.55459524159379,7.238186857805958],[80.55456396001692,7.23827012873411],[80.55454237472068,7.238335770504978],[80.55454006276204,7.238347023410326],[80.55453356985055,7.238378629200308],[80.55451043275858,7.238526963155471],[80.55448387913765,7.238697190389711],[80.55445447517867,7.238829566694475],[80.55442943078081,7.238933730012238],[80.55440129512823,7.239024225113185],[80.55439578155094,7.239041959393249],[80.5543634919737,7.239147474720937],[80.55435876498392,7.239171464436877],[80.55434361082824,7.239248384159803],[80.55432346819764,7.239330304948496],[80.5543108740462,7.239397983053381],[80.55430421878283,7.2394337476407],[80.55430021782928,7.239452629311041],[80.55429564051427,7.239474228125919],[80.55428797171314,7.239510424474465],[80.55426826233031,7.239632224257849],[80.5542482328866,7.23970114033783],[80.55423796462841,7.239736475425975],[80.55422354848528,7.239772640446964],[80.55421176174649,7.239802114015998],[80.55418632674679,7.239856706937498],[80.55417658896077,7.2398776069197],[80.55428763958369,7.239906125804391],[80.55441155212907,7.239937948016705],[80.55443914778066,7.23994818459834],[80.55448380386508,7.239964750561152],[80.55454763100224,7.239997426948337],[80.55463200316599,7.240049464480578],[80.55466114421021,7.240088364539101],[80.55467797542919,7.240111613282436],[80.55467939849026,7.240114459811998],[80.5546909123528,7.240137482602811],[80.55476614909763,7.240171249678111],[80.55487316177245,7.240220495758266],[80.55572498610512,7.240273614851384],[80.55598137078982,7.240283660145717],[80.55635082505606,7.240347976453599],[80.5567240879891,7.240407193137556],[80.55706474783332,7.240386154232455],[80.55746130921658,7.240392893164821],[80.55799373650216,7.240601953044812],[80.55821160164784,7.24067754770754],[80.55852092878409,7.240753434734646],[80.55859184388886,7.240528170062705]]]]}},{"type":"Feature","properties":{"GND_N":"Angunawala West","GND_NO":"19","GND_C":"155","PROVINCE_N":"CENTRAL","PROVINCE_C":"2","DISTRICT_N":"KANDY","DISTRICT_C":"1","DSD_N":"UDUNUWARA","DSD_C":"39","Admin_Code":"2139155","GND_NO_Cen":"19","GND_NAME_C":"Angunawala West","GND_NO_Gaz":"19","GND_NAME_G":"අඟුණාවල l","shape_1":"Polygon","Area__Ha_":31.0600156168,"MWS_ID":"123","Alt_MWS":null,"Area":0.31060015617,"Density":4040.56461363,"Total_Pop":1255.0},"geometry":{"type":"MultiPolygon","coordinates":[[[[80.59566775894646,7.242290834225441],[80.5957598990137,7.242183548969688],[80.59577466483164,7.242166354977244],[80.59585359655348,7.242049104460058],[80.5958549620533,7.24204707664893],[80.59585566972198,7.242046023416058],[80.5959156599558,7.24194612257441],[80.59592474026437,7.241925208730327],[80.59593154369618,7.241909541656574],[80.59598055721706,7.241796666027247],[80.59601935390741,7.241700192217456],[80.59602375479642,7.241684681538717],[80.59603767204958,7.241635633108524],[80.59604825421586,7.241579432123994],[80.59605053199745,7.241567339775291],[80.59605527722962,7.241542134194311],[80.59606190497946,7.24149909287608],[80.59605920681504,7.241456984721382],[80.59605731594222,7.241427470217563],[80.59605995968305,7.241392305613135],[80.59606099751088,7.241378511778037],[80.59606159380512,7.241370590315249],[80.59609155114926,7.241185310385482],[80.59610626228925,7.241082226511321],[80.59612024587624,7.241005170013051],[80.59612695451156,7.240968201123003],[80.59614908698352,7.240878232586712],[80.59616304534552,7.240844145868899],[80.59618272896881,7.240763760169894],[80.59621068476605,7.240597108990967],[80.59624531878956,7.240495116349425],[80.5962525851231,7.24047212188029],[80.59627514937681,7.240400719762701],[80.59631404503598,7.240280281007035],[80.59636204647875,7.240216069115991],[80.59638372001513,7.240187075765512],[80.59640277358828,7.240140210530151],[80.59646754664648,7.239980880655744],[80.59647318747928,7.239967003633113],[80.59647734463185,7.239954044796528],[80.59654381823786,7.239746833607817],[80.59663504990777,7.239411553847754],[80.59665442402935,7.239371452916745],[80.59667452591019,7.239329849319341],[80.59669323570196,7.239291123570015],[80.59670666682061,7.239218422856692],[80.5967161924887,7.239174838275104],[80.59672083391906,7.239118864614231],[80.59672197390046,7.239082560889139],[80.59672294239711,7.239051675683873],[80.59672187980358,7.238990815627666],[80.59671629935495,7.238941397751488],[80.5967108705092,7.238893326443164],[80.59670538114372,7.238805969446234],[80.5967081234556,7.238718336267566],[80.59671024301079,7.238650611992666],[80.59671563206165,7.238533778083077],[80.59671618089595,7.238529040652607],[80.59672199177598,7.238478979788968],[80.59672810018967,7.238374987274524],[80.59673176172294,7.238275695268984],[80.59673614144168,7.238192230669731],[80.5967403530331,7.238075938874871],[80.59674575040111,7.237938034688409],[80.59674704129672,7.23787961627345],[80.59666609091443,7.237864754655481],[80.59660732443386,7.237851257333174],[80.59656078983404,7.237820582159104],[80.59651271924528,7.237785748385222],[80.59645441248549,7.237757058922829],[80.59643114867595,7.237734079511653],[80.59638073088037,7.237678716198177],[80.59634185979186,7.237646468734431],[80.59633848768772,7.237643670389843],[80.59633383916275,7.237639813505204],[80.59629872542311,7.237582015517967],[80.5962335527675,7.237512176589874],[80.59619082499796,7.237475173663294],[80.5961827735605,7.237470862374501],[80.59611187691216,7.237432911434502],[80.59605502235158,7.237396083763788],[80.59598267945624,7.237367478210143],[80.59596706708689,7.237364210201717],[80.5958156175188,7.237332506780951],[80.59575974864491,7.237321994702299],[80.59545389045965,7.237219349666326],[80.59486939863093,7.237169686028902],[80.59479743005447,7.23715414943493],[80.59478820597718,7.23715200165292],[80.59472118795077,7.237125521329667],[80.59471887786486,7.237123265979191],[80.59468659649124,7.237080225428982],[80.59468431268691,7.237073393408031],[80.59467778291624,7.237002683300347],[80.5946778254983,7.236995841355903],[80.59468762204676,7.23690930973493],[80.59468762205971,7.236893432875643],[80.5946876220615,7.23689116488208],[80.59469914353501,7.23683672497249],[80.59469914353949,7.236829922800378],[80.5947014472904,7.236816318470852],[80.59472216832098,7.236741531780599],[80.59472446934723,7.236732472480008],[80.5947267703751,7.236718880809424],[80.59477732401882,7.236583200257665],[80.59488987815539,7.236525399530983],[80.59485011493503,7.236330930358507],[80.59485421103562,7.236137684101029],[80.59485464596533,7.236012407466021],[80.59485669381729,7.235991046820189],[80.59485383595606,7.235961396275761],[80.59485649765038,7.235827053073961],[80.59485914327317,7.235814495158463],[80.59490744851384,7.235655545952848],[80.59490793556787,7.235576552504258],[80.59491045475347,7.235560867455579],[80.59492730161983,7.235425118283527],[80.5949269847025,7.235404647433807],[80.59499583054887,7.235148297510443],[80.5949311750898,7.234968422928259],[80.5949630619923,7.234767652162585],[80.59497159019735,7.234714005929908],[80.59485201292466,7.2346950474958],[80.59485336491257,7.234690528324387],[80.59475297442881,7.234669594371581],[80.59472485531894,7.234666893760275],[80.59470414137401,7.234658554149482],[80.5946982319296,7.234655776484522],[80.59466439506944,7.234641955174579],[80.59462064302095,7.234631079745054],[80.59461190697151,7.234626963485981],[80.59455134682476,7.234616344495372],[80.59453700354747,7.234612315522826],[80.59452983625923,7.234609613315145],[80.594460180657,7.234592385647177],[80.59445454898896,7.234592446699455],[80.59445031152572,7.234591118393611],[80.5944306554727,7.234591334810681],[80.59442363304755,7.234595481855674],[80.59433281865022,7.234552436888176],[80.59432751966371,7.234544863939725],[80.5938874997673,7.234479842977005],[80.59387042737893,7.234475269403903],[80.59362876577516,7.234452664404558],[80.59361714574976,7.234448047794093],[80.59331353807373,7.234402624797953],[80.59329584892086,7.234398277935915],[80.59302618693881,7.234359518639907],[80.59296623960182,7.234499993457279],[80.59298297347945,7.234546752693908],[80.5929839846683,7.234585668000701],[80.59298502438484,7.234625698325316],[80.59298263598632,7.234660463318153],[80.59298101639823,7.234684025202352],[80.5929691431927,7.234709883506888],[80.59296205705076,7.234723777992469],[80.59294268094617,7.234761779881932],[80.59293951580597,7.234782523333287],[80.59292942294351,7.23484867812426],[80.59292695486006,7.234892388455968],[80.59292623158281,7.234905195817305],[80.5929228193408,7.234912196466269],[80.5929212568687,7.234915403402048],[80.59292115989436,7.234915601405494],[80.59287964744934,7.235000761045608],[80.59285508922301,7.235044520352789],[80.5928072673209,7.235065752219034],[80.59277646477318,7.235099560760832],[80.59274384675989,7.235144129781734],[80.59268858718413,7.235195290182403],[80.59268134003408,7.235201979106704],[80.59267776242397,7.235205863456619],[80.59267732937828,7.23520633351985],[80.59267417484905,7.235209756845499],[80.59262879473297,7.235259019472077],[80.59262063901602,7.23527090867898],[80.59257639191046,7.235335411985846],[80.59257062373905,7.235343820586221],[80.59255609527138,7.2353677643003],[80.59249695289091,7.235465238827016],[80.5924713973923,7.235511709715022],[80.59247816780159,7.235561991728936],[80.59248553478031,7.235614988702923],[80.59249351846364,7.235672412491815],[80.59250472261664,7.235733548842519],[80.59250696253048,7.235792781632322],[80.5925289850293,7.235883860224138],[80.5925319566193,7.23589615362233],[80.59253390302565,7.235904202709965],[80.59254544379192,7.236028639542113],[80.5925599044975,7.236055833265856],[80.59256145996677,7.236058758411422],[80.59261328762227,7.236208985055396],[80.59261902223541,7.236227591606766],[80.59262025218055,7.236231579177506],[80.59262992894485,7.236262978693449],[80.59263044997161,7.236315880663176],[80.5926202095852,7.236334621840503],[80.59261676591554,7.236340923447033],[80.59259502535663,7.236358639929089],[80.59253350501903,7.236413202480738],[80.59252083352285,7.236424442380435],[80.59249129858804,7.236456145286878],[80.5924610406992,7.236488624696097],[80.59244258035412,7.236505612722117],[80.5923759779763,7.236566902121451],[80.59233439824327,7.236600707177856],[80.59231567672296,7.236607424013104],[80.59228304561184,7.236619133310906],[80.59226139664604,7.236634226428624],[80.59223593271075,7.236677984425246],[80.5922014130496,7.236719840624933],[80.59219238728805,7.236726683456866],[80.59218152267611,7.236734921789546],[80.5921815009361,7.236734938058215],[80.59215802435085,7.23675273972493],[80.59215591232747,7.236753381830428],[80.59217901860376,7.236829195325131],[80.59227994185113,7.23711384396905],[80.5924159177245,7.23814039644923],[80.59254058707006,7.238890174076841],[80.59254089456347,7.238909048823087],[80.59254115876959,7.23892524319638],[80.59253989201252,7.239025572442032],[80.5924924735526,7.239138476378915],[80.59240123905185,7.239191825074681],[80.59231175031593,7.239256688953165],[80.59225825299364,7.239319803074452],[80.59223616847075,7.239394805208507],[80.59223699965638,7.239406269399391],[80.59223544785421,7.239447864016966],[80.5922325145511,7.239526449511957],[80.59220295123986,7.239627539580699],[80.59214287463713,7.239720386329308],[80.59211586597998,7.239761018411017],[80.59208470186098,7.239807899353909],[80.59205351429418,7.239899130941419],[80.592053136928,7.239938648847632],[80.5920531119994,7.239997812887967],[80.59205308502034,7.240064256569745],[80.59203038952025,7.240203057951334],[80.59202271263113,7.240219675034476],[80.59198619981682,7.240298707213866],[80.5919798262587,7.240319228701803],[80.59208903733729,7.240379846787538],[80.59209642647973,7.240492056648082],[80.5920914504124,7.240518776798654],[80.59208864498937,7.240541029664903],[80.59208594009858,7.240558785471087],[80.59208725378261,7.240760245806065],[80.59208927799241,7.240786350246917],[80.59208910429773,7.240801534334588],[80.59208893060888,7.240816703953399],[80.59211240126804,7.240992487423709],[80.59211919400464,7.241007912163261],[80.59212591348273,7.241029802642156],[80.59213041333358,7.241042972929369],[80.5921326094435,7.241053858013667],[80.59215326179861,7.241174368414014],[80.59241089880834,7.241231649010381],[80.59256866335055,7.241244656044433],[80.59257823034334,7.241238762041249],[80.59263086491256,7.241200096290158],[80.59265225942231,7.241178788687308],[80.59275786228123,7.241097965780006],[80.59297634695791,7.241110825346143],[80.59308457781144,7.241150821068857],[80.59322434003722,7.24117862045517],[80.59335299732697,7.241235559224238],[80.59337789850557,7.241267306669709],[80.59342549644846,7.241275313517015],[80.59359481223483,7.241293393460237],[80.59365351189592,7.241284773697685],[80.59382881210801,7.241308567537206],[80.59382648504406,7.241334974977206],[80.59382421049034,7.241361413184525],[80.59380774181166,7.241552814156342],[80.5937888156183,7.241779695388682],[80.5937849872325,7.241965619539287],[80.59378385766826,7.242020431628733],[80.59378308921318,7.242057766390961],[80.593761221781,7.242264166677121],[80.59401015043134,7.242297489702093],[80.59414239519083,7.242333910144102],[80.59464805623384,7.242286832656466],[80.59474124346274,7.24230150510657],[80.59476121356835,7.242304836391936],[80.59501911261908,7.242384191493084],[80.59515230695301,7.242453564840509],[80.59515562907713,7.242456866871103],[80.59516895009351,7.242463474495235],[80.59531564536647,7.242513065203235],[80.5953222593243,7.242522966340458],[80.59534224402468,7.242532879127039],[80.59544558737564,7.242581436108441],[80.59550086969071,7.242497492603501],[80.59558096194272,7.242397508466003],[80.59566775894646,7.242290834225441]]]]}},{"type":"Feature","properties":{"GND_N":"Alapalawala East","GND_NO":"16","GND_C":"170","PROVINCE_N":"CENTRAL","PROVINCE_C":"2","DISTRICT_N":"KANDY","DISTRICT_C":"1","DSD_N":"UDUNUWARA","DSD_C":"39","Admin_Code":"2139170","GND_NO_Cen":"16","GND_NAME_C":"Alapalawala East","GND_NO_Gaz":"16","GND_NAME_G":"අලපලාවල a","shape_1":"Polygon","Area__Ha_":66.3585564918,"MWS_ID":"123","Alt_MWS":null,"Area":0.66358556492,"Density":1422.57464584,"Total_Pop":944.0},"geometry":{"type":"MultiPolygon","coordinates":[[[[80.57444240821245,7.245493698963402],[80.57457441257696,7.245366434491653],[80.57466851987677,7.245242327277968],[80.57477096098265,7.245118544763464],[80.57486334391677,7.245039391418786],[80.57500506442462,7.244980387857594],[80.57508453525037,7.244926546502955],[80.57517233965795,7.244753134727279],[80.57522348026613,7.244679298446528],[80.57529132531528,7.244615116640688],[80.57533961221176,7.244570375013169],[80.57534704821092,7.244547137727881],[80.5753483290604,7.24451973793176],[80.57535030841157,7.24447938792983],[80.57535125239502,7.244460145696547],[80.57536412375292,7.244432570160962],[80.57538436195735,7.244407014473852],[80.5753885380803,7.244401740618641],[80.57544050629278,7.244336113933082],[80.57550175372509,7.24426678098529],[80.57557649052708,7.244205684038395],[80.57562224509509,7.244155425015861],[80.57565695213928,7.244100006590957],[80.57568639132111,7.244081752668739],[80.57576454885034,7.244066775717005],[80.57587339905415,7.244063839500822],[80.57594874645137,7.244057361721637],[80.57597167348769,7.244021018863142],[80.57597295231308,7.243996060679253],[80.57598709010308,7.243971468975689],[80.57602025285141,7.243928890935556],[80.57607672176762,7.24381162867574],[80.57610144671119,7.243768292726012],[80.57611251955484,7.243748884939109],[80.57630787904073,7.243686213196544],[80.57630643517102,7.243752811725116],[80.57638142476452,7.243783420063712],[80.5763890611016,7.243788325643878],[80.5765101065103,7.243847210941731],[80.57651747857767,7.243849709150555],[80.5766768984116,7.243962397362059],[80.57681839705091,7.24406889494316],[80.57697273194601,7.244221415347732],[80.57715979687268,7.244362024093451],[80.57725754295436,7.244414922459661],[80.57736121508776,7.244465855635451],[80.57744216056165,7.244542509874162],[80.57739906145616,7.244586200486996],[80.57728229462573,7.244673687690854],[80.57725647894418,7.244691310290782],[80.57724107514964,7.244709841749221],[80.57722628055689,7.244786699174446],[80.57722609360978,7.2448020478184],[80.57722515420194,7.24487911929775],[80.5772065872197,7.244932736305458],[80.57718507610063,7.244994853370486],[80.57715861363663,7.245039693376101],[80.57707634093941,7.245087897354099],[80.57701440995302,7.245124183386754],[80.57694257372539,7.245179133487851],[80.57692036912714,7.245222169453021],[80.57692035190888,7.245222197478846],[80.57693839231636,7.245210872670223],[80.5769598623865,7.245192795129397],[80.57700542630197,7.245162069722],[80.57704663463292,7.245151417011363],[80.57706413303866,7.245155571809338],[80.57706686940045,7.245156220488761],[80.57711264414489,7.245167089458068],[80.57719657863801,7.245195070065912],[80.57726431149233,7.245204504462817],[80.57731532660617,7.24520345247773],[80.57733304614887,7.245203087658551],[80.57734880308236,7.245199115621819],[80.57743249709732,7.245156016099242],[80.57751755694984,7.245095827649727],[80.57756032023084,7.245051897240696],[80.57763099433292,7.244962220411963],[80.57764903715005,7.244932928893591],[80.57768862984379,7.244868650280423],[80.57778415203845,7.244700130907855],[80.57780742383068,7.2446558709369],[80.57780934796443,7.244652213873096],[80.57783780601099,7.244616141910254],[80.57784250945413,7.244610177374896],[80.57793373879696,7.24452313374956],[80.57804605910454,7.244456354771662],[80.57812776421008,7.244407195420468],[80.57827629695907,7.244416146700669],[80.57828496759517,7.244416669545671],[80.57834752963613,7.244444548395254],[80.57842139253604,7.244478194369481],[80.57848424495513,7.244506825706719],[80.57858544589611,7.244601487795216],[80.5785957652281,7.244611140285373],[80.57864237100893,7.244684950727722],[80.57867121711317,7.244782719273904],[80.57867386909622,7.244796204481632],[80.5786862137033,7.24485895759095],[80.5787381793894,7.244897956513633],[80.57876904985632,7.244917954105822],[80.57883467460965,7.24493344708447],[80.5788350594393,7.244933537681832],[80.57898002872629,7.244963803409384],[80.5791026097389,7.245037285949777],[80.57922486932901,7.2449336154465],[80.57934222427863,7.244834103480404],[80.57936973666102,7.24480460348072],[80.57939323004175,7.244779413453777],[80.57942132027244,7.244745514268859],[80.57948256469153,7.244679799789579],[80.57949416054544,7.244667325432251],[80.57958847576332,7.244565722626639],[80.5796496632216,7.244489245993132],[80.57967128917056,7.244462214887334],[80.57967873808593,7.244471335286823],[80.57967930195936,7.24447202460919],[80.57973658439633,7.244542169900082],[80.57974324497803,7.244550325066926],[80.57978883202809,7.244572222560854],[80.57978893886343,7.244572274152272],[80.57982445803323,7.244589335603321],[80.57987175667641,7.24463411358898],[80.57981536605017,7.244535045485075],[80.57980736571862,7.244515285729286],[80.57979947756095,7.244495798216904],[80.57984507052382,7.244460141367709],[80.57987527571524,7.24443554110605],[80.57991455166388,7.24441806433391],[80.57996563446825,7.2443859610391],[80.57996911247244,7.244382477358273],[80.58003857563051,7.244360973181896],[80.58004441386548,7.244360963945412],[80.5800517118859,7.244360951721571],[80.58022543727039,7.244335344459495],[80.58037599168436,7.244366451341305],[80.58047371867238,7.244328163660089],[80.58055603178273,7.244365639938952],[80.58063138533305,7.244428864131478],[80.58070379934661,7.244500639942184],[80.5807153770213,7.244509233083902],[80.58073273045846,7.244517795249935],[80.58079051764653,7.244543424522312],[80.58082511121867,7.244546101660061],[80.58084238598722,7.244545997855762],[80.5809344803011,7.24457709841608],[80.58094883787973,7.244579881697281],[80.58095744085543,7.244579823900118],[80.5810031958559,7.244565150441709],[80.58103681857523,7.244490198187568],[80.58104232555426,7.244472940126809],[80.58104510633166,7.24446718543419],[80.58106982978764,7.244392648952484],[80.58107523774729,7.244369798640871],[80.58107803267382,7.244366935009737],[80.58108066982376,7.24434982583064],[80.58111104462265,7.244292880459151],[80.58111654000187,7.244281521158669],[80.5811220317542,7.244270171803886],[80.58115760895029,7.244196643749998],[80.58116306444612,7.244185367627606],[80.58116840494374,7.244165649790093],[80.58117381183229,7.244151584777157],[80.58120379775097,7.244095485658801],[80.58120921366645,7.244081483046092],[80.58124905457002,7.244007255073715],[80.58142694774415,7.243917173255096],[80.5815076654359,7.243882518780755],[80.58154758963472,7.243854572125005],[80.58160100675678,7.243826856413315],[80.58190079173235,7.243356191972177],[80.582176647877,7.242975130790823],[80.58255620164456,7.242972696362277],[80.5828288996707,7.242930436802467],[80.58291964655768,7.242833525988438],[80.58293608135526,7.242779230493727],[80.58294155239393,7.242758964679761],[80.58298605737002,7.242449145022277],[80.58298619144436,7.242436277753876],[80.5830415715172,7.242306700215667],[80.58324701760789,7.242014049233343],[80.58334700146817,7.241618002459486],[80.58337484694187,7.241391887898632],[80.58335400499611,7.241369191908464],[80.5832129165903,7.241235344052503],[80.5831980760252,7.241222882789864],[80.58310973062984,7.241106083500991],[80.58310004073373,7.241087718419944],[80.58308557181071,7.241051040079423],[80.58304311282954,7.240895063251977],[80.58304321076615,7.240871358801034],[80.58307599494853,7.240748121661611],[80.58308518542975,7.240724988973951],[80.58319038331956,7.240612039173099],[80.58338154196427,7.240452282002845],[80.5834724650497,7.240316455353187],[80.58347783857153,7.24030817421515],[80.5834842429622,7.240194679671737],[80.58358679457476,7.240049729888576],[80.58359236084132,7.240020443680816],[80.58362146078795,7.239946691104502],[80.58362407498787,7.239925753075657],[80.58363430567732,7.239858395877486],[80.58363429578012,7.239849713660226],[80.58363676200135,7.239812584927708],[80.58367399545097,7.239545294148286],[80.58385060574192,7.239605128831967],[80.58387340581056,7.239616329223501],[80.58408165074472,7.239655706487068],[80.58409129301218,7.239645439486115],[80.58420370101818,7.239563354532325],[80.58421679478484,7.239560700504149],[80.5844133106124,7.239534279192845],[80.58443954589019,7.239531695809152],[80.58444660826426,7.239531976407688],[80.58447344451619,7.239485162004588],[80.5845711020252,7.239434432873191],[80.58459805498308,7.239435000374426],[80.5846250568423,7.239435566086057],[80.5846438694607,7.239438816840233],[80.58466801368795,7.239445042282973],[80.58476706422367,7.239412914305149],[80.58479738794,7.239402156817258],[80.58483574151977,7.239397287910196],[80.58485505127857,7.239391985966337],[80.58486325198646,7.239392166659598],[80.58497642771093,7.239374522469631],[80.58499857790505,7.239372116387945],[80.58502075979519,7.239369706701291],[80.58504020690876,7.239367236180169],[80.5850458189455,7.239364472275615],[80.58514166762785,7.239305925463188],[80.58514175062808,7.239300215728322],[80.58547936629074,7.239246678891205],[80.58549629292864,7.239247041379494],[80.585530261806,7.239233425963843],[80.58555866545794,7.239216778797638],[80.58557004708696,7.239211257371555],[80.58563001000806,7.239189365808045],[80.58566443143201,7.23917844629938],[80.5857365370737,7.239147851368841],[80.58574233054442,7.239142149450612],[80.58576262867005,7.239125067524638],[80.58579751262774,7.239108155382443],[80.58583251795298,7.239091184508606],[80.58588524728322,7.239036741300246],[80.58590587356498,7.239016660835634],[80.58591474056526,7.23900219840776],[80.58593851479166,7.238914688085706],[80.58595344151313,7.238870716258256],[80.58595942743375,7.238853081233141],[80.58596541937415,7.23883836530102],[80.58598347693818,7.238776358455224],[80.58598952731298,7.238749699415341],[80.5859955837087,7.238725956755538],[80.58600777591131,7.238657532329022],[80.5860138640642,7.238633635046249],[80.58601993546084,7.238621623917143],[80.58603501291998,7.238567979722364],[80.58603799832973,7.238538281845783],[80.58603798246978,7.238526430946125],[80.58605606484156,7.238454873760626],[80.58606511045075,7.23841609830858],[80.5860651011622,7.238410172406019],[80.58608628383392,7.238350215107104],[80.5860923474371,7.238335178175028],[80.58610448223432,7.238302113783162],[80.58610443931184,7.238281365433047],[80.58611640093238,7.238162360515135],[80.58611940889472,7.238141493167347],[80.58613218230482,7.23800420538532],[80.58616804591152,7.237961512840876],[80.58619209889773,7.237930324427395],[80.58619606779115,7.237926428538271],[80.5862559155261,7.237910979093996],[80.5862741735804,7.237912810696463],[80.586299807117,7.237915383288454],[80.58632860727076,7.237926918845437],[80.58638642965535,7.237958145053057],[80.58639387667613,7.237958889688827],[80.5865382578072,7.238111907368561],[80.58661080528535,7.238132959041763],[80.58661467095008,7.238133380249529],[80.58663839112967,7.238122760954393],[80.58668379067963,7.238048711106462],[80.58669241583111,7.238023457510632],[80.58668745257538,7.237940786755326],[80.58662543973321,7.23786503004424],[80.58661805699258,7.237859989094422],[80.58651871028006,7.237739586732569],[80.58650806390702,7.237730204669078],[80.5864939936742,7.237716339450888],[80.58649958032663,7.237683255134084],[80.58651156293082,7.237667543340379],[80.58651256786311,7.237650789733504],[80.58653745669953,7.237606464835846],[80.58654187278648,7.23759425677464],[80.58659282984296,7.237543743741617],[80.58661996188118,7.237520745957031],[80.586697399778,7.237451750944329],[80.58659398065825,7.237320922998673],[80.58644864091417,7.237184871474779],[80.58642811095969,7.237176258466642],[80.58641114882869,7.237167838658184],[80.586406040022,7.237141004041273],[80.5864124396612,7.23709974697111],[80.58641507145772,7.237062365981408],[80.58641957644248,7.237047621387526],[80.58646927411601,7.236979068799354],[80.58648035718076,7.236968408972704],[80.58648842149657,7.236950331696068],[80.58651841420118,7.236907749709042],[80.58653053878257,7.236814467743672],[80.58653775807569,7.236807537459991],[80.58657823335415,7.236819501080698],[80.58659866733267,7.236823717319402],[80.58666024588922,7.236857030379267],[80.58669915778383,7.23675719884642],[80.58675617483526,7.236604479436282],[80.58682256831683,7.23647485168692],[80.5868282091663,7.23645935337196],[80.58683088033484,7.236446878715474],[80.58686726770918,7.236348620506034],[80.58687856832344,7.236324361846294],[80.58688117329046,7.236312111429064],[80.58688637051954,7.236287674794784],[80.58691449011695,7.23623069368189],[80.58691704792896,7.236218597880631],[80.58693493646172,7.236144416278357],[80.58696730394024,7.236026806104102],[80.58693769494664,7.236020282806007],[80.58690093152671,7.236012852226446],[80.58684714763986,7.235997999274455],[80.58679154905766,7.235989566114342],[80.58672708651743,7.235960329376422],[80.58670554751,7.235945957357982],[80.58666715535769,7.235920334211967],[80.58663924181361,7.235893736971885],[80.58662443008483,7.235879623669905],[80.58655138749971,7.235793864376717],[80.58652204875017,7.235745301008495],[80.58648930927852,7.235691110549823],[80.58645312295097,7.235607356976638],[80.58644452490896,7.235565698468275],[80.58642456433533,7.235468986661812],[80.58640077454321,7.235406037229972],[80.58637345388591,7.235341186382807],[80.5863398863795,7.235272807049252],[80.58629344993335,7.235228477715708],[80.58625063348447,7.235189483469492],[80.58621687289617,7.23514977046156],[80.58619995147161,7.235120012722569],[80.58617811103916,7.235066547522045],[80.58617534559268,7.235059775848454],[80.58616233309304,7.234994117994339],[80.58615818443006,7.234953783429791],[80.58615642813818,7.234920187828179],[80.58615189591103,7.234833508462454],[80.58614942011317,7.234690808364169],[80.5861464637066,7.234614574359099],[80.58613907690311,7.234522061043678],[80.58610427121542,7.234385406273907],[80.5861015351519,7.234382003141985],[80.58608871104396,7.234366049491882],[80.58606508116553,7.234336647954065],[80.58599822883188,7.234249825891873],[80.58598588742294,7.234233796479209],[80.58591654608085,7.23417643466356],[80.58580708451066,7.234129183349957],[80.58569851466291,7.234114941263805],[80.58560835733873,7.234077203114702],[80.58560444422639,7.234075564687108],[80.58555537997145,7.23403575479282],[80.58554205010516,7.234010185458762],[80.58551638296744,7.233960953476762],[80.5854509673414,7.233825912676872],[80.58540915045381,7.233723169910218],[80.58539895178909,7.233698112815879],[80.58538082384251,7.233649996279651],[80.5853764286684,7.233638330732791],[80.58536910096626,7.233618882426304],[80.58535686221735,7.233589231519133],[80.58533382218212,7.233533411874403],[80.5853020710082,7.233453276380246],[80.58528523692755,7.233427135858142],[80.58528123910068,7.233420238868464],[80.58524724075139,7.233429598615966],[80.58491119498419,7.23352210520559],[80.58466727811934,7.233599647927002],[80.5845427841393,7.233806713532905],[80.58435877163583,7.233949596414538],[80.58429903500827,7.234131730464485],[80.58411284995398,7.234394250737526],[80.58401190079742,7.234748901166639],[80.58390505583621,7.234965756776992],[80.58373092375241,7.235299442484266],[80.58368052250047,7.23548266825632],[80.58360937164476,7.235618121754873],[80.5835472209169,7.235830726056941],[80.58350572303164,7.236062834964602],[80.58331377487943,7.236316282256179],[80.5832151417053,7.236496940995294],[80.58315510149622,7.236667030312979],[80.58302823055082,7.236950973756098],[80.58297053983735,7.237121758545013],[80.58291266994821,7.237249631354997],[80.58282591726612,7.237387985413517],[80.58273589869235,7.237376473346874],[80.58263987050752,7.237314776217048],[80.5825798147237,7.237276562850044],[80.58242069098044,7.237252706509067],[80.58222147781045,7.237282598358962],[80.5820941686961,7.237289318196537],[80.58184681963192,7.237323317485814],[80.58166484640046,7.237361747649017],[80.581535784812,7.237379463809004],[80.58135300891847,7.237382724255804],[80.58105208555043,7.237356604710087],[80.5809277218997,7.237772173506583],[80.58092345804918,7.238032044827666],[80.58096199299294,7.238217879340953],[80.5810096945503,7.238453083679794],[80.58102169162736,7.238719921487417],[80.58081580095784,7.239000156143975],[80.58071732135565,7.239140168645078],[80.58063124977151,7.239332566392257],[80.58055457233361,7.239468503490515],[80.58041957096809,7.239594270099023],[80.58004970685711,7.239653286512268],[80.57984965666265,7.239704102496156],[80.57966589837949,7.239692335921552],[80.57943839160379,7.239688471137634],[80.57921421059592,7.23964168314065],[80.57906905442665,7.239595204199196],[80.57897080076626,7.239545214250092],[80.57883812295978,7.239489156846272],[80.57874102878324,7.239482130775785],[80.5786505078286,7.239481954920076],[80.57854304756621,7.239510500479567],[80.57844714629927,7.239569296348384],[80.57781311475169,7.23981214745541],[80.5775278730806,7.239712571358106],[80.57750560088986,7.239741162914367],[80.57749735109151,7.239751751407713],[80.57746057840428,7.239779649356556],[80.57748244547568,7.239838637531588],[80.57746489510681,7.239957663224484],[80.57740569027966,7.240064949139935],[80.57734827107001,7.240220030935487],[80.57729238697311,7.240380805073946],[80.57720543896727,7.240548349690666],[80.57711730832531,7.240649658124335],[80.57703347880717,7.240761902346107],[80.57701708858932,7.240886475513186],[80.57705906935723,7.241138917311476],[80.57705633935508,7.241272313409938],[80.57698856580988,7.241439302083813],[80.576956307063,7.241576758220906],[80.57686332902857,7.241656620743192],[80.57685347241672,7.241657559609815],[80.57666987556058,7.241711625105498],[80.57651311593173,7.241757786951885],[80.57610182979793,7.241556301173015],[80.57593318357671,7.241879525934285],[80.57594274200146,7.241940692644574],[80.57598440053658,7.242113690495595],[80.57605723269656,7.242224486052867],[80.57614577482532,7.242445834971239],[80.57618254866806,7.24257610869124],[80.57617345895821,7.242692208090152],[80.57616060404885,7.242779197238686],[80.57609058995958,7.24278318876596],[80.57602706453761,7.24278043885132],[80.57592992585712,7.242757902453479],[80.57580900143098,7.242735499336256],[80.57572507170796,7.242738919484848],[80.57565497641534,7.242732010447416],[80.57556585780371,7.242704675663977],[80.5754349083972,7.242660586468474],[80.57532903996749,7.242603565036297],[80.57532265446403,7.242600228052003],[80.57518036850244,7.242606720454707],[80.57514569594828,7.242670270351218],[80.57511221359577,7.242829122491902],[80.57509660803917,7.243000319029896],[80.57508853000608,7.243374675859183],[80.57497996880745,7.243504190844439],[80.57492878896008,7.243597281493336],[80.57485452059106,7.243743484249453],[80.57478499394445,7.24387905540055],[80.5747223590325,7.244101401022788],[80.57471661601645,7.244186690467446],[80.57469855962741,7.244248201248936],[80.57464262992481,7.244324954435597],[80.57463755832136,7.2443299159024],[80.57455374588548,7.244423218105727],[80.57446020118464,7.244461660089184],[80.57427242007404,7.244627547836942],[80.57416039079162,7.244739012999212],[80.57404172532816,7.244875022466267],[80.57396036694924,7.244967934080695],[80.57382388959721,7.245134420494599],[80.57363895807035,7.245275432780305],[80.573701088684,7.245465879392267],[80.57371044831655,7.245464730576921],[80.57379059398738,7.245457621384381],[80.57387870001341,7.245461895461017],[80.57388763512999,7.245462328981985],[80.57389409898614,7.24546264113058],[80.57407040475621,7.245484423732262],[80.57409671310451,7.245489433510335],[80.57416512078862,7.245502461461005],[80.5742495122467,7.245520764969089],[80.57427114840043,7.245536691206874],[80.57428809592754,7.2455556927014],[80.57431779030628,7.245588990546536],[80.57439901307929,7.245520064525492],[80.57444240821245,7.245493698963402]]]]}},{"type":"Feature","properties":{"GND_N":"Alapalawala West","GND_NO":"17","GND_C":"175","PROVINCE_N":"CENTRAL","PROVINCE_C":"2","DISTRICT_N":"KANDY","DISTRICT_C":"1","DSD_N":"UDUNUWARA","DSD_C":"39","Admin_Code":"2139175","GND_NO_Cen":"17","GND_NAME_C":"Alapalawala West","GND_NO_Gaz":"17","GND_NAME_G":"අලපලාවල a","shape_1":"Polygon","Area__Ha_":34.5675601023,"MWS_ID":"123","Alt_MWS":null,"Area":0.34567560102,"Density":2664.3477216,"Total_Pop":921.0},"geometry":{"type":"MultiPolygon","coordinates":[[[[80.57396036694924,7.244967934080695],[80.57404172532816,7.244875022466267],[80.57416039079162,7.244739012999212],[80.57427242007404,7.244627547836942],[80.57446020118464,7.244461660089184],[80.57455374588548,7.244423218105727],[80.57463755832136,7.2443299159024],[80.57464262992481,7.244324954435597],[80.57469855962741,7.244248201248936],[80.57471661601645,7.244186690467446],[80.5747223590325,7.244101401022788],[80.57478499394445,7.24387905540055],[80.57485452059106,7.243743484249453],[80.57492878896008,7.243597281493336],[80.57497996880745,7.243504190844439],[80.57508853000608,7.243374675859183],[80.57509660803917,7.243000319029896],[80.57511221359577,7.242829122491902],[80.57514569594828,7.242670270351218],[80.57518036850244,7.242606720454707],[80.57532265446403,7.242600228052003],[80.57532903996749,7.242603565036297],[80.5754349083972,7.242660586468474],[80.57556585780371,7.242704675663977],[80.57565497641534,7.242732010447416],[80.57572507170796,7.242738919484848],[80.57580900143098,7.242735499336256],[80.57592992585712,7.242757902453479],[80.57602706453761,7.24278043885132],[80.57609058995958,7.24278318876596],[80.57616060404885,7.242779197238686],[80.57617345895821,7.242692208090152],[80.57618254866806,7.24257610869124],[80.57614577482532,7.242445834971239],[80.57605723269656,7.242224486052867],[80.57598440053658,7.242113690495595],[80.57594274200146,7.241940692644574],[80.57593318357671,7.241879525934285],[80.57610182979793,7.241556301173015],[80.57651311593173,7.241757786951885],[80.57666987556058,7.241711625105498],[80.57685347241672,7.241657559609815],[80.57686332902857,7.241656620743192],[80.576956307063,7.241576758220906],[80.57698856580988,7.241439302083813],[80.57705633935508,7.241272313409938],[80.57705906935723,7.241138917311476],[80.57701708858932,7.240886475513186],[80.57703347880717,7.240761902346107],[80.57711730832531,7.240649658124335],[80.57720543896727,7.240548349690666],[80.57729238697311,7.240380805073946],[80.57734827107001,7.240220030935487],[80.57740569027966,7.240064949139935],[80.57746489510681,7.239957663224484],[80.57748244547568,7.239838637531588],[80.57746057840428,7.239779649356556],[80.57744290859816,7.239793055157014],[80.5774051467833,7.239792586502587],[80.57724864169397,7.239745286343234],[80.57722505397463,7.239738159163037],[80.57710874611078,7.239682346252407],[80.57724753003589,7.239457462592908],[80.5772467324782,7.239008882894826],[80.57725529361123,7.23864766201885],[80.57725175363382,7.238488978855813],[80.57724930315385,7.238286689786408],[80.57724821093606,7.238113489111031],[80.57724206248909,7.237976498122084],[80.57723896939882,7.23786636445145],[80.57707170839957,7.237780648378201],[80.57696747850193,7.237671221000176],[80.57686851929134,7.237561155661997],[80.57681390252485,7.237502896442438],[80.57678779502542,7.237420984110204],[80.57681147553191,7.237303228046855],[80.57689403510844,7.237184208241032],[80.57694846997161,7.237079239819591],[80.57689747924788,7.236744396675894],[80.57683537328845,7.236528164240551],[80.57684698829162,7.236088371617283],[80.57684998480458,7.235974934474383],[80.57652438999354,7.235897187172767],[80.57652207412666,7.235898004550629],[80.57647507842273,7.23591458511763],[80.57635774085216,7.235955984130517],[80.57632639188361,7.235971329040825],[80.57612978667596,7.236067568071125],[80.57608654879066,7.236088732351263],[80.5760805653922,7.236091661469542],[80.57604525645628,7.236108946156433],[80.5758916389182,7.236188547634142],[80.57584460485138,7.236203706553702],[80.57571539338232,7.236245350660819],[80.57558214339028,7.236243337736323],[80.57555720642358,7.23623865782678],[80.57542933115862,7.236182878292385],[80.57532540396988,7.236356911602964],[80.57511771758897,7.236366191163484],[80.57508055684634,7.236379132494021],[80.57507781996611,7.236381822489188],[80.57486139905231,7.236492058039572],[80.57452099548954,7.236659227702066],[80.57441925316233,7.23685926950226],[80.5743813970948,7.237079423273987],[80.57439969632374,7.237240941647142],[80.57439894266383,7.237333092462395],[80.57452805161554,7.237922341743189],[80.57456386794688,7.238194193691378],[80.57469472653696,7.238492671526403],[80.5747198940259,7.238578016282667],[80.57469333661709,7.238735009533205],[80.57465378599339,7.238918927154411],[80.57457421969471,7.239006503439337],[80.57447825395938,7.239101481387778],[80.57436458490466,7.239193365075084],[80.57431934687646,7.239233473425057],[80.57422918967991,7.239313408109839],[80.57412448509207,7.239445046139687],[80.57402317043855,7.239595942771719],[80.57394718299139,7.239751883988899],[80.57388559463989,7.239950964111607],[80.5738001091906,7.240259843942047],[80.57373052063348,7.240475832739889],[80.57369262748634,7.240680154763003],[80.57327778688652,7.240979896219325],[80.57293013862888,7.241494158798606],[80.5729470258618,7.241994713981792],[80.5729650636422,7.242156864359859],[80.5729845529791,7.242468714498556],[80.57297918275037,7.24275808522652],[80.57285451878009,7.243054045615594],[80.57281783737864,7.243414187492014],[80.5726159075492,7.24358799443876],[80.57255856657362,7.243628753693446],[80.57249362877404,7.243645272427348],[80.57241096146922,7.243621995713799],[80.57233555280244,7.243565443013179],[80.57223108387034,7.243489886011625],[80.57220211455117,7.243463943050619],[80.57206323502706,7.243456427452462],[80.57192503933219,7.243400417103085],[80.57155362571109,7.243294188075981],[80.57134889472611,7.243269166070159],[80.5708935720345,7.243311083982515],[80.57075431888501,7.243314905054467],[80.57054639543276,7.243701943708317],[80.5703051973205,7.244270310503151],[80.57030123391573,7.244279648340235],[80.5702996629726,7.244303076287968],[80.57038450771881,7.244349317314445],[80.57040876823844,7.244370762067007],[80.57041099628685,7.244447808711959],[80.57041432686383,7.244691428304781],[80.5704049518297,7.244794336352974],[80.57038925859948,7.244855367830883],[80.570383982742,7.24490519248772],[80.57041177810162,7.244913885468466],[80.57050930613423,7.244920892739042],[80.57056442076326,7.244929779837156],[80.57060266397545,7.244935945487016],[80.5706869665768,7.244949910767948],[80.57087668793925,7.244945927148914],[80.57102143139248,7.244933632507875],[80.57102919064774,7.24493297496548],[80.57110264489828,7.244930022109966],[80.57135194306719,7.24492000725081],[80.57170069408158,7.244911985781287],[80.57170285661458,7.244911936113295],[80.57193830783118,7.24490752137576],[80.57200848380064,7.244918855779358],[80.57203674697833,7.244930443543145],[80.5720751941738,7.244946206520535],[80.57216885489954,7.244984607262984],[80.5721957228526,7.244995624680429],[80.57230559598895,7.245086599758129],[80.57237034308342,7.245140210512078],[80.572386978017,7.245203681899811],[80.57240343033841,7.245266465031022],[80.57240685241041,7.245308969672751],[80.57251427226255,7.245468899357046],[80.57257573573172,7.245524722343177],[80.57267796061575,7.245557141244829],[80.57285198792911,7.245611205077807],[80.57292025179227,7.245648041619265],[80.57298517266126,7.245667874870154],[80.573015851169,7.245669168173984],[80.57302420313434,7.245669520064101],[80.57307566443481,7.245663101721934],[80.57308850168538,7.245661500514048],[80.57314153209988,7.245651590450468],[80.57319518741224,7.245641562196139],[80.57331891095399,7.245594594630768],[80.57344099797245,7.245558024872287],[80.57353401586658,7.245523792400623],[80.57362604498645,7.245475092441421],[80.573701088684,7.245465879392267],[80.57363895807035,7.245275432780305],[80.57382388959721,7.245134420494599],[80.57396036694924,7.244967934080695]]]]}},{"type":"Feature","properties":{"GND_N":"Sadikkawatta","GND_NO":"112","GND_C":"225","PROVINCE_N":"CENTRAL","PROVINCE_C":"2","DISTRICT_N":"KANDY","DISTRICT_C":"1","DSD_N":"UDUNUWARA","DSD_C":"39","Admin_Code":"2139225","GND_NO_Cen":"112","GND_NAME_C":"Sadikkawatta","GND_NO_Gaz":"112","GND_NAME_G":"සාදික්කwa","shape_1":"Polygon","Area__Ha_":66.552615212,"MWS_ID":"123","Alt_MWS":null,"Area":0.66552615212,"Density":788.849541566,"Total_Pop":525.0},"geometry":{"type":"MultiPolygon","coordinates":[[[[80.53001926260484,7.2343271540354],[80.52992388788827,7.234207593766452],[80.52992365103958,7.234171789684186],[80.53002627406278,7.233766406748653],[80.53011547410202,7.233666497250319],[80.53019556327784,7.233576795071755],[80.53020213258016,7.233564263212535],[80.53022840384521,7.233531787710263],[80.53007713259787,7.233498802097388],[80.53001177116775,7.23332312544771],[80.53005080379384,7.232827233769365],[80.5301680400707,7.232542192985377],[80.53046147814769,7.232011413266157],[80.53049250421515,7.231979134733201],[80.53090899418955,7.231535539539879],[80.53114933831289,7.231218624859275],[80.53119413182941,7.231166834359291],[80.53135926728768,7.230949334941643],[80.53139293211358,7.230898313422663],[80.53179641783221,7.23052314508654],[80.53180475422737,7.23052152272327],[80.53184229871702,7.230457973263124],[80.53225010876292,7.230696150373794],[80.53244767080247,7.230794644029659],[80.53291561524522,7.231204862437229],[80.53320908057191,7.23116227734497],[80.53368531512693,7.231093172239874],[80.53369071759896,7.231079612418043],[80.53370397584469,7.231064021198554],[80.53383332385206,7.230985791192455],[80.53443548594237,7.23114946588912],[80.53447316699996,7.231160523782283],[80.53456174797569,7.231224019226386],[80.53461216168746,7.231208245128351],[80.53467683660982,7.231199667776956],[80.53469845793234,7.2311986447227],[80.53471577219443,7.231189653400303],[80.5348146589712,7.231178635374773],[80.53481670788962,7.231175845789229],[80.53482729590488,7.231171703374216],[80.53489453428931,7.231148022818155],[80.53488461667654,7.231057863320126],[80.53491533911243,7.230831074687371],[80.53489992080557,7.230762166954912],[80.53489314257764,7.230745563118361],[80.53487909374346,7.230722137907588],[80.53482778229252,7.23062621235631],[80.53478967201663,7.230567494913255],[80.53455579577522,7.23029987155551],[80.53454077390481,7.230280817207554],[80.53444669611501,7.230209479463846],[80.53443563881586,7.230198745877566],[80.53442241055097,7.230192131132025],[80.53415844198558,7.230097417381992],[80.5341484889612,7.230084216539614],[80.53412874092832,7.230067166310103],[80.53396621974095,7.229966826441627],[80.53396171977008,7.229960658527535],[80.53395027250922,7.229951043342321],[80.53383227269956,7.229861948568266],[80.53382095089385,7.229854818464545],[80.53380726367925,7.229847940306008],[80.53379599619036,7.229840840976808],[80.53378046083783,7.229828737689852],[80.5337647401772,7.229819415027888],[80.53365787275993,7.229778568759443],[80.53365406268307,7.229770957041858],[80.53365026617547,7.22976337155618],[80.53361956266566,7.229745129933943],[80.53323996622687,7.229595768687963],[80.53278125624354,7.229460533445724],[80.53255801313209,7.229254782505063],[80.53171086007164,7.228841042547486],[80.53129892029779,7.228627477835882],[80.53110230389943,7.228455172507995],[80.53093074579829,7.228379997930944],[80.53092029524059,7.228366091399205],[80.53091313365844,7.228352075408978],[80.5308284935963,7.228258697893968],[80.53079239176252,7.228239944963028],[80.53076646017152,7.228237697372978],[80.53047529823161,7.228099829957944],[80.53009540302665,7.228122114869261],[80.53003824365223,7.228125467883423],[80.52996792668361,7.228102317779636],[80.52996086655828,7.228099993529449],[80.52995571200505,7.228100420286382],[80.52982434152119,7.228111313910303],[80.52980847066917,7.228105360457664],[80.52969594454927,7.228079305479903],[80.52967951472235,7.228075502146631],[80.52957054059537,7.228050271973468],[80.52944410719259,7.228020998235943],[80.5294288191522,7.228019048423453],[80.52896054181049,7.228077735954045],[80.52894657915293,7.228081376324655],[80.52857753272458,7.22812111252151],[80.52855780569213,7.22812257128794],[80.52852818073019,7.228124764390927],[80.52822463886122,7.228139948883046],[80.52820469382551,7.228131026148795],[80.52802369496645,7.228175694979657],[80.5278378967585,7.228226924532216],[80.52748497874362,7.228140820789401],[80.52725115632548,7.228216608188252],[80.52722761582596,7.228221810424492],[80.527230506443,7.228147185536924],[80.52726622974218,7.228063195569543],[80.52725619325258,7.228037507961097],[80.52723274710512,7.228022573293219],[80.52718737793627,7.228024086715268],[80.52715260154922,7.228032568129818],[80.52712596739994,7.228053262044933],[80.52709332968247,7.228123237035025],[80.52707790159647,7.228186799996736],[80.52706708279064,7.228248536078744],[80.52706548949088,7.228257629754197],[80.52706291331958,7.228272339500459],[80.5270573515939,7.228339887680616],[80.52700139282014,7.228333526976766],[80.52689415361026,7.22837633213708],[80.52685920060003,7.228376583395852],[80.52681429185795,7.228364080379436],[80.5267609802065,7.228321006509679],[80.52675321765233,7.228291827728995],[80.52674597019573,7.228264579910971],[80.52671084285801,7.228259095991797],[80.52667111487769,7.228252892440366],[80.52657697637144,7.228212747824386],[80.5265547738694,7.228216995817771],[80.52653886823481,7.228220038211199],[80.52633779915777,7.228277327536344],[80.52631461998264,7.228282481090934],[80.52629484022312,7.228284294215709],[80.52626180905838,7.228287319067137],[80.52622519045677,7.228294726899131],[80.52619839742952,7.228301249383951],[80.52613881303249,7.228302877885295],[80.52607201772766,7.22830470227059],[80.52605188931804,7.228306545035258],[80.52602800048714,7.228312815900393],[80.52587206735193,7.228367746966749],[80.5258370744027,7.228373106516352],[80.52582303556464,7.22837525646176],[80.52571551815784,7.228396861681609],[80.52568855437428,7.228407580898704],[80.52547665852336,7.228502575908887],[80.52545307309794,7.228518569944226],[80.5254195837125,7.228541278380538],[80.52528778312339,7.22861244837944],[80.52526370725496,7.228601536495867],[80.52515693202552,7.228581051345717],[80.52514612867144,7.22857827823484],[80.52512482674499,7.228588177624511],[80.5251129529904,7.228593695449781],[80.52507941409229,7.228609282470439],[80.52498375212888,7.22866980336497],[80.52474326561611,7.228771020119758],[80.52435727062746,7.228785668180874],[80.52434647508383,7.228788409476501],[80.52432078920751,7.228788886311531],[80.52431278011322,7.228789802460956],[80.52428794503862,7.228792642700293],[80.52394986439063,7.228783584458784],[80.52347886301473,7.228679053137568],[80.52344968006301,7.228672824408758],[80.52341060248754,7.228671126156544],[80.5233171179141,7.228662058407874],[80.52265377222253,7.228625876750955],[80.52261811244932,7.228610677327765],[80.52255183898852,7.228605483214769],[80.52221913493872,7.228591207974752],[80.52217593005538,7.228573096083239],[80.52214244987545,7.228559621434145],[80.5219225850493,7.228529091700453],[80.52186067022701,7.228531522263137],[80.52182272824535,7.228533012166142],[80.52149380657819,7.228560994630882],[80.52147243420711,7.22861565664644],[80.52141382158123,7.228765555869034],[80.52131049411403,7.229183740321725],[80.5210493677943,7.230240556816236],[80.52102960106897,7.230320550944288],[80.52102955381058,7.230406292995158],[80.52102938488378,7.230707010518317],[80.52102927105373,7.230909639590176],[80.52102912874143,7.231162961873392],[80.52102905010683,7.231302931135258],[80.52102902401131,7.231349380471152],[80.52106968596667,7.231563214046217],[80.52107672298735,7.231600227354616],[80.52109301541576,7.231685895358396],[80.52110800950206,7.231764752353828],[80.52112939687551,7.231877226650495],[80.52114864217017,7.231858323098287],[80.52121894273739,7.231804375776555],[80.52122791653767,7.231799800523142],[80.52128696861621,7.231769688752203],[80.5213585197651,7.231746307435396],[80.52144564160292,7.231731253469665],[80.52149028711096,7.23172901859645],[80.52153493080766,7.231726783717816],[80.5216604365648,7.231731646669444],[80.5217478220571,7.231729252083867],[80.52182951329257,7.23171103176977],[80.52189482354535,7.231674442297793],[80.52191558094067,7.231649281802236],[80.52206726070673,7.231702400929947],[80.52206721811226,7.231702461494254],[80.52236454181886,7.231814419550135],[80.52252205009651,7.231917236664557],[80.52260523608906,7.23197416254177],[80.52270418589576,7.232022868052],[80.52285262880272,7.232085293984357],[80.52285555936625,7.232086525462303],[80.52295039795558,7.232122407471874],[80.52300611799895,7.232143489648221],[80.52315921884608,7.232191773920648],[80.52325527917641,7.232225828957259],[80.52337669378923,7.23226007981523],[80.52354120137423,7.232314156908622],[80.52367627916469,7.232367495993744],[80.52381471002064,7.232414685851138],[80.52390325914325,7.232440235268788],[80.52402031740267,7.232490580081095],[80.5240930132189,7.232525797595091],[80.52415222363638,7.232547985716779],[80.52423705043253,7.232590896470994],[80.52434016245421,7.232642860321728],[80.52440244618886,7.232673460099729],[80.52465764669195,7.232807076701766],[80.5248006210715,7.232885073749973],[80.52480864632385,7.232889450470301],[80.52496299883721,7.232967666261136],[80.52508846945476,7.233038452624165],[80.5252094060668,7.233117373344439],[80.52528861123338,7.233173756686166],[80.52534725403409,7.233238535962339],[80.52539889606186,7.233354134835007],[80.52543153390589,7.233450731130491],[80.52545378376998,7.233498942565848],[80.5255154950206,7.233584343356474],[80.52558762758905,7.233656184473613],[80.52569424910902,7.233750651149017],[80.52576294463668,7.233815256854109],[80.52584197107963,7.233867658373701],[80.52593956500829,7.233908405522803],[80.5259898167549,7.233921365534671],[80.5260739415188,7.233924395948904],[80.52617112987669,7.233881132464247],[80.52618370819587,7.233874117483188],[80.52623915841745,7.233843188319162],[80.52631478214944,7.233824329964031],[80.52638695059944,7.233829615411593],[80.52644561250564,7.233861750241306],[80.52652643789268,7.233934772478023],[80.52658002408467,7.23397703266635],[80.52669505461905,7.234093296449353],[80.52672980759064,7.234129941448437],[80.52679454009704,7.234174105845705],[80.5268446788076,7.23420831584648],[80.52692027000751,7.234248779448537],[80.52706485280255,7.234309897932192],[80.52708243839146,7.234316853483043],[80.52714017913382,7.234339691519129],[80.52720906886682,7.23438096527826],[80.52732926515506,7.234488552262455],[80.52739651430896,7.234552523929932],[80.52748419871057,7.234666694494786],[80.52754120414437,7.234750825529348],[80.52761441078276,7.234843284963834],[80.52770220205122,7.234929511775095],[80.52775641920742,7.234974218306506],[80.52817886184461,7.235020362688826],[80.52818415412797,7.235026553696894],[80.52822215797923,7.235048725228696],[80.52825994203559,7.235085360011316],[80.52828736097007,7.235102430042143],[80.52892933327556,7.235201491700648],[80.52901333156237,7.235214452534438],[80.529026166058,7.235234213937414],[80.52904419841194,7.235250671137186],[80.52907540915606,7.235287294146748],[80.52951252292503,7.235082161088318],[80.53001926260484,7.2343271540354]]]]}},{"type":"Feature","properties":{"GND_N":"Imbuldeniya","GND_NO":"76","GND_C":"265","PROVINCE_N":"CENTRAL","PROVINCE_C":"2","DISTRICT_N":"KANDY","DISTRICT_C":"1","DSD_N":"UDUNUWARA","DSD_C":"39","Admin_Code":"2139265","GND_NO_Cen":"76","GND_NAME_C":"Imbuldeniya","GND_NO_Gaz":"76","GND_NAME_G":"ඉඹුල්දෙni","shape_1":"Polygon","Area__Ha_":55.5035400623,"MWS_ID":"123","Alt_MWS":null,"Area":0.55503540062,"Density":1446.75456574,"Total_Pop":803.0},"geometry":{"type":"MultiPolygon","coordinates":[[[[80.57779225274258,7.23491586684707],[80.57788172728206,7.234770020987573],[80.57793687601412,7.234679755795296],[80.57799613678678,7.234554366548014],[80.57807724987441,7.234367805285346],[80.57813959843568,7.234225964472038],[80.57815449106796,7.234211646793642],[80.578199279967,7.23408859064899],[80.57820276869113,7.234062451481369],[80.57820955807699,7.234011575637975],[80.57821872233171,7.233942915901147],[80.57822834649218,7.233922268520565],[80.57827165701289,7.233829358470722],[80.57832714457845,7.233694658634982],[80.57832776463334,7.233693150527168],[80.57833474930104,7.233676196074086],[80.57834119574525,7.23363713389224],[80.57834193398034,7.233632496043192],[80.57835654162092,7.23354065053087],[80.57838500564839,7.233472478456681],[80.57847840209806,7.233394206394681],[80.57852341980416,7.233367096856096],[80.57853499706161,7.233390469072551],[80.57853583305773,7.233392153247737],[80.57853586200936,7.233392212944296],[80.57854694346184,7.233414583881784],[80.57857418493398,7.233458794422027],[80.57901757870165,7.233192994107815],[80.57909076739317,7.233148616386426],[80.57919414763751,7.233061343444791],[80.57930868250835,7.233007260511672],[80.57943010996557,7.232962543682004],[80.57957807794156,7.232889099531729],[80.57968884295826,7.232841203018046],[80.57965536175507,7.232747750545269],[80.57961637449114,7.232537945345792],[80.57962086748469,7.232333777352951],[80.57969550508314,7.232037800423879],[80.57975997679529,7.231817409787846],[80.57981433757894,7.231499587871949],[80.57992367372704,7.231201343390497],[80.57977926844814,7.231183449168146],[80.57960537454252,7.231158131405532],[80.57947522053301,7.231096933450498],[80.57910982670575,7.231080842527381],[80.57885019183439,7.231195741152308],[80.578710832754,7.231393383088951],[80.57870747167742,7.231396822504389],[80.57855566485335,7.231531958083197],[80.57836921616972,7.231577800335254],[80.57816790627474,7.231586797453721],[80.57798461592039,7.231431792503654],[80.57788687235558,7.231325322519583],[80.5778348320601,7.231249332970928],[80.57783646412518,7.231246643380397],[80.57781954492091,7.231229977843304],[80.57624704397045,7.230817892783842],[80.57621195344159,7.230301093542312],[80.57600947431202,7.229761147451867],[80.57574272359696,7.229357171118602],[80.57556142295931,7.229002583714776],[80.57544437412078,7.228908864435819],[80.57499128113464,7.228016342626129],[80.57487264296809,7.228162771019725],[80.57485497719179,7.228180217164188],[80.57482971165831,7.228215038843567],[80.57478203659147,7.228280742508015],[80.57478005297104,7.228283880466642],[80.57474844462406,7.228333881679339],[80.57456659450514,7.228230439391767],[80.57440436808457,7.228244000828702],[80.57439059311399,7.228247814502152],[80.57427085435825,7.228296692369679],[80.5740318065596,7.228364699344587],[80.5737752383916,7.228353202039997],[80.57303183085372,7.228387651479672],[80.57237852515006,7.22848944276832],[80.57236560034104,7.228489484913103],[80.57185953949732,7.228553984564704],[80.57096021791014,7.228627101881743],[80.57013911970297,7.228530030480283],[80.5701223354911,7.228528046986069],[80.5699421080216,7.22916496438565],[80.56984247710498,7.229532651233721],[80.56979706793862,7.229803221529087],[80.56972523295575,7.229938702339801],[80.56967381916681,7.230035665487978],[80.56967535697804,7.230092984504387],[80.56967692513963,7.230151267521046],[80.56971454553803,7.230259801800766],[80.56973444449451,7.230310451770324],[80.56973461378139,7.230314545625121],[80.56973820729064,7.230401516752049],[80.5697260205733,7.230514819443016],[80.56971178415827,7.230531500989054],[80.56959663976674,7.230666413220202],[80.56956614302442,7.230701762137514],[80.56954383038608,7.230727626823505],[80.56952832560643,7.230745599131868],[80.56954857957842,7.230812075469606],[80.56954973358,7.23086307775622],[80.56949179397215,7.231028357976199],[80.56939957665662,7.231100207259042],[80.56924334238582,7.231160635028432],[80.56919839778013,7.231225362664463],[80.56919885253014,7.231244865060543],[80.56919901950236,7.231252039873091],[80.5692022849038,7.23125402539731],[80.56929081648354,7.231307877062124],[80.56938497186255,7.231355033999489],[80.56941859398934,7.231366789829142],[80.56947017025341,7.231384824241913],[80.56951978696678,7.231400762490418],[80.56964075644719,7.231426228283568],[80.56970830766765,7.231433896661017],[80.56971274371351,7.231434399656266],[80.56972858983637,7.231436486737615],[80.56984803769903,7.231490558494862],[80.56992215597543,7.231524110053138],[80.57012171378793,7.231588691656436],[80.57013538101725,7.231593114455674],[80.57024387524469,7.23157381146543],[80.57025987765721,7.231564751260787],[80.57030755065858,7.231537759491477],[80.57037588750705,7.231522374739018],[80.57039449296647,7.231518186280089],[80.57047110916606,7.231500936965931],[80.5704876107715,7.231513327941427],[80.57060644245645,7.231602552180862],[80.57069136383183,7.231644458824148],[80.57084221463047,7.231674098483633],[80.57090856581928,7.231730376028107],[80.57095680174099,7.231796231006117],[80.57103356439036,7.231857758181305],[80.57105874791641,7.231857227850843],[80.57107348765959,7.231856917081159],[80.57120996589077,7.231854039561131],[80.57133621838263,7.231813674053869],[80.57158259396576,7.23197338521781],[80.57163069068739,7.231992722734913],[80.57178975200182,7.232037053458175],[80.57194668283067,7.232113065415726],[80.57195461819947,7.232121011466028],[80.57210941794443,7.232197881500368],[80.57224280236176,7.232252705842299],[80.5723984174827,7.232226047954616],[80.57242656459518,7.232270565810839],[80.57257651811129,7.232482420595],[80.57261644356329,7.232549539519396],[80.57262257675389,7.232559849504153],[80.57268192300329,7.232686748802664],[80.57270186292232,7.232782337086126],[80.57271373182014,7.232839229361407],[80.57271702654468,7.232963751507269],[80.57269971032626,7.233010859746294],[80.57265373999965,7.233138255444058],[80.57261367543398,7.233227762590268],[80.57260093563657,7.233238996470796],[80.57256940456558,7.233266804144118],[80.57251692433965,7.233313085484803],[80.57243270964769,7.233339922768336],[80.57237609103231,7.233357965388966],[80.57234702723443,7.233372394992964],[80.57229547902155,7.233397990801042],[80.5721135268556,7.233455965495546],[80.57208192193819,7.233456583432953],[80.57191035805508,7.233573252847806],[80.57178919639526,7.233673354494801],[80.57178812472975,7.233674238421534],[80.57178126987068,7.233679902607864],[80.57176990135939,7.23369245012723],[80.57167128212298,7.233801301044116],[80.57163713037814,7.233830922407463],[80.5715506145361,7.233905964147884],[80.57149925014299,7.233951427473072],[80.57148582804821,7.233953439840414],[80.57186628856503,7.234667460925625],[80.57262180891634,7.234851574568593],[80.57257197112452,7.234951886457727],[80.57254985376558,7.234998539480819],[80.57255171747607,7.235087162874492],[80.57255331358039,7.235160683390335],[80.57254944252446,7.235206678105714],[80.57254839737435,7.235219099138551],[80.57338311031951,7.235136442429633],[80.57353301150131,7.235162333376537],[80.57369605568255,7.235146139355197],[80.57384101583412,7.235142345171904],[80.57403447843207,7.235166925091829],[80.5741506444312,7.23516976916503],[80.57426747394211,7.235095859907504],[80.57438820217322,7.235068013005813],[80.5744536021013,7.235137548515416],[80.57454687099089,7.235183551939697],[80.57470770881622,7.235156033803649],[80.57484166511742,7.235147151344402],[80.57479858167308,7.234924424222553],[80.5748888625619,7.234790006102609],[80.57519615192862,7.234788864135036],[80.57546394266984,7.234874118809694],[80.5755960062855,7.234936913041968],[80.57581821891232,7.235210675559339],[80.5762681059635,7.235253459749791],[80.57640520027357,7.235270749636753],[80.57670675083187,7.235775816574201],[80.57689586488449,7.235910866631182],[80.57709257610104,7.236051341231319],[80.57718498442746,7.235944191024593],[80.57729490278105,7.235700137002799],[80.57730160674002,7.235627526223921],[80.57738980185529,7.235477946952102],[80.5774402680563,7.235418904455132],[80.57751709667271,7.235341460951394],[80.57759939513552,7.235211550359807],[80.5777062167335,7.235030201943786],[80.57776014996847,7.23494893134636],[80.57779225274258,7.23491586684707]]]]}},{"type":"Feature","properties":{"GND_N":"Hendeniya West","GND_NO":"9","GND_C":"125","PROVINCE_N":"CENTRAL","PROVINCE_C":"2","DISTRICT_N":"KANDY","DISTRICT_C":"1","DSD_N":"UDUNUWARA","DSD_C":"39","Admin_Code":"2139125","GND_NO_Cen":"9","GND_NAME_C":"Hendeniya West","GND_NO_Gaz":"9","GND_NAME_G":"හේන්දෙණya","shape_1":"Polygon","Area__Ha_":47.3841262383,"MWS_ID":"123","Alt_MWS":null,"Area":0.47384126238,"Density":2538.82490932,"Total_Pop":1203.0},"geometry":{"type":"MultiPolygon","coordinates":[[[[80.58220212153495,7.255351289839166],[80.58230517763054,7.255291517894499],[80.58239384701469,7.255258059501933],[80.58252325437913,7.25521026177272],[80.58247011075585,7.255129121365832],[80.58258179930839,7.254850337343109],[80.5825965381984,7.254813546662979],[80.58259710842557,7.254812124438583],[80.58260083892819,7.254802814428412],[80.58261592351586,7.254760223699646],[80.58262906778751,7.254723108597878],[80.58269549723109,7.254535544822462],[80.58269749591486,7.25452062649406],[80.58272711092013,7.254299625809433],[80.58271148308556,7.254000927168178],[80.58270769658333,7.253978135325563],[80.58268288289158,7.25382879186945],[80.58266442099342,7.25371767959875],[80.58269690268206,7.253501789437983],[80.58271173857224,7.25340318339219],[80.582781781784,7.253271208597265],[80.58285357687167,7.253135932023339],[80.58297977700016,7.25280564406757],[80.58307564514328,7.252585700622473],[80.58308661895342,7.252560522274966],[80.58313741246397,7.252443989234544],[80.58331064152519,7.252255425359722],[80.58338038973957,7.252215649396525],[80.58353120693111,7.252129640094923],[80.58355194226779,7.252063503685975],[80.5836015797321,7.251905184085667],[80.58361010020079,7.251878007983079],[80.58362479229838,7.251823045281239],[80.58367313795985,7.251642191711903],[80.5837570690173,7.251505217315581],[80.58381724448064,7.25140701656608],[80.5838465868419,7.251359128089788],[80.58394114063191,7.251123326023236],[80.58392165874324,7.251006010742222],[80.58392567783166,7.250990858141425],[80.58391712429129,7.250978706119275],[80.58390979600057,7.250934585711388],[80.58383658294981,7.250804527753084],[80.58381382824676,7.250764107545528],[80.58376808991302,7.25068285828531],[80.58370526444264,7.250415428486044],[80.58372107811022,7.250069449922797],[80.58372110751904,7.250000249083494],[80.5837211075317,7.250000219241505],[80.58372237575132,7.249999275687035],[80.58384038356743,7.249911468160374],[80.58386242340352,7.249895069827317],[80.5838987138861,7.249858602913086],[80.58390047509336,7.249856833938521],[80.58402950969563,7.249667618010987],[80.58406365888877,7.249433688462363],[80.58409432268435,7.249303843572587],[80.5841203732392,7.249240630269513],[80.58412822820131,7.249221567273913],[80.58415135556525,7.249134762189296],[80.58417610314885,7.249077531197618],[80.58422159301864,7.249003398511041],[80.58425902796172,7.248926548603627],[80.58429665232474,7.248823654855618],[80.5843025664844,7.248759993541455],[80.58429670362021,7.248702570557804],[80.58429127731772,7.248687734988708],[80.58427986985782,7.248680948803763],[80.58422598907269,7.248677760073898],[80.58417537042916,7.248667610490306],[80.58415146505934,7.248662898915309],[80.58419476485709,7.248416493834201],[80.58422352309695,7.248301841311362],[80.58424917766379,7.248234754700429],[80.58429857956263,7.248122096741595],[80.58436729582937,7.247951302980696],[80.58437492305032,7.247901118304913],[80.5844098854371,7.247677136377531],[80.58442905436704,7.247528296239962],[80.58442872234826,7.247454776287753],[80.58443549856497,7.247279886998458],[80.58445653139704,7.247228893200179],[80.58446415779134,7.247174185198084],[80.58445920116428,7.247119474598884],[80.58444294300598,7.247019610106763],[80.58444032453698,7.247003533211708],[80.58442768493207,7.246948946876119],[80.58442034685767,7.246917256106246],[80.58441003053673,7.246900068191066],[80.58440795100996,7.246896541436899],[80.5843532592694,7.246879970512788],[80.58428979640519,7.246839158755529],[80.58425392356003,7.246801071553339],[80.5842506024872,7.246797544274022],[80.58418623699158,7.246747690902501],[80.58414004138402,7.246722641183632],[80.58413225429616,7.246718417511303],[80.58413082743256,7.246717644633636],[80.58408710617212,7.246676932527525],[80.58402283036479,7.246627077362817],[80.58400336932439,7.246608260539155],[80.58396842829207,7.24657460569701],[80.58395984781143,7.246570643029656],[80.58395506367444,7.246568435411265],[80.58388424396703,7.246602324935822],[80.58387309222634,7.246607661028001],[80.58385085868791,7.246615695389982],[80.58383415895361,7.246626292174612],[80.5838034367952,7.246642222025007],[80.58379208582703,7.246647554413554],[80.58374978762647,7.246663566171519],[80.58371326615882,7.246679452865874],[80.58369645527108,7.246687357488957],[80.58367961702639,7.246697838458275],[80.58366275595846,7.24671088130691],[80.58361560359397,7.246731753430999],[80.58360454699277,7.246736948485469],[80.58359350669554,7.246742134503552],[80.5835387895739,7.24675768882588],[80.5835279597544,7.24675771045877],[80.58343690449534,7.246734934053464],[80.5834288720055,7.246734960487886],[80.58340763308044,7.246727386080694],[80.5833152079656,7.246712481929463],[80.58329950884026,7.246712534949184],[80.5831824475364,7.246723009514632],[80.58300314709088,7.246728426051834],[80.58298786890572,7.246730962454953],[80.58288548008079,7.246719481287216],[80.58287328106591,7.246710925011106],[80.58284682244926,7.246682012239708],[80.58280718187972,7.246664558606273],[80.58273798608722,7.246634091227756],[80.58269942205625,7.24661711099373],[80.58262264339464,7.246583528663392],[80.58251299301199,7.246548213231113],[80.58243116592284,7.246516416523557],[80.58242588094454,7.246514361502876],[80.58235566144353,7.246487075871796],[80.58228165636125,7.246458318218494],[80.58225854068307,7.246445400337341],[80.58210632055521,7.246360329992028],[80.58209931668513,7.246356415891483],[80.58199134990767,7.246407642818496],[80.58196010321356,7.246407044379595],[80.58187109564027,7.246405341504096],[80.58184156137979,7.246404775439959],[80.5818394718333,7.246437329441383],[80.58183653847088,7.246444122212478],[80.5818196616663,7.246483198049486],[80.58178870906433,7.246554867973922],[80.58174135628583,7.246637440384782],[80.58170923131377,7.246693463557038],[80.58169074501104,7.246714170504534],[80.5816362047868,7.246775271682147],[80.58154806489154,7.246838444686868],[80.58143295764266,7.246859736000673],[80.58134637755538,7.246871331830516],[80.58131207136566,7.246875925444147],[80.58130372416865,7.246877044103535],[80.58124402504968,7.246901767447316],[80.58124356221708,7.246901958056589],[80.58121079526727,7.246915527526108],[80.58116033130067,7.246973742954872],[80.58108268027082,7.247071374296486],[80.58107053336698,7.24709958422502],[80.58105673798904,7.247168485252407],[80.58105860752555,7.24720745697465],[80.58106014948126,7.247239566708246],[80.58107049580089,7.247258309205102],[80.581086662266,7.247287595656055],[80.58110196981784,7.247305253310915],[80.58112540181445,7.247332284836627],[80.58115410450233,7.247363019934183],[80.58116215139334,7.247371636870365],[80.58118586354522,7.247402122949158],[80.58119127351209,7.247456745146253],[80.58119235368967,7.247476096780511],[80.58117064538295,7.247511288344653],[80.5811675769495,7.247516261595952],[80.5811611790922,7.247526633912968],[80.58111542521097,7.247577979559964],[80.58111224103827,7.247582544016415],[80.58109064501517,7.247613522478876],[80.58104275281569,7.247682214435534],[80.58080144658383,7.247568738313285],[80.58062143480359,7.247490508324526],[80.58061461838315,7.247507575909331],[80.58051319080073,7.24768568164376],[80.58038178241442,7.247806466972759],[80.58037980541246,7.247808840819092],[80.58031602029551,7.247868821029249],[80.58031191045819,7.247873735950054],[80.58028665856617,7.24789836911387],[80.5802670458025,7.247912342981599],[80.58013281889879,7.248014803137162],[80.58009885092689,7.248051639707688],[80.58009428843036,7.248056242446656],[80.57997237752048,7.248365280394942],[80.57997209463822,7.248380702247051],[80.57974553239445,7.248625700139046],[80.57974399325039,7.248635345667658],[80.5797360432761,7.248647578346088],[80.57958819053465,7.249071614135114],[80.5795695339701,7.249116936027373],[80.57945196386346,7.249411161402121],[80.5794450787256,7.249429896469961],[80.57943576329579,7.249458377056165],[80.57943106250924,7.24947274619363],[80.57940679968769,7.249561278643174],[80.57940407316134,7.249581693897048],[80.57939896199197,7.249604747776391],[80.5793964445959,7.249612793168356],[80.5792989944373,7.249936357351137],[80.57929309892134,7.249957559781726],[80.57925372559127,7.250120763862473],[80.5792500013752,7.250130132628683],[80.57924810209276,7.250143251423785],[80.57924624492148,7.250146995334554],[80.57922389297441,7.250214324516799],[80.57922198164695,7.250221820354426],[80.57922004514043,7.250233072653121],[80.5792181490264,7.250236821068362],[80.57917354266294,7.25037829429244],[80.57911498402925,7.250525746129257],[80.5791147477053,7.25054439726244],[80.57911085133874,7.250551875056282],[80.5790712816009,7.250662545393413],[80.5790692146649,7.250673841945317],[80.57906142724532,7.250686983503837],[80.57906139190229,7.250687041363846],[80.57906128266583,7.250694583197861],[80.57904690394082,7.250748284375915],[80.57904666266607,7.250749177721881],[80.57916995696105,7.250733289280971],[80.57902954794575,7.251285927069846],[80.57847846336672,7.252983380192145],[80.57803688750514,7.252886170526535],[80.57801142989241,7.253568061129634],[80.57773959809933,7.254731845230385],[80.57777994840139,7.254943116882917],[80.57778530439924,7.254971324406416],[80.5777969289687,7.254968436625145],[80.57779844781584,7.254968059290747],[80.57780165759242,7.254967260386326],[80.57780570066781,7.254966114594092],[80.57780594339715,7.254966045973214],[80.57781380402727,7.254963817591224],[80.57781702200367,7.254962905652525],[80.57785998783164,7.254950724488896],[80.57793567503056,7.254929269527534],[80.57806410031935,7.254936982329164],[80.57824234727158,7.2549810833346],[80.57848575803878,7.255048183742026],[80.57862375133482,7.255090354465339],[80.57876174980838,7.255124869327666],[80.57890742014571,7.255149816349374],[80.57898983790697,7.255163249401582],[80.5791968451781,7.255190136479801],[80.5793980986198,7.255224678600361],[80.57965685993646,7.25525541672234],[80.57980752028892,7.255257204630826],[80.58021772843782,7.25533910372525],[80.58022439814657,7.255339103892154],[80.58024146201612,7.25534389049663],[80.580624150048,7.255461750487965],[80.58104580110195,7.255591135066549],[80.58128673563084,7.255658730292343],[80.58131629527443,7.255662733671546],[80.58136042239175,7.255668708351454],[80.58140372274927,7.25567457144311],[80.5814040405947,7.255674614986023],[80.58154892841515,7.255694234492387],[80.58166533022833,7.255698156621357],[80.58182818105706,7.255712419416951],[80.5818928893985,7.255678948150762],[80.58196958196295,7.255635914485642],[80.58207985140163,7.25551872248657],[80.58212780472545,7.255442178430798],[80.58220212153495,7.255351289839166]]]]}},{"type":"Feature","properties":{"GND_N":"Kiriwavula East","GND_NO":"89","GND_C":"040","PROVINCE_N":"CENTRAL","PROVINCE_C":"2","DISTRICT_N":"KANDY","DISTRICT_C":"1","DSD_N":"UDUNUWARA","DSD_C":"39","Admin_Code":"2139040","GND_NO_Cen":"89","GND_NAME_C":"Kiriwavula East","GND_NO_Gaz":"89","GND_NAME_G":"කිරිවවුul","shape_1":"Polygon","Area__Ha_":34.7031789026,"MWS_ID":"123","Alt_MWS":null,"Area":0.34703178903,"Density":3408.90960831,"Total_Pop":1183.0},"geometry":{"type":"MultiPolygon","coordinates":[[[[80.55184901967476,7.254629934181495],[80.55191591908645,7.2545592708192],[80.55201812019422,7.254459486502967],[80.55208999343678,7.254369777379377],[80.55209352697786,7.25436627586275],[80.5520973622617,7.254360579757302],[80.55212885102813,7.254321273592598],[80.55219011301436,7.254236027363916],[80.55226593864236,7.254147228981816],[80.5522818119834,7.254128642579587],[80.55235584977538,7.254023689775622],[80.55236599700592,7.254005205445872],[80.55237969916259,7.253980249883807],[80.55238850853408,7.253964202888695],[80.55241114061155,7.253922977931635],[80.55244586236412,7.253846852019062],[80.55253050232398,7.253729878112022],[80.55261994107634,7.253616341084565],[80.55268763475344,7.253521153352199],[80.55276682935975,7.253427868490989],[80.55279200302596,7.253383661474616],[80.55296551540229,7.25349659541057],[80.5530552598678,7.253412908506452],[80.55312976011437,7.253254659016],[80.55316836808915,7.25312050144642],[80.55344127942755,7.25305376598318],[80.55343280143737,7.252736886677254],[80.55343452685825,7.25257433854484],[80.55341538476338,7.252520494316933],[80.55336663610193,7.252308755486617],[80.5533749812048,7.252240432418216],[80.55337754303365,7.252087834715698],[80.55334159509663,7.252017391934932],[80.55332808448846,7.2520177054273],[80.553278911595,7.252014878864714],[80.5532315616905,7.251989896916823],[80.55319127709072,7.251959581249978],[80.55311159102514,7.251948238352845],[80.5531770974425,7.251332443451278],[80.55320843202189,7.251327936427989],[80.55325688135076,7.251328774083287],[80.5533287873319,7.251323744384287],[80.5533509775132,7.251316973920275],[80.55340459334985,7.251308318935456],[80.55347650089496,7.25129641743125],[80.5535554007755,7.251280196785013],[80.553643689805,7.251262046426145],[80.55368472366425,7.251240000684825],[80.55373527997908,7.251189836749996],[80.55375776012335,7.251145807401602],[80.55376511850194,7.251098696927775],[80.55376676267754,7.251069941868199],[80.55382083363426,7.251052784818764],[80.55382555403452,7.25102965330376],[80.55382581618697,7.25102691611322],[80.55382923604789,7.250991114705503],[80.55376323706476,7.250976247332305],[80.5537108824731,7.250930167452893],[80.55368395475585,7.250806969486597],[80.55367355945482,7.250609933500187],[80.55362579181806,7.250478835294202],[80.55355590394173,7.250381869932001],[80.55346705855325,7.250321846808946],[80.55340205140908,7.250330680695317],[80.55334740189086,7.250321999727855],[80.55331083908989,7.250316191550011],[80.55330202120548,7.250314790078257],[80.55315605250377,7.250284304980296],[80.55242108631178,7.250000125060406],[80.55215947245047,7.24984812601466],[80.55215252858808,7.249847831405164],[80.55187684166287,7.249691345353781],[80.55161636320857,7.249558742009413],[80.55163756140111,7.249508757311559],[80.55158349047775,7.249462146426922],[80.55136413200398,7.249280244512196],[80.5510695419099,7.249243603758285],[80.5509670990552,7.249206897148731],[80.55079019674893,7.249144429838906],[80.55054540149465,7.249050601957195],[80.55028752552955,7.248985231214066],[80.55006790971868,7.248928538955352],[80.54981233713285,7.248880606724627],[80.54961551186805,7.24883540841685],[80.54935034822881,7.24882034880816],[80.54904718012143,7.24882153841647],[80.54888849207012,7.248770135464628],[80.54856287684747,7.24873634692511],[80.54837318349905,7.248706820476088],[80.54810788652424,7.248656486927438],[80.5477822521676,7.248598092706843],[80.54727971995138,7.248468365647988],[80.5472235276786,7.248441784354423],[80.54719916119717,7.248431135690511],[80.54719019914806,7.248431993876408],[80.5472076917359,7.248449094878734],[80.54724776466611,7.248488269481431],[80.54725563065779,7.248495187727561],[80.5473072348308,7.248540568020465],[80.54733619717864,7.248572650014391],[80.54736751272237,7.248607337577531],[80.54739661590119,7.248638513529477],[80.5474230852709,7.248666867639784],[80.54743373180128,7.248680163506762],[80.54745067991323,7.248701329057328],[80.54745684302837,7.248709025045641],[80.54752869044327,7.248817486857317],[80.54754546241915,7.24883598101179],[80.54765543108246,7.248957235234087],[80.54769024669031,7.248995624934767],[80.54778526795246,7.249073689444977],[80.54778648454955,7.24907468840453],[80.54779289612304,7.249079956466188],[80.5478394258698,7.249115700635347],[80.54788449767706,7.24916754061865],[80.5479005088743,7.249200645163699],[80.54791053475161,7.249254184799446],[80.54790521307756,7.249305452354231],[80.54790489276134,7.249308531336948],[80.5479020157682,7.249322830501473],[80.54789554185261,7.249355005882009],[80.54789504040454,7.249358115519885],[80.54784139896128,7.249690927256403],[80.5478358611324,7.249721851553742],[80.54775775471298,7.250167109795171],[80.54770715101797,7.250455577934087],[80.5477057160656,7.250463765654023],[80.5477003586629,7.250492428383108],[80.54762508908871,7.250866032134027],[80.54759504803489,7.2510151524542],[80.54759305087244,7.251023018863799],[80.54752734328129,7.251306754393155],[80.54751426943231,7.251372942609641],[80.54751389153697,7.251403959023216],[80.54751397150163,7.25142493974004],[80.54751466944074,7.251477479952032],[80.54752958393185,7.251532287168843],[80.54754522316038,7.251588362579313],[80.5475579748434,7.251622190742764],[80.54757081682168,7.251654750217672],[80.54760229637972,7.251723765097323],[80.54763025164635,7.251777947672675],[80.54767188136223,7.2518319553629],[80.54770176128284,7.251858684338663],[80.54771840750418,7.251873576595674],[80.54775606265011,7.251907776288918],[80.54794090361206,7.252066122723844],[80.5479685116084,7.252090733573322],[80.54799711584381,7.252115164965978],[80.54806518116851,7.252182478217984],[80.54813723163231,7.252252325502972],[80.54819272235281,7.252295579836106],[80.54826180158088,7.252329525783372],[80.54828035849538,7.252335684340683],[80.54832291852301,7.252349812786965],[80.54835064704578,7.252356335855151],[80.54837607112096,7.252362318802455],[80.54840495244446,7.25237427005756],[80.5484326554976,7.252391826478963],[80.54844657114175,7.252405463980198],[80.54847890732142,7.252437155131363],[80.5485133873761,7.252482570116013],[80.54854270263453,7.252533857749639],[80.5485793235001,7.252599115061],[80.5485901129723,7.252618342281328],[80.54864069542597,7.252699574724517],[80.54865734693269,7.252720291550919],[80.54870405778196,7.252755130525111],[80.5487660679938,7.252798296722461],[80.54884192912978,7.25285241097903],[80.54893807577807,7.252907713679634],[80.54902096206251,7.252953696335251],[80.5490328645243,7.252960300066617],[80.54911868034628,7.253028075101017],[80.54918675401704,7.253261780402781],[80.54918488616384,7.253374817942391],[80.54916473111231,7.25347825984796],[80.54916286105895,7.253527042310087],[80.54916179296212,7.253554942160669],[80.54916801246378,7.25361471953628],[80.54921263174668,7.253667191275535],[80.54925363262335,7.253711793787321],[80.54926521606305,7.2537261779555],[80.54928213568475,7.253757746500556],[80.54930111532641,7.253833083316331],[80.54930641475708,7.253919990150585],[80.54929851563493,7.253962668284105],[80.54929597309172,7.253976414190182],[80.54925572344165,7.254057237636673],[80.54923232626957,7.254108464513187],[80.5492299818376,7.254113597959586],[80.54922743795663,7.254119168083414],[80.54921862801898,7.254170437518754],[80.54925464238725,7.254226612584541],[80.54931699990458,7.254301881553732],[80.54934224528022,7.254344848443621],[80.54937635104919,7.254411151616678],[80.54942196467972,7.254469231400928],[80.54946675845727,7.25452249356249],[80.54947065652027,7.254527128240781],[80.54951626958622,7.254584574101037],[80.54956234043865,7.254632074688286],[80.54958544113408,7.254614090639305],[80.54963169777916,7.254654082000942],[80.54966771105971,7.254712608216334],[80.54976007443761,7.254909521423833],[80.54985464640279,7.255032643887421],[80.54992034004249,7.255139293669058],[80.54993888304645,7.255182618002348],[80.54995570483734,7.255225309371031],[80.54998810102569,7.255271626606681],[80.54999097045524,7.255330407570522],[80.5499773538353,7.255395872142589],[80.5499563208814,7.255442251372607],[80.54995427202904,7.2554539212539],[80.54994696664447,7.255495510914944],[80.54995164797877,7.255551036395272],[80.54996350158427,7.255570394334022],[80.54998269199156,7.255586772641419],[80.55002949786173,7.255613472829641],[80.55003209558036,7.255614335018024],[80.55011406723152,7.25564154917832],[80.55016389625835,7.255649575244439],[80.55019909477805,7.255655245552785],[80.55024454850728,7.255669465698958],[80.55026382885757,7.255687108251745],[80.55030212127133,7.255717421377145],[80.55031578553945,7.255736057672098],[80.55036122867753,7.255771528863994],[80.55037597750085,7.255796314036093],[80.55038291343024,7.255901630517039],[80.5503837969334,7.255915052584922],[80.55039394709783,7.256083347960912],[80.55043111959962,7.256084077231936],[80.55045966729809,7.256084638532235],[80.55051212518937,7.2560856683916],[80.55063110691493,7.256098150815994],[80.55063381540813,7.256098435208061],[80.5506688755006,7.256102113238245],[80.55082757959445,7.256150488948964],[80.55087658749842,7.256165427004404],[80.55102270522879,7.25625656348561],[80.5511852240007,7.256326365654961],[80.55128988747998,7.256375216300595],[80.5513181084747,7.256269674896507],[80.55134653903978,7.256163345043523],[80.55138810689677,7.256053693868593],[80.55141419548573,7.255923813053779],[80.55138238248834,7.25582425731598],[80.55112897066506,7.255726309925328],[80.55117434937607,7.255651057538895],[80.55117469288126,7.255650484382598],[80.55122480447,7.255589288071979],[80.55130479602863,7.255530096021038],[80.5514241826192,7.255472913829617],[80.55151829701592,7.255428016681889],[80.55155367920365,7.255403010386603],[80.55159847018261,7.25537135580414],[80.55165084555152,7.255304916523899],[80.55167299798431,7.255232285012067],[80.55167560852883,7.255223723480606],[80.55169595086566,7.255108705597018],[80.55170958116557,7.254973138682073],[80.55171251436688,7.254943949307928],[80.55170957066662,7.254853699552612],[80.55171601476788,7.254824674688499],[80.5517175577088,7.254819577004413],[80.55172671919627,7.254789322730552],[80.5517350617131,7.254765180219598],[80.55174367403097,7.25474664721876],[80.55181117870826,7.254669905463498],[80.55184901967476,7.254629934181495]]]]}},{"type":"Feature","properties":{"GND_N":"Meewathura","GND_NO":"20","GND_C":"145","PROVINCE_N":"CENTRAL","PROVINCE_C":"2","DISTRICT_N":"KANDY","DISTRICT_C":"1","DSD_N":"UDUNUWARA","DSD_C":"39","Admin_Code":"2139145","GND_NO_Cen":"20","GND_NAME_C":"Meewathura","GND_NO_Gaz":"20","GND_NAME_G":"මීවතුර","shape_1":"Polygon","Area__Ha_":83.5757703886,"MWS_ID":"123","Alt_MWS":null,"Area":0.83575770389,"Density":982.342126411,"Total_Pop":821.0},"geometry":{"type":"MultiPolygon","coordinates":[[[[80.59356539625908,7.255954471310548],[80.59357803699794,7.255681914996494],[80.59371468615628,7.255495344458666],[80.59385852563175,7.255308774955737],[80.59405986649621,7.255129408647145],[80.59442653822556,7.254942929226411],[80.59474286998598,7.2548138544246],[80.59500888492938,7.25468475750555],[80.59532524700039,7.254476723085361],[80.5954906351594,7.254326054310379],[80.59564166213508,7.254139487068308],[80.59573523548109,7.253816518089608],[80.59587918510333,7.253350010082385],[80.59592972455063,7.252790153514087],[80.59590838644313,7.252223088220955],[80.59592294559278,7.251763708019206],[80.59589441609839,7.251203818204507],[80.59582277525585,7.250600845624935],[80.59574397179082,7.249933267661334],[80.59565790080268,7.24946666816922],[80.59549278370575,7.248942614865593],[80.59541791512362,7.248566952890159],[80.59531342844224,7.248074014488374],[80.5952847240621,7.247951978187022],[80.59526323777077,7.247758166592159],[80.59524174289508,7.24758588735653],[80.59527061923978,7.247277247492364],[80.59532829457784,7.246846596017905],[80.59536434887937,7.246559492262782],[80.59541481067842,7.246193439509514],[80.5954364247813,7.246071423226128],[80.59548681685294,7.245877639308828],[80.59556596937473,7.245669510096342],[80.59567389206778,7.245411148296951],[80.59573146279487,7.245246079730767],[80.59582496071576,7.245109735239685],[80.59602633705255,7.244829876247087],[80.5962421024759,7.244514133763445],[80.59672390703902,7.243990336488499],[80.5972941248159,7.243474239252239],[80.59674869442014,7.243098174016342],[80.59651252258023,7.242969419134966],[80.59649032659203,7.242959094970931],[80.595880501542,7.242753596491728],[80.59546883988217,7.242592360295801],[80.5954508658629,7.242583915998615],[80.59544558737564,7.242581436108441],[80.59534224402468,7.242532879127039],[80.5953222593243,7.242522966340458],[80.59531564536647,7.242513065203235],[80.59516895009351,7.242463474495235],[80.59515562907713,7.242456866871103],[80.59515230695301,7.242453564840509],[80.59501911261908,7.242384191493084],[80.59476121356835,7.242304836391936],[80.59474124346274,7.24230150510657],[80.59464805623384,7.242286832656466],[80.59414239519083,7.242333910144102],[80.59401015043134,7.242297489702093],[80.593761221781,7.242264166677121],[80.59378308921318,7.242057766390961],[80.59378385766826,7.242020431628733],[80.5937849872325,7.241965619539287],[80.5937888156183,7.241779695388682],[80.59380774181166,7.241552814156342],[80.59382421049034,7.241361413184525],[80.59382648504406,7.241334974977206],[80.59382881210801,7.241308567537206],[80.59365351189592,7.241284773697685],[80.59359481223483,7.241293393460237],[80.59342549644846,7.241275313517015],[80.59337789850557,7.241267306669709],[80.59335299732697,7.241235559224238],[80.59322434003722,7.24117862045517],[80.59308457781144,7.241150821068857],[80.59297634695791,7.241110825346143],[80.59275786228123,7.241097965780006],[80.59265225942231,7.241178788687308],[80.59263086491256,7.241200096290158],[80.59257823034334,7.241238762041249],[80.59256866335055,7.241244656044433],[80.59241089880834,7.241231649010381],[80.59215326179861,7.241174368414014],[80.5921326094435,7.241053858013667],[80.59213041333358,7.241042972929369],[80.59212591348273,7.241029802642156],[80.59211919400464,7.241007912163261],[80.59211240126804,7.240992487423709],[80.59208893060888,7.240816703953399],[80.59208910429773,7.240801534334588],[80.59208927799241,7.240786350246917],[80.59208725378261,7.240760245806065],[80.59208594009858,7.240558785471087],[80.59208864498937,7.240541029664903],[80.5920914504124,7.240518776798654],[80.59209642647973,7.240492056648082],[80.59208903733729,7.240379846787538],[80.5919798262587,7.240319228701803],[80.59198619981682,7.240298707213866],[80.59198289612443,7.240305858915436],[80.59197455933966,7.240326281038945],[80.59188932321922,7.240535075472962],[80.59188010080669,7.240557664850571],[80.59182072567668,7.240711011536552],[80.59181421324818,7.240738964530228],[80.59177981320914,7.240886610659137],[80.59176707640268,7.241029123702099],[80.59175656954679,7.241148261406646],[80.59174846174015,7.241240176935603],[80.5917483352766,7.241241626482549],[80.59173260128999,7.241410181337774],[80.59169340257797,7.241600070941275],[80.59164996338443,7.241755773439551],[80.59162183003293,7.241902710403659],[80.59160172935587,7.241993319764625],[80.59159579241557,7.242020080210428],[80.59156656505954,7.242189353920106],[80.59156324798012,7.242215984305062],[80.59156017074584,7.24224071122894],[80.59154457834937,7.242365954519306],[80.59154408328305,7.242427520190286],[80.59154324296419,7.242531893629635],[80.59156102179334,7.242679211854641],[80.59155757600634,7.242697223272105],[80.59154132896273,7.242782203094746],[80.59153410948939,7.243011828986331],[80.5915340819642,7.243012707957934],[80.59151939237219,7.24306017881604],[80.59150975774446,7.243145268934055],[80.59150809153577,7.24323407174091],[80.5915086131259,7.24328968569843],[80.591513572011,7.243340871276985],[80.59151814671618,7.243450384258608],[80.59153268836779,7.243543805595476],[80.59153221001458,7.243606564045942],[80.5915216754238,7.243680079619243],[80.5914942063292,7.243754310849385],[80.59145396537035,7.243836586089687],[80.59143628906669,7.243886511816184],[80.59142640422209,7.243914436298819],[80.59140789752028,7.24399319268149],[80.59138315331157,7.24404952252008],[80.59134944392308,7.244105845998275],[80.5912888338477,7.244168126027679],[80.59122107814134,7.244214219730431],[80.59116157189105,7.24423888117815],[80.59114485364138,7.244248868730779],[80.59099545005417,7.244338106913971],[80.59091148073482,7.24439124662255],[80.59086093535437,7.244428571927065],[80.59080476701014,7.244486424422718],[80.59073955136473,7.244565662702009],[80.5907394408299,7.244565796493767],[80.59064493584529,7.244696700114248],[80.59055323917663,7.244827155421441],[80.59055040999172,7.244831990479009],[80.59053230482846,7.24486295546573],[80.59047459424897,7.244938352576524],[80.59044151852358,7.244981564748734],[80.5903952176945,7.24504484704115],[80.59035298962587,7.245111567345685],[80.59028225849855,7.24522699622117],[80.59023681798499,7.245301151283844],[80.59019232659718,7.245366243804116],[80.59013887309312,7.245425995453581],[80.59008270713173,7.245477518635887],[80.59004164741826,7.245532610048885],[80.58995105433756,7.245654164618404],[80.58992677610988,7.245688746069005],[80.58990656358063,7.245717537123677],[80.58989559958442,7.245737803486722],[80.58988191407026,7.24576310570176],[80.58987536076093,7.245786485579409],[80.5898681290813,7.245812293232516],[80.58986183523778,7.245922615625948],[80.5898653138497,7.2460518428642],[80.58987287354103,7.246159920126678],[80.58987341641073,7.246167686503925],[80.58987265472733,7.246258206927252],[80.58987313894504,7.246265461444869],[80.58988589328682,7.246265006384226],[80.58988288532984,7.246316960074105],[80.58994918965708,7.246363859091221],[80.59008881685716,7.246384229659417],[80.5903125248802,7.246411918749892],[80.59031160287006,7.246418862515959],[80.59029779527239,7.246485693002494],[80.59024643066005,7.246764276000852],[80.59024181838575,7.24678232400213],[80.59023281684436,7.246800193867864],[80.59019539123386,7.247053521758676],[80.59019507733345,7.247094615872988],[80.59014738648337,7.247267430358982],[80.59013456555972,7.247288818205386],[80.5900464130736,7.247435859747819],[80.59005255062115,7.247496521099936],[80.59006643041404,7.24755611402472],[80.59008767714653,7.247604586135576],[80.59012492528684,7.247633705480455],[80.59020390282672,7.24771956521847],[80.59007644806452,7.247972420345696],[80.59006496968496,7.248025659194575],[80.5899527950329,7.248303976668904],[80.58983290771084,7.248504488335282],[80.58979891888217,7.248633402671208],[80.58978114218131,7.248668902831939],[80.58977758484777,7.248676004671768],[80.58976393781032,7.248750597734256],[80.58980134693913,7.248811197766249],[80.58992104281548,7.248915712847075],[80.59002745173044,7.248976895488867],[80.59017580836918,7.249006772945308],[80.59037282633392,7.249001831087237],[80.59038093774326,7.249001583009215],[80.59049305212314,7.24898716272348],[80.59057081487236,7.248986350793404],[80.59058239810504,7.248986546334721],[80.59060333957028,7.248986894909401],[80.59069506174575,7.248977571935919],[80.59071414677385,7.248975688831901],[80.59072367977392,7.248973654425548],[80.59074039761744,7.248969535821177],[80.59084577595756,7.248951413194208],[80.59093406087167,7.248972249987462],[80.59094393512095,7.24897502208608],[80.5909952592196,7.24899008699944],[80.59101691737175,7.248996176362747],[80.59093444006939,7.249145538107332],[80.59087699448447,7.249240474625915],[80.59084527035996,7.249292903115673],[80.590779622425,7.249428730662177],[80.5907657842473,7.249457362479402],[80.59068276374482,7.249623630797572],[80.59064781871184,7.249715102140216],[80.59061032986428,7.249813234439818],[80.59056122705546,7.249979413497841],[80.5913310730723,7.250270002426255],[80.59129481348614,7.250438414995652],[80.59129263723943,7.250449807422532],[80.59128360195982,7.250472593082519],[80.59123258353425,7.250648789300538],[80.59125413441484,7.250724829155982],[80.5912541804082,7.250738602612805],[80.59125422640373,7.250752370643795],[80.59122619669071,7.250845477110044],[80.59122385296558,7.250852290982356],[80.59121681095014,7.250870448325482],[80.59120977342306,7.250890917972922],[80.59117441301639,7.25097281532685],[80.59117205834393,7.250984254703813],[80.59116733900419,7.251009430383038],[80.59116736869451,7.251023202928695],[80.59116751178688,7.251087450996858],[80.59117230941574,7.251098954780523],[80.59117471452495,7.251108139860935],[80.59117711873091,7.251117319515163],[80.5911795211276,7.251126494647125],[80.59118916935984,7.25118830044824],[80.59118919366814,7.251199731751363],[80.59118685971056,7.251220312734914],[80.59117025577902,7.251286760478292],[80.59117025568933,7.2512936286589],[80.59116547485876,7.251309712451136],[80.59116308378847,7.251332653641742],[80.59116069088215,7.251424353503399],[80.59116069069647,7.251438104333349],[80.59116069038816,7.251461019368916],[80.5911606919211,7.251481644710251],[80.59116069117957,7.251536644412697],[80.59116069202346,7.25154122742016],[80.59123497536923,7.251772375802957],[80.59123928475645,7.251799735433925],[80.59127328637491,7.251907440001859],[80.59127322291789,7.251912035643332],[80.59127302891744,7.251925839748012],[80.59127032808767,7.25194890198906],[80.59126738605728,7.251988252435532],[80.59126722102884,7.251999855478717],[80.59126702244367,7.252013797939816],[80.59126675765017,7.252032420141403],[80.59129473831973,7.252083972279923],[80.59130056415256,7.252245418038098],[80.5912276571296,7.252435594888284],[80.59122433539639,7.252448965461589],[80.59108391115477,7.252725411490293],[80.59103955343473,7.252938180383871],[80.59099279393077,7.253208773934865],[80.59095016924847,7.253472855470542],[80.5909160597322,7.253641965166852],[80.590909658999,7.253739326124717],[80.59087765975153,7.254024996785325],[80.59087765994695,7.254035578936681],[80.59088432211499,7.254133591801452],[80.59088432182251,7.254136518125168],[80.59088726986619,7.254146754227625],[80.59088874361758,7.254161381022538],[80.59089021735416,7.254171620140325],[80.5908784275251,7.254288624873044],[80.5908784278471,7.254294473903559],[80.59084439162999,7.254414829940682],[80.59078942409863,7.254527070350484],[80.59074225862805,7.254591938422866],[80.59072809201997,7.254606167264266],[80.59073321642099,7.254613668740913],[80.59080709489575,7.254721778474942],[80.59086693224023,7.254781035646382],[80.59092069984465,7.254839203360626],[80.5909759959446,7.254924321723347],[80.59101853301692,7.25498981059993],[80.5910603481604,7.255046888258174],[80.59108325172498,7.255066431443963],[80.59109836850578,7.255082714154534],[80.5911274289556,7.255107323944491],[80.59115603801722,7.255124064305972],[80.59118817986275,7.255138456727172],[80.59122249938997,7.255146880731125],[80.5912464053678,7.255151139792113],[80.59120490040522,7.255356478277674],[80.59118248476348,7.255521215919932],[80.591149364572,7.255669169857578],[80.59127074831503,7.255681698712283],[80.59154245017358,7.255707649793706],[80.59163557677324,7.25570201679262],[80.59176096680591,7.255719222391426],[80.59194927338861,7.255778159042943],[80.59216200826747,7.255864379296167],[80.59250555364635,7.255989414453404],[80.59274704435535,7.25606846952861],[80.5931164427866,7.256252373942318],[80.59352232050114,7.256293515991742],[80.59356539625908,7.255954471310548]]]]}},{"type":"Feature","properties":{"GND_N":"Kiriwavula West","GND_NO":"90","GND_C":"045","PROVINCE_N":"CENTRAL","PROVINCE_C":"2","DISTRICT_N":"KANDY","DISTRICT_C":"1","DSD_N":"UDUNUWARA","DSD_C":"39","Admin_Code":"2139045","GND_NO_Cen":"90","GND_NAME_C":"Kiriwavula West","GND_NO_Gaz":"90","GND_NAME_G":"කිරිවවුul","shape_1":"Polygon","Area__Ha_":50.8925149702,"MWS_ID":"123","Alt_MWS":null,"Area":0.5089251497,"Density":2090.68072313,"Total_Pop":1064.0},"geometry":{"type":"MultiPolygon","coordinates":[[[[80.54960867503623,7.256518932542243],[80.5496095223819,7.256161364425303],[80.54973373070467,7.256156719529798],[80.54983298983304,7.256143114105226],[80.54994276231321,7.256116220682317],[80.55004438325108,7.256089865751393],[80.55020395926337,7.256069507135338],[80.55030728162544,7.256081586667922],[80.55039394709783,7.256083347960912],[80.5503837969334,7.255915052584922],[80.55038291343024,7.255901630517039],[80.55037597750085,7.255796314036093],[80.55036122867753,7.255771528863994],[80.55031578553945,7.255736057672098],[80.55030212127133,7.255717421377145],[80.55026382885757,7.255687108251745],[80.55024454850728,7.255669465698958],[80.55019909477805,7.255655245552785],[80.55016389625835,7.255649575244439],[80.55011406723152,7.25564154917832],[80.55003209558036,7.255614335018024],[80.55002949786173,7.255613472829641],[80.54998269199156,7.255586772641419],[80.54996350158427,7.255570394334022],[80.54995164797877,7.255551036395272],[80.54994696664447,7.255495510914944],[80.54995427202904,7.2554539212539],[80.5499563208814,7.255442251372607],[80.5499773538353,7.255395872142589],[80.54999097045524,7.255330407570522],[80.54998810102569,7.255271626606681],[80.54995570483734,7.255225309371031],[80.54993888304645,7.255182618002348],[80.54992034004249,7.255139293669058],[80.54985464640279,7.255032643887421],[80.54976007443761,7.254909521423833],[80.54966771105971,7.254712608216334],[80.54963169777916,7.254654082000942],[80.54958544113408,7.254614090639305],[80.54956234043865,7.254632074688286],[80.54951626958622,7.254584574101037],[80.54947065652027,7.254527128240781],[80.54946675845727,7.25452249356249],[80.54942196467972,7.254469231400928],[80.54937635104919,7.254411151616678],[80.54934224528022,7.254344848443621],[80.54931699990458,7.254301881553732],[80.54925464238725,7.254226612584541],[80.54921862801898,7.254170437518754],[80.54922743795663,7.254119168083414],[80.5492299818376,7.254113597959586],[80.54923232626957,7.254108464513187],[80.54925572344165,7.254057237636673],[80.54929597309172,7.253976414190182],[80.54929851563493,7.253962668284105],[80.54930641475708,7.253919990150585],[80.54930111532641,7.253833083316331],[80.54928213568475,7.253757746500556],[80.54926521606305,7.2537261779555],[80.54925363262335,7.253711793787321],[80.54921263174668,7.253667191275535],[80.54916801246378,7.25361471953628],[80.54916179296212,7.253554942160669],[80.54916286105895,7.253527042310087],[80.54916473111231,7.25347825984796],[80.54918488616384,7.253374817942391],[80.54918675401704,7.253261780402781],[80.54911868034628,7.253028075101017],[80.5490328645243,7.252960300066617],[80.54902096206251,7.252953696335251],[80.54893807577807,7.252907713679634],[80.54884192912978,7.25285241097903],[80.5487660679938,7.252798296722461],[80.54870405778196,7.252755130525111],[80.54865734693269,7.252720291550919],[80.54864069542597,7.252699574724517],[80.5485901129723,7.252618342281328],[80.5485793235001,7.252599115061],[80.54854270263453,7.252533857749639],[80.5485133873761,7.252482570116013],[80.54847890732142,7.252437155131363],[80.54844657114175,7.252405463980198],[80.5484326554976,7.252391826478963],[80.54840495244446,7.25237427005756],[80.54837607112096,7.252362318802455],[80.54835064704578,7.252356335855151],[80.54832291852301,7.252349812786965],[80.54828035849538,7.252335684340683],[80.54826180158088,7.252329525783372],[80.54819272235281,7.252295579836106],[80.54813723163231,7.252252325502972],[80.54806518116851,7.252182478217984],[80.54799711584381,7.252115164965978],[80.5479685116084,7.252090733573322],[80.54794090361206,7.252066122723844],[80.54775606265011,7.251907776288918],[80.54771840750418,7.251873576595674],[80.54770176128284,7.251858684338663],[80.54767188136223,7.2518319553629],[80.54763025164635,7.251777947672675],[80.54760229637972,7.251723765097323],[80.54757081682168,7.251654750217672],[80.5475579748434,7.251622190742764],[80.54754522316038,7.251588362579313],[80.54752958393185,7.251532287168843],[80.54751466944074,7.251477479952032],[80.54751397150163,7.25142493974004],[80.54751389153697,7.251403959023216],[80.54751426943231,7.251372942609641],[80.54752734328129,7.251306754393155],[80.54759305087244,7.251023018863799],[80.54759504803489,7.2510151524542],[80.54762508908871,7.250866032134027],[80.5477003586629,7.250492428383108],[80.5477057160656,7.250463765654023],[80.54770715101797,7.250455577934087],[80.54775775471298,7.250167109795171],[80.5478358611324,7.249721851553742],[80.54784139896128,7.249690927256403],[80.54789504040454,7.249358115519885],[80.54789554185261,7.249355005882009],[80.5479020157682,7.249322830501473],[80.54790489276134,7.249308531336948],[80.54790521307756,7.249305452354231],[80.54791053475161,7.249254184799446],[80.5479005088743,7.249200645163699],[80.54788449767706,7.24916754061865],[80.5478394258698,7.249115700635347],[80.54779289612304,7.249079956466188],[80.54778648454955,7.24907468840453],[80.54778526795246,7.249073689444977],[80.54769024669031,7.248995624934767],[80.54765543108246,7.248957235234087],[80.54754546241915,7.24883598101179],[80.54752869044327,7.248817486857317],[80.54745684302837,7.248709025045641],[80.54745067991323,7.248701329057328],[80.54743373180128,7.248680163506762],[80.5474230852709,7.248666867639784],[80.54739661590119,7.248638513529477],[80.54736751272237,7.248607337577531],[80.54733619717864,7.248572650014391],[80.5473072348308,7.248540568020465],[80.54725563065779,7.248495187727561],[80.54724776466611,7.248488269481431],[80.5472076917359,7.248449094878734],[80.54719019914806,7.248431993876408],[80.5471801851321,7.248425059173397],[80.54717978862688,7.248424784970462],[80.54717330694662,7.248420295468001],[80.54717151271558,7.24841905386316],[80.5471629652258,7.248413134524298],[80.54714276248038,7.24839914385253],[80.54707821506533,7.248360587197756],[80.54685822639053,7.248226188477509],[80.5465157709794,7.248025703875573],[80.54650913867793,7.248021821073503],[80.54624868813963,7.247900016605528],[80.54623155413452,7.247892003065746],[80.54614707928057,7.24783449471705],[80.5461010148525,7.247803135569917],[80.54608865928118,7.247795730325915],[80.54606552698735,7.247781866534943],[80.54600749713933,7.247745212968882],[80.54593702338295,7.247709287382268],[80.54591995131891,7.24770058749833],[80.5458332162294,7.247662652438017],[80.54578024894633,7.247644900387879],[80.54573235060184,7.247631674213939],[80.54562831701739,7.247599427435392],[80.54553179631895,7.247570350403348],[80.54550807538989,7.247560120669907],[80.54547711710259,7.247537406104452],[80.5450421687985,7.247575191911426],[80.54439180580954,7.247684400347086],[80.54439173661666,7.247624933511741],[80.54432161514089,7.247684851954224],[80.5442447158324,7.247713841657832],[80.54420830107286,7.247732632518612],[80.54420391002586,7.24773420466398],[80.54420680375189,7.247742258937034],[80.54421762198697,7.247855075943666],[80.54409865575555,7.247974346683128],[80.54393154679495,7.248095953911464],[80.54374795410747,7.248175762207113],[80.54345558094917,7.248293466399953],[80.5431671914759,7.248424889775097],[80.54290095552592,7.248555354926797],[80.54254916715408,7.248891930181363],[80.5423455823454,7.249348890466028],[80.54204668102524,7.250396182074112],[80.54192380200331,7.250827758394246],[80.54193664535077,7.251166749183813],[80.54209598109367,7.251512044317876],[80.54228752358748,7.251907701091378],[80.5423979823093,7.252065875760726],[80.54240148701416,7.252065711173699],[80.54266740589159,7.252059212233909],[80.542928925489,7.252061383117841],[80.5429322136361,7.252061456246439],[80.54322288004603,7.252067933739859],[80.54322619717162,7.252068007785509],[80.5434878259492,7.252100942698852],[80.54349753461841,7.252109998814778],[80.5437538435929,7.252182596173178],[80.54409457095821,7.252284471665681],[80.54467841489493,7.25293773509345],[80.54466857577255,7.253390932825281],[80.54460975338937,7.253741155503047],[80.54465928895601,7.25389207954144],[80.54465513493615,7.253892230249842],[80.54463057763384,7.253960312439336],[80.5445541995596,7.254172060595728],[80.5445245502814,7.254243303421989],[80.54451493977328,7.25426527391791],[80.544512368948,7.254333998519273],[80.54451739633934,7.254419820080691],[80.54454125501373,7.25451722629368],[80.54455700001556,7.254539478304245],[80.54456577162037,7.254564170175686],[80.54456638208708,7.254579908023931],[80.54456224184939,7.254600897432627],[80.54432229581298,7.2547591369025],[80.54418443911963,7.254978685719484],[80.54420664557836,7.255272950920491],[80.54422336968003,7.255499903541805],[80.54422429959718,7.255512521717215],[80.54443326803091,7.25558325339472],[80.54482615674588,7.255631860103493],[80.54509188327066,7.255734846050787],[80.54540130307568,7.255812881812998],[80.5457713720407,7.25593621290787],[80.54614247599271,7.256072640307698],[80.54668828811465,7.255831179058717],[80.54673414936944,7.25593628103543],[80.54674156633739,7.255952064825029],[80.5467792898464,7.256032341448934],[80.54678175955186,7.256040981477948],[80.54679872566167,7.256100354654453],[80.54676536404442,7.256160113850796],[80.5468306673784,7.256176247921517],[80.5471584764657,7.256203115632511],[80.54716820910512,7.256204492367103],[80.54741387810624,7.256161362671626],[80.54759658210887,7.256112545640515],[80.54781845303884,7.255950684472614],[80.54796188130715,7.255935939651932],[80.54801459022605,7.255945535458409],[80.54815780015721,7.256087330288198],[80.5484515704402,7.25628926246802],[80.54869972127725,7.25640536343982],[80.54870671610081,7.256405356998441],[80.54894629571625,7.256521237414918],[80.54918296814331,7.256603514258987],[80.54948746506976,7.256612104485622],[80.54960867503623,7.256518932542243]]]]}},{"type":"Feature","properties":{"GND_N":"Gangoda South","GND_NO":"2","GND_C":"030","PROVINCE_N":"CENTRAL","PROVINCE_C":"2","DISTRICT_N":"KANDY","DISTRICT_C":"1","DSD_N":"UDUNUWARA","DSD_C":"39","Admin_Code":"2139030","GND_NO_Cen":"2","GND_NAME_C":"Gangoda South","GND_NO_Gaz":"2","GND_NAME_G":"ගංගොඩ දකS","shape_1":"Polygon","Area__Ha_":53.0331732253,"MWS_ID":"123","Alt_MWS":null,"Area":0.53033173225,"Density":1898.81151505,"Total_Pop":1007.0},"geometry":{"type":"MultiPolygon","coordinates":[[[[80.56805467279129,7.257498340073863],[80.56803614059113,7.257427526576462],[80.5680169386636,7.257389283901478],[80.56801426687852,7.257383963574508],[80.56800139834282,7.257358330671225],[80.56797849952981,7.257328477311918],[80.56795868885709,7.257280812438183],[80.56794612590826,7.257230710180015],[80.56793165253876,7.257193535842916],[80.5679486083233,7.257147694634993],[80.56793493043406,7.257105796592034],[80.56792274377574,7.257068466859833],[80.56790077162194,7.256996836097921],[80.56789699085031,7.256945469134011],[80.56788897907016,7.256841109065095],[80.56784919282553,7.256801164986171],[80.56784878911567,7.256800759673757],[80.56784859049209,7.256797472446674],[80.56784294818944,7.256703996732874],[80.56783772524665,7.256639879359222],[80.56783541010445,7.256632958581278],[80.5678136694723,7.256567975441331],[80.56777503130773,7.256501039388115],[80.56773043501188,7.256426720590498],[80.56770625783915,7.256386432800184],[80.5676626459567,7.256306201220874],[80.56760063465997,7.256258336079265],[80.56757367614559,7.256199001510034],[80.56754040273924,7.256157728362807],[80.56751547778202,7.25612681149535],[80.56747270102547,7.256064017023939],[80.56799391305027,7.255456017779775],[80.56864077089377,7.254941425500309],[80.5685891832825,7.254875297462305],[80.56854674434324,7.254802481771836],[80.5685315127061,7.254756109452151],[80.56852006659786,7.254721262379193],[80.56851529856951,7.254652352415322],[80.56851751692516,7.25455441847001],[80.56852413109245,7.254531350953069],[80.56854899135666,7.254444649747429],[80.5686268256344,7.254349010231063],[80.56871931124877,7.254285443028007],[80.5687404218274,7.254270930495645],[80.56878728344012,7.254219718698586],[80.56882396108729,7.254179635102031],[80.56889156646753,7.254072415802672],[80.5689613381109,7.253986695444124],[80.56896242361955,7.253985363903284],[80.56897976273005,7.253972078583374],[80.56907683908261,7.253897697950394],[80.5691614805365,7.253797987560907],[80.56917705242145,7.25377964366781],[80.56926710201242,7.253705711033926],[80.56931984085006,7.253632577965902],[80.56952794498699,7.253279078114526],[80.56989932733907,7.252848526279881],[80.56989601210721,7.25284028658461],[80.56985527140922,7.252739008883068],[80.56982287484783,7.252687359433763],[80.56978739269572,7.252650175599119],[80.56973787173365,7.252617779082414],[80.5696858084888,7.252599941566822],[80.5696017879852,7.252560113165321],[80.56952139484322,7.252511335620941],[80.56944317769509,7.25245496201453],[80.56931009798419,7.252353448692598],[80.56927651506722,7.252327832608305],[80.56922836429212,7.252273732515843],[80.5692014289419,7.252240998984079],[80.56914907788749,7.252177387331709],[80.5690956721769,7.252124913477111],[80.56907693597759,7.252104195517567],[80.56886186002504,7.25190569537713],[80.56881804250884,7.251877459346525],[80.56872641640713,7.251833198948883],[80.5686553402995,7.251809835486688],[80.56859638478561,7.251811708477084],[80.56834218334431,7.251818281318211],[80.5682289872001,7.251815246202113],[80.56803030538704,7.251802404517263],[80.56791485281121,7.251783000428191],[80.56781579234226,7.251759533570143],[80.5677446050853,7.251755461383846],[80.56770739638368,7.251753335471367],[80.56762652570904,7.25175510603552],[80.5674770098771,7.251764349840205],[80.56742076561481,7.251780151074178],[80.56733336961868,7.251792951970596],[80.5672697021206,7.251803140388279],[80.56711148402879,7.251831010490856],[80.56700769900193,7.251841181303297],[80.56689268766964,7.25184293691271],[80.56686226011587,7.251840573512072],[80.56681047606199,7.251808898177254],[80.56676883774271,7.251768456694184],[80.56674142488704,7.251711290380035],[80.56671772796588,7.251667171233668],[80.56669884553197,7.251632014127647],[80.56667302232165,7.251583934965597],[80.56664790027445,7.251551007699483],[80.56664358957853,7.251545357442444],[80.56663609495781,7.251535536885675],[80.56660841503245,7.251511530277],[80.5665933041381,7.251498422685351],[80.56658956918614,7.251495183561704],[80.56657481012228,7.251486947604706],[80.56654665063425,7.25147969928879],[80.56650758537046,7.251491566489426],[80.56648868402152,7.25149730640725],[80.56642174846222,7.251526665296423],[80.56637491418597,7.251558024735242],[80.56635272212472,7.251573115414184],[80.56629765563429,7.251585840619028],[80.56624779384136,7.251599889407932],[80.56622972592581,7.251604980411487],[80.56616152788126,7.251622764521425],[80.56605015473244,7.25167248304532],[80.56605002701824,7.251672539957216],[80.56590147342742,7.251752863601779],[80.56588733568535,7.251775645454548],[80.565878884578,7.251838398261564],[80.56587621208931,7.251938052865879],[80.56588658642752,7.252025955783154],[80.56589052506625,7.252124888198638],[80.56589859190656,7.252304576654802],[80.56587193831824,7.252369583592241],[80.5658356612325,7.25243220866089],[80.56583559507118,7.252432323476527],[80.56577608002672,7.252468830588498],[80.56569384132159,7.252493030466462],[80.56563126248129,7.252496797710019],[80.5655557402044,7.252490521193942],[80.56549915278634,7.252464994541914],[80.56544545285824,7.252448193019976],[80.56542997588551,7.252443350536314],[80.56537998856128,7.25243889535006],[80.56525266609245,7.252433773037065],[80.56517133881779,7.252441511338573],[80.56508032772886,7.252440294347033],[80.56502754653644,7.252410879101651],[80.56497142380763,7.252359941728767],[80.5648934782942,7.252306912493002],[80.56486667944984,7.252290893885503],[80.56471486627693,7.252177242941204],[80.56464161991593,7.252141670679389],[80.56455225173293,7.252115041668685],[80.56450108510245,7.252113118785822],[80.56444526600873,7.252104430456972],[80.56441134877738,7.252099150701237],[80.56429806349672,7.252093040842736],[80.56427776896379,7.252111115593347],[80.56424705080609,7.252153060845537],[80.56422114417917,7.252167608911182],[80.56417251246218,7.25217111207898],[80.56415046663177,7.25216766182243],[80.56412651206993,7.252229426182102],[80.56409718077605,7.252283986172051],[80.56408964061657,7.252298013791582],[80.56408280559106,7.252306922489805],[80.5640696185495,7.252322098646994],[80.56403497181776,7.252358454369605],[80.56401986243597,7.252371213333615],[80.56395530196029,7.252419880700312],[80.56395314747346,7.252422008418911],[80.56392538005186,7.25243223574911],[80.56388287808853,7.252439911484335],[80.56379423602793,7.252446421694486],[80.56377741842748,7.25244817178971],[80.56376903639709,7.2524479644008],[80.56373758545497,7.252451508112886],[80.56371455277065,7.252455250186783],[80.56365412867584,7.252460192853651],[80.56364169056513,7.252459876856295],[80.56363340724548,7.252459665893879],[80.56360644074353,7.252463279518611],[80.56321692111214,7.252503129510803],[80.56268495507948,7.252598584620946],[80.56198059416879,7.252440338359703],[80.56140276441324,7.252566428852562],[80.5613855578459,7.252572962428752],[80.5613297317532,7.252592411953215],[80.56131473869141,7.252594605023551],[80.56129749854122,7.252603202195967],[80.56128666181772,7.252611779790857],[80.56124975486595,7.252639726030702],[80.56124101637705,7.252648330842368],[80.56123218981806,7.252661230138947],[80.56120965402755,7.252715081462759],[80.56120513272587,7.252725884818072],[80.56120509004431,7.252728042460723],[80.56119590307077,7.25275617273224],[80.56117975805513,7.252806122307106],[80.56117944202369,7.252821337930681],[80.56113731811405,7.252810803671022],[80.56112398775446,7.25280526845934],[80.56100976311252,7.252751850620682],[80.5610059740932,7.252750018519314],[80.56098542065956,7.252742787932864],[80.56095028983061,7.252733926310615],[80.5608257936406,7.252688962391573],[80.56077250373174,7.252674852621127],[80.56074317504374,7.252667844840355],[80.56068036443523,7.252639039263651],[80.5606047928593,7.25261091669756],[80.56057086396928,7.252601626073996],[80.5603486557297,7.252558611409846],[80.56021602215358,7.252336826342506],[80.56004328318546,7.252425662283038],[80.5598317371407,7.252262071112076],[80.5598152251328,7.252278116399716],[80.55974605742189,7.252317494691806],[80.55973904354485,7.252321487455643],[80.55960986523259,7.252410046475925],[80.5595752520139,7.252438075058682],[80.55951845595962,7.252484065136333],[80.55944502063309,7.252601898515001],[80.55942791722615,7.252629343125985],[80.55939009296209,7.252757192350258],[80.55939828618648,7.252858570232092],[80.5594103231682,7.25300443704444],[80.55941071122481,7.253009141404354],[80.55942306199294,7.253123813592597],[80.55944112355954,7.253230620182],[80.55944893357636,7.253372056610947],[80.5594497673599,7.25339152661276],[80.55945386011747,7.253487175594831],[80.55945370429473,7.25349297842093],[80.55945072392507,7.253604733246639],[80.5594549253915,7.25371922068109],[80.55945570665433,7.253789757447089],[80.55943824431272,7.253840472265482],[80.55942968000225,7.253865342787834],[80.55941344710813,7.253911092674428],[80.55937831118139,7.25396759471665],[80.55936925100674,7.253982164106671],[80.55936695628147,7.253985855272215],[80.55924417002582,7.254148029138237],[80.55915248111009,7.254239681445443],[80.55907129407855,7.254335588970642],[80.55906573097774,7.254341354846634],[80.55904904439336,7.254358647954033],[80.5590120715139,7.25439696359103],[80.55899899097443,7.254410521849457],[80.55890766158922,7.254507598273131],[80.55884714115446,7.254563546442666],[80.55879929457515,7.254626825511604],[80.55871884785503,7.254691352267272],[80.55869438637941,7.25470937592837],[80.55863360048433,7.254754161248069],[80.55855777794336,7.25480494752671],[80.55849251688953,7.254867921600757],[80.55848584138182,7.254874362448535],[80.55845808223614,7.254896954852117],[80.55837957278698,7.254960852175567],[80.55831558442127,7.255071960063495],[80.55828135123595,7.255139554601042],[80.55827125967058,7.255159476933597],[80.55825352167659,7.255187961133982],[80.55829585545288,7.255216206500352],[80.55841186428448,7.255318775544583],[80.55846214680304,7.255391535309833],[80.55859864277305,7.255556693573731],[80.55936282559111,7.255979024221771],[80.55936285651805,7.255990080221104],[80.55936132076151,7.256010594460896],[80.55935815178168,7.256016894116637],[80.55935034342352,7.25607047293577],[80.55935038085485,7.25608307348433],[80.55934726788077,7.256106676967094],[80.55934410343322,7.256112965773214],[80.55933949913599,7.256166405051721],[80.55933953749118,7.256178966715728],[80.55934120337706,7.25620250285037],[80.5593540632761,7.256252619931937],[80.55936204042752,7.256268248256289],[80.55936523525048,7.256276058421991],[80.55938906312588,7.256300978776795],[80.55940015173668,7.256305620424953],[80.55941439848453,7.256313368046735],[80.5594412747564,7.256330400732666],[80.55947282803793,7.256352043064162],[80.55947755483871,7.25635668348123],[80.55948857373743,7.256361290730549],[80.5595043033038,7.256372081126266],[80.55952786268313,7.256382813766893],[80.55960299346562,7.256421062676191],[80.55961392075682,7.256424081021895],[80.5596263951461,7.256430174729107],[80.559651314048,7.256442347659452],[80.55965753585143,7.256445387270839],[80.55988964369806,7.256536568301916],[80.55996177993794,7.256564905490755],[80.5599873030095,7.256574931880208],[80.56004206395902,7.256448895683479],[80.56009585242906,7.256328209764973],[80.560180115019,7.256217130265068],[80.5602427328273,7.256129030496425],[80.56030689581755,7.256044181511231],[80.56045037513007,7.256062390919011],[80.56063250569129,7.256110152210295],[80.56067542742746,7.25612130544442],[80.56084731446418,7.256200316241917],[80.56088517681266,7.256222549266278],[80.56097711337893,7.25627679396718],[80.56099939218852,7.256289618477948],[80.56106926974263,7.256312586489642],[80.56112047161284,7.25633848461984],[80.5611589127491,7.256354818235636],[80.5611782063682,7.256364576646956],[80.56121678603583,7.256380971816063],[80.56126520643863,7.256403893462078],[80.56130070857218,7.256417157380576],[80.56133939026591,7.25643040200262],[80.56137464680425,7.256440235784945],[80.56140020619556,7.256440576143445],[80.56142578098162,7.256440917412077],[80.56147636614115,7.256428716099606],[80.56148261262118,7.256425581129773],[80.56150166415372,7.256422614991625],[80.5615642415196,7.256394498215831],[80.56157688690122,7.25639144946642],[80.56159576879946,7.256385266644823],[80.56166596600688,7.256379725718737],[80.56168201488914,7.256379926824898],[80.56171413710527,7.25638032814274],[80.56178490088737,7.256381211621433],[80.56181025685818,7.256375096958934],[80.56182937993451,7.256372119084792],[80.56187022426566,7.256356552743857],[80.56187968015696,7.256353456360391],[80.56192072672097,7.256341106709566],[80.56193914312257,7.256325388702125],[80.56194563891601,7.256325490337415],[80.56204460388382,7.256291880762687],[80.56205729904482,7.256288879951169],[80.5621358557522,7.256245129840512],[80.56233094462283,7.256256767927505],[80.56242369198569,7.256251368632422],[80.56244616605062,7.256251608005435],[80.56248471979973,7.256252016818996],[80.56272832907246,7.256293617184777],[80.56274032193731,7.25629542148044],[80.56287796197206,7.256271770893247],[80.56290052396689,7.256273751065024],[80.56312610615709,7.25630068492767],[80.56316206117626,7.256308098989916],[80.5631745637556,7.256308273962563],[80.56329351551287,7.256343179739228],[80.56411661130298,7.256479991614301],[80.56419975701246,7.256450640667783],[80.56425728206624,7.25641250511519],[80.56436824808962,7.256347449034497],[80.56443970358933,7.256337082914124],[80.56450721363527,7.256333963821563],[80.56451474813488,7.256336032759998],[80.56454692348181,7.256342894230943],[80.56469443973603,7.256397073677755],[80.56467655683295,7.256513516746889],[80.56467975772803,7.256522100058235],[80.56470638517692,7.256608899169524],[80.56470705570636,7.256623571770908],[80.56474522067111,7.256700257124487],[80.56476391689287,7.256727030441255],[80.56477370293233,7.256748017503803],[80.56480911658083,7.256811416479783],[80.5648121815371,7.256814405718936],[80.56482191545554,7.256832598465133],[80.56487635591131,7.25691498215649],[80.56488589789602,7.256927253446971],[80.56491401562681,7.256954768150135],[80.56496523175743,7.257016728493446],[80.56498493707225,7.257044946440344],[80.56501136558043,7.257082797419923],[80.56501579942109,7.257102130732517],[80.56514621990343,7.257143140881915],[80.56518792397875,7.257148150209852],[80.56538393880717,7.257173539139334],[80.56539050598484,7.257179842457434],[80.56542885403222,7.257207942443395],[80.56546981269578,7.257255978961487],[80.56547979335966,7.257265561955765],[80.56549924687387,7.257278408450164],[80.56555881446441,7.257338608314518],[80.56558736288896,7.25736900970716],[80.5656106187121,7.257382515388696],[80.56565476599481,7.257413096737327],[80.56567209369719,7.257426766961071],[80.56580472403672,7.257487169788394],[80.56593012489581,7.25752444714669],[80.5659423137658,7.257533297765937],[80.56601022510245,7.257586853015316],[80.56601940057986,7.257592812089654],[80.56603175964636,7.257601791196203],[80.56606863085221,7.257625745128301],[80.56607467887171,7.257628721271742],[80.5660903374092,7.257640800945298],[80.56615223589976,7.257680057289863],[80.5661701676476,7.257685955304583],[80.56621236615285,7.257700917509678],[80.56624852660363,7.257712897244325],[80.56625385846245,7.257709660503719],[80.56627110301575,7.257709373679552],[80.5663026851264,7.257708848421177],[80.5663423657191,7.257705047004902],[80.56635954054069,7.257704761049411],[80.5663824224926,7.257704380067631],[80.56641003098932,7.257697659404358],[80.56642714241669,7.257697377938501],[80.56646418261248,7.257696767474767],[80.56651096965396,7.257686641931483],[80.56652231780329,7.257686456367679],[80.56652276332154,7.257686535247748],[80.56657165469638,7.257589044305189],[80.5666073471055,7.257532268856272],[80.5666181181152,7.257511157489205],[80.56664929083692,7.257479440853597],[80.5666700630323,7.257454943877413],[80.56669374744223,7.257430854276053],[80.56773277198197,7.257986355027021],[80.56808286180349,7.257865578071896],[80.56819271394997,7.25784939532612],[80.56816294173782,7.257783788170817],[80.56813018714587,7.257724631837045],[80.56811658352038,7.257676744645115],[80.5681068595446,7.257642510566862],[80.56810267452843,7.257619408266673],[80.56809665218718,7.257586167000079],[80.5680846179856,7.257565815602308],[80.56805467279129,7.257498340073863]]]]}},{"type":"Feature","properties":{"GND_N":"Sangabogama","GND_NO":"13","GND_C":"140","PROVINCE_N":"CENTRAL","PROVINCE_C":"2","DISTRICT_N":"KANDY","DISTRICT_C":"1","DSD_N":"UDUNUWARA","DSD_C":"39","Admin_Code":"2139140","GND_NO_Cen":"13","GND_NAME_C":"Sangabogama","GND_NO_Gaz":"13","GND_NAME_G":"සඟබෝගම","shape_1":"Polygon","Area__Ha_":16.9943665088,"MWS_ID":"123","Alt_MWS":null,"Area":0.16994366509,"Density":6102.02209928,"Total_Pop":1037.0},"geometry":{"type":"MultiPolygon","coordinates":[[[[80.58834467507499,7.250288531500577],[80.58837894287005,7.25028747497857],[80.58843440092538,7.250296219910237],[80.58845567537513,7.250297358179306],[80.58847698394295,7.250301391134808],[80.5885926560417,7.250310517226795],[80.58859807766189,7.250310808843216],[80.58860892905174,7.250311393887816],[80.58873468885207,7.250315233034433],[80.5887567592947,7.250316416833139],[80.58876781896558,7.250317011907255],[80.58885889550452,7.2503017314987],[80.58888385983883,7.250299405981282],[80.58897096603806,7.250291291416938],[80.58897646403359,7.250288652214796],[80.58903647021953,7.250217866416667],[80.58906891811682,7.250172166373411],[80.5890777009978,7.250157770777654],[80.5891103024371,7.250091114479899],[80.5891214737648,7.250060351985186],[80.5891262930797,7.250052088642049],[80.58914097168642,7.250030216888534],[80.58914856292095,7.250022136451603],[80.58915333602175,7.250013941816146],[80.58916111720802,7.249999817096864],[80.58911787254083,7.249798766428222],[80.58911895751541,7.249798562502652],[80.58912628878888,7.249797191886207],[80.58914963022251,7.249792829194917],[80.58916925301978,7.249784820630594],[80.58918305192623,7.24977918888833],[80.58920678439813,7.249764277661998],[80.58922182300704,7.249752166194466],[80.58923161612589,7.249732112787886],[80.58924076482882,7.249713378493706],[80.5892674933369,7.249680021622678],[80.58933759652427,7.24965346396373],[80.58935589365187,7.249642981577262],[80.58937450407883,7.249636967479504],[80.58937545597497,7.249636659503751],[80.58945460985628,7.249624754351629],[80.58957052466052,7.249624712468301],[80.58966811707631,7.249645936757209],[80.58970179274183,7.249653260066076],[80.58972925937312,7.249659231603522],[80.58984664481561,7.24970551045765],[80.58984750950835,7.249705851734623],[80.58997100867438,7.249760703144209],[80.59056122705546,7.249979413497841],[80.59061032986428,7.249813234439818],[80.59064781871184,7.249715102140216],[80.59068276374482,7.249623630797572],[80.5907657842473,7.249457362479402],[80.590779622425,7.249428730662177],[80.59084527035996,7.249292903115673],[80.59087699448447,7.249240474625915],[80.59093444006939,7.249145538107332],[80.59101691737175,7.248996176362747],[80.5909952592196,7.24899008699944],[80.59094393512095,7.24897502208608],[80.59093406087167,7.248972249987462],[80.59084577595756,7.248951413194208],[80.59074039761744,7.248969535821177],[80.59072367977392,7.248973654425548],[80.59071414677385,7.248975688831901],[80.59069506174575,7.248977571935919],[80.59060333957028,7.248986894909401],[80.59058239810504,7.248986546334721],[80.59057081487236,7.248986350793404],[80.59049305212314,7.24898716272348],[80.59038093774326,7.249001583009215],[80.59037282633392,7.249001831087237],[80.59017580836918,7.249006772945308],[80.59002745173044,7.248976895488867],[80.58992104281548,7.248915712847075],[80.58980134693913,7.248811197766249],[80.58976393781032,7.248750597734256],[80.58977758484777,7.248676004671768],[80.58978114218131,7.248668902831939],[80.58979891888217,7.248633402671208],[80.58983290771084,7.248504488335282],[80.5899527950329,7.248303976668904],[80.59006496968496,7.248025659194575],[80.59007644806452,7.247972420345696],[80.59020390282672,7.24771956521847],[80.59012492528684,7.247633705480455],[80.59008767714653,7.247604586135576],[80.59006643041404,7.24755611402472],[80.59005255062115,7.247496521099936],[80.5900464130736,7.247435859747819],[80.59013456555972,7.247288818205386],[80.59014738648337,7.247267430358982],[80.59019507733345,7.247094615872988],[80.59019539123386,7.247053521758676],[80.59023281684436,7.246800193867864],[80.59024181838575,7.24678232400213],[80.59024643066005,7.246764276000852],[80.59029779527239,7.246485693002494],[80.59031160287006,7.246418862515959],[80.5903125248802,7.246411918749892],[80.59008881685716,7.246384229659417],[80.58994918965708,7.246363859091221],[80.58988288532984,7.246316960074105],[80.58988589328682,7.246265006384226],[80.58987313894504,7.246265461444869],[80.58976552124598,7.246269292243217],[80.58950009805568,7.246272007407347],[80.58935801863329,7.246229634863231],[80.58935534627457,7.246229633764425],[80.58931261027811,7.246229594487136],[80.5892859192975,7.246229569944627],[80.58918155206484,7.246221601691802],[80.58915454375655,7.246213713191934],[80.58913567187989,7.246208460466078],[80.58906108798695,7.246203179373664],[80.5890316878674,7.246197930446383],[80.58901026678517,7.246192695655741],[80.58900497006388,7.246192693473826],[80.58885128162282,7.24618218995866],[80.5888327480815,7.246182177795746],[80.58879733997257,7.246182259955244],[80.58878212173072,7.24618229437262],[80.58875157494067,7.24617975334191],[80.5886593564746,7.246177327932513],[80.58864905371279,7.246177348096604],[80.5886361573749,7.246177374424377],[80.58862065750034,7.246177405102912],[80.58856875194829,7.246172233668425],[80.58853226187287,7.246169653092583],[80.58851149300911,7.246161760801487],[80.58838819919949,7.246105832979765],[80.58837759893262,7.246100450708746],[80.58835633683275,7.24608965629857],[80.5882379815506,7.246045920482445],[80.58822439746588,7.246040404945528],[80.58819987336307,7.246032085160372],[80.58810907629858,7.246017509109191],[80.58810073055041,7.246017389904018],[80.58808399196414,7.246017151473668],[80.58806720604537,7.246019678381612],[80.58799941896757,7.246024307473284],[80.58798536050146,7.246038084132355],[80.58797414009491,7.246051904468739],[80.58794608033473,7.246087876869006],[80.58786936100252,7.246146090329583],[80.58786373480345,7.246154439235638],[80.587791609863,7.246255203848939],[80.58778289481678,7.246272070911284],[80.58777418765467,7.24629175397605],[80.58776836463153,7.246303026410613],[80.58764718586515,7.246509321798016],[80.58764175513664,7.246528853392141],[80.58747395796193,7.246615610377166],[80.5871244519774,7.246595855273209],[80.58690660008364,7.246577763519527],[80.586894264561,7.246579304738609],[80.58668923306479,7.246521975998472],[80.58666245053313,7.246558933634063],[80.58665988408964,7.246600151593118],[80.58664533370916,7.246746280868286],[80.58663713360409,7.246865554995964],[80.58662044008882,7.246937167913972],[80.58661140779466,7.247004382785718],[80.58660418050701,7.247058157756787],[80.58660431935222,7.247161338770608],[80.58660345650223,7.247273471964195],[80.58660269449916,7.247363179393002],[80.58658002722268,7.247436062168611],[80.58656678521912,7.247478642975613],[80.58656347374435,7.247482418866452],[80.58651604852678,7.247536496273782],[80.58647091950426,7.247578421708891],[80.58644900952646,7.247598775650075],[80.5864081490487,7.247641531202619],[80.586378056774,7.247708166653418],[80.58637675724083,7.247714711454275],[80.58636498883502,7.247773994438638],[80.58636665400608,7.24790412340521],[80.58636569745613,7.248027922060225],[80.58637560882812,7.24814729417191],[80.5864025477083,7.248260524137925],[80.58640650669219,7.248321567135148],[80.58639887484472,7.248378986269973],[80.58637321744159,7.248451411107736],[80.58635652723977,7.248512703202227],[80.5863537174219,7.248523023740033],[80.5863468924725,7.248601966520999],[80.58634781071619,7.248606327452782],[80.5863614289177,7.248671016113347],[80.58636939666978,7.248708864514338],[80.5863839409191,7.248796044475485],[80.58639576365874,7.248890278669083],[80.5863952807815,7.248962080107553],[80.58639451645232,7.2490572133439],[80.58639384533392,7.249146014690844],[80.5864037654481,7.249201356739171],[80.58640929469385,7.249232201199432],[80.58644657888806,7.249291719897681],[80.5865082321411,7.249334428738929],[80.58660726511242,7.249424899457193],[80.5866966196889,7.249488329272692],[80.58674448693415,7.249527554382572],[80.58680724503503,7.249578986549663],[80.58682453424375,7.249594630961751],[80.58687423201162,7.249639602761332],[80.58687665105855,7.249641215237173],[80.58696268293595,7.249698600161419],[80.5870366374731,7.249774501065176],[80.58710987504236,7.249832497368224],[80.58711409101932,7.249835684077718],[80.58711613065809,7.249837224954438],[80.58718664440975,7.249890496033834],[80.58725383055447,7.249923270600191],[80.58725597635386,7.249924316866835],[80.58725826158461,7.249925431918508],[80.58725515356635,7.249927725746031],[80.58725223487413,7.249929878581057],[80.5872429524892,7.249936728430217],[80.58721033955632,7.249965200398671],[80.58719550097325,7.249986109842967],[80.58718556810958,7.2500001088379],[80.58714353503875,7.25006602405848],[80.58749227239528,7.250319884795162],[80.5882677135997,7.250439804894481],[80.58830328284088,7.250355545824063],[80.58834467507499,7.250288531500577]]]]}},{"type":"Feature","properties":{"GND_N":"Rajagiriya","GND_NO":"8","GND_C":"120","PROVINCE_N":"CENTRAL","PROVINCE_C":"2","DISTRICT_N":"KANDY","DISTRICT_C":"1","DSD_N":"UDUNUWARA","DSD_C":"39","Admin_Code":"2139120","GND_NO_Cen":"8","GND_NAME_C":"Rajagiriya","GND_NO_Gaz":"8","GND_NAME_G":"රාජගිරිiy","shape_1":"Polygon","Area__Ha_":33.9663383221,"MWS_ID":"123","Alt_MWS":null,"Area":0.33966338322,"Density":2552.52712782,"Total_Pop":867.0},"geometry":{"type":"MultiPolygon","coordinates":[[[[80.5792989944373,7.249936357351137],[80.5793964445959,7.249612793168356],[80.57939896199197,7.249604747776391],[80.57940407316134,7.249581693897048],[80.57940679968769,7.249561278643174],[80.57943106250924,7.24947274619363],[80.57943576329579,7.249458377056165],[80.5794450787256,7.249429896469961],[80.57945196386346,7.249411161402121],[80.5795695339701,7.249116936027373],[80.57958819053465,7.249071614135114],[80.5797360432761,7.248647578346088],[80.57974399325039,7.248635345667658],[80.57974553239445,7.248625700139046],[80.57997209463822,7.248380702247051],[80.57997237752048,7.248365280394942],[80.58009428843036,7.248056242446656],[80.58009885092689,7.248051639707688],[80.58013281889879,7.248014803137162],[80.5802670458025,7.247912342981599],[80.58028665856617,7.24789836911387],[80.58031191045819,7.247873735950054],[80.58031602029551,7.247868821029249],[80.58037980541246,7.247808840819092],[80.58038178241442,7.247806466972759],[80.58051319080073,7.24768568164376],[80.58061461838315,7.247507575909331],[80.58062143480359,7.247490508324526],[80.58080144658383,7.247568738313285],[80.58104275281569,7.247682214435534],[80.58109064501517,7.247613522478876],[80.58111224103827,7.247582544016415],[80.58111542521097,7.247577979559964],[80.5811611790922,7.247526633912968],[80.5811675769495,7.247516261595952],[80.58117064538295,7.247511288344653],[80.58119235368967,7.247476096780511],[80.58119127351209,7.247456745146253],[80.58118586354522,7.247402122949158],[80.58116215139334,7.247371636870365],[80.58115410450233,7.247363019934183],[80.58112540181445,7.247332284836627],[80.58110196981784,7.247305253310915],[80.581086662266,7.247287595656055],[80.58107049580089,7.247258309205102],[80.58106014948126,7.247239566708246],[80.58105860752555,7.24720745697465],[80.58105673798904,7.247168485252407],[80.58107053336698,7.24709958422502],[80.58108268027082,7.247071374296486],[80.58116033130067,7.246973742954872],[80.58121079526727,7.246915527526108],[80.58124356221708,7.246901958056589],[80.58124402504968,7.246901767447316],[80.58130372416865,7.246877044103535],[80.58131207136566,7.246875925444147],[80.58134637755538,7.246871331830516],[80.58143295764266,7.246859736000673],[80.58154806489154,7.246838444686868],[80.5816362047868,7.246775271682147],[80.58169074501104,7.246714170504534],[80.58170923131377,7.246693463557038],[80.58174135628583,7.246637440384782],[80.58178870906433,7.246554867973922],[80.5818196616663,7.246483198049486],[80.58183653847088,7.246444122212478],[80.58183105361161,7.246452045174821],[80.58178389016761,7.246454294798849],[80.58171366390806,7.246457643222997],[80.58164709318302,7.246457428440378],[80.58164070228163,7.246453770512945],[80.5816220396584,7.246423256777266],[80.58161903035143,7.246414991066949],[80.5816176166228,7.246406839982006],[80.58161641166147,7.246389125081776],[80.58161403683911,7.246354201705802],[80.58159031868354,7.246282925267115],[80.58155691660816,7.246120259472056],[80.5815554799334,7.246114935227056],[80.58147598092988,7.246012185050019],[80.58141086611656,7.245974796785521],[80.58129229893932,7.245915926488702],[80.58111635123005,7.24588984325023],[80.58108268367971,7.245877296066509],[80.58083611164659,7.245788815354589],[80.58080886107001,7.245784564268677],[80.580780050064,7.245772196394205],[80.58077066901862,7.245766318914804],[80.58068417514251,7.245698184108626],[80.58070413108285,7.245595869948211],[80.58070196665626,7.24558350720038],[80.58069729345122,7.24556771968364],[80.58065261249276,7.245430956340601],[80.58063978053106,7.245416167280085],[80.5805907588974,7.245324125253696],[80.58048766899941,7.245242614963085],[80.58040168310451,7.245189588507914],[80.58033061966775,7.245131502564738],[80.58023050764506,7.245028459342638],[80.58017446100273,7.244973380326398],[80.58016754444846,7.244966581509193],[80.58013854035953,7.244938079849237],[80.58013525850794,7.244934008167498],[80.58013451633488,7.244933088171591],[80.58002105897,7.244792346006378],[80.58000148389057,7.244769769781104],[80.57993932734747,7.24469808148624],[80.57987175667641,7.24463411358898],[80.57982445803323,7.244589335603321],[80.57978893886343,7.244572274152272],[80.57978883202809,7.244572222560854],[80.57974324497803,7.244550325066926],[80.57973658439633,7.244542169900082],[80.57967930195936,7.24447202460919],[80.57967873808593,7.244471335286823],[80.57967128917056,7.244462214887334],[80.5796496632216,7.244489245993132],[80.57958847576332,7.244565722626639],[80.57949416054544,7.244667325432251],[80.57948256469153,7.244679799789579],[80.57942132027244,7.244745514268859],[80.57939323004175,7.244779413453777],[80.57936973666102,7.24480460348072],[80.57934222427863,7.244834103480404],[80.57922486932901,7.2449336154465],[80.5791026097389,7.245037285949777],[80.57898002872629,7.244963803409384],[80.5788350594393,7.244933537681832],[80.57883467460965,7.24493344708447],[80.57876904985632,7.244917954105822],[80.5787381793894,7.244897956513633],[80.5786862137033,7.24485895759095],[80.57867386909622,7.244796204481632],[80.57867121711317,7.244782719273904],[80.57864237100893,7.244684950727722],[80.5785957652281,7.244611140285373],[80.57858544589611,7.244601487795216],[80.57848424495513,7.244506825706719],[80.57842139253604,7.244478194369481],[80.57834752963613,7.244444548395254],[80.57828496759517,7.244416669545671],[80.57827629695907,7.244416146700669],[80.57812776421008,7.244407195420468],[80.57804605910454,7.244456354771662],[80.57793373879696,7.24452313374956],[80.57784250945413,7.244610177374896],[80.57783780601099,7.244616141910254],[80.57780934796443,7.244652213873096],[80.57780742383068,7.2446558709369],[80.57778415203845,7.244700130907855],[80.57768862984379,7.244868650280423],[80.57764903715005,7.244932928893591],[80.57763099433292,7.244962220411963],[80.57756032023084,7.245051897240696],[80.57751755694984,7.245095827649727],[80.57743249709732,7.245156016099242],[80.57734880308236,7.245199115621819],[80.57733304614887,7.245203087658551],[80.57731532660617,7.24520345247773],[80.57726431149233,7.245204504462817],[80.57719657863801,7.245195070065912],[80.57711264414489,7.245167089458068],[80.57706686940045,7.245156220488761],[80.57706413303866,7.245155571809338],[80.57704663463292,7.245151417011363],[80.57700542630197,7.245162069722],[80.5769598623865,7.245192795129397],[80.57693839231636,7.245210872670223],[80.57692035190888,7.245222197478846],[80.57692036912714,7.245222169453021],[80.57694257372539,7.245179133487851],[80.57701440995302,7.245124183386754],[80.57707634093941,7.245087897354099],[80.57715861363663,7.245039693376101],[80.57718507610063,7.244994853370486],[80.5772065872197,7.244932736305458],[80.57722515420194,7.24487911929775],[80.57722609360978,7.2448020478184],[80.57722628055689,7.244786699174446],[80.57724107514964,7.244709841749221],[80.57725647894418,7.244691310290782],[80.57728229462573,7.244673687690854],[80.57739906145616,7.244586200486996],[80.57744216056165,7.244542509874162],[80.57736121508776,7.244465855635451],[80.57725754295436,7.244414922459661],[80.57715979687268,7.244362024093451],[80.57697273194601,7.244221415347732],[80.57681839705091,7.24406889494316],[80.5766768984116,7.243962397362059],[80.57651747857767,7.243849709150555],[80.5765101065103,7.243847210941731],[80.5763890611016,7.243788325643878],[80.57638142476452,7.243783420063712],[80.57630643517102,7.243752811725116],[80.57630787904073,7.243686213196544],[80.57611251955484,7.243748884939109],[80.57610144671119,7.243768292726012],[80.57607672176762,7.24381162867574],[80.57602025285141,7.243928890935556],[80.57598709010308,7.243971468975689],[80.57597295231308,7.243996060679253],[80.57597167348769,7.244021018863142],[80.57594874645137,7.244057361721637],[80.57587339905415,7.244063839500822],[80.57576454885034,7.244066775717005],[80.57568639132111,7.244081752668739],[80.57565695213928,7.244100006590957],[80.57562224509509,7.244155425015861],[80.57557649052708,7.244205684038395],[80.57550175372509,7.24426678098529],[80.57544050629278,7.244336113933082],[80.5753885380803,7.244401740618641],[80.57538436195735,7.244407014473852],[80.57536412375292,7.244432570160962],[80.57535125239502,7.244460145696547],[80.57535030841157,7.24447938792983],[80.5753483290604,7.24451973793176],[80.57534704821092,7.244547137727881],[80.57533961221176,7.244570375013169],[80.57529132531528,7.244615116640688],[80.57522348026613,7.244679298446528],[80.57517233965795,7.244753134727279],[80.57508453525037,7.244926546502955],[80.57500506442462,7.244980387857594],[80.57486334391677,7.245039391418786],[80.57477096098265,7.245118544763464],[80.57466851987677,7.245242327277968],[80.57457441257696,7.245366434491653],[80.57444240821245,7.245493698963402],[80.57439901307929,7.245520064525492],[80.57431779030628,7.245588990546536],[80.57432165518357,7.245593322966911],[80.57435257110457,7.245626809447318],[80.57438329514038,7.245660088755265],[80.57442711134198,7.24569076315313],[80.57445490494125,7.245707775470192],[80.57450488781473,7.245716760194835],[80.57452752539596,7.245720830557899],[80.57466525961463,7.245729482527222],[80.57475828866906,7.245735224492137],[80.57475970857338,7.245735311030194],[80.57482128755093,7.245735701849327],[80.57495150675025,7.245741545256547],[80.57500882723636,7.245747087783456],[80.57504278828853,7.245742671734889],[80.57507329081578,7.245777320013302],[80.57509971556868,7.245818024406599],[80.57512468402199,7.245875368220975],[80.57515880247172,7.245926478204389],[80.57519853617792,7.245971980377323],[80.57523836131395,7.246017575730504],[80.57528914689779,7.246056483184456],[80.57529613864497,7.246063081352152],[80.57533947589454,7.246103981303125],[80.5753520111658,7.246129909573497],[80.57517703902916,7.246436701770339],[80.57517763264204,7.24645199649763],[80.57524086634298,7.246533765253818],[80.57524750455923,7.246537096021779],[80.57553062404229,7.246650089814827],[80.57555821903779,7.246663877236707],[80.57560413461576,7.246704622761955],[80.57560816394957,7.246717997363135],[80.57560615753457,7.246747902658996],[80.57556607209072,7.246844124430374],[80.57555293901753,7.246857255431085],[80.57551494037298,7.246934242704326],[80.5755031778638,7.246985253723112],[80.57550371057705,7.246999039142512],[80.57549134094855,7.247036593874596],[80.57547236143667,7.247084514416371],[80.57546952292087,7.247101845020041],[80.57545474771884,7.247174940480687],[80.57545523952498,7.247189074942579],[80.57566684309177,7.247359562440091],[80.57580378668473,7.247441195445187],[80.57582439183913,7.247577236916664],[80.57582480099735,7.247587845467196],[80.57581987404153,7.247634257513315],[80.5758237669357,7.247827170417767],[80.57582432454852,7.247842011168306],[80.57581542234774,7.247879656058691],[80.5758028712388,7.247913938952179],[80.57577586120355,7.248047454502043],[80.57577637233146,7.248062970745717],[80.57577356745097,7.248086161244168],[80.57573822222696,7.248211949467595],[80.57576411599311,7.248259954021088],[80.57576188301007,7.248374171836051],[80.5757938062297,7.248581664504785],[80.57579424158102,7.248612898391955],[80.57580009096209,7.248618520306358],[80.57581043601141,7.248641750968341],[80.57582975964394,7.248673759130529],[80.57588315880288,7.248791116799216],[80.57600855245543,7.248992988821472],[80.5760564314417,7.249052557316182],[80.57606149939028,7.249060056214523],[80.57606923753976,7.249092971703517],[80.57611814564329,7.249194786932918],[80.57613125609915,7.24923093585891],[80.57613141241112,7.249244039267133],[80.57612643967599,7.249254697896033],[80.57612467552305,7.249328683510409],[80.57611485935672,7.24937708738945],[80.57610986482665,7.24939608005777],[80.57607939406965,7.249497880213736],[80.57607168339466,7.249525744698243],[80.57606652378033,7.249545335941213],[80.5760579804346,7.249650023244607],[80.57623750788159,7.249701265921231],[80.576446256951,7.249727413427876],[80.57645372757716,7.24973457245663],[80.5765198619926,7.249823745839359],[80.57652499344698,7.24983102049364],[80.57663563119804,7.250020489686971],[80.57664114431726,7.250033000417611],[80.57667044709909,7.25011138645202],[80.57667833884155,7.250114412096734],[80.57668779838315,7.250118966700736],[80.57674112305902,7.250136947754092],[80.5767520455953,7.250138368687695],[80.57675983683406,7.250141359923392],[80.5767800520829,7.250145740196276],[80.5767862569651,7.250150271666024],[80.5768479648806,7.250180065670374],[80.57686637395437,7.250181334347065],[80.57687707874061,7.250185747518226],[80.57688470905067,7.250190197320713],[80.57694539234915,7.250227105008157],[80.57695443746053,7.250232985131991],[80.57697851794626,7.250243099463629],[80.57698751145318,7.250248949722203],[80.5770893858934,7.250342185451575],[80.57713061734314,7.250385085536961],[80.57716159023113,7.25038699995433],[80.57721485349188,7.250390295057866],[80.57733492854442,7.250402917448791],[80.57740400666245,7.25044400210683],[80.57746449447062,7.250456056702157],[80.57747387885033,7.250456514768017],[80.57754300703753,7.250459888214491],[80.57758131447915,7.250457192965595],[80.57761509934151,7.250444366646418],[80.57763475835564,7.250424480591604],[80.57766223381644,7.250341838470914],[80.57769604174095,7.250274301867894],[80.57775095595323,7.250194747263697],[80.57780757908198,7.250137711429764],[80.57780922467188,7.250114644301493],[80.57781095955507,7.250090330179344],[80.57781131400715,7.250085353958663],[80.57782498073503,7.250084096617461],[80.57790146949053,7.250077061086109],[80.57812244645396,7.250056734742525],[80.57814594097948,7.250054572853493],[80.57823479200553,7.250026487785309],[80.57827601197506,7.249992232690997],[80.57837484281885,7.249917851664434],[80.57840626982608,7.249910450071563],[80.57843434159061,7.249913537826948],[80.5785060422624,7.249963034376893],[80.57856497117314,7.250019487582504],[80.57857430220902,7.250032185334291],[80.57860452173502,7.250073310778524],[80.57866788655632,7.250153924337726],[80.57870833379597,7.250205384068671],[80.57874380507896,7.250270870979305],[80.57877175134577,7.250354168467916],[80.57879814039016,7.250478160691202],[80.57880037049634,7.250555840325704],[80.57880268864497,7.250564496410736],[80.57881754867593,7.250619963730329],[80.57883979190062,7.250654767332606],[80.57884101994328,7.25065668860438],[80.57884587419444,7.250664286853219],[80.57885889701397,7.250704714825544],[80.57885984202225,7.250736860470653],[80.57904666266607,7.250749177721881],[80.57904690394082,7.250748284375915],[80.57906128266583,7.250694583197861],[80.57906139190229,7.250687041363846],[80.57906142724532,7.250686983503837],[80.5790692146649,7.250673841945317],[80.5790712816009,7.250662545393413],[80.57911085133874,7.250551875056282],[80.5791147477053,7.25054439726244],[80.57911498402925,7.250525746129257],[80.57917354266294,7.25037829429244],[80.5792181490264,7.250236821068362],[80.57922004514043,7.250233072653121],[80.57922198164695,7.250221820354426],[80.57922389297441,7.250214324516799],[80.57924624492148,7.250146995334554],[80.57924810209276,7.250143251423785],[80.5792500013752,7.250130132628683],[80.57925372559127,7.250120763862473],[80.57929309892134,7.249957559781726],[80.5792989944373,7.249936357351137]]]]}},{"type":"Feature","properties":{"GND_N":"Hepana","GND_NO":"87","GND_C":"090","PROVINCE_N":"CENTRAL","PROVINCE_C":"2","DISTRICT_N":"KANDY","DISTRICT_C":"1","DSD_N":"UDUNUWARA","DSD_C":"39","Admin_Code":"2139090","GND_NO_Cen":"87","GND_NAME_C":"Hepana","GND_NO_Gaz":"87","GND_NAME_G":"හේපාන","shape_1":"Polygon","Area__Ha_":47.7734594987,"MWS_ID":"123","Alt_MWS":null,"Area":0.47773459499,"Density":1396.17270133,"Total_Pop":667.0},"geometry":{"type":"MultiPolygon","coordinates":[[[[80.55722707203745,7.246807752702537],[80.55733454199198,7.246667728202604],[80.5573626401786,7.246619064099013],[80.55737233614384,7.24660227408402],[80.55737009129611,7.246560856907764],[80.55734590703435,7.246532599410986],[80.55734330135012,7.24652955518229],[80.55731424270725,7.246508108342558],[80.55729668556921,7.246498370508484],[80.55720017066253,7.246444843631541],[80.55710862654911,7.246406172279702],[80.55705829585425,7.246384910497953],[80.55695769620769,7.246366413328801],[80.55703599900703,7.246350693645587],[80.5570866618456,7.246340522981096],[80.55712294407408,7.246324859887472],[80.55722098678397,7.246282531577997],[80.55724806965628,7.246269793977809],[80.55727697807103,7.246216013731706],[80.55730230986529,7.246168883801323],[80.55732639899107,7.2461240709951],[80.55733216377176,7.246105553680245],[80.55733381290622,7.245923486967549],[80.55734575155643,7.245768767663106],[80.55734591468368,7.245746006477066],[80.55734591564733,7.245745886205452],[80.55734615540673,7.245712579998423],[80.55734691658147,7.245606536564254],[80.55737249285241,7.245525613908287],[80.55737749700653,7.245521965652916],[80.55740359035241,7.245502944479442],[80.55743608654939,7.245479252956722],[80.55764197572643,7.24541994663843],[80.55764388403587,7.245419397740798],[80.5576455233528,7.245418925579413],[80.55765927187875,7.245414964115528],[80.55726079472022,7.244661438681333],[80.55697178348186,7.244581853806457],[80.55680809626021,7.244418170445377],[80.55678105244927,7.244159576036484],[80.5568154066227,7.243812536217902],[80.55685265022899,7.24349207610624],[80.55692032950739,7.243170703756115],[80.55699928762276,7.242794849047747],[80.55707931756864,7.24256937111997],[80.55716370370051,7.242395378058243],[80.55738510186409,7.242077515974772],[80.55740552854391,7.24209295770823],[80.55748907096081,7.241936722843149],[80.55771767343543,7.241654408518645],[80.55788835723203,7.241494773656481],[80.55806246989162,7.241360436397699],[80.55822490730971,7.241227315184241],[80.55835978198719,7.241069572853445],[80.55850415931874,7.240806707254164],[80.55852092878409,7.240753434734646],[80.55821160164784,7.24067754770754],[80.55799373650216,7.240601953044812],[80.55746130921658,7.240392893164821],[80.55706474783332,7.240386154232455],[80.5567240879891,7.240407193137556],[80.55635082505606,7.240347976453599],[80.55598137078982,7.240283660145717],[80.55572498610512,7.240273614851384],[80.55487316177245,7.240220495758266],[80.55476614909763,7.240171249678111],[80.5546909123528,7.240137482602811],[80.55467939849026,7.240114459811998],[80.55467797542919,7.240111613282436],[80.55466114421021,7.240088364539101],[80.55463200316599,7.240049464480578],[80.55454763100224,7.239997426948337],[80.55448380386508,7.239964750561152],[80.55443914778066,7.23994818459834],[80.55441155212907,7.239937948016705],[80.55428763958369,7.239906125804391],[80.55417658896077,7.2398776069197],[80.55418632674679,7.239856706937498],[80.55416220899741,7.239850939287297],[80.55384013080871,7.239773907299439],[80.55353870709027,7.239740571995521],[80.55328773913845,7.239798379528225],[80.55310078215055,7.239809319444588],[80.55276376860924,7.239787728419119],[80.5527546462584,7.239787145185362],[80.55291205023535,7.240103599523368],[80.55294929363436,7.240564797898835],[80.55298066449618,7.241108811100465],[80.55299957198243,7.24149299377866],[80.5530224931274,7.241784838412378],[80.55374073545107,7.241799055978721],[80.55369438662383,7.242172093749764],[80.55368742792946,7.242228098243443],[80.55368288232715,7.242266145398976],[80.55367233442136,7.242354423551852],[80.55365654923104,7.242412108438193],[80.55365071924574,7.242482098501675],[80.55365059401691,7.242488164493161],[80.55364942029347,7.242545580717807],[80.5536612473738,7.242618654951062],[80.55366140925811,7.242620932965122],[80.55366251909653,7.24263648568106],[80.55366457417033,7.24266531761904],[80.55366499541238,7.242670541973474],[80.55366808544551,7.24270881532285],[80.55368034703257,7.242819146978962],[80.55368175784785,7.242894927208598],[80.55367817864314,7.242991686593124],[80.55367802201673,7.243000837140614],[80.55367612732107,7.243112047178268],[80.55367823269398,7.24325058896453],[80.55367812842394,7.243278530012567],[80.55367883798472,7.243310724387491],[80.55367517050735,7.243400970949553],[80.55366579271727,7.243503695881586],[80.55366580347429,7.243516834479105],[80.55366584860886,7.243574321833237],[80.5536749653954,7.243634370991174],[80.55369865263361,7.243713238553395],[80.5537113204669,7.243748692455629],[80.5537377196245,7.243822587686318],[80.55375200203714,7.243874772853985],[80.5537562647401,7.24391131684679],[80.55375660110168,7.243914203540784],[80.5537582259377,7.243924784659804],[80.55375735582523,7.243931879381274],[80.55375177056177,7.243977410926603],[80.55374178159377,7.244033833529102],[80.55372409855198,7.24408356234584],[80.55369535641654,7.244157790502646],[80.55366216998421,7.244244406312085],[80.55363550567762,7.244325058732368],[80.55359429845747,7.244517020790253],[80.55357484503567,7.244666220955411],[80.55355175117661,7.244754620456016],[80.5535503503376,7.244759984988628],[80.55352339440667,7.244881147234683],[80.55351636532808,7.244921746912774],[80.55349560502292,7.245041647977854],[80.55348483861819,7.245205774263084],[80.5534859605906,7.245318268064593],[80.55348818022478,7.245408428878557],[80.5534906609574,7.245520110378148],[80.5534906618025,7.24552023336351],[80.55349109309991,7.245563969194084],[80.55349061643001,7.245575714927741],[80.5534885253942,7.245627450778571],[80.5534794352599,7.245697438326279],[80.55345189564396,7.245815755343602],[80.5534512132084,7.245818692179145],[80.55341020623555,7.245969418169656],[80.55332928493996,7.246240161509616],[80.5533239450297,7.246258029688987],[80.55331849457309,7.246290762715184],[80.55332576582994,7.246420713441218],[80.55333470914988,7.246465210343922],[80.55331406123749,7.246468636562325],[80.55327855838024,7.246475491837746],[80.55327393963226,7.246476122582981],[80.55324576922452,7.246486656531924],[80.5532217688551,7.24649563079707],[80.55314233044867,7.246535018437547],[80.55307991694599,7.24657423446632],[80.55301677963986,7.246612093679112],[80.55293407225629,7.246669475267272],[80.55291079413671,7.246679230282076],[80.55289974399808,7.246681667369897],[80.5528702234767,7.246680928519057],[80.55282812234056,7.246664359119293],[80.55280096811663,7.246637850656191],[80.55277852066311,7.246615864201998],[80.55274774944687,7.246578592775397],[80.55270557412025,7.246527026878225],[80.55265470396414,7.246481787712199],[80.55257846889694,7.24645253947627],[80.55248747804414,7.246412977645991],[80.55244556544208,7.246383295939741],[80.55241922371823,7.246360132864169],[80.55239723081398,7.246332811239622],[80.55236067407199,7.246276908337871],[80.55234085300488,7.246254561435983],[80.5523070908598,7.246222533453528],[80.55226173316909,7.246200808787131],[80.55221039750272,7.246177812435923],[80.55214674491334,7.246158881170551],[80.552122657867,7.246156338157289],[80.55209893063687,7.246158677641337],[80.55204803021617,7.246174839529012],[80.55199558197128,7.246204204346294],[80.55191713811783,7.246244857379383],[80.55184477089102,7.246270414284497],[80.5517548299323,7.246305365421263],[80.55163443094708,7.246338249632469],[80.55169087112884,7.24700875790333],[80.5516908708975,7.247118898141845],[80.55169087001305,7.247409481684939],[80.55169086897884,7.247757015383563],[80.55169086855575,7.247931500245868],[80.55175095042897,7.24855419174322],[80.55173759416058,7.248811654077155],[80.5517106078644,7.249166191796999],[80.55166384040818,7.249446791328753],[80.55163756140111,7.249508757311559],[80.55161636320857,7.249558742009413],[80.55187684166287,7.249691345353781],[80.55215252858808,7.249847831405164],[80.55215947245047,7.24984812601466],[80.55242108631178,7.250000125060406],[80.55315605250377,7.250284304980296],[80.55330202120548,7.250314790078257],[80.55331083908989,7.250316191550011],[80.5533196953878,7.250294737739008],[80.55332468226672,7.250280359992605],[80.55333819365634,7.250243381618304],[80.553349267844,7.250190395017192],[80.5533487515437,7.250135413267603],[80.55334073167309,7.250054474400057],[80.55332717354415,7.250017130067232],[80.55325617608301,7.249821574516076],[80.55325111146578,7.249804391217057],[80.55324106097619,7.249775629514704],[80.55363808725878,7.249731712399378],[80.553683429877,7.249722290996381],[80.55399918899893,7.2496730634836],[80.55420414506084,7.249621093130165],[80.55441929211129,7.249497779212432],[80.55461271758314,7.249271147244494],[80.55509377111672,7.248839884418247],[80.5553020773956,7.248713501150778],[80.55551660198086,7.248515019971807],[80.55574249601804,7.248240058410538],[80.55595304019356,7.247983766721946],[80.55615525108472,7.247777637903294],[80.55634191107046,7.24748405463283],[80.5563925360646,7.247466315030869],[80.55640630317501,7.247461527989301],[80.55648410851693,7.247426298772835],[80.55651037696923,7.247414373792804],[80.55651360415786,7.24741310752267],[80.55659995476356,7.247379239773029],[80.5566875862044,7.24733154224223],[80.55669705833058,7.24732638597059],[80.55676572818483,7.247270531510376],[80.55681618330502,7.24724071393046],[80.5569322957615,7.247204780590065],[80.55694475357026,7.247201499465903],[80.55699297810183,7.247188802829506],[80.55704279850866,7.247158737138947],[80.5570477806389,7.247155731835631],[80.55706300091539,7.24714026748515],[80.55711654775848,7.247085862505875],[80.55711557658738,7.247034226435224],[80.55716870455724,7.246907739392314],[80.55722707203745,7.246807752702537]]]]}},{"type":"Feature","properties":{"GND_N":"Gadaladeniya South","GND_NO":"82","GND_C":"095","PROVINCE_N":"CENTRAL","PROVINCE_C":"2","DISTRICT_N":"KANDY","DISTRICT_C":"1","DSD_N":"UDUNUWARA","DSD_C":"39","Admin_Code":"2139095","GND_NO_Cen":"82","GND_NAME_C":"Gadaladeniya South","GND_NO_Gaz":"82","GND_NAME_G":"ගඩලාදෙණen","shape_1":"Polygon","Area__Ha_":36.9813803064,"MWS_ID":"123","Alt_MWS":null,"Area":0.36981380306,"Density":1882.02818346,"Total_Pop":696.0},"geometry":{"type":"MultiPolygon","coordinates":[[[[80.55539226589129,7.251589443871041],[80.5554343502871,7.251541171039546],[80.55549181540027,7.251471943076963],[80.55549370103246,7.251469670580574],[80.55554426878668,7.251393824296951],[80.5555606748239,7.251363176463133],[80.55557792617407,7.251272212161802],[80.55558710366269,7.251206563461749],[80.55561529602063,7.251149607999156],[80.55567327329305,7.251108942606773],[80.55567620833256,7.251108866261945],[80.5557305658745,7.251107463855059],[80.5557902754926,7.251105924776558],[80.55588065373261,7.251104249549592],[80.55600572331616,7.251087308436675],[80.55614537222323,7.25107345078502],[80.556270440621,7.251057053083101],[80.55631717258935,7.251049299624173],[80.55639082464496,7.250993538993757],[80.5563909161525,7.250993449512245],[80.55642223504749,7.250965177225956],[80.55643377000962,7.250954766163233],[80.55649989720249,7.250912748153833],[80.55659898892523,7.250870023536723],[80.55664353488024,7.250856474225194],[80.55669333810226,7.25083659915086],[80.5567289651005,7.250818992442884],[80.55674363098866,7.250815376898875],[80.55682560345541,7.250795166482611],[80.5570351834253,7.250734318665677],[80.55709767653211,7.250720151287467],[80.55712548596853,7.250705514118661],[80.55722076862766,7.250674180815401],[80.5573400572689,7.250624410411772],[80.5573949489282,7.250595137500105],[80.55748706081133,7.250568144162104],[80.55754964200774,7.250557141817047],[80.55761157983306,7.250563863456374],[80.55769586891705,7.250607037368165],[80.55771757566481,7.250622291614396],[80.55774402969044,7.250640882301228],[80.55784599098006,7.250645245748674],[80.5579577441571,7.25065002804815],[80.55813605229416,7.250653098784499],[80.55815651402469,7.250653004612776],[80.55821048698941,7.250652756515529],[80.55838508772125,7.250651951348679],[80.55861655253184,7.250649887441486],[80.55865441156753,7.250649548376496],[80.55874668993586,7.250649141317127],[80.55874988376382,7.250649493714999],[80.5588076316542,7.250655860508889],[80.55889156926416,7.25067878130407],[80.55889410356143,7.250679686817769],[80.55894154885532,7.25069689123744],[80.55895811202559,7.250717608562074],[80.55896388879862,7.250730726405682],[80.55898750880407,7.250784358243231],[80.55901769086482,7.250826282516426],[80.55906950110693,7.250898250779908],[80.55914634670279,7.250978768510332],[80.55920799088251,7.251033418663694],[80.55924347782556,7.251058484760419],[80.55932071325036,7.251083389931336],[80.55937695114102,7.251081246458882],[80.55948530168986,7.250990506325487],[80.55951395502214,7.250964624425604],[80.55952742961477,7.250952455341722],[80.55967182307609,7.250860284567709],[80.5597495755379,7.250815170769155],[80.55976385604636,7.250806884227313],[80.55985344002693,7.250763521349535],[80.5599190231911,7.250726022271183],[80.55994231096663,7.250694294192949],[80.55998926583628,7.250598821425757],[80.5600217982021,7.250541600968254],[80.56003506709887,7.250518260936492],[80.56006014295396,7.250474151104623],[80.56009230301471,7.250447491326691],[80.56011883818292,7.250446147498601],[80.56013742590311,7.250456277280846],[80.56014292046692,7.250459270418845],[80.56020392328931,7.250529654977514],[80.56024012505972,7.250573079558236],[80.56029625119801,7.250577266930454],[80.56034381171737,7.250580814501394],[80.56050539311391,7.250579457038319],[80.56050690906828,7.250579445097962],[80.56059221770509,7.250574059792191],[80.5606337934524,7.250550477260638],[80.56068733823263,7.250500404375024],[80.56075513133935,7.250383962522377],[80.56079456337886,7.250299789863647],[80.56081721230949,7.250282077201367],[80.56085452485767,7.250276850848575],[80.56089246589933,7.250283015370503],[80.56095393449904,7.250324371978893],[80.56099838140216,7.250362645890512],[80.56104463055021,7.250423534515752],[80.56104860901063,7.250428773209407],[80.56110470412473,7.250536412542577],[80.56115382893032,7.25064033912489],[80.5611646011399,7.250668364002419],[80.56116754970472,7.25067603477814],[80.56117879133528,7.250705279780106],[80.56119940213979,7.250784145519312],[80.56124797075701,7.250911403707619],[80.56128925055414,7.250944701531558],[80.56135019553938,7.250965716486292],[80.56135253971695,7.250966524231977],[80.5615017736571,7.250982240117593],[80.56155366292329,7.250983892385316],[80.5615790133496,7.2509945751211],[80.5616298478141,7.251093281930469],[80.561657364082,7.251146712915182],[80.56168662039879,7.251189714508177],[80.56168795249366,7.251191672949806],[80.56169890352753,7.25120551483712],[80.56171972577302,7.251191902274864],[80.56176573743798,7.251161829755576],[80.56178314456326,7.251150451010854],[80.56178777082165,7.251147427402463],[80.56179139156959,7.251145058937856],[80.5618219100692,7.251108166996107],[80.5618662058751,7.251054622513878],[80.56189196912926,7.251023478775405],[80.56191155793454,7.250965884019552],[80.56192262129947,7.250931796172437],[80.56194212599014,7.250872048233523],[80.56195212002551,7.250841426972543],[80.56195254898749,7.250840115937854],[80.5619742316507,7.250757290348425],[80.56198738145713,7.250719407225927],[80.56203869467551,7.25059671772229],[80.56207251009594,7.25052013933523],[80.5621278477109,7.250439546947497],[80.56214029357345,7.250421422473756],[80.5621711049655,7.250373960263866],[80.56218669567636,7.250344849103852],[80.56220990674015,7.250285357005166],[80.56224625380466,7.250199860670218],[80.56224807514586,7.250195577852189],[80.56225208214649,7.250182598492382],[80.56226485320985,7.250141236333733],[80.56227323916121,7.250025671462998],[80.56227363610492,7.250005865639672],[80.56227370656629,7.250002399485405],[80.56227472208164,7.249951790733125],[80.5622793823921,7.249868959819211],[80.56228001948664,7.249858377983644],[80.56227738742353,7.249679054669645],[80.56227942890222,7.249574879198282],[80.56227910301877,7.249499823831791],[80.56228389086434,7.249442228412924],[80.56228629708095,7.249413284664515],[80.5622950047186,7.249383537246237],[80.56221888477914,7.249368855331564],[80.56209760666692,7.249345464499718],[80.56201031560393,7.249328602440474],[80.56195027714891,7.249327035912724],[80.56192555411047,7.249326482575785],[80.56187978137255,7.249315177110457],[80.56187746606977,7.249314604499656],[80.56186796490613,7.249312257876399],[80.56181173083971,7.24930870456642],[80.56168848057742,7.249309821073437],[80.56171200787108,7.249131376430438],[80.56171510506351,7.2489953564854],[80.5616690729446,7.248694265666248],[80.5614921150201,7.248558943790766],[80.56133301850419,7.248399568642725],[80.56135494332263,7.248378956415962],[80.56140653212907,7.24829552463396],[80.56146012106645,7.248208853678396],[80.56148680632123,7.248165694937255],[80.56150033926752,7.248081691724892],[80.56149557560622,7.248005909009848],[80.56147241701835,7.247964296580748],[80.56145983565158,7.247941686715036],[80.56147111557598,7.247834621845678],[80.56152903708633,7.24771853690244],[80.5615970758192,7.247655720991504],[80.56165615316016,7.247584760316464],[80.56168922604105,7.247544082362682],[80.56173822705945,7.247499742268483],[80.56175744623323,7.247482351673371],[80.56183100027748,7.247435905280907],[80.5617690802089,7.247390480129086],[80.56167630726199,7.247289245000988],[80.56158489236842,7.247184934966641],[80.56155240088991,7.247145312118112],[80.56146787148978,7.247036484710172],[80.56145710198035,7.24702391073432],[80.56144549990941,7.247004403085022],[80.56141439185495,7.246952088104655],[80.56139699278967,7.246923865673404],[80.5612576201147,7.247026513956135],[80.56108112512801,7.246905758640395],[80.56091388267814,7.246830413523977],[80.56065525154318,7.246743058389455],[80.56043716794831,7.246676130638727],[80.5604606874235,7.246402555338623],[80.5604876590097,7.246176357122891],[80.56050549472778,7.246108916451958],[80.5603458825963,7.24604212763989],[80.56028820451138,7.246027268794148],[80.56014080813684,7.245978662174491],[80.56013880712902,7.245978003796046],[80.560075160835,7.245960359550796],[80.55995721980739,7.245927663594159],[80.55994829925889,7.245925191511093],[80.55974599784045,7.245916595681384],[80.55968949135763,7.245915529724543],[80.55961324260734,7.245914089919715],[80.55946581551228,7.245909134604919],[80.55938123704891,7.245906292739035],[80.55913021502566,7.245901017498133],[80.55899809163171,7.245900955281396],[80.55887746266721,7.245914191753327],[80.55874929928834,7.245965223482899],[80.55870785837523,7.245980268411138],[80.55864731373336,7.246002251034972],[80.55853591169978,7.246036108999182],[80.55839055757332,7.24605539141356],[80.55837989119489,7.246056453377384],[80.55822700280744,7.246071680858048],[80.55804173167942,7.246051696431094],[80.55787253601972,7.246051184738212],[80.55786405712922,7.246051158961877],[80.55786315605097,7.246051222734397],[80.55771807438153,7.24606130741486],[80.55753732001557,7.246135753003828],[80.55753729737138,7.246135762940255],[80.55752442205649,7.246141064090064],[80.55738531490229,7.246217706306377],[80.55737306101346,7.246224458250276],[80.55724806965628,7.246269793977809],[80.55722098678397,7.246282531577997],[80.55712294407408,7.246324859887472],[80.5570866618456,7.246340522981096],[80.55703599900703,7.246350693645587],[80.55695769620769,7.246366413328801],[80.55705829585425,7.246384910497953],[80.55710862654911,7.246406172279702],[80.55720017066253,7.246444843631541],[80.55729668556921,7.246498370508484],[80.55731424270725,7.246508108342558],[80.55734330135012,7.24652955518229],[80.55734590703435,7.246532599410986],[80.55737009129611,7.246560856907764],[80.55737233614384,7.24660227408402],[80.5573626401786,7.246619064099013],[80.55733454199198,7.246667728202604],[80.55722707203745,7.246807752702537],[80.55716870455724,7.246907739392314],[80.55711557658738,7.247034226435224],[80.55711654775848,7.247085862505875],[80.55706300091539,7.24714026748515],[80.5570477806389,7.247155731835631],[80.55704279850866,7.247158737138947],[80.55699297810183,7.247188802829506],[80.55694475357026,7.247201499465903],[80.5569322957615,7.247204780590065],[80.55681618330502,7.24724071393046],[80.55676572818483,7.247270531510376],[80.55669705833058,7.24732638597059],[80.5566875862044,7.24733154224223],[80.55659995476356,7.247379239773029],[80.55651360415786,7.24741310752267],[80.55651037696923,7.247414373792804],[80.55648410851693,7.247426298772835],[80.55640630317501,7.247461527989301],[80.5563925360646,7.247466315030869],[80.55634191107046,7.24748405463283],[80.55615525108472,7.247777637903294],[80.55595304019356,7.247983766721946],[80.55574249601804,7.248240058410538],[80.55551660198086,7.248515019971807],[80.5553020773956,7.248713501150778],[80.55509377111672,7.248839884418247],[80.55461271758314,7.249271147244494],[80.55441929211129,7.249497779212432],[80.55420414506084,7.249621093130165],[80.55399918899893,7.2496730634836],[80.553683429877,7.249722290996381],[80.55363808725878,7.249731712399378],[80.55324106097619,7.249775629514704],[80.55325111146578,7.249804391217057],[80.55325617608301,7.249821574516076],[80.55332717354415,7.250017130067232],[80.55334073167309,7.250054474400057],[80.5533487515437,7.250135413267603],[80.553349267844,7.250190395017192],[80.55333819365634,7.250243381618304],[80.55332468226672,7.250280359992605],[80.5533196953878,7.250294737739008],[80.55331083908989,7.250316191550011],[80.55334740189086,7.250321999727855],[80.55340205140908,7.250330680695317],[80.55346705855325,7.250321846808946],[80.55355590394173,7.250381869932001],[80.55362579181806,7.250478835294202],[80.55367355945482,7.250609933500187],[80.55368395475585,7.250806969486597],[80.5537108824731,7.250930167452893],[80.55376323706476,7.250976247332305],[80.55382923604789,7.250991114705503],[80.55382581618697,7.25102691611322],[80.55382555403452,7.25102965330376],[80.55382083363426,7.251052784818764],[80.55387318551871,7.251036173119074],[80.55410270487548,7.251042325233879],[80.55412247263455,7.251042855776858],[80.55417211525696,7.251044186761249],[80.55451194239413,7.251519762751564],[80.55453410139947,7.251550772099081],[80.55456071828235,7.251565795580452],[80.55475641710879,7.251562455601811],[80.55489189094963,7.251564420667775],[80.55497384202786,7.251577300762952],[80.55506845782544,7.251612253762295],[80.55518010245724,7.251643144771067],[80.5552311761981,7.251645881621948],[80.5553129507897,7.251643751078795],[80.55534827491525,7.251630928087955],[80.55538777710564,7.251594593491398],[80.55539226589129,7.251589443871041]]]]}},{"type":"Feature","properties":{"GND_N":"Werellamana","GND_NO":"5","GND_C":"015","PROVINCE_N":"CENTRAL","PROVINCE_C":"2","DISTRICT_N":"KANDY","DISTRICT_C":"1","DSD_N":"UDUNUWARA","DSD_C":"39","Admin_Code":"2139015","GND_NO_Cen":"5","GND_NAME_C":"Werellamana","GND_NO_Gaz":"5","GND_NAME_G":"වැරුල්ලma","shape_1":"Polygon","Area__Ha_":25.6077255337,"MWS_ID":"123","Alt_MWS":null,"Area":0.25607725534,"Density":3112.3420116,"Total_Pop":797.0},"geometry":{"type":"MultiPolygon","coordinates":[[[[80.57478442463191,7.26349398104822],[80.57483835654526,7.263449143504591],[80.57488330654594,7.263398320011243],[80.57492227257879,7.26333253942104],[80.574943275225,7.263251797322709],[80.57502422205033,7.263075375964481],[80.57513811931288,7.262887007098313],[80.57530579038117,7.262579045524061],[80.57545889885337,7.262208237507739],[80.57564178124979,7.261801570754946],[80.57572273506639,7.261610195716655],[80.57592956161744,7.261239428431109],[80.57616902405938,7.260811320994707],[80.57618376228132,7.260785865069077],[80.57636129077558,7.260306595545948],[80.57639562698255,7.260213902554616],[80.57658206982981,7.259894577096229],[80.57658250394334,7.259893831238263],[80.57654058269075,7.259867004761097],[80.57649872601009,7.259876490548646],[80.57634931807225,7.259910345111218],[80.57627657537675,7.259926830130314],[80.57623115658758,7.259937122768754],[80.57615371216565,7.259971632047531],[80.5760814301052,7.260001079500069],[80.57606575520121,7.260023138452945],[80.57604861511237,7.260077750719224],[80.57601154305193,7.260149897643466],[80.57600878638908,7.260151949191957],[80.5759887142942,7.260166889346073],[80.57595909934676,7.260170673437103],[80.57590277975827,7.260150301781796],[80.57579339602096,7.260118240281668],[80.57576550988168,7.260105659070244],[80.5757089113974,7.260103645498492],[80.57564823127287,7.260112027776952],[80.57559170772488,7.260143200290145],[80.57553889508397,7.260181067175013],[80.57550801045751,7.260186931473195],[80.57544127405193,7.260173970426765],[80.57537517490125,7.260149435494514],[80.5753135960287,7.26014235467427],[80.57524051303487,7.260148018499772],[80.57513011083303,7.260166236471349],[80.57500105598614,7.260178117839307],[80.57490025565369,7.260196878072851],[80.57488811864064,7.260199136153869],[80.57485740906733,7.260220646713742],[80.57478283968356,7.260285906001851],[80.57477994967797,7.260288434954801],[80.57474225404953,7.260338877346475],[80.57468181348894,7.260419242017224],[80.57466134415604,7.260429271576246],[80.574605283887,7.260434672474835],[80.57454551323511,7.260436274554112],[80.57451844098955,7.260426313390533],[80.57449834409077,7.260409418428795],[80.57447399153948,7.260388946869006],[80.57442147775485,7.260363603064338],[80.57431817331468,7.260307399963743],[80.57425371462962,7.260263783025195],[80.57418471877183,7.260236624156562],[80.57412349886336,7.260234877810664],[80.57409099401454,7.260226725518201],[80.57404309809344,7.26019903254377],[80.57396967099142,7.260164094673664],[80.57390394177389,7.260122557014064],[80.5738258826511,7.260113659135254],[80.57372182801885,7.260113162358925],[80.57360002154972,7.260121154449074],[80.57349532905127,7.260133497515187],[80.57333032072059,7.260147530855055],[80.57322835086762,7.260146851324573],[80.57315970998752,7.260136060320747],[80.57304135922045,7.260111953812141],[80.57299445772752,7.260090318186721],[80.57297628113969,7.260088754645108],[80.57294800111576,7.260086320254937],[80.5728180549541,7.260072424388619],[80.57278193503343,7.260037954300867],[80.57271611841837,7.259993704432719],[80.57264015815784,7.259951439467188],[80.57254635676435,7.259906816200118],[80.57252417343116,7.259900024882798],[80.57249231457767,7.259857145776516],[80.57247531505055,7.259799805419894],[80.57247027592804,7.259728182468508],[80.57244855152699,7.25950272941219],[80.57243742483044,7.259475596270121],[80.572409977403,7.259430270290852],[80.57240647713543,7.259424488422455],[80.57238801335026,7.259401149145761],[80.57236094059533,7.259390557557564],[80.57231311180244,7.259178196998807],[80.57229478320617,7.25917240846535],[80.57227995626424,7.259171327490805],[80.5721146758462,7.259154866320528],[80.5720232200762,7.259152609631465],[80.57200060667162,7.259159763331287],[80.57195667807945,7.259160948991132],[80.5718418459077,7.259178931767034],[80.57181666376175,7.259177056657512],[80.57169529458501,7.259115700262855],[80.57160239399951,7.25909428701724],[80.57154975200754,7.259092810061644],[80.57154746909606,7.259078550004262],[80.57153996538403,7.259090321530445],[80.57153669440854,7.259122216580784],[80.57152714071674,7.25921537975113],[80.57153477323706,7.259341257454169],[80.57151224527627,7.259371690603385],[80.57150510641965,7.259371667487746],[80.57149796937549,7.259371641659934],[80.5714680396095,7.259368740719225],[80.57144671495622,7.259361673925762],[80.57143108409134,7.2593560267419],[80.57139839812258,7.259346129779864],[80.57139555000572,7.25934612125972],[80.57132023710442,7.259348691642787],[80.57128194268958,7.259370894845454],[80.57123109286704,7.259419358715689],[80.57120302982014,7.259457822258775],[80.57117869104448,7.259489328882511],[80.5711445453564,7.259549097730291],[80.57114030853101,7.259556003774795],[80.57113048776351,7.259562893730621],[80.57108445563395,7.259587564874034],[80.57107890610298,7.259587552417528],[80.57106365457047,7.259586147471069],[80.57104566206357,7.259586107684226],[80.57103460284782,7.259586083692513],[80.57101531399678,7.2595969654723],[80.57100982266805,7.259602405075307],[80.57099886265969,7.259613263492397],[80.57099476596758,7.25961868564],[80.5709688852051,7.259641593455073],[80.57096212966245,7.259651004177901],[80.57095268207436,7.259661719494095],[80.57092859418374,7.259699077952151],[80.5709246279426,7.259708390463307],[80.57091416282745,7.25974023341931],[80.57091429807612,7.259753510435688],[80.57091176212948,7.259768044126704],[80.57091642504064,7.259839973476593],[80.5709164177531,7.259852040472969],[80.57090829855497,7.259914911979933],[80.57090425564024,7.259933528814511],[80.57090157295075,7.259940155226325],[80.5708789509535,7.2599940467847],[80.57086837121506,7.260007056703564],[80.57085913446312,7.260016128996943],[80.57078335994463,7.260073757476786],[80.57075538200354,7.260110098631847],[80.57074338048974,7.260119055728559],[80.57072088221108,7.260131790763547],[80.57066555696346,7.260179775066411],[80.57066163398778,7.260183535183164],[80.57065510717213,7.260189788183605],[80.5706369456214,7.260200983345211],[80.57058033998571,7.260250621024294],[80.5705280366661,7.260266839471949],[80.57053478051031,7.260329005118638],[80.57053944745462,7.260372023048001],[80.57000413403681,7.260750511425634],[80.56984564954617,7.260889246910447],[80.56969493118982,7.260915469072144],[80.56970707700609,7.260915839035187],[80.56959116413115,7.260947248705756],[80.56957858104211,7.260940635243418],[80.56955971312881,7.26093186487157],[80.56953880046666,7.260920875315949],[80.56940795065134,7.26085097738529],[80.56940179090874,7.260846606801167],[80.569387386702,7.260837904471391],[80.56937292804118,7.260831441166658],[80.56926347082967,7.260703402751788],[80.56925620776573,7.260681868925932],[80.56925248421716,7.260673295354061],[80.56922631639569,7.260551376349889],[80.5692234027666,7.260534215901115],[80.5691939031384,7.260456050902825],[80.56911552709106,7.260457086725951],[80.56901922992978,7.260487995181961],[80.5688868443237,7.260477573211248],[80.56887040942529,7.260477531336223],[80.56875970962736,7.260403516105843],[80.56848058413722,7.260332525509003],[80.56846413026918,7.260332391372009],[80.56825416237565,7.260298579195411],[80.56811695419856,7.2603498471346],[80.56797954506514,7.260377252235031],[80.56794720052237,7.260377181320273],[80.56783001540238,7.260376920420947],[80.56766132032443,7.260457351037937],[80.56748008823354,7.260588284667567],[80.567419404994,7.260663826488586],[80.56727459368804,7.260837451675669],[80.5672465360719,7.26087109051532],[80.56729175572993,7.260921949354501],[80.56737276458303,7.261014767970627],[80.56738469604245,7.261028277394932],[80.56742173498012,7.261070220566135],[80.56745937798864,7.261131731283815],[80.56748616887808,7.261170234292917],[80.56754870209389,7.261260091833011],[80.56763813091665,7.261355899375481],[80.56771072912706,7.26142212851222],[80.56779480904783,7.261481582462559],[80.56779800027113,7.261483841064964],[80.56788635351131,7.26156156023144],[80.56794654804752,7.261623080363421],[80.56802411279027,7.261635988701522],[80.56807149596209,7.261643873347923],[80.56809967267743,7.261648562419373],[80.56817418187642,7.261685170163092],[80.56822163312552,7.261708484918552],[80.56824250777896,7.26172532896386],[80.56829586538834,7.26176838370039],[80.56839426896164,7.261844659591647],[80.5684760051187,7.261938110457779],[80.56855110882638,7.262066646972708],[80.56861797400948,7.262195723189802],[80.56869742387616,7.262330045581915],[80.56875270447573,7.262445552863612],[80.56876676026579,7.262481445586439],[80.56879449465026,7.262552278629034],[80.56889027241203,7.262630090528357],[80.56898642496468,7.262680595392554],[80.56911166013852,7.262705703556242],[80.56914402974459,7.26271271762959],[80.5691461423217,7.262713175266366],[80.56919564707663,7.262723900273554],[80.56921706261514,7.26272854007177],[80.56938161640367,7.262718577406174],[80.56938729928844,7.262718171253783],[80.5695000775957,7.26271013550713],[80.56950143152572,7.26271003936403],[80.56963918101026,7.262694276857537],[80.5697786805728,7.262618018248907],[80.56990930982808,7.262529455253555],[80.56997158634499,7.262486663100332],[80.5700143943097,7.262457248460208],[80.57002412455456,7.262450450729151],[80.57007836968799,7.262412559839769],[80.57013768602502,7.262371125482187],[80.57017323764843,7.262315163570253],[80.57018299895988,7.262299797593979],[80.57019620187621,7.262291739936154],[80.5702060993072,7.26228570008147],[80.57032550106508,7.262190260978069],[80.57043428198017,7.262166072357103],[80.57044549726261,7.262163579765109],[80.57048662600445,7.262154433328516],[80.57071945605004,7.262154538882697],[80.57080898610101,7.262150995693033],[80.57086861333161,7.262148636242719],[80.57100641311204,7.26211338021574],[80.57106462965208,7.262098486483122],[80.57110147316604,7.262089059527069],[80.5711719358776,7.262080957196827],[80.57125661103633,7.262071222684253],[80.57129163799115,7.262073573418257],[80.5713841014018,7.262079779809788],[80.57149258453917,7.262087060489742],[80.57152520627392,7.262089250963014],[80.57153798220713,7.26209010858083],[80.57169025839714,7.262702885835172],[80.57228734691193,7.262919229425886],[80.57350567723192,7.263109991872213],[80.57353551425818,7.263364819296598],[80.57365232402505,7.263367863825138],[80.57381703902877,7.263406817819672],[80.57390987741316,7.263427794733486],[80.57408056703522,7.263502640314908],[80.57424829922044,7.263487762427702],[80.57442202206177,7.263478865481895],[80.57450288950342,7.263478901462124],[80.57455380390961,7.263484906063],[80.57464364706469,7.263508872021245],[80.57471552594605,7.263517877352645],[80.57478442463191,7.26349398104822]]]]}},{"type":"Feature","properties":{"GND_N":"Mampitiya","GND_NO":"7","GND_C":"115","PROVINCE_N":"CENTRAL","PROVINCE_C":"2","DISTRICT_N":"KANDY","DISTRICT_C":"1","DSD_N":"UDUNUWARA","DSD_C":"39","Admin_Code":"2139115","GND_NO_Cen":"7","GND_NAME_C":"Mampitiya","GND_NO_Gaz":"7","GND_NAME_G":"මාම්පිටya","shape_1":"Polygon","Area__Ha_":70.2724648837,"MWS_ID":"123","Alt_MWS":null,"Area":0.70272464884,"Density":2276.85196847,"Total_Pop":1600.0},"geometry":{"type":"MultiPolygon","coordinates":[[[[80.57773959809933,7.254731845230385],[80.57801142989241,7.253568061129634],[80.57803688750514,7.252886170526535],[80.57847846336672,7.252983380192145],[80.57902954794575,7.251285927069846],[80.57916995696105,7.250733289280971],[80.57904666266607,7.250749177721881],[80.57885984202225,7.250736860470653],[80.57885889701397,7.250704714825544],[80.57884587419444,7.250664286853219],[80.57884101994328,7.25065668860438],[80.57883979190062,7.250654767332606],[80.57881754867593,7.250619963730329],[80.57880268864497,7.250564496410736],[80.57880037049634,7.250555840325704],[80.57879814039016,7.250478160691202],[80.57877175134577,7.250354168467916],[80.57874380507896,7.250270870979305],[80.57870833379597,7.250205384068671],[80.57866788655632,7.250153924337726],[80.57860452173502,7.250073310778524],[80.57857430220902,7.250032185334291],[80.57856497117314,7.250019487582504],[80.5785060422624,7.249963034376893],[80.57843434159061,7.249913537826948],[80.57840626982608,7.249910450071563],[80.57837484281885,7.249917851664434],[80.57827601197506,7.249992232690997],[80.57823479200553,7.250026487785309],[80.57814594097948,7.250054572853493],[80.57812244645396,7.250056734742525],[80.57790146949053,7.250077061086109],[80.57782498073503,7.250084096617461],[80.57781131400715,7.250085353958663],[80.57781095955507,7.250090330179344],[80.57780922467188,7.250114644301493],[80.57780757908198,7.250137711429764],[80.57775095595323,7.250194747263697],[80.57769604174095,7.250274301867894],[80.57766223381644,7.250341838470914],[80.57763475835564,7.250424480591604],[80.57761509934151,7.250444366646418],[80.57758131447915,7.250457192965595],[80.57754300703753,7.250459888214491],[80.57747387885033,7.250456514768017],[80.57746449447062,7.250456056702157],[80.57740400666245,7.25044400210683],[80.57733492854442,7.250402917448791],[80.57721485349188,7.250390295057866],[80.57716159023113,7.25038699995433],[80.57713061734314,7.250385085536961],[80.5770893858934,7.250342185451575],[80.57698751145318,7.250248949722203],[80.57697851794626,7.250243099463629],[80.57695443746053,7.250232985131991],[80.57694539234915,7.250227105008157],[80.57688470905067,7.250190197320713],[80.57687707874061,7.250185747518226],[80.57686637395437,7.250181334347065],[80.5768479648806,7.250180065670374],[80.5767862569651,7.250150271666024],[80.5767800520829,7.250145740196276],[80.57675983683406,7.250141359923392],[80.5767520455953,7.250138368687695],[80.57674112305902,7.250136947754092],[80.57668779838315,7.250118966700736],[80.57667833884155,7.250114412096734],[80.57667044709909,7.25011138645202],[80.57664114431726,7.250033000417611],[80.57663563119804,7.250020489686971],[80.57652499344698,7.24983102049364],[80.5765198619926,7.249823745839359],[80.57645372757716,7.24973457245663],[80.576446256951,7.249727413427876],[80.57623750788159,7.249701265921231],[80.5760579804346,7.249650023244607],[80.57606652378033,7.249545335941213],[80.57607168339466,7.249525744698243],[80.57607939406965,7.249497880213736],[80.57610986482665,7.24939608005777],[80.57611485935672,7.24937708738945],[80.57612467552305,7.249328683510409],[80.57612643967599,7.249254697896033],[80.57613141241112,7.249244039267133],[80.57613125609915,7.24923093585891],[80.57611814564329,7.249194786932918],[80.57606923753976,7.249092971703517],[80.57606149939028,7.249060056214523],[80.5760564314417,7.249052557316182],[80.57600855245543,7.248992988821472],[80.57588315880288,7.248791116799216],[80.57582975964394,7.248673759130529],[80.57581043601141,7.248641750968341],[80.57580009096209,7.248618520306358],[80.57579424158102,7.248612898391955],[80.5757938062297,7.248581664504785],[80.57576188301007,7.248374171836051],[80.57576411599311,7.248259954021088],[80.57573822222696,7.248211949467595],[80.57577356745097,7.248086161244168],[80.57577637233146,7.248062970745717],[80.57577586120355,7.248047454502043],[80.5758028712388,7.247913938952179],[80.57581542234774,7.247879656058691],[80.57582432454852,7.247842011168306],[80.5758237669357,7.247827170417767],[80.57581987404153,7.247634257513315],[80.57582480099735,7.247587845467196],[80.57582439183913,7.247577236916664],[80.57580378668473,7.247441195445187],[80.57566684309177,7.247359562440091],[80.57545523952498,7.247189074942579],[80.57545474771884,7.247174940480687],[80.57546952292087,7.247101845020041],[80.57547236143667,7.247084514416371],[80.57549134094855,7.247036593874596],[80.57550371057705,7.246999039142512],[80.5755031778638,7.246985253723112],[80.57551494037298,7.246934242704326],[80.57555293901753,7.246857255431085],[80.57556607209072,7.246844124430374],[80.57560615753457,7.246747902658996],[80.57560816394957,7.246717997363135],[80.57560413461576,7.246704622761955],[80.57555821903779,7.246663877236707],[80.57553062404229,7.246650089814827],[80.57524750455923,7.246537096021779],[80.57524086634298,7.246533765253818],[80.57517763264204,7.24645199649763],[80.57517703902916,7.246436701770339],[80.5753520111658,7.246129909573497],[80.57533947589454,7.246103981303125],[80.57529613864497,7.246063081352152],[80.57528914689779,7.246056483184456],[80.57523836131395,7.246017575730504],[80.57519853617792,7.245971980377323],[80.57515880247172,7.245926478204389],[80.57512468402199,7.245875368220975],[80.57509971556868,7.245818024406599],[80.57507329081578,7.245777320013302],[80.57504278828853,7.245742671734889],[80.57500882723636,7.245747087783456],[80.57495150675025,7.245741545256547],[80.57482128755093,7.245735701849327],[80.57475970857338,7.245735311030194],[80.57475828866906,7.245735224492137],[80.57466525961463,7.245729482527222],[80.57452752539596,7.245720830557899],[80.57450488781473,7.245716760194835],[80.57445490494125,7.245707775470192],[80.57442711134198,7.24569076315313],[80.57438329514038,7.245660088755265],[80.57435257110457,7.245626809447318],[80.57432165518357,7.245593322966911],[80.57431779030628,7.245588990546536],[80.57428809592754,7.2455556927014],[80.57427114840043,7.245536691206874],[80.5742495122467,7.245520764969089],[80.57416512078862,7.245502461461005],[80.57409671310451,7.245489433510335],[80.57407040475621,7.245484423732262],[80.57389409898614,7.24546264113058],[80.57388763512999,7.245462328981985],[80.57387870001341,7.245461895461017],[80.57379059398738,7.245457621384381],[80.57371044831655,7.245464730576921],[80.573701088684,7.245465879392267],[80.57362604498645,7.245475092441421],[80.57353401586658,7.245523792400623],[80.57344099797245,7.245558024872287],[80.57331891095399,7.245594594630768],[80.57319518741224,7.245641562196139],[80.57314153209988,7.245651590450468],[80.57308850168538,7.245661500514048],[80.57309260998137,7.24570662522189],[80.5730939112279,7.245720916491265],[80.57309420408177,7.245724170301511],[80.57309650461228,7.245749617489522],[80.57310201848932,7.24581062689357],[80.57310217228638,7.245810963362723],[80.57311844855697,7.245846544076281],[80.57313138833207,7.245874835526972],[80.57314028685983,7.245894291043396],[80.57318437033413,7.245934642616346],[80.57319203430977,7.246009250971944],[80.57319442895825,7.246119757770924],[80.57319417556509,7.24621035246071],[80.57319399901112,7.246272945467005],[80.57319090753315,7.246300887023835],[80.57316995638215,7.246373041883391],[80.57316955449784,7.246376656199688],[80.57316331893094,7.246432722862425],[80.57314893091531,7.246493816515356],[80.5731449006705,7.246510935867808],[80.57311516994206,7.246572958616228],[80.5730906840153,7.246651801918396],[80.57308176785008,7.246744399379952],[80.57305756129627,7.246808052336425],[80.57303894295347,7.246829519380785],[80.57302965507179,7.246840232113231],[80.57298351516961,7.246884220250689],[80.57295210353765,7.246914169349882],[80.57292963161835,7.2469444525161],[80.57291898866619,7.246998270914957],[80.57291647088033,7.247011003267196],[80.57291589993292,7.247070506997559],[80.57292338666993,7.247138424342427],[80.57292601659479,7.247142182894327],[80.57290118303578,7.247190358428528],[80.57288963688602,7.247200501341251],[80.57288194943233,7.247206549491512],[80.57285858806912,7.247227068505134],[80.57285095502216,7.247230936406752],[80.57284131154847,7.247236915858287],[80.57282963318694,7.247245029456228],[80.57279635036396,7.247267421357122],[80.5727812375112,7.247270675505286],[80.57275450579061,7.247276598472344],[80.57275264032724,7.247276534335978],[80.5727158937083,7.247266553376565],[80.5727084569348,7.247262879483864],[80.5726954516773,7.247257369172456],[80.57268617114508,7.247253697166555],[80.5726028659471,7.247211619746667],[80.57258810557727,7.247204325362057],[80.57257888751856,7.247200683223969],[80.57249433467172,7.247166177851537],[80.57248883237305,7.24716618623647],[80.5724815016214,7.24716438067585],[80.57247417095775,7.247164393666711],[80.57246514807065,7.247212070759187],[80.57247285064332,7.247261029512164],[80.57247532244604,7.247268021780062],[80.57247547099466,7.247282045763889],[80.57247571766182,7.247305437457324],[80.57247640991584,7.247371032225906],[80.57247911309227,7.247399178032519],[80.57247968556715,7.247453228426389],[80.57247986108852,7.247469699463706],[80.57247521801173,7.247486196373961],[80.57247534402637,7.247497971348223],[80.5724619904175,7.24756630889681],[80.57246218375322,7.247573369774328],[80.5724529810763,7.247589880917167],[80.57244605532945,7.247601687996988],[80.57241229468114,7.247665549139618],[80.57240529060537,7.2476702962971],[80.57239597260849,7.247677424348319],[80.57238912486342,7.247686940864929],[80.57234960109112,7.247734701031266],[80.57234708901622,7.247734694478406],[80.57232765211394,7.247753800895146],[80.57231065320492,7.24777050748297],[80.57228631877648,7.24779195474681],[80.57227675845633,7.247806294495793],[80.57225467358165,7.247910009840716],[80.57224993033597,7.247919663849217],[80.5722451870881,7.247929322379155],[80.57222685032083,7.247994986373001],[80.57222202484324,7.248002234900714],[80.5722099268355,7.248019130874959],[80.57220089211567,7.248060803388118],[80.57219397617935,7.248082970152411],[80.5721880044787,7.248137944515281],[80.57218841694616,7.24815308181278],[80.57218903697253,7.248175861460253],[80.57218917595863,7.248180934657242],[80.57219058522081,7.248236847382408],[80.57219072088004,7.248249308725761],[80.5721910209437,7.24827676075821],[80.57219186439518,7.248354401798962],[80.5721878417736,7.248450999346995],[80.57217793287961,7.248473177426723],[80.57214562208638,7.248534750406929],[80.57213812578739,7.248544575898913],[80.57211563710717,7.248571556500507],[80.57209307976012,7.248586121907267],[80.57202351500783,7.248617845215212],[80.57201373041083,7.248625417060229],[80.57199897416294,7.248633008373645],[80.57194968181899,7.248668581352082],[80.57193483177022,7.248681350654611],[80.57192490494478,7.248689031854209],[80.57190998604476,7.248701858095973],[80.57187249990069,7.248725058288186],[80.57183979449277,7.248763931277511],[80.5718322130596,7.248771747366697],[80.5718195073798,7.248792638262014],[80.57180929319335,7.248810991902084],[80.57176819881042,7.248869164342343],[80.57176296306878,7.248882474216229],[80.57173724272091,7.248898551078281],[80.57168805708943,7.248956404267527],[80.57168284576912,7.248961748154957],[80.57147128025458,7.249145698211697],[80.57141191121174,7.249171667421519],[80.57130571906805,7.249171502883178],[80.57129277495532,7.249168876377692],[80.57127724784964,7.249168853096352],[80.57118691935702,7.249137431253886],[80.57117921339778,7.249132221709737],[80.57116380574028,7.249124394352453],[80.57109727640211,7.249088010476825],[80.57107689307337,7.249075078798482],[80.57106668381564,7.249072468894647],[80.57098784651095,7.24904655578383],[80.57096224257594,7.249041465657442],[80.57094170692604,7.249038945132881],[80.57093913597677,7.249038948492785],[80.57091351870257,7.249031322694934],[80.57089554675954,7.249028795188082],[80.57088275681382,7.249023704517907],[80.57086739501409,7.249018616302136],[80.5708493766352,7.249018642521244],[80.5708288183496,7.249016117459886],[80.57081598468481,7.249013580516821],[80.57081340920743,7.249013584778281],[80.570777622098,7.248998306693285],[80.57077256673489,7.248993206857183],[80.57075720674743,7.248988121351496],[80.57064892067534,7.248906724078254],[80.57053888249548,7.248878847097741],[80.57051849241657,7.24887884510114],[80.57045981959622,7.248871255856482],[80.57044961731232,7.248871254853245],[80.57035771912207,7.248868714637545],[80.5703424870594,7.248861133302661],[80.57029166931352,7.24884346643775],[80.5702790020952,7.248833375921098],[80.5702661756899,7.248830825401469],[80.57025586112849,7.248830794501046],[80.57021447700838,7.24883066812707],[80.57020416696874,7.248830650792079],[80.57015217442496,7.248853393015122],[80.57011660150019,7.248861055307409],[80.57008025565248,7.248897594319511],[80.57007181935285,7.248909314766258],[80.57003178302374,7.248936404857559],[80.57002520311303,7.248940280422381],[80.56997507713166,7.248950693314948],[80.56996603205143,7.248948985504111],[80.5699500918529,7.24894930562488],[80.56990156833476,7.248942731021081],[80.56988900684581,7.248941099381872],[80.56987836254127,7.248941307963092],[80.56982826877679,7.248936654279945],[80.56982649200941,7.248936688740598],[80.56980729459764,7.248944598991206],[80.56974499292053,7.248955323736539],[80.5697378025341,7.248955468774327],[80.56972890065478,7.248959462647355],[80.5696494219935,7.248975931836835],[80.5696403354055,7.248975885203238],[80.56963125153345,7.248975840379316],[80.5696149031006,7.248975756984013],[80.56960942618336,7.248977649910213],[80.56953800042422,7.248985139406996],[80.56952889374496,7.248983476774569],[80.56951252960529,7.248980107135392],[80.56949416509656,7.248980572634066],[80.56944848055178,7.248976049326112],[80.56943226850659,7.248970792475259],[80.5694158247182,7.248969316404517],[80.56934071064836,7.248984463628348],[80.56931149159982,7.248979493844239],[80.56929679379883,7.248977962497592],[80.56928395789592,7.248976384070533],[80.56922004096029,7.248966600249867],[80.56921655167139,7.248964797290797],[80.56919788198562,7.24896525540405],[80.56917357046292,7.248965848399444],[80.56916065544934,7.248945168364445],[80.56910279756013,7.248957632210414],[80.5690803460631,7.248960293282801],[80.56906476509805,7.248965192016636],[80.56897677360276,7.248980429164456],[80.5689675420877,7.248980457508366],[80.56890052348255,7.248964865705899],[80.5688842446071,7.248951310027046],[80.56887711837597,7.248939890868358],[80.56886312430024,7.248926301867994],[80.56879807375684,7.248842975122813],[80.56878840757352,7.248829140317287],[80.56873437005363,7.24877894949821],[80.56871830901441,7.248772243999642],[80.56866534950701,7.248743020807715],[80.56865158140675,7.248736305502658],[80.56861031513544,7.248716175879863],[80.56859430661245,7.24870949572146],[80.56849388910372,7.248678567010877],[80.56848931422526,7.248676334006638],[80.56847561209331,7.248671907514485],[80.5683910927872,7.248645359254019],[80.56832892623163,7.248675435022499],[80.56832651302886,7.24868690317852],[80.5683241345199,7.248693810051941],[80.56828574375159,7.248789525493443],[80.56827114590676,7.248822786268193],[80.56826139486564,7.248841946673815],[80.56820772669174,7.248926294370762],[80.56819808208196,7.248940457651697],[80.56818842297271,7.248954641724678],[80.5680216914671,7.249546482423712],[80.56800154353417,7.249650073619331],[80.56791783254957,7.249633837391401],[80.56788532740198,7.24962233875813],[80.56784308167285,7.249620969260629],[80.56782872930006,7.249620503292074],[80.5677720414719,7.249616860982884],[80.56776425503908,7.24961342287208],[80.56746275379138,7.250063503712766],[80.56743809769974,7.250100306505268],[80.56716017808154,7.250515184447631],[80.5671081633008,7.250587322876944],[80.56705407270158,7.250646168013268],[80.56699571230439,7.250734311454744],[80.56694352060295,7.250799215368212],[80.566859417894,7.250936540940207],[80.56681156044492,7.251030475822097],[80.56676153564774,7.251109307860908],[80.56673578639318,7.251175491771283],[80.56670732035862,7.251243662081671],[80.56664438729273,7.251426211548998],[80.56659813070006,7.251385405295065],[80.56659124104436,7.25140095610342],[80.56658840245915,7.251468507933728],[80.56658956918614,7.251495183561704],[80.5665933041381,7.251498422685351],[80.56660841503245,7.251511530277],[80.56663609495781,7.251535536885675],[80.56664358957853,7.251545357442444],[80.56664790027445,7.251551007699483],[80.56671047662046,7.251503398863242],[80.56674113626637,7.251552134968357],[80.5667499598673,7.251560914380899],[80.56675428567726,7.251565217234489],[80.56682558296333,7.251578009806262],[80.5670046521957,7.251491165426647],[80.5671890589538,7.25137867200967],[80.56736447523143,7.251161505982611],[80.56737340163093,7.251161426891278],[80.56746057505688,7.251028064379427],[80.56760340820308,7.250785115196281],[80.56761133734354,7.250769744804391],[80.56778181571356,7.250551081519909],[80.5677897449726,7.25054723916301],[80.56812125942615,7.250463108424031],[80.56814817572862,7.250444255210652],[80.56817122887551,7.250429190154962],[80.56820584460431,7.25041790042701],[80.56842665749404,7.250402911404796],[80.56847977084126,7.250399186462468],[80.56850628364097,7.250399195873595],[80.56877347488677,7.250410446308829],[80.5687884326484,7.250417880170023],[80.56881832158595,7.250421591507582],[80.56883698308395,7.250425302239133],[80.56922617053871,7.250521068068948],[80.56923724507062,7.250524740963467],[80.569259414836,7.250528401731218],[80.56940220778796,7.250656652454052],[80.56941663580491,7.250685896004994],[80.56949213344134,7.250838914726553],[80.56949200711036,7.250849831400569],[80.56949553134947,7.250864378699171],[80.56956064062723,7.250980643664574],[80.56956862899392,7.251013962682079],[80.56958042376613,7.251054725835035],[80.56959561776699,7.25108433235395],[80.56964027601862,7.251139540397978],[80.5696514424273,7.251154262988413],[80.5696661224356,7.25116518097009],[80.56976051999673,7.251200614643906],[80.56977959816606,7.251200218188297],[80.56978930989183,7.251223584335331],[80.56963348351806,7.252000499533744],[80.56953249764518,7.252344055701562],[80.56956917991494,7.252376706836781],[80.5696213323264,7.252397529505755],[80.5696706840193,7.252401892603001],[80.56976133611576,7.252400034790599],[80.56982188018405,7.252403956234535],[80.56985270642241,7.252405953377403],[80.57005048706301,7.252435694360869],[80.57016094776486,7.252452304069389],[80.57027703432976,7.252474149497027],[80.57034630299263,7.252495703287128],[80.5704782069554,7.252534699587829],[80.57067782543842,7.252593711574383],[80.57076815943145,7.252620417599517],[80.57084692771971,7.25266006164845],[80.57085057482642,7.252663397458621],[80.5709300263697,7.252736060574736],[80.57103287735235,7.25279099727508],[80.5710338677382,7.252791723876956],[80.57111113693173,7.252848239667274],[80.57108449001298,7.253391812491703],[80.57107779266947,7.25357080334616],[80.57107585115146,7.253604627877483],[80.5710759406451,7.253640957338017],[80.57108436764783,7.253703868899142],[80.57108657223853,7.253745002061896],[80.57108672609367,7.253803176769485],[80.57109108436065,7.253857907082321],[80.57109536512756,7.253877819028586],[80.5710954778774,7.25390679381285],[80.5710955306538,7.253920229048234],[80.57110435177627,7.253994735743887],[80.57110868790959,7.254008378190744],[80.57110874792882,7.254019819443921],[80.57111992469022,7.254095906114122],[80.57111995699213,7.254100565091442],[80.57114324580306,7.254155218045818],[80.57120164202543,7.254159209782026],[80.57123601453229,7.254161558400428],[80.57135781451016,7.254164417614302],[80.57158774821917,7.254156019964019],[80.57160435711393,7.254155289539188],[80.57171589299693,7.254150381504589],[80.57185018779182,7.254160478820146],[80.57189917461842,7.254173161093293],[80.57193285733828,7.254182942709613],[80.57195667308464,7.254189917453115],[80.5721996310548,7.254213628067556],[80.57235466412153,7.254225362296653],[80.57241723891757,7.254227019037468],[80.57248922510047,7.254247759857485],[80.57257299101929,7.254250872064169],[80.57259721790915,7.25424981494986],[80.57265503841731,7.254247291651219],[80.57265692108061,7.254247433566422],[80.57274179195062,7.254254294568612],[80.57290632303773,7.254287917876272],[80.57302168102629,7.254318264537239],[80.57306387579932,7.254331304462608],[80.573163639188,7.254406766964473],[80.57321858516549,7.254461231412972],[80.57328041725812,7.254505659373792],[80.57335276059113,7.254533905019928],[80.57340645123442,7.254548433105946],[80.57342673859262,7.25455392314211],[80.57343068154746,7.254553919477532],[80.57353070076259,7.254553790516592],[80.57362080793612,7.254548313590561],[80.57374034276535,7.25455813247412],[80.57382392522727,7.254568661454273],[80.57391720019284,7.254571233264335],[80.5740177158882,7.254580775022142],[80.57407078415198,7.254581702052402],[80.57407202105703,7.254582005544289],[80.57409975907893,7.254588770316594],[80.57426186280823,7.25458314445051],[80.57427040278385,7.254582629180099],[80.57449143780244,7.254569319364141],[80.5745009458483,7.25456882350989],[80.57456868671554,7.254565284323705],[80.57464755782384,7.254576894413958],[80.57468630767207,7.254598345381861],[80.57472237749111,7.254632861415833],[80.57477574312662,7.254683930230293],[80.57484101131186,7.254740388532388],[80.57489578096066,7.254780563830421],[80.57505685181492,7.254859761651985],[80.57513933371541,7.254897598015171],[80.57523559220823,7.254915545819993],[80.57534751851749,7.254923010634735],[80.57545510322397,7.254924775495258],[80.57555598883702,7.254919304762044],[80.57566031212438,7.254923961898702],[80.5757044139263,7.254923347464564],[80.57574834181719,7.254906457322185],[80.57580541471883,7.254862263058543],[80.57582263582664,7.254843103075685],[80.57590924691563,7.254746737280787],[80.575965062111,7.254679574074189],[80.57599649783378,7.254649202487641],[80.57604418394973,7.25463629832763],[80.57625136325508,7.254580227049791],[80.57627971263996,7.254570472169691],[80.5763422056176,7.254552504981471],[80.57639943774284,7.254557684696881],[80.57650030591483,7.254591548169652],[80.57657785657689,7.25462609496673],[80.5766525062992,7.254659348227969],[80.57665268647246,7.254659438737367],[80.57674793573145,7.254705058325612],[80.5767925699424,7.254731303598703],[80.57686634336928,7.254805035713365],[80.57692490232337,7.254879938538738],[80.5769758656914,7.254928971367351],[80.57704784144919,7.254970059168987],[80.57710757814012,7.25499049456696],[80.57713757325236,7.255000754368671],[80.57721426849497,7.255020320920835],[80.57729232481539,7.255029669443323],[80.57729448013812,7.255029651397433],[80.57737790379254,7.255028983494614],[80.57738761032302,7.255028143127977],[80.57742563224879,7.25502484551267],[80.57742984795135,7.255024480212117],[80.57757098568587,7.2550122498163],[80.57760700642778,7.255008537139672],[80.57777217819114,7.25497458410342],[80.57778178397129,7.254972197327701],[80.57778530439924,7.254971324406416],[80.57777994840139,7.254943116882917],[80.57773959809933,7.254731845230385]]]]}}]}