{"type":"FeatureCollection","name":"SED_PPL_MWS_127_2","crs":{"type":"name","properties":{"name":"urn:ogc:def:crs:OGC:1.3:CRS84"}},"features":[{"type":"Feature","properties":{"GND_N":"Palle Peradeniya","GND_NO":"248","GND_C":"195","PROVINCE_N":"CENTRAL","PROVINCE_C":"2","DISTRICT_N":"KANDY","DISTRICT_C":"1","DSD_N":"GANGAWATA KORALE","DSD_C":"30","Admin_Code":"2130195","GND_NO_Cen":"248","GND_NAME_C":"Palle Peradeniya","GND_NO_Gaz":"248","GND_NAME_G":"පල්ලේ පේr","shape_1":"Polygon","Area__Ha_":192.794911358,"MWS_ID":"127-2","Alt_MWS":null,"Total_Pop":1377.0,"Density":714.230469207,"Area_Sqkm":1.92794911358},"geometry":{"type":"MultiPolygon","coordinates":[[[[80.60343161764537,7.256561746462416],[80.60342178496744,7.256553810170124],[80.60343262190631,7.256554757484714],[80.60344361007468,7.256555719325467],[80.60346081502593,7.256557081426123],[80.60349667935634,7.256550221468497],[80.60352032051938,7.256537028542173],[80.603556368555,7.256523386375011],[80.6035964889958,7.256519423607855],[80.60363542987298,7.256519076697439],[80.60367319118714,7.25652234654835],[80.60370262210722,7.256525070647441],[80.60372888500889,7.256521282556717],[80.60374627485515,7.256517491092325],[80.60376167502224,7.256511529447529],[80.60378268529418,7.256503397797387],[80.60380469757605,7.256487037366903],[80.60382662384329,7.25645874190761],[80.60385461627418,7.256433974629823],[80.60387667268657,7.256420616499412],[80.60388043178781,7.256418339082637],[80.60391620943197,7.256401262239707],[80.604058770959,7.25635022320706],[80.60426907821842,7.256275968302434],[80.60433474589888,7.256244885143977],[80.6043617991232,7.256229816131357],[80.60438601360029,7.256216329477351],[80.60441835127601,7.256198111869262],[80.60442595992664,7.256193827447391],[80.60446400493427,7.256163005103438],[80.6044942669965,7.256128019111528],[80.60451556270274,7.256088329156372],[80.60452952438192,7.256047549452954],[80.6045351552117,7.256005050229793],[80.60453055323471,7.255961370636801],[80.60451644334336,7.255915426688282],[80.60449626639874,7.255868304849384],[80.60447228248394,7.255830314128534],[80.60444947087191,7.255805438057468],[80.60442246751718,7.255777479437071],[80.60440176464536,7.255756045036161],[80.60439492322281,7.25575031458863],[80.6043480798062,7.255711080832399],[80.60428887152365,7.255664305923383],[80.60424732801708,7.255631331039614],[80.6042351858132,7.255621692895006],[80.60419070151009,7.255594354318916],[80.60418041089916,7.255588032050795],[80.60411150917837,7.255548306106612],[80.60411097498844,7.255548011101155],[80.60399670360952,7.255484962227256],[80.60391611196455,7.255441833446099],[80.60386620655743,7.255415126697462],[80.60386125395428,7.255412475207931],[80.60382345479628,7.255389921995627],[80.60377632921403,7.255361802867045],[80.60370454413915,7.25531971734372],[80.60368171463026,7.255306333115167],[80.60361081804804,7.255278271851322],[80.60356092479945,7.255262518900756],[80.60352959676548,7.255247856364088],[80.60352735585627,7.255246699811807],[80.60348631779918,7.255225504507567],[80.60345372445583,7.255204240069842],[80.603416333494,7.255177639317932],[80.60338374312661,7.255148599676335],[80.60335414123016,7.255119559362037],[80.6033311507037,7.25508916691775],[80.60329261026685,7.255068067499574],[80.60309711676942,7.254961045544861],[80.60307510091809,7.254948992731263],[80.60281702906538,7.254894003003801],[80.60255896324335,7.254839988876613],[80.60251186701373,7.254830132940158],[80.60234506117486,7.254895397753946],[80.60232691665486,7.254902495914194],[80.60221976603007,7.254953458462272],[80.60210480221244,7.254984782850164],[80.60204677021466,7.255004979902927],[80.60204320622289,7.255008562289247],[80.60191025457164,7.255042137769691],[80.60190300744092,7.255045927634497],[80.60188486489022,7.255050231480376],[80.60177788276783,7.255060875625587],[80.60167240645295,7.255043843218886],[80.60120895335385,7.254917439403581],[80.60120653600953,7.254845637697982],[80.60120529824768,7.254767866236896],[80.60119799184609,7.254693078445053],[80.60119385013319,7.254630950310111],[80.60119405139307,7.254578863424362],[80.60119876957657,7.254555352454503],[80.60121163503602,7.254537453114501],[80.60124135000214,7.254507803422649],[80.60125259005703,7.254498911219672],[80.60132207561244,7.254334358418887],[80.60132210697898,7.254302397640293],[80.60133072950045,7.253804544022468],[80.60133054299212,7.253773957700221],[80.60136158246189,7.253571642644262],[80.60145088399264,7.253224136987992],[80.60146707526121,7.253157958164217],[80.60147302291773,7.253111736988761],[80.60147575525924,7.253057330630448],[80.60147853727024,7.253026742736623],[80.60157903732234,7.25265996250878],[80.60158624283986,7.252620747452324],[80.60160625056545,7.252556032347226],[80.60165825637175,7.252261256680801],[80.60166500842503,7.252221392157948],[80.60177913897726,7.251678532051356],[80.60178742097547,7.251651667474342],[80.60182684991327,7.251549252171277],[80.60214106063646,7.250400860328913],[80.60223719699094,7.249457332433735],[80.60274178633368,7.248434902791209],[80.60544333963537,7.244099275195577],[80.60506447941317,7.243873206848896],[80.60339252576884,7.24324523880501],[80.6026722389882,7.243011320341005],[80.60177995284695,7.242602083434523],[80.60127713659192,7.242643977436964],[80.60101906093034,7.242638591500286],[80.60097660893878,7.242663675897767],[80.60091882086859,7.242694038224797],[80.60075507500619,7.242742174446643],[80.60069195156046,7.242757795438943],[80.60068506929153,7.24275761101676],[80.6006685881101,7.242757062070965],[80.60055568485565,7.242743743283437],[80.60055476393205,7.242743634411178],[80.60050876398343,7.242733398907982],[80.60049722556253,7.242716101448864],[80.60049482628844,7.242712503201409],[80.60047009488022,7.242668799495764],[80.60042034882571,7.242580898221156],[80.60041486597058,7.242570587943221],[80.60038053275922,7.242506006477591],[80.60034116135202,7.242452095652799],[80.60031508303807,7.242444308552259],[80.60028637747016,7.242444025250071],[80.60023194721133,7.242460462512152],[80.60018421130235,7.242489924332766],[80.60013248654936,7.242532859632616],[80.60010703626013,7.24254252582458],[80.6000835829248,7.242542426308926],[80.60002037393619,7.242540502779423],[80.59996532207043,7.242522937045464],[80.59995779791979,7.242515343403459],[80.59987106834706,7.242427801209316],[80.59986968336797,7.242426403522945],[80.59983859195067,7.242395019359273],[80.59967755961388,7.242349014617],[80.59960182433683,7.24232737777187],[80.59954159794613,7.242310171698853],[80.5993226659749,7.24231590848009],[80.59929380334778,7.242316665003579],[80.5992389533086,7.242318101394142],[80.59917457864678,7.242286649067045],[80.59907633036849,7.242238647438495],[80.59896036258851,7.242181986504134],[80.59896032093967,7.242181967497527],[80.59878872030067,7.242100148804064],[80.59835519466337,7.241618801270452],[80.5983281205147,7.241702819477963],[80.59770499867639,7.242981385336086],[80.5972941248159,7.243474239252239],[80.59672390703902,7.243990336488499],[80.5962421024759,7.244514133763445],[80.59602633705255,7.244829876247087],[80.59582496071576,7.245109735239685],[80.59573146279487,7.245246079730767],[80.59567389206778,7.245411148296951],[80.59556596937473,7.245669510096342],[80.59548681685294,7.245877639308828],[80.5954364247813,7.246071423226128],[80.59541481067842,7.246193439509514],[80.59536434887937,7.246559492262782],[80.59532829457784,7.246846596017905],[80.59527061923978,7.247277247492364],[80.59524174289508,7.24758588735653],[80.59526323777077,7.247758166592159],[80.5952847240621,7.247951978187022],[80.59531342844224,7.248074014488374],[80.59541791512362,7.248566952890159],[80.59549278370575,7.248942614865593],[80.59565790080268,7.24946666816922],[80.59574397179082,7.249933267661334],[80.59582277525585,7.250600845624935],[80.59589441609839,7.251203818204507],[80.59592294559278,7.251763708019206],[80.59590838644313,7.252223088220955],[80.59592972455063,7.252790153514087],[80.59587918510333,7.253350010082385],[80.59573523548109,7.253816518089608],[80.59564166213508,7.254139487068308],[80.5954906351594,7.254326054310379],[80.59532524700039,7.254476723085361],[80.59500888492938,7.25468475750555],[80.59474286998598,7.2548138544246],[80.59442653822556,7.254942929226411],[80.59405986649621,7.255129408647145],[80.59385852563175,7.255308774955737],[80.59371468615628,7.255495344458666],[80.59357803699794,7.255681914996494],[80.59356539625908,7.255954471310548],[80.59352232050114,7.256293515991742],[80.59348832675856,7.256576891820556],[80.59349244976178,7.257173905149731],[80.59343509458851,7.257563812889846],[80.59325449601593,7.258589789131971],[80.59327455403415,7.258596924934256],[80.59353165837544,7.258688379384545],[80.59357087167481,7.258702328668922],[80.59363151027095,7.258723898088992],[80.59368126871183,7.258741599038193],[80.59372775387284,7.258758134827806],[80.59372981291837,7.258758866332625],[80.59410085112475,7.258891381833431],[80.59415719689076,7.258911505289615],[80.59420996365823,7.258929527512125],[80.5942486511414,7.258942740425449],[80.59463329865835,7.25907401844387],[80.59465315105145,7.259081397361295],[80.59471574608402,7.259104656659254],[80.59491345062946,7.259178126213187],[80.59512695486326,7.259270809380668],[80.59521921036803,7.259302916391608],[80.59530307029479,7.259332101850947],[80.59544685654593,7.259391301476149],[80.59558222021334,7.259451761013946],[80.59571207125265,7.259508311730545],[80.59575597366184,7.259527431689664],[80.59593254645283,7.259614121445965],[80.59599192800506,7.259643277156637],[80.59606028800253,7.259678569407158],[80.59609240681945,7.259695152606541],[80.59614496003267,7.25972228537368],[80.59627903716553,7.259791514125525],[80.59638185020468,7.259846904559303],[80.5965818990244,7.259954680864406],[80.59665264597501,7.259997615331644],[80.59686863521449,7.26012869085518],[80.59689769388079,7.260145706854148],[80.59715953794026,7.260299086910733],[80.59740933904445,7.260478631692312],[80.59741004702684,7.26047914199823],[80.59765340547587,7.26065503434261],[80.59788462247896,7.260845118436514],[80.5979876970276,7.260934334969899],[80.5981152020126,7.261044697345338],[80.59837185461187,7.261266262733036],[80.59860841368548,7.261460510164195],[80.59877605875376,7.261645777918613],[80.59902997997158,7.261903873902457],[80.59919572939286,7.262081273330485],[80.59921980033683,7.262109445430402],[80.59925176096296,7.262146855348917],[80.59925178087755,7.26214687796425],[80.5992847860942,7.262185536226095],[80.59942700766943,7.262352110024939],[80.59955536284095,7.262504263790757],[80.5997011915704,7.262671074934377],[80.5998153245974,7.262834073822205],[80.5999339950835,7.262977814603709],[80.59996986301452,7.26302819640812],[80.5999739514229,7.263033940320468],[80.60006143543063,7.26315682566975],[80.60015303050928,7.26329250667593],[80.6001591407153,7.263301703095778],[80.60025141200676,7.263440578342879],[80.60033258258271,7.263604470421373],[80.60035448945408,7.263646119353035],[80.60040931999501,7.263750364235288],[80.60050606795124,7.263917064757976],[80.60059304677603,7.264091650614273],[80.60059511087297,7.264095789503714],[80.60069139915316,7.264259550825322],[80.6007131249792,7.264296499103679],[80.60082613929123,7.264546220857803],[80.60093286398792,7.264759197423216],[80.6009828695894,7.264858989392967],[80.60098762468594,7.264869079633571],[80.60102526189853,7.264948931461372],[80.60120060709723,7.265320969698146],[80.60129595448801,7.265523271012654],[80.60134798563554,7.265633666674914],[80.60153762845943,7.266028825182862],[80.60158735642645,7.266137677189622],[80.6015919215186,7.266145038164846],[80.60160549664272,7.266166360525262],[80.60166425004242,7.266279872255945],[80.60171094510164,7.266370089017427],[80.60178791872141,7.266483528168807],[80.6018001883078,7.266501609904092],[80.601901387653,7.266625809615406],[80.60197344010412,7.266716086743958],[80.60201539695022,7.266761977250763],[80.60202612401422,7.266773710181419],[80.60204106131049,7.266790120879836],[80.60212171783965,7.266878736470689],[80.6022240386257,7.266981478341293],[80.60222406487824,7.266981505480446],[80.60225406913644,7.267011629378567],[80.60236957872952,7.267132669421408],[80.60247721519242,7.267238876755339],[80.60261798764517,7.267372857047368],[80.60267456942024,7.267428341419937],[80.60311664862525,7.267861844281468],[80.60320701563097,7.267950457967979],[80.60325317051462,7.267995716954182],[80.60335778490563,7.268098300293819],[80.60362634079694,7.268361276263756],[80.6038261759356,7.268556959371254],[80.60394080296201,7.268671921773495],[80.60395137750153,7.268682525127581],[80.6041318844625,7.268848993581944],[80.60419345519436,7.268905774626393],[80.60436752289141,7.269066301987671],[80.60449697402899,7.268565050790992],[80.60452193894011,7.268468390276828],[80.604603648821,7.268327532655309],[80.60467159891105,7.268231245609427],[80.6047540864197,7.268176847745934],[80.60483987817958,7.268130518402708],[80.60492842112194,7.268062900984082],[80.6050032428301,7.267978905958907],[80.60505864780913,7.267904935922975],[80.60512959927101,7.267769582242349],[80.60518275387565,7.267637823670388],[80.60534806529137,7.267342594052073],[80.60541107544178,7.267225745694152],[80.60439139132947,7.266926056742864],[80.60445945954706,7.266794914312086],[80.6048630000344,7.265994468676834],[80.60482290853393,7.265972459965155],[80.60479771949413,7.265958634498266],[80.60468814940546,7.265930830943313],[80.60463500239884,7.265897259378038],[80.60462161216441,7.265894278247683],[80.6046206622521,7.26589406628115],[80.60454997210451,7.265878328152802],[80.60452651843592,7.265873526463329],[80.604375753418,7.265829690213064],[80.60437049779591,7.26582816175705],[80.6043318391634,7.26580101800946],[80.60430232506734,7.265779664361838],[80.60426737791313,7.265754242000808],[80.60423777392795,7.2657263773337],[80.60420328254,7.265690825139121],[80.60418264555746,7.265661698751624],[80.60416418200003,7.265635104332222],[80.60413513070543,7.265585176684894],[80.60412056173196,7.265552707581714],[80.60410645091757,7.265508571335281],[80.60410492435234,7.265474478534125],[80.60410575512054,7.265435594726656],[80.60411673409548,7.265382786698091],[80.60412834059761,7.265339655853373],[80.60414302484665,7.265307196951627],[80.60416250752975,7.265273473846544],[80.60417958269886,7.265257411768104],[80.60407044354308,7.26514730942684],[80.60405415422218,7.265144947531049],[80.603967787598,7.265106502642873],[80.60395228845246,7.265102891297039],[80.60382291861815,7.265062228963608],[80.60374098886558,7.265020824128088],[80.60363950000533,7.264978466835452],[80.60363036265497,7.26478079719833],[80.60345706195656,7.264762769919911],[80.60338379802882,7.26453450677758],[80.60337756866792,7.264524084119509],[80.60337550156686,7.264520624372543],[80.60336997274545,7.264506528702818],[80.60331647044228,7.264389193076576],[80.60331333170713,7.264379397374036],[80.60327617703265,7.264282430167652],[80.60319162961343,7.264079429818224],[80.60319854065101,7.263962711357908],[80.60321307851743,7.263891587146407],[80.60318310098273,7.263836957614561],[80.60315075348176,7.263820133370825],[80.60306133042207,7.263737606899896],[80.60300200944982,7.263684800074878],[80.6029397828509,7.263592960606625],[80.60289072312794,7.263519630011404],[80.60288063064482,7.263452008706151],[80.6028194510338,7.263279775277965],[80.6026114385498,7.262955898239212],[80.60259861098851,7.262940638640472],[80.6025730210444,7.262910192715472],[80.60236114801218,7.26269300465751],[80.60233898273269,7.262651787975485],[80.60211404046528,7.262377369595942],[80.6020853878041,7.262339887895263],[80.6018958133801,7.262082292174521],[80.60187364421164,7.262053695921405],[80.60173617635408,7.261861058163521],[80.60173292605623,7.261840106925472],[80.60168133505452,7.26150758932855],[80.60168209339841,7.261501991080496],[80.60169320898326,7.261433566749611],[80.60169350051521,7.261431411907729],[80.60170802287273,7.261377384486828],[80.60171252091932,7.261370629265496],[80.60176107912899,7.26129448302552],[80.60178749556691,7.26124087886885],[80.60181087587947,7.261176884909696],[80.60186803160293,7.26109444077933],[80.60188342611706,7.261082468299109],[80.60189597646406,7.2610742927979],[80.60190263400209,7.26106851595607],[80.60192929546193,7.261044062996771],[80.60193830525026,7.261034929381131],[80.6019635373589,7.261006550290963],[80.60197187081526,7.260999356144767],[80.60197638455229,7.260994165370817],[80.60200099469942,7.260965278725469],[80.60203927946766,7.260922410475235],[80.60204024569136,7.260917862201997],[80.60206049392022,7.260873824993312],[80.60206425250132,7.260870666801695],[80.60208689818448,7.260835215965377],[80.60208856323322,7.260796174224659],[80.60208926138007,7.260789316258355],[80.60209520175749,7.260755087955414],[80.60211496882013,7.260718824852394],[80.60216918874637,7.260685031961951],[80.60222660887865,7.260661176774524],[80.6022366842,7.260660022227201],[80.60224673325763,7.260658870382468],[80.60225925744749,7.260657436439987],[80.6022742332241,7.260655719486183],[80.602352961988,7.260649106661908],[80.60236757550635,7.26064742845118],[80.6024730625395,7.260635308708594],[80.6025154939048,7.260628079684387],[80.60263680687986,7.260600579247168],[80.60267357301309,7.260578539172534],[80.60266660722478,7.260564017016838],[80.60264308404625,7.260505137884336],[80.60263979869632,7.260495201953317],[80.6026286744615,7.260461552195243],[80.6026105200138,7.26040664681486],[80.60252053928284,7.26031147877625],[80.60237774641854,7.26002060019779],[80.6021650440245,7.25971956746562],[80.6021514331019,7.259662254746905],[80.60214904526599,7.259652207023178],[80.60213652293075,7.259599479538372],[80.60209325624028,7.259417321818434],[80.60215711679619,7.259311295083021],[80.60217486529888,7.259281827036904],[80.60222438003912,7.259199615939401],[80.60227430378822,7.259195917494353],[80.60239990829957,7.259186616047671],[80.60245917542774,7.259182227561587],[80.60249163319797,7.259179823694542],[80.60253305706863,7.259121554505825],[80.60265192015073,7.258954351843557],[80.60271723133428,7.258890701223702],[80.60271771148433,7.258890231169684],[80.60271832557564,7.258889990859894],[80.6027213136121,7.258888815504227],[80.60275536970502,7.258874721397791],[80.60278508434776,7.258848779257653],[80.60280945412126,7.258825187165038],[80.6028355472766,7.258794450830346],[80.60285982988532,7.258764346814411],[80.60287750067874,7.258731889082628],[80.6028865799183,7.258709133953606],[80.60289164166724,7.258696445801036],[80.60290931288145,7.258667604376367],[80.60293486130321,7.258638043421445],[80.6029687419937,7.258606587514527],[80.60300325654353,7.258580013275536],[80.60304193713206,7.25855036780178],[80.60305945866034,7.258536365024598],[80.60308061820083,7.258519454491698],[80.60309955791732,7.258498308258904],[80.6031007706461,7.258497976842365],[80.603101388929,7.258493880584838],[80.6031079834544,7.258477505266015],[80.6031088963968,7.258472523808063],[80.60311215794538,7.258454719322656],[80.60311209588278,7.258422844420034],[80.6031120823339,7.258415652491566],[80.60310811367032,7.258373872169703],[80.60310178864191,7.258336794229593],[80.60309310835751,7.258301522188402],[80.60308218736715,7.258285827456226],[80.60307120392456,7.258270044982519],[80.60304793954583,7.25824733718898],[80.60301924439035,7.258214862655222],[80.60299254280964,7.258179133389328],[80.60297009479224,7.258150637458814],[80.60294891579662,7.258119070093871],[80.60293702516476,7.258090903742586],[80.60293398691066,7.258083706137351],[80.60292258859165,7.258051689450672],[80.60291056809642,7.257989016647521],[80.6028997174481,7.257936304286305],[80.60289682852068,7.257922273822842],[80.60289683725112,7.257899484481125],[80.60290300486659,7.257874618498933],[80.60292828997883,7.257823083778055],[80.60293636635514,7.257782302787746],[80.60293602105617,7.257740433417146],[80.60292480760639,7.257698649421805],[80.60291358608706,7.25767793749662],[80.6028933090801,7.257655865657295],[80.60285166298135,7.257625735545654],[80.60280917402935,7.257597301580991],[80.60280042002042,7.25759144287205],[80.60278825539841,7.257583536421188],[80.60275768450015,7.257563664428252],[80.602703538803,7.25753723897652],[80.60265392354619,7.257511559492943],[80.60250788008662,7.257435971681151],[80.60241833367775,7.257385749467957],[80.60239703976822,7.257370621361866],[80.60235414594435,7.257340147092396],[80.60230290621168,7.257290571640953],[80.60227068600841,7.257245434560945],[80.60225675009161,7.257213869036756],[80.60225096896103,7.257177965983245],[80.60225415768289,7.257128230529426],[80.6022669441609,7.257082658549541],[80.60229005255975,7.25704206328889],[80.60230871565706,7.257017203912111],[80.60232937389526,7.256994422483519],[80.60242901925346,7.256915514985388],[80.60253464382568,7.256832992539946],[80.60258618741197,7.256796297553458],[80.60263211089135,7.256768915638765],[80.60269777736413,7.256741449030002],[80.6027641644299,7.256726462976063],[80.60277661473727,7.256723758442223],[80.60282750096125,7.256712710120682],[80.60283525896796,7.256711026559301],[80.6028910450354,7.2567056211463],[80.60290209492051,7.256703869209724],[80.60296159639049,7.256694435631711],[80.60305496861565,7.256679097211179],[80.60313457422225,7.25667243664072],[80.6032112794148,7.256669933841251],[80.60327059908556,7.256664621063193],[80.60331425025689,7.256658849251756],[80.6033465834176,7.256650271593198],[80.60338172694675,7.25663617694407],[80.60341043773629,7.256625156282372],[80.60343127275878,7.256608795422225],[80.60344069899612,7.25658782007938],[80.6034388524635,7.256568889595734],[80.60343871444795,7.256567472499941],[80.60343161764537,7.256561746462416]]]]}},{"type":"Feature","properties":{"GND_N":"Uda Peradeniya","GND_NO":"249","GND_C":"310","PROVINCE_N":"CENTRAL","PROVINCE_C":"2","DISTRICT_N":"KANDY","DISTRICT_C":"1","DSD_N":"GANGAWATA KORALE","DSD_C":"30","Admin_Code":"2130310","GND_NO_Cen":"249","GND_NAME_C":"Uda Peradeniya","GND_NO_Gaz":"249","GND_NAME_G":"උඩ පේරාද","shape_1":"Polygon","Area__Ha_":451.757672892,"MWS_ID":"127-2","Alt_MWS":null,"Total_Pop":2997.0,"Density":663.408765326,"Area_Sqkm":4.51757672892},"geometry":{"type":"MultiPolygon","coordinates":[[[[80.60537277550854,7.265027599477851],[80.60543436303064,7.265015052873688],[80.60546700980086,7.265026439496155],[80.60549690929606,7.26503686832901],[80.6055080695404,7.265040762843785],[80.60556295028755,7.265092400221788],[80.60560258226586,7.26512969141641],[80.605672657487,7.265181263060425],[80.60568446843153,7.265188731621378],[80.60570588657774,7.265202275286707],[80.60573469641278,7.265220493360702],[80.60573682138721,7.265221837049939],[80.60575006920389,7.265230214974181],[80.60581471888986,7.265257820525646],[80.60582888579046,7.26525930800395],[80.6058301463584,7.265259440506061],[80.60588127995948,7.265264809581176],[80.60593924040336,7.26526456006746],[80.6060161892108,7.265261092931991],[80.60603677693564,7.265260165612689],[80.60610714698198,7.265245632748156],[80.60615199041746,7.265207034930274],[80.60615047413165,7.265147621650193],[80.60614802805007,7.265142841490749],[80.60612984126524,7.265107282896182],[80.60609371779086,7.265076703896474],[80.60606762973445,7.265069428029495],[80.6060310557483,7.26505922642099],[80.60597074908073,7.265042112447117],[80.60595380239036,7.265029828359321],[80.60591009029143,7.264998141436505],[80.60590268855422,7.264931218420509],[80.60592079889842,7.264878757560977],[80.60592263296147,7.264873441852287],[80.60593380254255,7.26479486211188],[80.60592242698566,7.264701443331482],[80.60589945787328,7.264610100091862],[80.60587209564218,7.264557179037785],[80.60586742426378,7.264548142390367],[80.60581909240472,7.264471530659408],[80.60577111597266,7.264415446736864],[80.60570282789052,7.264365595765377],[80.6056864643206,7.264353650096647],[80.60562408050987,7.264316732868512],[80.60559320870571,7.264288776476608],[80.60558462846437,7.264229994451677],[80.60558716800426,7.26420787886723],[80.60559407881884,7.264147705524356],[80.60562206308201,7.264100023111369],[80.60562608025192,7.264093178144383],[80.60563440366855,7.264078994569607],[80.60573621681311,7.264022694785442],[80.60576793150405,7.264015238071327],[80.60580380332993,7.264006803557391],[80.60581455935232,7.264004275551745],[80.60582416168096,7.263984775151758],[80.60585561507351,7.26392091423609],[80.60584985990839,7.263812757422531],[80.60584500590836,7.263714005699392],[80.60583984103137,7.263675997707472],[80.60583610757688,7.263648536236243],[80.60583019583066,7.263605032513434],[80.60584960753803,7.263521210909741],[80.60587130372471,7.263488852244918],[80.60589300987505,7.263456480018145],[80.60600052792005,7.263403345564748],[80.60603742014402,7.263400186214164],[80.60608586201695,7.263396038269855],[80.60613302240561,7.263392001068892],[80.6061488228727,7.263391351376251],[80.60628362810186,7.263385818754988],[80.60634995390885,7.263369885372126],[80.60636094088586,7.263367247114618],[80.60642645699714,7.263351507842261],[80.60653830394872,7.263322064005786],[80.606574990311,7.263312406211751],[80.60666819314132,7.263283657105737],[80.6066730803911,7.263282149651363],[80.60667874035192,7.263280045645771],[80.60676548384477,7.263247791737867],[80.60676644211604,7.263247435800568],[80.60679091788839,7.263238334997335],[80.60687631636482,7.263230702932002],[80.60693572742514,7.263225392442094],[80.60693913083006,7.263225088058314],[80.6069440611482,7.263224647694795],[80.60697756057193,7.263246633863313],[80.60697985099863,7.263248697433824],[80.6069929734223,7.263260524287253],[80.60701817445272,7.263283237128126],[80.60703317720127,7.263296758441973],[80.60703329579655,7.26329686519401],[80.60703402819018,7.263297524704327],[80.6070368166852,7.263292379355472],[80.60708115616609,7.263210636943536],[80.60722652295269,7.263126597281866],[80.60736264053006,7.263076881477143],[80.60753713747819,7.262914246004166],[80.60750661994093,7.262883326470337],[80.60745286589274,7.262724718811085],[80.6075639384217,7.262602775059535],[80.60767944550193,7.262539580082578],[80.60775137257981,7.262420931480147],[80.6076714385401,7.262266285815564],[80.6076755974009,7.262180455418649],[80.6076751908645,7.262175374891886],[80.60764456302822,7.262078478265381],[80.607642139609,7.26207363843777],[80.60755858539466,7.2620054400854],[80.60746641729072,7.261994822734799],[80.6073703726169,7.261956615438821],[80.6073555949678,7.26191999741074],[80.60731230678758,7.261619472276397],[80.60734778166965,7.261528776636573],[80.60742114627654,7.261501222700121],[80.60751806571366,7.261447090094031],[80.60755497051528,7.261426756092947],[80.60763418951382,7.261383109508814],[80.6076548562513,7.261368953992941],[80.60780231335981,7.261267963736312],[80.60786609232403,7.261212871939554],[80.60803075764498,7.261070636389411],[80.60820835909243,7.260917227475352],[80.60824810628851,7.260882895853282],[80.60832818166828,7.260827491708664],[80.60842130156514,7.260766756081673],[80.60851206940669,7.260696706144995],[80.60859631208987,7.260639495789709],[80.60864884208576,7.260607044380165],[80.60867194760036,7.260592770349006],[80.60870216792249,7.260562855400693],[80.60886579049001,7.260305333127537],[80.60896489632248,7.260153839183038],[80.6091018414595,7.260023215106629],[80.60934412547282,7.259863668531367],[80.60972276742523,7.25970110720879],[80.60948673845853,7.259355088276306],[80.60952126495555,7.259334562425629],[80.60960440291379,7.25925880329748],[80.60956649190219,7.259186685640153],[80.60952472493956,7.259111840087907],[80.60946287019551,7.259072992894403],[80.60936366602984,7.258858766718252],[80.60926312133186,7.258790207036577],[80.60921630153783,7.258574592103537],[80.6091188094085,7.258416143941989],[80.60912955153522,7.258365015867657],[80.60927362851092,7.258261621111818],[80.6092847683943,7.258278617073167],[80.60933845142775,7.258362563419636],[80.60940455363918,7.258449721890944],[80.60941090562574,7.258461762314328],[80.60946094341355,7.258563551022416],[80.60950672156723,7.258635034046137],[80.60955409951697,7.258680617497368],[80.60963975941668,7.258757427940759],[80.60970049918673,7.258831122035128],[80.60974417023408,7.25889230243692],[80.60988088865365,7.259039171682391],[80.60993296266102,7.2591082460996],[80.6099925466884,7.25915561093664],[80.6100450224192,7.259122227905022],[80.61012036387814,7.259076141445928],[80.61012356997885,7.259072961280181],[80.61019107759367,7.259042641184744],[80.61019589418154,7.259041045947589],[80.61030133647208,7.259023508482484],[80.6104040143642,7.259017182441297],[80.61064572382463,7.258984677819773],[80.61075348628006,7.258900198219608],[80.61085192318151,7.258653625116532],[80.6110988518932,7.25845357459881],[80.61130486164448,7.258362823995611],[80.61145539793635,7.258293867668938],[80.61158070379511,7.258166022929953],[80.61163348902039,7.257816484434014],[80.61163687331856,7.257627113636221],[80.61165157669296,7.257388017478027],[80.6116610820715,7.257153438236609],[80.61172239588905,7.256896472749887],[80.61198990999047,7.25687426680841],[80.61199968579838,7.256867172467074],[80.61210417152276,7.256828790023819],[80.61212757352556,7.256820194037772],[80.61236385025279,7.256804274148217],[80.61245984703784,7.256822903094569],[80.61250810215267,7.256832268293828],[80.61264402925558,7.256841722976275],[80.61273649012988,7.256844107487157],[80.61276643352429,7.256842325944311],[80.61289216607294,7.256834849219606],[80.61303408000238,7.256814463014112],[80.6131189339698,7.256778795228893],[80.61325870364682,7.256720043097022],[80.61328846496666,7.256700766794546],[80.61336394979445,7.256651871965092],[80.61336404943384,7.256651806890998],[80.6134572610122,7.256578681258762],[80.61365064736562,7.256467340361744],[80.61382905584537,7.256449589457942],[80.6139425606328,7.256119564617189],[80.61380444804611,7.255997839328855],[80.61373571755612,7.2558594589631],[80.61370376291828,7.255725010106133],[80.61369869758789,7.255627566848106],[80.61405533085328,7.255235960868268],[80.61451639963045,7.254861817742692],[80.6145801538433,7.254643015199137],[80.61458461858123,7.254632445477097],[80.61461731650591,7.254463658858314],[80.61461270037422,7.254271777500131],[80.61461172498862,7.254228828145078],[80.61461117401088,7.254204518452375],[80.61459372407049,7.253996666133431],[80.61459335803497,7.253979404650726],[80.61452771280528,7.253816084791422],[80.61430948090295,7.253679647929093],[80.61405007094415,7.253515292151065],[80.61399483714517,7.253216716492302],[80.61389037138483,7.252848619331322],[80.61418786358607,7.252267079133847],[80.61467947259227,7.251850707490928],[80.61468609036055,7.251851499302619],[80.61483237401194,7.251869014334226],[80.61492365481506,7.251871398864039],[80.61494602127077,7.251873391756027],[80.61505106818363,7.251882747907421],[80.6151280462158,7.251874636488721],[80.61531896274117,7.251823520576902],[80.61545952140766,7.251774342767002],[80.61563061578946,7.251714480510027],[80.61578848031864,7.251654762723505],[80.61582706269826,7.251642721076939],[80.61588022667776,7.251626129596943],[80.61597641406269,7.251587186240023],[80.61612967564496,7.251485777387875],[80.61621781675339,7.251408581793504],[80.61628793384732,7.251341779329875],[80.6163554173792,7.251290619483544],[80.61636542290168,7.251278724173166],[80.61641131566168,7.25122417100246],[80.61647342584946,7.251259010371745],[80.61648235247301,7.251263478061181],[80.61649156068475,7.251268087825207],[80.61652476457475,7.251284708856431],[80.61658352186413,7.25133102988479],[80.61662639690687,7.251346628827752],[80.61670394794456,7.251374841426688],[80.61678978100238,7.251396779241659],[80.61680101925621,7.251399653448465],[80.61699137483303,7.2514000810563],[80.61699216268332,7.251400115696135],[80.61717683672093,7.251407923068232],[80.61722060830826,7.251408098459188],[80.61728825752941,7.251408370825771],[80.61730044855312,7.251408418499181],[80.61743710823963,7.251403391352684],[80.61749279815963,7.251401341775292],[80.61755800842471,7.251378938728061],[80.61762448925137,7.251351289342677],[80.61778404864667,7.251364096635971],[80.6177899619123,7.251364756128256],[80.61797023049235,7.251384869220026],[80.61797854866316,7.251386501674938],[80.61805987767232,7.251402444858343],[80.61813096184159,7.251412959540163],[80.61814409506265,7.251414501429401],[80.61826076095414,7.251428206064506],[80.61840815314274,7.251445520480171],[80.61849825734585,7.251448445560061],[80.61856924983398,7.251464838118752],[80.61872405147379,7.251479854455174],[80.61872455405883,7.25147990346192],[80.61893609944943,7.251478077749343],[80.61906387999598,7.251475227315472],[80.61912477703783,7.251470631915549],[80.61922009733533,7.251463434971996],[80.61941889370509,7.251404454410761],[80.61951848572424,7.251373491052463],[80.61954324538402,7.251365791307534],[80.6196790961464,7.251329937285814],[80.6197472417265,7.251306339443817],[80.6197818022318,7.251294372034204],[80.61981658191411,7.251282328735884],[80.61997389717557,7.251237800697308],[80.6200438156139,7.251214945853932],[80.62004660775197,7.251214343643342],[80.62018011778198,7.251185511491428],[80.62025546715081,7.251172787592907],[80.62037058383855,7.251185778562873],[80.62037282689484,7.251186031633617],[80.6206087143792,7.251239556008516],[80.62073884640228,7.251242765650753],[80.62086146208337,7.25125112721837],[80.62092748522711,7.251252960220024],[80.62093073716625,7.251253049953976],[80.62095835396693,7.251263729283652],[80.62102843513804,7.251297032541848],[80.62107564501434,7.251329597297562],[80.62109742562365,7.251344622519623],[80.6211531985343,7.251375206149201],[80.62117799194988,7.25140108404737],[80.6211918533789,7.2514155513181],[80.62129118083874,7.251464033320399],[80.62133201519516,7.251483966361358],[80.62140264352463,7.251506324954996],[80.62145824200384,7.251517466851058],[80.62148203624275,7.251528431510912],[80.6215059608664,7.251539458610959],[80.62156201607043,7.251539115081625],[80.62165429662126,7.251536253635037],[80.62171950270152,7.251525605036904],[80.62183236580373,7.251444798624411],[80.621902478396,7.251388846023453],[80.6220465867296,7.251292795464658],[80.6220896146898,7.251264115592717],[80.62214034294091,7.251227236289573],[80.62228434686473,7.251174293803504],[80.62232891843931,7.251144092487383],[80.62233797097808,7.25113795894624],[80.62233946721986,7.251137343622067],[80.62240847185987,7.251108956473007],[80.62241857964229,7.251104798288281],[80.62246471696713,7.251093255999706],[80.62253209667597,7.251076398161384],[80.62254492089997,7.251073190412745],[80.62260387621774,7.251068778365791],[80.62262559137534,7.251057959380196],[80.62267588268024,7.251032902742567],[80.62272824140324,7.250983906245266],[80.62276021262578,7.250972253333933],[80.62278774308041,7.250973256467579],[80.62284976833025,7.250992900825334],[80.62290466455525,7.251018595276678],[80.62291124895127,7.251021678464637],[80.62301763149664,7.251090260638383],[80.62307285937122,7.251128802633357],[80.62317743652427,7.251183095248582],[80.62324579600119,7.251222727718201],[80.62326908848333,7.251233959790262],[80.62327556601178,7.251237083630732],[80.62346817247646,7.251329962647008],[80.62353028213458,7.251370767663325],[80.62361216613489,7.251406550481388],[80.62370838442452,7.251448597694581],[80.62375374817739,7.251467241599165],[80.62394337273136,7.251482044490433],[80.62409234296867,7.25148516996585],[80.62418360667894,7.251484549435088],[80.62420635695162,7.251484393373255],[80.62427961971792,7.251479987708252],[80.62434780344074,7.251466262380275],[80.62436484054021,7.251462834434866],[80.62446202379397,7.251427959873565],[80.62451518858677,7.251405281408287],[80.62465819230378,7.251374671437619],[80.6246816002118,7.251371263692787],[80.62483044197059,7.251349590143312],[80.6248876785313,7.251342373883783],[80.6250031540174,7.251303889892496],[80.62508195035215,7.251273711455892],[80.62515488344225,7.251253026251081],[80.62516029122652,7.251251492541305],[80.62521182147287,7.251244817829107],[80.62524598809654,7.251232280158279],[80.6253309798723,7.251201098151225],[80.62538788951353,7.251180218583913],[80.62544839167526,7.251156456375402],[80.62548206043132,7.251148700483038],[80.62550445192858,7.251143542528963],[80.6255817898113,7.251139046670546],[80.62561572188282,7.251140082503319],[80.62565966876068,7.251141423692112],[80.62571737170748,7.251155866477649],[80.62573310591168,7.2511598054169],[80.62580998749529,7.251171315557157],[80.62588787698472,7.251196519900429],[80.62595405122914,7.251217934935194],[80.62602852260832,7.251244445747691],[80.62603917198439,7.251248237401465],[80.62767437486235,7.250990184005317],[80.62769369840835,7.250987134681512],[80.62741733640166,7.249231307070962],[80.6273877354418,7.249162713103295],[80.62721618767179,7.247109315652271],[80.62718620248377,7.247075045330154],[80.62717333315929,7.246896481630427],[80.62713411535684,7.245206147840766],[80.62713749487814,7.245132110807829],[80.62719099331858,7.243899433455098],[80.62717068127365,7.243789315025779],[80.62717195208573,7.24372234082088],[80.62715193009126,7.243614200199843],[80.6273634574716,7.242539404668778],[80.62810925163586,7.240439416378769],[80.6286552001906,7.238508284120803],[80.62792864698072,7.238268423250719],[80.62786274847801,7.238289824746797],[80.62772689599716,7.238292189482094],[80.6276714678768,7.238321058502216],[80.62638980352581,7.238610672215699],[80.62607787720476,7.238679971137906],[80.62603837484934,7.238701367515333],[80.62595459553708,7.238745536842852],[80.62592670766642,7.238754085969972],[80.6252374577192,7.238894622688292],[80.62512356295946,7.238927566672213],[80.62499540660136,7.238954617051833],[80.62496958487178,7.238956001998955],[80.6249242623659,7.238958433068648],[80.6248656649786,7.238961493633938],[80.62433604855373,7.238968747744926],[80.62428110438803,7.23896316791755],[80.62424670271734,7.238950190500146],[80.6241847182053,7.238937972519472],[80.62416403904511,7.238931644515129],[80.62415898843733,7.238929762776695],[80.62415496368925,7.238933715051882],[80.62408141168456,7.238996539641371],[80.6240620283568,7.239009193424895],[80.62384114837896,7.239047190707284],[80.62377929816573,7.239047621228321],[80.62346173079914,7.239005554929276],[80.62327339765986,7.238933509872655],[80.62322052145738,7.238907539443473],[80.62314246956875,7.23888454293273],[80.62311169806222,7.238872404942669],[80.6230724787669,7.238856937168583],[80.62300792444738,7.238825550518163],[80.62296210770849,7.238803274714062],[80.62287012204729,7.238747810727189],[80.62281842312423,7.238721837936039],[80.62281576451124,7.238721474413088],[80.62275422070591,7.238713045424785],[80.62270160648268,7.238718544832254],[80.62266040849295,7.238732690529305],[80.6226489880028,7.238736612260474],[80.62258630507314,7.238786780008014],[80.6225153070934,7.238794623471616],[80.62247285056957,7.238880269393899],[80.62246963452237,7.238886757597971],[80.62237688307626,7.238953283066451],[80.62222362663258,7.239053517696435],[80.62213949007088,7.239081794843787],[80.62205462111714,7.239133400981628],[80.62200815202699,7.239173445928678],[80.62188682653262,7.239252469043232],[80.6217525449172,7.239339933026059],[80.62169784043603,7.239364421101177],[80.62167130568297,7.23936938485648],[80.6216234829151,7.239398216828134],[80.62157584083106,7.239422978580381],[80.62145440398693,7.239427187502913],[80.62134030312635,7.239423441009741],[80.62127754783579,7.239424956951595],[80.62121505223475,7.239456224598865],[80.62114830703251,7.239470941107569],[80.62109849428921,7.239490367575389],[80.62109613894496,7.23949027543722],[80.620985194074,7.239488867558989],[80.62086196073489,7.239487302628519],[80.6207876153456,7.239485468615765],[80.62076044500002,7.239492693766468],[80.62071424984926,7.239525685094709],[80.62069715080757,7.239539336057208],[80.61985015898736,7.238840916073432],[80.61946988087534,7.238476825143975],[80.61936082025944,7.238406112517162],[80.61923213315225,7.238359689949705],[80.61917801890057,7.238324560735659],[80.61874548279505,7.237954883364561],[80.61823061458679,7.237886986880467],[80.61747705934492,7.237827070269843],[80.61662984929245,7.237082475063922],[80.61618155608153,7.236368868256579],[80.61561378817674,7.23675402765461],[80.61490614980602,7.237221400424986],[80.61446067197333,7.237701220864181],[80.61401765769244,7.238336771085352],[80.61344455297737,7.239182788223202],[80.61284513368645,7.240102507670646],[80.61231859243021,7.241211627396819],[80.61181219851724,7.242273001001891],[80.61139619684958,7.243288480735456],[80.61085792471543,7.244114454782962],[80.61051061019319,7.244868884138802],[80.61000150363738,7.245888646457263],[80.60931801087425,7.246770750626744],[80.60868987036162,7.246405249411174],[80.60820063798872,7.245906490763826],[80.60725701464253,7.245652848091949],[80.60601371439816,7.244439621334291],[80.60544333963537,7.244099275195577],[80.60274178633368,7.248434902791209],[80.60223719699094,7.249457332433735],[80.60214106063646,7.250400860328913],[80.60182684991327,7.251549252171277],[80.60178742097547,7.251651667474342],[80.60177913897726,7.251678532051356],[80.60166500842503,7.252221392157948],[80.60165825637175,7.252261256680801],[80.60160625056545,7.252556032347226],[80.60158624283986,7.252620747452324],[80.60157903732234,7.25265996250878],[80.60147853727024,7.253026742736623],[80.60147575525924,7.253057330630448],[80.60147302291773,7.253111736988761],[80.60146707526121,7.253157958164217],[80.60145088399264,7.253224136987992],[80.60136158246189,7.253571642644262],[80.60133054299212,7.253773957700221],[80.60133072950045,7.253804544022468],[80.60132210697898,7.254302397640293],[80.60132207561244,7.254334358418887],[80.60125259005703,7.254498911219672],[80.60124135000214,7.254507803422649],[80.60121163503602,7.254537453114501],[80.60119876957657,7.254555352454503],[80.60119405139307,7.254578863424362],[80.60119385013319,7.254630950310111],[80.60119799184609,7.254693078445053],[80.60120529824768,7.254767866236896],[80.60120653600953,7.254845637697982],[80.60120895335385,7.254917439403581],[80.60167240645295,7.255043843218886],[80.60177788276783,7.255060875625587],[80.60188486489022,7.255050231480376],[80.60190300744092,7.255045927634497],[80.60191025457164,7.255042137769691],[80.60204320622289,7.255008562289247],[80.60204677021466,7.255004979902927],[80.60210480221244,7.254984782850164],[80.60221976603007,7.254953458462272],[80.60232691665486,7.254902495914194],[80.60234506117486,7.254895397753946],[80.60251186701373,7.254830132940158],[80.60255896324335,7.254839988876613],[80.60281702906538,7.254894003003801],[80.60307510091809,7.254948992731263],[80.60309711676942,7.254961045544861],[80.60329261026685,7.255068067499574],[80.6033311507037,7.25508916691775],[80.60335414123016,7.255119559362037],[80.60338374312661,7.255148599676335],[80.603416333494,7.255177639317932],[80.60345372445583,7.255204240069842],[80.60348631779918,7.255225504507567],[80.60352735585627,7.255246699811807],[80.60352959676548,7.255247856364088],[80.60356092479945,7.255262518900756],[80.60361081804804,7.255278271851322],[80.60368171463026,7.255306333115167],[80.60370454413915,7.25531971734372],[80.60377632921403,7.255361802867045],[80.60382345479628,7.255389921995627],[80.60386125395428,7.255412475207931],[80.60386620655743,7.255415126697462],[80.60391611196455,7.255441833446099],[80.60399670360952,7.255484962227256],[80.60411097498844,7.255548011101155],[80.60411150917837,7.255548306106612],[80.60418041089916,7.255588032050795],[80.60419070151009,7.255594354318916],[80.6042351858132,7.255621692895006],[80.60424732801708,7.255631331039614],[80.60428887152365,7.255664305923383],[80.6043480798062,7.255711080832399],[80.60439492322281,7.25575031458863],[80.60440176464536,7.255756045036161],[80.60442246751718,7.255777479437071],[80.60444947087191,7.255805438057468],[80.60447228248394,7.255830314128534],[80.60449626639874,7.255868304849384],[80.60451644334336,7.255915426688282],[80.60453055323471,7.255961370636801],[80.6045351552117,7.256005050229793],[80.60452952438192,7.256047549452954],[80.60451556270274,7.256088329156372],[80.6044942669965,7.256128019111528],[80.60446400493427,7.256163005103438],[80.60442595992664,7.256193827447391],[80.60441835127601,7.256198111869262],[80.60438601360029,7.256216329477351],[80.6043617991232,7.256229816131357],[80.60433474589888,7.256244885143977],[80.60426907821842,7.256275968302434],[80.604058770959,7.25635022320706],[80.60391620943197,7.256401262239707],[80.60388043178781,7.256418339082637],[80.60387667268657,7.256420616499412],[80.60385461627418,7.256433974629823],[80.60382662384329,7.25645874190761],[80.60380469757605,7.256487037366903],[80.60378268529418,7.256503397797387],[80.60376167502224,7.256511529447529],[80.60374627485515,7.256517491092325],[80.60372888500889,7.256521282556717],[80.60370262210722,7.256525070647441],[80.60367319118714,7.25652234654835],[80.60363542987298,7.256519076697439],[80.6035964889958,7.256519423607855],[80.603556368555,7.256523386375011],[80.60352032051938,7.256537028542173],[80.60349667935634,7.256550221468497],[80.60346081502593,7.256557081426123],[80.60344361007468,7.256555719325467],[80.60343262190631,7.256554757484714],[80.60342178496744,7.256553810170124],[80.60343161764537,7.256561746462416],[80.60343871444795,7.256567472499941],[80.6034388524635,7.256568889595734],[80.60344069899612,7.25658782007938],[80.60343127275878,7.256608795422225],[80.60341043773629,7.256625156282372],[80.60338172694675,7.25663617694407],[80.6033465834176,7.256650271593198],[80.60331425025689,7.256658849251756],[80.60327059908556,7.256664621063193],[80.6032112794148,7.256669933841251],[80.60313457422225,7.25667243664072],[80.60305496861565,7.256679097211179],[80.60296159639049,7.256694435631711],[80.60290209492051,7.256703869209724],[80.6028910450354,7.2567056211463],[80.60283525896796,7.256711026559301],[80.60282750096125,7.256712710120682],[80.60277661473727,7.256723758442223],[80.6027641644299,7.256726462976063],[80.60269777736413,7.256741449030002],[80.60263211089135,7.256768915638765],[80.60258618741197,7.256796297553458],[80.60253464382568,7.256832992539946],[80.60242901925346,7.256915514985388],[80.60232937389526,7.256994422483519],[80.60230871565706,7.257017203912111],[80.60229005255975,7.25704206328889],[80.6022669441609,7.257082658549541],[80.60225415768289,7.257128230529426],[80.60225096896103,7.257177965983245],[80.60225675009161,7.257213869036756],[80.60227068600841,7.257245434560945],[80.60230290621168,7.257290571640953],[80.60235414594435,7.257340147092396],[80.60239703976822,7.257370621361866],[80.60241833367775,7.257385749467957],[80.60250788008662,7.257435971681151],[80.60265392354619,7.257511559492943],[80.602703538803,7.25753723897652],[80.60275768450015,7.257563664428252],[80.60278825539841,7.257583536421188],[80.60280042002042,7.25759144287205],[80.60280917402935,7.257597301580991],[80.60285166298135,7.257625735545654],[80.6028933090801,7.257655865657295],[80.60291358608706,7.25767793749662],[80.60292480760639,7.257698649421805],[80.60293602105617,7.257740433417146],[80.60293636635514,7.257782302787746],[80.60292828997883,7.257823083778055],[80.60290300486659,7.257874618498933],[80.60289683725112,7.257899484481125],[80.60289682852068,7.257922273822842],[80.6028997174481,7.257936304286305],[80.60291056809642,7.257989016647521],[80.60292258859165,7.258051689450672],[80.60293398691066,7.258083706137351],[80.60293702516476,7.258090903742586],[80.60294891579662,7.258119070093871],[80.60297009479224,7.258150637458814],[80.60299254280964,7.258179133389328],[80.60301924439035,7.258214862655222],[80.60304793954583,7.25824733718898],[80.60307120392456,7.258270044982519],[80.60308218736715,7.258285827456226],[80.60309310835751,7.258301522188402],[80.60310178864191,7.258336794229593],[80.60310811367032,7.258373872169703],[80.6031120823339,7.258415652491566],[80.60311209588278,7.258422844420034],[80.60311215794538,7.258454719322656],[80.6031088963968,7.258472523808063],[80.6031079834544,7.258477505266015],[80.603101388929,7.258493880584838],[80.6031007706461,7.258497976842365],[80.60309955791732,7.258498308258904],[80.60308061820083,7.258519454491698],[80.60305945866034,7.258536365024598],[80.60304193713206,7.25855036780178],[80.60300325654353,7.258580013275536],[80.6029687419937,7.258606587514527],[80.60293486130321,7.258638043421445],[80.60290931288145,7.258667604376367],[80.60289164166724,7.258696445801036],[80.6028865799183,7.258709133953606],[80.60287750067874,7.258731889082628],[80.60285982988532,7.258764346814411],[80.6028355472766,7.258794450830346],[80.60280945412126,7.258825187165038],[80.60278508434776,7.258848779257653],[80.60275536970502,7.258874721397791],[80.6027213136121,7.258888815504227],[80.60271832557564,7.258889990859894],[80.60271771148433,7.258890231169684],[80.60271723133428,7.258890701223702],[80.60265192015073,7.258954351843557],[80.60253305706863,7.259121554505825],[80.60249163319797,7.259179823694542],[80.60245917542774,7.259182227561587],[80.60239990829957,7.259186616047671],[80.60227430378822,7.259195917494353],[80.60222438003912,7.259199615939401],[80.60217486529888,7.259281827036904],[80.60215711679619,7.259311295083021],[80.60209325624028,7.259417321818434],[80.60213652293075,7.259599479538372],[80.60214904526599,7.259652207023178],[80.6021514331019,7.259662254746905],[80.6021650440245,7.25971956746562],[80.60237774641854,7.26002060019779],[80.60252053928284,7.26031147877625],[80.6026105200138,7.26040664681486],[80.6026286744615,7.260461552195243],[80.60263979869632,7.260495201953317],[80.60264308404625,7.260505137884336],[80.60266660722478,7.260564017016838],[80.60267357301309,7.260578539172534],[80.60263680687986,7.260600579247168],[80.6025154939048,7.260628079684387],[80.6024730625395,7.260635308708594],[80.60236757550635,7.26064742845118],[80.602352961988,7.260649106661908],[80.6022742332241,7.260655719486183],[80.60225925744749,7.260657436439987],[80.60224673325763,7.260658870382468],[80.6022366842,7.260660022227201],[80.60222660887865,7.260661176774524],[80.60216918874637,7.260685031961951],[80.60211496882013,7.260718824852394],[80.60209520175749,7.260755087955414],[80.60208926138007,7.260789316258355],[80.60208856323322,7.260796174224659],[80.60208689818448,7.260835215965377],[80.60206425250132,7.260870666801695],[80.60206049392022,7.260873824993312],[80.60204024569136,7.260917862201997],[80.60203927946766,7.260922410475235],[80.60200099469942,7.260965278725469],[80.60197638455229,7.260994165370817],[80.60197187081526,7.260999356144767],[80.6019635373589,7.261006550290963],[80.60193830525026,7.261034929381131],[80.60192929546193,7.261044062996771],[80.60190263400209,7.26106851595607],[80.60189597646406,7.2610742927979],[80.60188342611706,7.261082468299109],[80.60186803160293,7.26109444077933],[80.60181087587947,7.261176884909696],[80.60178749556691,7.26124087886885],[80.60176107912899,7.26129448302552],[80.60171252091932,7.261370629265496],[80.60170802287273,7.261377384486828],[80.60169350051521,7.261431411907729],[80.60169320898326,7.261433566749611],[80.60168209339841,7.261501991080496],[80.60168133505452,7.26150758932855],[80.60173292605623,7.261840106925472],[80.60173617635408,7.261861058163521],[80.60187364421164,7.262053695921405],[80.6018958133801,7.262082292174521],[80.6020853878041,7.262339887895263],[80.60211404046528,7.262377369595942],[80.60233898273269,7.262651787975485],[80.60236114801218,7.26269300465751],[80.6025730210444,7.262910192715472],[80.60259861098851,7.262940638640472],[80.6026114385498,7.262955898239212],[80.6028194510338,7.263279775277965],[80.60288063064482,7.263452008706151],[80.60289072312794,7.263519630011404],[80.6029397828509,7.263592960606625],[80.60300200944982,7.263684800074878],[80.60306133042207,7.263737606899896],[80.60315075348176,7.263820133370825],[80.60318310098273,7.263836957614561],[80.60321307851743,7.263891587146407],[80.60319854065101,7.263962711357908],[80.60319162961343,7.264079429818224],[80.60327617703265,7.264282430167652],[80.60331333170713,7.264379397374036],[80.60331647044228,7.264389193076576],[80.60336997274545,7.264506528702818],[80.60337550156686,7.264520624372543],[80.60337756866792,7.264524084119509],[80.60338379802882,7.26453450677758],[80.60345706195656,7.264762769919911],[80.60363036265497,7.26478079719833],[80.60363950000533,7.264978466835452],[80.60374098886558,7.265020824128088],[80.60382291861815,7.265062228963608],[80.60395228845246,7.265102891297039],[80.603967787598,7.265106502642873],[80.60405415422218,7.265144947531049],[80.60407044354308,7.26514730942684],[80.60417958269886,7.265257411768104],[80.60416250752975,7.265273473846544],[80.60414302484665,7.265307196951627],[80.60412834059761,7.265339655853373],[80.60411673409548,7.265382786698091],[80.60410575512054,7.265435594726656],[80.60410492435234,7.265474478534125],[80.60410645091757,7.265508571335281],[80.60412056173196,7.265552707581714],[80.60413513070543,7.265585176684894],[80.60416418200003,7.265635104332222],[80.60418264555746,7.265661698751624],[80.60420328254,7.265690825139121],[80.60423777392795,7.2657263773337],[80.60426737791313,7.265754242000808],[80.60430232506734,7.265779664361838],[80.6043318391634,7.26580101800946],[80.60437049779591,7.26582816175705],[80.604375753418,7.265829690213064],[80.60452651843592,7.265873526463329],[80.60454997210451,7.265878328152802],[80.6046206622521,7.26589406628115],[80.60462161216441,7.265894278247683],[80.60463500239884,7.265897259378038],[80.6048837144568,7.265430110058611],[80.60482333765586,7.265282703025947],[80.60484659499011,7.265277393613483],[80.60485865431436,7.265274641857062],[80.60499750091311,7.26523101649058],[80.60509813230212,7.265187376655859],[80.60518146516043,7.265144634574463],[80.60524432431255,7.265119789051017],[80.60530384192968,7.265068085363113],[80.60537277550854,7.265027599477851]]]]}},{"type":"Feature","properties":{"GND_N":"Bowalawatta","GND_NO":"247","GND_C":"300","PROVINCE_N":"CENTRAL","PROVINCE_C":"2","DISTRICT_N":"KANDY","DISTRICT_C":"1","DSD_N":"GANGAWATA KORALE","DSD_C":"30","Admin_Code":"2130300","GND_NO_Cen":"247","GND_NAME_C":"Bowalawatta","GND_NO_Gaz":"247","GND_NAME_G":"බෝවලවත්at","shape_1":"Polygon","Area__Ha_":219.522674893,"MWS_ID":"127-2","Alt_MWS":null,"Total_Pop":3451.0,"Density":1572.04717084,"Area_Sqkm":2.19522674893},"geometry":{"type":"MultiPolygon","coordinates":[[[[80.61677744245216,7.266433675466059],[80.61683037260386,7.266193949668583],[80.61684692042574,7.265915611778387],[80.61689662057998,7.26588012358456],[80.6169408412897,7.265835629309433],[80.61700524178164,7.265770831462516],[80.61705455540047,7.265765654464144],[80.61707135523154,7.265763891546062],[80.61716036787007,7.265791141425567],[80.61728254206528,7.265773098216386],[80.61744005529461,7.265698277094512],[80.61751154990245,7.265580471385426],[80.61754916980394,7.265473144631387],[80.61756121142753,7.265440660837699],[80.61760564413645,7.265320788346561],[80.61758585683647,7.265190561710011],[80.6175424044024,7.265136510745444],[80.61751136346447,7.265097897871645],[80.61745867327006,7.265032354487885],[80.61741457793852,7.264926586165734],[80.617401396032,7.264894971616327],[80.61736855077825,7.264813571882099],[80.61751944716904,7.264754392855099],[80.61762540465435,7.264711854423521],[80.61762545356426,7.264711835450253],[80.61762994786284,7.264710030224156],[80.61770295928781,7.264656431464831],[80.61771600777655,7.26463210935713],[80.61774278405645,7.264603856519468],[80.61774436494063,7.264602187727759],[80.61774857593753,7.264584435911982],[80.6177660711251,7.264510657185345],[80.61777320614883,7.264480568073142],[80.61776530397316,7.264464432534853],[80.61772931523825,7.26439093714768],[80.61771556569954,7.264376841481553],[80.61774097100252,7.264358521938964],[80.61826053170253,7.264331737855349],[80.61849317670739,7.264578964139469],[80.61872195637179,7.264850799586736],[80.61875389945146,7.264868447318323],[80.6190156053403,7.265133872598148],[80.61903176495943,7.265152685004924],[80.61932404362211,7.26553631229052],[80.61938591097584,7.265614313612446],[80.61960738307792,7.266077709248424],[80.6202251508072,7.266387145319049],[80.62051361195523,7.266569342335641],[80.62085484226019,7.266706009302193],[80.62120096441811,7.266799311807996],[80.62169789046979,7.267022768572786],[80.62169968332265,7.267023574918735],[80.62170642620646,7.267006109688703],[80.62170572311075,7.266943531636179],[80.62170573439754,7.266942305404268],[80.62170638048633,7.266874985643251],[80.62170243203371,7.266768909477683],[80.62170030731365,7.266761361434829],[80.62168126623065,7.266693754625651],[80.62163111559525,7.266633239604934],[80.62161706614359,7.266629620310179],[80.62150841584882,7.266601637532983],[80.62142643914937,7.266601661083409],[80.62136786275836,7.266601679051358],[80.62134124000822,7.266602406056284],[80.62129595497836,7.266603644845818],[80.62122071717705,7.266552978113221],[80.62117320968757,7.26647789561533],[80.62114025034069,7.266425805490115],[80.62106230975473,7.266329017416357],[80.62097705514707,7.266204038774809],[80.62095803495943,7.266176154385798],[80.62086960672097,7.266028633059858],[80.6208579250907,7.266005093648399],[80.62083408399916,7.265957049768729],[80.62083069209136,7.265950216591607],[80.62075935021971,7.265889603779862],[80.62070792377799,7.265852780977471],[80.6206346792378,7.265794789974227],[80.62061286041676,7.265775701676224],[80.62055284471127,7.265698001382182],[80.62052045332139,7.265611719686526],[80.62052102699056,7.265600006438317],[80.62052574313404,7.265503657216231],[80.62053890000405,7.265427246267408],[80.62059362811944,7.2653461508321],[80.62067146167433,7.265226899895824],[80.62070281156144,7.265184363165468],[80.62072950802158,7.265148144110533],[80.62073402013576,7.265136651054278],[80.62075121216353,7.265063519582213],[80.6207518683063,7.264998952523689],[80.62074501185016,7.264977992029462],[80.62073947168342,7.264961051616577],[80.62076241200273,7.264950079429735],[80.62078159339478,7.264940905516996],[80.62084909350718,7.26492509701527],[80.62089109122013,7.264915260829331],[80.62096227606726,7.264905336973224],[80.62103092971422,7.264879588732936],[80.62110809906757,7.264847964517903],[80.62115343098486,7.264836252113877],[80.62115725755254,7.264835262306091],[80.62120247353798,7.264823580603748],[80.62128688013367,7.264811673558341],[80.62141357627189,7.26481035948751],[80.62153921418859,7.264863315904302],[80.62155872468608,7.264871539970076],[80.62159264784476,7.264890999500109],[80.62163333463285,7.264914338988869],[80.62172768384833,7.264958500275488],[80.62178572690821,7.264981489370699],[80.62183716411386,7.264984129374535],[80.62184870122937,7.264969503478167],[80.62185691510525,7.264959087792249],[80.62190512066196,7.264880701072365],[80.62196164596679,7.264704522153353],[80.62196241655938,7.264702122393442],[80.62196707695794,7.264683257490224],[80.62197756217321,7.264640813944339],[80.62200466143378,7.264578244440592],[80.62201908027048,7.264518294006542],[80.62201974365415,7.264429311646045],[80.62202637507919,7.264372072377664],[80.62205401591872,7.264319992073444],[80.62206026188454,7.264312207237886],[80.62211009641629,7.264250109365542],[80.62218129548522,7.264195423187183],[80.62221499603233,7.264161161524513],[80.62225904173029,7.264136598413869],[80.622340266344,7.26409130047932],[80.6223563099999,7.264083946700977],[80.6224352801419,7.264047745279912],[80.62247073235426,7.264034086040861],[80.6225909765861,7.263987752300632],[80.62262020583007,7.263975512506241],[80.62265318756722,7.263961700492542],[80.62268526355936,7.263948267072897],[80.62271681339206,7.263937487604493],[80.62277040209429,7.263919176413764],[80.62282121599888,7.263890165459156],[80.62284928318444,7.263881016166924],[80.62285154656523,7.263880277212154],[80.62288189886713,7.263870382640345],[80.62300991094033,7.263777234700837],[80.62304214244786,7.263753781621489],[80.62310156612968,7.26370831430951],[80.62313762406718,7.263665490518614],[80.62317205123836,7.263624600480017],[80.62321427133625,7.263567281867945],[80.62323188959238,7.263549903476779],[80.6232697143035,7.263512590194195],[80.62329328790048,7.263481736969377],[80.62334880846876,7.263409074080921],[80.6234121337615,7.263341272640539],[80.62347083420623,7.263291826096748],[80.62357328956236,7.26322292190437],[80.62368062090891,7.263150735801251],[80.62369126683669,7.263144037587032],[80.62374656532747,7.263109251340433],[80.62380323129437,7.263036833844395],[80.62380790173917,7.26303086700884],[80.62387702442979,7.262950257079896],[80.62388309713634,7.262943175707983],[80.62391806883954,7.262893089021295],[80.62397541476501,7.26283441805412],[80.62397905085174,7.262828880413683],[80.62402814845474,7.262754044045694],[80.62404572554227,7.262732333991462],[80.62406938090582,7.26270311573234],[80.62408948298034,7.262678283962216],[80.62413831964189,7.26260640818463],[80.624153522349,7.262576191446681],[80.62419695191477,7.26248986216736],[80.6242232767958,7.262442391419602],[80.62425105152805,7.262392306813393],[80.62429726226141,7.262316541629573],[80.6243097441376,7.262284684470893],[80.62432740602085,7.262239607219115],[80.62434140337434,7.262203880146135],[80.62435765787568,7.262156273987637],[80.62436841715508,7.262124762598396],[80.62438156576093,7.262073402537146],[80.6244132696626,7.262050986414753],[80.62441651231137,7.26204931092085],[80.62448844929541,7.262012126508683],[80.62452548130955,7.262007366887453],[80.62458102842395,7.262000226997453],[80.6246527196458,7.261991013502636],[80.62465336809079,7.261990930523425],[80.62473913116206,7.261983000404347],[80.62481765645771,7.26195924343698],[80.62487172382038,7.261952027055554],[80.62489087193626,7.261944245580716],[80.62489617772404,7.261942089682195],[80.62491267327044,7.261901942281597],[80.62493506057716,7.261843260422999],[80.6249354495993,7.261836307359438],[80.62494025362984,7.261750390135959],[80.62493460637337,7.261666106215467],[80.62493085234952,7.261610079713288],[80.62492502486494,7.261523133461128],[80.62491949710765,7.261457931298322],[80.62491708863249,7.261429535349043],[80.62490787105506,7.26137355675985],[80.62487357613617,7.261326049459952],[80.62482468233098,7.261258320663346],[80.62478275146648,7.261199602863438],[80.62477055320106,7.261182521912771],[80.62474149924377,7.261134493665682],[80.62474011706932,7.261113510638094],[80.62473555246154,7.261044241234794],[80.62473551986666,7.260963124249711],[80.62473550337825,7.260917729086967],[80.62474100827949,7.260829391274945],[80.62469255477396,7.26063163635297],[80.62468378047629,7.260458272008793],[80.62463770934298,7.259913005586569],[80.62465966428228,7.25952290790807],[80.62466766198281,7.259354462243778],[80.62469271229845,7.259031696452548],[80.62480660662736,7.258861102249679],[80.62524605685692,7.258830347748755],[80.62580028845625,7.258811360627242],[80.62619833290486,7.258757705340498],[80.62657323270531,7.258553616493645],[80.62860339253872,7.257871335733706],[80.62904517694186,7.258008285141269],[80.62885274376245,7.257635292097916],[80.62884767085582,7.257609427346822],[80.62842827812362,7.256329666846539],[80.62841705159154,7.256193266965363],[80.62851287991967,7.254679592108268],[80.62842328605578,7.253996263284718],[80.62840199026962,7.253943031703577],[80.62834851260935,7.252866221891872],[80.62822902802023,7.252450152252545],[80.62821907081464,7.252387134356708],[80.62809555976133,7.252108045602857],[80.62806233774295,7.252015231417558],[80.62797896750025,7.251721301622557],[80.62796116845857,7.251656681444916],[80.627943223169,7.251593443900322],[80.62781691629309,7.25104003789962],[80.62767437486235,7.250990184005317],[80.62603917198439,7.251248237401465],[80.62602852260832,7.251244445747691],[80.62595405122914,7.251217934935194],[80.62588787698472,7.251196519900429],[80.62580998749529,7.251171315557157],[80.62573310591168,7.2511598054169],[80.62571737170748,7.251155866477649],[80.62565966876068,7.251141423692112],[80.62561572188282,7.251140082503319],[80.6255817898113,7.251139046670546],[80.62550445192858,7.251143542528963],[80.62548206043132,7.251148700483038],[80.62544839167526,7.251156456375402],[80.62538788951353,7.251180218583913],[80.6253309798723,7.251201098151225],[80.62524598809654,7.251232280158279],[80.62521182147287,7.251244817829107],[80.62516029122652,7.251251492541305],[80.62515488344225,7.251253026251081],[80.62508195035215,7.251273711455892],[80.6250031540174,7.251303889892496],[80.6248876785313,7.251342373883783],[80.62483044197059,7.251349590143312],[80.6246816002118,7.251371263692787],[80.62465819230378,7.251374671437619],[80.62451518858677,7.251405281408287],[80.62446202379397,7.251427959873565],[80.62436484054021,7.251462834434866],[80.62434780344074,7.251466262380275],[80.62427961971792,7.251479987708252],[80.62420635695162,7.251484393373255],[80.62418360667894,7.251484549435088],[80.62409234296867,7.25148516996585],[80.62394337273136,7.251482044490433],[80.62375374817739,7.251467241599165],[80.62370838442452,7.251448597694581],[80.62361216613489,7.251406550481388],[80.62353028213458,7.251370767663325],[80.62346817247646,7.251329962647008],[80.62327556601178,7.251237083630732],[80.62326908848333,7.251233959790262],[80.62324579600119,7.251222727718201],[80.62317743652427,7.251183095248582],[80.62307285937122,7.251128802633357],[80.62301763149664,7.251090260638383],[80.62291124895127,7.251021678464637],[80.62290466455525,7.251018595276678],[80.62284976833025,7.250992900825334],[80.62278774308041,7.250973256467579],[80.62276021262578,7.250972253333933],[80.62272824140324,7.250983906245266],[80.62267588268024,7.251032902742567],[80.62262559137534,7.251057959380196],[80.62260387621774,7.251068778365791],[80.62254492089997,7.251073190412745],[80.62253209667597,7.251076398161384],[80.62246471696713,7.251093255999706],[80.62241857964229,7.251104798288281],[80.62240847185987,7.251108956473007],[80.62233946721986,7.251137343622067],[80.62233797097808,7.25113795894624],[80.62232891843931,7.251144092487383],[80.62228434686473,7.251174293803504],[80.62214034294091,7.251227236289573],[80.6220896146898,7.251264115592717],[80.6220465867296,7.251292795464658],[80.621902478396,7.251388846023453],[80.62183236580373,7.251444798624411],[80.62171950270152,7.251525605036904],[80.62165429662126,7.251536253635037],[80.62156201607043,7.251539115081625],[80.6215059608664,7.251539458610959],[80.62148203624275,7.251528431510912],[80.62145824200384,7.251517466851058],[80.62140264352463,7.251506324954996],[80.62133201519516,7.251483966361358],[80.62129118083874,7.251464033320399],[80.6211918533789,7.2514155513181],[80.62117799194988,7.25140108404737],[80.6211531985343,7.251375206149201],[80.62109742562365,7.251344622519623],[80.62107564501434,7.251329597297562],[80.62102843513804,7.251297032541848],[80.62095835396693,7.251263729283652],[80.62093073716625,7.251253049953976],[80.62092748522711,7.251252960220024],[80.62086146208337,7.25125112721837],[80.62073884640228,7.251242765650753],[80.6206087143792,7.251239556008516],[80.62037282689484,7.251186031633617],[80.62037058383855,7.251185778562873],[80.62025546715081,7.251172787592907],[80.62018011778198,7.251185511491428],[80.62004660775197,7.251214343643342],[80.6200438156139,7.251214945853932],[80.61997389717557,7.251237800697308],[80.61981658191411,7.251282328735884],[80.6197818022318,7.251294372034204],[80.6197472417265,7.251306339443817],[80.6196790961464,7.251329937285814],[80.61954324538402,7.251365791307534],[80.61951848572424,7.251373491052463],[80.61941889370509,7.251404454410761],[80.61922009733533,7.251463434971996],[80.61912477703783,7.251470631915549],[80.61906387999598,7.251475227315472],[80.61893609944943,7.251478077749343],[80.61872455405883,7.25147990346192],[80.61872405147379,7.251479854455174],[80.61856924983398,7.251464838118752],[80.61849825734585,7.251448445560061],[80.61840815314274,7.251445520480171],[80.61826076095414,7.251428206064506],[80.61814409506265,7.251414501429401],[80.61813096184159,7.251412959540163],[80.61805987767232,7.251402444858343],[80.61797854866316,7.251386501674938],[80.61797023049235,7.251384869220026],[80.6177899619123,7.251364756128256],[80.61778404864667,7.251364096635971],[80.61762448925137,7.251351289342677],[80.61755800842471,7.251378938728061],[80.61749279815963,7.251401341775292],[80.61743710823963,7.251403391352684],[80.61730044855312,7.251408418499181],[80.61728825752941,7.251408370825771],[80.61722060830826,7.251408098459188],[80.61717683672093,7.251407923068232],[80.61699216268332,7.251400115696135],[80.61699137483303,7.2514000810563],[80.61680101925621,7.251399653448465],[80.61678978100238,7.251396779241659],[80.61670394794456,7.251374841426688],[80.61662639690687,7.251346628827752],[80.61658352186413,7.25133102988479],[80.61652476457475,7.251284708856431],[80.61649156068475,7.251268087825207],[80.61648235247301,7.251263478061181],[80.61647342584946,7.251259010371745],[80.61641131566168,7.25122417100246],[80.61636542290168,7.251278724173166],[80.6163554173792,7.251290619483544],[80.61628793384732,7.251341779329875],[80.61621781675339,7.251408581793504],[80.61612967564496,7.251485777387875],[80.61597641406269,7.251587186240023],[80.61588022667776,7.251626129596943],[80.61582706269826,7.251642721076939],[80.61578848031864,7.251654762723505],[80.61563061578946,7.251714480510027],[80.61545952140766,7.251774342767002],[80.61531896274117,7.251823520576902],[80.6151280462158,7.251874636488721],[80.61505106818363,7.251882747907421],[80.61494602127077,7.251873391756027],[80.61492365481506,7.251871398864039],[80.61483237401194,7.251869014334226],[80.61468609036055,7.251851499302619],[80.61467947259227,7.251850707490928],[80.61418786358607,7.252267079133847],[80.61389037138483,7.252848619331322],[80.61399483714517,7.253216716492302],[80.61405007094415,7.253515292151065],[80.61430948090295,7.253679647929093],[80.61452771280528,7.253816084791422],[80.61459335803497,7.253979404650726],[80.61459372407049,7.253996666133431],[80.61461117401088,7.254204518452375],[80.61461172498862,7.254228828145078],[80.61461270037422,7.254271777500131],[80.61461731650591,7.254463658858314],[80.61458461858123,7.254632445477097],[80.6145801538433,7.254643015199137],[80.61451639963045,7.254861817742692],[80.61405533085328,7.255235960868268],[80.61369869758789,7.255627566848106],[80.61370376291828,7.255725010106133],[80.61373571755612,7.2558594589631],[80.61380444804611,7.255997839328855],[80.6139425606328,7.256119564617189],[80.61382905584537,7.256449589457942],[80.61365064736562,7.256467340361744],[80.6134572610122,7.256578681258762],[80.61336404943384,7.256651806890998],[80.61336394979445,7.256651871965092],[80.61328846496666,7.256700766794546],[80.61325870364682,7.256720043097022],[80.6131189339698,7.256778795228893],[80.61303408000238,7.256814463014112],[80.61289216607294,7.256834849219606],[80.61276643352429,7.256842325944311],[80.61273649012988,7.256844107487157],[80.61264402925558,7.256841722976275],[80.61250810215267,7.256832268293828],[80.61245984703784,7.256822903094569],[80.61236385025279,7.256804274148217],[80.61212757352556,7.256820194037772],[80.61210417152276,7.256828790023819],[80.61199968579838,7.256867172467074],[80.61198990999047,7.25687426680841],[80.61172239588905,7.256896472749887],[80.6116610820715,7.257153438236609],[80.61165157669296,7.257388017478027],[80.61163687331856,7.257627113636221],[80.61163348902039,7.257816484434014],[80.61158070379511,7.258166022929953],[80.61145539793635,7.258293867668938],[80.61130486164448,7.258362823995611],[80.6110988518932,7.25845357459881],[80.61085192318151,7.258653625116532],[80.61075348628006,7.258900198219608],[80.61064572382463,7.258984677819773],[80.6104040143642,7.259017182441297],[80.61030133647208,7.259023508482484],[80.61019589418154,7.259041045947589],[80.61019107759367,7.259042641184744],[80.61012356997885,7.259072961280181],[80.61012036387814,7.259076141445928],[80.6100450224192,7.259122227905022],[80.6099925466884,7.25915561093664],[80.60993296266102,7.2591082460996],[80.60988088865365,7.259039171682391],[80.60974417023408,7.25889230243692],[80.60970049918673,7.258831122035128],[80.60963975941668,7.258757427940759],[80.60955409951697,7.258680617497368],[80.60950672156723,7.258635034046137],[80.60946094341355,7.258563551022416],[80.60941090562574,7.258461762314328],[80.60940455363918,7.258449721890944],[80.60933845142775,7.258362563419636],[80.6092847683943,7.258278617073167],[80.60927362851092,7.258261621111818],[80.60912955153522,7.258365015867657],[80.6091188094085,7.258416143941989],[80.60921630153783,7.258574592103537],[80.60926312133186,7.258790207036577],[80.60936366602984,7.258858766718252],[80.60946287019551,7.259072992894403],[80.60952472493956,7.259111840087907],[80.60956649190219,7.259186685640153],[80.60960440291379,7.25925880329748],[80.60952126495555,7.259334562425629],[80.60948673845853,7.259355088276306],[80.60972276742523,7.25970110720879],[80.60934412547282,7.259863668531367],[80.6091018414595,7.260023215106629],[80.60896489632248,7.260153839183038],[80.60886579049001,7.260305333127537],[80.60870216792249,7.260562855400693],[80.60867194760036,7.260592770349006],[80.60864884208576,7.260607044380165],[80.60859631208987,7.260639495789709],[80.60851206940669,7.260696706144995],[80.60842130156514,7.260766756081673],[80.60832818166828,7.260827491708664],[80.60824810628851,7.260882895853282],[80.60820835909243,7.260917227475352],[80.60803075764498,7.261070636389411],[80.60786609232403,7.261212871939554],[80.60780231335981,7.261267963736312],[80.6076548562513,7.261368953992941],[80.60763418951382,7.261383109508814],[80.60755497051528,7.261426756092947],[80.60751806571366,7.261447090094031],[80.60742114627654,7.261501222700121],[80.60734778166965,7.261528776636573],[80.60731230678758,7.261619472276397],[80.6073555949678,7.26191999741074],[80.6073703726169,7.261956615438821],[80.60746641729072,7.261994822734799],[80.60755858539466,7.2620054400854],[80.607642139609,7.26207363843777],[80.60764456302822,7.262078478265381],[80.6076751908645,7.262175374891886],[80.6076755974009,7.262180455418649],[80.6076714385401,7.262266285815564],[80.60775137257981,7.262420931480147],[80.60767944550193,7.262539580082578],[80.6075639384217,7.262602775059535],[80.60745286589274,7.262724718811085],[80.60750661994093,7.262883326470337],[80.60753713747819,7.262914246004166],[80.60736264053006,7.263076881477143],[80.60722652295269,7.263126597281866],[80.60708115616609,7.263210636943536],[80.6070368166852,7.263292379355472],[80.60703402819018,7.263297524704327],[80.6070481029994,7.263310210999569],[80.60705043688158,7.26331231347098],[80.60705674595066,7.263318043681272],[80.6071217549926,7.263377085469975],[80.60714248931461,7.263385911062909],[80.60722029547021,7.263406515681742],[80.60723744946708,7.263404408718982],[80.6073039779207,7.263396236001491],[80.60739981672899,7.263358414852828],[80.60741248630511,7.26335341334767],[80.60741486816644,7.263350719410979],[80.60746322203704,7.263296008077671],[80.6074915218043,7.263266129580846],[80.60753959525223,7.26321537355664],[80.60759712263739,7.263159057769706],[80.6076417080866,7.263080399969725],[80.6076636384715,7.263031593835495],[80.60766385056061,7.263031121868056],[80.60766763009659,7.263022715061788],[80.60772942129444,7.262948764216008],[80.6077629585756,7.262869199802199],[80.60782890633119,7.262812704442464],[80.60786702585855,7.262784533274415],[80.60789213541135,7.262765975442642],[80.60792316218289,7.262747535556549],[80.60795989828377,7.262725700319674],[80.60797257239989,7.262718169463759],[80.60803244470698,7.262685091464108],[80.60803783955622,7.262684760681545],[80.60810987714484,7.26268033008457],[80.60819237852043,7.262679815369692],[80.60826592452447,7.262649459836831],[80.60834762182284,7.262621817506561],[80.60837342260253,7.262607400707952],[80.6084161899008,7.262583502237115],[80.60850431869278,7.262551341646092],[80.60855829588515,7.26254385408196],[80.60864541052214,7.262557723029241],[80.6087138663309,7.262580354096369],[80.60876928392598,7.262596020820467],[80.6088154716265,7.262591877175574],[80.60885904503455,7.262550475265661],[80.60888895516267,7.262485467802132],[80.60888938100119,7.262482476523991],[80.60889994334275,7.262408516551011],[80.60891317829187,7.262358612935587],[80.60893358753285,7.262281654307357],[80.60896015503413,7.262192138080722],[80.60896845520591,7.262159626012518],[80.60897435656184,7.262136510579341],[80.60900087592576,7.262032633995015],[80.60902200770057,7.26194863110465],[80.6090225774486,7.261877283591432],[80.60900168736397,7.261797516335805],[80.60893909709334,7.261750937003866],[80.60892934908026,7.261743683608199],[80.60886740144072,7.261729904489385],[80.6088646196377,7.261729285823603],[80.60885156273106,7.261726381808436],[80.60879922457718,7.261709994598898],[80.60873794672237,7.261692338057242],[80.60871908670484,7.261686904367291],[80.60865915756271,7.261629459871783],[80.60865465243816,7.261565161337102],[80.60866548400092,7.261497880650771],[80.60866736202593,7.261486221257619],[80.60868614263498,7.261390642430449],[80.60870508025101,7.261333246963642],[80.60871415648741,7.261305740504514],[80.60874461785376,7.261221741974865],[80.60880640483805,7.261150685640739],[80.6089267874176,7.261077031148925],[80.60899155664549,7.26102767736002],[80.60904527055656,7.260996952657178],[80.60907087939056,7.260996808364524],[80.60913083709777,7.260996473258287],[80.6091363758067,7.260996443648194],[80.60921678669924,7.261015644496402],[80.609285327259,7.261053469610711],[80.60933441057436,7.261055204946862],[80.60940351198501,7.261040761515249],[80.60942703402601,7.261026630479035],[80.6094536050172,7.261010668444055],[80.60949364714781,7.260969537362541],[80.60952038441735,7.26091275422574],[80.60952241287676,7.260809845246321],[80.60952418383762,7.260761813822875],[80.60952461011222,7.26075025246075],[80.60954510669968,7.260669235314183],[80.60957800929567,7.260590393052712],[80.60963147184728,7.260501791863606],[80.60967414928054,7.260440855678636],[80.60967624080091,7.260417434988395],[80.60967416619731,7.260394917976055],[80.60966488191772,7.260380161761026],[80.60964058784388,7.26034155083967],[80.60962476707815,7.260267301719034],[80.60963574696378,7.260209903284041],[80.60963701543979,7.260203283344643],[80.60965151076779,7.260192924446603],[80.6096685614812,7.260180744315061],[80.6097103897606,7.260150859784077],[80.60979853145871,7.260079631214101],[80.6098731085183,7.260014536063427],[80.60989038940426,7.259999455002171],[80.60999664325814,7.259927962646549],[80.61008115819325,7.259868310487042],[80.61017853741893,7.259795819198405],[80.61026386009404,7.25975841225997],[80.61034771697474,7.259759439474911],[80.61044261459627,7.259791213410238],[80.6104477618823,7.259791693667935],[80.61050980732794,7.259797479464932],[80.61058160359833,7.259792916348109],[80.61058734798752,7.259792553107131],[80.61062020321656,7.25979046531049],[80.61063581552916,7.259781465051688],[80.61069357184059,7.259748171591653],[80.61071590912309,7.259726943079452],[80.61071905900906,7.259723948271295],[80.61072283488532,7.259720360468448],[80.61073932173151,7.259704691286846],[80.6107567994774,7.259683610209744],[80.61078825325407,7.259645674395051],[80.61081180213407,7.259617270671521],[80.61086843444416,7.259534738357488],[80.61087613528372,7.259523516949567],[80.610971205103,7.259411132198941],[80.61097570337358,7.259405814724398],[80.61104508289789,7.259377896109996],[80.61107497127074,7.25936606061616],[80.6111433437452,7.25936545249021],[80.61120582821763,7.25937659815783],[80.61127725958724,7.259421348276009],[80.61127862221073,7.2594222033383],[80.61131880808291,7.259485246095206],[80.61136098591794,7.259546845399879],[80.61143811901749,7.259618946416788],[80.61152541579779,7.259623769120937],[80.61162214468013,7.259598122915181],[80.61168564292822,7.259556004503366],[80.61172755394236,7.259532181358158],[80.61176163800155,7.259512806353344],[80.61179172652369,7.259453586283755],[80.61182308809252,7.259377545723028],[80.61186865942678,7.259324118801162],[80.61188963559673,7.259305145069097],[80.61193741741089,7.25926192762338],[80.61200428474032,7.25920648637626],[80.61201133699286,7.25920064170236],[80.61206362305538,7.259185438484553],[80.61208707706194,7.259178619479441],[80.61209085654797,7.259177520309493],[80.61214670967203,7.259160120914916],[80.61218450662467,7.25914834427422],[80.6122887480181,7.259133371421568],[80.61242105894516,7.259122476238669],[80.6124260386187,7.259123151742879],[80.61251007820115,7.259134536515293],[80.61255772736462,7.259167390780525],[80.61255969384669,7.25916874704106],[80.61256116689808,7.259169761296829],[80.61257227589229,7.259177422947301],[80.6126272515012,7.259230043403153],[80.61265176135478,7.259253503546419],[80.61273850187415,7.259293867659412],[80.6128544999452,7.259323750563636],[80.61292841400923,7.259327613232784],[80.61294687079113,7.259328578438204],[80.61298899637914,7.259322236344489],[80.61300234752979,7.259320225455904],[80.61301397974916,7.259318473483602],[80.61307983498838,7.259266679672163],[80.61309239373051,7.259242076278997],[80.61310729601955,7.259212883483054],[80.61313185467243,7.259161347911871],[80.61314083562736,7.259123459915146],[80.61316430684793,7.259078886184414],[80.61316683598783,7.259061890707112],[80.61317042271803,7.259037788687795],[80.61317247707132,7.259023997891772],[80.61321560227441,7.258970298659445],[80.61321782845741,7.258967207645287],[80.61326606966091,7.25890023235595],[80.61334813146303,7.258861105479103],[80.61335632792031,7.258854012351216],[80.61341643526873,7.258801988539511],[80.61347151217032,7.258756973980896],[80.61349367997262,7.258725551051556],[80.6135199866777,7.258688264291992],[80.61356003317451,7.258635919471591],[80.61356644340913,7.258589545461704],[80.61356693280287,7.258586003479768],[80.61358234203182,7.258549657806138],[80.613591772403,7.258513488136474],[80.61359982312311,7.258463360949363],[80.61360084875115,7.258456972411667],[80.61360167835211,7.258418993764119],[80.6136008672762,7.258407959160166],[80.61361427767812,7.258384634741175],[80.61363094192586,7.258373863222702],[80.61365594599567,7.258357700520702],[80.6136598593661,7.258351935178498],[80.61367705771687,7.258326599134832],[80.61368009740742,7.258325241959774],[80.61369714992318,7.258317636544999],[80.61371473592378,7.258309793488761],[80.61372331653172,7.258309732356682],[80.6137316281744,7.25830967474528],[80.61376846546959,7.258309417550626],[80.61377640762541,7.25830936251904],[80.6138341858814,7.258309654494604],[80.61388150643661,7.258304343272517],[80.61389522596497,7.258302803630895],[80.61395644369928,7.258303096821509],[80.61396304275328,7.258303300841416],[80.61403823502177,7.258305623754734],[80.61405210290796,7.258307058416185],[80.61405298668377,7.258307316458635],[80.61410073319041,7.258321326718381],[80.61413529007673,7.258331465458519],[80.61424675250964,7.258379705558018],[80.61430596090386,7.25843009550431],[80.61435974070761,7.258469000658041],[80.61441294259818,7.258498191569196],[80.61441976950628,7.258501936917038],[80.6145098689598,7.258527019158938],[80.61457508234474,7.258527041495659],[80.6146160056429,7.258527056979611],[80.61467270392275,7.258508539851754],[80.61472568970696,7.258483599934576],[80.61478773103475,7.258465084694103],[80.61486188995814,7.258442260226441],[80.61488047316124,7.258436541688899],[80.6149386269595,7.258397042485864],[80.61494129350474,7.258393239932412],[80.61494632215842,7.258386066974395],[80.61498800832835,7.25832661568325],[80.6150603882795,7.258264062678919],[80.61507955556286,7.25824824145921],[80.61512588169887,7.258210008576562],[80.61518868955446,7.258190254655998],[80.61520485999307,7.258185168261027],[80.61526500338523,7.258153177250219],[80.61531414996547,7.25813157639838],[80.61534806102095,7.258116673742625],[80.61538555871098,7.258100501809005],[80.61541762195077,7.258086674614321],[80.61549759301181,7.258063642302004],[80.61557638927385,7.258041243476415],[80.61564277379675,7.258030325806138],[80.61567985705514,7.258025923214569],[80.6157096100592,7.258022391584059],[80.61577264181328,7.258012104816832],[80.6157884013259,7.258011477377297],[80.61585405875397,7.258005351324505],[80.61588921564851,7.258006466096409],[80.615943441595,7.258008186251743],[80.61602040663095,7.258039684110729],[80.61608233225645,7.258091882492162],[80.6161471522522,7.258149057365915],[80.61620726420671,7.258208310468806],[80.61621332194855,7.258212962535372],[80.61627290167506,7.258258704239323],[80.6163212404187,7.258311415964524],[80.6163473135441,7.258339847421151],[80.61639523754658,7.258351526208633],[80.61640454181597,7.258353792958747],[80.61649986890947,7.258336674600369],[80.61650924249425,7.258334990469542],[80.61655740460385,7.258326342383332],[80.61661413335266,7.258316154563662],[80.6166286936529,7.258313539013543],[80.61668861194028,7.258308463431524],[80.61691894712777,7.258288954436931],[80.61689570543584,7.258495506444175],[80.61681139822709,7.258706440953219],[80.61679229165945,7.258835313804559],[80.61672077574701,7.258941662821772],[80.61661352793905,7.259123392868583],[80.61641660241881,7.259372063133356],[80.61636849890384,7.259434962212101],[80.61614082346242,7.259749625734043],[80.61575766234539,7.260199546917865],[80.61549855039019,7.260183676883273],[80.61534361018069,7.260219269603052],[80.61513049373109,7.260277864277192],[80.61502207661329,7.260284617982265],[80.61446944897251,7.260907890645103],[80.61435450448029,7.261141212409321],[80.61415340743727,7.261389820452648],[80.61403650149917,7.2616068974197],[80.61411805451343,7.261826178591515],[80.61417027550783,7.262005831728867],[80.61416369679951,7.262163479325897],[80.6141470454603,7.262261671694773],[80.61408448957981,7.26236750890997],[80.6140143913312,7.26250477791173],[80.61395860859541,7.262721241881827],[80.61393882140078,7.26294713976062],[80.61390913408046,7.263198115853104],[80.61387694792937,7.263389150194226],[80.61385938028248,7.263529412222641],[80.6138207771823,7.263727240098345],[80.61379683893853,7.263871347650618],[80.61380981724139,7.264020197934461],[80.61386894671095,7.264133358326445],[80.61392156382577,7.264259433449585],[80.61395297444867,7.264384773916037],[80.61398747217095,7.264513081600115],[80.61398997115371,7.264665904347877],[80.61396177362467,7.264800400346161],[80.61391837160593,7.264907391935228],[80.61387920448456,7.265026273912826],[80.61389445660204,7.265155621890922],[80.61394030544555,7.265245863371374],[80.6141179821338,7.265278301011494],[80.6144381236653,7.265220992125681],[80.61420280470014,7.26574874906341],[80.61407702770494,7.265830323794749],[80.61406586448342,7.265831930365253],[80.61385508298102,7.265894567437915],[80.61381298324604,7.265960849546654],[80.61395468824054,7.266275494783652],[80.61405892968577,7.266461668472321],[80.61402400245868,7.266515254937298],[80.61400954624953,7.266537431420064],[80.61398681897626,7.266526933365763],[80.6138881199419,7.26649199281744],[80.61385125562221,7.266472352611304],[80.61382044058878,7.266455933889911],[80.61377738302745,7.266432993464211],[80.61370214706626,7.2663797021191],[80.6136700248374,7.266298936310128],[80.61361328559694,7.26620445694989],[80.613601963094,7.266185602684064],[80.61359506588869,7.266178094491398],[80.61359474723633,7.266177746220254],[80.61352782198973,7.2661049122165],[80.6135245531017,7.26610130196839],[80.61347957081458,7.266051632330111],[80.61346565651557,7.266047660154769],[80.61341292597537,7.266032617119833],[80.61334499782261,7.266046428554346],[80.61328132369373,7.266076881593706],[80.6132483430043,7.266116736852216],[80.61321781126266,7.266153634108412],[80.61319256121946,7.26617760172474],[80.6131471488219,7.266220707090949],[80.61307364691835,7.266313770525702],[80.61302102361493,7.266380396020423],[80.61300999628493,7.266394358109659],[80.61298170901881,7.266430175514558],[80.61292894298258,7.266478200331545],[80.61304922110729,7.266482825758355],[80.61309394059647,7.266457685043453],[80.61330198499157,7.266344209225463],[80.6134391845084,7.266261026446901],[80.61348528441194,7.266267759263574],[80.61355016454826,7.266328680151493],[80.61358946922374,7.266401890378635],[80.61361102727948,7.266490536118845],[80.61366266288817,7.266568786829239],[80.61378371859958,7.266675227853685],[80.61412245184522,7.266806892724547],[80.61436134625313,7.266892671708174],[80.61463013789933,7.266948319894277],[80.61473748944398,7.266934958194359],[80.6148007820917,7.266839276509934],[80.61483915365264,7.266741668818397],[80.61479843670968,7.266658804754081],[80.61484107186597,7.266457355613429],[80.6149349175595,7.266421808300666],[80.61506794449308,7.266463422834113],[80.615178397895,7.266530707907267],[80.61534444098308,7.266605574476564],[80.61542653454033,7.266707194865207],[80.61545556588068,7.266743133139419],[80.61549534133188,7.266769355769563],[80.6155726359728,7.266820312640661],[80.61561881499391,7.266841670569298],[80.61566356789243,7.266844556686602],[80.61567097659925,7.266845034070752],[80.61577240100632,7.266859178030294],[80.61583189756456,7.266866704810319],[80.61577304773195,7.267047584448664],[80.61586852796513,7.267058418341017],[80.61598981431264,7.267044979888039],[80.61626629502278,7.266962387155794],[80.61639454739709,7.266889972382448],[80.61652745187475,7.266835566605696],[80.61656412447118,7.26671903289908],[80.61656639167452,7.266712669210142],[80.61665023114801,7.266541076412029],[80.61677744245216,7.266433675466059]]]]}},{"type":"Feature","properties":{"GND_N":"Hindagala","GND_NO":"267","GND_C":"315","PROVINCE_N":"CENTRAL","PROVINCE_C":"2","DISTRICT_N":"KANDY","DISTRICT_C":"1","DSD_N":"GANGAWATA KORALE","DSD_C":"30","Admin_Code":"2130315","GND_NO_Cen":"267","GND_NAME_C":"Hindagala","GND_NO_Gaz":"267","GND_NAME_G":"හිඳගල","shape_1":"Polygon","Area__Ha_":233.466493582,"MWS_ID":"127-2","Alt_MWS":null,"Total_Pop":2976.0,"Density":1274.70111635,"Area_Sqkm":2.33466493582},"geometry":{"type":"MultiPolygon","coordinates":[[[[80.61139619684958,7.243288480735456],[80.61181219851724,7.242273001001891],[80.61231859243021,7.241211627396819],[80.61284513368645,7.240102507670646],[80.61344455297737,7.239182788223202],[80.61401765769244,7.238336771085352],[80.61446067197333,7.237701220864181],[80.61490614980602,7.237221400424986],[80.61561378817674,7.23675402765461],[80.61618155608153,7.236368868256579],[80.61612721683655,7.236282371391162],[80.61602454965694,7.23577293773328],[80.61448152427823,7.236136638529857],[80.61377549400262,7.236105802527389],[80.61371702307547,7.236085367877679],[80.61364909297029,7.236061627320757],[80.61357312943453,7.236033477206265],[80.6135083861808,7.23601934600354],[80.61344446113931,7.236001327479188],[80.61337672786227,7.235994429624591],[80.61326383501017,7.23597827450098],[80.61324370729902,7.235975392508017],[80.61316474943231,7.235956463351246],[80.61311703627877,7.235929317114889],[80.61308382770625,7.235903985587425],[80.61305583734224,7.235882633964456],[80.61302876296804,7.235870052613627],[80.61297497743776,7.235864791067225],[80.61294681820905,7.235852208418071],[80.61293975599683,7.235849042626695],[80.61291150805705,7.235836372226026],[80.61285319945118,7.235810488185979],[80.61283276875061,7.235796540996137],[80.6127960727994,7.235771492147513],[80.6127701461852,7.235747732181283],[80.61273279430281,7.235713503496848],[80.6126553808159,7.235678569522207],[80.61258837393083,7.235668959803427],[80.61250828504338,7.235645183055441],[80.61248651053062,7.235638718486738],[80.61242946791889,7.235620431911053],[80.61232127405215,7.235561884452293],[80.61222466191288,7.235534448313174],[80.61216453136251,7.235536236151832],[80.6120611137007,7.235544608887222],[80.61200867219343,7.235571536431133],[80.61190650982552,7.23561436448954],[80.61186857954772,7.235619648207182],[80.61184175920759,7.235623384148625],[80.61182373412429,7.235623284493561],[80.61173635254036,7.235622804381112],[80.61163230630928,7.235616436628308],[80.6116305831067,7.235616235249442],[80.6115547033038,7.235607455938555],[80.61153451344764,7.235596235256566],[80.61148552526662,7.235589434336696],[80.61144564092267,7.235586882417723],[80.6113902619482,7.235583340999677],[80.611351869742,7.235573922324884],[80.61131926728716,7.235548114322257],[80.61130398044563,7.235536014614382],[80.61123833977194,7.235499909072373],[80.6112177286796,7.235489142184671],[80.6111105012204,7.235433125036414],[80.61109230477548,7.235416208844606],[80.61106914085045,7.235383253913975],[80.61106153177384,7.235372428436603],[80.61101273349286,7.23534157484535],[80.61094518866626,7.23531243171494],[80.61091247152366,7.235300782337085],[80.6108404302523,7.235275136311918],[80.61079579108099,7.235259565146025],[80.61078190367445,7.235244086543967],[80.61074718335465,7.235205380541168],[80.61073179488632,7.235188949159215],[80.61069503726995,7.235149703446178],[80.61068499584457,7.235138980168657],[80.61067617446841,7.235127532082579],[80.61066924662124,7.235118538063146],[80.61065956667129,7.235092490573251],[80.61062553013412,7.235058567676433],[80.61059484920938,7.23501080833161],[80.61057808929719,7.234975745060708],[80.61055594001176,7.234929407672287],[80.61053875591493,7.23486564795211],[80.61052536335981,7.234844120630038],[80.6104674211092,7.23480765606042],[80.61042686401407,7.234775356713616],[80.61040314153249,7.234766938943655],[80.61038206188024,7.234767292080173],[80.61035569012805,7.234767735526038],[80.61032616908793,7.234767537574834],[80.61029608388846,7.23476733489451],[80.61019866807833,7.234766683535911],[80.61018879591144,7.234766136447434],[80.61019091620373,7.234663590000507],[80.61020966731174,7.234614698386048],[80.61021054835186,7.234612400869799],[80.61024845753711,7.234513557037133],[80.61024632516413,7.234376790156625],[80.61020992722263,7.234290333513234],[80.6101907388921,7.234244756802988],[80.61007928548706,7.234053073215647],[80.60983508401829,7.233943763020112],[80.60952638218156,7.233813933017531],[80.60939013035927,7.233684460852278],[80.60940989575549,7.233467936010134],[80.60943267909722,7.233234811953226],[80.60934450797227,7.232942202775407],[80.60917317047142,7.232826091443017],[80.60879586223695,7.232887938379022],[80.60865797872758,7.232921383987118],[80.60822504125152,7.232768270366186],[80.6078659184118,7.232131263207454],[80.60766286240471,7.231853067431489],[80.60753261498024,7.231668917274313],[80.60691541286786,7.23158538636959],[80.60679839539279,7.231841834321236],[80.60649774405194,7.231957622516148],[80.60642808685401,7.231934729398201],[80.60638327347118,7.231906858299334],[80.60636317422804,7.231896271344026],[80.60635752880626,7.231892031667407],[80.60631102922588,7.231857095506554],[80.60627363626836,7.23183800072756],[80.60625333119322,7.23183057513882],[80.6060587778961,7.231759426855261],[80.60597176028611,7.231749086159173],[80.60590619814685,7.231750055469173],[80.60589261544,7.231751046027134],[80.60568306368864,7.231766521619549],[80.60563660098096,7.231790286514341],[80.6055994874679,7.231789138609843],[80.60558335438635,7.231788639717795],[80.60549116727739,7.231796832519047],[80.60546561770546,7.231805118121415],[80.60544325786698,7.231812369490276],[80.60539453791667,7.231816057956618],[80.60536828393701,7.231814418548884],[80.60532028460379,7.231811419947],[80.60523010026728,7.231810777489256],[80.6051726804341,7.231810369782951],[80.60507153191682,7.23180436245845],[80.60491469283866,7.231801229743654],[80.60476518504206,7.231805423696549],[80.60476147684699,7.231805344529925],[80.60468587585251,7.23180372447745],[80.60464049098749,7.231802752430815],[80.60451271702242,7.231805238121245],[80.60441500031646,7.231804636068076],[80.60432472630377,7.231804082019233],[80.60421353255873,7.231783693177842],[80.60415258539992,7.231779081708438],[80.60408259296914,7.231773786774355],[80.6040304270723,7.231792666104005],[80.60394121376011,7.23183667287852],[80.60385535580463,7.231867929310701],[80.60377076045559,7.231912748960186],[80.60373415804843,7.231927292585055],[80.60368480991416,7.23194690000245],[80.60361642948692,7.231979339511418],[80.60355892619259,7.231981668898725],[80.60348059752809,7.231978020161164],[80.60325350215595,7.231934709103597],[80.60318387848538,7.231897968799631],[80.60312773860154,7.231889356569506],[80.60309749503526,7.23188229149739],[80.60315041876979,7.231780666916089],[80.60317192293851,7.231721033511234],[80.60320235982046,7.231636630988694],[80.60324217157907,7.231486351650699],[80.60324845589855,7.231458321510039],[80.60326666300047,7.231377121902651],[80.60328245637052,7.231282808061004],[80.60328268674402,7.2312699634105],[80.60328412085643,7.231189846213041],[80.6032820713062,7.231105022596996],[80.60326554076819,7.230997403203808],[80.603239684511,7.230886073523791],[80.60323494896805,7.230872952078135],[80.60321109758243,7.230806845607094],[80.6031745618297,7.230682309926912],[80.60314905870622,7.230597295630513],[80.603148584195,7.230594931598725],[80.60313333294539,7.230518976900881],[80.60313321303077,7.230491469727001],[80.6031328420472,7.230405175443299],[80.6031328319582,7.23040313532894],[80.6031330311373,7.230358101050085],[80.60313395428666,7.230309539355181],[80.6031356957447,7.230254649649605],[80.60313834878997,7.230186283443131],[80.60315495196052,7.230105537186128],[80.60315842360332,7.230098986820663],[80.60318730229862,7.230044508937252],[80.60321104004296,7.230014223761013],[80.6032349853122,7.229995410666946],[80.60327408398787,7.229964691829864],[80.60330216087303,7.229946886791848],[80.60335569718856,7.229902867495157],[80.6034138492075,7.229860838508568],[80.60345334098477,7.229832188852887],[80.60348323697053,7.229795665393372],[80.60352337220213,7.229746577792727],[80.60353968560833,7.22971321333931],[80.60357460019611,7.229662171361062],[80.60360591776389,7.229616387450688],[80.60365602758714,7.22952905154306],[80.60369407378121,7.229491628660692],[80.60370096604105,7.229484059531039],[80.60373656245183,7.229444982648504],[80.60373950223386,7.229439202543988],[80.60386303549264,7.229432682252619],[80.60405017242972,7.229442793526439],[80.60414164873924,7.229385446367363],[80.60415963154593,7.229324361069382],[80.60421733128554,7.229163470938493],[80.60416056062859,7.229145093020308],[80.60406920515547,7.229108343740604],[80.60401044780164,7.229075494374043],[80.603937379928,7.22905276960505],[80.6039237498094,7.229050043397171],[80.60385203526646,7.229035705645568],[80.6038372334635,7.229032746585492],[80.60379404136059,7.229026581870559],[80.6037944081781,7.229014464330565],[80.60379321245483,7.22894396882887],[80.60379316818862,7.228941305635662],[80.6037842165373,7.228908837718931],[80.60376376570872,7.228870758760928],[80.6037310839574,7.228846330166681],[80.60371075666266,7.228826344575506],[80.60366971102953,7.228785989817322],[80.60363666997011,7.228756317019191],[80.60360653328605,7.228709190435935],[80.60354817067358,7.228588624538586],[80.6035418782243,7.228469074015683],[80.60354143091162,7.22839516052561],[80.60354111240527,7.228342109386845],[80.60354234604266,7.228191270974464],[80.60354811814439,7.228045485725934],[80.60367092304313,7.228010164009872],[80.60381559736669,7.22793505933399],[80.60394083409675,7.227819617090466],[80.60402930507286,7.227703674399037],[80.60414997001298,7.227415021696764],[80.60426577748568,7.227095248195943],[80.6043589383997,7.226777224083285],[80.60440298700233,7.226383310276621],[80.6044697292172,7.225984572408364],[80.604591924474,7.225689226465168],[80.60458619964737,7.225504668407611],[80.6046117615274,7.225304618734434],[80.60463642052021,7.225203017644699],[80.60478014555878,7.225125864022391],[80.60509213573889,7.225110437199743],[80.60532614019682,7.225164925268635],[80.60540412686063,7.225094870900667],[80.60538071407268,7.224900155391087],[80.60535643016323,7.224854812591406],[80.60526392494437,7.224682088269272],[80.60513150453137,7.224269308514324],[80.60513937375535,7.22403560568857],[80.60514399349974,7.224024347021175],[80.60520961887316,7.223864378452644],[80.60542027450681,7.223545125760107],[80.60553204496499,7.223266425656385],[80.6056076398391,7.22307792541783],[80.60576371298207,7.222864994727215],[80.60584164304251,7.222758678530371],[80.6058579250229,7.222677539543354],[80.60590415540445,7.222447141778827],[80.60594671816057,7.222364702267625],[80.60596966193452,7.222320262449756],[80.60603682584505,7.222190170733646],[80.60606316886589,7.222121792519203],[80.6060759156568,7.222088874253106],[80.60606037763682,7.222018784833934],[80.60599800156172,7.221964361285322],[80.60582638147451,7.221948614718459],[80.60563823832842,7.221869768562161],[80.60558475619541,7.221847354344372],[80.60550670690215,7.221707158791619],[80.60554584266215,7.221481238324646],[80.60567071808183,7.221263262598976],[80.60570192738085,7.221045251813409],[80.60576155238921,7.220908612854657],[80.60578009632263,7.220866115652642],[80.60595943471301,7.220671474977866],[80.60624815010148,7.220461331821386],[80.60656807698263,7.220025264037907],[80.60692686346995,7.219721608812673],[80.60718293221466,7.219634663552849],[80.6072574491442,7.219609362492229],[80.60729350627518,7.219597119805912],[80.60781601079339,7.219628539615526],[80.60798750325702,7.219605289028335],[80.60819809453682,7.21944951423106],[80.60824161545256,7.219308471348602],[80.60824455377538,7.219298948290882],[80.60823677421222,7.219297039150422],[80.60814918076994,7.219282950360019],[80.60814818279843,7.219273374306853],[80.6081229176348,7.219298199922156],[80.60806875750747,7.219319673475749],[80.60806157646361,7.219322751794897],[80.60800177648431,7.219339972123071],[80.6079664873007,7.219359492995999],[80.60796057219883,7.219362518426592],[80.60791736847192,7.219377827740097],[80.60789638516874,7.219384021718939],[80.6078617638679,7.219394802722682],[80.60785723658623,7.219396322996515],[80.60783152916774,7.219402490811964],[80.60779511784752,7.219410269761481],[80.60778751629275,7.219411832305826],[80.60777992253007,7.219411915410014],[80.60777838982752,7.219413412372894],[80.60774178289648,7.219421233748188],[80.60773568687837,7.219421299318868],[80.60770047952944,7.219427643573618],[80.60769283596196,7.21942772846656],[80.60765106492389,7.219379076795119],[80.60760563774768,7.219331891455061],[80.60758627543848,7.21930116505661],[80.60758468895074,7.219301187981861],[80.60755759391773,7.219269237911043],[80.60755442394674,7.219266066245491],[80.60753071289905,7.219253550937983],[80.60749922299392,7.21923479847309],[80.60747087958778,7.219228791539973],[80.60746140685161,7.219228910115848],[80.60745982760933,7.21922893033045],[80.60742321324852,7.219242158516997],[80.60739922190893,7.219250479189148],[80.60731678472042,7.219243278430628],[80.60718936393924,7.219191825102065],[80.60708194727984,7.219244661793831],[80.6070378599887,7.219244708741853],[80.60697613165773,7.219268044033918],[80.60695866796104,7.219308734891163],[80.60697373721551,7.219378178441419],[80.60697376585337,7.219383956056167],[80.6069772795047,7.219429613002468],[80.60695757893417,7.219480629286879],[80.60695178704096,7.219483479314791],[80.60692025504429,7.219514577507185],[80.60689134101068,7.219525965535318],[80.60680652836301,7.219526667426645],[80.60678879626792,7.21952694298196],[80.60678583789999,7.219526989810968],[80.60672630789152,7.219519386901054],[80.60670836858904,7.219516810198578],[80.60669942013924,7.219516947039501],[80.60666774894656,7.219442865459436],[80.60662435387485,7.219388371283025],[80.60661829788918,7.219385502384282],[80.6065575182137,7.219353798358169],[80.60655449284889,7.219353816223013],[80.60651197059069,7.219348217222501],[80.60649982204461,7.219348287758742],[80.60649369725056,7.219345391703617],[80.60644777170549,7.219330964510426],[80.60643245582354,7.219328103013586],[80.60639849250654,7.219310598397918],[80.60636134357425,7.219293046473714],[80.60633005673594,7.219266534164579],[80.60632371684943,7.219257665093263],[80.60631037376507,7.21920724512438],[80.60631025555054,7.219201301988574],[80.60629698637368,7.219156662363682],[80.6062936476346,7.219144733338097],[80.60629024572084,7.219129813752621],[80.60629012570529,7.2191238443913],[80.60626728044794,7.219069956488273],[80.6062640436322,7.219063950697523],[80.60624128475115,7.219018830061395],[80.60623803526822,7.219012798945192],[80.6062378439514,7.21900377933682],[80.60621191742207,7.218961431926028],[80.60600695849382,7.218825720594385],[80.6058510887028,7.218693266732722],[80.60571860136123,7.218459510474855],[80.6055703620209,7.218350373256864],[80.60546907308017,7.218311478271629],[80.60502454113448,7.218248999604896],[80.60490412445195,7.218201718931359],[80.60486781203697,7.218187460680657],[80.60480625739673,7.218163291707442],[80.60468149994435,7.218069704414098],[80.60444750309217,7.218007304321856],[80.60406175546836,7.217786633301868],[80.60377369109125,7.218151777730601],[80.60289726559301,7.219262708579715],[80.60278218281543,7.219473217715382],[80.6026958266021,7.219750730450948],[80.60263819424654,7.220095249512468],[80.60260929309241,7.220487633494406],[80.60260919809313,7.220736467357527],[80.60260909578172,7.221004444440406],[80.60268559973302,7.221435149558605],[80.60288638003135,7.222679400796705],[80.60297448102514,7.22313072659321],[80.6031527242049,7.223996312355867],[80.60345576661786,7.225132407474576],[80.60318126164327,7.226546958381812],[80.60317670850816,7.226644669462416],[80.60272292766264,7.228249511509767],[80.60271842012209,7.228265456296217],[80.60240911703696,7.228861107648288],[80.60225086188025,7.229191230441502],[80.60210700130601,7.229463938063048],[80.60191282300173,7.229743802935121],[80.60166113032568,7.230059535701062],[80.60133039530584,7.230310636281184],[80.60104566203438,7.230558523229493],[80.60033023849851,7.23117554989581],[80.59995930301498,7.231596473971386],[80.59963032619942,7.231945709917874],[80.59954880893076,7.232089237470492],[80.59932330718763,7.232816512405358],[80.5992465342971,7.233079673924169],[80.59912507408023,7.233890741258969],[80.59911855860587,7.233974343435827],[80.59907128068198,7.235196771263211],[80.59921756725193,7.237002105433534],[80.59909255498123,7.238583397515847],[80.59885040287773,7.239931499795555],[80.59871383435313,7.240505850288518],[80.59835519466337,7.241618801270452],[80.59878872030067,7.242100148804064],[80.59896032093967,7.242181967497527],[80.59896036258851,7.242181986504134],[80.59907633036849,7.242238647438495],[80.59917457864678,7.242286649067045],[80.5992389533086,7.242318101394142],[80.59929380334778,7.242316665003579],[80.5993226659749,7.24231590848009],[80.59954159794613,7.242310171698853],[80.59960182433683,7.24232737777187],[80.59967755961388,7.242349014617],[80.59983859195067,7.242395019359273],[80.59986968336797,7.242426403522945],[80.59987106834706,7.242427801209316],[80.59995779791979,7.242515343403459],[80.59996532207043,7.242522937045464],[80.60002037393619,7.242540502779423],[80.6000835829248,7.242542426308926],[80.60010703626013,7.24254252582458],[80.60013248654936,7.242532859632616],[80.60018421130235,7.242489924332766],[80.60023194721133,7.242460462512152],[80.60028637747016,7.242444025250071],[80.60031508303807,7.242444308552259],[80.60034116135202,7.242452095652799],[80.60038053275922,7.242506006477591],[80.60041486597058,7.242570587943221],[80.60042034882571,7.242580898221156],[80.60047009488022,7.242668799495764],[80.60049482628844,7.242712503201409],[80.60049722556253,7.242716101448864],[80.60050876398343,7.242733398907982],[80.60055476393205,7.242743634411178],[80.60055568485565,7.242743743283437],[80.6006685881101,7.242757062070965],[80.60068506929153,7.24275761101676],[80.60069195156046,7.242757795438943],[80.60075507500619,7.242742174446643],[80.60091882086859,7.242694038224797],[80.60097660893878,7.242663675897767],[80.60101906093034,7.242638591500286],[80.60127713659192,7.242643977436964],[80.60177995284695,7.242602083434523],[80.6026722389882,7.243011320341005],[80.60339252576884,7.24324523880501],[80.60506447941317,7.243873206848896],[80.60544333963537,7.244099275195577],[80.60601371439816,7.244439621334291],[80.60725701464253,7.245652848091949],[80.60820063798872,7.245906490763826],[80.60868987036162,7.246405249411174],[80.60931801087425,7.246770750626744],[80.61000150363738,7.245888646457263],[80.61051061019319,7.244868884138802],[80.61085792471543,7.244114454782962],[80.61139619684958,7.243288480735456]]]]}},{"type":"Feature","properties":{"GND_N":"Mahakanda","GND_NO":"268","GND_C":"320","PROVINCE_N":"CENTRAL","PROVINCE_C":"2","DISTRICT_N":"KANDY","DISTRICT_C":"1","DSD_N":"GANGAWATA KORALE","DSD_C":"30","Admin_Code":"2130320","GND_NO_Cen":"268","GND_NAME_C":"Mahakanda","GND_NO_Gaz":"268","GND_NAME_G":"මහකන්ද","shape_1":"Polygon","Area__Ha_":240.943463745,"MWS_ID":"127-2","Alt_MWS":null,"Total_Pop":3754.0,"Density":1558.04185001,"Area_Sqkm":2.40943463745},"geometry":{"type":"MultiPolygon","coordinates":[[[[80.61602454965694,7.23577293773328],[80.61592167206845,7.235262464021273],[80.61619385377189,7.23505874943778],[80.6162754199193,7.235058854075517],[80.61630264364973,7.235058889868148],[80.61661145614943,7.234974940450382],[80.61674945070824,7.2349890950788],[80.61683248434284,7.235003256643448],[80.61750338651677,7.23506045238793],[80.61753149950722,7.23506048299146],[80.61763199684923,7.235103120727357],[80.61769019025385,7.235145676787012],[80.61816389333859,7.235330126220471],[80.6182210389944,7.23534435812],[80.61830732924133,7.235386819862168],[80.61837896796608,7.235415178394804],[80.61840727564174,7.235415303059981],[80.61879176585774,7.235444972648382],[80.61890606788789,7.235445347676689],[80.61900622784603,7.235445677096689],[80.61904919286982,7.235445817637594],[80.61929154299074,7.235332232881375],[80.61929234577921,7.235296847710897],[80.6192927797484,7.235173175133907],[80.61929304903184,7.235096272240554],[80.61929309689508,7.235094033198313],[80.61929710039965,7.234902754213571],[80.61930238167743,7.234784691804468],[80.61930376245952,7.234753816600598],[80.6193067285499,7.234626963549224],[80.61930808245103,7.234569068611459],[80.61931549525124,7.234344040331727],[80.61931668587052,7.234307907433203],[80.61932138001646,7.234206478601694],[80.61932672100318,7.234091149922572],[80.61934106843107,7.233976398580979],[80.61936409405128,7.233900156434986],[80.61936799420799,7.233887244305579],[80.6194006162474,7.233823319383915],[80.61945788923742,7.23370180144278],[80.61946868273625,7.23366188462113],[80.61947529810504,7.233637420930745],[80.61949163394911,7.233530899440366],[80.61953074100231,7.2333058305118],[80.61954137969269,7.233226395509758],[80.61955008003261,7.233161421484036],[80.61957311293462,7.233069098071409],[80.61961053059812,7.233015938722422],[80.61963682454119,7.232988758032544],[80.61965600554751,7.232968930510731],[80.6197174188611,7.232920028734194],[80.6197397024595,7.232899689534521],[80.61974306700293,7.232893226719532],[80.61978790974676,7.232807105279629],[80.61978818169095,7.23280629692449],[80.6197956810034,7.232784010193687],[80.61981846266548,7.232716303668392],[80.6198231718295,7.232702308454586],[80.6198821481661,7.232629983414514],[80.61989466873611,7.232620899449889],[80.61993060819523,7.232594823497585],[80.61996420904289,7.232578014056678],[80.61998351311522,7.232563615104922],[80.61999110992677,7.232557948624579],[80.61999373437634,7.232554849567929],[80.62006503297879,7.232470618131035],[80.62007089508539,7.232442919472467],[80.62008571407691,7.23237286985888],[80.62008725801533,7.232325554439848],[80.62008855120555,7.232285876694448],[80.62009626232495,7.232247989865368],[80.62009783360705,7.232194887807895],[80.62009827704962,7.232179895487863],[80.62009910047318,7.232155389105546],[80.62010101366731,7.23212184004722],[80.62010954807778,7.232057184264031],[80.6201139335856,7.231941526065513],[80.62012411576957,7.231827767085795],[80.62012660523604,7.2318090135583],[80.62013068716647,7.231778249597921],[80.62014753873768,7.231651257495473],[80.62014865267606,7.23164566294236],[80.62016014854397,7.231587958660008],[80.62018146393893,7.231480918862045],[80.62018191930947,7.23147863564797],[80.62019319946285,7.231439914460899],[80.62021229104069,7.231374379689606],[80.62022164824255,7.231286937505865],[80.62022050838705,7.231215106359558],[80.62022031869134,7.231203197501842],[80.62021665599286,7.231054890224019],[80.62021260177913,7.231018204797357],[80.62020474069743,7.230947092982541],[80.62020339877724,7.230896722732824],[80.62020370341546,7.230882457425417],[80.62020436799666,7.23085109816344],[80.62020605699891,7.230771584105296],[80.62020652916321,7.230749412516339],[80.62022520429694,7.230688739143046],[80.62020248561225,7.230657984987593],[80.62019444869692,7.230642692244054],[80.6200989034851,7.230460844443969],[80.62007298647477,7.230411517472925],[80.62002227037061,7.230269421095718],[80.61999735471566,7.230199613763224],[80.61997328624804,7.230146794090304],[80.61996320447946,7.230126659896112],[80.61987709185894,7.22995468668021],[80.61985924714035,7.22982851100793],[80.61984104922163,7.229699840235502],[80.61982096345157,7.229649465354242],[80.61980603404331,7.229624858607323],[80.61979544154724,7.229607406402716],[80.6197892882121,7.229594703324391],[80.61974820565538,7.229509904280357],[80.61971217339334,7.229485386135192],[80.61965385935851,7.229476413469822],[80.6196020648771,7.229465905720698],[80.61957635481463,7.229446996901975],[80.61957167380424,7.229437209806743],[80.6195439596612,7.22937925240444],[80.61952552026854,7.229281491587361],[80.6195286034969,7.229232066046401],[80.61952934471105,7.22922018101998],[80.61954324852732,7.229080831488433],[80.61955620567491,7.22901867130238],[80.61956202346168,7.228990770066302],[80.61957750876087,7.22894997043488],[80.61960697931278,7.22887232156311],[80.61965429722568,7.228739499937021],[80.6196644464209,7.228711013294119],[80.61970349829559,7.228644469861795],[80.61975460868574,7.228534975171979],[80.61975600923562,7.228517520756073],[80.61975816917509,7.228490600335213],[80.6197595188043,7.228473755403399],[80.6197586228577,7.228448524983188],[80.61973492077401,7.228383949455611],[80.61973393891532,7.228374160919793],[80.61972833202252,7.228318296449614],[80.61971557196927,7.228297401712841],[80.61964331739189,7.228259122964217],[80.61961769882566,7.228245551388397],[80.61952770327464,7.228203469344304],[80.61945935535994,7.228143853023474],[80.6193559457589,7.228134050925462],[80.61929854653893,7.228098762350205],[80.61926135063008,7.228064224069329],[80.61925304313175,7.228056508388226],[80.61924880293073,7.228052571391134],[80.6192371713463,7.228041771788065],[80.61916329577986,7.227990832134578],[80.61911621614658,7.227966038842858],[80.61903047264913,7.227933183889402],[80.6189609352708,7.227909284423143],[80.61889334037583,7.227882517161611],[80.61885282835156,7.227866474358991],[80.61877894160124,7.227850623486519],[80.6187072120181,7.227842144338886],[80.61865235290158,7.227835659583276],[80.61860452575382,7.227830538233615],[80.61857185229164,7.227827039021512],[80.6185102877738,7.227791478519757],[80.61845036523344,7.227723997513615],[80.61841342917609,7.227676814357029],[80.61840709862545,7.227668729484979],[80.61840089523646,7.227664747489041],[80.61838364983755,7.227639437248854],[80.61837964382295,7.22763393135569],[80.61830953963991,7.227578822218188],[80.61830337889914,7.227577198663367],[80.61826353948062,7.227554092515387],[80.61825895397693,7.227551031661171],[80.61823147276932,7.227529720319928],[80.61822384246382,7.227525124707873],[80.6182207895142,7.227523582713078],[80.61819489169139,7.227490436374055],[80.6181948931147,7.227488947888391],[80.61818726839863,7.227460479527907],[80.61818726828213,7.227453005446375],[80.61818573987026,7.227449994484497],[80.61817960131256,7.227418452002214],[80.61817959744826,7.227413942231434],[80.6181733994205,7.227368538540076],[80.61817185562766,7.227365490496326],[80.61815004297262,7.22728735729858],[80.61815000273097,7.227278090870414],[80.61811697351239,7.227191107866259],[80.61809649688836,7.227153620025906],[80.61809328333597,7.227142605378748],[80.61808700250354,7.227134806279995],[80.6180822849995,7.227128560415712],[80.61805547017887,7.227089400121709],[80.61805074000414,7.227083137070895],[80.61804605942866,7.227080065329923],[80.61804223520537,7.227033611658239],[80.61804368361913,7.227027104781739],[80.61804353124464,7.22701740153521],[80.61804187543767,7.227010974968285],[80.61804024351758,7.227006164402838],[80.61816506892234,7.226859620777534],[80.61819355436619,7.226727234966559],[80.61837297742166,7.226283339421802],[80.61834973993022,7.225971910383693],[80.61842001020487,7.225707143327302],[80.61841255665543,7.225660404446546],[80.61840349204128,7.225603566631817],[80.61843001839962,7.225372815226613],[80.61844351272745,7.225255422097552],[80.61845151552346,7.225029491453429],[80.61835641632676,7.224804594892555],[80.61834883993014,7.224777884518177],[80.61834631290955,7.224763900371479],[80.61834156296999,7.224754635023391],[80.61833674492296,7.224740710671282],[80.61833429867484,7.224731423513677],[80.6183318551418,7.22472214087851],[80.618319284991,7.224650339211976],[80.61831678599707,7.224636488911941],[80.61831658072968,7.224622625842154],[80.61831415437669,7.224613418270163],[80.61831408625329,7.224608805385733],[80.61830843772007,7.224535266233912],[80.61830589047078,7.224516960405341],[80.61830572601656,7.224505519983244],[80.6183033459292,7.22449868080253],[80.61830191285085,7.224398549303686],[80.61830171744927,7.224384961145971],[80.618301588386,7.224375910814736],[80.61830372587777,7.224366859460363],[80.61830366043802,7.224362341528879],[80.61831643254216,7.224311570121598],[80.61826463520954,7.224133881517202],[80.61827243632885,7.224079344669247],[80.61813216517477,7.223830046001295],[80.61792638847513,7.223670007502072],[80.61792168550058,7.223666350666869],[80.61787546198917,7.223641902995061],[80.61769244300673,7.223545107649702],[80.61765690986384,7.223539933514318],[80.61764318661524,7.223531825260562],[80.61764041748708,7.22353184419175],[80.6175934539975,7.223515714937982],[80.61758236214553,7.223513040663978],[80.61756850484346,7.223507631712375],[80.61752677256042,7.223496876750085],[80.61751282375134,7.223494202383915],[80.6175072502392,7.223491476675719],[80.61745973269751,7.22347239646752],[80.61744571604427,7.223466930485506],[80.61743730284418,7.2234614293788],[80.61743168768596,7.223458681951865],[80.61736685688383,7.223456221352886],[80.61736120725234,7.223456246512828],[80.6173470754747,7.223456314835522],[80.61732443981936,7.2234564226954],[80.61728190691446,7.223453840542152],[80.61727054969586,7.223453895361198],[80.61726202680263,7.223453933082405],[80.61722787281559,7.22345130230106],[80.61721360799744,7.223448574461567],[80.61717926950786,7.223437535382528],[80.61716778295035,7.223431980748726],[80.61715344660236,7.223429234796285],[80.61711889269745,7.223415327181508],[80.61710737256797,7.22341255508158],[80.61709584066732,7.223409781168656],[80.6170871756889,7.223406996500477],[80.61705228158459,7.223384539460625],[80.61704349272445,7.223376082041911],[80.61703758256027,7.223367608446678],[80.61703126026872,7.22333359351152],[80.61703103524049,7.223319382276795],[80.6170250536529,7.223308001315238],[80.617013017241,7.223282338355271],[80.61700705821464,7.223273765268989],[80.61700114165531,7.223268043471745],[80.61698331873986,7.223247979755892],[80.6168939802974,7.223125044415077],[80.61688525474071,7.223119431959648],[80.61687943323696,7.223113792485868],[80.61686194591282,7.223102540432517],[80.61685318423645,7.223094057699179],[80.61677983516715,7.223037323067418],[80.61676802650221,7.223025901178988],[80.6167474308167,7.22300597845999],[80.61669749338468,7.222926087324199],[80.61664295546626,7.222708046579891],[80.61665041435727,7.222370039798485],[80.61665086248381,7.222349719312844],[80.61670105914989,7.222196444486825],[80.61677579114397,7.22196825835598],[80.61653408956118,7.221672155762507],[80.61648726283529,7.221584439835009],[80.61640937699572,7.221438546294017],[80.61622239029396,7.221267086830478],[80.615840287696,7.221095558694816],[80.6157978138216,7.22105465106857],[80.61562190502154,7.220885230853277],[80.61527107541201,7.220705941665475],[80.61515412099604,7.220550189856294],[80.6150059922656,7.220519052011912],[80.61463932301685,7.220721402480137],[80.61447558482632,7.220822513565057],[80.61429615769048,7.220876989425376],[80.61414801783833,7.220876937692595],[80.61387267937515,7.220826124489619],[80.61334484035518,7.220728712575627],[80.61314210593552,7.220674099655525],[80.61285347831605,7.220650681534283],[80.61268979765724,7.220588310808443],[80.61254417629834,7.220567811313251],[80.61219065099297,7.220518047864765],[80.61218877412088,7.220517255018279],[80.6118398127401,7.220369843365092],[80.6117801914108,7.220348762409893],[80.61171217601976,7.220324716819437],[80.61133292477723,7.220190635067737],[80.61111465392639,7.220065930186347],[80.61090859672747,7.22001901162221],[80.61079765540661,7.219993750320155],[80.6107715729799,7.219987810424653],[80.61070918913177,7.219948930701211],[80.61048499852035,7.219912918518816],[80.6100748944587,7.219847045292323],[80.60985203771472,7.219811249416034],[80.60963045319734,7.219775656460798],[80.60944577214649,7.219745990147344],[80.60919825827122,7.219650407661844],[80.60915831034428,7.219634980958344],[80.60905206564031,7.219593951685843],[80.60889918600094,7.219526949013914],[80.60888029435911,7.219518668595483],[80.6086129549732,7.219401500900305],[80.60861245248789,7.219401280969508],[80.60862091561572,7.219383830993656],[80.60861964258787,7.219383450717707],[80.60858358493897,7.219372668096239],[80.60858094721215,7.21937002926895],[80.60857694796769,7.219368784379417],[80.60857292286889,7.219368895033534],[80.60850495573429,7.219345016285315],[80.60850095196298,7.219343770489157],[80.60849694819203,7.219342523788684],[80.60843260334929,7.21932796251199],[80.60842716743541,7.219328094349066],[80.60842308800916,7.219328195034518],[80.60835043049308,7.219311074217446],[80.60834109684778,7.219307256423185],[80.60833835670728,7.219307317811483],[80.6082887221704,7.219309797227012],[80.6082685914651,7.219304852308411],[80.60824455377538,7.219298948290882],[80.60824161545256,7.219308471348602],[80.60819809453682,7.21944951423106],[80.60798750325702,7.219605289028335],[80.60781601079339,7.219628539615526],[80.60729350627518,7.219597119805912],[80.6072574491442,7.219609362492229],[80.60718293221466,7.219634663552849],[80.60692686346995,7.219721608812673],[80.60656807698263,7.220025264037907],[80.60624815010148,7.220461331821386],[80.60595943471301,7.220671474977866],[80.60578009632263,7.220866115652642],[80.60576155238921,7.220908612854657],[80.60570192738085,7.221045251813409],[80.60567071808183,7.221263262598976],[80.60554584266215,7.221481238324646],[80.60550670690215,7.221707158791619],[80.60558475619541,7.221847354344372],[80.60563823832842,7.221869768562161],[80.60582638147451,7.221948614718459],[80.60599800156172,7.221964361285322],[80.60606037763682,7.222018784833934],[80.6060759156568,7.222088874253106],[80.60606316886589,7.222121792519203],[80.60603682584505,7.222190170733646],[80.60596966193452,7.222320262449756],[80.60594671816057,7.222364702267625],[80.60590415540445,7.222447141778827],[80.6058579250229,7.222677539543354],[80.60584164304251,7.222758678530371],[80.60576371298207,7.222864994727215],[80.6056076398391,7.22307792541783],[80.60553204496499,7.223266425656385],[80.60542027450681,7.223545125760107],[80.60520961887316,7.223864378452644],[80.60514399349974,7.224024347021175],[80.60513937375535,7.22403560568857],[80.60513150453137,7.224269308514324],[80.60526392494437,7.224682088269272],[80.60535643016323,7.224854812591406],[80.60538071407268,7.224900155391087],[80.60540412686063,7.225094870900667],[80.60532614019682,7.225164925268635],[80.60509213573889,7.225110437199743],[80.60478014555878,7.225125864022391],[80.60463642052021,7.225203017644699],[80.6046117615274,7.225304618734434],[80.60458619964737,7.225504668407611],[80.604591924474,7.225689226465168],[80.6044697292172,7.225984572408364],[80.60440298700233,7.226383310276621],[80.6043589383997,7.226777224083285],[80.60426577748568,7.227095248195943],[80.60414997001298,7.227415021696764],[80.60402930507286,7.227703674399037],[80.60394083409675,7.227819617090466],[80.60381559736669,7.22793505933399],[80.60367092304313,7.228010164009872],[80.60354811814439,7.228045485725934],[80.60354234604266,7.228191270974464],[80.60354111240527,7.228342109386845],[80.60354143091162,7.22839516052561],[80.6035418782243,7.228469074015683],[80.60354817067358,7.228588624538586],[80.60360653328605,7.228709190435935],[80.60363666997011,7.228756317019191],[80.60366971102953,7.228785989817322],[80.60371075666266,7.228826344575506],[80.6037310839574,7.228846330166681],[80.60376376570872,7.228870758760928],[80.6037842165373,7.228908837718931],[80.60379316818862,7.228941305635662],[80.60379321245483,7.22894396882887],[80.6037944081781,7.229014464330565],[80.60379404136059,7.229026581870559],[80.6038372334635,7.229032746585492],[80.60385203526646,7.229035705645568],[80.6039237498094,7.229050043397171],[80.603937379928,7.22905276960505],[80.60401044780164,7.229075494374043],[80.60406920515547,7.229108343740604],[80.60416056062859,7.229145093020308],[80.60421733128554,7.229163470938493],[80.60415963154593,7.229324361069382],[80.60414164873924,7.229385446367363],[80.60405017242972,7.229442793526439],[80.60386303549264,7.229432682252619],[80.60373950223386,7.229439202543988],[80.60373656245183,7.229444982648504],[80.60370096604105,7.229484059531039],[80.60369407378121,7.229491628660692],[80.60365602758714,7.22952905154306],[80.60360591776389,7.229616387450688],[80.60357460019611,7.229662171361062],[80.60353968560833,7.22971321333931],[80.60352337220213,7.229746577792727],[80.60348323697053,7.229795665393372],[80.60345334098477,7.229832188852887],[80.6034138492075,7.229860838508568],[80.60335569718856,7.229902867495157],[80.60330216087303,7.229946886791848],[80.60327408398787,7.229964691829864],[80.6032349853122,7.229995410666946],[80.60321104004296,7.230014223761013],[80.60318730229862,7.230044508937252],[80.60315842360332,7.230098986820663],[80.60315495196052,7.230105537186128],[80.60313834878997,7.230186283443131],[80.6031356957447,7.230254649649605],[80.60313395428666,7.230309539355181],[80.6031330311373,7.230358101050085],[80.6031328319582,7.23040313532894],[80.6031328420472,7.230405175443299],[80.60313321303077,7.230491469727001],[80.60313333294539,7.230518976900881],[80.603148584195,7.230594931598725],[80.60314905870622,7.230597295630513],[80.6031745618297,7.230682309926912],[80.60321109758243,7.230806845607094],[80.60323494896805,7.230872952078135],[80.603239684511,7.230886073523791],[80.60326554076819,7.230997403203808],[80.6032820713062,7.231105022596996],[80.60328412085643,7.231189846213041],[80.60328268674402,7.2312699634105],[80.60328245637052,7.231282808061004],[80.60326666300047,7.231377121902651],[80.60324845589855,7.231458321510039],[80.60324217157907,7.231486351650699],[80.60320235982046,7.231636630988694],[80.60317192293851,7.231721033511234],[80.60315041876979,7.231780666916089],[80.60309749503526,7.23188229149739],[80.60312773860154,7.231889356569506],[80.60318387848538,7.231897968799631],[80.60325350215595,7.231934709103597],[80.60348059752809,7.231978020161164],[80.60355892619259,7.231981668898725],[80.60361642948692,7.231979339511418],[80.60368480991416,7.23194690000245],[80.60373415804843,7.231927292585055],[80.60377076045559,7.231912748960186],[80.60385535580463,7.231867929310701],[80.60394121376011,7.23183667287852],[80.6040304270723,7.231792666104005],[80.60408259296914,7.231773786774355],[80.60415258539992,7.231779081708438],[80.60421353255873,7.231783693177842],[80.60432472630377,7.231804082019233],[80.60441500031646,7.231804636068076],[80.60451271702242,7.231805238121245],[80.60464049098749,7.231802752430815],[80.60468587585251,7.23180372447745],[80.60476147684699,7.231805344529925],[80.60476518504206,7.231805423696549],[80.60491469283866,7.231801229743654],[80.60507153191682,7.23180436245845],[80.6051726804341,7.231810369782951],[80.60523010026728,7.231810777489256],[80.60532028460379,7.231811419947],[80.60536828393701,7.231814418548884],[80.60539453791667,7.231816057956618],[80.60544325786698,7.231812369490276],[80.60546561770546,7.231805118121415],[80.60549116727739,7.231796832519047],[80.60558335438635,7.231788639717795],[80.6055994874679,7.231789138609843],[80.60563660098096,7.231790286514341],[80.60568306368864,7.231766521619549],[80.60589261544,7.231751046027134],[80.60590619814685,7.231750055469173],[80.60597176028611,7.231749086159173],[80.6060587778961,7.231759426855261],[80.60625333119322,7.23183057513882],[80.60627363626836,7.23183800072756],[80.60631102922588,7.231857095506554],[80.60635752880626,7.231892031667407],[80.60636317422804,7.231896271344026],[80.60638327347118,7.231906858299334],[80.60642808685401,7.231934729398201],[80.60649774405194,7.231957622516148],[80.60679839539279,7.231841834321236],[80.60691541286786,7.23158538636959],[80.60753261498024,7.231668917274313],[80.60766286240471,7.231853067431489],[80.6078659184118,7.232131263207454],[80.60822504125152,7.232768270366186],[80.60865797872758,7.232921383987118],[80.60879586223695,7.232887938379022],[80.60917317047142,7.232826091443017],[80.60934450797227,7.232942202775407],[80.60943267909722,7.233234811953226],[80.60940989575549,7.233467936010134],[80.60939013035927,7.233684460852278],[80.60952638218156,7.233813933017531],[80.60983508401829,7.233943763020112],[80.61007928548706,7.234053073215647],[80.6101907388921,7.234244756802988],[80.61020992722263,7.234290333513234],[80.61024632516413,7.234376790156625],[80.61024845753711,7.234513557037133],[80.61021054835186,7.234612400869799],[80.61020966731174,7.234614698386048],[80.61019091620373,7.234663590000507],[80.61018879591144,7.234766136447434],[80.61019866807833,7.234766683535911],[80.61029608388846,7.23476733489451],[80.61032616908793,7.234767537574834],[80.61035569012805,7.234767735526038],[80.61038206188024,7.234767292080173],[80.61040314153249,7.234766938943655],[80.61042686401407,7.234775356713616],[80.6104674211092,7.23480765606042],[80.61052536335981,7.234844120630038],[80.61053875591493,7.23486564795211],[80.61055594001176,7.234929407672287],[80.61057808929719,7.234975745060708],[80.61059484920938,7.23501080833161],[80.61062553013412,7.235058567676433],[80.61065956667129,7.235092490573251],[80.61066924662124,7.235118538063146],[80.61067617446841,7.235127532082579],[80.61068499584457,7.235138980168657],[80.61069503726995,7.235149703446178],[80.61073179488632,7.235188949159215],[80.61074718335465,7.235205380541168],[80.61078190367445,7.235244086543967],[80.61079579108099,7.235259565146025],[80.6108404302523,7.235275136311918],[80.61091247152366,7.235300782337085],[80.61094518866626,7.23531243171494],[80.61101273349286,7.23534157484535],[80.61106153177384,7.235372428436603],[80.61106914085045,7.235383253913975],[80.61109230477548,7.235416208844606],[80.6111105012204,7.235433125036414],[80.6112177286796,7.235489142184671],[80.61123833977194,7.235499909072373],[80.61130398044563,7.235536014614382],[80.61131926728716,7.235548114322257],[80.611351869742,7.235573922324884],[80.6113902619482,7.235583340999677],[80.61144564092267,7.235586882417723],[80.61148552526662,7.235589434336696],[80.61153451344764,7.235596235256566],[80.6115547033038,7.235607455938555],[80.6116305831067,7.235616235249442],[80.61163230630928,7.235616436628308],[80.61173635254036,7.235622804381112],[80.61182373412429,7.235623284493561],[80.61184175920759,7.235623384148625],[80.61186857954772,7.235619648207182],[80.61190650982552,7.23561436448954],[80.61200867219343,7.235571536431133],[80.6120611137007,7.235544608887222],[80.61216453136251,7.235536236151832],[80.61222466191288,7.235534448313174],[80.61232127405215,7.235561884452293],[80.61242946791889,7.235620431911053],[80.61248651053062,7.235638718486738],[80.61250828504338,7.235645183055441],[80.61258837393083,7.235668959803427],[80.6126553808159,7.235678569522207],[80.61273279430281,7.235713503496848],[80.6127701461852,7.235747732181283],[80.6127960727994,7.235771492147513],[80.61283276875061,7.235796540996137],[80.61285319945118,7.235810488185979],[80.61291150805705,7.235836372226026],[80.61293975599683,7.235849042626695],[80.61294681820905,7.235852208418071],[80.61297497743776,7.235864791067225],[80.61302876296804,7.235870052613627],[80.61305583734224,7.235882633964456],[80.61308382770625,7.235903985587425],[80.61311703627877,7.235929317114889],[80.61316474943231,7.235956463351246],[80.61324370729902,7.235975392508017],[80.61326383501017,7.23597827450098],[80.61337672786227,7.235994429624591],[80.61344446113931,7.236001327479188],[80.6135083861808,7.23601934600354],[80.61357312943453,7.236033477206265],[80.61364909297029,7.236061627320757],[80.61371702307547,7.236085367877679],[80.61377549400262,7.236105802527389],[80.61448152427823,7.236136638529857],[80.61602454965694,7.23577293773328]]]]}}]}