{
"type": "FeatureCollection",
"name": "SED_PPL_MWS_115_2",
"crs": { "type": "name", "properties": { "name": "urn:ogc:def:crs:OGC:1.3:CRS84" } },
"xy_coordinate_resolution": 1e-15,
"features": [
{ "type": "Feature", "properties": { "GND_N": "Dembaralawa", "GND_NO": "486", "GND_C": "030", "PROVINCE_N": "CENTRAL", "PROVINCE_C": "2", "DISTRICT_N": "KANDY", "DISTRICT_C": "1", "DSD_N": "HARISPATTUWA", "DSD_C": "33", "Admin_Code": "2133030", "GND_NO_Cen": "486", "GND_NAME_C": "Dembaralawa", "GND_NO_Gaz": "486", "GND_NAME_G": "දෙඹරලාව", "shape_1": "Polygon", "Area__Ha_": 125.684629602, "MWS_ID": "115-2", "Alt_MWS": null, "Area": 1.25684629602, "Tot_Pop": 1296.0, "Density": 1031.1523406700001 }, "geometry": { "type": "MultiPolygon", "coordinates": [ [ [ [ 80.583982728302004, 7.367711950731413 ], [ 80.583947536058346, 7.36752120470975 ], [ 80.583857052389746, 7.367271994658092 ], [ 80.583831551101497, 7.367103403570423 ], [ 80.583873717155569, 7.366718935930213 ], [ 80.583882843026075, 7.366702750208129 ], [ 80.583997501992599, 7.366218813804267 ], [ 80.584005416099174, 7.366218888644165 ], [ 80.58411160549295, 7.366085844202706 ], [ 80.584409407465756, 7.366217242588482 ], [ 80.584621558677057, 7.366277694483408 ], [ 80.58465582705297, 7.366255821529891 ], [ 80.584857688933042, 7.365983238561269 ], [ 80.584678678865728, 7.36545917190084 ], [ 80.584679109779955, 7.365440785897936 ], [ 80.584580200963771, 7.364930498808081 ], [ 80.584520919895638, 7.364426687165241 ], [ 80.58437782525597, 7.3638903870397 ], [ 80.583509174393157, 7.363480714059663 ], [ 80.58346729958663, 7.363478542892657 ], [ 80.583206288882963, 7.363310442572339 ], [ 80.582642037506616, 7.362915317250407 ], [ 80.582356150471028, 7.362711248084874 ], [ 80.58056137561961, 7.360521483663 ], [ 80.578862946929661, 7.359105660211808 ], [ 80.578598724590577, 7.358660121769036 ], [ 80.578479434036353, 7.358199851971097 ], [ 80.578466175553046, 7.358179984115687 ], [ 80.57828945101231, 7.357822079851513 ], [ 80.578094100280097, 7.35768773325806 ], [ 80.578066082937028, 7.357685707896051 ], [ 80.577971669417792, 7.357575684489127 ], [ 80.577874381497367, 7.357388960851272 ], [ 80.577749738311937, 7.357076317853231 ], [ 80.577757218668552, 7.356790467141 ], [ 80.577492276310878, 7.356462106681668 ], [ 80.577479521134592, 7.356441127639009 ], [ 80.577260358898855, 7.356328729199619 ], [ 80.577221459708383, 7.356323944462047 ], [ 80.577204328751378, 7.356318965925512 ], [ 80.577062454177323, 7.35624446648725 ], [ 80.577037952214795, 7.356228494733804 ], [ 80.577017428005959, 7.356217734408673 ], [ 80.576993099006316, 7.356201869436918 ], [ 80.576885266144231, 7.355904321894157 ], [ 80.576878546223526, 7.355889691883799 ], [ 80.576914809427393, 7.35553139349439 ], [ 80.576918386652068, 7.355496370719051 ], [ 80.576921489884057, 7.355465990398809 ], [ 80.577041170989318, 7.355222283757064 ], [ 80.577095882925931, 7.3547671721538 ], [ 80.576876655425735, 7.35419018676522 ], [ 80.576764423877634, 7.353884023785279 ], [ 80.576815189620305, 7.353726569196946 ], [ 80.576861058753551, 7.353617497796495 ], [ 80.576916736726261, 7.353591577346071 ], [ 80.576936924701741, 7.353582177102479 ], [ 80.577076798248399, 7.353573789521638 ], [ 80.577250682641605, 7.353591513234385 ], [ 80.577263763433066, 7.353548278218961 ], [ 80.577285031050636, 7.353477988428955 ], [ 80.577378340924895, 7.353305829774023 ], [ 80.577252572934995, 7.353050842361091 ], [ 80.577236120182846, 7.353032432589113 ], [ 80.576875632634454, 7.352863221989888 ], [ 80.576837121958931, 7.352847102021961 ], [ 80.576668241626095, 7.352835102782842 ], [ 80.576628319054691, 7.352836729923353 ], [ 80.576604956588426, 7.352843477338085 ], [ 80.576320918900421, 7.352883198632695 ], [ 80.576240246973953, 7.35288597591403 ], [ 80.576078298639331, 7.352926605172928 ], [ 80.575993413461461, 7.352756505863696 ], [ 80.575967914739309, 7.352741910855936 ], [ 80.575903287152272, 7.352603211480538 ], [ 80.575691444872049, 7.352571969103971 ], [ 80.575487897144541, 7.352548353575769 ], [ 80.575268569138643, 7.352503755687257 ], [ 80.575251191073278, 7.35248266237743 ], [ 80.575091129018659, 7.352315280968575 ], [ 80.575015850890921, 7.352015004853211 ], [ 80.574882320953435, 7.351878908622084 ], [ 80.574838045485137, 7.351833779631752 ], [ 80.574818485447423, 7.351852809934686 ], [ 80.574723416325085, 7.351963725482699 ], [ 80.574620211709345, 7.352039728732375 ], [ 80.574559972009084, 7.352082236196141 ], [ 80.574482669933005, 7.352136786647657 ], [ 80.57436799219613, 7.352193420938863 ], [ 80.574330280277053, 7.352212045152995 ], [ 80.574271756023876, 7.35222865696683 ], [ 80.574121740157921, 7.352270365204209 ], [ 80.573965558363156, 7.352318492932582 ], [ 80.573899786186502, 7.35234658510653 ], [ 80.573854105929982, 7.352403354397477 ], [ 80.573822098800193, 7.352473603898071 ], [ 80.573810906058995, 7.352499347824135 ], [ 80.573767423550208, 7.352599365244033 ], [ 80.573721001203381, 7.352698546663454 ], [ 80.573603511212639, 7.352909918425444 ], [ 80.573519451699227, 7.353002340357797 ], [ 80.573334263455166, 7.353205950573422 ], [ 80.57316820298901, 7.353271345629036 ], [ 80.573017017413775, 7.353284928383831 ], [ 80.572904059330895, 7.35329771998984 ], [ 80.572777594896223, 7.35333455433415 ], [ 80.572720429486708, 7.353348396691736 ], [ 80.572699686370555, 7.353353419689659 ], [ 80.572662273127193, 7.353360273552525 ], [ 80.57261969917306, 7.353368031174115 ], [ 80.57252945965746, 7.35341564576113 ], [ 80.572526287036183, 7.353418809361635 ], [ 80.572493114628998, 7.35346554648246 ], [ 80.572436953019817, 7.353566289571457 ], [ 80.572419682630851, 7.353597269292432 ], [ 80.572360954387236, 7.353671301861724 ], [ 80.572299612793032, 7.353731706369065 ], [ 80.57210086034641, 7.353538916341323 ], [ 80.571993310110813, 7.353453870577802 ], [ 80.571400979719485, 7.353081017790617 ], [ 80.570753787086474, 7.352728739901733 ], [ 80.569997707995029, 7.35267811911492 ], [ 80.569290441412164, 7.352943917093816 ], [ 80.568596999526321, 7.35299056198641 ], [ 80.568049092520724, 7.353140839922589 ], [ 80.567845901042389, 7.35320452651038 ], [ 80.567576381355423, 7.353289002677598 ], [ 80.567830292474142, 7.353538398594759 ], [ 80.567796782760112, 7.353747892489636 ], [ 80.567797286506249, 7.353904851658567 ], [ 80.567867974461905, 7.354066285374494 ], [ 80.567869952585696, 7.354074328212745 ], [ 80.567869460850687, 7.35408768265099 ], [ 80.567921186104158, 7.3542101992331 ], [ 80.567925595605203, 7.354221642455975 ], [ 80.567927807593293, 7.354227383061005 ], [ 80.568089326800944, 7.354340331633807 ], [ 80.568101483685211, 7.354343736534972 ], [ 80.568194138466396, 7.35435298621331 ], [ 80.568250315561315, 7.354392409823698 ], [ 80.568337744072622, 7.354638748505419 ], [ 80.568355333544133, 7.354950440916962 ], [ 80.568352792124685, 7.35506084181278 ], [ 80.568421178889025, 7.355311684990293 ], [ 80.568602305081782, 7.355606654070848 ], [ 80.568663848707487, 7.355654960321552 ], [ 80.568716928647575, 7.355617361608531 ], [ 80.568824637060558, 7.355593629359617 ], [ 80.568830194728363, 7.355590372843815 ], [ 80.56888110284045, 7.35571600695859 ], [ 80.568961076814404, 7.355924214171676 ], [ 80.568978434846699, 7.35603298116729 ], [ 80.568993046347103, 7.356124530874261 ], [ 80.568996957527744, 7.356284684687597 ], [ 80.568984946236526, 7.356396810220771 ], [ 80.568964879788311, 7.356500884682206 ], [ 80.568920714486381, 7.356609021851001 ], [ 80.568888704491272, 7.356685054843283 ], [ 80.568872622613469, 7.356789132951108 ], [ 80.568860723749012, 7.356840465318771 ], [ 80.56886020579492, 7.356992232429983 ], [ 80.568862578016564, 7.357152293286434 ], [ 80.5689192956292, 7.357312111624629 ], [ 80.569154241901387, 7.357536939139345 ], [ 80.569369140564362, 7.35764003973342 ], [ 80.569555853394206, 7.357696462756113 ], [ 80.56971112216911, 7.357743382411163 ], [ 80.569917440448194, 7.357985562467629 ], [ 80.569980136970784, 7.358086262267636 ], [ 80.570026925818013, 7.358130122347653 ], [ 80.570052369067639, 7.358202280727803 ], [ 80.570122267774607, 7.358314550693907 ], [ 80.570319825230314, 7.358504546762994 ], [ 80.570450629071814, 7.358874736773452 ], [ 80.570470179068693, 7.358917864471437 ], [ 80.570533698263318, 7.359057982000127 ], [ 80.570553018435945, 7.359100601373791 ], [ 80.570810115362832, 7.35926010995945 ], [ 80.571267387304658, 7.359580868551319 ], [ 80.571633886723802, 7.360090689217009 ], [ 80.571757890171938, 7.360406007499833 ], [ 80.571957428214702, 7.360734993406277 ], [ 80.57208776055657, 7.361330315750865 ], [ 80.573225701217467, 7.362329753741681 ], [ 80.573547613383568, 7.362413827470082 ], [ 80.574061929198365, 7.362481321704192 ], [ 80.574544492535864, 7.362559618254144 ], [ 80.574794516785246, 7.36263069288049 ], [ 80.575660618007632, 7.362747514646656 ], [ 80.576028697088873, 7.362812258941497 ], [ 80.576763668432136, 7.362720129860276 ], [ 80.577177639052678, 7.36256911736838 ], [ 80.577589109567057, 7.362387132985742 ], [ 80.578068161864095, 7.362479317826206 ], [ 80.578358315663664, 7.362575483514308 ], [ 80.57850578160533, 7.362798495165895 ], [ 80.57851981392345, 7.362805788196026 ], [ 80.578776574310126, 7.363149734556126 ], [ 80.578949032492147, 7.36338806504462 ], [ 80.57917353698744, 7.363870592360405 ], [ 80.579425432013736, 7.364184718806877 ], [ 80.579815651762416, 7.364311518160638 ], [ 80.579968088446094, 7.364818254967052 ], [ 80.580127095957593, 7.365047579545413 ], [ 80.58059782550697, 7.365403883606636 ], [ 80.580547909729361, 7.365797766669457 ], [ 80.580901235992783, 7.365915033049038 ], [ 80.581162097731038, 7.366070941093352 ], [ 80.581514917339405, 7.366187714837801 ], [ 80.581955850958394, 7.366249768631062 ], [ 80.582197696022291, 7.366350588851733 ], [ 80.582308199985889, 7.366780818487605 ], [ 80.582198603956172, 7.367257420929146 ], [ 80.582182771531421, 7.36755406715161 ], [ 80.58269349034147, 7.367563614431097 ], [ 80.582708772941714, 7.367570840956855 ], [ 80.583189738074083, 7.367660352708988 ], [ 80.583204505054766, 7.367659716125666 ], [ 80.583241757000849, 7.367665925735055 ], [ 80.583665226298834, 7.367891556929275 ], [ 80.583940132973254, 7.368400659251845 ], [ 80.583921109932234, 7.36806434992929 ], [ 80.583982728302004, 7.367711950731413 ] ] ] ] } },
{ "type": "Feature", "properties": { "GND_N": "Ihagama", "GND_NO": "489", "GND_C": "015", "PROVINCE_N": "CENTRAL", "PROVINCE_C": "2", "DISTRICT_N": "KANDY", "DISTRICT_C": "1", "DSD_N": "HARISPATTUWA", "DSD_C": "33", "Admin_Code": "2133015", "GND_NO_Cen": "489", "GND_NAME_C": "Ihagama", "GND_NO_Gaz": "489", "GND_NAME_G": "ඉහගම", "shape_1": "Polygon", "Area__Ha_": 81.774797485799994, "MWS_ID": "115-2", "Alt_MWS": null, "Area": 0.81774797485999995, "Tot_Pop": 969.0, "Density": 1184.96166275 }, "geometry": { "type": "MultiPolygon", "coordinates": [ [ [ [ 80.580547909729361, 7.365797766669457 ], [ 80.58059782550697, 7.365403883606636 ], [ 80.580127095957593, 7.365047579545413 ], [ 80.579968088446094, 7.364818254967052 ], [ 80.579815651762416, 7.364311518160638 ], [ 80.579425432013736, 7.364184718806877 ], [ 80.57917353698744, 7.363870592360405 ], [ 80.578949032492147, 7.36338806504462 ], [ 80.578776574310126, 7.363149734556126 ], [ 80.57851981392345, 7.362805788196026 ], [ 80.57850578160533, 7.362798495165895 ], [ 80.578358315663664, 7.362575483514308 ], [ 80.578068161864095, 7.362479317826206 ], [ 80.577589109567057, 7.362387132985742 ], [ 80.577177639052678, 7.36256911736838 ], [ 80.576763668432136, 7.362720129860276 ], [ 80.576028697088873, 7.362812258941497 ], [ 80.575660618007632, 7.362747514646656 ], [ 80.574794516785246, 7.36263069288049 ], [ 80.574544492535864, 7.362559618254144 ], [ 80.574061929198365, 7.362481321704192 ], [ 80.573547613383568, 7.362413827470082 ], [ 80.573225701217467, 7.362329753741681 ], [ 80.57208776055657, 7.361330315750865 ], [ 80.571957428214702, 7.360734993406277 ], [ 80.571757890171938, 7.360406007499833 ], [ 80.571633886723802, 7.360090689217009 ], [ 80.571267387304658, 7.359580868551319 ], [ 80.570810115362832, 7.35926010995945 ], [ 80.570553018435945, 7.359100601373791 ], [ 80.57038533311011, 7.359187538550169 ], [ 80.570269093102411, 7.359295536902652 ], [ 80.570029015351722, 7.359418690310198 ], [ 80.569745772359838, 7.35957296226274 ], [ 80.569447862549524, 7.359732740758925 ], [ 80.569280690025636, 7.359804793912498 ], [ 80.569032609600299, 7.359965567268594 ], [ 80.568926725063605, 7.360048383554917 ], [ 80.568799717068117, 7.360174143252218 ], [ 80.568703231523344, 7.360281331033996 ], [ 80.56870067910701, 7.360292706816481 ], [ 80.568633682048485, 7.360362863705606 ], [ 80.568556591749044, 7.360434582145732 ], [ 80.568496889525065, 7.360470757092344 ], [ 80.56841980148036, 7.360576449960511 ], [ 80.568349054507038, 7.360832819782864 ], [ 80.568364185641229, 7.360938625076144 ], [ 80.568364172789188, 7.360948714315654 ], [ 80.5680478867273, 7.361395059641739 ], [ 80.567705486377591, 7.361535339471232 ], [ 80.567454659273437, 7.361619865700635 ], [ 80.567173333951828, 7.36167442269942 ], [ 80.566772109536004, 7.361674611346753 ], [ 80.566020367034369, 7.361644138669036 ], [ 80.565584939027147, 7.361691046078274 ], [ 80.565572262458943, 7.361711677079032 ], [ 80.565384261433039, 7.361800779403644 ], [ 80.565362937495337, 7.361812896889129 ], [ 80.565345902534546, 7.361825071556085 ], [ 80.565167597972589, 7.361947003435825 ], [ 80.565159153703817, 7.361955330743992 ], [ 80.564976886526452, 7.362101282424411 ], [ 80.564963846085021, 7.362249442638655 ], [ 80.564955289994373, 7.362266261239628 ], [ 80.564950969773832, 7.362295827003019 ], [ 80.564946360966033, 7.36244512066165 ], [ 80.564993337785509, 7.362600728051448 ], [ 80.564793457195321, 7.362883448072899 ], [ 80.564531658931045, 7.362902251270783 ], [ 80.564482001233841, 7.362963806794594 ], [ 80.564425748046361, 7.363050722010682 ], [ 80.564400769399356, 7.363075508728069 ], [ 80.564381019930366, 7.363083272718563 ], [ 80.564276787769501, 7.363164282751386 ], [ 80.564248410814983, 7.36320938107462 ], [ 80.564242938628666, 7.363223099381751 ], [ 80.564200688614292, 7.363282686107933 ], [ 80.564033722448528, 7.363501029978385 ], [ 80.564036444396862, 7.363508683430084 ], [ 80.564130066705076, 7.363578596505168 ], [ 80.564233064930775, 7.363637447215569 ], [ 80.564360413949288, 7.363752015935182 ], [ 80.564359357325614, 7.363752954999572 ], [ 80.564335517745789, 7.363788120867332 ], [ 80.564334857859919, 7.36384246880502 ], [ 80.564340072951936, 7.363921869455323 ], [ 80.564357626311335, 7.363964650109319 ], [ 80.56438460399032, 7.363997399335534 ], [ 80.564406609879654, 7.364008712559538 ], [ 80.564491853885912, 7.363994012855569 ], [ 80.564560798144342, 7.363968997344966 ], [ 80.564617324778936, 7.363960794972604 ], [ 80.564682642514953, 7.363942649481214 ], [ 80.564780307246096, 7.363906433323208 ], [ 80.564844230102509, 7.363874725406197 ], [ 80.56486900628893, 7.363862435050622 ], [ 80.564945829028488, 7.36384366284955 ], [ 80.565019111115731, 7.363837909033105 ], [ 80.565156253349002, 7.363833361816557 ], [ 80.565268845489157, 7.363834228769125 ], [ 80.565324994207259, 7.363858943445719 ], [ 80.565366482960016, 7.363893858913986 ], [ 80.565376061745397, 7.36390192161796 ], [ 80.565387281259007, 7.363928512332895 ], [ 80.565387871993437, 7.364022107356791 ], [ 80.565393614491384, 7.364135931219486 ], [ 80.565398101526881, 7.364224856479543 ], [ 80.565419365493938, 7.36427279333567 ], [ 80.565439715231861, 7.364338546220615 ], [ 80.565471394948347, 7.36438694103291 ], [ 80.565494374081084, 7.364447357992515 ], [ 80.565508466721781, 7.3645298374232 ], [ 80.565550045078993, 7.364720392385714 ], [ 80.56558869593367, 7.364776567426342 ], [ 80.565647842601479, 7.364783015771793 ], [ 80.565761518805402, 7.36479057491528 ], [ 80.565856551329318, 7.36479279986062 ], [ 80.56591912795713, 7.364794266201733 ], [ 80.565976737007972, 7.36479592010257 ], [ 80.565998921988665, 7.364815644201205 ], [ 80.566080877891537, 7.364856919545821 ], [ 80.566157120085947, 7.364917090193643 ], [ 80.566205102420682, 7.364970105428175 ], [ 80.56621495076682, 7.36502328271759 ], [ 80.566244632949207, 7.365085873099413 ], [ 80.56628102725972, 7.36512531843236 ], [ 80.566367946223565, 7.365208915348673 ], [ 80.566436028049367, 7.365286356006069 ], [ 80.566437283757452, 7.365310863045224 ], [ 80.566431577813873, 7.36533056138583 ], [ 80.566434287299941, 7.365334008027982 ], [ 80.566591567398078, 7.365544832693303 ], [ 80.566828557785783, 7.36575745256974 ], [ 80.567153728418049, 7.365837615930196 ], [ 80.567442331344395, 7.365975785313919 ], [ 80.567611075099038, 7.366148254700774 ], [ 80.56763999576583, 7.366162415912628 ], [ 80.56764689590851, 7.366176778463025 ], [ 80.567729423850579, 7.366258606080009 ], [ 80.567744230724301, 7.36628299554251 ], [ 80.567746286791973, 7.366302667675314 ], [ 80.567781726606341, 7.366407986871797 ], [ 80.567801939040891, 7.366468051562585 ], [ 80.567813833416622, 7.366479521782074 ], [ 80.567827658060025, 7.366508503709269 ], [ 80.567876152552913, 7.366584778435059 ], [ 80.567907327676195, 7.366626432216171 ], [ 80.568060034462917, 7.366594887260361 ], [ 80.568180964965961, 7.366546180194612 ], [ 80.568204591573931, 7.366540053716284 ], [ 80.56835533996616, 7.366492893249284 ], [ 80.568445723617614, 7.366504185595221 ], [ 80.568526545506032, 7.36652703221003 ], [ 80.568604155449606, 7.36653220011953 ], [ 80.56862621570059, 7.366549829681883 ], [ 80.568671406103178, 7.366567309913787 ], [ 80.568776260954436, 7.366602362984147 ], [ 80.568905322103376, 7.366631391969157 ], [ 80.569044434447022, 7.3666287769804 ], [ 80.569382140009168, 7.366669802952998 ], [ 80.569571227151926, 7.366732009222093 ], [ 80.569582132649288, 7.366750817310678 ], [ 80.569794110997535, 7.366810672035741 ], [ 80.570079553687989, 7.366800832875599 ], [ 80.570197823051771, 7.366741660411736 ], [ 80.570377619029927, 7.366624072404025 ], [ 80.570604356173007, 7.366437901387202 ], [ 80.570803414923162, 7.366057124525246 ], [ 80.570964172966512, 7.365681599330847 ], [ 80.571164926678918, 7.365176862882663 ], [ 80.57115061539335, 7.364978555675322 ], [ 80.571239583959581, 7.36470798636384 ], [ 80.571255353231635, 7.36469038330047 ], [ 80.57129892703081, 7.364620354575091 ], [ 80.571441941442131, 7.364606920692845 ], [ 80.571517427662599, 7.364594777961902 ], [ 80.571657666062123, 7.364586563249216 ], [ 80.571669194830875, 7.364591477949729 ], [ 80.571754621380194, 7.364520224897936 ], [ 80.572113340258937, 7.364565865774253 ], [ 80.572130604931829, 7.364566210047237 ], [ 80.572400309824673, 7.364626910951812 ], [ 80.572503071322785, 7.364691445003219 ], [ 80.572581784368566, 7.364821430178495 ], [ 80.572637201688693, 7.364870069519607 ], [ 80.57264275676917, 7.364890539010406 ], [ 80.57268578954141, 7.364941715595485 ], [ 80.572745185092614, 7.364990656959924 ], [ 80.572733339801715, 7.365020300772851 ], [ 80.5727293354023, 7.365045642791185 ], [ 80.572721343568631, 7.365067085474199 ], [ 80.572623500813961, 7.365218200607544 ], [ 80.572619365484485, 7.365222778992244 ], [ 80.57260675064542, 7.365253507607821 ], [ 80.572446258417969, 7.365431273671001 ], [ 80.572433312433517, 7.365445266298436 ], [ 80.572325422033529, 7.365632350636647 ], [ 80.572200407416375, 7.365785008674899 ], [ 80.57208148709455, 7.365931642313824 ], [ 80.571953770020016, 7.366110517336221 ], [ 80.571728971955224, 7.366312680634388 ], [ 80.571725434977168, 7.366355603298138 ], [ 80.571723462614258, 7.36638214261831 ], [ 80.571722734030402, 7.366392684583301 ], [ 80.571704500834429, 7.366449901086427 ], [ 80.571679624805029, 7.366745065916263 ], [ 80.571830576594778, 7.366759478871793 ], [ 80.571993091566455, 7.366769090715409 ], [ 80.572002989186217, 7.366769674888298 ], [ 80.572184408370404, 7.366734297457314 ], [ 80.572397788282245, 7.36651104594431 ], [ 80.572533376884621, 7.366397559600678 ], [ 80.572839216312175, 7.366124049312391 ], [ 80.572891433980018, 7.365927440814648 ], [ 80.573066052968883, 7.365834004934781 ], [ 80.573243977818962, 7.365785007659209 ], [ 80.573696507706302, 7.365944921600525 ], [ 80.573701268454428, 7.366404132316954 ], [ 80.573732906099238, 7.366681121178234 ], [ 80.573724636698969, 7.366861010221355 ], [ 80.573624648456459, 7.367009086149604 ], [ 80.573607471575798, 7.367028619332307 ], [ 80.573596407937615, 7.367054428394257 ], [ 80.573584877365519, 7.367067244299611 ], [ 80.573538425550538, 7.367112093587198 ], [ 80.57352683606905, 7.367124970956465 ], [ 80.573450845404381, 7.367195803589905 ], [ 80.573545473656935, 7.367337427791141 ], [ 80.573625600973301, 7.367372769666048 ], [ 80.573776155697743, 7.367482275895947 ], [ 80.57380714344967, 7.367495080301189 ], [ 80.573836358137726, 7.367518685734304 ], [ 80.573909325148989, 7.36757764275881 ], [ 80.57394203594221, 7.367604071174234 ], [ 80.57395195050357, 7.367579343124278 ], [ 80.574053910464471, 7.367587687954671 ], [ 80.574132965903885, 7.367517955325248 ], [ 80.574220686195915, 7.367382701204312 ], [ 80.574326139435456, 7.367185978216612 ], [ 80.574418663049457, 7.36698894190631 ], [ 80.574473605737126, 7.36692247641077 ], [ 80.574593510616964, 7.366915105283408 ], [ 80.57477334767924, 7.366960898538411 ], [ 80.575062092103011, 7.366917041633938 ], [ 80.575358201067104, 7.366804205323412 ], [ 80.575775435028831, 7.366828625831229 ], [ 80.575833300078244, 7.366862026663168 ], [ 80.575997945538944, 7.366954695024114 ], [ 80.576369278167263, 7.367049852100497 ], [ 80.576657856444911, 7.367083584627873 ], [ 80.576851013009318, 7.367015899079719 ], [ 80.576897347918958, 7.366852908336387 ], [ 80.576922824985203, 7.366607751955661 ], [ 80.577077348165517, 7.366546049104124 ], [ 80.577422227982368, 7.366511377991515 ], [ 80.577698764633254, 7.366572283155441 ], [ 80.577721743847221, 7.366577504819218 ], [ 80.578086572081105, 7.366753741435053 ], [ 80.578282410826333, 7.366685167522267 ], [ 80.578285196283147, 7.366432015149321 ], [ 80.578483437631547, 7.366088514914771 ], [ 80.579391201110397, 7.365576604312077 ], [ 80.57977737994193, 7.365685705741548 ], [ 80.579973442320295, 7.365706306681506 ], [ 80.580179816473589, 7.365646718927086 ], [ 80.580292083355829, 7.365739787791696 ], [ 80.580410807924792, 7.365752262106101 ], [ 80.580547909729361, 7.365797766669457 ] ] ] ] } },
{ "type": "Feature", "properties": { "GND_N": "Bothota", "GND_NO": "483", "GND_C": "035", "PROVINCE_N": "CENTRAL", "PROVINCE_C": "2", "DISTRICT_N": "KANDY", "DISTRICT_C": "1", "DSD_N": "HARISPATTUWA", "DSD_C": "33", "Admin_Code": "2133035", "GND_NO_Cen": "483", "GND_NAME_C": "Bothota", "GND_NO_Gaz": "483", "GND_NAME_G": "බෝතොට", "shape_1": "Polygon", "Area__Ha_": 102.810036818, "MWS_ID": "115-2", "Alt_MWS": null, "Area": 1.0281003681800001, "Tot_Pop": 1142.0, "Density": 1110.78649064 }, "geometry": { "type": "MultiPolygon", "coordinates": [ [ [ [ 80.585329957765978, 7.364424658336647 ], [ 80.585616845010847, 7.36442427602953 ], [ 80.586107167468043, 7.364491956105723 ], [ 80.586584083235977, 7.364550821198615 ], [ 80.586567552236431, 7.364456783461852 ], [ 80.586565168463565, 7.364443219787789 ], [ 80.586560532675719, 7.364268146603479 ], [ 80.586610596951047, 7.364117149121024 ], [ 80.586688373862586, 7.363980633044312 ], [ 80.58676658290824, 7.363848124984649 ], [ 80.586770228716261, 7.363841948362841 ], [ 80.586815662698925, 7.363803180436446 ], [ 80.586816623209941, 7.363802360644526 ], [ 80.586831852335195, 7.363803128508827 ], [ 80.586833032586114, 7.363803186883408 ], [ 80.586876315077561, 7.363805369183995 ], [ 80.586927712306576, 7.36382995709221 ], [ 80.586976875345698, 7.363727532654268 ], [ 80.586968082987653, 7.363679677996519 ], [ 80.587083722886121, 7.363504312020762 ], [ 80.587235010501985, 7.363417697138819 ], [ 80.587382826397544, 7.363394515452134 ], [ 80.587501711579307, 7.363456809352224 ], [ 80.587526101528923, 7.363561681156326 ], [ 80.587644206869328, 7.363551132562971 ], [ 80.587742866447115, 7.3634178118353 ], [ 80.587802505095794, 7.363199322315362 ], [ 80.58770121283807, 7.362975796811676 ], [ 80.587698554039079, 7.36286705653711 ], [ 80.587734981902059, 7.362483984900869 ], [ 80.587726857658367, 7.362415435668836 ], [ 80.587708106475603, 7.36238538788673 ], [ 80.587691466218388, 7.362358720355727 ], [ 80.587620555299992, 7.362323240180541 ], [ 80.587606509192256, 7.36232037758356 ], [ 80.587557424804558, 7.362310372539759 ], [ 80.587390772306236, 7.362275122348729 ], [ 80.58725292222887, 7.362241244321472 ], [ 80.58713846307937, 7.362159987286987 ], [ 80.587015679988568, 7.362056392346751 ], [ 80.586888628195766, 7.361981913972659 ], [ 80.586828443676836, 7.361921610702296 ], [ 80.586811999348257, 7.361905131047021 ], [ 80.586791838250193, 7.361884930439499 ], [ 80.586753116342891, 7.361776942646275 ], [ 80.586688319380514, 7.361642260680888 ], [ 80.586674369875595, 7.36162315780343 ], [ 80.586601323517385, 7.361523130468396 ], [ 80.586522720017996, 7.361472183364426 ], [ 80.586407797061071, 7.361417332365829 ], [ 80.586282620281082, 7.361401000093956 ], [ 80.586186970442242, 7.361347875383447 ], [ 80.586129939708968, 7.361316199826519 ], [ 80.586065538727041, 7.361260417966065 ], [ 80.586001362320857, 7.361204826094666 ], [ 80.585975475956374, 7.361164845111445 ], [ 80.585970645643911, 7.361153367513777 ], [ 80.585943892532526, 7.361089773124265 ], [ 80.585920088014589, 7.361051242612899 ], [ 80.585888940036313, 7.361021384815793 ], [ 80.585881901917119, 7.361017110822764 ], [ 80.585851087959938, 7.360998400449779 ], [ 80.585836857652424, 7.360990047725377 ], [ 80.58581434942441, 7.360976839015419 ], [ 80.585857758659174, 7.360902093712825 ], [ 80.585912431219057, 7.360832491416254 ], [ 80.585924663079624, 7.360809527439661 ], [ 80.5859851085998, 7.360692552304704 ], [ 80.586064979596273, 7.360544721710715 ], [ 80.586114625225008, 7.360461480433087 ], [ 80.586141246229332, 7.360416271395418 ], [ 80.586171468784798, 7.36035814236633 ], [ 80.586201687369339, 7.360307192557422 ], [ 80.586252763421996, 7.360242612969344 ], [ 80.586299521437539, 7.360186644984715 ], [ 80.586331888157844, 7.360157947241614 ], [ 80.58637863120174, 7.360134997886317 ], [ 80.586409550322756, 7.360129987618108 ], [ 80.586455310841444, 7.360138326560148 ], [ 80.58655980291654, 7.360165939274727 ], [ 80.5867179592545, 7.360213381528659 ], [ 80.586787696051246, 7.360224895628778 ], [ 80.586847369364676, 7.360229944250024 ], [ 80.586908483231781, 7.360229970095168 ], [ 80.586955939673132, 7.360222813647148 ], [ 80.587066672485975, 7.36020204439945 ], [ 80.587157273137251, 7.360180548610351 ], [ 80.587218394902891, 7.360161912411108 ], [ 80.587258668944671, 7.360136088180433 ], [ 80.587311186291842, 7.360062178524662 ], [ 80.587363724278219, 7.359939459365846 ], [ 80.587505108947852, 7.359555823363076 ], [ 80.587601115948786, 7.35925202497585 ], [ 80.587629901841936, 7.359186958360396 ], [ 80.587698959724207, 7.359102767414509 ], [ 80.587764183408893, 7.359020488338876 ], [ 80.587835149034419, 7.358957352049338 ], [ 80.587946407404161, 7.358898796684779 ], [ 80.58801013587636, 7.35887799024674 ], [ 80.588100740752736, 7.35884788172116 ], [ 80.588175525146028, 7.358823507924649 ], [ 80.588293451459236, 7.358791974805684 ], [ 80.588409942662395, 7.358754698758003 ], [ 80.588506289983115, 7.358744690591093 ], [ 80.588605511418308, 7.358743295242047 ], [ 80.588775184464396, 7.358759158061522 ], [ 80.588870087038018, 7.358766376097913 ], [ 80.588959238363373, 7.358772156587544 ], [ 80.589034001025965, 7.358799462392584 ], [ 80.589120268008287, 7.358825339679076 ], [ 80.589216606911123, 7.358835429390444 ], [ 80.589289944419463, 7.358835460010599 ], [ 80.589384856932526, 7.358816835803791 ], [ 80.589446695830532, 7.358802506765718 ], [ 80.589527229304949, 7.358786749487248 ], [ 80.58959456343905, 7.358760064575717 ], [ 80.589602015817022, 7.358757111529586 ], [ 80.589846498493543, 7.358690220199439 ], [ 80.589904987351744, 7.358661532154837 ], [ 80.59005648704391, 7.358580245367651 ], [ 80.590220443247617, 7.358514277093671 ], [ 80.590371937255199, 7.358446389186503 ], [ 80.590458226848895, 7.358415800012817 ], [ 80.590521505270488, 7.358398599368763 ], [ 80.590544517844705, 7.358386167570696 ], [ 80.590583831606821, 7.358364171432646 ], [ 80.590636570915152, 7.358329739514708 ], [ 80.590690269460694, 7.358295307987748 ], [ 80.590749721039089, 7.358258007688653 ], [ 80.590776572237132, 7.358235049623553 ], [ 80.590791919959145, 7.358215914689848 ], [ 80.590778509702773, 7.358187197655979 ], [ 80.590751679982674, 7.358158474160026 ], [ 80.590715268023985, 7.358118263909603 ], [ 80.59068533817593, 7.35808197738062 ], [ 80.590636694669399, 7.358032096912852 ], [ 80.590598366054451, 7.357991884050353 ], [ 80.590542784193502, 7.357944008239755 ], [ 80.590525544587123, 7.357905721227235 ], [ 80.590519809466812, 7.357865521871433 ], [ 80.590527497207489, 7.357821499280809 ], [ 80.590539019314434, 7.357779394488443 ], [ 80.590600393371318, 7.357725825767407 ], [ 80.590667523453178, 7.357666515317388 ], [ 80.590749989067476, 7.357612955312621 ], [ 80.590830543440802, 7.357544080203401 ], [ 80.590926447750888, 7.35744841434768 ], [ 80.591108291791684, 7.357282667391732 ], [ 80.591390700512889, 7.357083850971418 ], [ 80.591487067055112, 7.357030774030774 ], [ 80.591587745183716, 7.356977699750352 ], [ 80.5916467140637, 7.356946141421913 ], [ 80.591776156959341, 7.356881593452465 ], [ 80.591884027979134, 7.356828521161093 ], [ 80.591944435508822, 7.356794092235866 ], [ 80.592020664287517, 7.356753926607528 ], [ 80.592101211799189, 7.356700843929294 ], [ 80.59218319561235, 7.356650632974618 ], [ 80.592250796604631, 7.356610464665133 ], [ 80.592354351369806, 7.356557391388572 ], [ 80.592506808170697, 7.356478496000697 ], [ 80.592643446632053, 7.356398159859025 ], [ 80.592828956274261, 7.35626332260673 ], [ 80.592807794345319, 7.356251680138413 ], [ 80.592511331845003, 7.356088589543415 ], [ 80.59221769192655, 7.355987296076902 ], [ 80.591996956376391, 7.355958071560822 ], [ 80.59198084347436, 7.355950649684277 ], [ 80.591143142912117, 7.355721549346373 ], [ 80.590810227370383, 7.355454239337592 ], [ 80.590797728569584, 7.355444801424541 ], [ 80.59077432612267, 7.355432362151763 ], [ 80.590513866470317, 7.355363564633715 ], [ 80.590342172540716, 7.355429059607566 ], [ 80.590328061891739, 7.355429395577608 ], [ 80.590296299796876, 7.35543015285958 ], [ 80.590068209963519, 7.35537180321962 ], [ 80.59004173996783, 7.355356325999517 ], [ 80.589998493642483, 7.355336660327586 ], [ 80.589982024591379, 7.355327613207538 ], [ 80.589904729457274, 7.355238257156882 ], [ 80.589902486681197, 7.354884460209351 ], [ 80.589658205796638, 7.35485713735657 ], [ 80.589413491678755, 7.35478505140578 ], [ 80.589223971674755, 7.354744752758021 ], [ 80.589179545443201, 7.354735305091482 ], [ 80.588985978818926, 7.35472638562713 ], [ 80.588928010824532, 7.354723713612261 ], [ 80.588690416733982, 7.354735096108868 ], [ 80.588670513477439, 7.354737745511533 ], [ 80.58847781367156, 7.354763399336572 ], [ 80.588387035118672, 7.354803601673288 ], [ 80.588376254088146, 7.354808498451951 ], [ 80.588335263520932, 7.354827116146257 ], [ 80.58827922299136, 7.354852569447233 ], [ 80.588175869551677, 7.354859759565328 ], [ 80.58804280131551, 7.354835079644039 ], [ 80.588037565318459, 7.354834108941055 ], [ 80.587894903043818, 7.354828439633361 ], [ 80.587765718389107, 7.354875768752023 ], [ 80.587751666016402, 7.354890445937373 ], [ 80.587663949897745, 7.354982071448708 ], [ 80.587590179543596, 7.355047587574532 ], [ 80.587573879964609, 7.355062062149222 ], [ 80.587495305918438, 7.355162406199875 ], [ 80.587399976063111, 7.355250715098533 ], [ 80.587286741635566, 7.355271827042193 ], [ 80.58725625046857, 7.355268105654117 ], [ 80.587177418522202, 7.355258485023784 ], [ 80.5871635405462, 7.355239855138838 ], [ 80.587117309603144, 7.355177795320698 ], [ 80.587112003980337, 7.355090982228115 ], [ 80.587107717255947, 7.354957407382156 ], [ 80.58710717727574, 7.354940593530984 ], [ 80.587094003079855, 7.354894245381311 ], [ 80.587067743332909, 7.354801858388226 ], [ 80.587039014822153, 7.354783303616548 ], [ 80.586969421997352, 7.354776022655902 ], [ 80.586937401524864, 7.354775285690557 ], [ 80.586854728590509, 7.354798906302261 ], [ 80.586839405732306, 7.354806296987944 ], [ 80.58681132536789, 7.354818613420034 ], [ 80.586788307624701, 7.354828488576152 ], [ 80.586683551970097, 7.354867767695228 ], [ 80.586655625011517, 7.354875029153353 ], [ 80.586643008080131, 7.35487739850291 ], [ 80.586537569491881, 7.354914403891665 ], [ 80.586519660734353, 7.354919292181608 ], [ 80.586506693962093, 7.354924268471812 ], [ 80.586399835741332, 7.354985250701973 ], [ 80.586386123972346, 7.354995497829097 ], [ 80.586353295344153, 7.355018598692697 ], [ 80.586220309346629, 7.355128636138526 ], [ 80.586209481060436, 7.355133824028315 ], [ 80.586190716013419, 7.355141545108834 ], [ 80.586111789466315, 7.355194676238434 ], [ 80.585774793912449, 7.355101922096171 ], [ 80.585476047134236, 7.355080136152525 ], [ 80.585426556417715, 7.35507971447514 ], [ 80.584636361929824, 7.354882385801948 ], [ 80.584169732757886, 7.354836757689639 ], [ 80.584086333518471, 7.354819708462716 ], [ 80.584024043700879, 7.354815640436995 ], [ 80.583659580447389, 7.354788489733877 ], [ 80.583610661946039, 7.354788732762138 ], [ 80.583409037431892, 7.354874403369317 ], [ 80.583225775744594, 7.355105376316966 ], [ 80.583197072255246, 7.355136145363533 ], [ 80.583168289681808, 7.355159171771505 ], [ 80.583043395025157, 7.355343050413169 ], [ 80.583035846912026, 7.35536633374515 ], [ 80.582895457100761, 7.355452981832455 ], [ 80.582836168566431, 7.355477152554644 ], [ 80.582657781936916, 7.355514501712122 ], [ 80.582599898785844, 7.35548944572222 ], [ 80.582512697338004, 7.355471518293168 ], [ 80.582153044110242, 7.355384502983014 ], [ 80.582118312749543, 7.355360410994763 ], [ 80.582077421340159, 7.35532736378137 ], [ 80.582034260617704, 7.355326247257893 ], [ 80.581999766332189, 7.355308988241328 ], [ 80.581709686925365, 7.355217200007853 ], [ 80.581663082252334, 7.355191423548179 ], [ 80.581058803377942, 7.355020387620767 ], [ 80.580881000942341, 7.355014474699147 ], [ 80.580595843599085, 7.355093304561155 ], [ 80.580367139412459, 7.35521043695994 ], [ 80.58013362751727, 7.355248327100169 ], [ 80.580084317914697, 7.355248011619139 ], [ 80.579908003948034, 7.355278472547366 ], [ 80.579660970743504, 7.355276155034766 ], [ 80.579365104746898, 7.355334355076846 ], [ 80.579347980556065, 7.355260639113711 ], [ 80.579137973377826, 7.355152121433908 ], [ 80.579134195926827, 7.355134287916937 ], [ 80.579135076104151, 7.355122555035575 ], [ 80.579114059546356, 7.355000057700573 ], [ 80.57911450681101, 7.354994350871654 ], [ 80.579107625054306, 7.354954274775499 ], [ 80.579097642395723, 7.354830892463877 ], [ 80.578969287953342, 7.354626979136019 ], [ 80.578767071353894, 7.354431617732122 ], [ 80.578699122652409, 7.354391830315203 ], [ 80.578675087702464, 7.354391134261429 ], [ 80.578518784751665, 7.354307137412428 ], [ 80.57836947605945, 7.354174845034179 ], [ 80.578298187612546, 7.354067965299123 ], [ 80.578030736759402, 7.354000203777461 ], [ 80.577835244129361, 7.35387514869401 ], [ 80.577624299914291, 7.353747539272006 ], [ 80.577542736961391, 7.353763607762709 ], [ 80.577409744749502, 7.353755540314789 ], [ 80.577270060619057, 7.353771705045974 ], [ 80.577152300339876, 7.353680067244357 ], [ 80.577073219776466, 7.353640121814784 ], [ 80.577004382425997, 7.353623440376889 ], [ 80.576927313688074, 7.353597624569966 ], [ 80.576923111304168, 7.353594485690912 ], [ 80.576916736726261, 7.353591577346071 ], [ 80.576861058753551, 7.353617497796495 ], [ 80.576815189620305, 7.353726569196946 ], [ 80.576764423877634, 7.353884023785279 ], [ 80.576876655425735, 7.35419018676522 ], [ 80.577095882925931, 7.3547671721538 ], [ 80.577041170989318, 7.355222283757064 ], [ 80.576921489884057, 7.355465990398809 ], [ 80.576918386652068, 7.355496370719051 ], [ 80.576914809427393, 7.35553139349439 ], [ 80.576878546223526, 7.355889691883799 ], [ 80.576885266144231, 7.355904321894157 ], [ 80.576993099006316, 7.356201869436918 ], [ 80.577017428005959, 7.356217734408673 ], [ 80.577037952214795, 7.356228494733804 ], [ 80.577062454177323, 7.35624446648725 ], [ 80.577204328751378, 7.356318965925512 ], [ 80.577221459708383, 7.356323944462047 ], [ 80.577260358898855, 7.356328729199619 ], [ 80.577479521134592, 7.356441127639009 ], [ 80.577492276310878, 7.356462106681668 ], [ 80.577757218668552, 7.356790467141 ], [ 80.577749738311937, 7.357076317853231 ], [ 80.577874381497367, 7.357388960851272 ], [ 80.577971669417792, 7.357575684489127 ], [ 80.578066082937028, 7.357685707896051 ], [ 80.578094100280097, 7.35768773325806 ], [ 80.57828945101231, 7.357822079851513 ], [ 80.578466175553046, 7.358179984115687 ], [ 80.578479434036353, 7.358199851971097 ], [ 80.578598724590577, 7.358660121769036 ], [ 80.578862946929661, 7.359105660211808 ], [ 80.58056137561961, 7.360521483663 ], [ 80.582356150471028, 7.362711248084874 ], [ 80.582642037506616, 7.362915317250407 ], [ 80.583206288882963, 7.363310442572339 ], [ 80.58346729958663, 7.363478542892657 ], [ 80.583509174393157, 7.363480714059663 ], [ 80.58437782525597, 7.3638903870397 ], [ 80.584520919895638, 7.364426687165241 ], [ 80.584580200963771, 7.364930498808081 ], [ 80.584679109779955, 7.365440785897936 ], [ 80.584678678865728, 7.36545917190084 ], [ 80.584857688933042, 7.365983238561269 ], [ 80.584927443842204, 7.365889044156265 ], [ 80.585053286073887, 7.365794830301687 ], [ 80.585039135917071, 7.365504147600332 ], [ 80.585056442827266, 7.365435686069156 ], [ 80.585092691123805, 7.365063240178276 ], [ 80.585097436360215, 7.365019640569984 ], [ 80.585170159255128, 7.364570617098742 ], [ 80.585197094801515, 7.364527816414014 ], [ 80.585329957765978, 7.364424658336647 ] ] ] ] } },
{ "type": "Feature", "properties": { "GND_N": "Medawala", "GND_NO": "484", "GND_C": "020", "PROVINCE_N": "CENTRAL", "PROVINCE_C": "2", "DISTRICT_N": "KANDY", "DISTRICT_C": "1", "DSD_N": "HARISPATTUWA", "DSD_C": "33", "Admin_Code": "2133020", "GND_NO_Cen": "484", "GND_NAME_C": "Medawala", "GND_NO_Gaz": "484", "GND_NAME_G": "මැදවල", "shape_1": "Polygon", "Area__Ha_": 156.78566891099999, "MWS_ID": "115-2", "Alt_MWS": null, "Area": 1.5678566891100001, "Tot_Pop": 1759.0, "Density": 1121.9137643199999 }, "geometry": { "type": "MultiPolygon", "coordinates": [ [ [ [ 80.560764696113139, 7.367043167532438 ], [ 80.560905236536996, 7.366947809289282 ], [ 80.560948867142244, 7.366981537945507 ], [ 80.560981506688023, 7.366964306904041 ], [ 80.561005829216242, 7.366956012640483 ], [ 80.561185336238339, 7.366890374675944 ], [ 80.561185874101568, 7.366881384416611 ], [ 80.561237631739274, 7.366755410013768 ], [ 80.561427776386168, 7.366603680776859 ], [ 80.561507936897939, 7.366533841533625 ], [ 80.56151551464491, 7.366526998739693 ], [ 80.561614334519518, 7.366407304603691 ], [ 80.561622596906389, 7.36638196203331 ], [ 80.561637662627007, 7.36628375811053 ], [ 80.561639480996149, 7.366275412323595 ], [ 80.561610013543387, 7.366080294355414 ], [ 80.561607828543558, 7.366078762332926 ], [ 80.561600732955881, 7.365953332968084 ], [ 80.56160003824084, 7.365900538885248 ], [ 80.561599509554313, 7.365860370673435 ], [ 80.561602341262542, 7.365811177383053 ], [ 80.561627354035409, 7.365783880521883 ], [ 80.561670205761459, 7.365772054784189 ], [ 80.561722695717975, 7.365768931189407 ], [ 80.561759159506124, 7.365766762078911 ], [ 80.561928560926788, 7.365736368441612 ], [ 80.562034734897594, 7.365712726703268 ], [ 80.562080122508149, 7.365699816983541 ], [ 80.562095824965496, 7.365682574132526 ], [ 80.562116011765966, 7.365660406817706 ], [ 80.562143393117282, 7.365606885547995 ], [ 80.562146756155968, 7.365394196545904 ], [ 80.56214624956489, 7.365317330169385 ], [ 80.56215207778348, 7.365250867141053 ], [ 80.562170210362822, 7.365218864611992 ], [ 80.5621973009318, 7.36520305237577 ], [ 80.562337073046166, 7.365196879558966 ], [ 80.562399686184065, 7.365197832770027 ], [ 80.562619198666383, 7.365118706736665 ], [ 80.562808125878291, 7.365157656326919 ], [ 80.562961348481721, 7.365175999791885 ], [ 80.563128732451347, 7.365164365272793 ], [ 80.56324848994889, 7.365115834415475 ], [ 80.563383177962507, 7.364917386338822 ], [ 80.563454120033313, 7.364808222606016 ], [ 80.563495656876356, 7.364723186898058 ], [ 80.563578984745973, 7.364472052603118 ], [ 80.563520408131126, 7.364326491737767 ], [ 80.563511902422007, 7.364302045452993 ], [ 80.56350904498602, 7.364291696224919 ], [ 80.563479315484301, 7.364236177251122 ], [ 80.563321385079774, 7.364171613115055 ], [ 80.563168930187217, 7.364111212201268 ], [ 80.563099292798924, 7.364037834233179 ], [ 80.563344602133853, 7.363932165424947 ], [ 80.563450539707546, 7.363791603956178 ], [ 80.5634609329569, 7.363774609922923 ], [ 80.563475043360498, 7.363720262053202 ], [ 80.563481954129415, 7.363710085667305 ], [ 80.563517363533805, 7.363591717364164 ], [ 80.563517451689464, 7.363581607365932 ], [ 80.563531654172522, 7.363467096659632 ], [ 80.563531730121824, 7.363450290336424 ], [ 80.563528440341614, 7.363423423014159 ], [ 80.563525071897502, 7.363413356588044 ], [ 80.563616414753128, 7.363208377774238 ], [ 80.563687939598552, 7.362976112312918 ], [ 80.563771857776118, 7.362899588037263 ], [ 80.563908391925935, 7.362912165579139 ], [ 80.564171781975531, 7.362944280849391 ], [ 80.564271415005933, 7.362943963607902 ], [ 80.564428724490568, 7.362909645845589 ], [ 80.564531658931045, 7.362902251270783 ], [ 80.564793457195321, 7.362883448072899 ], [ 80.564993337785509, 7.362600728051448 ], [ 80.564946360966033, 7.36244512066165 ], [ 80.564950969773832, 7.362295827003019 ], [ 80.564955289994373, 7.362266261239628 ], [ 80.564963846085021, 7.362249442638655 ], [ 80.564976886526452, 7.362101282424411 ], [ 80.565159153703817, 7.361955330743992 ], [ 80.565167597972589, 7.361947003435825 ], [ 80.565345902534546, 7.361825071556085 ], [ 80.565362937495337, 7.361812896889129 ], [ 80.565384261433039, 7.361800779403644 ], [ 80.565572262458943, 7.361711677079032 ], [ 80.565584939027147, 7.361691046078274 ], [ 80.566020367034369, 7.361644138669036 ], [ 80.566772109536004, 7.361674611346753 ], [ 80.567173333951828, 7.36167442269942 ], [ 80.567454659273437, 7.361619865700635 ], [ 80.567705486377591, 7.361535339471232 ], [ 80.5680478867273, 7.361395059641739 ], [ 80.568364172789188, 7.360948714315654 ], [ 80.568364185641229, 7.360938625076144 ], [ 80.568349054507038, 7.360832819782864 ], [ 80.56841980148036, 7.360576449960511 ], [ 80.568496889525065, 7.360470757092344 ], [ 80.568556591749044, 7.360434582145732 ], [ 80.568633682048485, 7.360362863705606 ], [ 80.56870067910701, 7.360292706816481 ], [ 80.568703231523344, 7.360281331033996 ], [ 80.568799717068117, 7.360174143252218 ], [ 80.568926725063605, 7.360048383554917 ], [ 80.569032609600299, 7.359965567268594 ], [ 80.569280690025636, 7.359804793912498 ], [ 80.569447862549524, 7.359732740758925 ], [ 80.569745772359838, 7.35957296226274 ], [ 80.570029015351722, 7.359418690310198 ], [ 80.570269093102411, 7.359295536902652 ], [ 80.57038533311011, 7.359187538550169 ], [ 80.570553018435945, 7.359100601373791 ], [ 80.570533698263318, 7.359057982000127 ], [ 80.570470179068693, 7.358917864471437 ], [ 80.570450629071814, 7.358874736773452 ], [ 80.570319825230314, 7.358504546762994 ], [ 80.570122267774607, 7.358314550693907 ], [ 80.570052369067639, 7.358202280727803 ], [ 80.570026925818013, 7.358130122347653 ], [ 80.569980136970784, 7.358086262267636 ], [ 80.569917440448194, 7.357985562467629 ], [ 80.56971112216911, 7.357743382411163 ], [ 80.569555853394206, 7.357696462756113 ], [ 80.569369140564362, 7.35764003973342 ], [ 80.569154241901387, 7.357536939139345 ], [ 80.5689192956292, 7.357312111624629 ], [ 80.568862578016564, 7.357152293286434 ], [ 80.56886020579492, 7.356992232429983 ], [ 80.568860723749012, 7.356840465318771 ], [ 80.568872622613469, 7.356789132951108 ], [ 80.568888704491272, 7.356685054843283 ], [ 80.568920714486381, 7.356609021851001 ], [ 80.568964879788311, 7.356500884682206 ], [ 80.568984946236526, 7.356396810220771 ], [ 80.568996957527744, 7.356284684687597 ], [ 80.568993046347103, 7.356124530874261 ], [ 80.568978434846699, 7.35603298116729 ], [ 80.568961076814404, 7.355924214171676 ], [ 80.56888110284045, 7.35571600695859 ], [ 80.568830194728363, 7.355590372843815 ], [ 80.568824637060558, 7.355593629359617 ], [ 80.568716928647575, 7.355617361608531 ], [ 80.568663848707487, 7.355654960321552 ], [ 80.568602305081782, 7.355606654070848 ], [ 80.568421178889025, 7.355311684990293 ], [ 80.568352792124685, 7.35506084181278 ], [ 80.568355333544133, 7.354950440916962 ], [ 80.568337744072622, 7.354638748505419 ], [ 80.568250315561315, 7.354392409823698 ], [ 80.568194138466396, 7.35435298621331 ], [ 80.568101483685211, 7.354343736534972 ], [ 80.568089326800944, 7.354340331633807 ], [ 80.567927807593293, 7.354227383061005 ], [ 80.567925595605203, 7.354221642455975 ], [ 80.567921186104158, 7.3542101992331 ], [ 80.567869460850687, 7.35408768265099 ], [ 80.567869952585696, 7.354074328212745 ], [ 80.567867974461905, 7.354066285374494 ], [ 80.567797286506249, 7.353904851658567 ], [ 80.567796782760112, 7.353747892489636 ], [ 80.567830292474142, 7.353538398594759 ], [ 80.567576381355423, 7.353289002677598 ], [ 80.567366199247232, 7.353082555818188 ], [ 80.566425547636896, 7.353877275244129 ], [ 80.566103370996501, 7.35401916411392 ], [ 80.566002558040665, 7.35402300440711 ], [ 80.565985856728133, 7.354023640431739 ], [ 80.565497360080741, 7.354042242075636 ], [ 80.564842175528, 7.354024916430557 ], [ 80.564284483105467, 7.354263916543168 ], [ 80.563794746004817, 7.354153309728718 ], [ 80.563428694223617, 7.353974394447245 ], [ 80.563065544706916, 7.353993278114634 ], [ 80.562906061943863, 7.353856331399823 ], [ 80.562906354601949, 7.353873218387426 ], [ 80.562897926404773, 7.353923998808935 ], [ 80.562836718531457, 7.35407343464134 ], [ 80.562806663096509, 7.354112010312044 ], [ 80.562791667532622, 7.354127507347553 ], [ 80.562729302619175, 7.354275627762796 ], [ 80.562640876941202, 7.35451493774515 ], [ 80.562308520025198, 7.355167979337335 ], [ 80.562287046573815, 7.355297950056892 ], [ 80.562212746960498, 7.355670138684151 ], [ 80.562212772736757, 7.355686284923237 ], [ 80.562212807407974, 7.35570655114469 ], [ 80.562212834027164, 7.355722828507274 ], [ 80.562224796872556, 7.355913739501319 ], [ 80.562228735365935, 7.3559305640235 ], [ 80.562236618193182, 7.355955807628015 ], [ 80.562240555302651, 7.355964180587737 ], [ 80.562229974698397, 7.356243889126567 ], [ 80.562230065537861, 7.356267917250681 ], [ 80.562230212736154, 7.356306649274028 ], [ 80.562226247963139, 7.356340871411625 ], [ 80.562226346133087, 7.356370393144547 ], [ 80.562226378533268, 7.356380278032584 ], [ 80.562133814557384, 7.356657154018237 ], [ 80.562087836635115, 7.356803642652253 ], [ 80.561900295692396, 7.356905308096953 ], [ 80.561895240038822, 7.356964615815048 ], [ 80.56187591747566, 7.356989273082743 ], [ 80.561866682946032, 7.357011725074821 ], [ 80.561860557795768, 7.357021445146582 ], [ 80.561813004616894, 7.357143293608639 ], [ 80.561803313989586, 7.357166732873253 ], [ 80.561799957951223, 7.357180043424842 ], [ 80.561901527559655, 7.357288387945482 ], [ 80.561802918096291, 7.357349796785903 ], [ 80.561779207134236, 7.357364561650035 ], [ 80.561715616571973, 7.357396203304137 ], [ 80.561652404715971, 7.357427656132233 ], [ 80.561593654982474, 7.357456889231262 ], [ 80.561510321957925, 7.357514113002999 ], [ 80.561413439100775, 7.357580642712006 ], [ 80.561396395369982, 7.357592346089589 ], [ 80.56124489578049, 7.357693916394695 ], [ 80.561137710530446, 7.357754269268984 ], [ 80.560984880981692, 7.357797873402093 ], [ 80.560921646766943, 7.357813487349854 ], [ 80.560780053828267, 7.357845429572509 ], [ 80.560602778983579, 7.357869214996254 ], [ 80.560570172220153, 7.357878080399286 ], [ 80.560494882144667, 7.357898551790679 ], [ 80.560399392791169, 7.357931964778436 ], [ 80.560297634566595, 7.358008056638036 ], [ 80.560211986045232, 7.358070907387667 ], [ 80.560201948016967, 7.358078274375547 ], [ 80.560076178410341, 7.358166290416848 ], [ 80.560012752133446, 7.358215467123782 ], [ 80.559990277103267, 7.35823289383242 ], [ 80.559817873772232, 7.358289689035554 ], [ 80.559707989095202, 7.358310432949686 ], [ 80.559567568086621, 7.358331058976077 ], [ 80.55952096921034, 7.358347686347405 ], [ 80.559509502691569, 7.358347640105863 ], [ 80.559475525781849, 7.358348248533313 ], [ 80.559241480944166, 7.358352436947301 ], [ 80.559098990230538, 7.358363582982703 ], [ 80.558787919524889, 7.358273189569149 ], [ 80.558763566582201, 7.358272304194868 ], [ 80.558559546798676, 7.358270069141125 ], [ 80.558345785005201, 7.358353451702189 ], [ 80.558338714161891, 7.358353773809246 ], [ 80.558320736769801, 7.358362950910935 ], [ 80.558295743101567, 7.358368288570546 ], [ 80.558148847629411, 7.358408744038608 ], [ 80.557792410389226, 7.358389836929671 ], [ 80.557120172958449, 7.358505257658932 ], [ 80.557099213005728, 7.358506495334142 ], [ 80.556637027570972, 7.358740609338113 ], [ 80.556592665120306, 7.358751421964321 ], [ 80.556081432083261, 7.358830644175264 ], [ 80.55578534899891, 7.35880103745417 ], [ 80.55554127997317, 7.358831611797241 ], [ 80.555491421568135, 7.35883960924239 ], [ 80.555449710592839, 7.358846301276778 ], [ 80.555227426422505, 7.358887141814834 ], [ 80.55520897717328, 7.358890531961681 ], [ 80.555223469708139, 7.358903949833413 ], [ 80.555243632845588, 7.35893327165567 ], [ 80.55529208104889, 7.359003725801895 ], [ 80.555369928898429, 7.35910531762172 ], [ 80.555405630198095, 7.359141960146781 ], [ 80.555416736043483, 7.359153357952376 ], [ 80.555485345114931, 7.359254222664589 ], [ 80.555512493266136, 7.359306684348887 ], [ 80.555512060088816, 7.359446308447465 ], [ 80.555508769974097, 7.359509064111037 ], [ 80.5554562108629, 7.359569203773463 ], [ 80.55543617310552, 7.359592132283833 ], [ 80.555369651380332, 7.359666162282005 ], [ 80.555302302806439, 7.359761802742952 ], [ 80.555235686268418, 7.359840625444762 ], [ 80.555183929215602, 7.359914391409783 ], [ 80.555182007017066, 7.359956620209768 ], [ 80.555177261635123, 7.360208736673279 ], [ 80.555173689240803, 7.360400548884123 ], [ 80.55517288802794, 7.360443579443275 ], [ 80.555169740103793, 7.36057940324103 ], [ 80.555162151283454, 7.3607238165674 ], [ 80.555137477210124, 7.360796779311903 ], [ 80.555108533336664, 7.360894972533941 ], [ 80.555087689025768, 7.360929487379081 ], [ 80.555079433977511, 7.360943157170598 ], [ 80.555028214888466, 7.361022257820858 ], [ 80.555013665195872, 7.361138634507186 ], [ 80.555013618304599, 7.361233223002066 ], [ 80.554995011648543, 7.361309083386726 ], [ 80.554916343098171, 7.361396943037499 ], [ 80.554896539073624, 7.361421402608316 ], [ 80.554875283960342, 7.361447653776513 ], [ 80.554848267724751, 7.361498009736866 ], [ 80.554847257921892, 7.361525047704623 ], [ 80.554843835741565, 7.361705868246907 ], [ 80.554842699984661, 7.361765859622603 ], [ 80.554840668305872, 7.361844262032712 ], [ 80.554842295305136, 7.361851226824963 ], [ 80.554861186280661, 7.361934520973716 ], [ 80.554897105224683, 7.362014839361974 ], [ 80.554947034004016, 7.362159732349789 ], [ 80.554968016757115, 7.362226117182598 ], [ 80.554968380507233, 7.362405894225909 ], [ 80.554966984392621, 7.362481309153321 ], [ 80.5549662388907, 7.362523359477548 ], [ 80.554969641133496, 7.362601855001635 ], [ 80.555035878261251, 7.362741149400621 ], [ 80.555073975743227, 7.362816043071949 ], [ 80.555074052821951, 7.362841453842197 ], [ 80.555079521701941, 7.362957387357384 ], [ 80.55507559948876, 7.363195035446149 ], [ 80.555075049953061, 7.363223682383542 ], [ 80.555072716922481, 7.363345418529884 ], [ 80.555070755059191, 7.363374402071821 ], [ 80.555068245720605, 7.363411429964815 ], [ 80.555058001140381, 7.36343488235379 ], [ 80.555015014149475, 7.363533301921792 ], [ 80.554970852147846, 7.363632030173238 ], [ 80.554932499032304, 7.363707157344922 ], [ 80.554912544080068, 7.36376357648226 ], [ 80.554901041955873, 7.363940903331623 ], [ 80.554895194891927, 7.364223944326811 ], [ 80.554890729645038, 7.36446041654347 ], [ 80.55488607666797, 7.364708280086749 ], [ 80.554884482625098, 7.364819237374428 ], [ 80.554896844890322, 7.364914737191285 ], [ 80.554931587554023, 7.364996594103919 ], [ 80.554980194713721, 7.365067332310042 ], [ 80.554986392424695, 7.365083513237226 ], [ 80.55501068119564, 7.365146926371364 ], [ 80.555024755662828, 7.365260332099822 ], [ 80.555025139717699, 7.365366277849014 ], [ 80.55502528074021, 7.36540520335779 ], [ 80.555025632033988, 7.365502322252897 ], [ 80.555024515002984, 7.365562910464189 ], [ 80.555019177011943, 7.365592165431199 ], [ 80.555003351945075, 7.365678920325795 ], [ 80.554967499757296, 7.365824947370923 ], [ 80.554948244807349, 7.365929022363334 ], [ 80.55492184816795, 7.366004336292736 ], [ 80.554887762894509, 7.366057852874026 ], [ 80.554869968316055, 7.366141402864535 ], [ 80.554857005694586, 7.366247998524587 ], [ 80.554854597252458, 7.366267815892154 ], [ 80.554844883256067, 7.366492256538408 ], [ 80.554840231642899, 7.366739036711047 ], [ 80.554835313565476, 7.366973337459475 ], [ 80.554834198482922, 7.367031754450927 ], [ 80.554859871382391, 7.367137209011624 ], [ 80.55488330551529, 7.367190753140818 ], [ 80.554894025108467, 7.367312749827759 ], [ 80.554893285988911, 7.36752435389717 ], [ 80.554889748646517, 7.367714345706841 ], [ 80.554889440625757, 7.367787412696162 ], [ 80.554904708710652, 7.367866727036479 ], [ 80.554946517043149, 7.367950304698323 ], [ 80.554987593636099, 7.368046360379179 ], [ 80.555014446299623, 7.368147565319854 ], [ 80.555060852733263, 7.368272922829926 ], [ 80.555115597772243, 7.36838815724308 ], [ 80.555146626905213, 7.368469920965636 ], [ 80.555161443588986, 7.368548149918094 ], [ 80.555163189006009, 7.368683524839582 ], [ 80.555162337272392, 7.368735195004083 ], [ 80.555160167741548, 7.368866880269277 ], [ 80.555159452338216, 7.368910320500316 ], [ 80.55515913688788, 7.368927210790265 ], [ 80.555157219981595, 7.369029867364491 ], [ 80.555152390319748, 7.369086111301062 ], [ 80.555131164731776, 7.369145240880638 ], [ 80.555086416983016, 7.369220270826155 ], [ 80.555044950125577, 7.369289796129168 ], [ 80.555003558357697, 7.369348533210626 ], [ 80.554993733216122, 7.369362475311709 ], [ 80.554974481281974, 7.369394435373394 ], [ 80.554946683100951, 7.369440584135333 ], [ 80.554936032221676, 7.369548641361967 ], [ 80.554934373400926, 7.369603893945592 ], [ 80.554934675093506, 7.369605611353427 ], [ 80.554954346516368, 7.369717637165505 ], [ 80.554946270132746, 7.369847288450034 ], [ 80.554942874319138, 7.369901776043158 ], [ 80.555042523809107, 7.370161538311068 ], [ 80.555116317006608, 7.370320092505055 ], [ 80.555189700185679, 7.370286330711805 ], [ 80.555529266448744, 7.370130105814003 ], [ 80.555702414241665, 7.369911817247634 ], [ 80.555709251142218, 7.36990319815399 ], [ 80.555697519590666, 7.369738866363416 ], [ 80.555645718954196, 7.369576292657111 ], [ 80.555662810201341, 7.369330678842443 ], [ 80.55576765586639, 7.369167254563973 ], [ 80.555794299025081, 7.36916689150878 ], [ 80.555977727037671, 7.369136313569861 ], [ 80.556014741116186, 7.36913014279176 ], [ 80.55620221800919, 7.369031910919028 ], [ 80.556608979268532, 7.368935227236257 ], [ 80.55679641097305, 7.368814284586257 ], [ 80.556835361263424, 7.368781320387265 ], [ 80.557142892160599, 7.368684413899225 ], [ 80.557380896515085, 7.368519307319209 ], [ 80.557444466101458, 7.368475209656102 ], [ 80.557674740467135, 7.368386656868092 ], [ 80.557917356609067, 7.368325757038046 ], [ 80.558348059688782, 7.368095376860353 ], [ 80.558992490741758, 7.367747886987122 ], [ 80.559242349346249, 7.367655281684428 ], [ 80.55941726036653, 7.367590453370903 ], [ 80.559837657966938, 7.367474588646498 ], [ 80.559933957451534, 7.367452298187055 ], [ 80.560205428784911, 7.367273248409115 ], [ 80.560225517879147, 7.36727173798664 ], [ 80.560297099661511, 7.367259917214215 ], [ 80.560347653150473, 7.367208164299321 ], [ 80.560437813216609, 7.367142194142212 ], [ 80.560489634519229, 7.367124766209929 ], [ 80.560591377857165, 7.367098763380151 ], [ 80.560604053648149, 7.367095523064756 ], [ 80.560722913593168, 7.367061488352451 ], [ 80.560764696113139, 7.367043167532438 ] ] ] ] } },
{ "type": "Feature", "properties": { "GND_N": "Amuwathdeniya", "GND_NO": "488", "GND_C": "005", "PROVINCE_N": "CENTRAL", "PROVINCE_C": "2", "DISTRICT_N": "KANDY", "DISTRICT_C": "1", "DSD_N": "HARISPATTUWA", "DSD_C": "33", "Admin_Code": "2133005", "GND_NO_Cen": "488", "GND_NAME_C": "Amuwathdeniya", "GND_NO_Gaz": "488", "GND_NAME_G": "අමුවත්දde", "shape_1": "Polygon", "Area__Ha_": 73.847791830600002, "MWS_ID": "115-2", "Alt_MWS": null, "Area": 0.73847791830999998, "Tot_Pop": 714.0, "Density": 966.85355418300003 }, "geometry": { "type": "MultiPolygon", "coordinates": [ [ [ [ 80.557830474798536, 7.373449246153942 ], [ 80.557878267535102, 7.373441586601009 ], [ 80.557924339194955, 7.373445006544403 ], [ 80.558029587578758, 7.373462149131488 ], [ 80.558050054153426, 7.373472829817358 ], [ 80.55810403881307, 7.373478824518841 ], [ 80.558169172309931, 7.373472164504922 ], [ 80.558239654950626, 7.373452123505253 ], [ 80.558268734410376, 7.373447525774351 ], [ 80.558340225090731, 7.37340370135365 ], [ 80.558407911836866, 7.373362408905641 ], [ 80.558465980865265, 7.373351766501733 ], [ 80.55852052410836, 7.373325024994716 ], [ 80.558640035300797, 7.373261421628834 ], [ 80.558693685518818, 7.373210264569271 ], [ 80.558749424808227, 7.373145634504104 ], [ 80.558814054930863, 7.373054783257955 ], [ 80.558833181581448, 7.373028748825794 ], [ 80.558845594082356, 7.373008542934807 ], [ 80.558849056202064, 7.373002906330774 ], [ 80.55887272262801, 7.372964379441925 ], [ 80.559021714223746, 7.37272183548115 ], [ 80.559051474448935, 7.372673386889804 ], [ 80.559135547921159, 7.372614483879746 ], [ 80.559140173000742, 7.372607233668897 ], [ 80.559402964827711, 7.372535571826651 ], [ 80.559532744092948, 7.372501940668278 ], [ 80.559547001022864, 7.3724962134352 ], [ 80.559732269620739, 7.372429007263777 ], [ 80.559822007914661, 7.372413216481677 ], [ 80.559844226202145, 7.372409306206915 ], [ 80.559937725025989, 7.372332904041481 ], [ 80.559943395937154, 7.372326449204314 ], [ 80.560011162762677, 7.372291233413564 ], [ 80.560029684757595, 7.372288352239641 ], [ 80.560040290752895, 7.37228537319025 ], [ 80.560185048390025, 7.372274805023417 ], [ 80.560208735693408, 7.372275106748614 ], [ 80.560276371365887, 7.372254388533929 ], [ 80.56028161608883, 7.37225445346374 ], [ 80.560294311132196, 7.372245440142898 ], [ 80.560304629042591, 7.37224251972729 ], [ 80.560405622548828, 7.372158719413465 ], [ 80.560506100598275, 7.372067439390725 ], [ 80.560551852809084, 7.372056886621507 ], [ 80.560601381423979, 7.3720669165521 ], [ 80.56062344397678, 7.372098385857666 ], [ 80.560681313130701, 7.372137217122662 ], [ 80.560717144144704, 7.372206469142187 ], [ 80.560747707373608, 7.372210982748994 ], [ 80.560889340469842, 7.372219777451742 ], [ 80.560918311863432, 7.372204282720707 ], [ 80.56094368599355, 7.372157355622807 ], [ 80.560966879955188, 7.372132579120122 ], [ 80.56099575754854, 7.372095599158436 ], [ 80.561023850974863, 7.372080532634028 ], [ 80.56109105349671, 7.372022500099414 ], [ 80.561095386021634, 7.372022617934154 ], [ 80.561173658460831, 7.371968761328502 ], [ 80.561176202607541, 7.371963809720322 ], [ 80.561255463456035, 7.371935886990285 ], [ 80.56133998585932, 7.371918178995321 ], [ 80.561344270382705, 7.371918279622904 ], [ 80.561479856595113, 7.371903467282443 ], [ 80.561574515055156, 7.371869162131251 ], [ 80.561587264652232, 7.371857769594532 ], [ 80.561614978453662, 7.371844684163292 ], [ 80.561639569111748, 7.371835035366725 ], [ 80.561706411991153, 7.371808807576636 ], [ 80.561764380149143, 7.3717512253669 ], [ 80.561807212166855, 7.371668604961947 ], [ 80.561809588019997, 7.371657591769379 ], [ 80.561810259831702, 7.371654477694253 ], [ 80.561825219419163, 7.371585180484804 ], [ 80.561826762434237, 7.371582489133872 ], [ 80.561828894659783, 7.371577038152418 ], [ 80.561832524560089, 7.371568997079479 ], [ 80.561856760641078, 7.371524359962213 ], [ 80.561858569495556, 7.371524536263028 ], [ 80.561910440143151, 7.371512826977379 ], [ 80.561915368846911, 7.371510753074963 ], [ 80.561930416183614, 7.371511343558555 ], [ 80.562208467026736, 7.371466957314709 ], [ 80.562435624492053, 7.371430696085187 ], [ 80.562594482679742, 7.371377013391688 ], [ 80.562631496283714, 7.371364504758618 ], [ 80.562685171110445, 7.37134941960031 ], [ 80.562790521322526, 7.371319809877813 ], [ 80.562853454946875, 7.371302122935785 ], [ 80.562976956020748, 7.371221609025555 ], [ 80.563145489928615, 7.371166443178553 ], [ 80.563216404690294, 7.371143230213711 ], [ 80.563224756167557, 7.371139971489916 ], [ 80.5632406020503, 7.371133785510457 ], [ 80.56336725312984, 7.371084341909441 ], [ 80.563561542960954, 7.371039250272032 ], [ 80.56357580770073, 7.371035939191836 ], [ 80.563581505080663, 7.371034617106774 ], [ 80.563668845076293, 7.370998305908098 ], [ 80.563680507271783, 7.370989507219358 ], [ 80.563690606353362, 7.370981885181611 ], [ 80.563881031728542, 7.370838199714651 ], [ 80.563892574303907, 7.370829490488653 ], [ 80.563969947789332, 7.370769583203828 ], [ 80.564019310912073, 7.370731365733847 ], [ 80.564070816191361, 7.370691488081437 ], [ 80.564066148385621, 7.370676434752216 ], [ 80.56405095292466, 7.370627422798954 ], [ 80.56405084529834, 7.370627071880752 ], [ 80.564035542213063, 7.37057771172165 ], [ 80.564008265131989, 7.370432985077502 ], [ 80.564004009444204, 7.370410401864383 ], [ 80.563976144067595, 7.370274193413753 ], [ 80.563963285013486, 7.370211323314575 ], [ 80.563958735674731, 7.370189091732954 ], [ 80.563959676203694, 7.370184696392988 ], [ 80.563962639416559, 7.370170843973649 ], [ 80.563967053365957, 7.370150215443183 ], [ 80.563986467690242, 7.370086043101529 ], [ 80.563991424588693, 7.370076068348216 ], [ 80.564005484699663, 7.37004967407763 ], [ 80.564015310592239, 7.370043119876276 ], [ 80.564099423958496, 7.369972235789921 ], [ 80.564120049002781, 7.369965881132378 ], [ 80.564162358121536, 7.369962434123904 ], [ 80.564371224977478, 7.369955156772454 ], [ 80.564374397756794, 7.369952033025912 ], [ 80.564385838002849, 7.369948911387168 ], [ 80.564452460713014, 7.36969883073229 ], [ 80.564457831425202, 7.369671978374138 ], [ 80.564507695878163, 7.369546740601835 ], [ 80.564508532242158, 7.369502274011924 ], [ 80.564528931412198, 7.369464122344011 ], [ 80.564571980259387, 7.369417391479477 ], [ 80.56464880375502, 7.369397170677571 ], [ 80.564693740822605, 7.369395190725508 ], [ 80.564734043597312, 7.369393412948512 ], [ 80.564812576608887, 7.369397520319299 ], [ 80.564893206309534, 7.36937359456163 ], [ 80.564990153003905, 7.369323994466577 ], [ 80.565164638022623, 7.369274792667441 ], [ 80.565299076360731, 7.369247003749219 ], [ 80.565386769716682, 7.369224799396309 ], [ 80.565391210100529, 7.369222810227941 ], [ 80.565452908873283, 7.369195169634309 ], [ 80.5655134396102, 7.36914925897224 ], [ 80.565557737805591, 7.36911903834496 ], [ 80.565674909440318, 7.369039101229212 ], [ 80.565777570957167, 7.368973859312753 ], [ 80.56587442405224, 7.368926429288645 ], [ 80.565927068640889, 7.368893899357121 ], [ 80.565976263363794, 7.368875837452041 ], [ 80.566058789033576, 7.368862944792918 ], [ 80.566299340025978, 7.36874631212731 ], [ 80.566417936088314, 7.368699526098958 ], [ 80.566531098600592, 7.368643964002153 ], [ 80.566671446654894, 7.368567165443876 ], [ 80.566753440796546, 7.36853057982526 ], [ 80.566780465908451, 7.368511523571207 ], [ 80.566851999590909, 7.368397800122015 ], [ 80.566839198765294, 7.368354830076817 ], [ 80.566825711948809, 7.368324038781575 ], [ 80.566729609948041, 7.368198122878241 ], [ 80.566681120366795, 7.368134591389386 ], [ 80.566658435351826, 7.368104868276388 ], [ 80.56665040892112, 7.368081628605348 ], [ 80.566641389767426, 7.368069828729917 ], [ 80.566690935901946, 7.367795292912735 ], [ 80.566701652090771, 7.367784963626449 ], [ 80.566718605933858, 7.367758850044717 ], [ 80.56674564743949, 7.367727939369413 ], [ 80.566777127015811, 7.36769798209081 ], [ 80.566978512675703, 7.367476172706573 ], [ 80.5669937963834, 7.367457299038216 ], [ 80.567004045149986, 7.367443117220247 ], [ 80.567028996881149, 7.367419945427063 ], [ 80.567068560052931, 7.36738785233987 ], [ 80.567056047372944, 7.367304145661888 ], [ 80.567056859325547, 7.367295702620295 ], [ 80.56718871449732, 7.366914290167105 ], [ 80.567200195664782, 7.366902894154513 ], [ 80.56721546582466, 7.366887738036128 ], [ 80.567239161696534, 7.366853720408323 ], [ 80.567416972730456, 7.36666882404657 ], [ 80.567487529602133, 7.366595456987751 ], [ 80.567502420497561, 7.366579673099696 ], [ 80.567538314924192, 7.366555472768674 ], [ 80.567576659573675, 7.366533234997701 ], [ 80.567781726606341, 7.366407986871797 ], [ 80.567746286791973, 7.366302667675314 ], [ 80.567744230724301, 7.36628299554251 ], [ 80.567729423850579, 7.366258606080009 ], [ 80.56764689590851, 7.366176778463025 ], [ 80.56763999576583, 7.366162415912628 ], [ 80.567611075099038, 7.366148254700774 ], [ 80.567442331344395, 7.365975785313919 ], [ 80.567153728418049, 7.365837615930196 ], [ 80.566828557785783, 7.36575745256974 ], [ 80.566591567398078, 7.365544832693303 ], [ 80.566434287299941, 7.365334008027982 ], [ 80.566431577813873, 7.36533056138583 ], [ 80.566437283757452, 7.365310863045224 ], [ 80.566436028049367, 7.365286356006069 ], [ 80.566367946223565, 7.365208915348673 ], [ 80.56628102725972, 7.36512531843236 ], [ 80.566244632949207, 7.365085873099413 ], [ 80.56621495076682, 7.36502328271759 ], [ 80.566205102420682, 7.364970105428175 ], [ 80.566157120085947, 7.364917090193643 ], [ 80.566080877891537, 7.364856919545821 ], [ 80.565998921988665, 7.364815644201205 ], [ 80.565976737007972, 7.36479592010257 ], [ 80.56591912795713, 7.364794266201733 ], [ 80.565856551329318, 7.36479279986062 ], [ 80.565761518805402, 7.36479057491528 ], [ 80.565647842601479, 7.364783015771793 ], [ 80.56558869593367, 7.364776567426342 ], [ 80.565550045078993, 7.364720392385714 ], [ 80.565508466721781, 7.3645298374232 ], [ 80.565494374081084, 7.364447357992515 ], [ 80.565471394948347, 7.36438694103291 ], [ 80.565439715231861, 7.364338546220615 ], [ 80.565419365493938, 7.36427279333567 ], [ 80.565398101526881, 7.364224856479543 ], [ 80.565393614491384, 7.364135931219486 ], [ 80.565387871993437, 7.364022107356791 ], [ 80.565387281259007, 7.363928512332895 ], [ 80.565376061745397, 7.36390192161796 ], [ 80.565366482960016, 7.363893858913986 ], [ 80.565324994207259, 7.363858943445719 ], [ 80.565268845489157, 7.363834228769125 ], [ 80.565156253349002, 7.363833361816557 ], [ 80.565019111115731, 7.363837909033105 ], [ 80.564945829028488, 7.36384366284955 ], [ 80.56486900628893, 7.363862435050622 ], [ 80.564844230102509, 7.363874725406197 ], [ 80.564780307246096, 7.363906433323208 ], [ 80.564682642514953, 7.363942649481214 ], [ 80.564617324778936, 7.363960794972604 ], [ 80.564560798144342, 7.363968997344966 ], [ 80.564491853885912, 7.363994012855569 ], [ 80.564406609879654, 7.364008712559538 ], [ 80.56438460399032, 7.363997399335534 ], [ 80.564357626311335, 7.363964650109319 ], [ 80.564340072951936, 7.363921869455323 ], [ 80.564334857859919, 7.36384246880502 ], [ 80.564335517745789, 7.363788120867332 ], [ 80.564359357325614, 7.363752954999572 ], [ 80.564360413949288, 7.363752015935182 ], [ 80.564233064930775, 7.363637447215569 ], [ 80.564130066705076, 7.363578596505168 ], [ 80.564036444396862, 7.363508683430084 ], [ 80.564033722448528, 7.363501029978385 ], [ 80.564200688614292, 7.363282686107933 ], [ 80.564242938628666, 7.363223099381751 ], [ 80.564248410814983, 7.36320938107462 ], [ 80.564276787769501, 7.363164282751386 ], [ 80.564381019930366, 7.363083272718563 ], [ 80.564400769399356, 7.363075508728069 ], [ 80.564425748046361, 7.363050722010682 ], [ 80.564482001233841, 7.362963806794594 ], [ 80.564531658931045, 7.362902251270783 ], [ 80.564428724490568, 7.362909645845589 ], [ 80.564271415005933, 7.362943963607902 ], [ 80.564171781975531, 7.362944280849391 ], [ 80.563908391925935, 7.362912165579139 ], [ 80.563771857776118, 7.362899588037263 ], [ 80.563687939598552, 7.362976112312918 ], [ 80.563616414753128, 7.363208377774238 ], [ 80.563525071897502, 7.363413356588044 ], [ 80.563528440341614, 7.363423423014159 ], [ 80.563531730121824, 7.363450290336424 ], [ 80.563531654172522, 7.363467096659632 ], [ 80.563517451689464, 7.363581607365932 ], [ 80.563517363533805, 7.363591717364164 ], [ 80.563481954129415, 7.363710085667305 ], [ 80.563475043360498, 7.363720262053202 ], [ 80.5634609329569, 7.363774609922923 ], [ 80.563450539707546, 7.363791603956178 ], [ 80.563344602133853, 7.363932165424947 ], [ 80.563099292798924, 7.364037834233179 ], [ 80.563168930187217, 7.364111212201268 ], [ 80.563321385079774, 7.364171613115055 ], [ 80.563479315484301, 7.364236177251122 ], [ 80.56350904498602, 7.364291696224919 ], [ 80.563511902422007, 7.364302045452993 ], [ 80.563520408131126, 7.364326491737767 ], [ 80.563578984745973, 7.364472052603118 ], [ 80.563495656876356, 7.364723186898058 ], [ 80.563454120033313, 7.364808222606016 ], [ 80.563383177962507, 7.364917386338822 ], [ 80.56324848994889, 7.365115834415475 ], [ 80.563128732451347, 7.365164365272793 ], [ 80.562961348481721, 7.365175999791885 ], [ 80.562808125878291, 7.365157656326919 ], [ 80.562619198666383, 7.365118706736665 ], [ 80.562399686184065, 7.365197832770027 ], [ 80.562337073046166, 7.365196879558966 ], [ 80.5621973009318, 7.36520305237577 ], [ 80.562170210362822, 7.365218864611992 ], [ 80.56215207778348, 7.365250867141053 ], [ 80.56214624956489, 7.365317330169385 ], [ 80.562146756155968, 7.365394196545904 ], [ 80.562143393117282, 7.365606885547995 ], [ 80.562116011765966, 7.365660406817706 ], [ 80.562095824965496, 7.365682574132526 ], [ 80.562080122508149, 7.365699816983541 ], [ 80.562034734897594, 7.365712726703268 ], [ 80.561928560926788, 7.365736368441612 ], [ 80.561759159506124, 7.365766762078911 ], [ 80.561722695717975, 7.365768931189407 ], [ 80.561670205761459, 7.365772054784189 ], [ 80.561627354035409, 7.365783880521883 ], [ 80.561602341262542, 7.365811177383053 ], [ 80.561599509554313, 7.365860370673435 ], [ 80.56160003824084, 7.365900538885248 ], [ 80.561600732955881, 7.365953332968084 ], [ 80.561607828543558, 7.366078762332926 ], [ 80.561610013543387, 7.366080294355414 ], [ 80.561639480996149, 7.366275412323595 ], [ 80.561637662627007, 7.36628375811053 ], [ 80.561622596906389, 7.36638196203331 ], [ 80.561614334519518, 7.366407304603691 ], [ 80.56151551464491, 7.366526998739693 ], [ 80.561507936897939, 7.366533841533625 ], [ 80.561427776386168, 7.366603680776859 ], [ 80.561237631739274, 7.366755410013768 ], [ 80.561185874101568, 7.366881384416611 ], [ 80.561185336238339, 7.366890374675944 ], [ 80.561005829216242, 7.366956012640483 ], [ 80.560981506688023, 7.366964306904041 ], [ 80.560948867142244, 7.366981537945507 ], [ 80.560905236536996, 7.366947809289282 ], [ 80.560764696113139, 7.367043167532438 ], [ 80.560722913593168, 7.367061488352451 ], [ 80.560604053648149, 7.367095523064756 ], [ 80.560591377857165, 7.367098763380151 ], [ 80.560489634519229, 7.367124766209929 ], [ 80.560437813216609, 7.367142194142212 ], [ 80.560347653150473, 7.367208164299321 ], [ 80.560297099661511, 7.367259917214215 ], [ 80.560225517879147, 7.36727173798664 ], [ 80.560205428784911, 7.367273248409115 ], [ 80.559933957451534, 7.367452298187055 ], [ 80.559837657966938, 7.367474588646498 ], [ 80.55941726036653, 7.367590453370903 ], [ 80.559242349346249, 7.367655281684428 ], [ 80.558992490741758, 7.367747886987122 ], [ 80.558348059688782, 7.368095376860353 ], [ 80.557917356609067, 7.368325757038046 ], [ 80.557674740467135, 7.368386656868092 ], [ 80.557444466101458, 7.368475209656102 ], [ 80.557380896515085, 7.368519307319209 ], [ 80.557142892160599, 7.368684413899225 ], [ 80.556835361263424, 7.368781320387265 ], [ 80.55679641097305, 7.368814284586257 ], [ 80.556608979268532, 7.368935227236257 ], [ 80.55620221800919, 7.369031910919028 ], [ 80.556014741116186, 7.36913014279176 ], [ 80.555977727037671, 7.369136313569861 ], [ 80.555794299025081, 7.36916689150878 ], [ 80.55576765586639, 7.369167254563973 ], [ 80.555662810201341, 7.369330678842443 ], [ 80.555645718954196, 7.369576292657111 ], [ 80.555697519590666, 7.369738866363416 ], [ 80.555709251142218, 7.36990319815399 ], [ 80.555702414241665, 7.369911817247634 ], [ 80.555529266448744, 7.370130105814003 ], [ 80.555189700185679, 7.370286330711805 ], [ 80.555116317006608, 7.370320092505055 ], [ 80.555096537414343, 7.370329191700437 ], [ 80.555085884159297, 7.370332521476824 ], [ 80.554765327925551, 7.370432712590552 ], [ 80.554810047524555, 7.370567860098145 ], [ 80.554813087519562, 7.370576890096529 ], [ 80.554871468739037, 7.370783322796292 ], [ 80.55487215609476, 7.370798247640794 ], [ 80.554851956971348, 7.371046439813366 ], [ 80.55482286786382, 7.371433525661095 ], [ 80.554843812720165, 7.371666288297208 ], [ 80.554944620426667, 7.371963828120979 ], [ 80.554931353773526, 7.372085793017787 ], [ 80.554950782455663, 7.372077572634933 ], [ 80.554961324279731, 7.372063412957552 ], [ 80.555017599454558, 7.372014880102067 ], [ 80.555137548098969, 7.371980848373219 ], [ 80.555236407639072, 7.37191126644472 ], [ 80.555247732071436, 7.371902616119171 ], [ 80.555375977534339, 7.372130986235237 ], [ 80.55537283865462, 7.372250138363571 ], [ 80.555534532850245, 7.372414712395573 ], [ 80.555804015852985, 7.372704950788914 ], [ 80.555845893084722, 7.372833574105122 ], [ 80.555892441103168, 7.373128266473713 ], [ 80.555897819310459, 7.373133181261252 ], [ 80.555913978376196, 7.373147954572996 ], [ 80.556021713662275, 7.373246440293358 ], [ 80.556214027497589, 7.373339252473491 ], [ 80.55653003154228, 7.373353730137901 ], [ 80.556926403681118, 7.373362792300457 ], [ 80.557076995517946, 7.373394074321298 ], [ 80.557190161018866, 7.373443980020714 ], [ 80.557303325639509, 7.373493886595941 ], [ 80.557433536931768, 7.373512869130774 ], [ 80.557643557957618, 7.373479206363624 ], [ 80.557666003525227, 7.373475608292655 ], [ 80.557719696062605, 7.373475109146248 ], [ 80.557786095225566, 7.373471705273435 ], [ 80.557830474798536, 7.373449246153942 ] ] ] ] } },
{ "type": "Feature", "properties": { "GND_N": "Doranegama", "GND_NO": "487", "GND_C": "010", "PROVINCE_N": "CENTRAL", "PROVINCE_C": "2", "DISTRICT_N": "KANDY", "DISTRICT_C": "1", "DSD_N": "HARISPATTUWA", "DSD_C": "33", "Admin_Code": "2133010", "GND_NO_Cen": "487", "GND_NAME_C": "Doranegama", "GND_NO_Gaz": "487", "GND_NAME_G": "දොරණෑගම", "shape_1": "Polygon", "Area__Ha_": 68.429648098300007, "MWS_ID": "115-2", "Alt_MWS": null, "Area": 0.68429648097999995, "Tot_Pop": 646.0, "Density": 944.03525073200001 }, "geometry": { "type": "MultiPolygon", "coordinates": [ [ [ [ 80.567781726606341, 7.366407986871797 ], [ 80.567576659573675, 7.366533234997701 ], [ 80.567538314924192, 7.366555472768674 ], [ 80.567502420497561, 7.366579673099696 ], [ 80.567487529602133, 7.366595456987751 ], [ 80.567416972730456, 7.36666882404657 ], [ 80.567239161696534, 7.366853720408323 ], [ 80.56721546582466, 7.366887738036128 ], [ 80.567200195664782, 7.366902894154513 ], [ 80.56718871449732, 7.366914290167105 ], [ 80.567056859325547, 7.367295702620295 ], [ 80.567056047372944, 7.367304145661888 ], [ 80.567068560052931, 7.36738785233987 ], [ 80.567028996881149, 7.367419945427063 ], [ 80.567004045149986, 7.367443117220247 ], [ 80.5669937963834, 7.367457299038216 ], [ 80.566978512675703, 7.367476172706573 ], [ 80.566777127015811, 7.36769798209081 ], [ 80.56674564743949, 7.367727939369413 ], [ 80.566718605933858, 7.367758850044717 ], [ 80.566701652090771, 7.367784963626449 ], [ 80.566690935901946, 7.367795292912735 ], [ 80.566641389767426, 7.368069828729917 ], [ 80.56665040892112, 7.368081628605348 ], [ 80.566658435351826, 7.368104868276388 ], [ 80.566681120366795, 7.368134591389386 ], [ 80.566729609948041, 7.368198122878241 ], [ 80.566825711948809, 7.368324038781575 ], [ 80.566839198765294, 7.368354830076817 ], [ 80.566851999590909, 7.368397800122015 ], [ 80.566780465908451, 7.368511523571207 ], [ 80.566753440796546, 7.36853057982526 ], [ 80.566671446654894, 7.368567165443876 ], [ 80.566531098600592, 7.368643964002153 ], [ 80.566417936088314, 7.368699526098958 ], [ 80.566299340025978, 7.36874631212731 ], [ 80.566058789033576, 7.368862944792918 ], [ 80.565976263363794, 7.368875837452041 ], [ 80.565927068640889, 7.368893899357121 ], [ 80.56587442405224, 7.368926429288645 ], [ 80.565777570957167, 7.368973859312753 ], [ 80.565674909440318, 7.369039101229212 ], [ 80.565557737805591, 7.36911903834496 ], [ 80.5655134396102, 7.36914925897224 ], [ 80.565452908873283, 7.369195169634309 ], [ 80.565391210100529, 7.369222810227941 ], [ 80.565386769716682, 7.369224799396309 ], [ 80.565299076360731, 7.369247003749219 ], [ 80.565164638022623, 7.369274792667441 ], [ 80.564990153003905, 7.369323994466577 ], [ 80.564893206309534, 7.36937359456163 ], [ 80.564812576608887, 7.369397520319299 ], [ 80.564734043597312, 7.369393412948512 ], [ 80.564693740822605, 7.369395190725508 ], [ 80.56464880375502, 7.369397170677571 ], [ 80.564571980259387, 7.369417391479477 ], [ 80.564528931412198, 7.369464122344011 ], [ 80.564508532242158, 7.369502274011924 ], [ 80.564507695878163, 7.369546740601835 ], [ 80.564457831425202, 7.369671978374138 ], [ 80.564452460713014, 7.36969883073229 ], [ 80.564385838002849, 7.369948911387168 ], [ 80.564374397756794, 7.369952033025912 ], [ 80.564371224977478, 7.369955156772454 ], [ 80.564162358121536, 7.369962434123904 ], [ 80.564120049002781, 7.369965881132378 ], [ 80.564099423958496, 7.369972235789921 ], [ 80.564015310592239, 7.370043119876276 ], [ 80.564005484699663, 7.37004967407763 ], [ 80.563991424588693, 7.370076068348216 ], [ 80.563986467690242, 7.370086043101529 ], [ 80.563967053365957, 7.370150215443183 ], [ 80.563962639416559, 7.370170843973649 ], [ 80.563959676203694, 7.370184696392988 ], [ 80.563958735674731, 7.370189091732954 ], [ 80.563963285013486, 7.370211323314575 ], [ 80.563976144067595, 7.370274193413753 ], [ 80.564004009444204, 7.370410401864383 ], [ 80.564008265131989, 7.370432985077502 ], [ 80.564035542213063, 7.37057771172165 ], [ 80.56405084529834, 7.370627071880752 ], [ 80.56405095292466, 7.370627422798954 ], [ 80.564066148385621, 7.370676434752216 ], [ 80.564070816191361, 7.370691488081437 ], [ 80.564019310912073, 7.370731365733847 ], [ 80.563969947789332, 7.370769583203828 ], [ 80.563892574303907, 7.370829490488653 ], [ 80.563881031728542, 7.370838199714651 ], [ 80.563690606353362, 7.370981885181611 ], [ 80.563680507271783, 7.370989507219358 ], [ 80.563668845076293, 7.370998305908098 ], [ 80.563581505080663, 7.371034617106774 ], [ 80.56357580770073, 7.371035939191836 ], [ 80.563561542960954, 7.371039250272032 ], [ 80.56336725312984, 7.371084341909441 ], [ 80.5632406020503, 7.371133785510457 ], [ 80.563224756167557, 7.371139971489916 ], [ 80.563216404690294, 7.371143230213711 ], [ 80.563145489928615, 7.371166443178553 ], [ 80.562976956020748, 7.371221609025555 ], [ 80.562853454946875, 7.371302122935785 ], [ 80.562790521322526, 7.371319809877813 ], [ 80.562685171110445, 7.37134941960031 ], [ 80.562631496283714, 7.371364504758618 ], [ 80.562594482679742, 7.371377013391688 ], [ 80.562435624492053, 7.371430696085187 ], [ 80.562208467026736, 7.371466957314709 ], [ 80.561930416183614, 7.371511343558555 ], [ 80.561915368846911, 7.371510753074963 ], [ 80.561910440143151, 7.371512826977379 ], [ 80.561858569495556, 7.371524536263028 ], [ 80.561856760641078, 7.371524359962213 ], [ 80.561832524560089, 7.371568997079479 ], [ 80.561828894659783, 7.371577038152418 ], [ 80.561826762434237, 7.371582489133872 ], [ 80.561825219419163, 7.371585180484804 ], [ 80.561810259831702, 7.371654477694253 ], [ 80.561809588019997, 7.371657591769379 ], [ 80.561807212166855, 7.371668604961947 ], [ 80.561764380149143, 7.3717512253669 ], [ 80.561706411991153, 7.371808807576636 ], [ 80.561639569111748, 7.371835035366725 ], [ 80.561614978453662, 7.371844684163292 ], [ 80.561587264652232, 7.371857769594532 ], [ 80.561574515055156, 7.371869162131251 ], [ 80.561479856595113, 7.371903467282443 ], [ 80.561344270382705, 7.371918279622904 ], [ 80.56133998585932, 7.371918178995321 ], [ 80.561255463456035, 7.371935886990285 ], [ 80.561176202607541, 7.371963809720322 ], [ 80.561173658460831, 7.371968761328502 ], [ 80.561095386021634, 7.372022617934154 ], [ 80.56109105349671, 7.372022500099414 ], [ 80.561023850974863, 7.372080532634028 ], [ 80.56099575754854, 7.372095599158436 ], [ 80.560966879955188, 7.372132579120122 ], [ 80.56094368599355, 7.372157355622807 ], [ 80.560918311863432, 7.372204282720707 ], [ 80.560889340469842, 7.372219777451742 ], [ 80.560747707373608, 7.372210982748994 ], [ 80.560717144144704, 7.372206469142187 ], [ 80.560681313130701, 7.372137217122662 ], [ 80.56062344397678, 7.372098385857666 ], [ 80.560601381423979, 7.3720669165521 ], [ 80.560551852809084, 7.372056886621507 ], [ 80.560506100598275, 7.372067439390725 ], [ 80.560405622548828, 7.372158719413465 ], [ 80.560304629042591, 7.37224251972729 ], [ 80.560294311132196, 7.372245440142898 ], [ 80.56028161608883, 7.37225445346374 ], [ 80.560276371365887, 7.372254388533929 ], [ 80.560208735693408, 7.372275106748614 ], [ 80.560185048390025, 7.372274805023417 ], [ 80.560040290752895, 7.37228537319025 ], [ 80.560029684757595, 7.372288352239641 ], [ 80.560011162762677, 7.372291233413564 ], [ 80.559943395937154, 7.372326449204314 ], [ 80.559937725025989, 7.372332904041481 ], [ 80.559844226202145, 7.372409306206915 ], [ 80.559822007914661, 7.372413216481677 ], [ 80.559732269620739, 7.372429007263777 ], [ 80.559547001022864, 7.3724962134352 ], [ 80.559532744092948, 7.372501940668278 ], [ 80.559402964827711, 7.372535571826651 ], [ 80.559140173000742, 7.372607233668897 ], [ 80.559135547921159, 7.372614483879746 ], [ 80.559051474448935, 7.372673386889804 ], [ 80.559021714223746, 7.37272183548115 ], [ 80.55887272262801, 7.372964379441925 ], [ 80.558849056202064, 7.373002906330774 ], [ 80.558845594082356, 7.373008542934807 ], [ 80.558833181581448, 7.373028748825794 ], [ 80.558814054930863, 7.373054783257955 ], [ 80.558749424808227, 7.373145634504104 ], [ 80.558693685518818, 7.373210264569271 ], [ 80.558640035300797, 7.373261421628834 ], [ 80.55852052410836, 7.373325024994716 ], [ 80.558465980865265, 7.373351766501733 ], [ 80.558407911836866, 7.373362408905641 ], [ 80.558340225090731, 7.37340370135365 ], [ 80.558268734410376, 7.373447525774351 ], [ 80.558239654950626, 7.373452123505253 ], [ 80.558169172309931, 7.373472164504922 ], [ 80.55810403881307, 7.373478824518841 ], [ 80.558050054153426, 7.373472829817358 ], [ 80.558029587578758, 7.373462149131488 ], [ 80.557924339194955, 7.373445006544403 ], [ 80.557878267535102, 7.373441586601009 ], [ 80.557830474798536, 7.373449246153942 ], [ 80.557786095225566, 7.373471705273435 ], [ 80.557719696062605, 7.373475109146248 ], [ 80.557666003525227, 7.373475608292655 ], [ 80.557643557957618, 7.373479206363624 ], [ 80.557433536931768, 7.373512869130774 ], [ 80.557303325639509, 7.373493886595941 ], [ 80.557190161018866, 7.373443980020714 ], [ 80.557076995517946, 7.373394074321298 ], [ 80.556926403681118, 7.373362792300457 ], [ 80.55653003154228, 7.373353730137901 ], [ 80.556214027497589, 7.373339252473491 ], [ 80.556021713662275, 7.373246440293358 ], [ 80.555913978376196, 7.373147954572996 ], [ 80.555897819310459, 7.373133181261252 ], [ 80.555892441103168, 7.373128266473713 ], [ 80.555909687581348, 7.37323744793519 ], [ 80.555919751566762, 7.373301160558704 ], [ 80.555921877240252, 7.373314616628644 ], [ 80.555929516659575, 7.373362982151338 ], [ 80.555928336633698, 7.373474169301725 ], [ 80.555927453035281, 7.373557431933005 ], [ 80.555926372842208, 7.373659068860145 ], [ 80.555918194860539, 7.373695958303021 ], [ 80.555861652553588, 7.373950981726232 ], [ 80.555897596755358, 7.373958623566358 ], [ 80.556079150997761, 7.373997221570142 ], [ 80.556517032807648, 7.374090312762198 ], [ 80.556739704822974, 7.374347533454347 ], [ 80.557094766999157, 7.374773332750504 ], [ 80.557336998992767, 7.37498158877991 ], [ 80.557657163602414, 7.375256845935764 ], [ 80.557686300198853, 7.375281895624395 ], [ 80.557707565858593, 7.375310907705579 ], [ 80.558030735070048, 7.37575178610742 ], [ 80.558247966393651, 7.375959282504737 ], [ 80.558413946367963, 7.376107851585316 ], [ 80.558599119047514, 7.376184740066051 ], [ 80.55860281171347, 7.376215286276651 ], [ 80.558616642657398, 7.376273349731638 ], [ 80.558616809993993, 7.376301653379245 ], [ 80.558660969940902, 7.376393642708854 ], [ 80.558697355424712, 7.376453434401252 ], [ 80.558805547655695, 7.376566975326061 ], [ 80.558875899000313, 7.376635013530466 ], [ 80.558891442014072, 7.376709806385097 ], [ 80.558913720104727, 7.376723019945124 ], [ 80.558945762718253, 7.376770511077839 ], [ 80.558984218223173, 7.376859782905587 ], [ 80.559019876357681, 7.376923372263055 ], [ 80.559070767155916, 7.376960835766353 ], [ 80.559091502711425, 7.376964574257105 ], [ 80.559133625970361, 7.376972169111108 ], [ 80.559275840989415, 7.376975764944331 ], [ 80.559337710240754, 7.376974890685786 ], [ 80.559360994181517, 7.376966944181436 ], [ 80.559428943472881, 7.376943646315597 ], [ 80.559487104131478, 7.376933636845036 ], [ 80.559534919600139, 7.376958167369042 ], [ 80.559597330153252, 7.376961814818049 ], [ 80.559663637953562, 7.376962931213693 ], [ 80.559716168091171, 7.376980500018678 ], [ 80.559743499816676, 7.376984566318062 ], [ 80.559742174009443, 7.376916789578478 ], [ 80.559744176750968, 7.376883393985183 ], [ 80.559856547051766, 7.376795680137421 ], [ 80.559913463674704, 7.37678813511961 ], [ 80.559919885897926, 7.376784766108124 ], [ 80.560054426611913, 7.376780879446933 ], [ 80.560188966418877, 7.376776992744725 ], [ 80.560288607456442, 7.376773964495793 ], [ 80.560965481129088, 7.376744014367263 ], [ 80.561010270457558, 7.376732517017234 ], [ 80.561142886003495, 7.376725385389558 ], [ 80.561061391098491, 7.37598153168588 ], [ 80.561070350754548, 7.37591962154295 ], [ 80.561079158241171, 7.37581643200707 ], [ 80.561070247972054, 7.375768626612508 ], [ 80.561004375766629, 7.375648129958876 ], [ 80.560991356843118, 7.375620508286813 ], [ 80.560969516168839, 7.375607485846708 ], [ 80.560963154369389, 7.375512132871526 ], [ 80.560961624620489, 7.375489211839459 ], [ 80.561022870982256, 7.37527165859243 ], [ 80.561022959983092, 7.375244939390773 ], [ 80.561085330119212, 7.375123647212094 ], [ 80.561134487111744, 7.375110498892981 ], [ 80.561148249438006, 7.375106818700223 ], [ 80.561275675291114, 7.375072736489305 ], [ 80.56139852707588, 7.37502839460879 ], [ 80.561521099621075, 7.374973231748903 ], [ 80.561562518868797, 7.374954592393802 ], [ 80.56170061105226, 7.374867451973515 ], [ 80.561721179761562, 7.374854472532641 ], [ 80.561843685592109, 7.374743895168818 ], [ 80.561897714030906, 7.374695128864133 ], [ 80.561932850123625, 7.374678879228513 ], [ 80.561945777450717, 7.374672900792957 ], [ 80.561947651013753, 7.374672284056784 ], [ 80.561950345685787, 7.374670788738136 ], [ 80.562009247106502, 7.374643547915092 ], [ 80.562067934870939, 7.374619809321801 ], [ 80.562088522155321, 7.374611483381668 ], [ 80.562092151242226, 7.374608947664638 ], [ 80.562195627768446, 7.374536658940246 ], [ 80.562229790451923, 7.374510179412846 ], [ 80.562348109298838, 7.374475058012582 ], [ 80.562451025035131, 7.374449968712674 ], [ 80.562519601155401, 7.374438787327517 ], [ 80.562658559581237, 7.374431619377938 ], [ 80.562733833227341, 7.374434096941278 ], [ 80.562762350411603, 7.374442268221017 ], [ 80.562833099951675, 7.374462539257615 ], [ 80.562932630955132, 7.374502827962464 ], [ 80.563025001423625, 7.374554327410729 ], [ 80.56309463849702, 7.374599485020023 ], [ 80.563158747182342, 7.374650517006185 ], [ 80.563200387112829, 7.374711939492659 ], [ 80.563207767386572, 7.374809515698654 ], [ 80.563204977437579, 7.374960984032042 ], [ 80.563206036197172, 7.375020035097664 ], [ 80.563219161900733, 7.375038669861667 ], [ 80.563266790811653, 7.375076402628541 ], [ 80.563346382976832, 7.375091549534997 ], [ 80.563367782305264, 7.375095621827879 ], [ 80.563465245111502, 7.375104439914927 ], [ 80.563536807673302, 7.375103117534175 ], [ 80.563593519454912, 7.375089579169084 ], [ 80.56364073014656, 7.375054695783774 ], [ 80.563643877970776, 7.375050805188955 ], [ 80.563698465953848, 7.374983284723546 ], [ 80.563745873798794, 7.374914851114842 ], [ 80.563786218099466, 7.374844154305864 ], [ 80.5638066197439, 7.374799582184221 ], [ 80.563807807592781, 7.374793257194556 ], [ 80.563819878614581, 7.374728962926503 ], [ 80.563822439748293, 7.374676967092742 ], [ 80.563836506359962, 7.374622083882002 ], [ 80.563873214562534, 7.374576162156264 ], [ 80.563918250398686, 7.374542906343494 ], [ 80.564002777418565, 7.374516360170084 ], [ 80.564072814568291, 7.374482482300323 ], [ 80.564139402605505, 7.374463161052961 ], [ 80.564211798863582, 7.374419066633322 ], [ 80.564250311838336, 7.37438942397347 ], [ 80.564334150967284, 7.374285468717874 ], [ 80.564362616045273, 7.374239454419992 ], [ 80.564396264410163, 7.374151301451164 ], [ 80.564409243718401, 7.374096868947406 ], [ 80.564418131136321, 7.373884815606267 ], [ 80.5644192470712, 7.37382205704631 ], [ 80.56441175833244, 7.373763455077325 ], [ 80.564387592112467, 7.373718591417187 ], [ 80.564363162115001, 7.373664593330689 ], [ 80.564356482563198, 7.373613044353473 ], [ 80.564317389827465, 7.373530554875162 ], [ 80.564242252772473, 7.373431679628231 ], [ 80.564137142357296, 7.373314432927454 ], [ 80.564092957993921, 7.373268111974647 ], [ 80.564045435891785, 7.373198458580752 ], [ 80.564043847689902, 7.373109654995117 ], [ 80.564047935420064, 7.372895339540775 ], [ 80.564048323120616, 7.37284397567646 ], [ 80.564070156703735, 7.37283566560573 ], [ 80.564126498615138, 7.372837320075424 ], [ 80.564177742083572, 7.372834159452938 ], [ 80.56418030656765, 7.372833999704603 ], [ 80.564202406088626, 7.372839798589583 ], [ 80.564299962709484, 7.372842738598769 ], [ 80.564354222803729, 7.37284104525099 ], [ 80.564399522479391, 7.372823976416402 ], [ 80.564471667023653, 7.37273710678386 ], [ 80.564489709261721, 7.372710641140958 ], [ 80.564526327639811, 7.372656922463151 ], [ 80.564620772959728, 7.372535338372407 ], [ 80.564670263288306, 7.372467992597462 ], [ 80.564724008218292, 7.37240842397216 ], [ 80.564773032336376, 7.372367120804349 ], [ 80.564818981042592, 7.372316502824946 ], [ 80.564862771415434, 7.372236673228113 ], [ 80.564969280421806, 7.372080641959497 ], [ 80.564969381913741, 7.372080559716447 ], [ 80.565029269437034, 7.372031929613737 ], [ 80.565050480031175, 7.372002007411732 ], [ 80.565167353047883, 7.371957660727643 ], [ 80.565224157534772, 7.37193869730918 ], [ 80.565349435469628, 7.371935049704826 ], [ 80.565389925306349, 7.371936609722668 ], [ 80.56543023398099, 7.371938162417043 ], [ 80.565502630349769, 7.371894609442537 ], [ 80.565627687308506, 7.371785429320085 ], [ 80.565676351251412, 7.37173924267577 ], [ 80.565697915351137, 7.371693370621273 ], [ 80.565716430078822, 7.371653986363365 ], [ 80.565743265750783, 7.371603087089649 ], [ 80.56578894624522, 7.37154649871009 ], [ 80.565807452195685, 7.371529507544755 ], [ 80.565836885363552, 7.371502482017781 ], [ 80.5659486828187, 7.371446617419164 ], [ 80.5659961675766, 7.371422890202303 ], [ 80.566175993114612, 7.371350769332759 ], [ 80.566210798898624, 7.3713368097757 ], [ 80.566293067682878, 7.371295250757385 ], [ 80.566314756034515, 7.37128733025702 ], [ 80.566432045620118, 7.371244495412372 ], [ 80.566459857929829, 7.371235374159156 ], [ 80.566615962101054, 7.371171604011489 ], [ 80.566706753817556, 7.371114495004646 ], [ 80.566824090535732, 7.37104636598944 ], [ 80.566935345943207, 7.371004278749743 ], [ 80.567015435757938, 7.370980783713065 ], [ 80.567070151652999, 7.370964733625381 ], [ 80.5671892851434, 7.370930064336325 ], [ 80.567201959428132, 7.370926315620725 ], [ 80.567301623328248, 7.370896837810661 ], [ 80.567388868584985, 7.3708648673616 ], [ 80.567458684309457, 7.370847493152659 ], [ 80.567486076097325, 7.370840676690667 ], [ 80.567723427045962, 7.370788971217481 ], [ 80.567790368448897, 7.370785385239423 ], [ 80.567940645404761, 7.370784913591597 ], [ 80.568044359515838, 7.37079156235412 ], [ 80.568285306112998, 7.370800898298085 ], [ 80.568347912981636, 7.370766565028838 ], [ 80.568388423755295, 7.370724986200714 ], [ 80.568441356640591, 7.370655108646441 ], [ 80.568475434219536, 7.370599913533831 ], [ 80.56849320909302, 7.370571123550678 ], [ 80.568592734140339, 7.370432992293658 ], [ 80.568641128054722, 7.370384093199673 ], [ 80.568749876776153, 7.370275718461138 ], [ 80.568827155689192, 7.370250071370791 ], [ 80.568849821204623, 7.370246322719832 ], [ 80.568893104005397, 7.370239160863234 ], [ 80.568972094660552, 7.37023548895827 ], [ 80.569135959335043, 7.370233937140515 ], [ 80.56923542295695, 7.370227472253188 ], [ 80.569320124023875, 7.370213857471202 ], [ 80.569417159384159, 7.370167782305526 ], [ 80.569422959612552, 7.370165347003145 ], [ 80.569557679451961, 7.370108796673676 ], [ 80.569676723730097, 7.370068340071501 ], [ 80.56985275480271, 7.370005481363881 ], [ 80.569971975470594, 7.369957614048408 ], [ 80.570046004234896, 7.369927891386427 ], [ 80.570121028421937, 7.369878732209234 ], [ 80.570181385066491, 7.369816725242493 ], [ 80.570206698071189, 7.369782069771436 ], [ 80.570235859640817, 7.36974214582807 ], [ 80.570273661724997, 7.369677054752227 ], [ 80.570331221266485, 7.369595151034702 ], [ 80.570418409232673, 7.369511667573319 ], [ 80.57042157558422, 7.369508636017939 ], [ 80.570426374953556, 7.369504041684306 ], [ 80.570500317547996, 7.369442945219856 ], [ 80.570556581258828, 7.369391418023514 ], [ 80.570654372809543, 7.369301855278292 ], [ 80.570819388181846, 7.369163302346086 ], [ 80.570886795237371, 7.369131502944281 ], [ 80.570976293286918, 7.369127745978301 ], [ 80.571094049646163, 7.369127437381253 ], [ 80.571202391991221, 7.369116816354302 ], [ 80.571261371692614, 7.369091885690267 ], [ 80.571347903384165, 7.369036401491498 ], [ 80.571364732307231, 7.369021457550758 ], [ 80.571437979025376, 7.368956412444216 ], [ 80.571465109619339, 7.368920334365175 ], [ 80.571476318787887, 7.368905426731838 ], [ 80.571563514063243, 7.368783567378426 ], [ 80.57166058502132, 7.36866270724996 ], [ 80.571818554390916, 7.368476675103623 ], [ 80.57189186711031, 7.368405631743671 ], [ 80.571965268092711, 7.368345529503498 ], [ 80.572035215556554, 7.368304325486521 ], [ 80.572109866114388, 7.368280757400898 ], [ 80.572174726293468, 7.36827355261668 ], [ 80.572271649348167, 7.368273415058596 ], [ 80.572510333284072, 7.36827397597914 ], [ 80.572658890572811, 7.368272644666791 ], [ 80.57274068485647, 7.368271911423959 ], [ 80.57276532495392, 7.368268123679983 ], [ 80.57276767443885, 7.368266617285129 ], [ 80.572844516093639, 7.36821733818741 ], [ 80.572998456202356, 7.368129600888987 ], [ 80.573062760311814, 7.368096254295759 ], [ 80.573148671558357, 7.368051703312321 ], [ 80.573154952199459, 7.368048447076207 ], [ 80.573165891677746, 7.368042773959682 ], [ 80.573229127959635, 7.368022998551218 ], [ 80.573359849965982, 7.367992854326535 ], [ 80.573453516163553, 7.367987562347529 ], [ 80.573583864144851, 7.367985089385881 ], [ 80.573676985074385, 7.36797771632476 ], [ 80.573721378797444, 7.367959106995371 ], [ 80.573777965832605, 7.367920443152021 ], [ 80.573801660421836, 7.367904253388283 ], [ 80.573802022955746, 7.367903801403674 ], [ 80.573837460068376, 7.367864872968834 ], [ 80.573861927641033, 7.367837994756623 ], [ 80.573892745513817, 7.367794060749919 ], [ 80.573903271672847, 7.367753010410558 ], [ 80.573907226564501, 7.367724900306994 ], [ 80.573908258001779, 7.367717562400318 ], [ 80.573910269973368, 7.367703276316145 ], [ 80.573910128516459, 7.367683643956219 ], [ 80.573910061202824, 7.367674287160836 ], [ 80.573909613991248, 7.367611828043189 ], [ 80.573909587582705, 7.367608143923722 ], [ 80.573909325148989, 7.36757764275881 ], [ 80.573836358137726, 7.367518685734304 ], [ 80.57380714344967, 7.367495080301189 ], [ 80.573776155697743, 7.367482275895947 ], [ 80.573625600973301, 7.367372769666048 ], [ 80.573545473656935, 7.367337427791141 ], [ 80.573450845404381, 7.367195803589905 ], [ 80.57352683606905, 7.367124970956465 ], [ 80.573538425550538, 7.367112093587198 ], [ 80.573584877365519, 7.367067244299611 ], [ 80.573596407937615, 7.367054428394257 ], [ 80.573607471575798, 7.367028619332307 ], [ 80.573624648456459, 7.367009086149604 ], [ 80.573724636698969, 7.366861010221355 ], [ 80.573732906099238, 7.366681121178234 ], [ 80.573701268454428, 7.366404132316954 ], [ 80.573696507706302, 7.365944921600525 ], [ 80.573243977818962, 7.365785007659209 ], [ 80.573066052968883, 7.365834004934781 ], [ 80.572891433980018, 7.365927440814648 ], [ 80.572839216312175, 7.366124049312391 ], [ 80.572533376884621, 7.366397559600678 ], [ 80.572397788282245, 7.36651104594431 ], [ 80.572184408370404, 7.366734297457314 ], [ 80.572002989186217, 7.366769674888298 ], [ 80.571993091566455, 7.366769090715409 ], [ 80.571830576594778, 7.366759478871793 ], [ 80.571679624805029, 7.366745065916263 ], [ 80.571704500834429, 7.366449901086427 ], [ 80.571722734030402, 7.366392684583301 ], [ 80.571723462614258, 7.36638214261831 ], [ 80.571725434977168, 7.366355603298138 ], [ 80.571728971955224, 7.366312680634388 ], [ 80.571953770020016, 7.366110517336221 ], [ 80.57208148709455, 7.365931642313824 ], [ 80.572200407416375, 7.365785008674899 ], [ 80.572325422033529, 7.365632350636647 ], [ 80.572433312433517, 7.365445266298436 ], [ 80.572446258417969, 7.365431273671001 ], [ 80.57260675064542, 7.365253507607821 ], [ 80.572619365484485, 7.365222778992244 ], [ 80.572623500813961, 7.365218200607544 ], [ 80.572721343568631, 7.365067085474199 ], [ 80.5727293354023, 7.365045642791185 ], [ 80.572733339801715, 7.365020300772851 ], [ 80.572745185092614, 7.364990656959924 ], [ 80.57268578954141, 7.364941715595485 ], [ 80.57264275676917, 7.364890539010406 ], [ 80.572637201688693, 7.364870069519607 ], [ 80.572581784368566, 7.364821430178495 ], [ 80.572503071322785, 7.364691445003219 ], [ 80.572400309824673, 7.364626910951812 ], [ 80.572130604931829, 7.364566210047237 ], [ 80.572113340258937, 7.364565865774253 ], [ 80.571754621380194, 7.364520224897936 ], [ 80.571669194830875, 7.364591477949729 ], [ 80.571657666062123, 7.364586563249216 ], [ 80.571517427662599, 7.364594777961902 ], [ 80.571441941442131, 7.364606920692845 ], [ 80.57129892703081, 7.364620354575091 ], [ 80.571255353231635, 7.36469038330047 ], [ 80.571239583959581, 7.36470798636384 ], [ 80.57115061539335, 7.364978555675322 ], [ 80.571164926678918, 7.365176862882663 ], [ 80.570964172966512, 7.365681599330847 ], [ 80.570803414923162, 7.366057124525246 ], [ 80.570604356173007, 7.366437901387202 ], [ 80.570377619029927, 7.366624072404025 ], [ 80.570197823051771, 7.366741660411736 ], [ 80.570079553687989, 7.366800832875599 ], [ 80.569794110997535, 7.366810672035741 ], [ 80.569582132649288, 7.366750817310678 ], [ 80.569571227151926, 7.366732009222093 ], [ 80.569382140009168, 7.366669802952998 ], [ 80.569044434447022, 7.3666287769804 ], [ 80.568905322103376, 7.366631391969157 ], [ 80.568776260954436, 7.366602362984147 ], [ 80.568671406103178, 7.366567309913787 ], [ 80.56862621570059, 7.366549829681883 ], [ 80.568604155449606, 7.36653220011953 ], [ 80.568526545506032, 7.36652703221003 ], [ 80.568445723617614, 7.366504185595221 ], [ 80.56835533996616, 7.366492893249284 ], [ 80.568204591573931, 7.366540053716284 ], [ 80.568180964965961, 7.366546180194612 ], [ 80.568060034462917, 7.366594887260361 ], [ 80.567907327676195, 7.366626432216171 ], [ 80.567876152552913, 7.366584778435059 ], [ 80.567827658060025, 7.366508503709269 ], [ 80.567813833416622, 7.366479521782074 ], [ 80.567801939040891, 7.366468051562585 ], [ 80.567781726606341, 7.366407986871797 ] ] ] ] } },
{ "type": "Feature", "properties": { "GND_N": "Angoda", "GND_NO": "485", "GND_C": "025", "PROVINCE_N": "CENTRAL", "PROVINCE_C": "2", "DISTRICT_N": "KANDY", "DISTRICT_C": "1", "DSD_N": "HARISPATTUWA", "DSD_C": "33", "Admin_Code": "2133025", "GND_NO_Cen": "485", "GND_NAME_C": "Angoda", "GND_NO_Gaz": "485", "GND_NAME_G": "අංගොඩ", "shape_1": "Polygon", "Area__Ha_": 57.988148447599997, "MWS_ID": "115-2", "Alt_MWS": null, "Area": 0.57988148448, "Tot_Pop": 478.0, "Density": 824.30636741599994 }, "geometry": { "type": "MultiPolygon", "coordinates": [ [ [ [ 80.55554127997317, 7.358831611797241 ], [ 80.55578534899891, 7.35880103745417 ], [ 80.556081432083261, 7.358830644175264 ], [ 80.556592665120306, 7.358751421964321 ], [ 80.556637027570972, 7.358740609338113 ], [ 80.557099213005728, 7.358506495334142 ], [ 80.557120172958449, 7.358505257658932 ], [ 80.557792410389226, 7.358389836929671 ], [ 80.558148847629411, 7.358408744038608 ], [ 80.558295743101567, 7.358368288570546 ], [ 80.558320736769801, 7.358362950910935 ], [ 80.558338714161891, 7.358353773809246 ], [ 80.558345785005201, 7.358353451702189 ], [ 80.558559546798676, 7.358270069141125 ], [ 80.558763566582201, 7.358272304194868 ], [ 80.558787919524889, 7.358273189569149 ], [ 80.559098990230538, 7.358363582982703 ], [ 80.559241480944166, 7.358352436947301 ], [ 80.559475525781849, 7.358348248533313 ], [ 80.559509502691569, 7.358347640105863 ], [ 80.55952096921034, 7.358347686347405 ], [ 80.559567568086621, 7.358331058976077 ], [ 80.559707989095202, 7.358310432949686 ], [ 80.559817873772232, 7.358289689035554 ], [ 80.559990277103267, 7.35823289383242 ], [ 80.560012752133446, 7.358215467123782 ], [ 80.560076178410341, 7.358166290416848 ], [ 80.560201948016967, 7.358078274375547 ], [ 80.560211986045232, 7.358070907387667 ], [ 80.560297634566595, 7.358008056638036 ], [ 80.560399392791169, 7.357931964778436 ], [ 80.560494882144667, 7.357898551790679 ], [ 80.560570172220153, 7.357878080399286 ], [ 80.560602778983579, 7.357869214996254 ], [ 80.560780053828267, 7.357845429572509 ], [ 80.560921646766943, 7.357813487349854 ], [ 80.560984880981692, 7.357797873402093 ], [ 80.561137710530446, 7.357754269268984 ], [ 80.56124489578049, 7.357693916394695 ], [ 80.561396395369982, 7.357592346089589 ], [ 80.561413439100775, 7.357580642712006 ], [ 80.561510321957925, 7.357514113002999 ], [ 80.561593654982474, 7.357456889231262 ], [ 80.561652404715971, 7.357427656132233 ], [ 80.561715616571973, 7.357396203304137 ], [ 80.561779207134236, 7.357364561650035 ], [ 80.561802918096291, 7.357349796785903 ], [ 80.561901527559655, 7.357288387945482 ], [ 80.561799957951223, 7.357180043424842 ], [ 80.561803313989586, 7.357166732873253 ], [ 80.561813004616894, 7.357143293608639 ], [ 80.561860557795768, 7.357021445146582 ], [ 80.561866682946032, 7.357011725074821 ], [ 80.56187591747566, 7.356989273082743 ], [ 80.561895240038822, 7.356964615815048 ], [ 80.561900295692396, 7.356905308096953 ], [ 80.562087836635115, 7.356803642652253 ], [ 80.562133814557384, 7.356657154018237 ], [ 80.562226378533268, 7.356380278032584 ], [ 80.562226346133087, 7.356370393144547 ], [ 80.562226247963139, 7.356340871411625 ], [ 80.562230212736154, 7.356306649274028 ], [ 80.562230065537861, 7.356267917250681 ], [ 80.562229974698397, 7.356243889126567 ], [ 80.562240555302651, 7.355964180587737 ], [ 80.562236618193182, 7.355955807628015 ], [ 80.562228735365935, 7.3559305640235 ], [ 80.562224796872556, 7.355913739501319 ], [ 80.562212834027164, 7.355722828507274 ], [ 80.562212807407974, 7.35570655114469 ], [ 80.562212772736757, 7.355686284923237 ], [ 80.562212746960498, 7.355670138684151 ], [ 80.562287046573815, 7.355297950056892 ], [ 80.562308520025198, 7.355167979337335 ], [ 80.562640876941202, 7.35451493774515 ], [ 80.562729302619175, 7.354275627762796 ], [ 80.562791667532622, 7.354127507347553 ], [ 80.562806663096509, 7.354112010312044 ], [ 80.562836718531457, 7.35407343464134 ], [ 80.562897926404773, 7.353923998808935 ], [ 80.562906354601949, 7.353873218387426 ], [ 80.562906061943863, 7.353856331399823 ], [ 80.562461956811219, 7.35347498107104 ], [ 80.562019189416901, 7.352897116298783 ], [ 80.560875293921754, 7.352203266030465 ], [ 80.560080995652257, 7.351628533788644 ], [ 80.559773645675335, 7.351467398874978 ], [ 80.559577510320295, 7.351274447369112 ], [ 80.55944949520574, 7.351323431853715 ], [ 80.559291121735299, 7.35140591486602 ], [ 80.559162636810584, 7.351498904854362 ], [ 80.559013963990623, 7.351563215184006 ], [ 80.558867717862711, 7.351668224534579 ], [ 80.558773846322225, 7.351731931959473 ], [ 80.558727380811845, 7.351764375494149 ], [ 80.558634851171689, 7.351828982411006 ], [ 80.558519240713991, 7.35189068796502 ], [ 80.558412869817019, 7.351953124128475 ], [ 80.558261266390048, 7.35208453433637 ], [ 80.558155533131156, 7.352143169080874 ], [ 80.557928453581269, 7.352137810913321 ], [ 80.557746841995751, 7.352136003362081 ], [ 80.557604721974087, 7.3521414475683 ], [ 80.557494577571305, 7.352144285776515 ], [ 80.557343477267082, 7.352168807994522 ], [ 80.55723717371427, 7.352187641412818 ], [ 80.55717906502727, 7.352197936475412 ], [ 80.55711492863243, 7.352207579298701 ], [ 80.557013744074752, 7.352221907244877 ], [ 80.556889188092853, 7.352242282522568 ], [ 80.556783916607628, 7.352280571383892 ], [ 80.556642592572558, 7.352323184994187 ], [ 80.556471088671231, 7.352396798438773 ], [ 80.556377594732893, 7.352430301106573 ], [ 80.556353400417009, 7.352450093343596 ], [ 80.55634123034659, 7.352462741201614 ], [ 80.556305439018885, 7.352492112390648 ], [ 80.556253789009773, 7.352529073697503 ], [ 80.556158661548437, 7.352570624664076 ], [ 80.556074760527537, 7.352619324166001 ], [ 80.55600245967149, 7.352657540410609 ], [ 80.555910048088137, 7.35270017871784 ], [ 80.555894352026613, 7.352708609901653 ], [ 80.555818539065427, 7.352749327483116 ], [ 80.555777144380315, 7.352778868593195 ], [ 80.555758645256546, 7.352792070368485 ], [ 80.555737356575108, 7.352799205650977 ], [ 80.555538523460143, 7.352822075128307 ], [ 80.555425303271676, 7.352816684919288 ], [ 80.555403113522132, 7.352812422887482 ], [ 80.555316430464913, 7.352810300289235 ], [ 80.555247683690084, 7.352803033833762 ], [ 80.555215537547838, 7.352784026843927 ], [ 80.55519169131459, 7.352779356147046 ], [ 80.555128046716717, 7.352766892482164 ], [ 80.55511446143754, 7.352763720741253 ], [ 80.555059663936532, 7.352758086160009 ], [ 80.554946175988377, 7.35274654647948 ], [ 80.554916280474899, 7.352751867071061 ], [ 80.554884215620362, 7.352753478067695 ], [ 80.554820079839715, 7.352765294488897 ], [ 80.554700149465404, 7.352771111351426 ], [ 80.554631126056577, 7.352777407310001 ], [ 80.554536138161126, 7.352783736535491 ], [ 80.554438458167184, 7.352790244363741 ], [ 80.554434668297546, 7.352837769619737 ], [ 80.554428523190538, 7.352914851557888 ], [ 80.554409011493348, 7.353172202983473 ], [ 80.554404810735022, 7.353423324143214 ], [ 80.554403601136059, 7.353486081746373 ], [ 80.554392610083525, 7.353550282287086 ], [ 80.554369473234516, 7.353627316021438 ], [ 80.554344083898329, 7.353682014315499 ], [ 80.554321491825064, 7.353760044851324 ], [ 80.554309369857492, 7.353910873752522 ], [ 80.554308344732149, 7.353968748242095 ], [ 80.554295639623518, 7.354007968538245 ], [ 80.554281310652783, 7.354052202355559 ], [ 80.554267614118714, 7.354077813396731 ], [ 80.554224555289522, 7.354158339594211 ], [ 80.554178128004324, 7.35426032036819 ], [ 80.554139414858398, 7.354330474616223 ], [ 80.554110408582972, 7.354374318634874 ], [ 80.554094524510163, 7.354440054043105 ], [ 80.55409258610095, 7.354514747997659 ], [ 80.55410398433807, 7.354542605084765 ], [ 80.554162018162316, 7.354596168218068 ], [ 80.554209366790516, 7.354645205470498 ], [ 80.554213745736078, 7.354660923414098 ], [ 80.554222568727894, 7.354692595354894 ], [ 80.554249607151121, 7.354784577542514 ], [ 80.554289873257858, 7.35486489723445 ], [ 80.554318543879461, 7.354951543970985 ], [ 80.554367230641219, 7.355043896782254 ], [ 80.554419735045769, 7.355107676603983 ], [ 80.554428681895928, 7.355159930397003 ], [ 80.554441772525067, 7.355236367136984 ], [ 80.554428190805666, 7.355408267232485 ], [ 80.554423986112909, 7.355486669490236 ], [ 80.554434810016915, 7.355576741902774 ], [ 80.554443672955486, 7.355619236482441 ], [ 80.554447733032447, 7.355638693532898 ], [ 80.554447150467922, 7.355897955127277 ], [ 80.554445754945931, 7.35597210586644 ], [ 80.554428689280641, 7.356045979367478 ], [ 80.554388798033088, 7.35611884593512 ], [ 80.554343651200838, 7.356177407538491 ], [ 80.554317647127135, 7.356211139396168 ], [ 80.554260550254568, 7.356276671720376 ], [ 80.554253018648438, 7.356301988297314 ], [ 80.554250970909592, 7.356410773275119 ], [ 80.55424678211682, 7.356637478388245 ], [ 80.554244085445632, 7.356779813355117 ], [ 80.554238420409447, 7.356880368342186 ], [ 80.554239028788601, 7.356930196296552 ], [ 80.554291704073876, 7.357015047236059 ], [ 80.554335327643145, 7.357087320344662 ], [ 80.554376062375297, 7.357140061922554 ], [ 80.554423302553474, 7.357223821382215 ], [ 80.554469828319995, 7.357290671943649 ], [ 80.554603180577331, 7.357435606272843 ], [ 80.554674430351668, 7.357509432130387 ], [ 80.554753474734753, 7.357573767619881 ], [ 80.554808075694183, 7.357611593311503 ], [ 80.554865664792644, 7.357625879821311 ], [ 80.55494030710301, 7.357644396005888 ], [ 80.555000808770814, 7.357654191391299 ], [ 80.555029147609218, 7.357677988390456 ], [ 80.555070876268303, 7.357737783912989 ], [ 80.555097637282742, 7.357840072180118 ], [ 80.555109829034009, 7.357913868811131 ], [ 80.555110950875829, 7.357993404069745 ], [ 80.555111929184307, 7.358062808421191 ], [ 80.555107543548033, 7.35832197588365 ], [ 80.555102611588453, 7.358585033357586 ], [ 80.555100861288082, 7.358647791587952 ], [ 80.555107803653343, 7.358711186213314 ], [ 80.555128333506588, 7.358775491843137 ], [ 80.555184085361446, 7.358867486335983 ], [ 80.55520897717328, 7.358890531961681 ], [ 80.555227426422505, 7.358887141814834 ], [ 80.555449710592839, 7.358846301276778 ], [ 80.555491421568135, 7.35883960924239 ], [ 80.55554127997317, 7.358831611797241 ] ] ] ] } }
]
}
