{"type":"FeatureCollection","name":"SED_PPL_MWS_119_2","crs":{"type":"name","properties":{"name":"urn:ogc:def:crs:OGC:1.3:CRS84"}},"features":[{"type":"Feature","properties":{"GND_N":"Doluwa East","GND_NO":"213","GND_C":"145","PROVINCE_N":"CENTRAL","PROVINCE_C":"2","DISTRICT_N":"KANDY","DISTRICT_C":"1","DSD_N":"YATINUWARA","DSD_C":"36","Admin_Code":"2136145","GND_NO_Cen":"213","GND_NAME_C":"Doluwa East","GND_NO_Gaz":"213","GND_NAME_G":"දොළුව නැa","shape_1":"Polygon","Area__Ha_":65.1281508596,"MWS_ID":"119-2","Alt_MWS":null,"Tot_Pop":669.0,"Density":1027.20558365,"Area":0.65128150649},"geometry":{"type":"MultiPolygon","coordinates":[[[[80.52407133642292,7.295313283267228],[80.52403815334215,7.29492062427991],[80.5238533110642,7.294909694787832],[80.5233365310184,7.294852433200305],[80.52274832604427,7.294787570119149],[80.5221990572353,7.295064165472733],[80.52212458790511,7.295073075220301],[80.52161740006844,7.295017158137448],[80.52158307975638,7.294957723754529],[80.52109044789225,7.294582441873044],[80.5210565091369,7.294549883378308],[80.5209397413309,7.294491904402933],[80.52055866499754,7.29420993340486],[80.52059356428852,7.293837786064732],[80.52079460208684,7.293538912024433],[80.52101721143549,7.293205363037553],[80.52104976579243,7.293134786563583],[80.52117937422231,7.292923359108721],[80.52118494479308,7.292917291706376],[80.52153125081942,7.292430755418073],[80.5218345779187,7.29180118634929],[80.52197897062977,7.291536668421704],[80.5222037948972,7.291254961561759],[80.52210017514253,7.291272709819706],[80.52259043635767,7.289420797020258],[80.52269285570044,7.288902346604658],[80.52270772354603,7.288531078439012],[80.52271065403994,7.288264191151644],[80.52283820665761,7.287757134436097],[80.52271848420091,7.287451298106959],[80.522705548484,7.287113548390409],[80.52270407488102,7.287075081460262],[80.52263554232981,7.286823575066631],[80.52248392308232,7.28649201793697],[80.52245343534705,7.286329153118288],[80.52244648205757,7.285828215397014],[80.522362458658,7.285687649438038],[80.52217494707182,7.285373950020904],[80.5220432323724,7.284988921964239],[80.5220255661248,7.284954672616255],[80.5220306256547,7.284952067465833],[80.52196350709399,7.284755863178598],[80.52194454685205,7.284700441685426],[80.52161911515978,7.284124151425867],[80.52157131026162,7.284039495825811],[80.52152511389923,7.283957895843955],[80.5215040777805,7.283941335352563],[80.52137847661567,7.283778444018522],[80.52120642060578,7.283302707326791],[80.52116054882808,7.283076581749321],[80.52114886607109,7.282959517456951],[80.52126846356339,7.282695941432863],[80.52124586333917,7.28251137692695],[80.52121197681447,7.282333501476991],[80.52121189535164,7.282314198294173],[80.52121141510756,7.282290614845916],[80.52121125822627,7.282282967112547],[80.52119048218997,7.282287098893018],[80.5211453542253,7.282296073021482],[80.52101440933208,7.282278997475045],[80.52091073394023,7.282253036279553],[80.52089307092109,7.282248613339217],[80.52084996640782,7.282239566833372],[80.52081872345383,7.282234757323948],[80.5207974408939,7.282234562640729],[80.52073548830586,7.282245920904873],[80.52067534408435,7.282262436486709],[80.52058539721037,7.282291140525841],[80.52048103812155,7.282340183999501],[80.52040791843945,7.28240185825589],[80.52040175709962,7.282407056291492],[80.5203126992388,7.282461805451125],[80.52016240928147,7.282538067540933],[80.5201348678949,7.282552041434498],[80.51999635110468,7.282627018794222],[80.51988420821624,7.282670631931055],[80.51981054974428,7.282687342299628],[80.51970250939867,7.282711853526547],[80.51955633210412,7.282725515033558],[80.51943361435453,7.28273177366629],[80.51938908073028,7.282737022248566],[80.51931070897494,7.282746261266088],[80.51920473386429,7.282770073619329],[80.51918663459648,7.282790597218594],[80.51871179999047,7.282764520340146],[80.51854115712894,7.283034094609746],[80.51846002364734,7.283330757405554],[80.51840077572433,7.283513746196567],[80.51838430063266,7.283755314423138],[80.51839176012648,7.283977667310812],[80.51827061909106,7.284133769489256],[80.51810506179729,7.284206722371414],[80.51806712562014,7.284231044404772],[80.51788616746896,7.284347067328966],[80.51783134737853,7.284382215892331],[80.51777429065791,7.284514754180957],[80.51774887634502,7.284530493420992],[80.51769845630828,7.284561717118279],[80.51760755133019,7.284617614020904],[80.51765311346618,7.284744340258765],[80.51765428494483,7.284762468471738],[80.51766487139477,7.284926201162724],[80.51766648809031,7.284954440577854],[80.51767455273907,7.285095310286644],[80.51769151267945,7.285173033480495],[80.5177071402927,7.285244646479749],[80.51770869573726,7.285251775039908],[80.5177117334471,7.285325746483612],[80.51769065060658,7.285446097300524],[80.5176791022188,7.285464206485211],[80.51764534629788,7.285517132884956],[80.517591661685,7.285601306727522],[80.51758865088303,7.285639920306264],[80.5175821719174,7.285723471856717],[80.51763063395737,7.285861406708428],[80.51764253053132,7.285886808890433],[80.51769277710486,7.285994103548822],[80.51776159335255,7.286170662611018],[80.51777045483352,7.286193365536408],[80.51778729353597,7.2862409520462],[80.51780047389083,7.286278205773141],[80.51783221564473,7.286358074261937],[80.51786812614567,7.286450564598265],[80.51790157510437,7.286536713497777],[80.51796773657985,7.286714071316324],[80.51797369718518,7.286732179655427],[80.51803372886957,7.286891216519119],[80.51805158393111,7.286938518746203],[80.51819773295752,7.287174462783358],[80.51831747355553,7.287409806631985],[80.51819631348397,7.287682869619322],[80.51798729543945,7.287970249862123],[80.51796974796169,7.288287024178023],[80.51794277471453,7.288532067870179],[80.51783533097158,7.288715487453136],[80.5177694220854,7.288910613370822],[80.51779249664939,7.289110854222598],[80.51797630405711,7.289273179326232],[80.51771555232938,7.289618382238079],[80.51757795385703,7.289633663909021],[80.51756937094486,7.289633612878232],[80.51755505974955,7.289633531440138],[80.51753504910215,7.289630525860031],[80.51735250378064,7.289659703388057],[80.51713271875393,7.289798862709684],[80.51697652765807,7.289909029562184],[80.51696519913092,7.289914661355978],[80.51676189388024,7.290060626636813],[80.51664809345078,7.290135394580735],[80.51657832512319,7.290208948001957],[80.5166454602127,7.290258853119359],[80.516747022312,7.290369944642831],[80.51687243544829,7.290507118906477],[80.51692914690302,7.290649079052936],[80.51706443502106,7.290815452351957],[80.51713025120512,7.290918032848955],[80.51737404434814,7.291215073159918],[80.51749601436893,7.291412531151672],[80.51761591070773,7.29152920617009],[80.51780569795908,7.291870358608413],[80.51789945894554,7.292490607136064],[80.51790000727576,7.292494643327009],[80.51790928836058,7.29256286608502],[80.51791147860249,7.292690192352151],[80.51791902822099,7.292944484977522],[80.51792472113553,7.293121550482513],[80.51792838717958,7.293202261986556],[80.51792946041992,7.293225908157046],[80.51788680397416,7.293379795107837],[80.51785269584632,7.293458341824817],[80.51784644572645,7.29347273465747],[80.5178448070405,7.293489101494898],[80.51783232546839,7.293614790726052],[80.51783762216392,7.293696271813764],[80.5178392352172,7.293697749453283],[80.51793239406268,7.293783048087792],[80.5179327579857,7.293783319584941],[80.5179388209367,7.293788928788262],[80.51797167901019,7.293819786812577],[80.51805095114537,7.293930609404444],[80.51813683309564,7.294044237271606],[80.51816782957239,7.29408383334443],[80.51817104144182,7.294087935261608],[80.51825539994883,7.294174976811411],[80.51837370666341,7.29428564258958],[80.5185713808941,7.294646426991467],[80.51865832201383,7.294721745733375],[80.51885809792087,7.294776515318024],[80.51897219861235,7.29484031155158],[80.51916179312394,7.294948913430395],[80.51919334653797,7.294895251414948],[80.51922136958966,7.294828982392474],[80.51923145468288,7.294772652237302],[80.5192370826897,7.294750137540222],[80.51925892036324,7.294732425743566],[80.5193364532965,7.294720804415205],[80.51940981779256,7.294711714543526],[80.51948548202189,7.294702206373251],[80.51963978399976,7.294682819113111],[80.51968978786199,7.294663768657369],[80.51971050789805,7.294652449583233],[80.51974749611894,7.29463224146318],[80.51977114281183,7.294616971365672],[80.5197982251147,7.294616896311709],[80.51988353537101,7.294623729675925],[80.51992528132621,7.294631711179713],[80.52000833281632,7.294629046311281],[80.52006003666982,7.294644901739807],[80.52009869163635,7.294676664487107],[80.52015533680269,7.294761064806126],[80.52016438493675,7.294774547578919],[80.52018729647533,7.29477953420097],[80.52024136715691,7.294775767705052],[80.52024326905548,7.294775785060282],[80.52026119218476,7.294775949852463],[80.52031517802851,7.294776443443029],[80.5203363661553,7.294787668730833],[80.5203693832092,7.294853158542056],[80.52040312398117,7.294924888410629],[80.52042439881751,7.294939731836184],[80.52048923896957,7.294951704370698],[80.52052455347214,7.294961853396073],[80.5205753403475,7.294999321852405],[80.52062730551089,7.295036788257173],[80.52064576477696,7.295060943434805],[80.52066194326733,7.295120728434299],[80.52069297280528,7.29518079222061],[80.52071686887716,7.295204859137501],[80.52077463774404,7.29522614279615],[80.52088076238944,7.295264728575827],[80.52092331170147,7.295291972876076],[80.52101355386061,7.295384442136067],[80.52104266472536,7.295470999815792],[80.52107506625576,7.295513792278443],[80.5211349850532,7.295573782830997],[80.52120821002949,7.295651322444578],[80.52124949434416,7.295676666073055],[80.52132718138242,7.295709808104662],[80.52135597227698,7.295728182488863],[80.52140665427397,7.295789613765174],[80.5214837975822,7.295823388471915],[80.52163008399206,7.295944556346345],[80.52167036601855,7.29598228914729],[80.52172215312933,7.296013065341063],[80.52180815049525,7.296083469016732],[80.52195471872498,7.296188631794609],[80.52198367080601,7.296240827847392],[80.52200700849785,7.2962900347488],[80.52202882792946,7.296302978480204],[80.5221052642666,7.296309080290525],[80.52216512380572,7.296315626719334],[80.52222116896995,7.296345681815746],[80.52235407939047,7.296421085410841],[80.52244434908756,7.2964656284739],[80.52246608143943,7.296472422915347],[80.52250799561669,7.296502107413022],[80.52254247083691,7.296505638167587],[80.52280529872569,7.296283084480454],[80.52283058603598,7.296279884798368],[80.5231183513598,7.296089571348861],[80.52374466127898,7.295707645658307],[80.52407133642292,7.295313283267228]]]]}},{"type":"Feature","properties":{"GND_N":"Mamudawala","GND_NO":"201","GND_C":"310","PROVINCE_N":"CENTRAL","PROVINCE_C":"2","DISTRICT_N":"KANDY","DISTRICT_C":"1","DSD_N":"YATINUWARA","DSD_C":"36","Admin_Code":"2136310","GND_NO_Cen":"201","GND_NAME_C":"Mamudawala","GND_NO_Gaz":"201","GND_NAME_G":"මාමුඩවල","shape_1":"Polygon","Area__Ha_":39.9030049632,"MWS_ID":"119-2","Alt_MWS":null,"Tot_Pop":648.0,"Density":1623.93785303,"Area":0.39903004834},"geometry":{"type":"MultiPolygon","coordinates":[[[[80.52144678178092,7.271244146007914],[80.52190246067086,7.270702174016022],[80.52199386192676,7.270656400904614],[80.5223742419259,7.270470205759424],[80.52244226998246,7.270432332972659],[80.52247785781333,7.270415301456415],[80.52250036537062,7.270411836128981],[80.52266707517661,7.270355001161295],[80.52267345986489,7.270348449476304],[80.52284485955575,7.270256599022038],[80.52294538183746,7.270188590501419],[80.52300065405852,7.270092669020402],[80.52304671337247,7.270035534969782],[80.52305905778576,7.270026033170588],[80.52308325811931,7.269985044903916],[80.52303123519332,7.269872675774831],[80.52303089787267,7.269854048851317],[80.5230393488813,7.269807616954279],[80.52305465454573,7.26979833384094],[80.5230979831035,7.269798265806756],[80.52324860692497,7.26977387779683],[80.52350628393572,7.269621961101442],[80.52356602559932,7.269601452373262],[80.52356664482433,7.269490090193528],[80.52356067722266,7.269406711468718],[80.52354035425326,7.269221999020437],[80.5235430239552,7.269022907482633],[80.52356185989387,7.268799447786011],[80.52355641205591,7.268630341868229],[80.52367537176218,7.268347680200368],[80.52388009374712,7.268046334610264],[80.52390230628113,7.268011449197604],[80.52399834146313,7.267925609674569],[80.52440811508585,7.267862211976209],[80.52449226255897,7.267819469123479],[80.52464726830273,7.267740735624756],[80.52473336782653,7.267549002502697],[80.52496134036325,7.267451410433475],[80.52524191574128,7.267509969080024],[80.52544436883532,7.267493923123064],[80.52608243296876,7.267447420346016],[80.52611483595129,7.26744245101902],[80.5261128726955,7.267398046164731],[80.52610802510507,7.267320815490493],[80.52610713980307,7.267315200212386],[80.52609430698128,7.267233815305859],[80.5260769217935,7.267173414847431],[80.52607514657694,7.267167248360392],[80.5260246700502,7.267064582619176],[80.52598614060496,7.266974674077074],[80.52595329896904,7.266914882717842],[80.52593648453028,7.266862331880704],[80.52595107363555,7.266844978307247],[80.52588628286139,7.266762227250139],[80.52569636943412,7.266581855851826],[80.5256662902741,7.26655095743367],[80.525486455318,7.266407018475154],[80.52528635659347,7.266300366025723],[80.52527380682376,7.266298324407688],[80.52508822817268,7.266152063496564],[80.52496907812998,7.26594398892855],[80.52458597827106,7.265360126837887],[80.52448408267028,7.264985611113057],[80.52436920231801,7.264619705214115],[80.52434990497404,7.264570376767115],[80.52427174016177,7.264370054732398],[80.52420391705026,7.264159124680003],[80.52412448781811,7.263972371822095],[80.52411035336843,7.263863005333357],[80.52410798364524,7.263844679310287],[80.5240987693768,7.263850634419628],[80.5240478286747,7.263867233434731],[80.52398545620096,7.263887556317458],[80.52391119143991,7.263897825818682],[80.52384748820629,7.263897789468979],[80.52383457513159,7.263897782282875],[80.523779168282,7.263869989480201],[80.52371882275825,7.263765056353109],[80.52369999564614,7.263747955532788],[80.523672652083,7.263735914041057],[80.52362198457259,7.263725490912178],[80.52360917621036,7.26372285588665],[80.52356951076246,7.263724100713594],[80.52354921882052,7.263735391331634],[80.52353372220838,7.263752926993187],[80.52348185347611,7.263876063547227],[80.52342854095177,7.263988257277157],[80.52335349428778,7.264099534582731],[80.52332040840102,7.264155221824052],[80.52324801137291,7.264224631567858],[80.52312172287317,7.264469534651419],[80.52302936705098,7.264601962818255],[80.52296584518989,7.264670834888054],[80.5229657264815,7.264670965945021],[80.52289679518566,7.264746666053493],[80.52283462572775,7.2647954914669],[80.5227617091697,7.264852757011515],[80.52259648268958,7.264929529088439],[80.52251858326585,7.26496122548062],[80.52240145424774,7.265019307223331],[80.52236232490313,7.265031673302359],[80.5223169504373,7.265039244908279],[80.52225799320509,7.265039482277043],[80.52223743784225,7.265037514766713],[80.52222095660602,7.265035935673009],[80.52218971907679,7.265025157023522],[80.52215341698847,7.265002167506288],[80.52206199980832,7.264914037615348],[80.52203873405372,7.264899014125848],[80.52203387133088,7.26489667831026],[80.52201609989037,7.26488814895314],[80.52200740841802,7.26488389478267],[80.52195679450115,7.264866593402056],[80.52192419740537,7.264857892954386],[80.52190554359878,7.264856346090146],[80.52175765008622,7.264867658185674],[80.52163979127592,7.264878747456831],[80.52151882786144,7.264890130658911],[80.52141122409246,7.264922263226532],[80.52129618264885,7.264942935031415],[80.52125770658736,7.26494984846291],[80.52116442068257,7.264963993484867],[80.52103772743497,7.264960938925141],[80.52093758107864,7.264937369896345],[80.52087538780836,7.264896461500634],[80.52085213369101,7.264860908578497],[80.52085216207388,7.264812258250862],[80.52089442622656,7.264537645752853],[80.52089522484454,7.264407968921187],[80.52089293836349,7.264288961976183],[80.52088342808806,7.264127811566069],[80.52087519287954,7.264083798347326],[80.5208717605575,7.264087117902472],[80.52079337324611,7.264120064370343],[80.52072053618154,7.264207896719698],[80.52064056471872,7.26436778947065],[80.52063206192886,7.26439506193219],[80.52054818100207,7.264506692773602],[80.52030318580691,7.264654826939209],[80.52028296144427,7.264696908800347],[80.52022079709975,7.264763430061778],[80.52016806260887,7.264814403613193],[80.52015963199145,7.26482610680201],[80.52013557001072,7.264859520598456],[80.52012138604836,7.264879215438047],[80.52009925507355,7.26494096560373],[80.52006417508954,7.265000538137445],[80.51997168689249,7.265083561949992],[80.51994276053927,7.265109528803029],[80.51983258907994,7.265196189625308],[80.51976807714101,7.265250139746306],[80.51967485684585,7.265309680264413],[80.51963517275266,7.265341939446675],[80.51955650110807,7.265455657440929],[80.51952731479686,7.265500764493414],[80.51950222050482,7.265517931047157],[80.5194625489812,7.265526408986922],[80.5193969766465,7.265540210325367],[80.519336633505,7.265588736048789],[80.51925355750018,7.265643940686949],[80.51918361005212,7.265705665507001],[80.51901615141657,7.265882451257585],[80.51896530315372,7.26595711652971],[80.51889324412048,7.266070655480292],[80.51885688788563,7.26614135186021],[80.51882569158383,7.266218831593175],[80.51876802004479,7.266348113474693],[80.51872750122027,7.266414647706961],[80.51868390915016,7.266472497119116],[80.51861459644799,7.266529248563386],[80.51855488202739,7.266589711265051],[80.51849353160725,7.266660483834555],[80.51842711653835,7.266719314067805],[80.51824453886368,7.266888224416468],[80.5181919755273,7.266955835994164],[80.51812254809428,7.267056264886214],[80.5180155110873,7.267201524622623],[80.51795425741692,7.267261172492742],[80.51790079000412,7.26732435336167],[80.51781559822957,7.267439331510491],[80.51777770157113,7.267509482524665],[80.51772928096078,7.267617247233618],[80.51771049160443,7.267691027232385],[80.51771216988858,7.267716051018353],[80.51771282629285,7.267725844035313],[80.51774865351842,7.26778735672723],[80.51780006169494,7.267841283101014],[80.51785120647058,7.267880739647427],[80.51790362622648,7.267909344435013],[80.517927053254,7.267927421137015],[80.51795440802188,7.267948529473991],[80.5179954027369,7.26800054996318],[80.518018290128,7.268027957803997],[80.51808508712007,7.268107942120195],[80.5181431158826,7.268148396378978],[80.51822179374938,7.268183888745781],[80.51836184874834,7.268259387800311],[80.51842286116226,7.268306899054824],[80.51849267187787,7.268371502919214],[80.51849472926148,7.268373405827752],[80.51855174077073,7.268447770632338],[80.51855925909142,7.268470215061001],[80.51857343777108,7.268512529798186],[80.51858950878828,7.268598449050851],[80.5186228530721,7.268728143430046],[80.51865596279008,7.268789564080191],[80.51870600186571,7.268864198002237],[80.5187732593221,7.268916866354915],[80.51882689972577,7.268941238715088],[80.51885057824637,7.268951996126547],[80.51896121983606,7.268997546037222],[80.5190545533672,7.269058819077308],[80.51910048231953,7.269088208597024],[80.51913150206445,7.269108057449738],[80.51923642241265,7.269183173690187],[80.51928656212199,7.269235560973424],[80.51931679827626,7.269260625360621],[80.51934087840895,7.269275469497678],[80.51937283953721,7.26928661138257],[80.51946809783072,7.269309273714887],[80.5195140192416,7.269457242884426],[80.51952458005732,7.269518741131388],[80.51952241707356,7.269661257272407],[80.51954834328191,7.269775846514824],[80.51961068902095,7.269864954272387],[80.51969449365863,7.269963300722612],[80.51980311124748,7.270065185248806],[80.51988917334835,7.270175286103511],[80.51995655873172,7.270320736241571],[80.5199683027106,7.270373643412332],[80.51997126611298,7.270414791551826],[80.51996092959729,7.270438298358687],[80.51993148268835,7.270463329854723],[80.51987694928668,7.27048970450857],[80.51984450558871,7.27053083261613],[80.51983715077621,7.270563201418534],[80.51984148190355,7.27059114758138],[80.51986210916503,7.270626425065153],[80.51988999080876,7.270648325754656],[80.51991516366196,7.27065439879108],[80.51999413894117,7.270643954504555],[80.52012890633938,7.270626486407288],[80.52015634392852,7.270631363419835],[80.52016259118746,7.270632472906708],[80.52020387343876,7.270658993069887],[80.52025737228526,7.270700349713938],[80.52035214996269,7.270771118445237],[80.520380029592,7.270796635392202],[80.5203947820682,7.270812832464971],[80.5204276344504,7.27085119144006],[80.52042890145084,7.270852730366252],[80.52049140429266,7.270826450574644],[80.52060128942459,7.270769542708463],[80.52065944967337,7.270733855743364],[80.52070546407822,7.270718325959134],[80.52078958466792,7.270739082718068],[80.52088105627892,7.270734069301089],[80.52097425064137,7.270722185979382],[80.52103692116395,7.270721226551065],[80.52105385365616,7.270724311604651],[80.52109215206494,7.27074259999178],[80.52113524508037,7.270768487178835],[80.5211492776957,7.270774914690634],[80.52115344294614,7.270776001288797],[80.5211582426417,7.270776185754592],[80.52116739252786,7.270772302423477],[80.52118487911714,7.27075639662028],[80.52118978520177,7.270759025463327],[80.52121582121882,7.270772979871873],[80.52121629562197,7.270773233342315],[80.52123503334056,7.270786988313921],[80.5212482868054,7.270808419497936],[80.52126742597767,7.270839365400634],[80.52132174510857,7.270871680307834],[80.52132503436773,7.270873219464989],[80.52134555579917,7.270882817473091],[80.52138674130947,7.270920460343377],[80.52140123450526,7.270938818511236],[80.5214013114291,7.270938914410103],[80.52141277713338,7.271002221724003],[80.52141704379353,7.271048307153607],[80.52141997734665,7.271079995408043],[80.5214404311059,7.271244930984669],[80.52144678178092,7.271244146007914]]]]}},{"type":"Feature","properties":{"GND_N":"Kandangama North","GND_NO":"208","GND_C":"305","PROVINCE_N":"CENTRAL","PROVINCE_C":"2","DISTRICT_N":"KANDY","DISTRICT_C":"1","DSD_N":"YATINUWARA","DSD_C":"36","Admin_Code":"2136305","GND_NO_Cen":"208","GND_NAME_C":"Kandangama North","GND_NO_Gaz":"208","GND_NAME_G":"කඳංගම උතm","shape_1":"Polygon","Area__Ha_":55.5870545877,"MWS_ID":"119-2","Alt_MWS":null,"Tot_Pop":2526.0,"Density":4544.22351912,"Area":0.55587054408},"geometry":{"type":"MultiPolygon","coordinates":[[[[80.52980349174256,7.270533548411586],[80.5298026690626,7.270499367283576],[80.52980129901873,7.270442615467614],[80.52969177404715,7.270522081722607],[80.52939170691474,7.270211989898895],[80.5291832838124,7.270140097614362],[80.52900904479606,7.270080677887238],[80.52902780346501,7.270003573151271],[80.52902249968207,7.269931588087258],[80.5290063255113,7.269699445804817],[80.52899298625212,7.269582604047816],[80.52896358847421,7.269518834954576],[80.5289509480435,7.26944892486824],[80.528948268313,7.269382728745307],[80.52893256867375,7.269276465991976],[80.52890851861788,7.269202752528133],[80.52891262261203,7.269150305445939],[80.52890296003065,7.269103276642994],[80.52889699530157,7.269079037279644],[80.5288969360555,7.269020166500536],[80.52890729347295,7.268959223327479],[80.52893123363937,7.268901090891319],[80.528942548031,7.268886957450891],[80.52895887392367,7.268866560858884],[80.52902557017313,7.268788557171017],[80.52905548759736,7.268730064459096],[80.52911703993108,7.268618870189038],[80.5291621703026,7.26856463687105],[80.52921373123813,7.268505840344299],[80.52927417456426,7.268436920505335],[80.52933839624843,7.268414166260483],[80.52951094544866,7.268357922406751],[80.52963420610067,7.268348584777259],[80.52967314568473,7.268350595418053],[80.52968016404277,7.268352592310165],[80.52974603754754,7.268371343504192],[80.52986991849102,7.268383709317805],[80.5299392003644,7.268381577557084],[80.5299939040341,7.268373649449859],[80.53001464941923,7.268359644088851],[80.53004420775916,7.268296720950849],[80.53010629821894,7.268192941172429],[80.5301237639974,7.268151310410564],[80.5301348631625,7.268124862080525],[80.53020604151155,7.267974387422456],[80.53023223766381,7.267919006105036],[80.53026921971913,7.267858619918909],[80.53027924115368,7.267825569618511],[80.53028566432948,7.267816259730361],[80.53031090064033,7.267817225649],[80.53040273723022,7.26780768899164],[80.5305643883199,7.267793956230824],[80.53057770603581,7.267792825840441],[80.53060687188024,7.267790347589316],[80.53067607516694,7.267764340372831],[80.53087933083052,7.267697893135234],[80.53101864859673,7.26763548147084],[80.53106802346495,7.267602594412143],[80.53112293845493,7.267538779705239],[80.53116245540136,7.267479659020849],[80.53121510575929,7.26741521097232],[80.5312899707719,7.267302484456347],[80.5313226071497,7.267239382027422],[80.53137245621843,7.267166884184773],[80.53141642408343,7.26708289946818],[80.53144100409801,7.267011382698509],[80.53148187288998,7.266962573528156],[80.53151947387077,7.266931123320304],[80.53155881076249,7.266869832181827],[80.53158319201837,7.266825815929839],[80.531600392875,7.266794763448306],[80.53162380779366,7.266752490160617],[80.53164049941475,7.266698512520414],[80.53166905757077,7.26664237005913],[80.53170032735207,7.266594188697485],[80.53170841894533,7.266534058086772],[80.53170447621369,7.26645981120871],[80.53168937078223,7.266255161114477],[80.5316617619337,7.266232267458818],[80.53160960444346,7.26622138863733],[80.5314803874418,7.266195274186658],[80.5314239066675,7.26614071446738],[80.53131340449262,7.266087338227668],[80.53118409678927,7.266011467309839],[80.53078451667692,7.26579926090252],[80.53067758995745,7.265747676959617],[80.53044343264064,7.265643047499003],[80.53029142211152,7.265586036744748],[80.53009391516237,7.265531222203825],[80.52989165768265,7.265412765869242],[80.52972837240648,7.26527441164434],[80.5296833562658,7.265237824558803],[80.52972439630665,7.265208818877828],[80.52975891812545,7.265177458472956],[80.52977966711381,7.265156580446773],[80.52984391568354,7.265081920274583],[80.52993913518534,7.265007367344893],[80.53003172248339,7.264948638195477],[80.53016182901699,7.264835401067644],[80.53019009812496,7.264811271625815],[80.53021094073812,7.264784695641739],[80.53022354228062,7.264761461091894],[80.53025255912665,7.264689585972986],[80.53030169516659,7.264594119561162],[80.53033311311003,7.26444167089462],[80.53025174376049,7.264358882509929],[80.53015633608804,7.264276993506019],[80.53006228306548,7.264205411513051],[80.52988972115845,7.264120132853768],[80.5297884330074,7.264027477615571],[80.52970951962541,7.263925158520192],[80.52969445630332,7.263899168015628],[80.52918323557466,7.263436128436125],[80.5291150655692,7.263433420000313],[80.52894737542212,7.26336633543019],[80.52893748221102,7.263269254455095],[80.52893552727316,7.263124672273943],[80.52840349131137,7.262527214563236],[80.52827161383196,7.262400630176232],[80.52796893209084,7.262120223307291],[80.52787018061794,7.262045453367321],[80.5278372230351,7.262020497472502],[80.52774525362098,7.261945843352968],[80.52767291011318,7.261881805586199],[80.52762667700915,7.261840877910663],[80.52746932162464,7.26177034857966],[80.52739765723703,7.26166378196822],[80.5273268634366,7.261617624795438],[80.52725264558592,7.261541803826442],[80.52726399113176,7.261497135881156],[80.52724997218455,7.26146457523765],[80.52722942402254,7.261446476174593],[80.52716686595136,7.261411627233797],[80.52715085259481,7.261382861739083],[80.52713633125408,7.261344994390844],[80.5271318045845,7.261340896335975],[80.52667801480148,7.261422481472042],[80.52649936059488,7.261403207509049],[80.5264562419142,7.261398556474982],[80.52595511320246,7.261344493513823],[80.52585526452047,7.261287955920237],[80.52584501448646,7.261282150091178],[80.52574664421884,7.261226451575324],[80.52572715539691,7.261215416508886],[80.52571708381483,7.261248778667626],[80.52566469841135,7.261325343843173],[80.52552545014215,7.261428085682729],[80.52546799725619,7.261494248597423],[80.52542359223376,7.261589935028032],[80.52540888213117,7.261621632512901],[80.52531966338097,7.261815010862919],[80.52528239576854,7.261898548353639],[80.52523243813349,7.262004505427031],[80.52520785122543,7.262087233344209],[80.52521081287179,7.262133987225246],[80.52527616009223,7.26219994765934],[80.52538374005371,7.262214024695179],[80.52543418357865,7.262210072767869],[80.52551479610146,7.262187147237074],[80.5256466791475,7.262137032433327],[80.52573588528261,7.262131474144828],[80.52580635078343,7.262112885400511],[80.52594977074064,7.26216342351624],[80.52591721927699,7.262237738911361],[80.52583746536214,7.262345578637909],[80.52575210980287,7.262454197473975],[80.52551553000757,7.262658650791613],[80.52541078534747,7.262760595967538],[80.52530801606686,7.262893018883634],[80.52528711237736,7.262918343055002],[80.52522549147562,7.262992990464148],[80.52498232170211,7.263287565853342],[80.52488318890427,7.263361674267303],[80.52474721873375,7.263463321638879],[80.52466514288213,7.263480647698935],[80.52451878936215,7.263511540535259],[80.52443322105951,7.263529601617842],[80.52442034723052,7.263532318217864],[80.52440458791885,7.263554935922807],[80.52435463085192,7.263626638049398],[80.52434376210527,7.263642239302373],[80.52431270717474,7.263679277496656],[80.52425214419526,7.263751518107199],[80.52410798364524,7.263844679310287],[80.52411035336843,7.263863005333357],[80.52412448781811,7.263972371822095],[80.52420391705026,7.264159124680003],[80.52427174016177,7.264370054732398],[80.52434990497404,7.264570376767115],[80.52436920231801,7.264619705214115],[80.52448408267028,7.264985611113057],[80.52458597827106,7.265360126837887],[80.52496907812998,7.26594398892855],[80.52508822817268,7.266152063496564],[80.52527380682376,7.266298324407688],[80.52528635659347,7.266300366025723],[80.525486455318,7.266407018475154],[80.5256662902741,7.26655095743367],[80.52569636943412,7.266581855851826],[80.52588628286139,7.266762227250139],[80.52595107363555,7.266844978307247],[80.52593648453028,7.266862331880704],[80.52595329896904,7.266914882717842],[80.52598614060496,7.266974674077074],[80.5260246700502,7.267064582619176],[80.52607514657694,7.267167248360392],[80.5260769217935,7.267173414847431],[80.52609430698128,7.267233815305859],[80.52610713980307,7.267315200212386],[80.52610802510507,7.267320815490493],[80.5261128726955,7.267398046164731],[80.52611483595129,7.26744245101902],[80.52608243296876,7.267447420346016],[80.52544436883532,7.267493923123064],[80.52524191574128,7.267509969080024],[80.52496134036325,7.267451410433475],[80.52473336782653,7.267549002502697],[80.52464726830273,7.267740735624756],[80.52449226255897,7.267819469123479],[80.52520207099087,7.268620968998504],[80.52584447102899,7.269399865621523],[80.52600925299376,7.269578400035623],[80.52633245361986,7.269812463412479],[80.5264844543058,7.270170649396335],[80.5263948180391,7.270297745251556],[80.52636150811273,7.270432466447993],[80.52637050532049,7.270539179528458],[80.52639406489008,7.270675469387774],[80.52641683092384,7.270776130354442],[80.5263668219535,7.270811370418843],[80.526462698711,7.270853490337237],[80.52649729054785,7.270868685340134],[80.5266443503619,7.270892911137188],[80.52674684455431,7.270933389722976],[80.52685956856301,7.270980656154672],[80.52693805316012,7.271042010777791],[80.52693613799993,7.271043228718382],[80.52705574211939,7.271119978113293],[80.52713698690778,7.271125853702332],[80.5272393038611,7.271179181258973],[80.52725037675691,7.271190985725895],[80.52725959874056,7.27120081599623],[80.52740444527184,7.271282760802103],[80.52742614574505,7.271305944463131],[80.52746181795636,7.271357509063498],[80.5275502430499,7.271474407437297],[80.52755744758636,7.271482098832931],[80.5275628500851,7.271487863987973],[80.52761884606109,7.271633754444164],[80.52762924058601,7.271645702313503],[80.52775334735388,7.271800557356904],[80.52775936293789,7.271812961301062],[80.52794398366908,7.272055172156949],[80.52796455462935,7.272080480275915],[80.52811185662094,7.27225658809932],[80.52813040468942,7.272281425772303],[80.52813709220386,7.272290642427588],[80.52830757768662,7.272499339334596],[80.52831920458256,7.27268329447653],[80.52836664903683,7.272878813491174],[80.52836805086797,7.272910313686757],[80.52835144494176,7.273151853570663],[80.52834573779681,7.273158232081695],[80.52833627187545,7.273168676974371],[80.52829647621627,7.273212588725514],[80.52828774339022,7.273222223766932],[80.52829434577221,7.273229827105044],[80.5283208684165,7.2732604032922],[80.52833136892139,7.273267462566982],[80.52842592078265,7.273340517413764],[80.52846596007429,7.273291618578743],[80.52848086492526,7.273273415968887],[80.52848478167328,7.273268633468007],[80.52854088718755,7.273187639008613],[80.52859665939688,7.273101714123863],[80.52864421603623,7.273028449441072],[80.52866098015424,7.273010192678581],[80.52868263069294,7.272999172973687],[80.52872059789735,7.272961756667683],[80.52875904565757,7.272873697192239],[80.52877527648172,7.272835365611394],[80.52881985719644,7.27279677641646],[80.52891371356442,7.272735788423375],[80.52899089512644,7.272693690244027],[80.52905150660705,7.272649594457362],[80.52913693804571,7.272596559645625],[80.52918752406019,7.272551085645966],[80.52920117856749,7.272538810909443],[80.52922446175445,7.272521461977806],[80.52927103174704,7.272486761399772],[80.52938863580677,7.272388439622881],[80.52940576615738,7.272366111878028],[80.52942951444341,7.272326247058761],[80.52944949103389,7.272282624631501],[80.52957494967384,7.272135880987958],[80.52957015836878,7.272078831607798],[80.5295693467397,7.271891768865418],[80.52961249110741,7.271741790920169],[80.52964088823802,7.271659857029563],[80.52964065066175,7.271635525842124],[80.52964731066427,7.271579048784824],[80.52966094287098,7.271501365197906],[80.52971661629144,7.271384923640377],[80.52972337489064,7.271361827009443],[80.5297807520834,7.271032293822829],[80.52980164522162,7.270736029822723],[80.52980114421473,7.27071480746959],[80.52980349174256,7.270533548411586]]]]}},{"type":"Feature","properties":{"GND_N":"Menikdiwela","GND_NO":"217","GND_C":"160","PROVINCE_N":"CENTRAL","PROVINCE_C":"2","DISTRICT_N":"KANDY","DISTRICT_C":"1","DSD_N":"YATINUWARA","DSD_C":"36","Admin_Code":"2136160","GND_NO_Cen":"217","GND_NAME_C":"Menikdiwela","GND_NO_Gaz":"217","GND_NAME_G":"මැණික්දwe","shape_1":"Polygon","Area__Ha_":110.490555849,"MWS_ID":"119-2","Alt_MWS":null,"Tot_Pop":1237.0,"Density":1119.55270248,"Area":1.10490555492},"geometry":{"type":"MultiPolygon","coordinates":[[[[80.50648096279716,7.292702294786258],[80.5067979853066,7.292639185924704],[80.50680400273207,7.292640392226915],[80.50680547944818,7.292639587379584],[80.50689476538416,7.292580512300187],[80.5069075233211,7.292573224043181],[80.50696347915074,7.292462281256959],[80.50697883001015,7.292418614705821],[80.50702078468582,7.292350848233593],[80.50706404003844,7.292273727587078],[80.5070884316653,7.292208102869663],[80.50715439165249,7.292092140839273],[80.50729186537536,7.29190974293058],[80.50730219734069,7.291894319976795],[80.50738747519213,7.291718902880107],[80.50742783804492,7.291700452118821],[80.50758709879445,7.291617250286808],[80.50762569583925,7.291589261748567],[80.50780947964962,7.291473313563845],[80.50779886147986,7.291390003479277],[80.50779567215999,7.291364968853912],[80.50771947528112,7.291212721471279],[80.50756948481695,7.290994093747723],[80.50765402950194,7.290898020013027],[80.50768338570012,7.290861435159614],[80.50769638523565,7.290854401128455],[80.50773004977822,7.29075682766042],[80.50773890625388,7.290734013908047],[80.50774521724234,7.29071520829326],[80.50772824117085,7.290624605799658],[80.50762932679523,7.290551413865051],[80.5075895261895,7.290524764107548],[80.50757206973623,7.290506255445011],[80.50745079115461,7.290352364337208],[80.50733684502585,7.290093512267565],[80.507346637631,7.290080356060058],[80.50745300670268,7.289963158314399],[80.50753574387049,7.289889268619407],[80.50764624037527,7.289845796039735],[80.50769048015704,7.289830419445709],[80.50770945285852,7.289824285119256],[80.50791832021177,7.289797670919711],[80.50792770627682,7.289796474681455],[80.50812759272998,7.289747623830156],[80.50828029924102,7.289733068397693],[80.50852342578736,7.289712610779508],[80.50860725617464,7.289627533571581],[80.5087058699838,7.289525042016646],[80.50876453778622,7.289418064100049],[80.50869688598348,7.289335635421458],[80.50871263390593,7.289333563051294],[80.50884958476617,7.289315532831726],[80.5088663458635,7.289313892404906],[80.5089456150838,7.289297750568737],[80.50906530492965,7.28926451789504],[80.5091324832661,7.28924586669074],[80.50939698373057,7.289166174425458],[80.50940423909928,7.289162883451709],[80.5094297248433,7.289151314456269],[80.50946414277976,7.289135691343603],[80.50954401253135,7.289099435487048],[80.50956158882043,7.289091488950911],[80.50957925365385,7.289082365976503],[80.50959356520059,7.289075683528396],[80.50959613082601,7.289074330405512],[80.50963587627366,7.289053371454922],[80.5096858821547,7.289027425025301],[80.50977792709648,7.288979666418239],[80.50992341418862,7.288916271436088],[80.51015152322823,7.288808888513735],[80.51019192522156,7.288794080924204],[80.51013714820488,7.288766648497056],[80.51013596209668,7.288766134158402],[80.51001401012785,7.288713491074632],[80.50996656531706,7.288696824074685],[80.50988569988675,7.288680227809953],[80.50984042658732,7.28866247601625],[80.50979903879268,7.288639739312544],[80.50979642681804,7.288638305367327],[80.50976785436809,7.2886196817202],[80.50976157243149,7.288615586075346],[80.5095948340307,7.288475591273131],[80.50947390349364,7.288368358979855],[80.50945033883417,7.288349089887776],[80.50940728119532,7.288313881010294],[80.50935695442682,7.288265470533864],[80.50934652133499,7.288251577996937],[80.50931496505878,7.288209559313222],[80.50930517782227,7.288170996137952],[80.50929942492999,7.288148329260868],[80.50927091646645,7.28811503431416],[80.50921996283634,7.288057761346908],[80.50919147479107,7.287991550012783],[80.5091166086896,7.28791670599206],[80.5090883174722,7.287830161660016],[80.50908776881508,7.28781306470508],[80.50909957359148,7.287800067895583],[80.50919172524833,7.287764463207512],[80.50919556872681,7.287760087777946],[80.50921540822479,7.287755161131847],[80.50929802615514,7.287726985012959],[80.50930578121704,7.287722512419188],[80.50933333883377,7.287717377814737],[80.50942556611739,7.287664112209926],[80.50945237417757,7.287650767046938],[80.50959022415023,7.28758165158958],[80.50964754324202,7.287559949716543],[80.5096900295996,7.287554934216076],[80.50979193930657,7.28751216498654],[80.50980297691476,7.287503850153325],[80.50981732677515,7.287487414879268],[80.50991163171348,7.287401647261496],[80.50992243921834,7.287385772369739],[80.509958481169,7.287349663329116],[80.50999060013798,7.287285408455171],[80.50999580547123,7.287261501916967],[80.50999755695653,7.287241653636913],[80.50999846266085,7.287213967319767],[80.50999816708635,7.287139387088184],[80.50999823035175,7.287104337491539],[80.50999787647439,7.287065604448936],[80.50999289910308,7.287019420896673],[80.5099842693245,7.286939339442063],[80.50986164003062,7.286849056392595],[80.50968723761368,7.28688226971668],[80.50967247375684,7.286889731407964],[80.5093117010993,7.287085370238914],[80.50918548835462,7.287189045662764],[80.50908628789942,7.287249450140916],[80.50902064650765,7.287271579279055],[80.5090140127007,7.287159854037802],[80.50900116398928,7.287056284591071],[80.50898861183053,7.286955098140488],[80.50898248537123,7.286905719925854],[80.50896845231594,7.286792581415325],[80.50896284413867,7.28674737412246],[80.50894835860001,7.286630615444126],[80.50894358596973,7.28659215017586],[80.50894317586034,7.28658883930361],[80.5089951089016,7.286296752352343],[80.5089986330946,7.286297778098766],[80.50901027678967,7.286250889061371],[80.50901953200983,7.286213617615252],[80.5090194693682,7.286198592689932],[80.50903382113901,7.28600316729674],[80.50903347403143,7.285965372014044],[80.50903260508706,7.285882036044623],[80.50903070307288,7.285752382295071],[80.50900386303312,7.285506600312237],[80.50892924777786,7.28557611742754],[80.50882491460207,7.285683554010676],[80.50882575518133,7.285752045029727],[80.50882613110358,7.28578245674742],[80.50878541410343,7.285980602942841],[80.50873763157713,7.286058985336021],[80.50866274157885,7.286073895384129],[80.50858785777187,7.286076842483728],[80.50853695969806,7.286040922633884],[80.5085166684892,7.285986129238743],[80.50849818186593,7.285773364434493],[80.50849760130953,7.28573529139535],[80.50848923672307,7.285689515470825],[80.50847272406754,7.285613109813209],[80.50844850805514,7.285536522351628],[80.50836363721325,7.28551288260947],[80.50813261126655,7.285503318422279],[80.50784504907236,7.285423898927902],[80.50774075612671,7.28529915171031],[80.50786116869841,7.285093791411959],[80.5076655212809,7.284956545936751],[80.50758635687399,7.284910472939788],[80.50757048270587,7.284902763425484],[80.50741183714872,7.284795125693429],[80.50731926920841,7.284700409807424],[80.50725524820417,7.284809281599146],[80.50717696793515,7.284779647361057],[80.50713480781071,7.284727064564509],[80.50713431821924,7.284726452968749],[80.5070665583846,7.284705274718155],[80.50703333486898,7.284701842130425],[80.50701305500385,7.284699747464989],[80.50694037659616,7.284692220241491],[80.50693890499291,7.284692090955221],[80.50679793021203,7.284688336459793],[80.50671416031258,7.284683855497915],[80.50658745783505,7.284687395358334],[80.50652813388153,7.284692424048382],[80.50644478159197,7.284746811178967],[80.50640754213268,7.284777173326971],[80.50637719541278,7.284789634513748],[80.5063540076254,7.284791881419809],[80.50627520855502,7.284804492737036],[80.50621760756343,7.284808797168247],[80.50616653112002,7.284803613087875],[80.5061632661408,7.284802288152613],[80.50611474054404,7.284782602482809],[80.50611272592666,7.284780334208398],[80.50610912485256,7.284785222493071],[80.50601105013236,7.284918404758749],[80.5059643609864,7.284956476679985],[80.50594132447394,7.284966209420893],[80.50579036469932,7.284991374371808],[80.50563439220575,7.284989258170997],[80.50562143321544,7.284992350345764],[80.50558575012504,7.285008239185776],[80.50549172072822,7.285069043866302],[80.50545658363691,7.285071521402511],[80.50535544824254,7.28503019870205],[80.50531805517143,7.284990481310616],[80.50530877200516,7.284977337227586],[80.50527149176118,7.284944293607508],[80.50520860593832,7.284965741107166],[80.50518984095643,7.28496861366349],[80.5050990271403,7.285011910296992],[80.50502303335776,7.285043173283637],[80.50500076167629,7.285043064976898],[80.50492752081945,7.285049135901038],[80.50491176189273,7.285042632695435],[80.50487087716476,7.285023170316784],[80.50485514721355,7.285016678882521],[80.50480496985456,7.284990802173938],[80.50479257834654,7.284977934738746],[80.50478329037263,7.284968290269529],[80.50475832767665,7.284952186950413],[80.5047119302063,7.284907266210674],[80.50469350738463,7.284884862059865],[80.5046781799464,7.284865679966176],[80.5046504136372,7.284840107879496],[80.50462882724388,7.284820949154882],[80.50448101796268,7.284684225714249],[80.50447782573984,7.284677897338992],[80.50444281710614,7.284643094353113],[80.50433652483134,7.284606791698389],[80.50432875528976,7.284606754473192],[80.50415558846451,7.284655401861671],[80.50413611797057,7.284655304241019],[80.50411286392765,7.284659289049782],[80.50402333171311,7.284658843615849],[80.50399602351152,7.284654608637998],[80.50393364184357,7.284642020358672],[80.50382476269998,7.284616842489716],[80.50382088924988,7.284616823879549],[80.50378985781178,7.284608286718067],[80.5037241108577,7.284574562978612],[80.50369717158314,7.284557810935812],[80.5036663997892,7.284549743252302],[80.50364717435177,7.284545778987484],[80.50357417134057,7.284537550200944],[80.50355502395279,7.284533317403303],[80.50352822296732,7.284529016689767],[80.50352438665952,7.284528981822149],[80.50347071004762,7.284528494595532],[80.50344041789805,7.284512032603669],[80.50341765942208,7.284503752705144],[80.50340237215123,7.284503616882909],[80.50334924442862,7.284491053096247],[80.50331949049948,7.284466682445946],[80.50329718874927,7.284450467617225],[80.50326721737467,7.284438224349818],[80.50320152328528,7.284374135203764],[80.503157476779,7.284346191179925],[80.50314689750157,7.284330394875742],[80.50313652343544,7.284310725594297],[80.50311420619718,7.284306650020797],[80.50305214044705,7.284275005577872],[80.50302683709405,7.284259291712315],[80.50295554896498,7.284259322801504],[80.50293745840023,7.284247761295592],[80.50292642268167,7.28424392764602],[80.50288456607825,7.284251819467523],[80.50286925914558,7.284255748427388],[80.50278821683709,7.284283239785289],[80.50276586684159,7.28427942642086],[80.502628496106,7.284214038692492],[80.50261351303139,7.284214088408713],[80.50259495188082,7.284206444016104],[80.50254292636805,7.284198397763152],[80.50240238438776,7.28417431991801],[80.50239138583669,7.284170438350412],[80.50235844089103,7.284158809954093],[80.50233269122134,7.284154801895109],[80.50223715901357,7.2841248543358],[80.50218251446661,7.284098787449185],[80.50204649378651,7.284002791748631],[80.50203067950001,7.283981715678294],[80.5019723993049,7.283788029835719],[80.50191280479918,7.283663273167573],[80.50179972113536,7.283673760428403],[80.50174257520219,7.283679058391497],[80.50169143857445,7.283683801139379],[80.50158186448411,7.283693961311502],[80.50156459540392,7.283686855718591],[80.50149885327872,7.283544611604811],[80.50148902999622,7.283523356487164],[80.50147640113178,7.283510839687985],[80.50139108762924,7.283363322477167],[80.50137527517197,7.283331900333728],[80.50133414315437,7.283284803107918],[80.50128348802082,7.283189095979664],[80.50123927188079,7.283105551022273],[80.50122029604937,7.28304883197807],[80.50116643729119,7.282897354944353],[80.50116327739639,7.282875238459899],[80.5011524591588,7.282860884318994],[80.50112960376686,7.282830560222282],[80.50102304644953,7.282805311671209],[80.5009858859097,7.282803995017],[80.50090613017159,7.282801168489956],[80.50090506231301,7.282801336943481],[80.50077707328444,7.282821470959505],[80.50071030903639,7.282831974398538],[80.50070990317099,7.282832197512512],[80.5006899795546,7.282843107467616],[80.50063387779045,7.282873829312178],[80.5005457579801,7.282922085836604],[80.50051264827164,7.282940216691515],[80.50049043350131,7.28295238130843],[80.50045644219274,7.283002277736229],[80.50045539516066,7.283005413196961],[80.50043647958076,7.283062130875152],[80.50043072253209,7.283100408933392],[80.50043011418582,7.283104447149009],[80.50042497848163,7.283136682174906],[80.50041638533656,7.283190615486737],[80.50041588227994,7.283416420633066],[80.50040628313616,7.283431551793029],[80.50035360522837,7.28351458740726],[80.50034541764158,7.283518432906898],[80.500177494168,7.283597312591034],[80.50012660206967,7.283607963981683],[80.49996210283602,7.283642394095438],[80.49988448682197,7.283645781204016],[80.49981085897689,7.2836437458642],[80.49971913916364,7.283640007516127],[80.49962611344309,7.283636214997573],[80.49954540927399,7.283657154354362],[80.49953326895593,7.28366030473052],[80.49952067312904,7.283670784147072],[80.49940621688829,7.283786825730274],[80.4993023501246,7.283914990426934],[80.49921768110556,7.283987312107116],[80.49917286516566,7.284025596064386],[80.49897507753154,7.284016158821211],[80.49875318241675,7.284031843419589],[80.49869004683858,7.284051247954207],[80.49862482592972,7.284074447434438],[80.49856792722142,7.284082595485946],[80.49844250206822,7.284100557374221],[80.49840004909476,7.284128216321553],[80.49838107359056,7.284140580860448],[80.49832180294354,7.28420610409586],[80.49830189641456,7.284311072483127],[80.49828345909073,7.284408282008262],[80.49818835623732,7.28456810036212],[80.49816240879223,7.284641061994585],[80.49812041867001,7.284737525454288],[80.49809740688887,7.284777409743265],[80.49806565711519,7.284832439230286],[80.49806393469476,7.28483370599383],[80.49804889439729,7.284844277909817],[80.4980284209752,7.284852131787247],[80.49784779785682,7.28505530545802],[80.49776903359853,7.285135829731954],[80.49776169822927,7.285142525143562],[80.4977556885758,7.285149471861273],[80.49773968650817,7.28516583247601],[80.49772452412107,7.285179026763163],[80.49772206395905,7.28518116842937],[80.4977168759623,7.285192136151804],[80.49767951711955,7.285271112429053],[80.49739992923156,7.285485188623803],[80.49743709847446,7.285894591673379],[80.49741842381464,7.285976820436897],[80.49744432218301,7.286162251402774],[80.4975357013289,7.286575754471683],[80.49755172775347,7.286852668756319],[80.49754872435373,7.28686186992329],[80.497603128762,7.286982012013458],[80.49761573877764,7.286991294240899],[80.49785482029894,7.287075092469707],[80.49806465667795,7.28720563462418],[80.49807367882914,7.287211462030776],[80.49824363311035,7.28736392501973],[80.49825905632797,7.28737873239827],[80.49846317970234,7.287592226438814],[80.49854822423407,7.287848149175099],[80.49854822411552,7.287852752040632],[80.49853894168665,7.287972427174963],[80.49853894121195,7.287990838636988],[80.4984809889432,7.288175008089395],[80.49811509985628,7.288877379346994],[80.49787452468912,7.289164778318856],[80.49781718909507,7.289518421190111],[80.49780775014314,7.289539233167013],[80.49780795811162,7.289542703981911],[80.49778520169832,7.289583632855318],[80.49780090289102,7.289581043581346],[80.49789059536357,7.289549332721948],[80.4979196002979,7.289542961732455],[80.49847545021657,7.289458987098463],[80.49867961579085,7.289492374312362],[80.4991273208401,7.289728060692656],[80.49944198884775,7.289737750405508],[80.49953382879015,7.28972632479134],[80.49957848205814,7.289720835919403],[80.49966619890128,7.289642395818031],[80.49972582411877,7.28958736339386],[80.49979812951928,7.289533693351079],[80.4998641111867,7.289526469489199],[80.49987040684333,7.28952577974347],[80.49987615192383,7.289530892527357],[80.49989593339693,7.289548493174808],[80.4999371112296,7.289595361774848],[80.49996476945378,7.289689407360528],[80.49998961694341,7.289773901862859],[80.50002415698108,7.289866980437052],[80.50004156941135,7.289913903231673],[80.50004513182475,7.289923505412936],[80.50005855721193,7.289954717247906],[80.50011621359062,7.290088766401471],[80.50011782607345,7.290094012302306],[80.50018029534775,7.290297244827237],[80.50022253324943,7.290384941198465],[80.50023148971124,7.290403533564231],[80.50028184855076,7.290541740715128],[80.50035542924098,7.290672933849137],[80.50038744229816,7.290698490703147],[80.50046838025672,7.290745955943142],[80.50064551962389,7.291135079398497],[80.50064214650754,7.291282368139915],[80.50063358085868,7.291331055628574],[80.50063565921153,7.291337210629063],[80.50063561824666,7.291349398703028],[80.50063557909976,7.291361575926534],[80.50063949576385,7.291440580309867],[80.50063946819203,7.291448640281587],[80.50062178789493,7.291509260724072],[80.50063072937496,7.291629391927334],[80.50064686420875,7.291656791078569],[80.5006872520583,7.291711897268784],[80.50070340391862,7.291727755805515],[80.5007155379526,7.291739670970931],[80.50080575100058,7.291879029116648],[80.50082637115078,7.291907171614004],[80.50181345042509,7.293189946088005],[80.50183032510394,7.293199850237823],[80.50186745262538,7.293219615372337],[80.50200533987527,7.293254553361017],[80.50201544605434,7.293257777883929],[80.50205591134419,7.293273952261867],[80.50206931879964,7.293276977129054],[80.50213998154253,7.293302388215227],[80.50218005297467,7.293307981177689],[80.50251747289782,7.293390963162234],[80.50268155187769,7.293447209366342],[80.50269127519975,7.293453037110471],[80.50270271682224,7.293456961447627],[80.50286774149606,7.293508519384074],[80.50334508501727,7.293861315172573],[80.50352228964756,7.293979672435086],[80.50362905174923,7.294031785432334],[80.50364573008346,7.294043000627182],[80.50365307910886,7.294046771454078],[80.5037099592518,7.294069783930868],[80.50373568665168,7.294090598256918],[80.50366622210383,7.294208490102134],[80.5037322551376,7.294249159051307],[80.50378056722896,7.29427891511192],[80.50379495807488,7.294307736467882],[80.50385374446903,7.294425455180856],[80.50393262899877,7.294569468459222],[80.50408500812107,7.294792290185277],[80.50412377123419,7.294849993149445],[80.5041421940982,7.294877419786766],[80.50425007712093,7.295044463003046],[80.50426488727797,7.295067397631029],[80.50428626328278,7.295132758542163],[80.50429073808331,7.295146448659428],[80.50433778329531,7.295377162871306],[80.5044663895274,7.295353029556563],[80.50458035120504,7.295331644595414],[80.50461223475155,7.295323615536485],[80.50468460888318,7.295305303655108],[80.50473417445863,7.295263192355971],[80.50473993966857,7.295260667409881],[80.50473477266335,7.295248906648112],[80.50488382682413,7.295061356614268],[80.50490064985873,7.295044472662989],[80.50501071610135,7.294901373340172],[80.50503380024817,7.294866065399235],[80.50521232314152,7.294470315162216],[80.50533941054448,7.294263536389255],[80.50534171333739,7.29425804959753],[80.50611923614814,7.293793031481236],[80.50631938471449,7.293731705090972],[80.50636967160939,7.293286286993527],[80.50637475401399,7.293241266028356],[80.5065193407606,7.293070714394308],[80.50651855709111,7.293051499441507],[80.50648920068438,7.292965529469231],[80.50647269340854,7.292955954873027],[80.50635897280807,7.292923768169093],[80.50634604363539,7.292920552907626],[80.50630747697207,7.292917167695386],[80.50624010305604,7.29291047724543],[80.50621365993553,7.29289753272079],[80.50630153925886,7.292805607460834],[80.50634422848445,7.292759141288229],[80.50638786988061,7.292739346086832],[80.50648096279716,7.292702294786258]]],[[[80.51216304124964,7.285223827644293],[80.51194420507493,7.284803726264114],[80.51193255510175,7.28476611336647],[80.5119099753017,7.284702993813498],[80.51178640430108,7.284435137573016],[80.51177583807544,7.284410453133377],[80.51173923334765,7.284332033711838],[80.51163226595101,7.284178143920878],[80.51162863936095,7.284177234789631],[80.51159762807823,7.284194307858654],[80.51151474929893,7.284216142442938],[80.5114487592298,7.284220708498131],[80.5114434709317,7.284221073451272],[80.51137383059039,7.284212622718175],[80.51121771479743,7.284181873806443],[80.51117202419483,7.284170603911814],[80.51115194820778,7.284191435285174],[80.51108943095264,7.284279780095584],[80.51107415334202,7.284284771901428],[80.51096654847922,7.284329727418444],[80.51091628335925,7.284315508615927],[80.51086408610446,7.284341966658427],[80.51084800619269,7.284357547301543],[80.51079976387662,7.284399430438901],[80.5107669378682,7.284436095783313],[80.51070919732723,7.284452958677348],[80.51066392195848,7.284516265427885],[80.5106348822415,7.28456405040974],[80.51062306816225,7.284585375833735],[80.51057112670901,7.284660253658001],[80.5105533889125,7.284692096189363],[80.51047827865823,7.284798457048606],[80.51040776774225,7.28490092669495],[80.51036979727473,7.284911982012216],[80.51030067961555,7.284912402569681],[80.51026963748413,7.284901765159913],[80.51007096609645,7.284906060353646],[80.51000811113063,7.284886335011871],[80.50994869050113,7.284883301384085],[80.50979670430581,7.284906285912472],[80.5096636714243,7.284929472366959],[80.50942284117156,7.285042333086069],[80.50934347001922,7.285115700678601],[80.50930218685669,7.285239603845299],[80.50937441832818,7.285361371133957],[80.5093940270095,7.285379007445956],[80.50942781490015,7.285414445967975],[80.50953494705995,7.285527803966848],[80.50953893111407,7.285539894954303],[80.50957427807734,7.285655780618128],[80.50958798553502,7.285723984425797],[80.50962798075741,7.285895817139926],[80.50962711201213,7.285902323946626],[80.50967225743824,7.285999553408862],[80.50970137210615,7.286156229116252],[80.50970625253905,7.286182491863675],[80.50999863122028,7.286124934696026],[80.51008900875547,7.286114627367953],[80.5101776907919,7.28610451254368],[80.51022866318809,7.286089920956199],[80.51040686047945,7.286038909464113],[80.51065313356067,7.285994471428673],[80.51072539742064,7.285975940510846],[80.51084697424368,7.285944761186753],[80.51100359626153,7.28588571477646],[80.51109458214607,7.285832599096504],[80.51117799506561,7.285783904587436],[80.5111924746235,7.285774671160492],[80.51132822566417,7.285688097362764],[80.51139842458103,7.285643326048768],[80.51148575688397,7.28559807462472],[80.51159447008149,7.285541528367396],[80.5116435225365,7.285522060428651],[80.51165657510981,7.285516878305343],[80.5117991442563,7.285460293022952],[80.51187429186625,7.285430466222152],[80.51215249027203,7.285299846626384],[80.5121634761236,7.285294688601511],[80.51217460510692,7.285289463741999],[80.51218148451252,7.285286233992899],[80.51219260171263,7.28528257175104],[80.51216304124964,7.285223827644293]]],[[[80.51295125877922,7.283946305781518],[80.5129328321698,7.283934386369153],[80.51273423424766,7.283946949873693],[80.51268068695323,7.284002614328274],[80.51268627808527,7.284065190414212],[80.5126844887655,7.284080273949299],[80.51268610109983,7.284098392478318],[80.51269440922368,7.284156244291075],[80.5126986731114,7.284168483721736],[80.51270461698138,7.28419931557227],[80.51270919505151,7.284214788951799],[80.51274415191075,7.284385782933066],[80.51274950827116,7.284408434170467],[80.5127516340735,7.284431268906823],[80.51280399765483,7.284654796397885],[80.51281162364133,7.284685093882755],[80.51281714646419,7.284700307373871],[80.5129039635303,7.285015733295491],[80.51290921873691,7.285034829680749],[80.51291349377352,7.285048161506594],[80.5130602612772,7.285006999235206],[80.51311701500703,7.284991082265851],[80.51313108985646,7.284986195494303],[80.51313983296679,7.284983159429608],[80.5131881881998,7.284966365823337],[80.51318125838252,7.284941148185087],[80.51313898633376,7.284787317152992],[80.51313264593364,7.284751518678048],[80.51311923667598,7.284675809465772],[80.51310852863406,7.284641041156791],[80.51310056584282,7.284621408758727],[80.51310001605974,7.284616844452071],[80.51308636503265,7.284503834656576],[80.51307330089782,7.284432684204469],[80.51307117206966,7.284415006672935],[80.5130571498871,7.284304845195556],[80.51305374544485,7.284278646635565],[80.51304530104129,7.284213694208843],[80.5130313408498,7.284073369940281],[80.51302752432557,7.284044092913199],[80.51302056292167,7.284023376844292],[80.51295125877922,7.283946305781518]]]]}},{"type":"Feature","properties":{"GND_N":"Pahala Mudaliwatta","GND_NO":"194","GND_C":"345","PROVINCE_N":"CENTRAL","PROVINCE_C":"2","DISTRICT_N":"KANDY","DISTRICT_C":"1","DSD_N":"YATINUWARA","DSD_C":"36","Admin_Code":"2136345","GND_NO_Cen":"194","GND_NAME_C":"Pahala Mudaliwatta","GND_NO_Gaz":"194","GND_NAME_G":"පහළ මුදලu","shape_1":"Polygon","Area__Ha_":123.664665774,"MWS_ID":"119-2","Alt_MWS":null,"Tot_Pop":862.0,"Density":697.046320704,"Area":1.23664665374},"geometry":{"type":"MultiPolygon","coordinates":[[[[80.51275039067602,7.264033724468888],[80.51275732416005,7.264005496320617],[80.51267293984252,7.263734638143987],[80.51267876931003,7.263523175113945],[80.51274160254677,7.263166561997038],[80.5127626278005,7.26304723312496],[80.51293825346315,7.26275705188422],[80.51288425607001,7.26276281256656],[80.51281090042858,7.262773261636941],[80.51265538953801,7.26279541341127],[80.51254830282286,7.262847729007404],[80.51237602102566,7.262931891294445],[80.51229215134236,7.262985649122606],[80.51220968947993,7.263038502551828],[80.51206307943228,7.263182019675054],[80.51193519621432,7.2633567450266],[80.51182906299654,7.263501822955845],[80.5116336704466,7.263707019858399],[80.51163043272071,7.263710419937496],[80.51142121342762,7.263907434726867],[80.5112883741039,7.264009781517593],[80.5111726910728,7.26409890841924],[80.51110156116405,7.264152617390951],[80.51092580429135,7.264285321569474],[80.5107364226233,7.264471677815223],[80.51059960258304,7.264597566352175],[80.51042909129619,7.26472614799146],[80.51030819487781,7.26487438101182],[80.51021989938322,7.265025798162535],[80.51015697287761,7.265072261129276],[80.51010021715382,7.265114168240097],[80.50997226018724,7.265104327618714],[80.50986361003694,7.265063570423046],[80.50975689776675,7.26496313070468],[80.50976314331007,7.264816366887088],[80.50983099441193,7.264625599067271],[80.50986170633028,7.264453439759707],[80.50990430103734,7.26433609147506],[80.50991014354533,7.264319992983765],[80.50997495435114,7.264220016632109],[80.51007834643022,7.264112918057381],[80.51011710165052,7.264031854243725],[80.51013764711446,7.263988882321389],[80.51016130097584,7.263803696956823],[80.51016276397144,7.263784479682651],[80.51017526466046,7.263620313595716],[80.51024861045963,7.263405176284718],[80.51025183001397,7.263395730975514],[80.51032701348562,7.263210936623008],[80.51042476277907,7.262984558691187],[80.51043819308374,7.262953458722073],[80.51055701351794,7.262789396497187],[80.51065984612363,7.262557776553833],[80.51075021211763,7.262429442689162],[80.51077250586823,7.262397782709018],[80.51078549761563,7.262339249695914],[80.51079199511524,7.262322642453505],[80.51079509705163,7.262295999136945],[80.51081127770927,7.262223095080852],[80.51080826297449,7.262182928030327],[80.51080004638044,7.262073425431181],[80.51076207739276,7.261958740073808],[80.51067099514039,7.261922062709329],[80.51110236123533,7.261346277348501],[80.51140260400457,7.260945516002275],[80.51144806815046,7.26088483340816],[80.5116765478734,7.260579857505231],[80.51212344197559,7.259762813427269],[80.5121783233148,7.259681820273451],[80.51223751556067,7.259583285336195],[80.51226445041952,7.259517198635818],[80.5123337243138,7.259369567075201],[80.51237278736735,7.259315150149574],[80.51238330090766,7.259300415301703],[80.51242990636021,7.259240337329035],[80.5124395627731,7.25922788895092],[80.5124787330914,7.259177396730384],[80.5125154317096,7.259139872510884],[80.51254007777202,7.259114674100759],[80.5125881156408,7.259045613646403],[80.51257205893458,7.258632912572291],[80.51262162252156,7.25857811106341],[80.5126562468957,7.258527217387702],[80.51270447257178,7.258443418776995],[80.5127465418153,7.25835834785629],[80.51280265369658,7.258264695154558],[80.51284034776866,7.258226646084353],[80.51296285111758,7.258110514862271],[80.51308635937575,7.257983893425515],[80.51312243846654,7.257919801418791],[80.51320856467902,7.25775707768675],[80.51325426733493,7.257652746363452],[80.51331682651434,7.257530069355915],[80.51334835968942,7.257495183522114],[80.51342373520183,7.257445128150414],[80.51350643725054,7.257410180592479],[80.5135864267127,7.257363292906184],[80.5136366228633,7.257319735682819],[80.51369198911567,7.257260445752491],[80.51380480061702,7.257148468447623],[80.51387965082367,7.257063958933731],[80.51388898651649,7.257050038137901],[80.5139154536239,7.257010626938665],[80.51391717486706,7.257008005468701],[80.51396772981565,7.256928060360478],[80.51400446449088,7.2568699695746],[80.51402160791164,7.256820604798581],[80.51403601886364,7.256792061716822],[80.51405488229332,7.256754700681816],[80.514099715206,7.256744326238288],[80.51414192810893,7.256721653631415],[80.51416566119227,7.256708825394327],[80.51419294461478,7.256668689400916],[80.51422954942093,7.256634619391551],[80.51425782991103,7.256591320734181],[80.5142752283628,7.256573786485019],[80.51429732785984,7.256567017904281],[80.51432632891037,7.256527335946283],[80.51437265250223,7.256446338455679],[80.51415800791827,7.256321058829291],[80.51394628787642,7.256151561518775],[80.51370170628763,7.255964139105699],[80.51357865597504,7.255866185802033],[80.51332885607057,7.255667328040771],[80.51331963144945,7.255659983415685],[80.51320484822811,7.255557733960209],[80.51314765802773,7.255506787033382],[80.51297123422385,7.255374566820906],[80.5127972094026,7.255326449467844],[80.51255725211257,7.255283083834279],[80.51252544565854,7.255277357433628],[80.51250989467134,7.25527455502503],[80.5123916413944,7.255261087343166],[80.5122074482834,7.255240105461634],[80.51207501175925,7.255218712321109],[80.51207306492269,7.255218397397094],[80.51184564446682,7.255524490196152],[80.51133554697292,7.256084072712999],[80.51095931576711,7.256592673465434],[80.51048038604165,7.257150000626551],[80.5098880519954,7.257894940476567],[80.50933331018223,7.258450782164741],[80.5078747646728,7.259875508441292],[80.50719534801999,7.259938539004676],[80.50614170909076,7.260176264221161],[80.50498593195654,7.260308095986691],[80.50391261008062,7.260637070389701],[80.50251383492783,7.261357209507324],[80.50078733402034,7.26319968526505],[80.50039456007251,7.264256802963454],[80.50004086569268,7.264965705636986],[80.49967732038252,7.265581931440324],[80.499653818237,7.265602228515839],[80.49912555926281,7.266552217850311],[80.49843728057654,7.267773180368596],[80.49828122389222,7.267987060270941],[80.49832759867978,7.268017935163823],[80.49849622049946,7.268130198411762],[80.49859045501412,7.268174804501337],[80.49884534190117,7.268061977726767],[80.49900203745692,7.268130535168302],[80.49916871491958,7.268150079451141],[80.49936584318304,7.268135036648991],[80.49957258372977,7.268090260023113],[80.49976315765865,7.26806988493054],[80.49996812105225,7.268104081980657],[80.5003111409306,7.268229025069183],[80.50051464025414,7.268329716635811],[80.50070396377252,7.268380365663674],[80.50080064707203,7.268461109393765],[80.50095552221326,7.268466687130688],[80.50108914397734,7.26849221697829],[80.50130075742383,7.26856843200486],[80.50160725840867,7.268649715143332],[80.50188823596787,7.268690106606607],[80.50210247009184,7.268750588088273],[80.50234551112939,7.268796008632997],[80.50238372369843,7.268801909651082],[80.50242256847687,7.268812150768401],[80.5025354649893,7.268866748958042],[80.502577480042,7.268881975556674],[80.50263044342293,7.268901169580648],[80.50266144065088,7.26890756539211],[80.50269519242363,7.268914530762254],[80.5027236198314,7.268920396909272],[80.50278998426279,7.268950548227856],[80.50283105466266,7.268973442671005],[80.50289164994274,7.269007219438494],[80.50296924298448,7.269037651505055],[80.50302618700391,7.269071144817454],[80.50308420814594,7.269117570217379],[80.50317202478843,7.26916591258539],[80.50323522150437,7.269191451826908],[80.50340327123182,7.269247620328495],[80.50347860706562,7.269263851681677],[80.50365243607506,7.269307228673785],[80.503694022154,7.269317606073483],[80.50379733096031,7.269353026193469],[80.50384122762767,7.269376349074935],[80.50386088502802,7.269386794666588],[80.50389003515905,7.269407700538421],[80.50391565150197,7.269425711439335],[80.50394677011941,7.269483243420114],[80.50398333046475,7.269527485503028],[80.50405811342486,7.269562618044452],[80.50413888912306,7.269574783221112],[80.5042064481323,7.269573557760454],[80.5042580682529,7.269572322725054],[80.5043328816397,7.26955844234588],[80.50437278600292,7.269334019780038],[80.5043781750785,7.269232083424652],[80.50450790635901,7.268759728443463],[80.50452594691039,7.268764667676788],[80.50454698938643,7.268774454836374],[80.50468017173702,7.268827980408],[80.50478184457936,7.268874609893083],[80.50481632285592,7.268917495123043],[80.50488228790468,7.269008236513858],[80.50490607274615,7.269063051151553],[80.50494769810173,7.269118146851578],[80.50500037656406,7.26916565487641],[80.50506229516445,7.269208463366516],[80.50514006722862,7.269244230527419],[80.50524290511092,7.269296448261506],[80.50525685553917,7.269303531822279],[80.5053678577186,7.269347999158748],[80.50544274509151,7.269360161488315],[80.50548768788408,7.269362248326869],[80.50551374361886,7.269363459371836],[80.50564296588118,7.269379362642711],[80.50572563578007,7.269402742855842],[80.50575656118035,7.269412781828366],[80.50576635264032,7.26941595904143],[80.50585456994541,7.269444596507891],[80.50588261924923,7.269472561445464],[80.50588670025114,7.269476629599404],[80.50588787685257,7.269477804983126],[80.50591247700552,7.269532439199084],[80.50593561778817,7.269604435951259],[80.50594964384764,7.269622890167718],[80.50599083210652,7.269650497598571],[80.50604416477755,7.269665901542882],[80.5060962383428,7.2696666560223],[80.50610515376351,7.269673387497909],[80.50612100602616,7.269653186810926],[80.5062248326276,7.26955001231633],[80.5063070480416,7.269377691412368],[80.50637732112295,7.269255213661983],[80.506521227126,7.269055589823807],[80.50675142992253,7.268906584641619],[80.50692998288291,7.268683958756754],[80.50712486311951,7.268578302476604],[80.50716059679905,7.268447760357559],[80.50722133465415,7.268123779485363],[80.50733821312525,7.268001100431636],[80.50750067888217,7.267897450370056],[80.50742425410274,7.267562192921622],[80.50733473072872,7.267427705191857],[80.50724691320855,7.267283197035571],[80.50728126525912,7.267188362964861],[80.50722381045769,7.267049720002166],[80.50718440565446,7.266897090127308],[80.50726865928571,7.266802978357464],[80.5073962531303,7.266668761366549],[80.50758934022753,7.266566058118711],[80.50772473579967,7.266602557088579],[80.50777081089093,7.266629664460286],[80.50785860043733,7.266722225145118],[80.50791018448318,7.266782753167147],[80.50797490137992,7.26684238556139],[80.50820259159885,7.266961706614713],[80.50822873322983,7.267011818332275],[80.50826574398921,7.267062030519833],[80.5083442999939,7.26714861729531],[80.50840857453476,7.267190795526415],[80.50853402090777,7.267272278081881],[80.50861062999665,7.267322038867557],[80.50863805165105,7.267351716007374],[80.50869081178115,7.267414594908193],[80.50874004863864,7.267464451651147],[80.50879447277045,7.2674700895003],[80.50885153008669,7.267464064364511],[80.50894137669933,7.267447839995369],[80.50900639968226,7.267446612312505],[80.50906253918942,7.26746274189447],[80.50911514172853,7.267485923809339],[80.50916295221406,7.267493005497641],[80.50923640499995,7.267483553641972],[80.50928224678954,7.267453647490977],[80.50933734015527,7.26739797430629],[80.50935410587874,7.26737791058299],[80.50937938155029,7.267362641931626],[80.50944096569327,7.267358699269552],[80.50946848954672,7.267370290473247],[80.50949728008919,7.267382335473605],[80.50951248203435,7.267404862327468],[80.50953984193706,7.267378146488145],[80.50963505516629,7.267285181937044],[80.50965948379105,7.267238143898749],[80.50970131314621,7.267170704287861],[80.50982068151967,7.266978251334375],[80.50983689126588,7.266938028666218],[80.50991453736651,7.266800272012463],[80.50992865159161,7.266795264165113],[80.51012058313636,7.266599418311865],[80.51025697986364,7.266383119853295],[80.5105323836416,7.266114133448928],[80.51070333965231,7.265930792318702],[80.51088682606816,7.265695679276179],[80.51109301930477,7.265478036892797],[80.51126356107643,7.265279080780891],[80.51127684233218,7.265267457465342],[80.5114873581961,7.265186561681552],[80.51160682386801,7.265305332232884],[80.51157587810908,7.265500489634117],[80.511494660112,7.265661431615413],[80.51141497118716,7.265772114515705],[80.51157643561632,7.265872390492786],[80.51170313882314,7.265901932775311],[80.51184997978906,7.265888725243479],[80.51196540526728,7.265837983663589],[80.51198378212337,7.265829935273008],[80.51199114527276,7.265825940759854],[80.512076714589,7.265720805428652],[80.51218902670776,7.265613895143369],[80.5121961908256,7.26560644247651],[80.51221045711353,7.265595264621315],[80.51229604793008,7.265516740928819],[80.51231267564422,7.265493842033921],[80.51231702335656,7.265487855400857],[80.51238858388882,7.265458325606057],[80.51247816079473,7.265437850160475],[80.51251130270605,7.265415838936099],[80.51256332214567,7.265381291555634],[80.51260918960818,7.265306622329129],[80.51267508764289,7.265201943864109],[80.51273934501981,7.265116884982326],[80.51278884017688,7.265031548938119],[80.51278656385938,7.264995134259106],[80.51278527452189,7.264974495627333],[80.51277861334508,7.264867955537571],[80.51277771547039,7.26485312453315],[80.51275986128145,7.264722714427065],[80.51276382014846,7.264610040324414],[80.51277372821882,7.264552880898658],[80.51278181169609,7.264506237395328],[80.51280193291846,7.264477583749252],[80.51281346134303,7.264471336322377],[80.51282611851231,7.264464478245475],[80.51283844140559,7.264457801737939],[80.51283286908458,7.264447101563443],[80.51277946165624,7.2643445484967],[80.51273935177937,7.264172799051279],[80.51275039067602,7.264033724468888]]]]}},{"type":"Feature","properties":{"GND_N":"Embilmeegama North","GND_NO":"166","GND_C":"380","PROVINCE_N":"CENTRAL","PROVINCE_C":"2","DISTRICT_N":"KANDY","DISTRICT_C":"1","DSD_N":"YATINUWARA","DSD_C":"36","Admin_Code":"2136380","GND_NO_Cen":"166","GND_NAME_C":"Embilmeegama North","GND_NO_Gaz":"166","GND_NAME_G":"ඇඹිල්මීeg","shape_1":"Polygon","Area__Ha_":69.6467321406,"MWS_ID":"119-2","Alt_MWS":null,"Tot_Pop":1321.0,"Density":1896.71498383,"Area":0.69646731916},"geometry":{"type":"MultiPolygon","coordinates":[[[[80.5637938801794,7.270155297189182],[80.56395456794124,7.269921693048015],[80.56397277665548,7.269888396181427],[80.56416393973677,7.269613444419369],[80.56416382599807,7.269606868290921],[80.56458470513029,7.269719131447068],[80.56506365930217,7.269068135319292],[80.56547553343289,7.268722497987527],[80.56593179313533,7.268174638476866],[80.5659622471378,7.268138070016998],[80.56627641972113,7.268242679607666],[80.56630548288639,7.268250480005887],[80.56652268083215,7.268318116466974],[80.56670484182114,7.268374841610645],[80.56672685906362,7.268377237335082],[80.56690951509475,7.268364409221515],[80.56693506308744,7.268345869286062],[80.56694027618511,7.268341211830557],[80.5670505864085,7.268256634654903],[80.56706536750006,7.268243898067363],[80.56708099137832,7.268222123379845],[80.56709080859214,7.26821366998303],[80.56713692898443,7.268153280339723],[80.56715246770477,7.268131555346749],[80.56716850848781,7.268105157157212],[80.5672303054836,7.268018568091349],[80.56724038009658,7.268005743418652],[80.56725167893433,7.267979583583225],[80.56727088846353,7.267962991282184],[80.56731215367441,7.267894991496109],[80.5674793160153,7.267557021803036],[80.56731266189986,7.267414657771681],[80.56719958932595,7.267331861191316],[80.56710562936789,7.267238404458416],[80.56700885099725,7.267166829586444],[80.56690637644763,7.267079336365914],[80.56672562054116,7.266975766457388],[80.5666885507746,7.266954525377683],[80.56681109709129,7.266755301192629],[80.5668318312865,7.266706246109774],[80.56691300741842,7.266557139942561],[80.56691150987925,7.266556381446788],[80.56682225980639,7.266461931197387],[80.56678071831426,7.266409046566511],[80.56673166102765,7.266346591857936],[80.5666486565484,7.266255218181198],[80.56659066527025,7.266216459249296],[80.56658858299795,7.266215068375658],[80.56656791147113,7.266201251043129],[80.56654237105087,7.266184180495382],[80.5664441391702,7.266128883159007],[80.5664193302656,7.266116212367566],[80.5663245200138,7.266099528435042],[80.56627154972175,7.266081779605432],[80.56619399419155,7.266068976758179],[80.56613861549809,7.266059834838894],[80.56603429575875,7.266044322030567],[80.5659734619504,7.266034517422239],[80.56594202132561,7.266029449605214],[80.5658461183328,7.266023798443389],[80.5656151068488,7.265998007222168],[80.56559220840217,7.26599596100196],[80.56555814689482,7.265992918479328],[80.56543952636929,7.265979878482651],[80.56541026742576,7.265976661843278],[80.56529770287847,7.265969194215629],[80.56516693278536,7.265965517053122],[80.56507232311533,7.265959703556289],[80.56502158654972,7.265956585403897],[80.56486619156514,7.26593806614614],[80.56474122043088,7.265927970123767],[80.56462187796087,7.265888306053444],[80.56450252806411,7.265870345171399],[80.56445525700168,7.265867873341076],[80.5644117839978,7.265865600417991],[80.56437583724184,7.265850489030274],[80.56430640092812,7.265808128963664],[80.5641924036679,7.265766116098292],[80.56412277874651,7.265728192416394],[80.56404872148778,7.265683124481047],[80.56393889798409,7.265620494541344],[80.56383948564823,7.26557288175265],[80.56375609607089,7.265531696084131],[80.56364952579273,7.265489869234536],[80.56352032699431,7.265420990434642],[80.56340189096382,7.265383948947153],[80.56330290303447,7.265348802030497],[80.5632907001114,7.265344468315331],[80.56318377117277,7.265295224114111],[80.56305465395123,7.265239911544801],[80.56279913740745,7.265140679960006],[80.56274608527038,7.265105025529277],[80.56266732889068,7.265039155337029],[80.56257979295683,7.264962971060489],[80.56244561419632,7.264890925466471],[80.56235302010188,7.264807881449209],[80.56234422761122,7.264799996319764],[80.56222074283798,7.264713667751909],[80.56205244930797,7.264587167030606],[80.56194452340107,7.264540273255859],[80.56185587628745,7.264512288458492],[80.56175083833597,7.264484658516157],[80.56174463430777,7.264483977355982],[80.56164343920136,7.264472851792781],[80.56162066467888,7.264469414618621],[80.56153703735998,7.264456793493826],[80.56137249680943,7.264435464489742],[80.56125114868874,7.264427178741919],[80.56111513185135,7.264414273164801],[80.56103716624266,7.264415401815214],[80.56098200501567,7.264416199452099],[80.56083376324871,7.264405367879554],[80.56074719970755,7.264387602456768],[80.56073678167478,7.264385428088374],[80.56047607007704,7.264357632512199],[80.56031325460678,7.264325360099313],[80.5602869044945,7.264320555661985],[80.56025245168084,7.264314254363377],[80.56004494700318,7.264276310496773],[80.55989931034557,7.264249307348283],[80.55987379970937,7.264244577440335],[80.5597027401716,7.264226320251451],[80.5595558545568,7.264214765470977],[80.55934720662472,7.26420426536429],[80.55933902871507,7.264204755201092],[80.55927156684217,7.264208804942636],[80.55926727140178,7.264209062421797],[80.55920366301778,7.264212879783053],[80.55909280112402,7.264246014547134],[80.55906600231472,7.264253436874246],[80.55906376515546,7.264254057057452],[80.55893638112892,7.264289344244127],[80.55880774199258,7.264377181513681],[80.5586922430584,7.264446576411113],[80.55858986811765,7.26452936213127],[80.55847101791095,7.264599659661968],[80.55834682005607,7.26468116791863],[80.55814235065425,7.264829827074885],[80.55808409332177,7.264882699732679],[80.55797963712106,7.264961634698534],[80.55796079439665,7.26497587378871],[80.55784503317334,7.265028990923527],[80.55777828881433,7.265052833211674],[80.5577239308519,7.265072249481914],[80.55758608865679,7.265086561412427],[80.55749353660066,7.265083169052134],[80.55735869322383,7.265079941641864],[80.5572222199962,7.265072458670173],[80.55712604102351,7.265078291061757],[80.55702261565321,7.265087192742876],[80.55691355510643,7.265115682441495],[80.55680976950802,7.265142795607886],[80.55658794502683,7.265226426433891],[80.55656459038264,7.265233413501393],[80.55654008906268,7.265240746359177],[80.55648324085588,7.265257754023854],[80.55642934429386,7.26528169095834],[80.55638387580744,7.265295414281573],[80.55630489490673,7.265318797361338],[80.55629812815845,7.265335554384418],[80.55626491097688,7.265417797964719],[80.5562235785827,7.265488857737251],[80.55621377814647,7.265529547407569],[80.55621458902735,7.265545562962604],[80.55621709791731,7.265595109899136],[80.55623225023011,7.265722531380571],[80.55624830857012,7.265770958132819],[80.55560761253417,7.265911697782389],[80.55553046074156,7.26605768937691],[80.55550953951503,7.266086754258866],[80.5553996749613,7.266219871652819],[80.5553832461474,7.266232930790789],[80.55536675663377,7.266246036017865],[80.55534226396932,7.26626330616981],[80.55522273757965,7.2663458539487],[80.55519619340441,7.266345176346686],[80.55499224870003,7.266356306466733],[80.55485118226528,7.266379440141164],[80.55471398609748,7.266279415378843],[80.55456051469497,7.266285634293641],[80.55437196156716,7.266275208619119],[80.55422873875621,7.266302243100561],[80.55362052404516,7.266380472482861],[80.5532723816049,7.266698446892634],[80.55323063084543,7.266751740282662],[80.55316983201423,7.266829349068513],[80.55329402553072,7.266864322482627],[80.55334788163245,7.266880898564474],[80.55341752804675,7.266886506909256],[80.5534056006351,7.266905765355058],[80.55324270714964,7.267117227308923],[80.55316908672998,7.267212796421717],[80.553392281122,7.267298245917179],[80.55368102983671,7.267403556991125],[80.5539215013096,7.267526841593703],[80.55410213555476,7.267601263632855],[80.5542815929696,7.267691442457764],[80.55453120231051,7.267816877123928],[80.55489579335239,7.268024411369389],[80.5553055635174,7.268255750452737],[80.55571788039065,7.268465479445395],[80.55594902886698,7.268581070102158],[80.55614468029577,7.268692031475296],[80.55617103692133,7.268704332811478],[80.55621819998522,7.268726341060114],[80.5563484863603,7.268791152196746],[80.55638216513405,7.268814227290724],[80.5564775848056,7.268879746724692],[80.55660488491219,7.268940034839662],[80.55669614285678,7.268999038536467],[80.55683165859298,7.269115758008324],[80.55694263171996,7.269231291783698],[80.55698798330681,7.269272639350086],[80.55706365421969,7.269355058622546],[80.55737785131987,7.269651097560337],[80.55765120813957,7.269944855838689],[80.55772595988404,7.270018312944636],[80.55782310433119,7.270113771609846],[80.55789284875554,7.270185732371466],[80.55790438698685,7.270197639428668],[80.55791950519495,7.270213200679778],[80.55802351728366,7.270302594756814],[80.5581009106948,7.270380131470245],[80.55818111658732,7.270447268261269],[80.5582885757272,7.270526988828492],[80.55838300131703,7.270593229932835],[80.55847587669598,7.270629014339574],[80.55848522734549,7.270632616140498],[80.55856146541997,7.270662947741308],[80.55891034483983,7.270768001405909],[80.55891269369017,7.270768709695472],[80.55894467029779,7.270778338649919],[80.55939508781664,7.270862383090998],[80.55949832979805,7.270860895179554],[80.55968707469549,7.270834579855886],[80.55974424711118,7.270828279787384],[80.55979575635239,7.270822604590823],[80.55979811041804,7.270821882274988],[80.55987645901095,7.270796780142186],[80.5600850473449,7.270748951774906],[80.56012130035506,7.270735831390878],[80.56020207434581,7.270706594991445],[80.56022250041461,7.270697753436879],[80.5602412190261,7.27068965168951],[80.56042599112031,7.270609670255022],[80.56047120138996,7.270581911674501],[80.56061450686762,7.270493920012614],[80.5607141666508,7.270407787586027],[80.56072078111445,7.27040254578902],[80.56074868417117,7.270380041976347],[80.56075013278166,7.270378957504621],[80.56078120815013,7.270356636058611],[80.56078823820486,7.270351580744095],[80.56088484619349,7.270282080531081],[80.56089343443743,7.270274038146362],[80.56092070407968,7.27024850371028],[80.56092073669635,7.270248473883863],[80.56093359052063,7.270236436516774],[80.56097572301029,7.270194316128065],[80.5610189160127,7.270135011815025],[80.56132396865755,7.270231025125383],[80.56142679500819,7.270250092230154],[80.56253132786212,7.270619108892439],[80.5637315769531,7.27120245904364],[80.56370382157048,7.270961326001347],[80.563706759514,7.270957276112412],[80.56370427830379,7.270935668492002],[80.56370763569295,7.270906293858846],[80.56371169883262,7.270882122902862],[80.56371145502217,7.270844041781797],[80.56371264746204,7.270821512593531],[80.5637218890682,7.270646962476479],[80.56372660468546,7.270629575889946],[80.5637280610067,7.270612086492986],[80.56373237608456,7.270591386360713],[80.56372952561883,7.27056349458129],[80.56372954195406,7.270532618145466],[80.5637313197145,7.270519100587912],[80.5637938801794,7.270155297189182]]]]}},{"type":"Feature","properties":{"GND_N":"Kotaligoda South","GND_NO":"216","GND_C":"155","PROVINCE_N":"CENTRAL","PROVINCE_C":"2","DISTRICT_N":"KANDY","DISTRICT_C":"1","DSD_N":"YATINUWARA","DSD_C":"36","Admin_Code":"2136155","GND_NO_Cen":"216","GND_NAME_C":"Kotaligoda South","GND_NO_Gaz":"216","GND_NAME_G":"කොටලිගොod","shape_1":"Polygon","Area__Ha_":121.308439916,"MWS_ID":"119-2","Alt_MWS":null,"Tot_Pop":816.0,"Density":672.665482469,"Area":1.21308439524},"geometry":{"type":"MultiPolygon","coordinates":[[[[80.50681525392712,7.302541433738029],[80.50723593808618,7.30228909680159],[80.5079482568735,7.301889143847448],[80.50815869136622,7.301567431786459],[80.50818601775053,7.301507974281922],[80.50834127731078,7.301170176283128],[80.50865118766217,7.301114996418145],[80.50896662808871,7.300841700698077],[80.50931984672019,7.300519730739792],[80.50980790322389,7.300234975011221],[80.51010234932195,7.300063181429575],[80.51058166951738,7.300051607550031],[80.51068962909285,7.300049000687576],[80.51124646537427,7.29993934199151],[80.51185109187442,7.299791942658146],[80.51247722561023,7.299853978339773],[80.51259007136215,7.299837332866989],[80.51259222383645,7.299836346632575],[80.51264422978589,7.299802375462079],[80.51283463236035,7.299756641493968],[80.51293381541845,7.299737710038786],[80.51316703717185,7.299720577572028],[80.51326630465574,7.299713674138397],[80.51331919515846,7.299718858532073],[80.5133540936315,7.299732984071947],[80.51344270073952,7.299768849418948],[80.51350327318386,7.299795833615105],[80.51352798036119,7.299828040042176],[80.51356220074675,7.29984949268548],[80.51367269708109,7.299840695770627],[80.51372043599174,7.29983829369177],[80.51376327140493,7.299836137438203],[80.51378224258058,7.299823906104108],[80.51379018113602,7.299818789689111],[80.5138672251426,7.299712309262635],[80.51388610377109,7.299642869365504],[80.51390991419605,7.299659794450404],[80.5139765587781,7.299681357238067],[80.51401332506032,7.299684126753938],[80.51409637409726,7.299690380271636],[80.51414971912446,7.299691134683974],[80.51424642425297,7.299728087019766],[80.51427641302203,7.299742287409326],[80.51431813527273,7.299762039751081],[80.51433382849618,7.299870114090544],[80.51434095595117,7.299917232070649],[80.51437198755924,7.299971237475954],[80.51440384683252,7.300006794807587],[80.51443625852666,7.300028426292227],[80.51456623852488,7.300004539613143],[80.5146755552353,7.299971593437012],[80.51469350806745,7.299966181677908],[80.51479061789288,7.299933412876729],[80.51482243864615,7.299926198742889],[80.51486896868661,7.299915644514185],[80.51490890463322,7.299912597549691],[80.51509711974778,7.299898235922166],[80.5151544328939,7.299895348197445],[80.5151876007948,7.299893675441444],[80.51524476599903,7.299878838245592],[80.51534164192641,7.299796384425012],[80.5157023433475,7.299565393064993],[80.51601940600813,7.29943941391425],[80.51613887457923,7.299357317472531],[80.51617277743883,7.299342252433539],[80.51627494983387,7.299296846866835],[80.51632274514515,7.29926567886784],[80.51633674225775,7.299256551722197],[80.51636404319085,7.299235932294795],[80.51639572589784,7.299212002949281],[80.51639972795809,7.299209102460679],[80.51699714031672,7.299033022167572],[80.51701546556276,7.299020899742034],[80.51743780858926,7.298832691144889],[80.51817787684527,7.298312694711811],[80.51852031448487,7.29816082918718],[80.51946127260975,7.297425632083058],[80.51939177893502,7.297295910958708],[80.5193158907795,7.297132067968482],[80.51926678099878,7.296999559624393],[80.51922388617089,7.297015851441222],[80.51918922928137,7.297021179726338],[80.51916611422773,7.297026661075643],[80.51902740305651,7.297059562698843],[80.51884181619718,7.297164856367144],[80.5186373190154,7.297288672732052],[80.51846061144244,7.297418883775139],[80.51825932810523,7.297492448212552],[80.5181065405866,7.297487667593703],[80.51788619979249,7.297482565232273],[80.5176714219077,7.297593727767428],[80.51742372772348,7.296798014503026],[80.51742029567357,7.29680037094201],[80.51739183539223,7.296819906430065],[80.51738548807776,7.296822084859858],[80.51731211938878,7.296847261826096],[80.51730564203821,7.296848776426323],[80.51721882234149,7.296869089590508],[80.51715721673983,7.29690178798408],[80.51712959210842,7.296920219788032],[80.51711134299867,7.296932395619552],[80.51708138173096,7.29695238599145],[80.51707948252132,7.296947682558385],[80.51707573755624,7.296938242263927],[80.51707025892556,7.29692443683833],[80.51698504308038,7.296910279989479],[80.51692346520797,7.29689794438854],[80.51681244912733,7.296898437671246],[80.5167606298238,7.296542106844899],[80.51661851422138,7.296386540384686],[80.51636274829089,7.296215618648768],[80.51615760978085,7.29584381923159],[80.51609568615395,7.295765573656752],[80.51596931312692,7.295590137819704],[80.51590964125477,7.295455172410328],[80.51555929063765,7.295240242372865],[80.51541553405649,7.295085928866119],[80.51525970107095,7.294839912652455],[80.51503409425138,7.294560029019978],[80.5150033225295,7.294529977723092],[80.5150427048294,7.294503168204794],[80.51512324745019,7.294457005207215],[80.51520079249548,7.294421422542693],[80.51527274672405,7.294346950066575],[80.51531615906285,7.294296965725961],[80.51545434020245,7.294182023494029],[80.51546131983353,7.294174826608208],[80.5155187708301,7.294115594873016],[80.51560086226658,7.29405650033134],[80.51572533794166,7.2939913759509],[80.51581185914003,7.293944491025614],[80.51590317327017,7.293906745859938],[80.51597357555865,7.293850088824954],[80.51605299675053,7.293803930432778],[80.51608347095096,7.293786218339725],[80.51609280340558,7.293779172007366],[80.51621542075108,7.293639889555037],[80.51623818587,7.293593967091362],[80.51623872627545,7.2935928804376],[80.51629293288931,7.293508721595607],[80.51636089037721,7.293454141162944],[80.51645076791918,7.293394510166395],[80.51645079878958,7.293394375443937],[80.51646393251673,7.293336733167343],[80.51649939736663,7.293245962153448],[80.516518760362,7.29321013600033],[80.51651952646871,7.293208717598962],[80.51652380953955,7.293162871305832],[80.51654464830384,7.292994323252321],[80.51655242436264,7.292978608329289],[80.51657819706226,7.29292652117308],[80.51661372646541,7.292880783264232],[80.5166329569954,7.292829611110544],[80.51663520609875,7.292821175312886],[80.51664843114733,7.292771578609977],[80.51665492159157,7.292747243188186],[80.5166515987874,7.292699946551765],[80.51663897221036,7.292613126795587],[80.51662250111225,7.292590690768865],[80.51657270321911,7.292563713201385],[80.51651085516829,7.29254821417677],[80.5164323891459,7.29254198457912],[80.51642898580988,7.292541713141715],[80.51641332212847,7.292540470673736],[80.51637438598107,7.29252435089335],[80.51635340117875,7.292504850321879],[80.51632702512286,7.292480340460807],[80.51631401315377,7.292468248856567],[80.51625771602279,7.292405547789993],[80.51615523100887,7.292344177483046],[80.51614436507252,7.292331215367208],[80.5161055441921,7.292284916531376],[80.51605231749564,7.292242293502922],[80.51599726934496,7.292212509530626],[80.51589705172744,7.292147250188104],[80.51583809865136,7.292112281421901],[80.51563587618406,7.291955971974802],[80.51563542720835,7.291955567495174],[80.51555494968149,7.29189167500477],[80.51547076918678,7.291817926241055],[80.51542042853865,7.291791672579588],[80.51532833942052,7.291762409725847],[80.51526731453583,7.291733254320312],[80.51518429617455,7.291679671091563],[80.51505148782353,7.291588983807436],[80.51501592306172,7.291544108319148],[80.51491694608899,7.291398359833027],[80.51490571006224,7.291381813746574],[80.51486681872939,7.291290275511684],[80.51483163872878,7.29120669813676],[80.51477406144002,7.291165698373432],[80.51466279831472,7.291096545710078],[80.514643807054,7.291089461307733],[80.51473536815654,7.290865636628224],[80.51498112252008,7.290528012129749],[80.51497034212518,7.29051603843325],[80.51489730045822,7.29043491785127],[80.5148286969867,7.29035774255942],[80.51475191964691,7.290284203227963],[80.51473676911047,7.290269690445153],[80.5147206238052,7.29025422667029],[80.51458113792583,7.290124015815331],[80.514554365353,7.290102749339635],[80.51441366885093,7.289990984485858],[80.5143464240725,7.289913719481879],[80.51422284124435,7.289757985818815],[80.51420886627923,7.289740375579664],[80.51415173672517,7.289646263031819],[80.51410101674763,7.289562707338475],[80.51399098293007,7.28940357589113],[80.51379093073571,7.289234354468822],[80.51368346488063,7.289175873583192],[80.5135167564766,7.289090653456343],[80.5134351636907,7.289005527975495],[80.51342513217483,7.288993859427443],[80.51335847383322,7.288916322431758],[80.51348744597765,7.288802845765313],[80.5135820340814,7.288706059584428],[80.51375902822764,7.288462615347562],[80.51384322308066,7.288346811134303],[80.5139877365802,7.288151422173056],[80.51410701866368,7.288005347927431],[80.51414011409425,7.287964819345888],[80.51426525024958,7.287784446656679],[80.51432327927016,7.287659746984041],[80.5145970750755,7.287426217994036],[80.51487707593805,7.287275840712296],[80.51489938917359,7.287263858110116],[80.51498987556687,7.28717848960265],[80.51501492609503,7.287154857613478],[80.51518509191264,7.28704141778318],[80.51532410005468,7.28697240881962],[80.515330739387,7.286972447013946],[80.5154646391449,7.286896387871019],[80.5154664400372,7.286894042258803],[80.5155445363324,7.286792425312182],[80.51559333158711,7.286642898985358],[80.51552178929994,7.286547622601887],[80.51540459923166,7.286391555639265],[80.51538317710778,7.286363027178993],[80.5153249925075,7.286286324594236],[80.51520963966401,7.286096671242782],[80.5151910642935,7.286066128738979],[80.51525579971151,7.285993711109567],[80.51543554124319,7.28576310058505],[80.51550222089578,7.285564026378085],[80.5155084019671,7.285567163331037],[80.51526610306051,7.285322888684886],[80.51524553131394,7.285316415611197],[80.51523887960022,7.285329987080507],[80.5151932370069,7.285423115998035],[80.51516149262041,7.285512953153215],[80.51516125679238,7.285513572460567],[80.51514842442435,7.285549871675804],[80.51511392651238,7.285626195230081],[80.51508140816446,7.285698137700659],[80.51501252346097,7.285793319492512],[80.5149758423157,7.285837801473789],[80.51485346604558,7.285986201864145],[80.51479377190266,7.286049994450418],[80.51474825456383,7.286098636494803],[80.51469913727361,7.286144105986815],[80.51465482976384,7.286185121879604],[80.51464491343928,7.28619973772183],[80.51460742446802,7.286254995710202],[80.51460945863964,7.286336022803138],[80.51459806638218,7.286376674309464],[80.51457842101551,7.286446779418945],[80.51451594605588,7.286575153437137],[80.51448672658965,7.286624125005067],[80.51444351110042,7.286696558591789],[80.5144219756148,7.286761949402033],[80.51440869250578,7.286802285111694],[80.5143916134421,7.286854146600451],[80.51436167082241,7.286952153242694],[80.51431488413303,7.287043551470348],[80.51418538168046,7.287187168315879],[80.51414152667553,7.287220691409177],[80.51398906061804,7.287295296122343],[80.51391362648484,7.287309815161573],[80.51390428179289,7.287311613812305],[80.51375654904301,7.287346612081889],[80.5136470247795,7.287395924002315],[80.51359673705436,7.28743685944326],[80.51354826127333,7.287478247175074],[80.5134711398099,7.28756121591072],[80.5133623768102,7.287701135130028],[80.51331283310708,7.287879335997713],[80.51330973923396,7.287890463379846],[80.51326779839802,7.288056377458475],[80.51318400910739,7.288232848360357],[80.51316053550572,7.288263670319049],[80.51317193680646,7.288280768163463],[80.51317504115904,7.28828583493637],[80.51319647667763,7.288320800289727],[80.51326033266213,7.288424965410194],[80.5132718519598,7.288702410376114],[80.51327528036462,7.288723303435478],[80.51325702417907,7.288748019003473],[80.51322307140035,7.288793989073661],[80.51319139457908,7.288836778244869],[80.51313587923465,7.288911766400521],[80.51305647894225,7.289020867899994],[80.51291483888156,7.289099202414715],[80.51288661124346,7.28911481312333],[80.51274700921651,7.289183239486549],[80.51266991282388,7.289221029412889],[80.51260093349168,7.289324439831659],[80.5126041534017,7.289385868778875],[80.5126199107891,7.289686533122637],[80.51262009529194,7.289690059987513],[80.51262892124319,7.289774709117505],[80.51265379031601,7.289869765206781],[80.51265783681627,7.289885231944831],[80.51263753584989,7.289907916145181],[80.51262543212894,7.289916470063303],[80.51256224523821,7.289961135306742],[80.5125604334427,7.289961946308244],[80.51268846288487,7.290010222706651],[80.51275537531771,7.290037390619371],[80.51284674445489,7.290059509617627],[80.51293873994098,7.290091575322418],[80.51295712521726,7.29010180548968],[80.5129852748743,7.290117465315323],[80.5130076429065,7.290157739442328],[80.513053850942,7.290240943565591],[80.51307718503115,7.290294129800755],[80.51310804631981,7.290332941194618],[80.51319214477846,7.290394031986549],[80.5132173841724,7.290415030881236],[80.51319166723198,7.290518594967613],[80.51314078602402,7.290731487442417],[80.51311620839321,7.290856721847385],[80.51307950679237,7.29104372531584],[80.51293213196743,7.291201726815121],[80.51287790679476,7.291252012094456],[80.5127997917509,7.291324453178443],[80.5127988502558,7.291325327084491],[80.51263168471749,7.291424444514032],[80.51258617201779,7.291451430208705],[80.51248405458163,7.291530766960998],[80.5123224054808,7.291666678798495],[80.51226867811992,7.291703360051697],[80.51226496186948,7.291705436858797],[80.51207037519174,7.291763007324773],[80.51202657148815,7.291775967414736],[80.51202093365667,7.291777635258467],[80.5119584379725,7.291784379128831],[80.51187492658981,7.291799976420101],[80.51179439146678,7.291833658656386],[80.51173622810428,7.29187187726493],[80.51164523636396,7.291939134406249],[80.51164063630883,7.291942534580714],[80.51162554147386,7.291961252819327],[80.51160039550054,7.291992429090729],[80.51151007797206,7.292112877321414],[80.51150957584022,7.292113547110972],[80.51150641908296,7.292117506984782],[80.51142428993265,7.292220477228025],[80.51135940913925,7.29227415441433],[80.5113533485084,7.292278639789552],[80.51123219928756,7.292368304811342],[80.511136526535,7.292426938438539],[80.51109257048218,7.292447776576321],[80.51102718039762,7.292478779082328],[80.51093875648709,7.29253135632517],[80.5107642683473,7.292621860731234],[80.51072840349498,7.292634985415538],[80.51066607481282,7.292657793122924],[80.51048562853889,7.292720083482814],[80.51045709319128,7.292731731218341],[80.51043118102044,7.292745822095625],[80.50888290056834,7.292879016655808],[80.50826686582144,7.29322423125249],[80.50636967160939,7.293286286993527],[80.50631938471449,7.293731705090972],[80.50611923614814,7.293793031481236],[80.50534171333739,7.29425804959753],[80.50533941054448,7.294263536389255],[80.50521232314152,7.294470315162216],[80.50503380024817,7.294866065399235],[80.50501071610135,7.294901373340172],[80.50490064985873,7.295044472662989],[80.50488382682413,7.295061356614268],[80.50473477266335,7.295248906648112],[80.50473993966857,7.295260667409881],[80.50475466704351,7.295254217780311],[80.50478906249778,7.29526340258753],[80.50479598713346,7.295268111800866],[80.50481911589925,7.295277542133504],[80.50483208691395,7.295283552644254],[80.5048444929488,7.29528930056935],[80.50498469192466,7.295338495291884],[80.50499836063203,7.295345474717981],[80.50500976837537,7.295350127841039],[80.5050862351145,7.2954102081532],[80.5050930389396,7.295412510053729],[80.50510413645434,7.295423996752913],[80.50511271208197,7.295442330171453],[80.50513125939175,7.295503883166848],[80.50513316080844,7.295515231413959],[80.50513446084129,7.295544661602317],[80.50514365620504,7.295630268682207],[80.50514817821757,7.295648328378224],[80.5051504414775,7.295679941210711],[80.5052637355323,7.29589366268337],[80.50526820729928,7.295900415031348],[80.50527477707915,7.295918415366923],[80.50531456173003,7.295999208236719],[80.50532138823965,7.296001455889957],[80.50533024624428,7.296017130843866],[80.50534790478055,7.296050679964468],[80.50539856880103,7.296144343867035],[80.50540075875745,7.296148793412189],[80.50537754314392,7.296500423110364],[80.50528458553214,7.296923677317045],[80.50528084612229,7.296965616318304],[80.50528127262757,7.297003348321555],[80.50526391108282,7.297108298626855],[80.5052550341835,7.297199216636935],[80.50521860155209,7.297531791188145],[80.50521189498075,7.297610092857124],[80.505189602097,7.297758482569693],[80.50514546526047,7.29814287496173],[80.50515305563361,7.298209212333629],[80.50515002467984,7.298401127415598],[80.50516591277929,7.298995456461823],[80.50517648311971,7.299267360148268],[80.50517914818468,7.299448389111474],[80.50518446607853,7.299809708216709],[80.5051862549682,7.299896637437593],[80.5051794624753,7.300212222643148],[80.50517874653144,7.300240044681641],[80.50517686758589,7.300313152250209],[80.5051082892333,7.300546481768248],[80.50505318944779,7.300570445059609],[80.50503234425877,7.300579508951683],[80.50501289315032,7.300610717170725],[80.50494771122786,7.300703913602926],[80.50493238906665,7.300727683754219],[80.5049012661258,7.300772906057288],[80.50488831111842,7.300800166402837],[80.50488590016832,7.300815226903252],[80.50485698893462,7.300885906457347],[80.50487934635089,7.300893825252945],[80.50503545419085,7.300935940800233],[80.50516675251376,7.301012962583975],[80.505322722098,7.301057684131529],[80.50548302180879,7.301189657392686],[80.50553874808085,7.301357378905763],[80.50553947649506,7.301370519664455],[80.50548357608285,7.301556895851047],[80.50544409421956,7.301665923900032],[80.50549549908008,7.301799747106093],[80.50550139666973,7.301812158486086],[80.50554208914589,7.301897788957421],[80.50569469063842,7.302147667751972],[80.5058940672337,7.302183650702495],[80.50625591968537,7.302330448254667],[80.50642229983248,7.302308649339922],[80.50660256193406,7.302418931060071],[80.50680120671977,7.30255206439093],[80.50681525392712,7.302541433738029]]]]}},{"type":"Feature","properties":{"GND_N":"Kadawathgama","GND_NO":"204","GND_C":"470","PROVINCE_N":"CENTRAL","PROVINCE_C":"2","DISTRICT_N":"KANDY","DISTRICT_C":"1","DSD_N":"YATINUWARA","DSD_C":"36","Admin_Code":"2136470","GND_NO_Cen":"204","GND_NAME_C":"Kadawathgama","GND_NO_Gaz":"204","GND_NAME_G":"කඩවත්ගම","shape_1":"Polygon","Area__Ha_":100.550257855,"MWS_ID":"119-2","Alt_MWS":null,"Tot_Pop":2541.0,"Density":2527.09447235,"Area":1.00550257531},"geometry":{"type":"MultiPolygon","coordinates":[[[[80.5271638327816,7.253438772117794],[80.52564120775524,7.253376094949384],[80.5249484540739,7.253331397013528],[80.52450511830864,7.253199001774214],[80.52431222708657,7.253130893348724],[80.52429685417363,7.253131909392355],[80.52426829309381,7.253124959383994],[80.52423247162105,7.253125057069008],[80.5240468167877,7.253058998072296],[80.52364587011449,7.252967525177706],[80.5233286158804,7.252900854630664],[80.523146839064,7.252948130502868],[80.52261607033934,7.253130217957898],[80.52252542630723,7.253182249522131],[80.52247649885327,7.253218473721194],[80.52195820608102,7.253571114495629],[80.52191547086153,7.253599439430347],[80.52186419362005,7.25363834168118],[80.52119064471276,7.254065132958312],[80.52080925019965,7.254108858479465],[80.52080158209907,7.254112914467709],[80.52078693942839,7.254111661012159],[80.52076630226253,7.254120748456946],[80.52055442188116,7.254235642444748],[80.52054867311347,7.254242209842332],[80.52051988971196,7.254269730434759],[80.52034751410432,7.254425649274711],[80.51992117165908,7.254871684731407],[80.51948135788429,7.255037923057341],[80.51900839151429,7.255362671126167],[80.51897668511333,7.25535918065683],[80.5183563870513,7.255359950118205],[80.51833381028757,7.255331976385941],[80.51828278638783,7.255322717227419],[80.51822150302814,7.255313487501229],[80.51770794819622,7.255282242160073],[80.51768773256275,7.255276104931905],[80.51766437671675,7.255261377792243],[80.51762154023777,7.255258555497333],[80.51759308873312,7.255262676457291],[80.51745276673664,7.255132259972235],[80.5174388179727,7.255108398438137],[80.51727796981322,7.255073225382357],[80.51726003175318,7.255056010874389],[80.51722709172283,7.255049797642246],[80.51703878780945,7.254848678219596],[80.51702324204959,7.254811401399079],[80.51701866712735,7.254792208670644],[80.51701144547823,7.25478037813336],[80.51698720079764,7.254752286730673],[80.51685886526877,7.254622315498306],[80.51685419746137,7.254591389443252],[80.51684050431275,7.254568775065435],[80.51683368261702,7.254557512653342],[80.51647116815823,7.254545774720422],[80.51644346088379,7.254510786034019],[80.51615226917582,7.254257357027334],[80.51612741261665,7.254208390406502],[80.51608304693268,7.254189419942346],[80.51601676302082,7.254164599669269],[80.51597213133846,7.254156249122322],[80.51558283479675,7.253926794356197],[80.51555180679378,7.253909184326764],[80.51554279757566,7.253895762984886],[80.51507294103537,7.253754681124044],[80.51333687521324,7.253264991307486],[80.51331286312272,7.253253288449063],[80.51245905868568,7.252890723258279],[80.51205422587566,7.252812336723998],[80.51204282737737,7.252795065233846],[80.51202047470446,7.252778149995227],[80.5117650160731,7.252506876464694],[80.51174830467953,7.252467626524822],[80.51172068121365,7.252440393778442],[80.51141163609697,7.25195189452305],[80.51139512065843,7.251924524450062],[80.5113729724687,7.251897188168642],[80.51097652176496,7.250962293280412],[80.51077183968957,7.250419227694013],[80.51076211200717,7.250383560108029],[80.51028409800355,7.249413642352525],[80.51015569608474,7.249035543423746],[80.51014974701502,7.248980575792962],[80.51012309923586,7.248926999512901],[80.51003777026867,7.248552306037488],[80.51002052741207,7.248511811412119],[80.51001352045186,7.248471054205511],[80.50996389464046,7.248402001861574],[80.5098298747154,7.248215513104611],[80.50963621355912,7.247946034441683],[80.50944255353629,7.247676554797626],[80.50933011341444,7.247520095842054],[80.50907564584327,7.247839693516447],[80.50907000215797,7.247884477373542],[80.50906779581929,7.247901979671588],[80.50905436511638,7.247915983876554],[80.50885098326677,7.248343287114036],[80.50847588231045,7.249131360092873],[80.50844424359572,7.249236448012727],[80.5083697874373,7.249483754060957],[80.50807223052817,7.250472083883571],[80.50808944863765,7.250508305753298],[80.50813287777531,7.250573802554626],[80.50817568013447,7.250627271819214],[80.50820943476987,7.25066708084335],[80.50824410023064,7.250699565588781],[80.50827506447631,7.250710797146336],[80.5083260337811,7.250736057117066],[80.50839122922372,7.250756130277017],[80.50847551810365,7.250782084478806],[80.50856434089654,7.250805557229796],[80.50859880054344,7.250810928261155],[80.50861966684883,7.250814180651906],[80.50864583013939,7.25082929783832],[80.50874550124017,7.250885966489],[80.5087790844949,7.250907868462832],[80.50880750678725,7.250929861443524],[80.50884759454352,7.250979891813445],[80.50888450401901,7.251044752605726],[80.50890711085847,7.251100198471816],[80.50894919956433,7.251135580382958],[80.50899301005552,7.251168975656146],[80.50903436604058,7.251218375556517],[80.50905362753149,7.251264866898005],[80.50904520386645,7.251366094488926],[80.50903848755053,7.251446803657284],[80.50908684817685,7.251444117395048],[80.50911890074057,7.251451192479344],[80.50914560706264,7.25146540475545],[80.50918425108736,7.25150828939014],[80.50926105812042,7.251635841457182],[80.50938968331856,7.251891472551367],[80.50949169678415,7.252121584069086],[80.50952314066902,7.2522427784649],[80.50955665878726,7.252375550899288],[80.50960232714884,7.25248526815135],[80.50960371954885,7.252487469125709],[80.5096557975065,7.252569760967993],[80.50967020112071,7.252595446058363],[80.50974264167925,7.252724627744688],[80.50975395117378,7.252740640454391],[80.5097581640856,7.252746581450954],[80.50981502845572,7.252826765452567],[80.50985799425621,7.252910981700341],[80.5099039625989,7.252971233094886],[80.50993436066895,7.253021620316904],[80.50997381641527,7.253070476444482],[80.51003292088855,7.253120518768243],[80.51007926585714,7.253156356129171],[80.51009526045549,7.253162302217947],[80.5101024732414,7.253170367356701],[80.5102505748878,7.253302634447701],[80.51037409376197,7.253412947025065],[80.5104228604432,7.253439330429979],[80.5104556405526,7.253463047647434],[80.51049647425758,7.25349258963692],[80.51052243276419,7.253511371721298],[80.51058787249224,7.253569736319974],[80.51071016281244,7.25366430878434],[80.51093686339478,7.253843115186243],[80.51096487658955,7.2538652108904],[80.51103704240593,7.253883067707772],[80.51108803415151,7.253904907341165],[80.5111044854685,7.253911953288709],[80.51111019467497,7.253914400034966],[80.5112306343983,7.253942050515453],[80.5113135624644,7.253961088252633],[80.5113916182822,7.253972709698063],[80.5115331348793,7.254017102808954],[80.51158447216552,7.254035037830183],[80.5117254540999,7.254084776781144],[80.51185790265131,7.254131504834861],[80.5120299701252,7.25414048065701],[80.5120332201848,7.254140648938649],[80.51208700168924,7.254158586230443],[80.51215308579768,7.254197961631159],[80.51221031309515,7.254209659446869],[80.51221573117202,7.254211317462346],[80.51226136742979,7.254225274704007],[80.5123116295199,7.254240646238904],[80.51236885771348,7.254249269421856],[80.51246401764104,7.254279257875435],[80.51252467919062,7.254302985716328],[80.51256996941895,7.254335802768606],[80.51258288401075,7.254345159805048],[80.5126409118192,7.254378742951528],[80.51267974452983,7.254408064749889],[80.51270555017274,7.254412782076107],[80.51279001890667,7.254453434072701],[80.51300541280922,7.254532232916381],[80.51301306545946,7.254534628316544],[80.51310120766105,7.254562220703435],[80.51316045195497,7.254576736459279],[80.5132047932736,7.254587601062633],[80.5133068422457,7.254603394948225],[80.5133733940365,7.254618987405316],[80.51344030112699,7.25464497948753],[80.51356806131342,7.254680049745196],[80.51357754998976,7.254681773400169],[80.51363696853618,7.254692568912883],[80.51368912829483,7.254696396220799],[80.51371076749604,7.25470554304737],[80.51382266614351,7.254761222063688],[80.51389763104116,7.254790655069567],[80.5139660381544,7.254836441222012],[80.51412548069766,7.25494316089425],[80.51417335358353,7.254998350716546],[80.51423513054634,7.255054186087019],[80.51430450598589,7.255116889456181],[80.51435709458951,7.255162225129622],[80.51436035524277,7.255164447062271],[80.5143922176728,7.255186162264295],[80.51440742503999,7.255189676997638],[80.51449706385375,7.255210388273742],[80.51459978581353,7.255234123810055],[80.51496111599398,7.25533568651829],[80.51514623542002,7.255404318915035],[80.51528654479849,7.255462871499456],[80.51561312976034,7.255581438953995],[80.51562441288682,7.255585536475825],[80.5157281047492,7.255663024713808],[80.51579526084397,7.255713209293538],[80.51582711713657,7.255741062771522],[80.51583068179164,7.255743786753879],[80.51594898256543,7.255834182232966],[80.51596679265369,7.25584239985418],[80.5159760601295,7.255860348253671],[80.51607259121897,7.255862848799365],[80.51618807788907,7.255865839459935],[80.51622372765942,7.255805537752566],[80.51622726131514,7.255794439514138],[80.516240779298,7.255783040435968],[80.51634429513479,7.25569574538474],[80.51647717078028,7.255733749504086],[80.51648617994337,7.255736327387009],[80.51660205784401,7.255796096346248],[80.51661915312258,7.255806431400242],[80.5166792918074,7.255836252467187],[80.51681771515355,7.255898017387253],[80.5168408198416,7.255903805437353],[80.5168581340973,7.255908142396658],[80.5169772334604,7.255983421820445],[80.5170534270657,7.256048710450489],[80.51709467489304,7.256128015642968],[80.51709056814488,7.256143633244786],[80.51731318756877,7.256238279334688],[80.51741089421424,7.256291469811628],[80.51758770603243,7.256292793187649],[80.51765343933297,7.256292967180384],[80.51767533835938,7.256293023963253],[80.51772537767526,7.256302804412481],[80.51784099616265,7.256389237964594],[80.51796604988621,7.256422034777791],[80.51796872447034,7.256513459061457],[80.51812835742504,7.256676515274331],[80.51833967230841,7.256733886500791],[80.51841191435916,7.25672580150852],[80.51845509273994,7.256729605091591],[80.51846296055194,7.256729589664499],[80.51853171805527,7.256745046989055],[80.51858303632474,7.256744959462909],[80.51866603449031,7.256758502310818],[80.51867195826941,7.256764365525751],[80.51871990737597,7.256768084977868],[80.51881740941562,7.256742053072764],[80.51899017810825,7.256774976135504],[80.51900069907028,7.256776981501055],[80.51901247119015,7.25674777028729],[80.5190441011042,7.256702754143006],[80.51907925722819,7.25666759775152],[80.51912781705646,7.256635611280146],[80.51916214308771,7.256626950357706],[80.51918880379972,7.25662372444804],[80.51920380328006,7.256621909874752],[80.51934418431749,7.256598929720514],[80.51938222710767,7.256585115478486],[80.51943222677711,7.256564345802608],[80.51944426740448,7.256558225990899],[80.51946083459035,7.256549804586439],[80.51958114935326,7.256488648896836],[80.51972083072835,7.256420181107336],[80.51984087687696,7.25634550140952],[80.51991922283756,7.25628892118524],[80.52000735961072,7.256226725352462],[80.52002233234322,7.256209740223567],[80.52007154464364,7.256139957047186],[80.52007652873017,7.256134082822816],[80.52008604212789,7.256124230431453],[80.52014620722812,7.25606783614016],[80.52016115452203,7.256058982444801],[80.52016459564032,7.256057620703387],[80.52027845416134,7.256012567641058],[80.52043298208802,7.255954416996311],[80.52046687634451,7.255938872208081],[80.52052356393689,7.255912871190159],[80.5205631492586,7.255893541492821],[80.52060644286013,7.255882442092955],[80.52065109188678,7.255876589288268],[80.52068188080506,7.2558787769359],[80.52072905359766,7.255893996606535],[80.52083037751115,7.255915123774425],[80.5208673223713,7.25592102249694],[80.52095008052812,7.255944128652722],[80.52099218767835,7.255949306828889],[80.52103294209846,7.25594444743008],[80.52108792043859,7.255928742628733],[80.52121372309097,7.25590069052445],[80.52124460501945,7.255898536648422],[80.52128816381683,7.255898922829434],[80.521328194495,7.255904009378579],[80.52137464174446,7.255909914299264],[80.52140090422473,7.255911012390454],[80.521484944345,7.255907443262288],[80.52146867758898,7.256009709411531],[80.52140849830094,7.256318448419687],[80.52142967266471,7.256328506158121],[80.52151755123538,7.256317669523883],[80.52155637979781,7.25636859789666],[80.52168100435485,7.256396942497327],[80.52180517119193,7.256413129416202],[80.5219454023723,7.256422863181207],[80.52196199416016,7.25642053576647],[80.52203613282599,7.256410131729909],[80.5220807251234,7.256424741225334],[80.52213517789599,7.256493554474255],[80.52216205903618,7.256625164875261],[80.52213203277641,7.256759733940811],[80.52199748206512,7.257085760468174],[80.52199702088465,7.257086174378673],[80.52199703219418,7.257086999105399],[80.5219479610806,7.257221739250626],[80.52193208171389,7.257276097695044],[80.52189686871773,7.25739664448963],[80.52192151812483,7.257401491776334],[80.52228739267676,7.257544736764709],[80.52235786615373,7.257575445475354],[80.52244854842951,7.257634499865147],[80.5226097268626,7.257712994456927],[80.52275178638978,7.257794732887612],[80.52306518428374,7.257884051754205],[80.52328995208983,7.257969107897926],[80.52343170865832,7.258016427438969],[80.52348055777253,7.258014277092277],[80.52359163548527,7.25802747748966],[80.52360715865073,7.258025276023699],[80.52370097339097,7.258057198430274],[80.52382851104994,7.258035050750776],[80.5239962055218,7.258087781396378],[80.52450876846675,7.258437389342929],[80.52460458490161,7.258485296158599],[80.52472268206985,7.258439822939415],[80.52482480273679,7.258420284267676],[80.5250030351305,7.258414086327968],[80.5251084676645,7.258426988432623],[80.5252758293607,7.258510430227586],[80.5253836516742,7.258510490738555],[80.52557900903923,7.258499257859437],[80.52578972592029,7.258560624154899],[80.5259331939481,7.258541883031641],[80.52617155672425,7.258584108634551],[80.52622442172606,7.258612369970272],[80.52634121400455,7.258650188770644],[80.52648383796105,7.258659461284903],[80.52652822320272,7.258659391660512],[80.5265824849129,7.258659305761531],[80.52666144141526,7.258659181891414],[80.52675005018526,7.258678051782442],[80.52684364650044,7.258720836773763],[80.52687823075861,7.258739934675577],[80.5269375585941,7.258821691475887],[80.52702251817752,7.258913956733723],[80.52703778229825,7.259002315121322],[80.5270430499626,7.259086563406544],[80.52704310418791,7.259106498706215],[80.52717521900159,7.259156586196028],[80.52732309569915,7.259206876717953],[80.5275410348986,7.259288799989843],[80.52758977254406,7.259298573230132],[80.52761050194543,7.259298179461449],[80.52768967516306,7.259329091075359],[80.52770000196975,7.259343477797505],[80.52785750085205,7.259491003643797],[80.52796720766014,7.259622029679127],[80.52808835747786,7.259626319019804],[80.52810747999611,7.259629889701244],[80.52811066816487,7.259634015952115],[80.52828453088576,7.259785958156686],[80.5286394017684,7.260376332714841],[80.52877276892843,7.260399478658553],[80.52881483065461,7.260445626270606],[80.52882125939708,7.260455798618279],[80.52882805498584,7.260460861876548],[80.52890926661324,7.26050408733224],[80.52891611866349,7.260511892454588],[80.52904744990617,7.260563544331307],[80.52905466556678,7.260568849262989],[80.52913021526842,7.260620619934301],[80.52916559096057,7.260691688163164],[80.52916578343829,7.260705715754148],[80.52918019183612,7.260756659145559],[80.52924075466794,7.260780392891084],[80.52929742231477,7.260792865081781],[80.5293849880264,7.26076921376676],[80.52944325300638,7.260801889752813],[80.52953679096038,7.260879921039061],[80.52959722935272,7.260917693008447],[80.52964385562981,7.260953548488161],[80.52972072766951,7.260972037057519],[80.52979821755005,7.260993460400008],[80.52988419024088,7.261023174427621],[80.52995062924462,7.261080849614181],[80.53001474861588,7.26115256729671],[80.53013025655882,7.26125082961008],[80.53019449594174,7.261310120455978],[80.5302184496881,7.261312505422182],[80.53037445470576,7.261335473278348],[80.5306396368276,7.261431575699817],[80.5307082635662,7.261514949430632],[80.53074978115949,7.261566412046455],[80.53079118770208,7.261610591373842],[80.53085755715891,7.261659954077992],[80.5308624750772,7.261667410875252],[80.53096151293074,7.261714204033123],[80.53107852876117,7.261781267706623],[80.53119115216539,7.261833794179007],[80.53120110568855,7.261833767000576],[80.53121920802212,7.261856826457479],[80.53128986449718,7.261950044496253],[80.53132926733426,7.261996993467194],[80.53136131106744,7.262044236881231],[80.53140939296321,7.262105095033262],[80.53141481412676,7.2621130793028],[80.53153481601599,7.262171581666373],[80.53172267360718,7.262157287424397],[80.53173794306714,7.262157219693366],[80.5317799116766,7.262150315380141],[80.53181946119498,7.262143811268428],[80.5317709109238,7.262128411117991],[80.5317586629293,7.262010518275612],[80.53174515581742,7.261948529430071],[80.53176320495145,7.261879062759637],[80.53187386491477,7.261799518736202],[80.53185651307372,7.261688026487221],[80.53185668614628,7.261682808774411],[80.53184356608863,7.261584941166489],[80.53182572093301,7.261514934277683],[80.53180901130268,7.261426690999018],[80.53179521940633,7.261373882445262],[80.53178162452863,7.261321825469795],[80.53178227153849,7.261307662685127],[80.53178541995551,7.261237957385644],[80.53185144833135,7.261152705790447],[80.53186335474301,7.261143517289791],[80.53192826764597,7.261022568775852],[80.53196609717598,7.26098111346279],[80.53200882262432,7.26076140803947],[80.53247663095938,7.26048249249138],[80.53247970657397,7.260446845763727],[80.53251907942547,7.260371259359103],[80.53262288092628,7.260171986748811],[80.53262928331887,7.260140427429315],[80.53264063438355,7.260119781136837],[80.53274793180516,7.259869256494841],[80.53372515413626,7.257037877646336],[80.5336069410156,7.256991042302053],[80.53355645587253,7.256999464185112],[80.53323245189657,7.256963856788311],[80.53322761919274,7.256962998734036],[80.5331840189729,7.256946716088289],[80.53282983707157,7.256846987367855],[80.53127793542673,7.25663102884229],[80.53077258567279,7.256521933408738],[80.53034559072158,7.25627483948925],[80.53032597001135,7.256268367643698],[80.53028012490434,7.256255600328102],[80.52978631299361,7.256083503923143],[80.52978045434524,7.25607585217995],[80.52907969504523,7.255272995220237],[80.52892516774038,7.254972521872127],[80.5289180100241,7.25495082473969],[80.52890589608636,7.254924008382615],[80.52888889470444,7.254892162363572],[80.52886072698749,7.254842810262366],[80.52859295181592,7.254523242312502],[80.5285804872929,7.254519884181941],[80.52815204318706,7.254293734676148],[80.52776305619004,7.254031033796934],[80.52737193196845,7.253736269498546],[80.52726407396645,7.253593967741142],[80.5271638327816,7.253438772117794]]]]}},{"type":"Feature","properties":{"GND_N":"Kadugannawa Town","GND_NO":"205","GND_C":"475","PROVINCE_N":"CENTRAL","PROVINCE_C":"2","DISTRICT_N":"KANDY","DISTRICT_C":"1","DSD_N":"YATINUWARA","DSD_C":"36","Admin_Code":"2136475","GND_NO_Cen":"205","GND_NAME_C":"Kadugannawa Town","GND_NO_Gaz":"205","GND_NAME_G":"කඩුගන්නa","shape_1":"Polygon","Area__Ha_":21.8287623992,"MWS_ID":"119-2","Alt_MWS":null,"Tot_Pop":1050.0,"Density":4810.16735713,"Area":0.21828762329},"geometry":{"type":"MultiPolygon","coordinates":[[[[80.53196458333683,7.26248313453904],[80.53210600378156,7.262387504173413],[80.53204642413112,7.262239511585928],[80.53197393302236,7.262031650149222],[80.53183157728716,7.26208181723991],[80.53181946119498,7.262143811268428],[80.5317799116766,7.262150315380141],[80.53173794306714,7.262157219693366],[80.53172267360718,7.262157287424397],[80.53153481601599,7.262171581666373],[80.53141481412676,7.2621130793028],[80.53140939296321,7.262105095033262],[80.53136131106744,7.262044236881231],[80.53132926733426,7.261996993467194],[80.53128986449718,7.261950044496253],[80.53121920802212,7.261856826457479],[80.53120110568855,7.261833767000576],[80.53119115216539,7.261833794179007],[80.53107852876117,7.261781267706623],[80.53096151293074,7.261714204033123],[80.5308624750772,7.261667410875252],[80.53085755715891,7.261659954077992],[80.53079118770208,7.261610591373842],[80.53074978115949,7.261566412046455],[80.5307082635662,7.261514949430632],[80.5306396368276,7.261431575699817],[80.53037445470576,7.261335473278348],[80.5302184496881,7.261312505422182],[80.53019449594174,7.261310120455978],[80.53013025655882,7.26125082961008],[80.53001474861588,7.26115256729671],[80.52995062924462,7.261080849614181],[80.52988419024088,7.261023174427621],[80.52979821755005,7.260993460400008],[80.52972072766951,7.260972037057519],[80.52964385562981,7.260953548488161],[80.52959722935272,7.260917693008447],[80.52953679096038,7.260879921039061],[80.52944325300638,7.260801889752813],[80.5293849880264,7.26076921376676],[80.52929742231477,7.260792865081781],[80.52924075466794,7.260780392891084],[80.52918019183612,7.260756659145559],[80.52916578343829,7.260705715754148],[80.52916559096057,7.260691688163164],[80.52913021526842,7.260620619934301],[80.52905466556678,7.260568849262989],[80.52904744990617,7.260563544331307],[80.52891611866349,7.260511892454588],[80.52890926661324,7.26050408733224],[80.52882805498584,7.260460861876548],[80.52882125939708,7.260455798618279],[80.52881483065461,7.260445626270606],[80.52877276892843,7.260399478658553],[80.5286394017684,7.260376332714841],[80.52828453088576,7.259785958156686],[80.52811066816487,7.259634015952115],[80.52810747999611,7.259629889701244],[80.52808835747786,7.259626319019804],[80.52796720766014,7.259622029679127],[80.52785750085205,7.259491003643797],[80.52770000196975,7.259343477797505],[80.52768967516306,7.259329091075359],[80.52761050194543,7.259298179461449],[80.52758977254406,7.259298573230132],[80.5275410348986,7.259288799989843],[80.52732309569915,7.259206876717953],[80.52717521900159,7.259156586196028],[80.52704310418791,7.259106498706215],[80.5270430499626,7.259086563406544],[80.52703778229825,7.259002315121322],[80.52702251817752,7.258913956733723],[80.5269375585941,7.258821691475887],[80.52687823075861,7.258739934675577],[80.52684364650044,7.258720836773763],[80.52675005018526,7.258678051782442],[80.52666144141526,7.258659181891414],[80.5265824849129,7.258659305761531],[80.52652822320272,7.258659391660512],[80.52648383796105,7.258659461284903],[80.52634121400455,7.258650188770644],[80.52622442172606,7.258612369970272],[80.52617155672425,7.258584108634551],[80.5259331939481,7.258541883031641],[80.52578972592029,7.258560624154899],[80.52557900903923,7.258499257859437],[80.5253836516742,7.258510490738555],[80.5252758293607,7.258510430227586],[80.5251084676645,7.258426988432623],[80.5250030351305,7.258414086327968],[80.52482480273679,7.258420284267676],[80.52472268206985,7.258439822939415],[80.52460458490161,7.258485296158599],[80.52450876846675,7.258437389342929],[80.5239962055218,7.258087781396378],[80.52382851104994,7.258035050750776],[80.52370097339097,7.258057198430274],[80.52360715865073,7.258025276023699],[80.52359163548527,7.25802747748966],[80.52348055777253,7.258014277092277],[80.52343170865832,7.258016427438969],[80.52328995208983,7.257969107897926],[80.52306518428374,7.257884051754205],[80.52275178638978,7.257794732887612],[80.5226097268626,7.257712994456927],[80.52244854842951,7.257634499865147],[80.52235786615373,7.257575445475354],[80.52228739267676,7.257544736764709],[80.52192151812483,7.257401491776334],[80.52189686871773,7.25739664448963],[80.52193208171389,7.257276097695044],[80.5219479610806,7.257221739250626],[80.52199703219418,7.257086999105399],[80.52199702088465,7.257086174378673],[80.52199748206512,7.257085760468174],[80.52213203277641,7.256759733940811],[80.52216205903618,7.256625164875261],[80.52213517789599,7.256493554474255],[80.5220807251234,7.256424741225334],[80.52203613282599,7.256410131729909],[80.52196199416016,7.25642053576647],[80.5219454023723,7.256422863181207],[80.52180517119193,7.256413129416202],[80.52168100435485,7.256396942497327],[80.52155637979781,7.25636859789666],[80.52151755123538,7.256317669523883],[80.52142967266471,7.256328506158121],[80.52140849830094,7.256318448419687],[80.52146867758898,7.256009709411531],[80.521484944345,7.255907443262288],[80.52140090422473,7.255911012390454],[80.52137464174446,7.255909914299264],[80.521328194495,7.255904009378579],[80.52128816381683,7.255898922829434],[80.52124460501945,7.255898536648422],[80.52121372309097,7.25590069052445],[80.52108792043859,7.255928742628733],[80.52103294209846,7.25594444743008],[80.52099218767835,7.255949306828889],[80.52095008052812,7.255944128652722],[80.5208673223713,7.25592102249694],[80.52083037751115,7.255915123774425],[80.52072905359766,7.255893996606535],[80.52068188080506,7.2558787769359],[80.52065109188678,7.255876589288268],[80.52060644286013,7.255882442092955],[80.5205631492586,7.255893541492821],[80.52052356393689,7.255912871190159],[80.52046687634451,7.255938872208081],[80.52043298208802,7.255954416996311],[80.52027845416134,7.256012567641058],[80.52016459564032,7.256057620703387],[80.52016115452203,7.256058982444801],[80.52014620722812,7.25606783614016],[80.52008604212789,7.256124230431453],[80.52007652873017,7.256134082822816],[80.52007154464364,7.256139957047186],[80.52002233234322,7.256209740223567],[80.52000735961072,7.256226725352462],[80.51991922283756,7.25628892118524],[80.51984087687696,7.25634550140952],[80.51972083072835,7.256420181107336],[80.51958114935326,7.256488648896836],[80.51946083459035,7.256549804586439],[80.51944426740448,7.256558225990899],[80.51943222677711,7.256564345802608],[80.51938222710767,7.256585115478486],[80.51934418431749,7.256598929720514],[80.51920380328006,7.256621909874752],[80.51918880379972,7.25662372444804],[80.51916214308771,7.256626950357706],[80.51912781705646,7.256635611280146],[80.51907925722819,7.25666759775152],[80.5190441011042,7.256702754143006],[80.51901247119015,7.25674777028729],[80.51900069907028,7.256776981501055],[80.51899017810825,7.256774976135504],[80.51881740941562,7.256742053072764],[80.51871990737597,7.256768084977868],[80.51867195826941,7.256764365525751],[80.51866603449031,7.256758502310818],[80.51858303632474,7.256744959462909],[80.51853171805527,7.256745046989055],[80.51846296055194,7.256729589664499],[80.51845509273994,7.256729605091591],[80.51841191435916,7.25672580150852],[80.51833967230841,7.256733886500791],[80.51812835742504,7.256676515274331],[80.51796872447034,7.256513459061457],[80.51796604988621,7.256422034777791],[80.51784099616265,7.256389237964594],[80.51772537767526,7.256302804412481],[80.51767533835938,7.256293023963253],[80.51765343933297,7.256292967180384],[80.51758770603243,7.256292793187649],[80.51741089421424,7.256291469811628],[80.51731318756877,7.256238279334688],[80.51709056814488,7.256143633244786],[80.51709467489304,7.256128015642968],[80.5170534270657,7.256048710450489],[80.5169772334604,7.255983421820445],[80.5168581340973,7.255908142396658],[80.5168408198416,7.255903805437353],[80.51681771515355,7.255898017387253],[80.5166792918074,7.255836252467187],[80.51661915312258,7.255806431400242],[80.51660205784401,7.255796096346248],[80.51648617994337,7.255736327387009],[80.51647717078028,7.255733749504086],[80.51634429513479,7.25569574538474],[80.516240779298,7.255783040435968],[80.51622726131514,7.255794439514138],[80.51622372765942,7.255805537752566],[80.51618807788907,7.255865839459935],[80.51607259121897,7.255862848799365],[80.5159760601295,7.255860348253671],[80.51596679265369,7.25584239985418],[80.51594898256543,7.255834182232966],[80.51583068179164,7.255743786753879],[80.51588821923517,7.255893843743189],[80.5160323531934,7.256169816931283],[80.51615382882471,7.256303299473021],[80.51616771165439,7.256307881366567],[80.51624046598155,7.256327034477107],[80.51646238976586,7.256385453486606],[80.5164898630844,7.256399084321274],[80.51665274237975,7.25653305794396],[80.51672407768349,7.256591733430485],[80.51679253045806,7.256614139469866],[80.51704348220358,7.25666969459982],[80.51716175767713,7.256710209568434],[80.51763263518134,7.256871508263724],[80.51806407692709,7.257002934069258],[80.51831252902242,7.257078617675536],[80.51879151753019,7.25721025700464],[80.5187974582121,7.257211889919511],[80.51881931224426,7.257217896002759],[80.51888187936797,7.257233032357769],[80.51887483145575,7.257249961350674],[80.5188733632916,7.257253488186586],[80.5188315491827,7.257353909428766],[80.51882647772673,7.2573557142456],[80.51887400915844,7.25737581752599],[80.5189622766187,7.257426870898099],[80.5190323720082,7.257465887692264],[80.51905968791132,7.257481092670155],[80.51929872393859,7.257560187759116],[80.51936219067831,7.257581188934721],[80.5195284070654,7.257672797067468],[80.51972072281465,7.257729244488466],[80.52016355253417,7.257901536411663],[80.52023762853635,7.257930358400576],[80.5202256838012,7.257949416989384],[80.52021572116408,7.257949710692949],[80.52005539778396,7.257977150699342],[80.52004234315258,7.258096338012638],[80.52003895026147,7.258135659517853],[80.52004031818949,7.258150816332819],[80.52003264215728,7.258154351424387],[80.52004257976303,7.258175888380935],[80.52004368130788,7.258188088893709],[80.52004551810582,7.258208451115435],[80.52005807942587,7.258308035034222],[80.52008124769155,7.258326593463693],[80.52022268108786,7.258382838337647],[80.52023322517311,7.258382465383932],[80.52026132462105,7.258381472035031],[80.5203061054872,7.258407157662489],[80.52033649021125,7.258424585253909],[80.52034279199128,7.25844589317545],[80.52031490784775,7.258488920253781],[80.52025278960365,7.258638816105524],[80.52024134297679,7.258660991187075],[80.52023867034485,7.258666167692768],[80.5201943144294,7.258752092625901],[80.52016303956725,7.258808142391347],[80.52011118673377,7.258901073206603],[80.52000940421023,7.259049050317799],[80.51990791061333,7.259166460469983],[80.51982749272706,7.25923157607488],[80.5198926570813,7.259196160771279],[80.51989821192652,7.259193141743464],[80.51995917613523,7.259157665278098],[80.52004213462314,7.259109390024443],[80.52023191922099,7.258998949344454],[80.52039626099358,7.258856360896966],[80.52080232783767,7.258667014285773],[80.52098364805558,7.258706420729105],[80.52114229957857,7.258729383255756],[80.52116875568049,7.258546302987668],[80.52126980097225,7.258461890137708],[80.52129424791292,7.258429162836232],[80.5214297725829,7.25835815112467],[80.52148665912753,7.258374931571317],[80.52162361712325,7.258415328383323],[80.52173816802797,7.258449116637045],[80.52182743499829,7.258493568648572],[80.52188563906564,7.258539630069381],[80.52194670838647,7.258643839488974],[80.52196242329259,7.258677584057398],[80.52195086686933,7.25869545827911],[80.52187936076339,7.258753554662991],[80.52187620446765,7.258766950982096],[80.52186544775918,7.258839466987955],[80.521867952918,7.258866371275215],[80.5218805861667,7.25895956270845],[80.52187722675416,7.258976645738935],[80.52194198557231,7.259032450123297],[80.52210066558864,7.259137215187675],[80.52225636442286,7.25922104492179],[80.52231921982525,7.259292859700413],[80.52231916108825,7.259397536752623],[80.52234906835574,7.259475313217936],[80.5224478350634,7.259600981869526],[80.52256759601478,7.259678810371841],[80.52267241203377,7.259699803463978],[80.52278323703649,7.259687901504537],[80.52286112725231,7.259658037132363],[80.5229152800156,7.259577749368876],[80.5229201431124,7.259553442727556],[80.52292806483338,7.259513838869071],[80.52292185671341,7.259478661803835],[80.52293110270452,7.259441785144716],[80.52293124821556,7.259429361971187],[80.52294052306048,7.259394323766984],[80.52294508670326,7.25938403629987],[80.52294749015252,7.259369498327695],[80.52295466835852,7.259329914852102],[80.52295477629552,7.259321520308004],[80.52295313684256,7.259275166852793],[80.52295321736258,7.259268834998579],[80.52296045806084,7.259204966617211],[80.52295801622414,7.259137618516396],[80.52296579803269,7.259124686866985],[80.52297357802861,7.259111757025032],[80.52297579222571,7.259105272630664],[80.52299581954534,7.259072925287503],[80.52301667828222,7.259051763677389],[80.52313039909957,7.258593193048259],[80.52323946486926,7.258617432092331],[80.52333868955384,7.25865618323843],[80.52363041703688,7.258770114617993],[80.52363792108818,7.258772893183034],[80.52399484621871,7.258905057819184],[80.52442826914002,7.259058758004885],[80.5246599309885,7.259183332462636],[80.52481140522603,7.259264788827896],[80.52520814307549,7.259439447693382],[80.52562940306642,7.259646855381065],[80.5261278496839,7.259903338129499],[80.52628333252552,7.259983343923369],[80.52668974258977,7.260192369308832],[80.52713652772925,7.260425654430984],[80.52724308911564,7.260476534516542],[80.52745575950976,7.260577660453117],[80.52778711228336,7.260755717607129],[80.528090145541,7.26088709721423],[80.52813049686125,7.260907915443775],[80.52838474557393,7.261039090033148],[80.5288182332259,7.261251656028523],[80.52895220668823,7.261320850065748],[80.52919612486704,7.261446828811032],[80.52921758177543,7.261457664953058],[80.52943093321005,7.261565418871991],[80.52958687614928,7.261644178597212],[80.53014152818515,7.261932462876581],[80.53017625829814,7.261950513437921],[80.53024620213273,7.261983271621632],[80.53038571410221,7.26204861231992],[80.53065990979734,7.262177030229876],[80.53070253422266,7.262199894087912],[80.53106342108326,7.262393467302124],[80.53108723714433,7.262406055356275],[80.53112466453524,7.262370064584035],[80.53116641089952,7.262352196486535],[80.53118579268373,7.262348860146199],[80.53123904462512,7.262344639608605],[80.53125548829621,7.262341903941597],[80.53126992858567,7.262339500878501],[80.53130552678897,7.262324961789873],[80.53131588920111,7.262319086727895],[80.5313279927235,7.262312223302469],[80.5314362706616,7.262372417636798],[80.53151105203266,7.262410890698005],[80.53156413354529,7.26240867757445],[80.5316259706585,7.262406100212092],[80.53164802013502,7.262537154987797],[80.53169615448392,7.262605012414341],[80.5318032118587,7.262629878657595],[80.53191182753415,7.262559669515682],[80.53196458333683,7.26248313453904]]]]}},{"type":"Feature","properties":{"GND_N":"Maligathenna1","GND_NO":"203","GND_C":"315","PROVINCE_N":"CENTRAL","PROVINCE_C":"2","DISTRICT_N":"KANDY","DISTRICT_C":"1","DSD_N":"YATINUWARA","DSD_C":"36","Admin_Code":"2136315","GND_NO_Cen":"203","GND_NAME_C":"Maligathenna","GND_NO_Gaz":"203","GND_NAME_G":"මාළිගාතhe","shape_1":"Polygon","Area__Ha_":56.8842155308,"MWS_ID":"119-2","Alt_MWS":null,"Tot_Pop":587.0,"Density":1031.92071196,"Area":0.56884215347},"geometry":{"type":"MultiPolygon","coordinates":[[[[80.52132174510857,7.270871680307834],[80.52126742597767,7.270839365400634],[80.5212482868054,7.270808419497936],[80.52123503334056,7.270786988313921],[80.52121629562197,7.270773233342315],[80.52121582121882,7.270772979871873],[80.52118978520177,7.270759025463327],[80.52118487911714,7.27075639662028],[80.52116739252786,7.270772302423477],[80.5211582426417,7.270776185754592],[80.52115344294614,7.270776001288797],[80.5211492776957,7.270774914690634],[80.52113524508037,7.270768487178835],[80.52109215206494,7.27074259999178],[80.52105385365616,7.270724311604651],[80.52103692116395,7.270721226551065],[80.52097425064137,7.270722185979382],[80.52088105627892,7.270734069301089],[80.52078958466792,7.270739082718068],[80.52070546407822,7.270718325959134],[80.52065944967337,7.270733855743364],[80.52060128942459,7.270769542708463],[80.52049140429266,7.270826450574644],[80.52042890145084,7.270852730366252],[80.5204276344504,7.27085119144006],[80.5203947820682,7.270812832464971],[80.520380029592,7.270796635392202],[80.52035214996269,7.270771118445237],[80.52025737228526,7.270700349713938],[80.52020387343876,7.270658993069887],[80.52016259118746,7.270632472906708],[80.52015634392852,7.270631363419835],[80.52012890633938,7.270626486407288],[80.51999413894117,7.270643954504555],[80.51991516366196,7.27065439879108],[80.51988999080876,7.270648325754656],[80.51986210916503,7.270626425065153],[80.51984148190355,7.27059114758138],[80.51983715077621,7.270563201418534],[80.51984450558871,7.27053083261613],[80.51987694928668,7.27048970450857],[80.51993148268835,7.270463329854723],[80.51996092959729,7.270438298358687],[80.51997126611298,7.270414791551826],[80.5199683027106,7.270373643412332],[80.51995655873172,7.270320736241571],[80.51988917334835,7.270175286103511],[80.51980311124748,7.270065185248806],[80.51969449365863,7.269963300722612],[80.51961068902095,7.269864954272387],[80.51954834328191,7.269775846514824],[80.51952241707356,7.269661257272407],[80.51952458005732,7.269518741131388],[80.5195140192416,7.269457242884426],[80.51946809783072,7.269309273714887],[80.51937283953721,7.26928661138257],[80.51934087840895,7.269275469497678],[80.51931679827626,7.269260625360621],[80.51928656212199,7.269235560973424],[80.51923642241265,7.269183173690187],[80.51913150206445,7.269108057449738],[80.51910048231953,7.269088208597024],[80.5190545533672,7.269058819077308],[80.51896121983606,7.268997546037222],[80.51885057824637,7.268951996126547],[80.51882689972577,7.268941238715088],[80.5187732593221,7.268916866354915],[80.51870600186571,7.268864198002237],[80.51865596279008,7.268789564080191],[80.5186228530721,7.268728143430046],[80.51858950878828,7.268598449050851],[80.51857343777108,7.268512529798186],[80.51855925909142,7.268470215061001],[80.51855174077073,7.268447770632338],[80.51849472926148,7.268373405827752],[80.51849267187787,7.268371502919214],[80.51842286116226,7.268306899054824],[80.51836184874834,7.268259387800311],[80.51822179374938,7.268183888745781],[80.5181431158826,7.268148396378978],[80.51808508712007,7.268107942120195],[80.518018290128,7.268027957803997],[80.5179954027369,7.26800054996318],[80.51795440802188,7.267948529473991],[80.517927053254,7.267927421137015],[80.51790362622648,7.267909344435013],[80.51785120647058,7.267880739647427],[80.51780006169494,7.267841283101014],[80.51774865351842,7.26778735672723],[80.51771282629285,7.267725844035313],[80.51771216988858,7.267716051018353],[80.51771049160443,7.267691027232385],[80.51772928096078,7.267617247233618],[80.51777770157113,7.267509482524665],[80.51781559822957,7.267439331510491],[80.51790079000412,7.26732435336167],[80.51795425741692,7.267261172492742],[80.5180155110873,7.267201524622623],[80.51812254809428,7.267056264886214],[80.5181919755273,7.266955835994164],[80.51824453886368,7.266888224416468],[80.51842711653835,7.266719314067805],[80.51849353160725,7.266660483834555],[80.51855488202739,7.266589711265051],[80.51861459644799,7.266529248563386],[80.51868390915016,7.266472497119116],[80.51872750122027,7.266414647706961],[80.51876802004479,7.266348113474693],[80.51882569158383,7.266218831593175],[80.51885688788563,7.26614135186021],[80.51889324412048,7.266070655480292],[80.51896530315372,7.26595711652971],[80.51901615141657,7.265882451257585],[80.51918361005212,7.265705665507001],[80.51925355750018,7.265643940686949],[80.519336633505,7.265588736048789],[80.5193969766465,7.265540210325367],[80.5194625489812,7.265526408986922],[80.51950222050482,7.265517931047157],[80.51952731479686,7.265500764493414],[80.51955650110807,7.265455657440929],[80.51963517275266,7.265341939446675],[80.51967485684585,7.265309680264413],[80.51976807714101,7.265250139746306],[80.51983258907994,7.265196189625308],[80.51994276053927,7.265109528803029],[80.51997168689249,7.265083561949992],[80.52006417508954,7.265000538137445],[80.52009925507355,7.26494096560373],[80.52012138604836,7.264879215438047],[80.52013557001072,7.264859520598456],[80.52015963199145,7.26482610680201],[80.52016806260887,7.264814403613193],[80.52022079709975,7.264763430061778],[80.52028296144427,7.264696908800347],[80.52030318580691,7.264654826939209],[80.52054818100207,7.264506692773602],[80.52063206192886,7.26439506193219],[80.52064056471872,7.26436778947065],[80.52072053618154,7.264207896719698],[80.52079337324611,7.264120064370343],[80.5208717605575,7.264087117902472],[80.52087519287954,7.264083798347326],[80.52088342808806,7.264127811566069],[80.52089293836349,7.264288961976183],[80.52089522484454,7.264407968921187],[80.52089442622656,7.264537645752853],[80.52085216207388,7.264812258250862],[80.52085213369101,7.264860908578497],[80.52087538780836,7.264896461500634],[80.52093758107864,7.264937369896345],[80.52103772743497,7.264960938925141],[80.52116442068257,7.264963993484867],[80.52125770658736,7.26494984846291],[80.52129618264885,7.264942935031415],[80.52141122409246,7.264922263226532],[80.52151882786144,7.264890130658911],[80.52163979127592,7.264878747456831],[80.52175765008622,7.264867658185674],[80.52190554359878,7.264856346090146],[80.52192419740537,7.264857892954386],[80.52195679450115,7.264866593402056],[80.52200740841802,7.26488389478267],[80.52201609989037,7.26488814895314],[80.52203387133088,7.26489667831026],[80.52203873405372,7.264899014125848],[80.52206199980832,7.264914037615348],[80.52215341698847,7.265002167506288],[80.52218971907679,7.265025157023522],[80.52222095660602,7.265035935673009],[80.52223743784225,7.265037514766713],[80.52225799320509,7.265039482277043],[80.5223169504373,7.265039244908279],[80.52236232490313,7.265031673302359],[80.52240145424774,7.265019307223331],[80.52251858326585,7.26496122548062],[80.52259648268958,7.264929529088439],[80.5227617091697,7.264852757011515],[80.52283462572775,7.2647954914669],[80.52289679518566,7.264746666053493],[80.5229657264815,7.264670965945021],[80.52296584518989,7.264670834888054],[80.52302936705098,7.264601962818255],[80.52312172287317,7.264469534651419],[80.52324801137291,7.264224631567858],[80.52332040840102,7.264155221824052],[80.52335349428778,7.264099534582731],[80.52342854095177,7.263988257277157],[80.52348185347611,7.263876063547227],[80.52353372220838,7.263752926993187],[80.52354921882052,7.263735391331634],[80.52356951076246,7.263724100713594],[80.52360917621036,7.26372285588665],[80.52362198457259,7.263725490912178],[80.523672652083,7.263735914041057],[80.52369999564614,7.263747955532788],[80.52371882275825,7.263765056353109],[80.523779168282,7.263869989480201],[80.52383457513159,7.263897782282875],[80.52384748820629,7.263897789468979],[80.52391119143991,7.263897825818682],[80.52398545620096,7.263887556317458],[80.5240478286747,7.263867233434731],[80.5240987693768,7.263850634419628],[80.52410798364524,7.263844679310287],[80.52425214419526,7.263751518107199],[80.52431270717474,7.263679277496656],[80.52434376210527,7.263642239302373],[80.52435463085192,7.263626638049398],[80.52440458791885,7.263554935922807],[80.52442034723052,7.263532318217864],[80.52443322105951,7.263529601617842],[80.52451878936215,7.263511540535259],[80.52466514288213,7.263480647698935],[80.52460639635233,7.26346550428173],[80.5245343202802,7.263446927072811],[80.52445236105784,7.263448328460876],[80.52434187045252,7.263459842133821],[80.52433645349959,7.263460758797069],[80.52427126983116,7.263471786684055],[80.52426515911633,7.263472821424153],[80.52415666391269,7.263480446772022],[80.52402680589464,7.26346771440214],[80.52393625393599,7.263451839720672],[80.5239164502882,7.263397932510737],[80.52392197574245,7.263335639361492],[80.52183782042204,7.262974057121245],[80.52167869143784,7.262913354532332],[80.5216442556344,7.26290870881528],[80.52150561761259,7.262872573890846],[80.52132956326318,7.262825730901534],[80.521136910091,7.262804575957942],[80.52097771923297,7.262788003758406],[80.52095373527864,7.262805422421188],[80.52089872288954,7.262823793929877],[80.52088664913985,7.262822547340311],[80.52087760265769,7.262821611724676],[80.5207200970052,7.262773217219965],[80.52068480532647,7.262733485980908],[80.5207110592045,7.262607835852747],[80.52067428332069,7.262430136783424],[80.52066540012714,7.262412693289023],[80.52058290578523,7.262375826488817],[80.52052923793256,7.262362738171963],[80.5205025956611,7.262358387947058],[80.52049127287314,7.262358387893904],[80.5202646860009,7.262332433334813],[80.52024965747627,7.262332432088918],[80.51997625589655,7.262329500627188],[80.51996136443027,7.262328949635799],[80.51982376581542,7.262376868418839],[80.5198077428377,7.262389817956629],[80.51973536711746,7.262442011117716],[80.51940982168792,7.263056166479286],[80.5193450998508,7.263180381313626],[80.51933051063544,7.263226409066075],[80.5191804068834,7.263346333443339],[80.51883050512313,7.263418556635987],[80.51864815977794,7.26334440465989],[80.5183569529577,7.263286636300447],[80.51818229622447,7.26332857778984],[80.5178622358702,7.263353343363843],[80.51766657795184,7.26341126520108],[80.5174891923704,7.263424974485477],[80.51721884584406,7.263491411790678],[80.51709346902292,7.263597231672644],[80.51687265513513,7.26371006585082],[80.5168569458701,7.263726877715595],[80.51684510592678,7.263739547394647],[80.51673506315981,7.263822492678451],[80.51655558530283,7.263915307481751],[80.51613853977491,7.264132814424275],[80.51613540340242,7.264141119506949],[80.51610721051945,7.264190568437669],[80.51608347290485,7.264209093835097],[80.51603563506363,7.264246774713632],[80.51596758255482,7.264321611537594],[80.51591519450116,7.264396186052627],[80.51586623600252,7.264480147334002],[80.5158576078897,7.264494944833712],[80.51584113216484,7.264523198302533],[80.5157932671241,7.264598577510611],[80.51578212435552,7.264616124438868],[80.51573570195472,7.264710327430116],[80.51568744759678,7.264842055918795],[80.51568663508691,7.264843935487394],[80.51566368983593,7.264897023582757],[80.5156036120231,7.264959203851443],[80.51541688929997,7.265093202973318],[80.51539766400185,7.265076083503348],[80.51530241189465,7.265178028081976],[80.51537588278364,7.265216436999018],[80.51539797081789,7.265231822768973],[80.51542695046817,7.26523165767342],[80.5154684752028,7.265205398135499],[80.51547795497277,7.265199405378697],[80.51549807822529,7.265184273576892],[80.51550266875816,7.265204706114692],[80.5155179894173,7.265401838302291],[80.51551865322064,7.265411278649737],[80.51558959014586,7.265765650475332],[80.51559099511417,7.265783870172553],[80.51554057108899,7.266192980813304],[80.51554524544085,7.26631778474551],[80.51555240910912,7.266336167814153],[80.51557193766767,7.266496524617555],[80.51560048606243,7.26660206173851],[80.51571617811452,7.266635267130501],[80.51577851882608,7.266633591111992],[80.51587007688737,7.266626445489326],[80.5160107341746,7.266623212895461],[80.51601986856643,7.266683929081043],[80.51601963678075,7.26670743888441],[80.5160332602467,7.26685006985245],[80.51606200120378,7.26698945221433],[80.51606192401734,7.26700397700252],[80.5160955482423,7.267232752913153],[80.51601972772664,7.267504383987704],[80.51588136323836,7.267732354894633],[80.51578807058539,7.267835566690121],[80.51559225876599,7.268103170606055],[80.51539769699441,7.268255304458187],[80.51515931182067,7.268532058671902],[80.51501179169387,7.268772542197174],[80.51499070241931,7.268790025490567],[80.51481018501623,7.268939670397629],[80.51458352109167,7.269129452971749],[80.51436930963752,7.26942013601413],[80.51416700341012,7.269705746386705],[80.51394566783888,7.269932391769162],[80.5137905527151,7.270022063451216],[80.5135862184662,7.27004073547149],[80.51356688717117,7.270269601984062],[80.5135702933735,7.270331638771778],[80.51357038208373,7.270333266558826],[80.51358745420364,7.270407609714194],[80.51360549571692,7.270529609912411],[80.5136382808427,7.270682635155834],[80.5136786386685,7.27073926847321],[80.51372562073188,7.27077320685167],[80.51372915186867,7.270774565343658],[80.51378067045313,7.270794038487897],[80.51388252665332,7.27083931144558],[80.51396882045407,7.270859978479831],[80.51414502757748,7.27090647180253],[80.5142243390273,7.270941242697027],[80.51428717642551,7.270964881194354],[80.51435622010773,7.270841574005511],[80.51452213504811,7.270739236454162],[80.51480204805833,7.270666163489077],[80.51495537881733,7.270744623785196],[80.51509055023995,7.270782092604762],[80.51518764019661,7.270840064291797],[80.51530283877078,7.270918826243053],[80.51532659965575,7.27089675335886],[80.51538367241844,7.270863056818522],[80.51546231282728,7.270806944292027],[80.51554322363606,7.270739802434045],[80.51560890297148,7.270702131001027],[80.51567348706918,7.270680735382633],[80.51576347144177,7.27073893345849],[80.51590397922648,7.270815066545376],[80.51597767671912,7.270851642507488],[80.5159946238,7.270867071421182],[80.51606882511311,7.270934618046604],[80.5161177885593,7.270988000626719],[80.51620695334915,7.271057411439124],[80.5163020990531,7.271118686986255],[80.51637967422417,7.271180946261079],[80.51647534920895,7.271266819879425],[80.51654079608971,7.271320029197353],[80.51660552706139,7.271358318991943],[80.5167220314421,7.271442665380636],[80.51676819771602,7.271478412485689],[80.51680322389535,7.27151577823079],[80.51682819129962,7.271562636053671],[80.51682890257969,7.271587234263905],[80.51679174105925,7.271641108227265],[80.51675865294358,7.271696704494293],[80.51675597878094,7.271726408239114],[80.51675309406721,7.271758464845988],[80.51676012846131,7.271808204345644],[80.51677659793855,7.271830640361229],[80.51685307743084,7.271910353686931],[80.51692226241619,7.271989590781963],[80.51697162518025,7.272018208405486],[80.51698366295074,7.272032051953661],[80.51715217387901,7.27223344773985],[80.51723878173408,7.272335772430762],[80.5172970681454,7.27239992226739],[80.517338957238,7.272468945030058],[80.51736536247601,7.272537053739509],[80.51739711412804,7.272596394718407],[80.51743919222532,7.272656464128389],[80.5174950971714,7.272762841476658],[80.51750005065215,7.272774423838449],[80.51752268183424,7.272827334564412],[80.51754192459295,7.272906382080573],[80.51753728564785,7.272941736568802],[80.51750998690136,7.273008909395944],[80.51744317217494,7.273131132283406],[80.51741225138822,7.273195861430091],[80.51736910882259,7.273256424724778],[80.51732769414495,7.273301255126518],[80.51726641840548,7.273396169549876],[80.51722544386121,7.27346622919433],[80.51720632520363,7.273491408378463],[80.51715701727355,7.273556347638269],[80.5171238399479,7.273606246797562],[80.51711947615492,7.273633913097555],[80.51714739790219,7.273742265740367],[80.51717471209902,7.273806214304952],[80.51722375688358,7.273885911883078],[80.51722854500763,7.273893692485426],[80.51724011541084,7.273909322652608],[80.5172575081196,7.273932817208261],[80.51732858205776,7.274028826432128],[80.51749249573345,7.274033067207484],[80.51819292955317,7.274051191028431],[80.51834885367732,7.274149209853789],[80.51848243612318,7.274227961605813],[80.51863171873141,7.274133448850841],[80.51863203518138,7.274126422637186],[80.51883937289705,7.273838359797959],[80.5189336170818,7.273690621241384],[80.51894604284134,7.273670598103242],[80.51908462630153,7.27356297131291],[80.51910827070863,7.273562496414534],[80.51916734731144,7.273561310952322],[80.51952681189505,7.273556562879582],[80.51981344461186,7.273373788485389],[80.5198847905064,7.273280287390085],[80.5199012574847,7.273262817534889],[80.51990052110465,7.27325183261174],[80.51990478889144,7.273236642822237],[80.5199476760943,7.273148317184616],[80.5200033584731,7.273014423069624],[80.52002759124908,7.272925001712796],[80.52005109011056,7.272848965356712],[80.52008625415873,7.272803588581527],[80.52013553205684,7.2727795612135],[80.52016319581865,7.272765911101539],[80.52016805405268,7.272763513841022],[80.52018037492542,7.272757433975952],[80.52022096886445,7.272706062954687],[80.52022897477411,7.272697769641176],[80.52023240489987,7.2726872672548],[80.52026158970362,7.272637570871678],[80.52031378096643,7.272589581233819],[80.52035864187344,7.272532365418725],[80.52039354399486,7.272471255493497],[80.5204026440694,7.27245945321418],[80.52043215292407,7.272421179188936],[80.52044126813466,7.272406633277273],[80.52044575412133,7.272399490951983],[80.52046336249633,7.272323803015492],[80.52046771681908,7.272310875821508],[80.5204758149839,7.272296373645385],[80.5204979056645,7.272256814941174],[80.52052076325403,7.272193527889776],[80.52056263359836,7.272094925166311],[80.52058508808737,7.272033378656773],[80.52060675824436,7.271989532432002],[80.52066294297279,7.271922736508055],[80.52066621751868,7.271919877156364],[80.520739324869,7.271856043300691],[80.52079821020992,7.271819542864526],[80.52083435746262,7.27180165723787],[80.5209144174422,7.271793564583938],[80.52094861507011,7.27178816077907],[80.52103188834697,7.271775002228675],[80.52109656439032,7.271747817475288],[80.52115409797945,7.271701008136771],[80.52120510161956,7.271670923724334],[80.52126453960183,7.271619502618534],[80.52130992732367,7.271592851365842],[80.52134055610006,7.271558144457155],[80.52143652353752,7.271448506177075],[80.5214401869351,7.271375985340897],[80.52143875207854,7.271349305932412],[80.52146178864982,7.27129271073141],[80.52144116314618,7.271250828324064],[80.5214404311059,7.271244930984669],[80.52141997734665,7.271079995408043],[80.52141704379353,7.271048307153607],[80.52141277713338,7.271002221724003],[80.5214013114291,7.270938914410103],[80.52140123450526,7.270938818511236],[80.52138674130947,7.270920460343377],[80.52134555579917,7.270882817473091],[80.52132503436773,7.270873219464989],[80.52132174510857,7.270871680307834]]]]}},{"type":"Feature","properties":{"GND_N":"Doluwa West","GND_NO":"214","GND_C":"150","PROVINCE_N":"CENTRAL","PROVINCE_C":"2","DISTRICT_N":"KANDY","DISTRICT_C":"1","DSD_N":"YATINUWARA","DSD_C":"36","Admin_Code":"2136150","GND_NO_Cen":"214","GND_NAME_C":"Doluwa West","GND_NO_Gaz":"214","GND_NAME_G":"දොළුව බටe","shape_1":"Polygon","Area__Ha_":43.838964192,"MWS_ID":"119-2","Alt_MWS":null,"Tot_Pop":871.0,"Density":1986.81702195,"Area":0.4383896405},"geometry":{"type":"MultiPolygon","coordinates":[[[[80.5176714219077,7.297593727767428],[80.51788619979249,7.297482565232273],[80.5181065405866,7.297487667593703],[80.51825932810523,7.297492448212552],[80.51846061144244,7.297418883775139],[80.5186373190154,7.297288672732052],[80.51884181619718,7.297164856367144],[80.51902740305651,7.297059562698843],[80.51916611422773,7.297026661075643],[80.51918922928137,7.297021179726338],[80.51922388617089,7.297015851441222],[80.51926678099878,7.296999559624393],[80.51936832193475,7.296960996684238],[80.51937410142597,7.296955570573153],[80.51953009765042,7.296879257042706],[80.51969755323371,7.296742708417483],[80.5198642712817,7.296600176478583],[80.51993676083053,7.296509001191569],[80.51991553093218,7.296276725891959],[80.51988589726317,7.296119295384698],[80.51985632340113,7.295902990654112],[80.51988166696415,7.295750074855418],[80.51995763003652,7.29557701562646],[80.5200840463748,7.295335226774359],[80.52021826966278,7.294852540285276],[80.52024326905548,7.294775785060282],[80.52024136715691,7.294775767705052],[80.52018729647533,7.29477953420097],[80.52016438493675,7.294774547578919],[80.52015533680269,7.294761064806126],[80.52009869163635,7.294676664487107],[80.52006003666982,7.294644901739807],[80.52000833281632,7.294629046311281],[80.51992528132621,7.294631711179713],[80.51988353537101,7.294623729675925],[80.5197982251147,7.294616896311709],[80.51977114281183,7.294616971365672],[80.51974749611894,7.29463224146318],[80.51971050789805,7.294652449583233],[80.51968978786199,7.294663768657369],[80.51963978399976,7.294682819113111],[80.51948548202189,7.294702206373251],[80.51940981779256,7.294711714543526],[80.5193364532965,7.294720804415205],[80.51925892036324,7.294732425743566],[80.5192370826897,7.294750137540222],[80.51923145468288,7.294772652237302],[80.51922136958966,7.294828982392474],[80.51919334653797,7.294895251414948],[80.51916179312394,7.294948913430395],[80.51897219861235,7.29484031155158],[80.51885809792087,7.294776515318024],[80.51865832201383,7.294721745733375],[80.5185713808941,7.294646426991467],[80.51837370666341,7.29428564258958],[80.51825539994883,7.294174976811411],[80.51817104144182,7.294087935261608],[80.51816782957239,7.29408383334443],[80.51813683309564,7.294044237271606],[80.51805095114537,7.293930609404444],[80.51797167901019,7.293819786812577],[80.5179388209367,7.293788928788262],[80.5179327579857,7.293783319584941],[80.51793239406268,7.293783048087792],[80.5178392352172,7.293697749453283],[80.51783762216392,7.293696271813764],[80.51783232546839,7.293614790726052],[80.5178448070405,7.293489101494898],[80.51784644572645,7.29347273465747],[80.51785269584632,7.293458341824817],[80.51788680397416,7.293379795107837],[80.51792946041992,7.293225908157046],[80.51792838717958,7.293202261986556],[80.51792472113553,7.293121550482513],[80.51791902822099,7.292944484977522],[80.51791147860249,7.292690192352151],[80.51790928836058,7.29256286608502],[80.51790000727576,7.292494643327009],[80.51789945894554,7.292490607136064],[80.51780569795908,7.291870358608413],[80.51761591070773,7.29152920617009],[80.51749601436893,7.291412531151672],[80.51737404434814,7.291215073159918],[80.51713025120512,7.290918032848955],[80.51706443502106,7.290815452351957],[80.51692914690302,7.290649079052936],[80.51687243544829,7.290507118906477],[80.516747022312,7.290369944642831],[80.5166454602127,7.290258853119359],[80.51657832512319,7.290208948001957],[80.51664809345078,7.290135394580735],[80.51676189388024,7.290060626636813],[80.51696519913092,7.289914661355978],[80.51697652765807,7.289909029562184],[80.51713271875393,7.289798862709684],[80.51735250378064,7.289659703388057],[80.51753504910215,7.289630525860031],[80.51755505974955,7.289633531440138],[80.51756937094486,7.289633612878232],[80.51757795385703,7.289633663909021],[80.51771555232938,7.289618382238079],[80.51797630405711,7.289273179326232],[80.51779249664939,7.289110854222598],[80.5177694220854,7.288910613370822],[80.51783533097158,7.288715487453136],[80.51794277471453,7.288532067870179],[80.51796974796169,7.288287024178023],[80.51798729543945,7.287970249862123],[80.51819631348397,7.287682869619322],[80.51831747355553,7.287409806631985],[80.51819773295752,7.287174462783358],[80.51805158393111,7.286938518746203],[80.51803372886957,7.286891216519119],[80.51797369718518,7.286732179655427],[80.51796773657985,7.286714071316324],[80.51790157510437,7.286536713497777],[80.51786812614567,7.286450564598265],[80.51783221564473,7.286358074261937],[80.51780047389083,7.286278205773141],[80.51778729353597,7.2862409520462],[80.51777045483352,7.286193365536408],[80.51776159335255,7.286170662611018],[80.51769277710486,7.285994103548822],[80.51764253053132,7.285886808890433],[80.51763063395737,7.285861406708428],[80.5175821719174,7.285723471856717],[80.51758865088303,7.285639920306264],[80.517591661685,7.285601306727522],[80.51764534629788,7.285517132884956],[80.5176791022188,7.285464206485211],[80.51769065060658,7.285446097300524],[80.5177117334471,7.285325746483612],[80.51770869573726,7.285251775039908],[80.5177071402927,7.285244646479749],[80.51769151267945,7.285173033480495],[80.51767455273907,7.285095310286644],[80.51766648809031,7.284954440577854],[80.51766487139477,7.284926201162724],[80.51765428494483,7.284762468471738],[80.51765311346618,7.284744340258765],[80.51760755133019,7.284617614020904],[80.51769845630828,7.284561717118279],[80.51774887634502,7.284530493420992],[80.51777429065791,7.284514754180957],[80.51783134737853,7.284382215892331],[80.51788616746896,7.284347067328966],[80.51769571483646,7.283941000458566],[80.51760158757463,7.28397498440036],[80.51722903137251,7.284166420761982],[80.51689746803662,7.284265193459439],[80.51672123525074,7.284352915017242],[80.51662162688397,7.284520548924659],[80.5165796138811,7.284599031370782],[80.51654565713538,7.284662467315157],[80.51647233991397,7.284768353683444],[80.51640708261496,7.284874817088587],[80.51637823172318,7.284957387262431],[80.51637409510647,7.285044707438613],[80.51639156309604,7.285151933660891],[80.51629666131859,7.285204491136247],[80.51615559523876,7.285264226581392],[80.51601432201132,7.285317195006433],[80.51582914519742,7.285417705946449],[80.51577184642584,7.285423989465999],[80.51569101858043,7.285510628829787],[80.51565398356634,7.285583055255032],[80.51559802434016,7.285612651398547],[80.5155084019671,7.285567163331037],[80.51550222089578,7.285564026378085],[80.51543554124319,7.28576310058505],[80.51525579971151,7.285993711109567],[80.5151910642935,7.286066128738979],[80.51520963966401,7.286096671242782],[80.5153249925075,7.286286324594236],[80.51538317710778,7.286363027178993],[80.51540459923166,7.286391555639265],[80.51552178929994,7.286547622601887],[80.51559333158711,7.286642898985358],[80.5155445363324,7.286792425312182],[80.5154664400372,7.286894042258803],[80.5154646391449,7.286896387871019],[80.515330739387,7.286972447013946],[80.51532410005468,7.28697240881962],[80.51518509191264,7.28704141778318],[80.51501492609503,7.287154857613478],[80.51498987556687,7.28717848960265],[80.51489938917359,7.287263858110116],[80.51487707593805,7.287275840712296],[80.5145970750755,7.287426217994036],[80.51432327927016,7.287659746984041],[80.51426525024958,7.287784446656679],[80.51414011409425,7.287964819345888],[80.51410701866368,7.288005347927431],[80.5139877365802,7.288151422173056],[80.51384322308066,7.288346811134303],[80.51375902822764,7.288462615347562],[80.5135820340814,7.288706059584428],[80.51348744597765,7.288802845765313],[80.51335847383322,7.288916322431758],[80.51342513217483,7.288993859427443],[80.5134351636907,7.289005527975495],[80.5135167564766,7.289090653456343],[80.51368346488063,7.289175873583192],[80.51379093073571,7.289234354468822],[80.51399098293007,7.28940357589113],[80.51410101674763,7.289562707338475],[80.51415173672517,7.289646263031819],[80.51420886627923,7.289740375579664],[80.51422284124435,7.289757985818815],[80.5143464240725,7.289913719481879],[80.51441366885093,7.289990984485858],[80.514554365353,7.290102749339635],[80.51458113792583,7.290124015815331],[80.5147206238052,7.29025422667029],[80.51473676911047,7.290269690445153],[80.51475191964691,7.290284203227963],[80.5148286969867,7.29035774255942],[80.51489730045822,7.29043491785127],[80.51497034212518,7.29051603843325],[80.51498112252008,7.290528012129749],[80.51473536815654,7.290865636628224],[80.514643807054,7.291089461307733],[80.51466279831472,7.291096545710078],[80.51477406144002,7.291165698373432],[80.51483163872878,7.29120669813676],[80.51486681872939,7.291290275511684],[80.51490571006224,7.291381813746574],[80.51491694608899,7.291398359833027],[80.51501592306172,7.291544108319148],[80.51505148782353,7.291588983807436],[80.51518429617455,7.291679671091563],[80.51526731453583,7.291733254320312],[80.51532833942052,7.291762409725847],[80.51542042853865,7.291791672579588],[80.51547076918678,7.291817926241055],[80.51555494968149,7.29189167500477],[80.51563542720835,7.291955567495174],[80.51563587618406,7.291955971974802],[80.51583809865136,7.292112281421901],[80.51589705172744,7.292147250188104],[80.51599726934496,7.292212509530626],[80.51605231749564,7.292242293502922],[80.5161055441921,7.292284916531376],[80.51614436507252,7.292331215367208],[80.51615523100887,7.292344177483046],[80.51625771602279,7.292405547789993],[80.51631401315377,7.292468248856567],[80.51632702512286,7.292480340460807],[80.51635340117875,7.292504850321879],[80.51637438598107,7.29252435089335],[80.51641332212847,7.292540470673736],[80.51642898580988,7.292541713141715],[80.5164323891459,7.29254198457912],[80.51651085516829,7.29254821417677],[80.51657270321911,7.292563713201385],[80.51662250111225,7.292590690768865],[80.51663897221036,7.292613126795587],[80.5166515987874,7.292699946551765],[80.51665492159157,7.292747243188186],[80.51664843114733,7.292771578609977],[80.51663520609875,7.292821175312886],[80.5166329569954,7.292829611110544],[80.51661372646541,7.292880783264232],[80.51657819706226,7.29292652117308],[80.51655242436264,7.292978608329289],[80.51654464830384,7.292994323252321],[80.51652380953955,7.293162871305832],[80.51651952646871,7.293208717598962],[80.516518760362,7.29321013600033],[80.51649939736663,7.293245962153448],[80.51646393251673,7.293336733167343],[80.51645079878958,7.293394375443937],[80.51645076791918,7.293394510166395],[80.51636089037721,7.293454141162944],[80.51629293288931,7.293508721595607],[80.51623872627545,7.2935928804376],[80.51623818587,7.293593967091362],[80.51621542075108,7.293639889555037],[80.51609280340558,7.293779172007366],[80.51608347095096,7.293786218339725],[80.51605299675053,7.293803930432778],[80.51597357555865,7.293850088824954],[80.51590317327017,7.293906745859938],[80.51581185914003,7.293944491025614],[80.51572533794166,7.2939913759509],[80.51560086226658,7.29405650033134],[80.5155187708301,7.294115594873016],[80.51546131983353,7.294174826608208],[80.51545434020245,7.294182023494029],[80.51531615906285,7.294296965725961],[80.51527274672405,7.294346950066575],[80.51520079249548,7.294421422542693],[80.51512324745019,7.294457005207215],[80.5150427048294,7.294503168204794],[80.5150033225295,7.294529977723092],[80.51503409425138,7.294560029019978],[80.51525970107095,7.294839912652455],[80.51541553405649,7.295085928866119],[80.51555929063765,7.295240242372865],[80.51590964125477,7.295455172410328],[80.51596931312692,7.295590137819704],[80.51609568615395,7.295765573656752],[80.51615760978085,7.29584381923159],[80.51636274829089,7.296215618648768],[80.51661851422138,7.296386540384686],[80.5167606298238,7.296542106844899],[80.51681244912733,7.296898437671246],[80.51692346520797,7.29689794438854],[80.51698504308038,7.296910279989479],[80.51707025892556,7.29692443683833],[80.51707573755624,7.296938242263927],[80.51707948252132,7.296947682558385],[80.51708138173096,7.29695238599145],[80.51711134299867,7.296932395619552],[80.51712959210842,7.296920219788032],[80.51715721673983,7.29690178798408],[80.51721882234149,7.296869089590508],[80.51730564203821,7.296848776426323],[80.51731211938878,7.296847261826096],[80.51738548807776,7.296822084859858],[80.51739183539223,7.296819906430065],[80.51742029567357,7.29680037094201],[80.51742372772348,7.296798014503026],[80.5176714219077,7.297593727767428]]]]}},{"type":"Feature","properties":{"GND_N":"Pilimathalawa","GND_NO":"172","GND_C":"455","PROVINCE_N":"CENTRAL","PROVINCE_C":"2","DISTRICT_N":"KANDY","DISTRICT_C":"1","DSD_N":"YATINUWARA","DSD_C":"36","Admin_Code":"2136455","GND_NO_Cen":"172","GND_NAME_C":"Pilimathalawa","GND_NO_Gaz":"172","GND_NAME_G":"පිළිමතලa","shape_1":"Polygon","Area__Ha_":42.6137733223,"MWS_ID":"119-2","Alt_MWS":null,"Tot_Pop":1863.0,"Density":4371.82596322,"Area":0.42613773185},"geometry":{"type":"MultiPolygon","coordinates":[[[[80.55422873875621,7.266302243100561],[80.55437196156716,7.266275208619119],[80.55456051469497,7.266285634293641],[80.55471398609748,7.266279415378843],[80.55485118226528,7.266379440141164],[80.55499224870003,7.266356306466733],[80.55519619340441,7.266345176346686],[80.55522273757965,7.2663458539487],[80.55534226396932,7.26626330616981],[80.55536675663377,7.266246036017865],[80.5553832461474,7.266232930790789],[80.5553996749613,7.266219871652819],[80.55550953951503,7.266086754258866],[80.55553046074156,7.26605768937691],[80.55560761253417,7.265911697782389],[80.55624830857012,7.265770958132819],[80.55623225023011,7.265722531380571],[80.55621709791731,7.265595109899136],[80.55621458902735,7.265545562962604],[80.55621377814647,7.265529547407569],[80.5562235785827,7.265488857737251],[80.55626491097688,7.265417797964719],[80.55629812815845,7.265335554384418],[80.55630489490673,7.265318797361338],[80.55618787580164,7.265347136525212],[80.5560869111454,7.265402049993295],[80.55607989802407,7.265405864544703],[80.555876007418,7.265481545877558],[80.55583001185373,7.26550079054653],[80.55576501171606,7.265527985622603],[80.55575769648284,7.265531045835393],[80.5557574680452,7.265529645867213],[80.55567011903673,7.265117137475042],[80.55511942300238,7.265074061485732],[80.55500466869898,7.265036051117688],[80.55488662406339,7.265035566678292],[80.55487665123614,7.265028605930962],[80.55485927005738,7.265026234508401],[80.55485038691468,7.265026199425153],[80.55476435279127,7.264989150725526],[80.55457690248328,7.264939614697192],[80.55457289767286,7.264934460035718],[80.55450879909853,7.264860985034837],[80.55450960482003,7.264856003637872],[80.55450802202286,7.264794627090724],[80.55451499691048,7.264780141800045],[80.55451885772003,7.264770535495932],[80.55452119307908,7.264756201667644],[80.55456586006963,7.264670489495546],[80.55456651251818,7.264665963790895],[80.5546119538942,7.26459481846324],[80.55461255284189,7.264590433803193],[80.55450511689988,7.264438046450407],[80.5543613021159,7.264257132300444],[80.55417706781945,7.26414707738356],[80.5541657098032,7.264126463719518],[80.55394211846092,7.264003908281049],[80.5539245166424,7.263999116807824],[80.553828398263,7.263948458698164],[80.55381786198569,7.263932699713419],[80.55375596913662,7.263818119813247],[80.55375373464773,7.263807781659097],[80.553753814571,7.263787067793174],[80.55374266432501,7.263756525002487],[80.55371285998815,7.263577576457293],[80.55371419503525,7.263553290316106],[80.55371665804608,7.263524349389779],[80.55369836909867,7.263121624691401],[80.55369745342337,7.263108954088765],[80.5537036167203,7.263083756972656],[80.5536489607895,7.262663612968135],[80.55368199359114,7.262422869128935],[80.5536909801359,7.262404063184227],[80.55369259490804,7.262394711701127],[80.55369990050333,7.262385393756221],[80.55375936304034,7.262300042492195],[80.55376377098618,7.262163080209179],[80.55353355356287,7.262121283510817],[80.55350467240403,7.262107457045337],[80.55348551247009,7.262107458488664],[80.55330586474759,7.262057221349605],[80.55328527612373,7.262043640393953],[80.55320388773255,7.261967664467439],[80.55301732334392,7.261843478264342],[80.55301367679577,7.261826293857258],[80.55300371664485,7.261804858844068],[80.55287633848423,7.261715113955967],[80.55287114983297,7.261706818966137],[80.55286502910761,7.261702607338084],[80.55269877989824,7.261577576447269],[80.55228822185927,7.261238514503693],[80.55227048268004,7.261227901919812],[80.5519418470903,7.261002292042984],[80.55177904853463,7.260806514590098],[80.55179404013246,7.260742184649588],[80.55179480008269,7.260740060823843],[80.55184745518056,7.260592910167121],[80.55184609676567,7.260591101798733],[80.5518079151003,7.260522717801653],[80.55176784902599,7.260415719241121],[80.55170671123226,7.260252462763474],[80.55166657093753,7.26011263805179],[80.55164772105341,7.259958897648313],[80.551638913985,7.259824061189375],[80.55163459193984,7.259755764472087],[80.55169133184307,7.259552636031779],[80.55181203915252,7.259524209378279],[80.5518195101892,7.2595245720805],[80.5519425817239,7.259535088452242],[80.55206009750803,7.259536240727538],[80.55220910068448,7.259530870426483],[80.5522737344372,7.259534471605807],[80.55237584563565,7.259519752052453],[80.5524414441952,7.259161962646264],[80.5525742056237,7.258752837536177],[80.55266476404456,7.258756138544989],[80.55271467801285,7.25872867058708],[80.55281717278484,7.258523610318334],[80.55283512411263,7.258487696719792],[80.55288047425228,7.258396964340606],[80.55283178125222,7.258339699051949],[80.55276142208007,7.258329535341257],[80.55272866106293,7.258322288420946],[80.55270328656188,7.258303141828162],[80.55268384196434,7.258293089992864],[80.55265667909667,7.258282725988003],[80.55257592162413,7.258247354269653],[80.55256844871315,7.258237998310475],[80.5524789981607,7.258162830353669],[80.55236391150841,7.258007979047671],[80.55226812473899,7.257906830987762],[80.55216969752402,7.257710087993347],[80.55216790020447,7.257702178997691],[80.5521636342477,7.257694221759687],[80.55209788699783,7.2575459084216],[80.55203633265764,7.25731908486624],[80.55200938451321,7.257182544776889],[80.55197928076208,7.257136617660873],[80.55189533772713,7.25704263743817],[80.55188720992639,7.257026329786171],[80.55168569135903,7.256916172241988],[80.55167151379099,7.256911603936335],[80.55162407715652,7.256898152507259],[80.5515906198404,7.256852625216668],[80.55158001806028,7.256795982721673],[80.5515712822903,7.256497532987625],[80.55149766550265,7.256488388432753],[80.55145389691535,7.25646332215802],[80.55140032714037,7.256432643457163],[80.55134484529913,7.256400868694966],[80.55128988747998,7.256375216300595],[80.5511852240007,7.256326365654961],[80.55102270522879,7.25625656348561],[80.55087658749842,7.256165427004404],[80.55082757959445,7.256150488948964],[80.5506688755006,7.256102113238245],[80.55063381540813,7.256098435208061],[80.55063110691493,7.256098150815994],[80.55062253094472,7.256129009426802],[80.55061369278216,7.256160819231186],[80.55060920671109,7.256180308295127],[80.5506075231836,7.256187627771144],[80.5506126309843,7.256194407137875],[80.55059854642256,7.256284922428434],[80.55058775920581,7.256302615132125],[80.55058149973775,7.256329848648024],[80.55057693650612,7.256349702106156],[80.55057407949637,7.256362128487962],[80.55051875801894,7.256490163501171],[80.550347765091,7.256931383415106],[80.55033656113949,7.256965676148058],[80.55029105149279,7.257128516203771],[80.55028583546932,7.257155294465706],[80.55024318043012,7.257221601861126],[80.5501663297296,7.257341066897204],[80.55007076400145,7.257686866280053],[80.55010217425338,7.257919703119027],[80.55010140913026,7.25793036172693],[80.55005660802286,7.258256986277616],[80.55009257286115,7.258329746124566],[80.55010471803837,7.258479802742508],[80.55009822502265,7.258515777098688],[80.55008566037695,7.25863970611158],[80.55006561753537,7.258837402413418],[80.54994148712528,7.25917733215214],[80.54993551079912,7.259208642380589],[80.54992988272402,7.259238950817755],[80.54992100816446,7.259256390345873],[80.54986474010019,7.259374719823577],[80.54978541476359,7.259575713445672],[80.54974254229899,7.259882168473812],[80.5497285480215,7.260158930739618],[80.54972046656496,7.260211093981632],[80.54971685784159,7.260234396903352],[80.5495617366823,7.260645428816234],[80.54955488168312,7.260687959155171],[80.54951103602541,7.260845016013304],[80.5494969167211,7.260893849310583],[80.54967661386404,7.26118169918522],[80.54961100312114,7.261260530441224],[80.5495559045827,7.261334022524971],[80.54950054911923,7.26138165148567],[80.54948948828736,7.261382989747596],[80.54942764344511,7.261390475376049],[80.54936444139635,7.261372087383036],[80.54925440948588,7.261373751418621],[80.54915559101464,7.261405622859617],[80.54908238626084,7.26147259576181],[80.54904920072578,7.261551161928756],[80.54904246481816,7.261617896815633],[80.5490369020636,7.261692859613013],[80.54903432016985,7.261786634251614],[80.54901480261793,7.261882029051781],[80.54900472249763,7.261935738530222],[80.54899520754024,7.26197128903909],[80.54898303870112,7.262016752061197],[80.54898733309432,7.262119483618809],[80.54901988664699,7.262217435636724],[80.54899050542599,7.262361036448114],[80.54899200651897,7.262378063363946],[80.54899074905477,7.262386230373217],[80.54897404679227,7.262467617160161],[80.54897021991806,7.262492403014911],[80.54895826860543,7.262515844625961],[80.54892545599736,7.262565740127313],[80.54887347360213,7.262617176892212],[80.54886509007308,7.262628612991237],[80.54886357651698,7.262638186962642],[80.54879451414075,7.262751240498423],[80.5487890407709,7.262763594111139],[80.54877390115031,7.262831343920874],[80.54876934367266,7.26285745872795],[80.54876421128284,7.262886876655039],[80.54876286745927,7.262913686671847],[80.5487605832631,7.2629267897397],[80.54875829815752,7.26293990004146],[80.54870388078015,7.262926013442309],[80.54866489811292,7.262918492715411],[80.54863883088817,7.26291346438728],[80.54862903949326,7.262911574912459],[80.54851200246998,7.262806843426349],[80.54837686585809,7.262794099079938],[80.54835955150047,7.262794161821276],[80.54819518180034,7.262835421100912],[80.54817179157756,7.262848326363387],[80.54815450734473,7.262865867424546],[80.54815324788767,7.262872565846456],[80.54808646677351,7.262929482367906],[80.5480765180746,7.26294500962211],[80.54806592469075,7.262963910495441],[80.54807274045648,7.263076691902514],[80.54808118303876,7.263106225164867],[80.54808604403009,7.263117625408513],[80.54808684377292,7.263131807949224],[80.54815346100094,7.263263437917424],[80.54816600549304,7.263290388751316],[80.54812889155265,7.26340939949053],[80.5480483003011,7.263395340490322],[80.54776285912604,7.263361872426516],[80.54775163928986,7.263360556443587],[80.54773733230097,7.26335910235574],[80.54751048845496,7.263334935440803],[80.54732873603746,7.263328250494164],[80.54729604414831,7.263327048455892],[80.54716084031526,7.263321645722102],[80.54707444104835,7.26332802260601],[80.5469021868716,7.263340595739541],[80.54686607826103,7.263348042476578],[80.5468809187517,7.263385008723147],[80.5469255921678,7.263439175371223],[80.54693229357217,7.263598340082955],[80.54691781483858,7.26378554547065],[80.54696716084293,7.263795853214659],[80.54709312001873,7.263817981793907],[80.54715778757799,7.263805986368546],[80.54723613823596,7.26377564145711],[80.5473285269292,7.263741359060758],[80.54734828561995,7.263734028829858],[80.54741647909712,7.263708723849989],[80.54762924503375,7.263633322094408],[80.54787430801238,7.263623588684735],[80.54794014005871,7.263631488334172],[80.54805180351569,7.263629827263502],[80.54817442595896,7.263622383251491],[80.54824787277363,7.263620522053219],[80.54832085921794,7.263633671088888],[80.54838025269171,7.263660738601064],[80.54844923005348,7.263720547487115],[80.54849466366545,7.263776185664682],[80.5485737829848,7.263837806416952],[80.54863062672229,7.26389462589929],[80.54869750791252,7.263982737385876],[80.54870987848813,7.264000869383635],[80.54877397473538,7.264094819432283],[80.54882302813515,7.264157693794759],[80.54887788410146,7.264212763334275],[80.5489072980003,7.264242288105224],[80.54896279118364,7.264292656498078],[80.54898505363543,7.264312861580402],[80.54908707817343,7.264390049494788],[80.54914338748954,7.264429323417151],[80.54928372349558,7.264494865905531],[80.54937969795162,7.264535517907828],[80.54959997901533,7.264645680474924],[80.54976412596122,7.264722989715445],[80.54982071236046,7.264755301487812],[80.54994933756942,7.264877988792444],[80.54995577776702,7.264884455039372],[80.5500082633444,7.264937159423791],[80.55007679143363,7.264990727271941],[80.55015184451835,7.265036975340946],[80.55026583268624,7.26509400307029],[80.55039530822023,7.265148325585305],[80.55057851988217,7.265215911051595],[80.55074094450211,7.265279157223175],[80.55086311107655,7.265349560759807],[80.55095221746062,7.265407028102767],[80.55105281300527,7.265488905483886],[80.55114047598938,7.265560729648241],[80.5513100649131,7.265669917627493],[80.55154977751441,7.265735269985944],[80.55168090711511,7.265822272563118],[80.55179156607511,7.265904155674025],[80.55195253610586,7.266003289664853],[80.55202631144577,7.266002643408269],[80.55205223478688,7.26600241749213],[80.55210780446984,7.266001930419562],[80.55223573918556,7.266037885322147],[80.55233669138806,7.266086096410228],[80.55236653645545,7.266099677460369],[80.55244700156496,7.266188723840933],[80.55255188704784,7.266320849555982],[80.55265389900144,7.266445794591091],[80.55277317738377,7.266543473516012],[80.55290826330402,7.266654078127165],[80.55302323259978,7.266743141406017],[80.55316983201423,7.266829349068513],[80.55323063084543,7.266751740282662],[80.5532723816049,7.266698446892634],[80.55362052404516,7.266380472482861],[80.55422873875621,7.266302243100561]]]]}},{"type":"Feature","properties":{"GND_N":"Embilmeegama South","GND_NO":"167","GND_C":"445","PROVINCE_N":"CENTRAL","PROVINCE_C":"2","DISTRICT_N":"KANDY","DISTRICT_C":"1","DSD_N":"YATINUWARA","DSD_C":"36","Admin_Code":"2136445","GND_NO_Cen":"167","GND_NAME_C":"Embilmeegama South","GND_NO_Gaz":"167","GND_NAME_G":"ඇඹිල්මීeg","shape_1":"Polygon","Area__Ha_":64.6773537338,"MWS_ID":"119-2","Alt_MWS":null,"Tot_Pop":1802.0,"Density":2786.13749911,"Area":0.64677353525},"geometry":{"type":"MultiPolygon","coordinates":[[[[80.56860780020692,7.264527496428431],[80.56869301937446,7.264343842924188],[80.56876116275332,7.264125533285968],[80.56884183352493,7.263946420875292],[80.56879521576023,7.263663228464565],[80.56877018312372,7.263536313703519],[80.56881764985552,7.263356569365211],[80.56893137998746,7.263107825473815],[80.56908182374173,7.262848466447558],[80.56914402974459,7.26271271762959],[80.56911166013852,7.262705703556242],[80.56898642496468,7.262680595392554],[80.56889027241203,7.262630090528357],[80.56879449465026,7.262552278629034],[80.56876676026579,7.262481445586439],[80.56875270447573,7.262445552863612],[80.56869742387616,7.262330045581915],[80.56861797400948,7.262195723189802],[80.56855110882638,7.262066646972708],[80.5684760051187,7.261938110457779],[80.56839426896164,7.261844659591647],[80.56829586538834,7.26176838370039],[80.56824250777896,7.26172532896386],[80.56822163312552,7.261708484918552],[80.56817418187642,7.261685170163092],[80.56809967267743,7.261648562419373],[80.56807149596209,7.261643873347923],[80.56802411279027,7.261635988701522],[80.56794654804752,7.261623080363421],[80.56788635351131,7.26156156023144],[80.56779800027113,7.261483841064964],[80.56779480904783,7.261481582462559],[80.56771072912706,7.26142212851222],[80.56763813091665,7.261355899375481],[80.56754870209389,7.261260091833011],[80.56748616887808,7.261170234292917],[80.56745937798864,7.261131731283815],[80.56742173498012,7.261070220566135],[80.56738469604245,7.261028277394932],[80.56737276458303,7.261014767970627],[80.56729175572993,7.260921949354501],[80.5672465360719,7.26087109051532],[80.5672115607442,7.260831750860287],[80.56714755795993,7.260735790373124],[80.56714278148571,7.260728627914089],[80.56710294939471,7.260699131140701],[80.56709119326439,7.260696227435639],[80.56703875022149,7.260683275365108],[80.56701191619727,7.26066964783057],[80.56696586612779,7.260646256733043],[80.56690513231511,7.260574516717972],[80.56684439909236,7.26050350013637],[80.56683427601989,7.260484414707038],[80.56679834400661,7.260416667763483],[80.56675805833228,7.260390921793154],[80.56672555402905,7.260370152165518],[80.56664993707054,7.260367946012991],[80.56658064727257,7.260391789361345],[80.56647012104315,7.260485332549809],[80.56631183481794,7.260559696895434],[80.56629955757202,7.260565465177972],[80.56629261150249,7.260573442422272],[80.56623785207344,7.260636332933887],[80.56615710200818,7.260694789370821],[80.56614671847096,7.260702305635931],[80.56613755087875,7.260712379827781],[80.56609316986832,7.260761150845743],[80.5659954220429,7.260832183634514],[80.565901226357,7.260859540299266],[80.56579490560298,7.260865278520916],[80.56574692728327,7.260842452499252],[80.56572135230846,7.260830285015651],[80.56567537645121,7.260904391057733],[80.56511170030068,7.261154877332732],[80.56505247224821,7.261212226768973],[80.56484165991745,7.261411602040732],[80.56419887486625,7.261461900407665],[80.56408332235615,7.261478904213092],[80.56406924479408,7.261482567282993],[80.56403755483267,7.261486573887263],[80.56384968112775,7.261500445661443],[80.56382113976656,7.261501002911749],[80.56359266992577,7.261506296358507],[80.5635702422379,7.261507017424393],[80.56355900801758,7.261507378399513],[80.56339322555127,7.26150416905076],[80.56332856016151,7.261434144899822],[80.56303634196233,7.261337680607077],[80.56268304902804,7.261421284356743],[80.5624366767958,7.261360378482571],[80.56203666871546,7.26105623613689],[80.56189855351617,7.261007331416227],[80.56172298766106,7.261025854427555],[80.56155981815385,7.261043469892752],[80.56154672904728,7.261036656121052],[80.56140325649287,7.260968379493767],[80.56139073144942,7.260961847222356],[80.56138302856004,7.26093665879266],[80.56135915629396,7.260888158868837],[80.56135810575795,7.260871071604591],[80.56134517088792,7.260531957136087],[80.56135184992867,7.260508642898851],[80.56135406055296,7.260500924832725],[80.56135216148103,7.260472367012696],[80.56137899192528,7.260096506109771],[80.56138095376647,7.260090146185591],[80.56138243388186,7.260077948770348],[80.56138536683866,7.260053776384964],[80.56138573163892,7.259972109134512],[80.5610336946105,7.259814057679185],[80.5608914421563,7.25968343625573],[80.56088614666974,7.25968052731914],[80.56086205323236,7.259663139740288],[80.56070232794349,7.259502597497895],[80.56069207681875,7.259494373436913],[80.56066959301533,7.259483831266918],[80.56046495599817,7.259373364070883],[80.5603512809374,7.259320741179012],[80.56032724826616,7.259310838500644],[80.56031049126523,7.25930080544666],[80.56022045803334,7.259238389341072],[80.56020869508225,7.259230985655092],[80.5601994300995,7.259221019464833],[80.56019026138324,7.259208586387198],[80.56004464764149,7.259070656355278],[80.560008435731,7.259047120042477],[80.55997976774998,7.259021133953563],[80.55995983496176,7.259007021880551],[80.55986785821398,7.258916622092276],[80.55986388499834,7.258909763787983],[80.55985513906305,7.258905220026967],[80.55976325870317,7.258791367219009],[80.55975569556956,7.258790434894092],[80.559713389792,7.25878228142792],[80.5597038424815,7.258777575411859],[80.55969912848212,7.258776406614325],[80.55969563738552,7.258776416704411],[80.55964203840972,7.258776576507198],[80.55963625466708,7.258777777371216],[80.55963392093042,7.25877778349173],[80.55957907652089,7.258780320099796],[80.5595715257509,7.258494449782765],[80.55959087067627,7.258380129152129],[80.55959433027326,7.25837213587884],[80.55959663268511,7.258367566640866],[80.55962655152857,7.258311591127702],[80.55963344263331,7.258301307993229],[80.55963574413923,7.258296737850286],[80.55964644665661,7.258273747488818],[80.55976732776,7.258109441225304],[80.55966648746157,7.258041247707675],[80.55957578203954,7.257968679476988],[80.5595401927229,7.257946334390544],[80.5595037161908,7.257923429115391],[80.55947530854067,7.257896764894814],[80.55947052993136,7.257901940639901],[80.55943428625001,7.257941198927903],[80.55932660029427,7.257985153472264],[80.55913792779882,7.258003870911801],[80.55896862892783,7.25878618201397],[80.55872793706014,7.259346421278815],[80.55871655826384,7.259423460450051],[80.55871135682828,7.259449117493801],[80.55868965596775,7.259514859710634],[80.55868899521518,7.25952357594987],[80.55865735004119,7.259622975996433],[80.5585067344325,7.259713952376543],[80.55848410245433,7.259729128344519],[80.55838560384178,7.259783292091244],[80.55838812884227,7.259811131300479],[80.55838466677537,7.259835470703844],[80.55839218237844,7.260031067347517],[80.55843479329378,7.260067727360491],[80.55829477873037,7.260071724960311],[80.55800783308347,7.260073086370153],[80.55793606199705,7.260152328278626],[80.5578929489932,7.260208480890203],[80.55784748546527,7.26032564282693],[80.55783878507825,7.260508124727801],[80.5578677225842,7.260559143028875],[80.55794837644918,7.260643956421792],[80.55810531015565,7.260762961018566],[80.55808785709245,7.260936243784733],[80.55801516792455,7.261138701662559],[80.55801598452341,7.261154253315537],[80.55795294820972,7.261305897737802],[80.55794473496047,7.261432269815312],[80.55794548799234,7.261448178636384],[80.55775130372162,7.261601212206153],[80.5577165507989,7.261633644489678],[80.55770272792186,7.261649889923465],[80.55766184206155,7.261723887239115],[80.55756731857993,7.261865987808767],[80.55750071399191,7.261923849027894],[80.55748564812038,7.261946714240421],[80.55748119251986,7.261969211093102],[80.55744868379263,7.262098689465286],[80.55744909945267,7.262109950922257],[80.55733666900286,7.262308672820917],[80.55732661880329,7.262338120139345],[80.55725282296473,7.262440284058484],[80.55722381005141,7.262565468668612],[80.55678929122398,7.263208872915309],[80.5571486044635,7.263418403073825],[80.55642182455355,7.26419099778827],[80.55622776501139,7.264376404658175],[80.55625642849397,7.264421166066892],[80.55633571884036,7.264506027009613],[80.55633725129842,7.264511279930251],[80.55634807795332,7.264548399482646],[80.55636520531748,7.264607122212298],[80.5563742337124,7.264638074466845],[80.55638418172866,7.264666293466544],[80.5564070631022,7.264731143811794],[80.55642806866706,7.264809631907095],[80.55643792737526,7.264846464324827],[80.55643942525343,7.26485206447973],[80.55646301458037,7.264949106455205],[80.55647108584046,7.265026460616339],[80.55647265881002,7.26504153154681],[80.55647759899806,7.265123371329182],[80.55647974476028,7.265182243236844],[80.55648324085588,7.265257754023854],[80.55654008906268,7.265240746359177],[80.55656459038264,7.265233413501393],[80.55658794502683,7.265226426433891],[80.55680976950802,7.265142795607886],[80.55691355510643,7.265115682441495],[80.55702261565321,7.265087192742876],[80.55712604102351,7.265078291061757],[80.5572222199962,7.265072458670173],[80.55735869322383,7.265079941641864],[80.55749353660066,7.265083169052134],[80.55758608865679,7.265086561412427],[80.5577239308519,7.265072249481914],[80.55777828881433,7.265052833211674],[80.55784503317334,7.265028990923527],[80.55796079439665,7.26497587378871],[80.55797963712106,7.264961634698534],[80.55808409332177,7.264882699732679],[80.55814235065425,7.264829827074885],[80.55834682005607,7.26468116791863],[80.55847101791095,7.264599659661968],[80.55858986811765,7.26452936213127],[80.5586922430584,7.264446576411113],[80.55880774199258,7.264377181513681],[80.55893638112892,7.264289344244127],[80.55906376515546,7.264254057057452],[80.55906600231472,7.264253436874246],[80.55909280112402,7.264246014547134],[80.55920366301778,7.264212879783053],[80.55926727140178,7.264209062421797],[80.55927156684217,7.264208804942636],[80.55933902871507,7.264204755201092],[80.55934720662472,7.26420426536429],[80.5595558545568,7.264214765470977],[80.5597027401716,7.264226320251451],[80.55987379970937,7.264244577440335],[80.55989931034557,7.264249307348283],[80.56004494700318,7.264276310496773],[80.56025245168084,7.264314254363377],[80.5602869044945,7.264320555661985],[80.56031325460678,7.264325360099313],[80.56047607007704,7.264357632512199],[80.56073678167478,7.264385428088374],[80.56074719970755,7.264387602456768],[80.56083376324871,7.264405367879554],[80.56098200501567,7.264416199452099],[80.56103716624266,7.264415401815214],[80.56111513185135,7.264414273164801],[80.56125114868874,7.264427178741919],[80.56137249680943,7.264435464489742],[80.56153703735998,7.264456793493826],[80.56162066467888,7.264469414618621],[80.56164343920136,7.264472851792781],[80.56174463430777,7.264483977355982],[80.56175083833597,7.264484658516157],[80.56185587628745,7.264512288458492],[80.56194452340107,7.264540273255859],[80.56205244930797,7.264587167030606],[80.56222074283798,7.264713667751909],[80.56234422761122,7.264799996319764],[80.56235302010188,7.264807881449209],[80.56244561419632,7.264890925466471],[80.56257979295683,7.264962971060489],[80.56266732889068,7.265039155337029],[80.56274608527038,7.265105025529277],[80.56279913740745,7.265140679960006],[80.56305465395123,7.265239911544801],[80.56318377117277,7.265295224114111],[80.5632907001114,7.265344468315331],[80.56330290303447,7.265348802030497],[80.56340189096382,7.265383948947153],[80.56352032699431,7.265420990434642],[80.56364952579273,7.265489869234536],[80.56375609607089,7.265531696084131],[80.56383948564823,7.26557288175265],[80.56393889798409,7.265620494541344],[80.56404872148778,7.265683124481047],[80.56412277874651,7.265728192416394],[80.5641924036679,7.265766116098292],[80.56430640092812,7.265808128963664],[80.56437583724184,7.265850489030274],[80.5644117839978,7.265865600417991],[80.56445525700168,7.265867873341076],[80.56450252806411,7.265870345171399],[80.56462187796087,7.265888306053444],[80.56474122043088,7.265927970123767],[80.56486619156514,7.26593806614614],[80.56502158654972,7.265956585403897],[80.56507232311533,7.265959703556289],[80.56516693278536,7.265965517053122],[80.56529770287847,7.265969194215629],[80.56541026742576,7.265976661843278],[80.56543952636929,7.265979878482651],[80.56555814689482,7.265992918479328],[80.56559220840217,7.26599596100196],[80.5656151068488,7.265998007222168],[80.5658461183328,7.266023798443389],[80.56594202132561,7.266029449605214],[80.5659734619504,7.266034517422239],[80.56603429575875,7.266044322030567],[80.56613861549809,7.266059834838894],[80.56619399419155,7.266068976758179],[80.56627154972175,7.266081779605432],[80.5663245200138,7.266099528435042],[80.5664193302656,7.266116212367566],[80.5664441391702,7.266128883159007],[80.56654237105087,7.266184180495382],[80.56656791147113,7.266201251043129],[80.56658858299795,7.266215068375658],[80.56659066527025,7.266216459249296],[80.5666486565484,7.266255218181198],[80.56673166102765,7.266346591857936],[80.56678071831426,7.266409046566511],[80.56682225980639,7.266461931197387],[80.56691150987925,7.266556381446788],[80.56691300741842,7.266557139942561],[80.56692562796258,7.26653396039534],[80.56693392956925,7.266518710478183],[80.56695407546106,7.266484499218731],[80.56704869999444,7.266376319759183],[80.56716169752127,7.266205714901397],[80.56725992800321,7.266031160452391],[80.5673685642077,7.265836406877573],[80.56754078189198,7.265588370376014],[80.56769093483608,7.265366193899727],[80.5678258809013,7.265155059129402],[80.56800886048607,7.264946124836366],[80.56837094370131,7.264773221289796],[80.56849871198098,7.264639621412973],[80.56860780020692,7.264527496428431]]]]}},{"type":"Feature","properties":{"GND_N":"Pahala Rathmeewala","GND_NO":"197","GND_C":"200","PROVINCE_N":"CENTRAL","PROVINCE_C":"2","DISTRICT_N":"KANDY","DISTRICT_C":"1","DSD_N":"YATINUWARA","DSD_C":"36","Admin_Code":"2136200","GND_NO_Cen":"197","GND_NAME_C":"Pahala Rathmeewala","GND_NO_Gaz":"197","GND_NAME_G":"පහළ රත්ම","shape_1":"Polygon","Area__Ha_":85.0501097546,"MWS_ID":"119-2","Alt_MWS":null,"Tot_Pop":1047.0,"Density":1231.03897973,"Area":0.8505010948},"geometry":{"type":"MultiPolygon","coordinates":[[[[80.50982260463303,7.279134656415136],[80.50984044850402,7.279134530368434],[80.50994051422406,7.279143902604249],[80.51007944211906,7.279143533072447],[80.51012905738429,7.279114597611798],[80.5101333461521,7.279112096134787],[80.51019494799672,7.279077769964519],[80.51024126165498,7.27902209339271],[80.51029555621423,7.278939562979503],[80.5103883366718,7.278720326359707],[80.51044035434549,7.278664020106502],[80.51049516808635,7.278623992834642],[80.51055722659896,7.278589122492314],[80.5106024251337,7.27857838969153],[80.51063403160359,7.278575785776083],[80.51067994331369,7.278585851313505],[80.51070721747548,7.278598196498685],[80.51074295709597,7.27861437363247],[80.51085812756858,7.278658120521921],[80.51096188511792,7.27870357705044],[80.51101955472612,7.278739874059101],[80.5110898004264,7.278792456678687],[80.51110356552141,7.278802731225948],[80.51110986147225,7.278807431832536],[80.51111053044525,7.278807931396337],[80.51128126209491,7.278930024655008],[80.51141995228497,7.27901981298896],[80.51149980866056,7.279052414396017],[80.5116265709149,7.279098699907078],[80.51177451776962,7.279157566586758],[80.51193124119133,7.279227290813781],[80.5119894031068,7.279259815263112],[80.51200991635817,7.279271286491252],[80.51205328485777,7.279291115912532],[80.5120777353502,7.279292577962416],[80.5121022820764,7.279285900488823],[80.51211982053664,7.279272221473465],[80.5121467701637,7.279251201438671],[80.51221312021397,7.279154843881376],[80.51224855876566,7.279106847278099],[80.51228888359178,7.279069071174355],[80.51234070000308,7.279043780162755],[80.51238826912093,7.279005828317863],[80.51241181212836,7.278976342963365],[80.5124198093346,7.278966330724963],[80.5124800843765,7.278882175786128],[80.51253753849161,7.278819449228948],[80.51261302105672,7.278744438339354],[80.51263168866129,7.2787263641716],[80.51265424569276,7.278714983162594],[80.51271094311197,7.278710403353613],[80.51276780604982,7.278726354797005],[80.51284984215833,7.278753078400727],[80.51290301191058,7.278739546685906],[80.51299240017731,7.278733359931879],[80.5130576850612,7.278754830641335],[80.51306393019492,7.278758187406254],[80.51312132965322,7.278789050978675],[80.51321676574787,7.278820214266418],[80.51327871317915,7.278818712951979],[80.51333858359459,7.278806993672794],[80.51341485342492,7.278782622842285],[80.51346467219096,7.278767731765268],[80.51351674008816,7.278776985819812],[80.51360186772594,7.278781014127105],[80.5136701659046,7.278757001250866],[80.51375486831532,7.278718256022815],[80.51381076745616,7.278681665298683],[80.51391372214489,7.278620971570522],[80.51395282105791,7.27859792017775],[80.5139971096839,7.278599097007541],[80.51402599455618,7.278599862498297],[80.51410667694152,7.27861853865497],[80.51421778823075,7.278638137613378],[80.51425193479525,7.278629657887087],[80.51428192113455,7.278609779796267],[80.51432769464957,7.278547591533072],[80.51440871839863,7.278446176247488],[80.51444713378032,7.278417985293482],[80.51453256540813,7.278366218455274],[80.51474166320017,7.278240102095281],[80.51484511678109,7.278183915452571],[80.51497275925045,7.278122590059575],[80.51504141916806,7.278100745683743],[80.51513742889941,7.278081178720107],[80.5152145018971,7.278073899261797],[80.51530896947291,7.278058762429308],[80.51545424138463,7.278043746180044],[80.51553991346219,7.27804732409254],[80.51566714748704,7.278059514930186],[80.51573398765554,7.278053856324064],[80.51580165583509,7.278025772512719],[80.51590501040982,7.277990203545532],[80.51607177239839,7.277929171618868],[80.51616524581796,7.277907251803467],[80.51620947937275,7.277845151977566],[80.51622243687744,7.277831594958044],[80.5163333322056,7.277725952593257],[80.51633362035663,7.277725676947957],[80.51635847419925,7.277704414000546],[80.51639161144492,7.277676063401019],[80.51644245053673,7.277617315050389],[80.51651942042365,7.277479002601425],[80.51654925218374,7.277418974360324],[80.51659158019262,7.277361575746306],[80.5166485611604,7.277331315359004],[80.51670996748454,7.277323936227973],[80.51678056064894,7.277352663718728],[80.51682079134177,7.277369034662748],[80.5168737545605,7.277396103502864],[80.51690210310402,7.277390784386803],[80.51694514044895,7.277375484811272],[80.51694730354845,7.277374715588633],[80.51697121545047,7.2773740067489],[80.51699538911473,7.277382700943463],[80.51704446221032,7.277405788627356],[80.51707782176697,7.277431787288213],[80.5171187789285,7.277463708018227],[80.51718025132797,7.277502176746689],[80.51723020658552,7.277526756102516],[80.51724281038342,7.277532958655393],[80.5172553733307,7.277534595386276],[80.51735926826733,7.27754812884023],[80.51751059945992,7.277549119646011],[80.51756099958385,7.277548108503746],[80.51758504268334,7.277547624876954],[80.51771330210246,7.277508726527529],[80.51778549702179,7.277482814406869],[80.51785026026117,7.27746802089329],[80.51787021403011,7.277471367330453],[80.51791192813799,7.277478365076971],[80.51797278423012,7.27748138578741],[80.51799063598463,7.277464215220788],[80.51803078925872,7.277405459683674],[80.51805748415238,7.277339880776903],[80.5180589061869,7.277336387381911],[80.51809425629031,7.277281787963811],[80.51811708737111,7.277267513078699],[80.51813048981732,7.277264436160379],[80.51814498369745,7.27726110846909],[80.51820611667794,7.277258158227967],[80.51827013895203,7.277267330830104],[80.5182986724008,7.277256946760169],[80.51835095580654,7.277210678314231],[80.5183962639986,7.277161239943509],[80.51842610202237,7.277088189686344],[80.51844716468008,7.27700202121018],[80.51845259786644,7.276904784273809],[80.51845466847227,7.276867738186771],[80.51845336519808,7.276772695761915],[80.51844320512289,7.276646991699327],[80.51843662149201,7.276597251579837],[80.51844208333888,7.276551315464309],[80.51845404895566,7.276528444450295],[80.51843856806977,7.27652047872131],[80.51838235105576,7.276483639987173],[80.51836252421315,7.276470607713871],[80.51835608727451,7.276465314810884],[80.51829925013904,7.276418573654317],[80.51825842940457,7.276379303880649],[80.51817332900248,7.276329878022912],[80.51810001554867,7.276300849877032],[80.5179359265839,7.276235875660096],[80.51789534385333,7.276141607512875],[80.51780668614367,7.275935663724218],[80.51776885012245,7.275901730968004],[80.51774639326128,7.275898373152411],[80.51765111618971,7.27588412761209],[80.51754322202729,7.275867995713726],[80.51735129961612,7.275709803052438],[80.51724306917167,7.275447979560023],[80.51723353100678,7.275438597442902],[80.51719689122301,7.275371840225953],[80.51717646440348,7.275299754212269],[80.5171765061646,7.275286948477509],[80.51717668780839,7.275229220934052],[80.51719330201828,7.275159056941946],[80.51721969659032,7.275091250620829],[80.51724156609423,7.275013312672088],[80.51725229840835,7.274934914395651],[80.51722082684553,7.27485911625513],[80.5171903270763,7.274827447489043],[80.51716438498337,7.274799573048184],[80.51713231012361,7.274765109097682],[80.51711965680458,7.274722239054634],[80.51711977416196,7.274680278806927],[80.51713491722273,7.274647099746883],[80.51719526295554,7.274591881679702],[80.5172344328858,7.274568854438469],[80.51726257395453,7.274552312840394],[80.51731748854738,7.274497182079965],[80.51735057969061,7.274434986221008],[80.51738205059293,7.274355516443307],[80.51743375377586,7.274216647674969],[80.51743503777345,7.274188524750701],[80.5174180851145,7.27415724625845],[80.51740292280333,7.274129273092475],[80.51736382991336,7.274076440670434],[80.51732858205776,7.274028826432128],[80.5172575081196,7.273932817208261],[80.51724011541084,7.273909322652608],[80.51722854500763,7.273893692485426],[80.51722375688358,7.273885911883078],[80.51691900310888,7.273869805594929],[80.5168864141508,7.273868083239513],[80.51687982481776,7.273866471625309],[80.51685861435531,7.273861284184337],[80.51683842606658,7.273848702885817],[80.5168114631781,7.273805461111585],[80.51672685893682,7.273684868866011],[80.51668404106431,7.273651385319696],[80.51666066608063,7.273636887789504],[80.51661107436628,7.273606127716402],[80.51654904618312,7.273591802448211],[80.51647342851366,7.273587870610171],[80.5164012388813,7.273608718481229],[80.51632595864012,7.27364791909614],[80.51626470125906,7.273708924032104],[80.51620425283484,7.273780509705555],[80.51612859005708,7.273856425453371],[80.51607504805615,7.273890035478767],[80.51597639412135,7.273942245396307],[80.51596482821053,7.273950324979545],[80.51591920344694,7.273865657410165],[80.51553723688541,7.273598369717369],[80.51525090606786,7.273424878119746],[80.51494785085245,7.273192600073078],[80.5146208310612,7.273109206008047],[80.5143823353154,7.273002691170454],[80.51402622285511,7.272914058452879],[80.51388140526689,7.272812332473022],[80.51380376693479,7.272684354729167],[80.51368564674735,7.272669301174187],[80.51367621921781,7.27266923964391],[80.5135421871302,7.272746170107238],[80.51352257161416,7.272773606873435],[80.51351749663117,7.27278737005069],[80.51345484215666,7.273037367437196],[80.51344503151579,7.273051355749169],[80.51327573191016,7.272976612272608],[80.51305489323427,7.272783632651853],[80.51304130511481,7.272779152102501],[80.51294978518463,7.27266120747436],[80.5128195380606,7.272645715296989],[80.51274510477216,7.272588113480033],[80.51246534408395,7.272490839085449],[80.51245192638969,7.272490749886317],[80.51229196261525,7.272387659957164],[80.51212227709291,7.272290659270687],[80.51193542819063,7.2722819757571],[80.5118181071619,7.272319159829118],[80.51174035620758,7.272381586922583],[80.51173718873719,7.272402545781868],[80.5117274132921,7.272461531912746],[80.51172807691877,7.272474240390944],[80.51169441923524,7.272576501290546],[80.51162431386179,7.272653788622501],[80.5115480433077,7.272701124725613],[80.51148000457127,7.272744347456126],[80.51142464338498,7.272783438617839],[80.5112510019477,7.272804091610523],[80.51097797736301,7.272754900828287],[80.51085318847798,7.272740998325034],[80.51048149324714,7.272708908474891],[80.51029383795881,7.272568384502176],[80.51014792612399,7.272501050760252],[80.50995650714478,7.272268527571779],[80.50988179889741,7.272145035327369],[80.50984184685721,7.272127307506426],[80.50983970454179,7.272126642492585],[80.50982558934152,7.272122267341381],[80.50980590013616,7.272116164417047],[80.5097863996321,7.27211717751781],[80.50970084447746,7.272121618838252],[80.50958318569336,7.272153922540614],[80.50939839236273,7.272230133711957],[80.50929333294246,7.272271023825199],[80.50917555107397,7.272316868292617],[80.50908406733957,7.272352476219663],[80.50906665830685,7.272412539319089],[80.50906074427871,7.272432945818593],[80.50904495421327,7.272456743937928],[80.50901360793235,7.272503995775398],[80.50899402583862,7.272538796952433],[80.508989577324,7.272568021212495],[80.50898847905792,7.272575239568849],[80.50899959000184,7.272621455707988],[80.50902030538992,7.272659538837608],[80.5090233226345,7.272663107165288],[80.50902790595148,7.2726769763613],[80.50905972107773,7.27278483708324],[80.50901136966448,7.272841565871136],[80.50894494409006,7.272995673174391],[80.50876147684029,7.273124241844513],[80.50859159348556,7.273230564614552],[80.5084310381205,7.273277131454784],[80.50827599215235,7.273280113472339],[80.50816754036002,7.273251588364742],[80.50802478629691,7.273257916235188],[80.50788321878169,7.273265466468767],[80.50770565018996,7.273321250416936],[80.50757250614568,7.273374041196108],[80.50743715164913,7.273531470447892],[80.50733794227203,7.273841324094421],[80.50730455462973,7.273841094475829],[80.50698903373177,7.274237878026954],[80.50682351614245,7.274373638464089],[80.50658152614955,7.274706697123462],[80.50657244947212,7.274731730796192],[80.50641750009771,7.275042088153956],[80.50639795695649,7.275041491430187],[80.50606114110384,7.275264401456314],[80.50583324582779,7.275516440367021],[80.50558999553438,7.275496155463087],[80.5055747771527,7.27549793144968],[80.50543023871437,7.275524672813424],[80.50542100408099,7.275521509486739],[80.50525156299372,7.27550079106547],[80.50513418067673,7.275499062330521],[80.5051281058147,7.275495862004757],[80.50480272440579,7.275449148263867],[80.50468277832849,7.275406659413292],[80.50468909386234,7.275383121643163],[80.50468853200243,7.27537469959072],[80.5046642441001,7.275330689181667],[80.50465020058205,7.275319991068279],[80.50464184842504,7.275314686880551],[80.50448012734327,7.275228784765942],[80.50442808901224,7.27527225834795],[80.50433899117715,7.275392746712571],[80.504297679177,7.275568426758068],[80.50427672752696,7.27561633647576],[80.50427146852702,7.275628364985109],[80.50426058507229,7.275653226608104],[80.50422412752278,7.275736671295911],[80.50413731152486,7.27582894783157],[80.50408570211346,7.275854801406392],[80.50402769519322,7.275883860478397],[80.50400187791887,7.27589659554162],[80.50392206930775,7.275935340978544],[80.50377785043345,7.276114999466004],[80.50376201079337,7.276134731635342],[80.50366501198887,7.276291025242621],[80.50359022828259,7.276403836439289],[80.50358916413806,7.276405379432885],[80.50350402704626,7.276528936465857],[80.50339480942992,7.276674462421159],[80.50334022500346,7.276767523243561],[80.50331019222303,7.276818732639045],[80.50330324428724,7.276830577449111],[80.50324400256075,7.276997837505887],[80.50318029422976,7.277362681847594],[80.50317580581338,7.277570936827236],[80.50317227705163,7.277734794136535],[80.50311603071351,7.278329065691095],[80.50323582326031,7.2784946224024],[80.50323590560538,7.278494734584823],[80.5032559251827,7.278522398236378],[80.50338815087622,7.278664726508234],[80.50347937714311,7.278764253198451],[80.50367878912051,7.278928235459468],[80.50373256391033,7.278960008643713],[80.50378273345112,7.278967634030103],[80.50382339879964,7.27896096942326],[80.50392568118153,7.278904512432197],[80.50399509377152,7.278891016864691],[80.50401933510051,7.278886303780999],[80.50404062125375,7.278878719586022],[80.50409265218096,7.278834776737341],[80.50409861250029,7.278829742484533],[80.50422881985565,7.278719677422806],[80.50426516092406,7.278681177128585],[80.5042823803402,7.278660750371164],[80.50429217721761,7.278635706337123],[80.50429509020418,7.27860939486509],[80.50430161108886,7.278595373142351],[80.50432057161316,7.278554609798883],[80.50436117254989,7.278508968111623],[80.50441427113407,7.278465050279838],[80.50450687935958,7.278376938767829],[80.50463810843556,7.278261706136047],[80.50464714784053,7.278253769121957],[80.504702226525,7.278230200924531],[80.50475810597538,7.278225892910058],[80.50478537141375,7.27822380586602],[80.50498660854876,7.278208398810781],[80.50515044294089,7.278200450515999],[80.50523291880822,7.278196651210003],[80.50541589229516,7.278188224147047],[80.5055282896442,7.278175089545456],[80.50555465301812,7.278160997376829],[80.50557404760231,7.278139215422565],[80.50559935784227,7.278067519826162],[80.5056072883102,7.277983245923041],[80.50562381652759,7.277907114020535],[80.5056618036952,7.277843202948283],[80.50570811893851,7.277800677136168],[80.50571889015497,7.277790788757745],[80.50580569006445,7.277722475782591],[80.50583422405545,7.277713179474016],[80.50589535607331,7.277713488175594],[80.50596198405594,7.277724947415897],[80.50599559778195,7.277730730564834],[80.5060552467454,7.277781858932399],[80.5060845868961,7.277817716434233],[80.50609877597893,7.277835058461011],[80.50616448842335,7.277896408081866],[80.50620269552867,7.27791433775718],[80.50625445319908,7.277923965023427],[80.50628854025862,7.277930305480327],[80.50633449098787,7.277939945552276],[80.50643985304394,7.277962048780267],[80.5065225208408,7.277988593934255],[80.5065650624313,7.278004860447421],[80.50664167623809,7.278034151036042],[80.50674615575106,7.278082866218448],[80.50686394147553,7.278145785850501],[80.50686691889766,7.278147823194221],[80.50692242262056,7.27818579146729],[80.50701358697467,7.2782384775744],[80.50709045524903,7.27827550811688],[80.50713579989447,7.278317496254041],[80.50718204248876,7.278378472440493],[80.50730484330835,7.278533363736322],[80.50734747699495,7.278568476682859],[80.50744035550075,7.278633912502303],[80.507549984293,7.278704604976197],[80.50759374184507,7.278729178988242],[80.50763590148547,7.27875285588989],[80.5076848915228,7.278759668087178],[80.50779791074281,7.278770044107568],[80.50782462221305,7.278776662218363],[80.50784662033698,7.27879005885493],[80.50786345549618,7.278809421692905],[80.50787586858605,7.278846794597277],[80.5078840653333,7.27887146867422],[80.5079032146496,7.278952866740959],[80.50792817433054,7.279014825869189],[80.50795593839443,7.279078956970657],[80.50800265635358,7.279102316420231],[80.50806006716584,7.279108952709023],[80.50815814759204,7.279112357610394],[80.50822318423619,7.27908942607954],[80.50828044492089,7.279051481321106],[80.50834450471176,7.278998980495324],[80.5084125420964,7.278960136895921],[80.50847503293434,7.278955562856251],[80.50854250218647,7.278959943386887],[80.50856124577822,7.278965199393142],[80.50857772384,7.278969821051192],[80.50860859562596,7.278989012207428],[80.5086495806064,7.279054144908763],[80.50867562480781,7.279118548050647],[80.50873052731254,7.279234691315542],[80.50878763666196,7.279293143546024],[80.50878937679649,7.279293992804701],[80.50885182698664,7.279324471046325],[80.50888325327216,7.2793280163677],[80.5089499193516,7.279310875907911],[80.50895948276444,7.279306513801186],[80.50896888584317,7.279302212187488],[80.50902302419355,7.279277459182303],[80.50913253269843,7.279246056998469],[80.50920734153155,7.279242393520353],[80.50922589407654,7.279241488412179],[80.50930728074395,7.279237518623876],[80.50946735881817,7.27922970944213],[80.50958301520488,7.279217479153284],[80.50965095133122,7.27919509441463],[80.50968285080013,7.279177960496598],[80.50971654218684,7.279159866363653],[80.50978221479332,7.279134946431849],[80.50982260463303,7.279134656415136]]]]}},{"type":"Feature","properties":{"GND_N":"Gondeniya","GND_NO":"188","GND_C":"185","PROVINCE_N":"CENTRAL","PROVINCE_C":"2","DISTRICT_N":"KANDY","DISTRICT_C":"1","DSD_N":"YATINUWARA","DSD_C":"36","Admin_Code":"2136185","GND_NO_Cen":"188","GND_NAME_C":"Gondeniya","GND_NO_Gaz":"188","GND_NAME_G":"ගෝන්දෙණya","shape_1":"Polygon","Area__Ha_":126.733232934,"MWS_ID":"119-2","Alt_MWS":null,"Tot_Pop":664.0,"Density":523.93518793,"Area":1.26733232525},"geometry":{"type":"MultiPolygon","coordinates":[[[[80.49579526514735,7.284898636963189],[80.49610180149875,7.284820743695203],[80.4961703898426,7.284825240730341],[80.49636645298936,7.284791514297728],[80.4964766045385,7.284821872731851],[80.49648514717586,7.284823896403645],[80.49662537165632,7.284858747856599],[80.49664062476452,7.284867244101443],[80.49664935396277,7.284873657337216],[80.4967549991604,7.28492282317593],[80.49678609522299,7.284924783912305],[80.49680169419379,7.284929058208568],[80.49681957131772,7.284939922610775],[80.49688467111494,7.285005846196428],[80.49689593057805,7.285012462648329],[80.49690044431473,7.285016881112329],[80.49691173815857,7.285027939486014],[80.49697298588161,7.285085690368234],[80.49698207764753,7.28509015868148],[80.49699117846625,7.285094633330182],[80.49700028743538,7.285099108888047],[80.4971006071642,7.285085914739887],[80.49710745120424,7.285081450838131],[80.4972549270469,7.285028968781434],[80.49734282517478,7.285025526981593],[80.49737682159864,7.28502527846284],[80.49743967711716,7.284772140602496],[80.49744706215235,7.284740772418856],[80.49745075133293,7.284726823216473],[80.49746547713931,7.28468147823877],[80.49746922084434,7.284656971415768],[80.49747293667443,7.284639465633974],[80.49748028105948,7.284625503310847],[80.49750475486701,7.284463570761496],[80.49751188865629,7.28444599112444],[80.49751531690414,7.284424878832904],[80.49752225217856,7.284400258225708],[80.49752217809448,7.284389710473147],[80.49753869740186,7.28421778416585],[80.49753133110417,7.284179289177963],[80.49753110421922,7.284147813211836],[80.49752746309703,7.284133835075759],[80.49746913183888,7.284005383693009],[80.49744376925904,7.283974492688658],[80.49742928709928,7.283953905606167],[80.49739700925848,7.283919670772541],[80.49738632264005,7.283909385958282],[80.49711422571468,7.28379336247703],[80.49708976005262,7.283776634184666],[80.49692985000804,7.283722464014943],[80.49669343519264,7.283543120011569],[80.49668939689744,7.283534381114134],[80.49670300295014,7.283437085481104],[80.4967101448931,7.28340929274426],[80.4967173440293,7.283385660707733],[80.49672897387192,7.283208110308361],[80.49677889087788,7.283090317725646],[80.49683007499334,7.283049790765611],[80.49684448680053,7.283034732288214],[80.4968917268808,7.283001416453132],[80.49698663415948,7.2828782574955],[80.49699996647766,7.282848487260933],[80.49702748205848,7.28273099641778],[80.49703663816405,7.282681188928965],[80.4970393415095,7.282656320651545],[80.49703905340186,7.282649186483428],[80.49701306378988,7.282556074991064],[80.49701179721494,7.282537836369785],[80.4970111904078,7.282442774601919],[80.49699713542748,7.282444701121073],[80.49697945314335,7.282452799933422],[80.49697031984857,7.282456982090488],[80.49691577998993,7.282490861328237],[80.49685500584535,7.28249959366672],[80.49684466736541,7.282499018480628],[80.49678427745644,7.282495660610858],[80.49673620814488,7.282461267675327],[80.49671439589012,7.282440502418592],[80.4966870624629,7.282414484312074],[80.49665602889652,7.282370415076244],[80.49679561322381,7.282180159681063],[80.49683493433324,7.282154048907968],[80.49684020879603,7.282149671755601],[80.49690926609586,7.282092372084843],[80.49693959084539,7.282067212493284],[80.49701780920034,7.28202959503434],[80.49709414052697,7.281992883406038],[80.49721135461544,7.281954345882921],[80.49727660419819,7.281925387152439],[80.49733039242918,7.281901517055371],[80.4975198296162,7.281792759261434],[80.49755866616199,7.281778329819058],[80.4976573386812,7.281741664405549],[80.49781011586502,7.281604123683342],[80.49782890565149,7.281575561299523],[80.49797936344461,7.281346868762935],[80.49801127054337,7.28125072735163],[80.49802146255414,7.281220021012047],[80.49803080311119,7.281201306018281],[80.49805263351634,7.281192641814035],[80.49806058236409,7.281192594251223],[80.49808734689434,7.281192437078165],[80.49815008093191,7.281192068700505],[80.49818983624047,7.281194442490219],[80.49822072627812,7.281184966360541],[80.49825080275522,7.281168616174726],[80.49830680243788,7.281119730868252],[80.49832937300404,7.281103291967434],[80.49840256175538,7.281049981631877],[80.49842612806368,7.281032813570333],[80.49856021811624,7.280955049540401],[80.4985742569458,7.280946907733792],[80.49861367078879,7.280915462411367],[80.49872804282356,7.280757250903317],[80.498733074929,7.280752241475766],[80.49874033377219,7.280740248630509],[80.49874901901285,7.280728234052299],[80.49876232514154,7.280709827125118],[80.49883758401097,7.280613898507827],[80.49890861200377,7.280523362314457],[80.49896741791139,7.280435015156114],[80.4989963126699,7.280390303658277],[80.49900379285182,7.280379173642213],[80.49901043024938,7.280370394279705],[80.49901666227615,7.28036103501496],[80.49909151063403,7.280210781412046],[80.49911868160542,7.280150381119866],[80.49912918994886,7.280136775184025],[80.49922409311294,7.280013897835055],[80.49929569092855,7.279927218744181],[80.49944037501093,7.279844474625291],[80.49955930228225,7.279785990545091],[80.49955917653321,7.279782816388585],[80.4995428282648,7.279368697514122],[80.49963718010186,7.279203654203156],[80.49969755668174,7.279098042165202],[80.49978902085495,7.278938048451157],[80.50002182419111,7.278530819567503],[80.50003190385,7.278513186514485],[80.500320465679,7.278008422417984],[80.50037129266647,7.277919513136019],[80.50039857239737,7.277871794667665],[80.50043303696269,7.277811505429617],[80.50046659310023,7.277752807196652],[80.50050400773408,7.277687359834178],[80.50052316064208,7.277653857371644],[80.50052671719595,7.277646238127908],[80.50052564702644,7.277645761816316],[80.5005229014484,7.277596329497181],[80.50049054834449,7.27740245035852],[80.50044284480677,7.277207026371496],[80.500439650219,7.27720029646064],[80.50043990517051,7.277180259217164],[80.50043692814413,7.27715688134279],[80.50043266438362,7.276971647199465],[80.50043614407697,7.276951968212865],[80.5004461963041,7.276925783200008],[80.50044973702164,7.276899605072358],[80.50045320308492,7.276879998420911],[80.50050032218427,7.276714091444834],[80.50051349671324,7.276691381733676],[80.50070655120224,7.276083293898992],[80.50086170498301,7.275952566424335],[80.50088387833915,7.275949803717477],[80.50090330310664,7.275947035721168],[80.50113002268019,7.27590516894254],[80.50114958332948,7.275902335004446],[80.50115797944551,7.275902323827407],[80.50118891474155,7.275896654593173],[80.50130514196199,7.275845608909717],[80.50134219974713,7.275822876594332],[80.50137932819364,7.275800101816714],[80.50140507401821,7.275785825940794],[80.5014308569848,7.275771529287032],[80.50156333142614,7.275708152459552],[80.50158645906104,7.275690898040731],[80.5016328149702,7.275659170876361],[80.50164435076002,7.275653441014237],[80.50172170380547,7.275573859176922],[80.50173601506303,7.275559664066438],[80.50174738108757,7.27554268826707],[80.50220602040449,7.275025181184406],[80.5023802277089,7.274903630633],[80.50239828646913,7.274889353666039],[80.50254081477918,7.274835008399166],[80.50257462704403,7.274817595800953],[80.50275824086641,7.274750005638514],[80.50277071228001,7.274747026277104],[80.5029280301455,7.274704962928451],[80.50293752930955,7.274704930680124],[80.50303621143416,7.274689564724405],[80.50309061095271,7.274674285080047],[80.50341908176327,7.274524339061697],[80.50340935626183,7.274518265372713],[80.50339535486053,7.274458935076041],[80.50330311614782,7.274237867584701],[80.50327128584625,7.274160259747574],[80.50326343878231,7.274108980491995],[80.50327614325828,7.274066486203815],[80.50329581530123,7.274035029437639],[80.50337320201389,7.273961738504604],[80.5034168742222,7.273924056542457],[80.50344625356627,7.273867284403392],[80.50347364291663,7.273803548883282],[80.50347501714127,7.273777414631365],[80.50346982299264,7.273533613107338],[80.50346814163333,7.27347148600537],[80.50344508660972,7.273407810536659],[80.50341894512262,7.273357785375726],[80.50340992010436,7.273306055975879],[80.5034210137591,7.273234532785482],[80.50345120217874,7.273183096480762],[80.50347166900004,7.273144652681549],[80.50348946390714,7.273111227928084],[80.5035546211191,7.273041998022098],[80.50356345558282,7.272959350616357],[80.50356341961054,7.272958931905318],[80.50355832949344,7.272899754374595],[80.50355106407832,7.272885558872385],[80.50354950823773,7.27288251859446],[80.50353092227326,7.272846204413308],[80.50350468323275,7.272809291501203],[80.50348280376983,7.272745559770565],[80.50348018387572,7.272737928641475],[80.50346380098792,7.272721641435856],[80.50344297849647,7.272710233854603],[80.50342409506939,7.272703126466908],[80.5033683728453,7.272682155725291],[80.50332944731439,7.272655091996814],[80.5033098076487,7.272640566202675],[80.50330509688116,7.272637081822217],[80.50321780457907,7.272617615782129],[80.50321748946433,7.27261754505709],[80.5031310601153,7.272598270327227],[80.50304490360521,7.27254715636194],[80.50301595407973,7.272537206108679],[80.5030074861373,7.272531796020179],[80.50300190113458,7.272531819780757],[80.50291263208153,7.272507545249429],[80.5029015017677,7.272504858198823],[80.50287648531317,7.272499502328532],[80.50285982524062,7.272496839069222],[80.50277947300656,7.272488982878092],[80.50277670812815,7.272488992965071],[80.50269655588302,7.272508316422047],[80.50269103518278,7.272508335696129],[80.50267446600151,7.272511112733922],[80.50254236427095,7.27251718578245],[80.50251505138016,7.27251743876172],[80.50250686720386,7.272517513395019],[80.50239566051694,7.272491437713155],[80.50232312890162,7.272440877140293],[80.50223322901805,7.272378731959166],[80.5022277724609,7.272376025716269],[80.50217607341877,7.27232470997216],[80.50208964070112,7.272244010693274],[80.50200513219092,7.272168239171739],[80.50199422163608,7.272160115600724],[80.5019778563417,7.27214928307188],[80.50196967081102,7.272141158436978],[80.50188506144369,7.272043632168036],[80.50187413929336,7.272038207008534],[80.50186867607549,7.272030075881731],[80.50186048421506,7.27202194219814],[80.50181130910924,7.271981257950413],[80.50180584515462,7.271975833382371],[80.50176757887617,7.271929720010247],[80.50175664282202,7.271918865442417],[80.50175117475438,7.271875497487406],[80.50175117640107,7.271872787311265],[80.50168279754114,7.271875378288736],[80.50157298663724,7.271877594178441],[80.50154541414176,7.27187740474223],[80.50142650113568,7.271865697952636],[80.50141263881808,7.271865600019137],[80.50134042517557,7.271873270765969],[80.50132373083291,7.271870427475473],[80.50131537996423,7.271867640791984],[80.50126800446625,7.271837262039531],[80.50122333379713,7.271801383183386],[80.50120376624076,7.271803955785731],[80.50119257580238,7.271809334079236],[80.50114868828949,7.271825865106753],[80.5011323720444,7.271834181059234],[80.50108851640978,7.271837024666425],[80.50103329337288,7.271820571813834],[80.50101291880789,7.271765328617724],[80.50089395080215,7.271771132456107],[80.5008773742539,7.271771168501376],[80.50086355985913,7.271771199894728],[80.50078619714732,7.271776901483257],[80.50076687836813,7.271776943996063],[80.50075858025849,7.271779725088726],[80.50074200745858,7.271782524661729],[80.50067299499149,7.271796475779997],[80.50066835628871,7.271795156302933],[80.50065647488857,7.27182720096492],[80.50063656317067,7.271858013611462],[80.50046781493612,7.271866622023934],[80.50042641493582,7.271843438693173],[80.5003677295793,7.271828711763454],[80.50030800033848,7.271806087872927],[80.50027569394564,7.271798833824864],[80.50021465445077,7.271767032322804],[80.50018214580254,7.271758796983258],[80.49992771085323,7.27177976716437],[80.49991514813163,7.271779632901555],[80.49983850918272,7.271826490208683],[80.49978532709302,7.271859495332129],[80.4997790338751,7.271859563836006],[80.4995559766319,7.272071709475296],[80.49953793424258,7.272088879186086],[80.4994991798879,7.272088879028257],[80.4993200018395,7.272249090464947],[80.49930112380909,7.272265826496833],[80.499235981164,7.272280926405056],[80.49913880101995,7.272328730486354],[80.49902760719127,7.272376591985353],[80.49887553437424,7.272408211683663],[80.49881577911754,7.272413213837136],[80.49858413969875,7.272390697835155],[80.49853851275809,7.272362350924181],[80.49845386291074,7.272331831476222],[80.49820076277922,7.272161038206532],[80.49811901541122,7.272126279329068],[80.49807515226966,7.272108898049606],[80.49787524843791,7.271967960052389],[80.49782017615561,7.271949541868756],[80.49777278064278,7.27191676184025],[80.4975205342131,7.271769281490595],[80.49738276355494,7.271819258567509],[80.49731648344739,7.271777169799206],[80.49729255090423,7.27176193033266],[80.49718492677403,7.271694338445696],[80.49714474811267,7.271661768977995],[80.4971348323912,7.27165453482957],[80.49705497965137,7.271627287113951],[80.4970456112519,7.271626856322208],[80.49702688531887,7.27162599745768],[80.49700818112088,7.2716251386058],[80.4969025676955,7.271620292493735],[80.49687781320614,7.271619155000391],[80.4967330995242,7.271618712174944],[80.49671469708545,7.271617553270748],[80.49663813213638,7.271626328345753],[80.49659248993763,7.271620036118343],[80.49593922796836,7.27147442962147],[80.4958582703922,7.271451702496496],[80.4958404502499,7.271447671872562],[80.49583738303846,7.271444542918063],[80.49576612596,7.271413928177839],[80.49572749872397,7.271346410307839],[80.49563180799585,7.271308497218829],[80.49562693544058,7.27130607973041],[80.49561221851658,7.27130116390489],[80.49560238410864,7.271298667382394],[80.49546718511586,7.271249961429441],[80.4954635802407,7.271246395364315],[80.49540789566798,7.271254663200501],[80.49534715622411,7.271228927262666],[80.49534228125336,7.271228942326601],[80.49533004215773,7.271225416122844],[80.49526217439534,7.271202881484891],[80.49525838479632,7.271199281844689],[80.49524711897482,7.271193278470596],[80.49518722340133,7.271183857443171],[80.49517858099462,7.271182498351314],[80.49516007595635,7.271186170071504],[80.49515271898072,7.271188608916299],[80.49497933720033,7.27132766618611],[80.49479830933622,7.271630694660124],[80.49476769453901,7.271681941096993],[80.49473191816502,7.271792006981001],[80.49473193468545,7.271800375347873],[80.49472377174546,7.271811450616989],[80.49469954743176,7.271869273442954],[80.49469961486932,7.271880222702626],[80.49455149989342,7.272249688439397],[80.49335551983658,7.272992912143036],[80.49262037103337,7.273355639452323],[80.49121972085166,7.274172948229482],[80.49039799817005,7.275154490144925],[80.489922087803,7.275963574825405],[80.48964934000787,7.276535533843321],[80.48964970908831,7.276567578695184],[80.4896167672225,7.276611020099036],[80.4894892310757,7.276931228181036],[80.48947906118752,7.276973424309642],[80.48931171245117,7.277501397946174],[80.48934930245194,7.277800867470868],[80.4896297163151,7.278210899838631],[80.49075567116226,7.278817604155959],[80.49158665434673,7.279117624742351],[80.49200290322597,7.279245757328676],[80.49201640437528,7.279238716821668],[80.49207363310734,7.279260785915859],[80.49207700075978,7.279264319304526],[80.49208887100376,7.279271427285682],[80.4921076041355,7.279278589310723],[80.49217090023706,7.27929843582551],[80.49228037912472,7.279322936778049],[80.49238906531592,7.279327718135856],[80.492488758252,7.27934302164056],[80.49267368277451,7.279396925938658],[80.49280021818457,7.279446445750101],[80.49282667310946,7.279451681005662],[80.49283726199559,7.279454299241558],[80.49297281599911,7.279512135130126],[80.49299957522548,7.279533241860349],[80.49301295286458,7.279541170053192],[80.49310147456868,7.279591528693189],[80.49310958318385,7.2795994951849],[80.49313393889784,7.279623425423928],[80.49318551944114,7.279674101860776],[80.49319640484636,7.279684797443387],[80.49319644302014,7.27968746694825],[80.49321540217342,7.279698193803724],[80.49329175674916,7.279759993183901],[80.49335137998602,7.279773612974169],[80.4933624394025,7.279771110465513],[80.49337626657278,7.279771302678956],[80.49339009493175,7.279776823003213],[80.49343951087623,7.279795975214672],[80.49344774879302,7.279801393476004],[80.49346991416746,7.279820394821817],[80.49352530333827,7.279892188002483],[80.4935367562188,7.279900588829175],[80.49355391465367,7.279911835420626],[80.49361171056992,7.279956900920877],[80.49361756471255,7.279962538338911],[80.49364895142759,7.279974135635],[80.49374259682897,7.280042761414886],[80.49375467999312,7.280057027891954],[80.49376394482042,7.280071275428166],[80.49377562390248,7.280077129893403],[80.49380535331507,7.280100294800365],[80.49381137491692,7.28010607339063],[80.49382343803666,7.280117644147813],[80.49383568320775,7.280132081635841],[80.49386583545018,7.280158317791234],[80.49387495610365,7.280167068021442],[80.49402688241318,7.280238259416621],[80.49408679729402,7.280331637277259],[80.49416841312495,7.28049748625883],[80.49416753472414,7.280520554296332],[80.49409305515574,7.280812670455142],[80.49408836624055,7.280835055181639],[80.49404314300713,7.281011810471563],[80.49403434817762,7.281039558727649],[80.49402140033885,7.281075574178069],[80.49401731267474,7.281083620765177],[80.49396522829564,7.281208180336819],[80.49396003539974,7.281232704310518],[80.49394215871497,7.281282277501995],[80.49393230898173,7.281319868356117],[80.493871689275,7.281439445345379],[80.4938672851362,7.281448130166075],[80.4938584469329,7.281465562185016],[80.49378395345984,7.281589784912381],[80.49368826438486,7.281755786415787],[80.49373402133978,7.28191445286332],[80.49372678713324,7.281943266441316],[80.49371959006682,7.281979295417505],[80.49371971327751,7.282000919012566],[80.49369791180126,7.282268322809805],[80.49369012595733,7.282311742225473],[80.4936897908764,7.282362339166822],[80.49367458242669,7.282398441812055],[80.49366677403479,7.282448933709103],[80.49359075026474,7.282844143899805],[80.49358299107206,7.282894135749041],[80.49356769893804,7.282958235329085],[80.4935599272164,7.283015205618978],[80.49355204887334,7.283093458439243],[80.49354449155291,7.283114672109451],[80.49343514315252,7.283711028312461],[80.4934278644855,7.283739892494361],[80.49339854351994,7.283818925873968],[80.49338386313084,7.28385479733488],[80.4933839689406,7.283876699439841],[80.4933806707795,7.284144966604825],[80.49343831235167,7.284201564523237],[80.4934064339261,7.284304956215524],[80.49340965330742,7.284309601786147],[80.49341059870683,7.284325641867546],[80.49343192775594,7.284377414367758],[80.49343854924045,7.284387057393808],[80.49345065944946,7.284401683806806],[80.49345233246486,7.284404120120634],[80.49354945144071,7.284505246705723],[80.49354863415029,7.284510212586171],[80.49355977724716,7.284523213372885],[80.4936237707221,7.284571753443934],[80.49364096437276,7.284577665618972],[80.49364995268445,7.284578060985779],[80.4937257227493,7.284625921135502],[80.49372966705667,7.284631371075506],[80.49376049074694,7.284664711809052],[80.4937621981098,7.284670151308855],[80.49381422295086,7.284732553965138],[80.49381838443966,7.284738285275942],[80.49382911271306,7.28474991940677],[80.4938401687164,7.284758845376754],[80.49389910881374,7.284798580746868],[80.49391312149662,7.284805038929503],[80.49392014730452,7.284808276171455],[80.49399075114505,7.284846760030558],[80.49400020395554,7.284853111371156],[80.49401462224601,7.284859771461734],[80.49382147212549,7.285177379669967],[80.49380421466788,7.28525739724157],[80.49372745263891,7.285355804477844],[80.4937220034974,7.285362786757162],[80.4936895578999,7.28540002256082],[80.49366216840647,7.285462041931346],[80.49364470708524,7.285513239468611],[80.4936336768278,7.285545579227417],[80.49363122188156,7.285565376339635],[80.49362677804967,7.285601191804204],[80.49362657507122,7.285602816696417],[80.49362557572772,7.285606362719],[80.49361895157006,7.285629850368702],[80.49359482216438,7.285695125426103],[80.49359898690822,7.285697117478983],[80.4936047565221,7.285699018296634],[80.49363611000882,7.285709349571093],[80.49365985951091,7.285721355369224],[80.49369414382733,7.285738687718311],[80.49370414612355,7.285741114766102],[80.49385324155294,7.285777309169837],[80.49413542848832,7.286126565059813],[80.49405828630765,7.286207116793252],[80.49417923185908,7.28616174687112],[80.49423178646789,7.286142033448784],[80.49424332413142,7.286138227229004],[80.49448123253667,7.285975749713491],[80.49450046213558,7.285964302459936],[80.49453891317685,7.285941412466654],[80.49455056523331,7.285929896285856],[80.494562211853,7.285918383718531],[80.49484134472422,7.285601473465376],[80.49487190811284,7.285567445750639],[80.49489853750421,7.285544786199576],[80.4949099235214,7.285537237892288],[80.4953217563644,7.285161967924452],[80.49544791584216,7.284957255846681],[80.49579526514735,7.284898636963189]]]]}},{"type":"Feature","properties":{"GND_N":"Deldeniya2","GND_NO":"218","GND_C":"205","PROVINCE_N":"CENTRAL","PROVINCE_C":"2","DISTRICT_N":"KANDY","DISTRICT_C":"1","DSD_N":"YATINUWARA","DSD_C":"36","Admin_Code":"2136205","GND_NO_Cen":"218","GND_NAME_C":"Deldeniya","GND_NO_Gaz":"218","GND_NAME_G":"දෙල්දෙණya","shape_1":"Polygon","Area__Ha_":80.4154227387,"MWS_ID":"119-2","Alt_MWS":null,"Tot_Pop":1039.0,"Density":1292.04071554,"Area":0.80415422479},"geometry":{"type":"MultiPolygon","coordinates":[[[[80.50953494705995,7.285527803966848],[80.50942781490015,7.285414445967975],[80.5093940270095,7.285379007445956],[80.50937441832818,7.285361371133957],[80.50930218685669,7.285239603845299],[80.50934347001922,7.285115700678601],[80.50942284117156,7.285042333086069],[80.5096636714243,7.284929472366959],[80.50979670430581,7.284906285912472],[80.50994869050113,7.284883301384085],[80.51000811113063,7.284886335011871],[80.51007096609645,7.284906060353646],[80.51026963748413,7.284901765159913],[80.51030067961555,7.284912402569681],[80.51036979727473,7.284911982012216],[80.51040776774225,7.28490092669495],[80.51047827865823,7.284798457048606],[80.5105533889125,7.284692096189363],[80.51057112670901,7.284660253658001],[80.51062306816225,7.284585375833735],[80.5106348822415,7.28456405040974],[80.51066392195848,7.284516265427885],[80.51070919732723,7.284452958677348],[80.5107669378682,7.284436095783313],[80.51079976387662,7.284399430438901],[80.51084800619269,7.284357547301543],[80.51086408610446,7.284341966658427],[80.51091628335925,7.284315508615927],[80.51096654847922,7.284329727418444],[80.51107415334202,7.284284771901428],[80.51108943095264,7.284279780095584],[80.51115194820778,7.284191435285174],[80.51117202419483,7.284170603911814],[80.51121771479743,7.284181873806443],[80.51137383059039,7.284212622718175],[80.5114434709317,7.284221073451272],[80.5114487592298,7.284220708498131],[80.51151474929893,7.284216142442938],[80.51159762807823,7.284194307858654],[80.51162863936095,7.284177234789631],[80.51163226595101,7.284178143920878],[80.51173923334765,7.284332033711838],[80.51177583807544,7.284410453133377],[80.51178640430108,7.284435137573016],[80.5119099753017,7.284702993813498],[80.51193255510175,7.28476611336647],[80.51194420507493,7.284803726264114],[80.51216304124964,7.285223827644293],[80.51219260171263,7.28528257175104],[80.51231830586008,7.285241170449561],[80.51241636509795,7.285208874630151],[80.51262370923324,7.285139365572334],[80.51264669984614,7.285132027038022],[80.51282300225476,7.285075746839818],[80.51287987685468,7.2850575900277],[80.51291349377352,7.285048161506594],[80.51290921873691,7.285034829680749],[80.5129039635303,7.285015733295491],[80.51281714646419,7.284700307373871],[80.51281162364133,7.284685093882755],[80.51280399765483,7.284654796397885],[80.5127516340735,7.284431268906823],[80.51274950827116,7.284408434170467],[80.51274415191075,7.284385782933066],[80.51270919505151,7.284214788951799],[80.51270461698138,7.28419931557227],[80.5126986731114,7.284168483721736],[80.51269440922368,7.284156244291075],[80.51268610109983,7.284098392478318],[80.5126844887655,7.284080273949299],[80.51268627808527,7.284065190414212],[80.51268068695323,7.284002614328274],[80.51273423424766,7.283946949873693],[80.5129328321698,7.283934386369153],[80.51295125877922,7.283946305781518],[80.51302056292167,7.284023376844292],[80.51302752432557,7.284044092913199],[80.5130313408498,7.284073369940281],[80.51304530104129,7.284213694208843],[80.51305374544485,7.284278646635565],[80.5130571498871,7.284304845195556],[80.51307117206966,7.284415006672935],[80.51307330089782,7.284432684204469],[80.51308636503265,7.284503834656576],[80.51310001605974,7.284616844452071],[80.51310056584282,7.284621408758727],[80.51310852863406,7.284641041156791],[80.51311923667598,7.284675809465772],[80.51313264593364,7.284751518678048],[80.51313898633376,7.284787317152992],[80.51318125838252,7.284941148185087],[80.5131881881998,7.284966365823337],[80.51334057753797,7.284913452676622],[80.51341755079598,7.284892876727032],[80.5135563370553,7.284855789841357],[80.5136740920798,7.284847050362123],[80.51376428516062,7.284840356655601],[80.51391092825091,7.284808884477535],[80.51404851190972,7.28477930331061],[80.51411439481426,7.284776926119364],[80.51411586825876,7.284780125471879],[80.51415747402558,7.285015087758953],[80.51417478619437,7.285138626572452],[80.51418987683623,7.285248093236167],[80.51449759576286,7.285209952741832],[80.51463885464875,7.285166314419445],[80.51487662076762,7.285042658134155],[80.51501458458272,7.285066638410078],[80.51518652876139,7.285208947447294],[80.51524553131394,7.285316415611197],[80.51526610306051,7.285322888684886],[80.5155084019671,7.285567163331037],[80.51559802434016,7.285612651398547],[80.51565398356634,7.285583055255032],[80.51569101858043,7.285510628829787],[80.51577184642584,7.285423989465999],[80.51582914519742,7.285417705946449],[80.51601432201132,7.285317195006433],[80.51615559523876,7.285264226581392],[80.51629666131859,7.285204491136247],[80.51639156309604,7.285151933660891],[80.51637409510647,7.285044707438613],[80.51637823172318,7.284957387262431],[80.51640708261496,7.284874817088587],[80.51647233991397,7.284768353683444],[80.51654565713538,7.284662467315157],[80.5165796138811,7.284599031370782],[80.51662162688397,7.284520548924659],[80.51672123525074,7.284352915017242],[80.51689746803662,7.284265193459439],[80.51722903137251,7.284166420761982],[80.51760158757463,7.28397498440036],[80.51769571483646,7.283941000458566],[80.51788616746896,7.284347067328966],[80.51806712562014,7.284231044404772],[80.51810506179729,7.284206722371414],[80.51827061909106,7.284133769489256],[80.51839176012648,7.283977667310812],[80.51838430063266,7.283755314423138],[80.51840077572433,7.283513746196567],[80.51846002364734,7.283330757405554],[80.51854115712894,7.283034094609746],[80.51871179999047,7.282764520340146],[80.51918663459648,7.282790597218594],[80.51920473386429,7.282770073619329],[80.51931070897494,7.282746261266088],[80.51938908073028,7.282737022248566],[80.51943361435453,7.28273177366629],[80.51955633210412,7.282725515033558],[80.51970250939867,7.282711853526547],[80.51981054974428,7.282687342299628],[80.51988420821624,7.282670631931055],[80.51999635110468,7.282627018794222],[80.5201348678949,7.282552041434498],[80.52016240928147,7.282538067540933],[80.5203126992388,7.282461805451125],[80.52040175709962,7.282407056291492],[80.52040791843945,7.28240185825589],[80.52048103812155,7.282340183999501],[80.52058539721037,7.282291140525841],[80.52067534408435,7.282262436486709],[80.52073548830586,7.282245920904873],[80.5207974408939,7.282234562640729],[80.52081872345383,7.282234757323948],[80.52084996640782,7.282239566833372],[80.52089307092109,7.282248613339217],[80.52091073394023,7.282253036279553],[80.52101440933208,7.282278997475045],[80.5211453542253,7.282296073021482],[80.52119048218997,7.282287098893018],[80.52121125822627,7.282282967112547],[80.52121072605115,7.282256726808591],[80.52120589452694,7.282019473465134],[80.52120571613233,7.282019442618441],[80.52120901588869,7.28181672265243],[80.52119816334424,7.281703343836305],[80.52120354170124,7.281690997779206],[80.52120716680619,7.281595211190324],[80.52120908507273,7.281590206984027],[80.52120302945357,7.281506150913299],[80.5212422651603,7.281335444341635],[80.52124717011743,7.281322642250856],[80.52125998420242,7.28130317994296],[80.52132095627911,7.281169223606089],[80.52133063013831,7.281145576245772],[80.5213382562377,7.28113653123483],[80.52147894819146,7.281015789059671],[80.52149941891084,7.280998920963132],[80.52157586382495,7.280884141694422],[80.52167140282015,7.280596800594174],[80.5215341733556,7.280476834301281],[80.52116101841911,7.28040246991056],[80.52108335906757,7.280389046143795],[80.52089899363223,7.280317561423035],[80.5205578470516,7.280255957963306],[80.5202381069612,7.280145322680778],[80.51996103325534,7.28002093617376],[80.51969029719554,7.279955814429387],[80.51956735883135,7.279884747416157],[80.51939660909687,7.279679893157598],[80.51937628859915,7.279671481605335],[80.51917155573332,7.279493772174077],[80.5187503831286,7.279351330168009],[80.5183227617933,7.279313388344984],[80.51796409403623,7.279245520668937],[80.5175289986359,7.279185489083786],[80.51720936328164,7.279185427454594],[80.51705423001255,7.279163343422762],[80.51675395277313,7.279235645394889],[80.5164516692655,7.279380640673115],[80.516202911164,7.27934564349363],[80.51605289665892,7.279244872813853],[80.51599391461237,7.279083947218795],[80.51598798717659,7.278977205068214],[80.51590427891557,7.27867118700486],[80.5159748699743,7.278399151635445],[80.51620079158977,7.277898622617258],[80.51620271780597,7.27788931669429],[80.51634879153615,7.277760347379303],[80.51635848128315,7.277733007890584],[80.51637246504038,7.277720721089191],[80.51635847419925,7.277704414000546],[80.51633362035663,7.277725676947957],[80.5163333322056,7.277725952593257],[80.51622243687744,7.277831594958044],[80.51620947937275,7.277845151977566],[80.51616524581796,7.277907251803467],[80.51607177239839,7.277929171618868],[80.51590501040982,7.277990203545532],[80.51580165583509,7.278025772512719],[80.51573398765554,7.278053856324064],[80.51566714748704,7.278059514930186],[80.51553991346219,7.27804732409254],[80.51545424138463,7.278043746180044],[80.51530896947291,7.278058762429308],[80.5152145018971,7.278073899261797],[80.51513742889941,7.278081178720107],[80.51504141916806,7.278100745683743],[80.51497275925045,7.278122590059575],[80.51484511678109,7.278183915452571],[80.51474166320017,7.278240102095281],[80.51453256540813,7.278366218455274],[80.51444713378032,7.278417985293482],[80.51440871839863,7.278446176247488],[80.51432769464957,7.278547591533072],[80.51428192113455,7.278609779796267],[80.51425193479525,7.278629657887087],[80.51421778823075,7.278638137613378],[80.51410667694152,7.27861853865497],[80.51402599455618,7.278599862498297],[80.5139971096839,7.278599097007541],[80.51395282105791,7.27859792017775],[80.51391372214489,7.278620971570522],[80.51381076745616,7.278681665298683],[80.51375486831532,7.278718256022815],[80.5136701659046,7.278757001250866],[80.51360186772594,7.278781014127105],[80.51351674008816,7.278776985819812],[80.51346467219096,7.278767731765268],[80.51341485342492,7.278782622842285],[80.51333858359459,7.278806993672794],[80.51327871317915,7.278818712951979],[80.51321676574787,7.278820214266418],[80.51312132965322,7.278789050978675],[80.51306393019492,7.278758187406254],[80.5130576850612,7.278754830641335],[80.51299240017731,7.278733359931879],[80.51290301191058,7.278739546685906],[80.51284984215833,7.278753078400727],[80.51276780604982,7.278726354797005],[80.51271094311197,7.278710403353613],[80.51265424569276,7.278714983162594],[80.51263168866129,7.2787263641716],[80.51261302105672,7.278744438339354],[80.51253753849161,7.278819449228948],[80.5124800843765,7.278882175786128],[80.5124198093346,7.278966330724963],[80.51241181212836,7.278976342963365],[80.51238826912093,7.279005828317863],[80.51234070000308,7.279043780162755],[80.51228888359178,7.279069071174355],[80.51224855876566,7.279106847278099],[80.51221312021397,7.279154843881376],[80.5121467701637,7.279251201438671],[80.51211982053664,7.279272221473465],[80.5121022820764,7.279285900488823],[80.5120777353502,7.279292577962416],[80.51205328485777,7.279291115912532],[80.51200991635817,7.279271286491252],[80.5119894031068,7.279259815263112],[80.51193124119133,7.279227290813781],[80.51177451776962,7.279157566586758],[80.5116265709149,7.279098699907078],[80.51149980866056,7.279052414396017],[80.51141995228497,7.27901981298896],[80.51128126209491,7.278930024655008],[80.51111053044525,7.278807931396337],[80.51110986147225,7.278807431832536],[80.51108555382699,7.278858848585538],[80.51105131891126,7.278931262724553],[80.51107123926971,7.279053134752086],[80.51107527467279,7.279088794452981],[80.51109919426187,7.279258592947818],[80.51107928968005,7.279411953682698],[80.5110753150646,7.279431590877238],[80.5110554471002,7.279561136968607],[80.51105941096013,7.279612207656945],[80.51109906337744,7.279706416135051],[80.51115855242878,7.27979688520416],[80.51112821263207,7.27985383995474],[80.51106198285551,7.279912942180554],[80.51104651829291,7.279940426461664],[80.51102339138824,7.279987461674938],[80.51103522969848,7.28001095139662],[80.51110209272095,7.280101044989046],[80.5111100101006,7.280120624040247],[80.51110263163832,7.280202668393785],[80.51108713284844,7.280222114359549],[80.51107550301094,7.280233759412702],[80.51098609794616,7.280295724613989],[80.51090410920207,7.280275977347548],[80.51082225964413,7.280295215295319],[80.51070169107939,7.280279279584558],[80.51054310796145,7.28025152678093],[80.5105242612008,7.280255238706701],[80.51038555712215,7.280265571133941],[80.51035926266515,7.280350241287863],[80.51035170191335,7.280369465816219],[80.51034793082565,7.280377147411805],[80.51032138188947,7.280469466860932],[80.51032995485247,7.280527588349524],[80.51032997069613,7.280531438855184],[80.51031869317123,7.28056605775843],[80.51026211880979,7.280657976136879],[80.51023575210372,7.28068845443635],[80.51020943886527,7.280718867656175],[80.51013021977417,7.280798529427804],[80.51012623902787,7.280817718980374],[80.51012587175288,7.280860009113727],[80.51013626008852,7.280983336904649],[80.51013612510394,7.28099876684337],[80.51013599464493,7.281014201306219],[80.51008959589672,7.281075567640776],[80.51008192196257,7.28107935936573],[80.51000543311106,7.281097944696495],[80.51000162128334,7.281097908090604],[80.50997499329152,7.28109379686303],[80.50995595679203,7.281093617462461],[80.50983145953295,7.281072815893686],[80.5098202713475,7.281072610361658],[80.50968665419968,7.281039685806149],[80.50965707752657,7.281027769645541],[80.5095566860298,7.281026469799478],[80.50953814314516,7.281026229180137],[80.50946032506656,7.281029048123605],[80.50944175818633,7.281032629949003],[80.50938950124134,7.28105487287278],[80.5093820274907,7.281058594168599],[80.5093297510945,7.28108462065179],[80.50931482714539,7.28109205059497],[80.50925451191826,7.281144670410233],[80.50920621809723,7.281079602173607],[80.50919571468278,7.281079219788036],[80.50918005998145,7.281078825319276],[80.50907836974812,7.28106382631203],[80.50906255796458,7.281058001444018],[80.50903333166897,7.281043234202181],[80.50902540552164,7.281040117836615],[80.50894910008768,7.281001282056465],[80.50893601325343,7.280992622918824],[80.5089176233115,7.280975759580347],[80.50885436807856,7.280868360474479],[80.50885160086715,7.280855408404701],[80.50879420479713,7.280832669403799],[80.50867615925445,7.280891641164331],[80.5086465847053,7.280900641325268],[80.50853091496136,7.280931573112012],[80.5085260373058,7.280931349578099],[80.50844847366785,7.28098004799605],[80.50832026032442,7.281049819989895],[80.50822150763449,7.281050743579438],[80.50820167096289,7.281060544354704],[80.50810768368432,7.281099695365861],[80.50803845489332,7.281138762462917],[80.50805686553652,7.28133558090121],[80.50805811136641,7.281362044979468],[80.5080879021169,7.28164760970265],[80.50803224943863,7.281760307253635],[80.50794347174191,7.28186717866706],[80.5078744981336,7.281944433430022],[80.50786062018516,7.282081206405336],[80.50786126822766,7.282092533105888],[80.50785523420315,7.282117934838304],[80.50783977490813,7.282204607028093],[80.50783544988553,7.282219264016204],[80.50783125072802,7.282236997496244],[80.50781877506958,7.28229703539556],[80.50781457749437,7.282374509428331],[80.50781513522419,7.282444769090128],[80.50781838411716,7.282457888745276],[80.50782362885506,7.282513956442459],[80.50785823546273,7.282618831980531],[80.50786997946173,7.282666712412977],[80.50790270934337,7.282852695011868],[80.50790505624343,7.282867294465038],[80.50791332477266,7.283088077975008],[80.50791329013414,7.283093021744327],[80.50791560892483,7.283115293233546],[80.50791794909506,7.283135118612948],[80.50792725872526,7.283227165257211],[80.50792714508778,7.28324463800986],[80.5079086211454,7.283338763400826],[80.5079037846951,7.283348394908694],[80.50790027285076,7.283404291923196],[80.50789696220583,7.283417319065589],[80.50789553614148,7.283582687851816],[80.50775464510077,7.283790250656597],[80.50773872311684,7.283818803415328],[80.50770071521924,7.283897344335928],[80.50756373577754,7.284180423585545],[80.50755085876449,7.284199508350918],[80.50754438632141,7.284224968594068],[80.5074859489647,7.284388219095331],[80.50747942947558,7.284407509293601],[80.50743044388834,7.284507688906131],[80.50742389928806,7.284517441472464],[80.5074173309155,7.28453364889352],[80.50731926920841,7.284700409807424],[80.50741183714872,7.284795125693429],[80.50757048270587,7.284902763425484],[80.50758635687399,7.284910472939788],[80.5076655212809,7.284956545936751],[80.50786116869841,7.285093791411959],[80.50774075612671,7.28529915171031],[80.50784504907236,7.285423898927902],[80.50813261126655,7.285503318422279],[80.50836363721325,7.28551288260947],[80.50844850805514,7.285536522351628],[80.50847272406754,7.285613109813209],[80.50848923672307,7.285689515470825],[80.50849760130953,7.28573529139535],[80.50849818186593,7.285773364434493],[80.5085166684892,7.285986129238743],[80.50853695969806,7.286040922633884],[80.50858785777187,7.286076842483728],[80.50866274157885,7.286073895384129],[80.50873763157713,7.286058985336021],[80.50878541410343,7.285980602942841],[80.50882613110358,7.28578245674742],[80.50882575518133,7.285752045029727],[80.50882491460207,7.285683554010676],[80.50892924777786,7.28557611742754],[80.50900386303312,7.285506600312237],[80.50903070307288,7.285752382295071],[80.50903260508706,7.285882036044623],[80.50903347403143,7.285965372014044],[80.50903382113901,7.28600316729674],[80.5090194693682,7.286198592689932],[80.50901953200983,7.286213617615252],[80.50901027678967,7.286250889061371],[80.5089986330946,7.286297778098766],[80.50900266889234,7.28629895426073],[80.5090293776067,7.28630030478521],[80.50909685397195,7.286303714060406],[80.50934611172055,7.286267962470297],[80.50962265015721,7.286198950517649],[80.50966518365462,7.286190576484692],[80.50967120785172,7.286189390885641],[80.50970625253905,7.286182491863675],[80.50970137210615,7.286156229116252],[80.50967225743824,7.285999553408862],[80.50962711201213,7.285902323946626],[80.50962798075741,7.285895817139926],[80.50958798553502,7.285723984425797],[80.50957427807734,7.285655780618128],[80.50953893111407,7.285539894954303],[80.50953494705995,7.285527803966848]]]]}},{"type":"Feature","properties":{"GND_N":"Walgowwagoda","GND_NO":"206","GND_C":"210","PROVINCE_N":"CENTRAL","PROVINCE_C":"2","DISTRICT_N":"KANDY","DISTRICT_C":"1","DSD_N":"YATINUWARA","DSD_C":"36","Admin_Code":"2136210","GND_NO_Cen":"206","GND_NAME_C":"Walgowwagoda","GND_NO_Gaz":"206","GND_NAME_G":"වල්ගොව්ag","shape_1":"Polygon","Area__Ha_":86.2492612138,"MWS_ID":"119-2","Alt_MWS":null,"Tot_Pop":986.0,"Density":1143.19820171,"Area":0.86249260935},"geometry":{"type":"MultiPolygon","coordinates":[[[[80.52274509086658,7.281507269730903],[80.52282957971904,7.281503336336556],[80.5228921122121,7.281533128174588],[80.52289512520017,7.281536514648065],[80.52296283907152,7.281633741957415],[80.5229755409958,7.281638117729608],[80.52307985795632,7.281702138895569],[80.52593138568108,7.280924662678937],[80.52774780907781,7.280298217423879],[80.52843507003105,7.2803148454072],[80.52951509914733,7.279920576385283],[80.52953396572113,7.279911835775717],[80.52951894407506,7.279893197234196],[80.52951279115366,7.279883247503354],[80.52951004597995,7.279878597913712],[80.52949472511709,7.27975130144157],[80.52944889896007,7.279568799012182],[80.52944380003483,7.27938694998727],[80.52945090676378,7.279371737235143],[80.52945804922689,7.279349141811202],[80.52952351221448,7.279248674691808],[80.5297013006094,7.279198267410687],[80.52971466711178,7.279197972655436],[80.52984457078689,7.279192120236005],[80.52993138294569,7.279191714432306],[80.52993466861516,7.279191700847199],[80.5299413966308,7.27919167195362],[80.52994311493593,7.279191111319374],[80.52991789594755,7.27915559032218],[80.52990073006009,7.279131413607504],[80.5298980731442,7.279127671079344],[80.52987333378248,7.279092826755964],[80.52983132447739,7.279033656448263],[80.5298291147946,7.279031854787365],[80.52981206556244,7.279017961813481],[80.52980897689349,7.279015446182584],[80.52978496819995,7.278995885798297],[80.52968105608214,7.278911219440102],[80.52962683783983,7.27886375131841],[80.52949676606363,7.278749873586805],[80.52922112560341,7.278508545989645],[80.52919921874076,7.278489367432131],[80.52915756996202,7.278433618222282],[80.52909243437747,7.278346429107499],[80.52893158386412,7.278197854575643],[80.52876042329981,7.278026845042461],[80.52871016542841,7.277983017877157],[80.52857956615999,7.277869125136373],[80.52855847304154,7.277852475412384],[80.52861016783261,7.277842370125801],[80.52894917693447,7.277779382061075],[80.52935289271241,7.277736442962654],[80.52954572555589,7.27770815311512],[80.5296238940304,7.277691166861897],[80.52962122662942,7.27756242587693],[80.52962009104675,7.277555638499106],[80.52961117352523,7.277497106546753],[80.52956178250452,7.277449626580971],[80.52954839034038,7.277427372639719],[80.52953312741175,7.277351583215454],[80.5295297300635,7.277274263853698],[80.5295374021797,7.277159060421801],[80.52955428088717,7.277095407917302],[80.5296192544127,7.277026536681671],[80.52965586034358,7.276991469842467],[80.52966555434682,7.276984691979774],[80.52967071855929,7.276982524476097],[80.52967760212813,7.276981172681516],[80.5296839388746,7.276982804773732],[80.5297006892432,7.276991585589525],[80.5297125521451,7.276994937048842],[80.52976064130006,7.276996772732148],[80.52976948793396,7.27699772615717],[80.5297952336406,7.277000500090572],[80.52980582960676,7.276998787691103],[80.52982032627342,7.276990204746615],[80.5298284825695,7.276979990613804],[80.5298329249213,7.276971311766879],[80.5298357671086,7.27690936796883],[80.52982693642491,7.276829423183861],[80.52980929444831,7.276632366958705],[80.52979782251398,7.276415509050184],[80.5298154341038,7.276341367068951],[80.52984511623283,7.276220298566506],[80.5298399726285,7.276186383672036],[80.52980105747739,7.27613671651023],[80.52975527405223,7.276062086065567],[80.52973700979881,7.276009625909829],[80.52971152467761,7.275912853007448],[80.52967291666373,7.275798345996012],[80.52963866019908,7.275680588589606],[80.52959049096644,7.275497350587072],[80.52955266032505,7.27537736394026],[80.52955224987902,7.275376062431218],[80.52951248399411,7.275231081726332],[80.5295077891876,7.275204582319613],[80.52947521668993,7.275149221506964],[80.52943847658112,7.275098651202665],[80.52939031972504,7.275057026323028],[80.52931473447728,7.274994678954176],[80.52929411028283,7.274952074347516],[80.52928327208615,7.2748983522055],[80.52927397106824,7.274865570836309],[80.52924485862225,7.274762958683604],[80.5292232592739,7.274680265991669],[80.52921507773151,7.274648943865222],[80.52921314734613,7.27464155469396],[80.52920446152037,7.274608299806465],[80.52920859423448,7.274567982105411],[80.52921138217104,7.27454075339093],[80.52921311972425,7.274503319999678],[80.52921834888862,7.274390643646273],[80.52921205877797,7.274303827562909],[80.52919526542307,7.274049348813552],[80.52920056917354,7.273955937673583],[80.52922368825229,7.273909268586232],[80.52923030846554,7.273895908473591],[80.52924901038591,7.273813537080032],[80.52927712447762,7.273739490363232],[80.52929181265577,7.273711736407633],[80.52933459015243,7.27365686971312],[80.5293453118518,7.273590680906971],[80.52930324016081,7.273515781152716],[80.52926550036302,7.273473530741247],[80.52922394703913,7.27344771387249],[80.52920882818118,7.27343832081766],[80.5291851944356,7.273430893584756],[80.52913832239571,7.273443091420575],[80.5291286751733,7.273445601916173],[80.5290831302223,7.273460477193693],[80.5289788574381,7.273494530425276],[80.5288128301205,7.273536306976004],[80.52875097651072,7.273536453140222],[80.52866938848044,7.273521488534732],[80.52848163767734,7.27338356808241],[80.52842592078265,7.273340517413764],[80.52833136892139,7.273267462566982],[80.5283208684165,7.2732604032922],[80.52829434577221,7.273229827105044],[80.52828774339022,7.273222223766932],[80.52827767758913,7.273210214599427],[80.52826285491426,7.273192548249483],[80.5282132350521,7.273150597807433],[80.52818247338509,7.273124591425955],[80.52810887512072,7.273069659297696],[80.52809699810793,7.273055937297284],[80.52805013898421,7.273001803833191],[80.52801428310343,7.272989124008729],[80.52790326444587,7.272968624207832],[80.52782749319483,7.272914504712819],[80.52777669523833,7.272902087965448],[80.52774435946861,7.272909303711878],[80.52768219127424,7.272989209585468],[80.52765625953994,7.273038570049627],[80.52765568959653,7.273088486105032],[80.52764297088488,7.273159377025053],[80.52761667591818,7.273215429094972],[80.5275660211621,7.273270199964479],[80.52754037749706,7.273294692372688],[80.52751571104716,7.273314169172703],[80.52750341179767,7.273323880009729],[80.52748402748551,7.273332551533973],[80.52732153969089,7.273362121451759],[80.52715543267198,7.273388977329581],[80.52713604032375,7.273392498854993],[80.52706757793142,7.27340493328333],[80.52697853758353,7.27343590082442],[80.52686783912468,7.273489825602698],[80.52676747084051,7.273531184486969],[80.52664308665707,7.273606083200582],[80.52658401403926,7.273650812508381],[80.52646155527633,7.273684564849211],[80.52638556408644,7.273699080332443],[80.52628510770752,7.273737457586442],[80.5261998636261,7.273781538485979],[80.52611978837254,7.27381341600488],[80.52607521535563,7.273840791627206],[80.52595769154976,7.273952496160695],[80.52589734312274,7.274012960363612],[80.525851749812,7.274082113073812],[80.5258171189243,7.274148378085554],[80.52579779521467,7.274207689366182],[80.52576353558574,7.274256050377295],[80.525706547554,7.274299153884053],[80.5256646739904,7.274356191033916],[80.52558709802145,7.274451911481986],[80.5254942032143,7.27457547762798],[80.52545595085974,7.274631522937265],[80.52541134890122,7.274679807656315],[80.52537847375339,7.274715397998072],[80.52524890546199,7.274825649685633],[80.52516274196982,7.274890709585984],[80.52512033838191,7.274928395309541],[80.52505964094102,7.274959738987203],[80.52496699177435,7.274968549714069],[80.52486818169832,7.274975548405979],[80.52479219341791,7.274989249745595],[80.52472471136876,7.275008473823751],[80.5246615680782,7.275047411288391],[80.52464931719886,7.27505788801102],[80.52458156088844,7.275115822204929],[80.52451414466928,7.275182612368547],[80.52447870198024,7.275229516695853],[80.5244342977826,7.275288280428507],[80.52440456583201,7.275337095089292],[80.52437920769137,7.275337894855222],[80.52430114027408,7.275341378193455],[80.52426836190878,7.275331502203167],[80.52421935701896,7.275291369313606],[80.52417874622257,7.275258112852359],[80.52414020387067,7.275224900041077],[80.52413611057294,7.275221373712748],[80.5240699416358,7.275165992925243],[80.52400983009942,7.275124270403394],[80.523915210837,7.27509148119986],[80.52381895725235,7.275067825380997],[80.52375964661762,7.275049885408514],[80.5236763673979,7.274983643449344],[80.52360686600395,7.274931190663975],[80.52360469755448,7.274930230898406],[80.52354626343674,7.274896395636265],[80.523537767579,7.274891778975674],[80.52345147652545,7.274860712490949],[80.52338691705026,7.274842499156038],[80.52332254246082,7.27481596637322],[80.52322094324249,7.274790317084729],[80.52314777710535,7.274777795985655],[80.52312406124575,7.274756983876815],[80.52306903568868,7.274688134230931],[80.52301525240969,7.274634289386425],[80.52300604279029,7.274625069440037],[80.52295380061895,7.274600805039223],[80.52292653810909,7.274606216484451],[80.52285977562335,7.274635838305723],[80.52284364647664,7.274651743118637],[80.5228141190545,7.274679615148486],[80.52277605153505,7.274715549639575],[80.52273627528466,7.274747901246304],[80.5226754067263,7.274764414921205],[80.52261916211079,7.274771616003362],[80.52255265415646,7.274760772392981],[80.52254681065601,7.274759821415424],[80.52249692196695,7.274737636357512],[80.52245200452293,7.274735983453201],[80.52226761194423,7.274745374313308],[80.52218556187854,7.274746862888215],[80.52206955445124,7.274740015563852],[80.52199501874632,7.27474250485769],[80.52193686520161,7.274765529093378],[80.52183394367654,7.274838266372244],[80.5217778582149,7.274882817656894],[80.52172964925937,7.274934968559013],[80.52162682440864,7.274995135196606],[80.521589886075,7.275013436408637],[80.52155444516558,7.275030995126746],[80.52150926620806,7.275061030389009],[80.52150362110116,7.275064786380256],[80.52149907706698,7.275088115615029],[80.52150202807664,7.275157928170274],[80.52151712947935,7.2751964588516],[80.52155225598143,7.275230576969299],[80.52155532620252,7.275233557453279],[80.5215872669223,7.275278519021747],[80.52159358344282,7.275319126454555],[80.52158673616297,7.275411904475004],[80.52157410935125,7.275483426435223],[80.52156042198096,7.275503674106762],[80.5215183768406,7.275545882075678],[80.52147127047432,7.275568190830523],[80.52142876869017,7.275615551223042],[80.52139069972021,7.275674581357319],[80.5213504612328,7.275723298557905],[80.52130760722643,7.275752844975547],[80.52124375070211,7.275769538532835],[80.52119940006924,7.275772732856923],[80.52115907060794,7.27577563825788],[80.52107029770224,7.275811034911627],[80.5209191038483,7.275886819375359],[80.52082609646749,7.275931284603868],[80.52078439800071,7.275951218935635],[80.52071464876416,7.275980207542836],[80.52070013898792,7.275984520994221],[80.52062235013476,7.276007644295531],[80.52055903010236,7.276033199271269],[80.52046637208592,7.276053943984698],[80.52042886618518,7.276058758078555],[80.52039441792363,7.276063179623014],[80.52038639795907,7.276064208704027],[80.52038005922877,7.276064568650176],[80.52031213498998,7.276066064858851],[80.52029022014422,7.276065058649071],[80.52021062700112,7.276045479012283],[80.52016616720353,7.276030319544259],[80.52012216285458,7.276015314964472],[80.52008176282278,7.275992514659598],[80.52006932306298,7.275987700375342],[80.51995992255985,7.275927146376509],[80.5199598899653,7.275927131889293],[80.51991073668022,7.275912886698434],[80.51988395428066,7.275905124418108],[80.51985705955855,7.275905380481019],[80.5198493694744,7.275907602508145],[80.5197845943259,7.27592631915538],[80.51973995850173,7.275954836224688],[80.51970568596894,7.275976732466441],[80.5196552187654,7.276016402544871],[80.51961578024746,7.276089716935596],[80.51961019328301,7.276097883195225],[80.51958169922162,7.276139524425958],[80.51954301419549,7.276165004598327],[80.51948449924826,7.276184412920173],[80.51945751388529,7.276181592486496],[80.51939451719063,7.276117803767289],[80.51935641842687,7.276069493560557],[80.51932618113,7.27605202165114],[80.51927457426928,7.276027032846701],[80.51917978891993,7.275966571960257],[80.51915172321807,7.275950912580707],[80.51903411721074,7.275891431626961],[80.51900541092297,7.275884270464754],[80.51894409680621,7.275890745670022],[80.5188857651926,7.275907893274974],[80.51886162322427,7.275916743480103],[80.51883676112463,7.275925860946672],[80.51882035823999,7.275941857691908],[80.51879789236067,7.275949530546408],[80.5187834829317,7.275968423080477],[80.51877339859291,7.276024212515156],[80.51876092806711,7.276133715875821],[80.51874175613014,7.276241135539919],[80.51873877575474,7.276250550296909],[80.51871626007099,7.276321692155867],[80.51869750098432,7.276346731436822],[80.51865246864108,7.276384323700699],[80.51863497901921,7.276397064348248],[80.51858052960715,7.276436732035855],[80.51855154102662,7.276451273827572],[80.51852318750046,7.276465453355466],[80.51846193754803,7.276513257644963],[80.51845531914462,7.27652599995255],[80.51845404895566,7.276528444450295],[80.51844208333888,7.276551315464309],[80.51843662149201,7.276597251579837],[80.51844320512289,7.276646991699327],[80.51845336519808,7.276772695761915],[80.51845466847227,7.276867738186771],[80.51845259786644,7.276904784273809],[80.51844716468008,7.27700202121018],[80.51842610202237,7.277088189686344],[80.5183962639986,7.277161239943509],[80.51835095580654,7.277210678314231],[80.5182986724008,7.277256946760169],[80.51827013895203,7.277267330830104],[80.51820611667794,7.277258158227967],[80.51814498369745,7.27726110846909],[80.51813048981732,7.277264436160379],[80.51811708737111,7.277267513078699],[80.51809425629031,7.277281787963811],[80.5180589061869,7.277336387381911],[80.51805748415238,7.277339880776903],[80.51803078925872,7.277405459683674],[80.51799063598463,7.277464215220788],[80.51797278423012,7.27748138578741],[80.51791192813799,7.277478365076971],[80.51787021403011,7.277471367330453],[80.51785026026117,7.27746802089329],[80.51778549702179,7.277482814406869],[80.51771330210246,7.277508726527529],[80.51758504268334,7.277547624876954],[80.51756099958385,7.277548108503746],[80.51751059945992,7.277549119646011],[80.51735926826733,7.27754812884023],[80.5172553733307,7.277534595386276],[80.51724281038342,7.277532958655393],[80.51723020658552,7.277526756102516],[80.51718025132797,7.277502176746689],[80.5171187789285,7.277463708018227],[80.51707782176697,7.277431787288213],[80.51704446221032,7.277405788627356],[80.51699538911473,7.277382700943463],[80.51697121545047,7.2773740067489],[80.51694730354845,7.277374715588633],[80.51694514044895,7.277375484811272],[80.51690210310402,7.277390784386803],[80.5168737545605,7.277396103502864],[80.51682079134177,7.277369034662748],[80.51678056064894,7.277352663718728],[80.51670996748454,7.277323936227973],[80.5166485611604,7.277331315359004],[80.51659158019262,7.277361575746306],[80.51654925218374,7.277418974360324],[80.51651942042365,7.277479002601425],[80.51644245053673,7.277617315050389],[80.51639161144492,7.277676063401019],[80.51635847419925,7.277704414000546],[80.51637246504038,7.277720721089191],[80.51635848128315,7.277733007890584],[80.51634879153615,7.277760347379303],[80.51620271780597,7.27788931669429],[80.51620079158977,7.277898622617258],[80.5159748699743,7.278399151635445],[80.51590427891557,7.27867118700486],[80.51598798717659,7.278977205068214],[80.51599391461237,7.279083947218795],[80.51605289665892,7.279244872813853],[80.516202911164,7.27934564349363],[80.5164516692655,7.279380640673115],[80.51675395277313,7.279235645394889],[80.51705423001255,7.279163343422762],[80.51720936328164,7.279185427454594],[80.5175289986359,7.279185489083786],[80.51796409403623,7.279245520668937],[80.5183227617933,7.279313388344984],[80.5187503831286,7.279351330168009],[80.51917155573332,7.279493772174077],[80.51937628859915,7.279671481605335],[80.51939660909687,7.279679893157598],[80.51956735883135,7.279884747416157],[80.51969029719554,7.279955814429387],[80.51996103325534,7.28002093617376],[80.5202381069612,7.280145322680778],[80.5205578470516,7.280255957963306],[80.52089899363223,7.280317561423035],[80.52108335906757,7.280389046143795],[80.52116101841911,7.28040246991056],[80.5215341733556,7.280476834301281],[80.52167140282015,7.280596800594174],[80.52157586382495,7.280884141694422],[80.52149941891084,7.280998920963132],[80.52147894819146,7.281015789059671],[80.5213382562377,7.28113653123483],[80.52133063013831,7.281145576245772],[80.52132095627911,7.281169223606089],[80.52125998420242,7.28130317994296],[80.52124717011743,7.281322642250856],[80.5212422651603,7.281335444341635],[80.52120302945357,7.281506150913299],[80.52120908507273,7.281590206984027],[80.52120716680619,7.281595211190324],[80.52120354170124,7.281690997779206],[80.52119816334424,7.281703343836305],[80.52120901588869,7.28181672265243],[80.52120571613233,7.282019442618441],[80.52120589452694,7.282019473465134],[80.52132208628443,7.282039948940161],[80.52158183463314,7.282044317374132],[80.52181183406704,7.282153573791015],[80.52190836296312,7.28218450168842],[80.52198324611416,7.282181551454362],[80.52205962471031,7.282096229572284],[80.52206834395378,7.282087135427184],[80.52214696784823,7.282001394291827],[80.5221513292739,7.281996857166667],[80.52229231520704,7.281818947017608],[80.52235699821334,7.281777030231996],[80.52236542589901,7.281771026806645],[80.52241721658207,7.281741192334363],[80.52260426032116,7.281588088384592],[80.52261655113358,7.281579477316408],[80.52271079768748,7.281517037732454],[80.52272578061991,7.281512284095108],[80.52274509086658,7.281507269730903]]]]}},{"type":"Feature","properties":{"GND_N":"Udarathmeewala","GND_NO":"196","GND_C":"195","PROVINCE_N":"CENTRAL","PROVINCE_C":"2","DISTRICT_N":"KANDY","DISTRICT_C":"1","DSD_N":"YATINUWARA","DSD_C":"36","Admin_Code":"2136195","GND_NO_Cen":"196","GND_NAME_C":"Udarathmeewala","GND_NO_Gaz":"196","GND_NAME_G":"උඩරත්මීme","shape_1":"Polygon","Area__Ha_":47.6930742331,"MWS_ID":"119-2","Alt_MWS":null,"Tot_Pop":748.0,"Density":1568.36189415,"Area":0.47693074079},"geometry":{"type":"MultiPolygon","coordinates":[[[[80.50562143321544,7.284992350345764],[80.50563439220575,7.284989258170997],[80.50579036469932,7.284991374371808],[80.50594132447394,7.284966209420893],[80.5059643609864,7.284956476679985],[80.50601105013236,7.284918404758749],[80.50610912485256,7.284785222493071],[80.50611272592666,7.284780334208398],[80.50611474054404,7.284782602482809],[80.5061632661408,7.284802288152613],[80.50616653112002,7.284803613087875],[80.50621760756343,7.284808797168247],[80.50627520855502,7.284804492737036],[80.5063540076254,7.284791881419809],[80.50637719541278,7.284789634513748],[80.50640754213268,7.284777173326971],[80.50644478159197,7.284746811178967],[80.50652813388153,7.284692424048382],[80.50658745783505,7.284687395358334],[80.50671416031258,7.284683855497915],[80.50679793021203,7.284688336459793],[80.50693890499291,7.284692090955221],[80.50694037659616,7.284692220241491],[80.50701305500385,7.284699747464989],[80.50703333486898,7.284701842130425],[80.5070665583846,7.284705274718155],[80.50713431821924,7.284726452968749],[80.50713480781071,7.284727064564509],[80.50717696793515,7.284779647361057],[80.50725524820417,7.284809281599146],[80.50731926920841,7.284700409807424],[80.5074173309155,7.28453364889352],[80.50742389928806,7.284517441472464],[80.50743044388834,7.284507688906131],[80.50747942947558,7.284407509293601],[80.5074859489647,7.284388219095331],[80.50754438632141,7.284224968594068],[80.50755085876449,7.284199508350918],[80.50756373577754,7.284180423585545],[80.50770071521924,7.283897344335928],[80.50773872311684,7.283818803415328],[80.50775464510077,7.283790250656597],[80.50789553614148,7.283582687851816],[80.50789696220583,7.283417319065589],[80.50790027285076,7.283404291923196],[80.5079037846951,7.283348394908694],[80.5079086211454,7.283338763400826],[80.50792714508778,7.28324463800986],[80.50792725872526,7.283227165257211],[80.50791794909506,7.283135118612948],[80.50791560892483,7.283115293233546],[80.50791329013414,7.283093021744327],[80.50791332477266,7.283088077975008],[80.50790505624343,7.282867294465038],[80.50790270934337,7.282852695011868],[80.50786997946173,7.282666712412977],[80.50785823546273,7.282618831980531],[80.50782362885506,7.282513956442459],[80.50781838411716,7.282457888745276],[80.50781513522419,7.282444769090128],[80.50781457749437,7.282374509428331],[80.50781877506958,7.28229703539556],[80.50783125072802,7.282236997496244],[80.50783544988553,7.282219264016204],[80.50783977490813,7.282204607028093],[80.50785523420315,7.282117934838304],[80.50786126822766,7.282092533105888],[80.50786062018516,7.282081206405336],[80.5078744981336,7.281944433430022],[80.50794347174191,7.28186717866706],[80.50803224943863,7.281760307253635],[80.5080879021169,7.28164760970265],[80.50805811136641,7.281362044979468],[80.50805686553652,7.28133558090121],[80.50803845489332,7.281138762462917],[80.50810768368432,7.281099695365861],[80.50820167096289,7.281060544354704],[80.50822150763449,7.281050743579438],[80.50832026032442,7.281049819989895],[80.50844847366785,7.28098004799605],[80.5085260373058,7.280931349578099],[80.50853091496136,7.280931573112012],[80.5086465847053,7.280900641325268],[80.50867615925445,7.280891641164331],[80.50879420479713,7.280832669403799],[80.50885160086715,7.280855408404701],[80.50885436807856,7.280868360474479],[80.5089176233115,7.280975759580347],[80.50893601325343,7.280992622918824],[80.50894910008768,7.281001282056465],[80.50902540552164,7.281040117836615],[80.50903333166897,7.281043234202181],[80.50906255796458,7.281058001444018],[80.50907836974812,7.28106382631203],[80.50918005998145,7.281078825319276],[80.50919571468278,7.281079219788036],[80.50920621809723,7.281079602173607],[80.50925451191826,7.281144670410233],[80.50931482714539,7.28109205059497],[80.5093297510945,7.28108462065179],[80.5093820274907,7.281058594168599],[80.50938950124134,7.28105487287278],[80.50944175818633,7.281032629949003],[80.50946032506656,7.281029048123605],[80.50953814314516,7.281026229180137],[80.5095566860298,7.281026469799478],[80.50965707752657,7.281027769645541],[80.50968665419968,7.281039685806149],[80.5098202713475,7.281072610361658],[80.50983145953295,7.281072815893686],[80.50995595679203,7.281093617462461],[80.50997499329152,7.28109379686303],[80.51000162128334,7.281097908090604],[80.51000543311106,7.281097944696495],[80.51008192196257,7.28107935936573],[80.51008959589672,7.281075567640776],[80.51013599464493,7.281014201306219],[80.51013612510394,7.28099876684337],[80.51013626008852,7.280983336904649],[80.51012587175288,7.280860009113727],[80.51012623902787,7.280817718980374],[80.51013021977417,7.280798529427804],[80.51020943886527,7.280718867656175],[80.51023575210372,7.28068845443635],[80.51026211880979,7.280657976136879],[80.51031869317123,7.28056605775843],[80.51032997069613,7.280531438855184],[80.51032995485247,7.280527588349524],[80.51032138188947,7.280469466860932],[80.51034793082565,7.280377147411805],[80.51035170191335,7.280369465816219],[80.51035926266515,7.280350241287863],[80.51038555712215,7.280265571133941],[80.5105242612008,7.280255238706701],[80.51054310796145,7.28025152678093],[80.51070169107939,7.280279279584558],[80.51082225964413,7.280295215295319],[80.51090410920207,7.280275977347548],[80.51098609794616,7.280295724613989],[80.51107550301094,7.280233759412702],[80.51108713284844,7.280222114359549],[80.51110263163832,7.280202668393785],[80.5111100101006,7.280120624040247],[80.51110209272095,7.280101044989046],[80.51103522969848,7.28001095139662],[80.51102339138824,7.279987461674938],[80.51104651829291,7.279940426461664],[80.51106198285551,7.279912942180554],[80.51112821263207,7.27985383995474],[80.51115855242878,7.27979688520416],[80.51109906337744,7.279706416135051],[80.51105941096013,7.279612207656945],[80.5110554471002,7.279561136968607],[80.5110753150646,7.279431590877238],[80.51107928968005,7.279411953682698],[80.51109919426187,7.279258592947818],[80.51107527467279,7.279088794452981],[80.51107123926971,7.279053134752086],[80.51105131891126,7.278931262724553],[80.51108555382699,7.278858848585538],[80.51110986147225,7.278807431832536],[80.51110356552141,7.278802731225948],[80.5110898004264,7.278792456678687],[80.51101955472612,7.278739874059101],[80.51096188511792,7.27870357705044],[80.51085812756858,7.278658120521921],[80.51074295709597,7.27861437363247],[80.51070721747548,7.278598196498685],[80.51067994331369,7.278585851313505],[80.51063403160359,7.278575785776083],[80.5106024251337,7.27857838969153],[80.51055722659896,7.278589122492314],[80.51049516808635,7.278623992834642],[80.51044035434549,7.278664020106502],[80.5103883366718,7.278720326359707],[80.51029555621423,7.278939562979503],[80.51024126165498,7.27902209339271],[80.51019494799672,7.279077769964519],[80.5101333461521,7.279112096134787],[80.51012905738429,7.279114597611798],[80.51007944211906,7.279143533072447],[80.50994051422406,7.279143902604249],[80.50984044850402,7.279134530368434],[80.50982260463303,7.279134656415136],[80.50978221479332,7.279134946431849],[80.50971654218684,7.279159866363653],[80.50968285080013,7.279177960496598],[80.50965095133122,7.27919509441463],[80.50958301520488,7.279217479153284],[80.50946735881817,7.27922970944213],[80.50930728074395,7.279237518623876],[80.50922589407654,7.279241488412179],[80.50920734153155,7.279242393520353],[80.50913253269843,7.279246056998469],[80.50902302419355,7.279277459182303],[80.50896888584317,7.279302212187488],[80.50895948276444,7.279306513801186],[80.5089499193516,7.279310875907911],[80.50888325327216,7.2793280163677],[80.50885182698664,7.279324471046325],[80.50878937679649,7.279293992804701],[80.50878763666196,7.279293143546024],[80.50873052731254,7.279234691315542],[80.50867562480781,7.279118548050647],[80.5086495806064,7.279054144908763],[80.50860859562596,7.278989012207428],[80.50857772384,7.278969821051192],[80.50856124577822,7.278965199393142],[80.50854250218647,7.278959943386887],[80.50847503293434,7.278955562856251],[80.5084125420964,7.278960136895921],[80.50834450471176,7.278998980495324],[80.50828044492089,7.279051481321106],[80.50822318423619,7.27908942607954],[80.50815814759204,7.279112357610394],[80.50806006716584,7.279108952709023],[80.50800265635358,7.279102316420231],[80.50795593839443,7.279078956970657],[80.50792817433054,7.279014825869189],[80.5079032146496,7.278952866740959],[80.5078840653333,7.27887146867422],[80.50787586858605,7.278846794597277],[80.50786345549618,7.278809421692905],[80.50784662033698,7.27879005885493],[80.50782462221305,7.278776662218363],[80.50779791074281,7.278770044107568],[80.5076848915228,7.278759668087178],[80.50763590148547,7.27875285588989],[80.50759374184507,7.278729178988242],[80.507549984293,7.278704604976197],[80.50744035550075,7.278633912502303],[80.50734747699495,7.278568476682859],[80.50730484330835,7.278533363736322],[80.50718204248876,7.278378472440493],[80.50713579989447,7.278317496254041],[80.50709045524903,7.27827550811688],[80.50701358697467,7.2782384775744],[80.50692242262056,7.27818579146729],[80.50686691889766,7.278147823194221],[80.50686394147553,7.278145785850501],[80.50674615575106,7.278082866218448],[80.50664167623809,7.278034151036042],[80.5065650624313,7.278004860447421],[80.5065225208408,7.277988593934255],[80.50643985304394,7.277962048780267],[80.50633449098787,7.277939945552276],[80.50628854025862,7.277930305480327],[80.50625445319908,7.277923965023427],[80.50620269552867,7.27791433775718],[80.50616448842335,7.277896408081866],[80.50609877597893,7.277835058461011],[80.5060845868961,7.277817716434233],[80.5060552467454,7.277781858932399],[80.50599559778195,7.277730730564834],[80.50596198405594,7.277724947415897],[80.50589535607331,7.277713488175594],[80.50583422405545,7.277713179474016],[80.50580569006445,7.277722475782591],[80.50571889015497,7.277790788757745],[80.50570811893851,7.277800677136168],[80.5056618036952,7.277843202948283],[80.50562381652759,7.277907114020535],[80.5056072883102,7.277983245923041],[80.50559935784227,7.278067519826162],[80.50557404760231,7.278139215422565],[80.50555465301812,7.278160997376829],[80.5055282896442,7.278175089545456],[80.50541589229516,7.278188224147047],[80.50523291880822,7.278196651210003],[80.50515044294089,7.278200450515999],[80.50498660854876,7.278208398810781],[80.50478537141375,7.27822380586602],[80.50475810597538,7.278225892910058],[80.504702226525,7.278230200924531],[80.50464714784053,7.278253769121957],[80.50463810843556,7.278261706136047],[80.50450687935958,7.278376938767829],[80.50441427113407,7.278465050279838],[80.50436117254989,7.278508968111623],[80.50432057161316,7.278554609798883],[80.50430161108886,7.278595373142351],[80.50429509020418,7.27860939486509],[80.50429217721761,7.278635706337123],[80.5042823803402,7.278660750371164],[80.50426516092406,7.278681177128585],[80.50422881985565,7.278719677422806],[80.50409861250029,7.278829742484533],[80.50409265218096,7.278834776737341],[80.50404062125375,7.278878719586022],[80.50401300149801,7.278902111597339],[80.50398172477198,7.27892851000197],[80.50397322890379,7.278936149815004],[80.50388295574699,7.279017342031413],[80.50383856577449,7.27903856538482],[80.5038267001295,7.279044528409847],[80.50374326311444,7.279090505073602],[80.50367639044252,7.279145084321296],[80.50365099109716,7.279212256448877],[80.50363285762188,7.279246541877862],[80.50361234050077,7.279285329266905],[80.50360819609385,7.279293165212819],[80.50355779445565,7.279374339774153],[80.50354305107075,7.279400636877226],[80.50350321526793,7.279471699623248],[80.50344474549605,7.279561461029209],[80.5034329601127,7.279581438878385],[80.50342376770267,7.279655132596742],[80.50341540119395,7.279697431447334],[80.50340323659545,7.279758933456677],[80.50339584487108,7.279848634306581],[80.5033783009896,7.279954698610204],[80.50335762491146,7.280060066524181],[80.50335259215474,7.2800857165717],[80.50326458457089,7.280198337933166],[80.50321543661029,7.280320697576157],[80.5031663448593,7.280442912558651],[80.50316644336887,7.280443251729251],[80.50319318748511,7.280632420453435],[80.503195927095,7.280651801178688],[80.5031810468706,7.280699086903611],[80.50316978602798,7.280748634648503],[80.50311290120567,7.280914175185007],[80.50310065444968,7.280946698048114],[80.50295522510109,7.281020785160434],[80.50290838780174,7.280962843923992],[80.50284800013061,7.280997857974307],[80.50284402824482,7.28105273099218],[80.50283698865321,7.281149938600037],[80.5028184960147,7.281232681396956],[80.50276143159445,7.281488008451764],[80.50264326150442,7.281591070209348],[80.5026257805924,7.281606318736118],[80.50262023026335,7.281620662945778],[80.50261657927656,7.281637648849168],[80.50259198704332,7.281680117819902],[80.50258893273157,7.281685393446242],[80.50258199448481,7.281699019708957],[80.50251269196852,7.28183183791263],[80.50246540043528,7.281843345410095],[80.50239817375707,7.281869967907253],[80.50237783773402,7.281880078292612],[80.50230869400828,7.281945134017483],[80.50230117414519,7.281959057436666],[80.50226485995978,7.282130032454862],[80.5022612992045,7.282141571832426],[80.50224586378475,7.282208050870832],[80.50224352125844,7.282214888645171],[80.50223884324976,7.282227403985895],[80.50223767220916,7.282231947365606],[80.50219048084222,7.282296146429064],[80.50218934064021,7.282296139408384],[80.50218136351536,7.28230393774932],[80.50217567676823,7.282307258497932],[80.50211029287541,7.282357916451348],[80.50210691141949,7.282359043868685],[80.5020967507346,7.282366922271715],[80.50207753514705,7.282382693311539],[80.50203675695167,7.282412063655161],[80.50202768869336,7.282416597726657],[80.50202086506388,7.282423384856117],[80.50201745324797,7.282426780229383],[80.50200374320305,7.282448289649507],[80.50198551356178,7.282463054800975],[80.5018775726992,7.282563966696756],[80.50181815965684,7.282592288491066],[80.50166325703098,7.282611981417537],[80.50164877482992,7.282612035024881],[80.50162936170788,7.282614545324725],[80.50145374719024,7.282614545408749],[80.501451275685,7.282614545716304],[80.5012954597445,7.282609643817382],[80.50129051311156,7.282609644428563],[80.5012781498365,7.282607191698325],[80.501265784161,7.282607191417621],[80.50119479214091,7.282589903338069],[80.50112484146226,7.282572870892287],[80.50111741879721,7.282572870900299],[80.50109749070832,7.282573329920392],[80.50099137532554,7.282583838408123],[80.50093977127928,7.282588950648296],[80.50078800480962,7.282644346794934],[80.5009858859097,7.282803995017],[80.50102304644953,7.282805311671209],[80.50112960376686,7.282830560222282],[80.5011524591588,7.282860884318994],[80.50116327739639,7.282875238459899],[80.50116643729119,7.282897354944353],[80.50122029604937,7.28304883197807],[80.50123927188079,7.283105551022273],[80.50128348802082,7.283189095979664],[80.50133414315437,7.283284803107918],[80.50137527517197,7.283331900333728],[80.50139108762924,7.283363322477167],[80.50147640113178,7.283510839687985],[80.50148902999622,7.283523356487164],[80.50149885327872,7.283544611604811],[80.50156459540392,7.283686855718591],[80.50158186448411,7.283693961311502],[80.50169143857445,7.283683801139379],[80.50174257520219,7.283679058391497],[80.50179972113536,7.283673760428403],[80.50191280479918,7.283663273167573],[80.5019723993049,7.283788029835719],[80.50203067950001,7.283981715678294],[80.50204649378651,7.284002791748631],[80.50218251446661,7.284098787449185],[80.50223715901357,7.2841248543358],[80.50233269122134,7.284154801895109],[80.50235844089103,7.284158809954093],[80.50239138583669,7.284170438350412],[80.50240238438776,7.28417431991801],[80.50254292636805,7.284198397763152],[80.50259495188082,7.284206444016104],[80.50261351303139,7.284214088408713],[80.502628496106,7.284214038692492],[80.50276586684159,7.28427942642086],[80.50278821683709,7.284283239785289],[80.50286925914558,7.284255748427388],[80.50288456607825,7.284251819467523],[80.50292642268167,7.28424392764602],[80.50293745840023,7.284247761295592],[80.50295554896498,7.284259322801504],[80.50302683709405,7.284259291712315],[80.50305214044705,7.284275005577872],[80.50311420619718,7.284306650020797],[80.50313652343544,7.284310725594297],[80.50314689750157,7.284330394875742],[80.503157476779,7.284346191179925],[80.50320152328528,7.284374135203764],[80.50326721737467,7.284438224349818],[80.50329718874927,7.284450467617225],[80.50331949049948,7.284466682445946],[80.50334924442862,7.284491053096247],[80.50340237215123,7.284503616882909],[80.50341765942208,7.284503752705144],[80.50344041789805,7.284512032603669],[80.50347071004762,7.284528494595532],[80.50352438665952,7.284528981822149],[80.50352822296732,7.284529016689767],[80.50355502395279,7.284533317403303],[80.50357417134057,7.284537550200944],[80.50364717435177,7.284545778987484],[80.5036663997892,7.284549743252302],[80.50369717158314,7.284557810935812],[80.5037241108577,7.284574562978612],[80.50378985781178,7.284608286718067],[80.50382088924988,7.284616823879549],[80.50382476269998,7.284616842489716],[80.50393364184357,7.284642020358672],[80.50399602351152,7.284654608637998],[80.50402333171311,7.284658843615849],[80.50411286392765,7.284659289049782],[80.50413611797057,7.284655304241019],[80.50415558846451,7.284655401861671],[80.50432875528976,7.284606754473192],[80.50433652483134,7.284606791698389],[80.50444281710614,7.284643094353113],[80.50447782573984,7.284677897338992],[80.50448101796268,7.284684225714249],[80.50462882724388,7.284820949154882],[80.5046504136372,7.284840107879496],[80.5046781799464,7.284865679966176],[80.50469350738463,7.284884862059865],[80.5047119302063,7.284907266210674],[80.50475832767665,7.284952186950413],[80.50478329037263,7.284968290269529],[80.50479257834654,7.284977934738746],[80.50480496985456,7.284990802173938],[80.50485514721355,7.285016678882521],[80.50487087716476,7.285023170316784],[80.50491176189273,7.285042632695435],[80.50492752081945,7.285049135901038],[80.50500076167629,7.285043064976898],[80.50502303335776,7.285043173283637],[80.5050990271403,7.285011910296992],[80.50518984095643,7.28496861366349],[80.50520860593832,7.284965741107166],[80.50527149176118,7.284944293607508],[80.50530877200516,7.284977337227586],[80.50531805517143,7.284990481310616],[80.50535544824254,7.28503019870205],[80.50545658363691,7.285071521402511],[80.50549172072822,7.285069043866302],[80.50558575012504,7.285008239185776],[80.50562143321544,7.284992350345764]]]]}},{"type":"Feature","properties":{"GND_N":"Madiligama","GND_NO":"195","GND_C":"190","PROVINCE_N":"CENTRAL","PROVINCE_C":"2","DISTRICT_N":"KANDY","DISTRICT_C":"1","DSD_N":"YATINUWARA","DSD_C":"36","Admin_Code":"2136190","GND_NO_Cen":"195","GND_NAME_C":"Madiligama","GND_NO_Gaz":"195","GND_NAME_G":"මාදිලිගam","shape_1":"Polygon","Area__Ha_":41.3933926475,"MWS_ID":"119-2","Alt_MWS":null,"Tot_Pop":887.0,"Density":2142.85407921,"Area":0.41393392514},"geometry":{"type":"MultiPolygon","coordinates":[[[[80.49875318241675,7.284031843419589],[80.49897507753154,7.284016158821211],[80.49917286516566,7.284025596064386],[80.49921768110556,7.283987312107116],[80.4993023501246,7.283914990426934],[80.49940621688829,7.283786825730274],[80.49952067312904,7.283670784147072],[80.49953326895593,7.28366030473052],[80.49954540927399,7.283657154354362],[80.49962611344309,7.283636214997573],[80.49971913916364,7.283640007516127],[80.49981085897689,7.2836437458642],[80.49988448682197,7.283645781204016],[80.49996210283602,7.283642394095438],[80.50012660206967,7.283607963981683],[80.500177494168,7.283597312591034],[80.50034541764158,7.283518432906898],[80.50035360522837,7.28351458740726],[80.50040628313616,7.283431551793029],[80.50041588227994,7.283416420633066],[80.50041638533656,7.283190615486737],[80.50042497848163,7.283136682174906],[80.50043011418582,7.283104447149009],[80.50043072253209,7.283100408933392],[80.50043647958076,7.283062130875152],[80.50045539516066,7.283005413196961],[80.50045644219274,7.283002277736229],[80.50049043350131,7.28295238130843],[80.50051264827164,7.282940216691515],[80.5005457579801,7.282922085836604],[80.50063387779045,7.282873829312178],[80.5006899795546,7.282843107467616],[80.50070990317099,7.282832197512512],[80.50071030903639,7.282831974398538],[80.50077707328444,7.282821470959505],[80.50090506231301,7.282801336943481],[80.50090613017159,7.282801168489956],[80.5009858859097,7.282803995017],[80.50078800480962,7.282644346794934],[80.50093977127928,7.282588950648296],[80.50099137532554,7.282583838408123],[80.50109749070832,7.282573329920392],[80.50111741879721,7.282572870900299],[80.50112484146226,7.282572870892287],[80.50119479214091,7.282589903338069],[80.501265784161,7.282607191417621],[80.5012781498365,7.282607191698325],[80.50129051311156,7.282609644428563],[80.5012954597445,7.282609643817382],[80.501451275685,7.282614545716304],[80.50145374719024,7.282614545408749],[80.50162936170788,7.282614545324725],[80.50164877482992,7.282612035024881],[80.50166325703098,7.282611981417537],[80.50181815965684,7.282592288491066],[80.5018775726992,7.282563966696756],[80.50198551356178,7.282463054800975],[80.50200374320305,7.282448289649507],[80.50201745324797,7.282426780229383],[80.50202086506388,7.282423384856117],[80.50202768869336,7.282416597726657],[80.50203675695167,7.282412063655161],[80.50207753514705,7.282382693311539],[80.5020967507346,7.282366922271715],[80.50210691141949,7.282359043868685],[80.50211029287541,7.282357916451348],[80.50217567676823,7.282307258497932],[80.50218136351536,7.28230393774932],[80.50218934064021,7.282296139408384],[80.50219048084222,7.282296146429064],[80.50223767220916,7.282231947365606],[80.50223884324976,7.282227403985895],[80.50224352125844,7.282214888645171],[80.50224586378475,7.282208050870832],[80.5022612992045,7.282141571832426],[80.50226485995978,7.282130032454862],[80.50230117414519,7.281959057436666],[80.50230869400828,7.281945134017483],[80.50237783773402,7.281880078292612],[80.50239817375707,7.281869967907253],[80.50246540043528,7.281843345410095],[80.50251269196852,7.28183183791263],[80.50258199448481,7.281699019708957],[80.50258893273157,7.281685393446242],[80.50259198704332,7.281680117819902],[80.50261657927656,7.281637648849168],[80.50262023026335,7.281620662945778],[80.5026257805924,7.281606318736118],[80.50264326150442,7.281591070209348],[80.50276143159445,7.281488008451764],[80.5028184960147,7.281232681396956],[80.50283698865321,7.281149938600037],[80.50284402824482,7.28105273099218],[80.50284800013061,7.280997857974307],[80.50290838780174,7.280962843923992],[80.50295522510109,7.281020785160434],[80.50310065444968,7.280946698048114],[80.50311290120567,7.280914175185007],[80.50316978602798,7.280748634648503],[80.5031810468706,7.280699086903611],[80.503195927095,7.280651801178688],[80.50319318748511,7.280632420453435],[80.50316644336887,7.280443251729251],[80.5031663448593,7.280442912558651],[80.50321543661029,7.280320697576157],[80.50326458457089,7.280198337933166],[80.50335259215474,7.2800857165717],[80.50335762491146,7.280060066524181],[80.5033783009896,7.279954698610204],[80.50339584487108,7.279848634306581],[80.50340323659545,7.279758933456677],[80.50341540119395,7.279697431447334],[80.50342376770267,7.279655132596742],[80.5034329601127,7.279581438878385],[80.50344474549605,7.279561461029209],[80.50350321526793,7.279471699623248],[80.50354305107075,7.279400636877226],[80.50355779445565,7.279374339774153],[80.50360819609385,7.279293165212819],[80.50361234050077,7.279285329266905],[80.50363285762188,7.279246541877862],[80.50365099109716,7.279212256448877],[80.50367639044252,7.279145084321296],[80.50374326311444,7.279090505073602],[80.5038267001295,7.279044528409847],[80.50383856577449,7.27903856538482],[80.50388295574699,7.279017342031413],[80.50397322890379,7.278936149815004],[80.50398172477198,7.27892851000197],[80.50401300149801,7.278902111597339],[80.50404062125375,7.278878719586022],[80.50401933510051,7.278886303780999],[80.50399509377152,7.278891016864691],[80.50392568118153,7.278904512432197],[80.50382339879964,7.27896096942326],[80.50378273345112,7.278967634030103],[80.50373256391033,7.278960008643713],[80.50367878912051,7.278928235459468],[80.50347937714311,7.278764253198451],[80.50338815087622,7.278664726508234],[80.5032559251827,7.278522398236378],[80.50323590560538,7.278494734584823],[80.50323582326031,7.2784946224024],[80.50311603071351,7.278329065691095],[80.50317227705163,7.277734794136535],[80.50317580581338,7.277570936827236],[80.50318029422976,7.277362681847594],[80.50324400256075,7.276997837505887],[80.50330324428724,7.276830577449111],[80.50331019222303,7.276818732639045],[80.50334022500346,7.276767523243561],[80.50339480942992,7.276674462421159],[80.50350402704626,7.276528936465857],[80.50358916413806,7.276405379432885],[80.50359022828259,7.276403836439289],[80.50366501198887,7.276291025242621],[80.50376201079337,7.276134731635342],[80.50377785043345,7.276114999466004],[80.50392206930775,7.275935340978544],[80.50400187791887,7.27589659554162],[80.50402769519322,7.275883860478397],[80.50408570211346,7.275854801406392],[80.50413731152486,7.27582894783157],[80.50422412752278,7.275736671295911],[80.50426058507229,7.275653226608104],[80.50427146852702,7.275628364985109],[80.50427672752696,7.27561633647576],[80.504297679177,7.275568426758068],[80.50433899117715,7.275392746712571],[80.50442808901224,7.27527225834795],[80.50448012734327,7.275228784765942],[80.50447919122061,7.275228287745292],[80.50447532822092,7.275224581427815],[80.504412306455,7.275171688366287],[80.50441101229788,7.27517170748405],[80.50440711218637,7.275167971301944],[80.5043494735377,7.275112010471419],[80.50436852685942,7.2750777960869],[80.5043944215732,7.275055174370573],[80.5044343111001,7.275020323204087],[80.5045152986896,7.274981488849929],[80.50452662203809,7.27497503896464],[80.50458396896306,7.274942374899537],[80.50459421981571,7.274931788115832],[80.50463752585672,7.2748870631546],[80.50461814411833,7.274871096119223],[80.5045853295961,7.274848411144333],[80.50458279534269,7.274845902009379],[80.50457521826026,7.274840853297245],[80.50456891933555,7.274838293072045],[80.50449812427009,7.274810015743682],[80.50449177719817,7.274806199420382],[80.5044854265038,7.274802383094785],[80.50448034186829,7.274798585614722],[80.50441926715249,7.274757911676895],[80.50441289382798,7.274754079963718],[80.50440650724651,7.274752713355428],[80.50423773461854,7.274667744684476],[80.50409982745914,7.27471843448691],[80.50390413948203,7.274707259123134],[80.50376321375501,7.274693506823315],[80.5037605113611,7.27469350067605],[80.50374966246163,7.274688105445097],[80.50373339862014,7.27468001576894],[80.50371986362507,7.274674620729731],[80.50370095391735,7.274671901887119],[80.5036333783659,7.274642260875635],[80.50361447783477,7.274628845109399],[80.50359830816043,7.274620793465696],[80.50357136574424,7.274596714815969],[80.50351112304543,7.274573146936352],[80.50346859917201,7.274555263277702],[80.50341908176327,7.274524339061697],[80.50309061095271,7.274674285080047],[80.50303621143416,7.274689564724405],[80.50293752930955,7.274704930680124],[80.5029280301455,7.274704962928451],[80.50277071228001,7.274747026277104],[80.50275824086641,7.274750005638514],[80.50257462704403,7.274817595800953],[80.50254081477918,7.274835008399166],[80.50239828646913,7.274889353666039],[80.5023802277089,7.274903630633],[80.50220602040449,7.275025181184406],[80.50174738108757,7.27554268826707],[80.50173601506303,7.275559664066438],[80.50172170380547,7.275573859176922],[80.50164435076002,7.275653441014237],[80.5016328149702,7.275659170876361],[80.50158645906104,7.275690898040731],[80.50156333142614,7.275708152459552],[80.5014308569848,7.275771529287032],[80.50140507401821,7.275785825940794],[80.50137932819364,7.275800101816714],[80.50134219974713,7.275822876594332],[80.50130514196199,7.275845608909717],[80.50118891474155,7.275896654593173],[80.50115797944551,7.275902323827407],[80.50114958332948,7.275902335004446],[80.50113002268019,7.27590516894254],[80.50090330310664,7.275947035721168],[80.50088387833915,7.275949803717477],[80.50086170498301,7.275952566424335],[80.50070655120224,7.276083293898992],[80.50051349671324,7.276691381733676],[80.50050032218427,7.276714091444834],[80.50045320308492,7.276879998420911],[80.50044973702164,7.276899605072358],[80.5004461963041,7.276925783200008],[80.50043614407697,7.276951968212865],[80.50043266438362,7.276971647199465],[80.50043692814413,7.27715688134279],[80.50043990517051,7.277180259217164],[80.500439650219,7.27720029646064],[80.50044284480677,7.277207026371496],[80.50049054834449,7.27740245035852],[80.5005229014484,7.277596329497181],[80.50052564702644,7.277645761816316],[80.50052671719595,7.277646238127908],[80.50052316064208,7.277653857371644],[80.50050400773408,7.277687359834178],[80.50046659310023,7.277752807196652],[80.50043303696269,7.277811505429617],[80.50039857239737,7.277871794667665],[80.50037129266647,7.277919513136019],[80.500320465679,7.278008422417984],[80.50003190385,7.278513186514485],[80.50002182419111,7.278530819567503],[80.49978902085495,7.278938048451157],[80.49969755668174,7.279098042165202],[80.49963718010186,7.279203654203156],[80.4995428282648,7.279368697514122],[80.49955917653321,7.279782816388585],[80.49955930228225,7.279785990545091],[80.49944037501093,7.279844474625291],[80.49929569092855,7.279927218744181],[80.49922409311294,7.280013897835055],[80.49912918994886,7.280136775184025],[80.49911868160542,7.280150381119866],[80.49909151063403,7.280210781412046],[80.49901666227615,7.28036103501496],[80.49901043024938,7.280370394279705],[80.49900379285182,7.280379173642213],[80.4989963126699,7.280390303658277],[80.49896741791139,7.280435015156114],[80.49890861200377,7.280523362314457],[80.49883758401097,7.280613898507827],[80.49876232514154,7.280709827125118],[80.49874901901285,7.280728234052299],[80.49874033377219,7.280740248630509],[80.498733074929,7.280752241475766],[80.49872804282356,7.280757250903317],[80.49861367078879,7.280915462411367],[80.4985742569458,7.280946907733792],[80.49856021811624,7.280955049540401],[80.49842612806368,7.281032813570333],[80.49840256175538,7.281049981631877],[80.49832937300404,7.281103291967434],[80.49830680243788,7.281119730868252],[80.49825080275522,7.281168616174726],[80.49822072627812,7.281184966360541],[80.49818983624047,7.281194442490219],[80.49815008093191,7.281192068700505],[80.49808734689434,7.281192437078165],[80.49806058236409,7.281192594251223],[80.49805263351634,7.281192641814035],[80.49803080311119,7.281201306018281],[80.49802146255414,7.281220021012047],[80.49801127054337,7.28125072735163],[80.49797936344461,7.281346868762935],[80.49782890565149,7.281575561299523],[80.49781011586502,7.281604123683342],[80.4976573386812,7.281741664405549],[80.49755866616199,7.281778329819058],[80.4975198296162,7.281792759261434],[80.49733039242918,7.281901517055371],[80.49727660419819,7.281925387152439],[80.49721135461544,7.281954345882921],[80.49709414052697,7.281992883406038],[80.49701780920034,7.28202959503434],[80.49693959084539,7.282067212493284],[80.49690926609586,7.282092372084843],[80.49684020879603,7.282149671755601],[80.49683493433324,7.282154048907968],[80.49679561322381,7.282180159681063],[80.49665602889652,7.282370415076244],[80.4966870624629,7.282414484312074],[80.49671439589012,7.282440502418592],[80.49673620814488,7.282461267675327],[80.49678427745644,7.282495660610858],[80.49684466736541,7.282499018480628],[80.49685500584535,7.28249959366672],[80.49691577998993,7.282490861328237],[80.49697031984857,7.282456982090488],[80.49697945314335,7.282452799933422],[80.49699713542748,7.282444701121073],[80.4970111904078,7.282442774601919],[80.49701179721494,7.282537836369785],[80.49701306378988,7.282556074991064],[80.49703905340186,7.282649186483428],[80.4970393415095,7.282656320651545],[80.49703663816405,7.282681188928965],[80.49702748205848,7.28273099641778],[80.49699996647766,7.282848487260933],[80.49698663415948,7.2828782574955],[80.4968917268808,7.283001416453132],[80.49684448680053,7.283034732288214],[80.49683007499334,7.283049790765611],[80.49677889087788,7.283090317725646],[80.49672897387192,7.283208110308361],[80.4967173440293,7.283385660707733],[80.4967101448931,7.28340929274426],[80.49670300295014,7.283437085481104],[80.49668939689744,7.283534381114134],[80.49669343519264,7.283543120011569],[80.49692985000804,7.283722464014943],[80.49708976005262,7.283776634184666],[80.49711422571468,7.28379336247703],[80.49738632264005,7.283909385958282],[80.49739700925848,7.283919670772541],[80.49742928709928,7.283953905606167],[80.49744376925904,7.283974492688658],[80.49746913183888,7.284005383693009],[80.49752746309703,7.284133835075759],[80.49753110421922,7.284147813211836],[80.49753133110417,7.284179289177963],[80.49753869740186,7.28421778416585],[80.49752217809448,7.284389710473147],[80.49752225217856,7.284400258225708],[80.49751531690414,7.284424878832904],[80.49751188865629,7.28444599112444],[80.49750475486701,7.284463570761496],[80.49748028105948,7.284625503310847],[80.49747293667443,7.284639465633974],[80.49746922084434,7.284656971415768],[80.49746547713931,7.28468147823877],[80.49745075133293,7.284726823216473],[80.49744706215235,7.284740772418856],[80.49743967711716,7.284772140602496],[80.49737682159864,7.28502527846284],[80.49737421494366,7.285034382210364],[80.49740829698733,7.285039203224462],[80.49747066751613,7.285043180782402],[80.4975009621092,7.285045113847218],[80.49750178712317,7.285045166804824],[80.49750085054174,7.285046858165128],[80.49749913713886,7.285051114534004],[80.49750404266469,7.28505465606669],[80.49756780905632,7.285096327330597],[80.49757188273763,7.285097680858446],[80.49761804718932,7.285130143677495],[80.49762618675838,7.285139603104483],[80.49763296931019,7.285142306605546],[80.49767227524896,7.285173361727396],[80.4976804018615,7.285177408934874],[80.49771181192581,7.285190091133334],[80.49772206395905,7.28518116842937],[80.49772452412107,7.285179026763163],[80.49773968650817,7.28516583247601],[80.4977556885758,7.285149471861273],[80.49776169822927,7.285142525143562],[80.49776903359853,7.285135829731954],[80.49784779785682,7.28505530545802],[80.4980284209752,7.284852131787247],[80.49804889439729,7.284844277909817],[80.49806393469476,7.28483370599383],[80.49806565711519,7.284832439230286],[80.49809740688887,7.284777409743265],[80.49812041867001,7.284737525454288],[80.49816240879223,7.284641061994585],[80.49818835623732,7.28456810036212],[80.49828345909073,7.284408282008262],[80.49830189641456,7.284311072483127],[80.49832180294354,7.28420610409586],[80.49838107359056,7.284140580860448],[80.49840004909476,7.284128216321553],[80.49844250206822,7.284100557374221],[80.49856792722142,7.284082595485946],[80.49862482592972,7.284074447434438],[80.49869004683858,7.284051247954207],[80.49875318241675,7.284031843419589]]]]}},{"type":"Feature","properties":{"GND_N":"Kavudupana","GND_NO":"207","GND_C":"215","PROVINCE_N":"CENTRAL","PROVINCE_C":"2","DISTRICT_N":"KANDY","DISTRICT_C":"1","DSD_N":"YATINUWARA","DSD_C":"36","Admin_Code":"2136215","GND_NO_Cen":"207","GND_NAME_C":"Kavudupana","GND_NO_Gaz":"207","GND_NAME_G":"කවුඩුපන","shape_1":"Polygon","Area__Ha_":51.2907257472,"MWS_ID":"119-2","Alt_MWS":null,"Tot_Pop":922.0,"Density":1797.59593873,"Area":0.51290725582},"geometry":{"type":"MultiPolygon","coordinates":[[[[80.51894409680621,7.275890745670022],[80.51900541092297,7.275884270464754],[80.51903411721074,7.275891431626961],[80.51915172321807,7.275950912580707],[80.51917978891993,7.275966571960257],[80.51927457426928,7.276027032846701],[80.51932618113,7.27605202165114],[80.51935641842687,7.276069493560557],[80.51939451719063,7.276117803767289],[80.51945751388529,7.276181592486496],[80.51948449924826,7.276184412920173],[80.51954301419549,7.276165004598327],[80.51958169922162,7.276139524425958],[80.51961019328301,7.276097883195225],[80.51961578024746,7.276089716935596],[80.5196552187654,7.276016402544871],[80.51970568596894,7.275976732466441],[80.51973995850173,7.275954836224688],[80.5197845943259,7.27592631915538],[80.5198493694744,7.275907602508145],[80.51985705955855,7.275905380481019],[80.51988395428066,7.275905124418108],[80.51991073668022,7.275912886698434],[80.5199598899653,7.275927131889293],[80.51995992255985,7.275927146376509],[80.52006932306298,7.275987700375342],[80.52008176282278,7.275992514659598],[80.52012216285458,7.276015314964472],[80.52016616720353,7.276030319544259],[80.52021062700112,7.276045479012283],[80.52029022014422,7.276065058649071],[80.52031213498998,7.276066064858851],[80.52038005922877,7.276064568650176],[80.52038639795907,7.276064208704027],[80.52039441792363,7.276063179623014],[80.52042886618518,7.276058758078555],[80.52046637208592,7.276053943984698],[80.52055903010236,7.276033199271269],[80.52062235013476,7.276007644295531],[80.52070013898792,7.275984520994221],[80.52071464876416,7.275980207542836],[80.52078439800071,7.275951218935635],[80.52082609646749,7.275931284603868],[80.5209191038483,7.275886819375359],[80.52107029770224,7.275811034911627],[80.52115907060794,7.27577563825788],[80.52119940006924,7.275772732856923],[80.52124375070211,7.275769538532835],[80.52130760722643,7.275752844975547],[80.5213504612328,7.275723298557905],[80.52139069972021,7.275674581357319],[80.52142876869017,7.275615551223042],[80.52147127047432,7.275568190830523],[80.5215183768406,7.275545882075678],[80.52156042198096,7.275503674106762],[80.52157410935125,7.275483426435223],[80.52158673616297,7.275411904475004],[80.52159358344282,7.275319126454555],[80.5215872669223,7.275278519021747],[80.52155532620252,7.275233557453279],[80.52155225598143,7.275230576969299],[80.52151712947935,7.2751964588516],[80.52150202807664,7.275157928170274],[80.52149907706698,7.275088115615029],[80.52150362110116,7.275064786380256],[80.52150926620806,7.275061030389009],[80.52155444516558,7.275030995126746],[80.521589886075,7.275013436408637],[80.52162682440864,7.274995135196606],[80.52172964925937,7.274934968559013],[80.5217778582149,7.274882817656894],[80.52183394367654,7.274838266372244],[80.52193686520161,7.274765529093378],[80.52199501874632,7.27474250485769],[80.52206955445124,7.274740015563852],[80.52218556187854,7.274746862888215],[80.52226761194423,7.274745374313308],[80.52245200452293,7.274735983453201],[80.52249692196695,7.274737636357512],[80.52254681065601,7.274759821415424],[80.52255265415646,7.274760772392981],[80.52261916211079,7.274771616003362],[80.5226754067263,7.274764414921205],[80.52273627528466,7.274747901246304],[80.52277605153505,7.274715549639575],[80.5228141190545,7.274679615148486],[80.52284364647664,7.274651743118637],[80.52285977562335,7.274635838305723],[80.52292653810909,7.274606216484451],[80.52295380061895,7.274600805039223],[80.52300604279029,7.274625069440037],[80.52301525240969,7.274634289386425],[80.52306903568868,7.274688134230931],[80.52312406124575,7.274756983876815],[80.52314777710535,7.274777795985655],[80.52322094324249,7.274790317084729],[80.52332254246082,7.27481596637322],[80.52338691705026,7.274842499156038],[80.52345147652545,7.274860712490949],[80.523537767579,7.274891778975674],[80.52354626343674,7.274896395636265],[80.52360469755448,7.274930230898406],[80.52360686600395,7.274931190663975],[80.5236763673979,7.274983643449344],[80.52375964661762,7.275049885408514],[80.52381895725235,7.275067825380997],[80.523915210837,7.27509148119986],[80.52400983009942,7.275124270403394],[80.5240699416358,7.275165992925243],[80.52413611057294,7.275221373712748],[80.52414020387067,7.275224900041077],[80.52417874622257,7.275258112852359],[80.52421935701896,7.275291369313606],[80.52426836190878,7.275331502203167],[80.52430114027408,7.275341378193455],[80.52437920769137,7.275337894855222],[80.52440456583201,7.275337095089292],[80.5244342977826,7.275288280428507],[80.52447870198024,7.275229516695853],[80.52451414466928,7.275182612368547],[80.52458156088844,7.275115822204929],[80.52464931719886,7.27505788801102],[80.5246615680782,7.275047411288391],[80.52472471136876,7.275008473823751],[80.52479219341791,7.274989249745595],[80.52486818169832,7.274975548405979],[80.52496699177435,7.274968549714069],[80.52505964094102,7.274959738987203],[80.52512033838191,7.274928395309541],[80.52516274196982,7.274890709585984],[80.52524890546199,7.274825649685633],[80.52537847375339,7.274715397998072],[80.52541134890122,7.274679807656315],[80.52545595085974,7.274631522937265],[80.5254942032143,7.27457547762798],[80.52558709802145,7.274451911481986],[80.5256646739904,7.274356191033916],[80.525706547554,7.274299153884053],[80.52576353558574,7.274256050377295],[80.52579779521467,7.274207689366182],[80.5258171189243,7.274148378085554],[80.525851749812,7.274082113073812],[80.52589734312274,7.274012960363612],[80.52595769154976,7.273952496160695],[80.52607521535563,7.273840791627206],[80.52611978837254,7.27381341600488],[80.5261998636261,7.273781538485979],[80.52628510770752,7.273737457586442],[80.52638556408644,7.273699080332443],[80.52646155527633,7.273684564849211],[80.52658401403926,7.273650812508381],[80.52664308665707,7.273606083200582],[80.52676747084051,7.273531184486969],[80.52686783912468,7.273489825602698],[80.52697853758353,7.27343590082442],[80.52706757793142,7.27340493328333],[80.52713604032375,7.273392498854993],[80.52715543267198,7.273388977329581],[80.52732153969089,7.273362121451759],[80.52748402748551,7.273332551533973],[80.52750341179767,7.273323880009729],[80.52751571104716,7.273314169172703],[80.52754037749706,7.273294692372688],[80.5275660211621,7.273270199964479],[80.52761667591818,7.273215429094972],[80.52764297088488,7.273159377025053],[80.52765568959653,7.273088486105032],[80.52765625953994,7.273038570049627],[80.52768219127424,7.272989209585468],[80.52774435946861,7.272909303711878],[80.52777669523833,7.272902087965448],[80.52782749319483,7.272914504712819],[80.52790326444587,7.272968624207832],[80.52801428310343,7.272989124008729],[80.52805013898421,7.273001803833191],[80.52809699810793,7.273055937297284],[80.52810887512072,7.273069659297696],[80.52818247338509,7.273124591425955],[80.5282132350521,7.273150597807433],[80.52826285491426,7.273192548249483],[80.52827767758913,7.273210214599427],[80.52828774339022,7.273222223766932],[80.52829647621627,7.273212588725514],[80.52833627187545,7.273168676974371],[80.52834573779681,7.273158232081695],[80.52835144494176,7.273151853570663],[80.52836805086797,7.272910313686757],[80.52836664903683,7.272878813491174],[80.52831920458256,7.27268329447653],[80.52830757768662,7.272499339334596],[80.52813709220386,7.272290642427588],[80.52813040468942,7.272281425772303],[80.52811185662094,7.27225658809932],[80.52796455462935,7.272080480275915],[80.52794398366908,7.272055172156949],[80.52775936293789,7.271812961301062],[80.52775334735388,7.271800557356904],[80.52762924058601,7.271645702313503],[80.52761884606109,7.271633754444164],[80.5275628500851,7.271487863987973],[80.52755744758636,7.271482098832931],[80.5275502430499,7.271474407437297],[80.52746181795636,7.271357509063498],[80.52742614574505,7.271305944463131],[80.52740444527184,7.271282760802103],[80.52725959874056,7.27120081599623],[80.52725037675691,7.271190985725895],[80.5272393038611,7.271179181258973],[80.52713698690778,7.271125853702332],[80.52705574211939,7.271119978113293],[80.52693613799993,7.271043228718382],[80.52693805316012,7.271042010777791],[80.52685956856301,7.270980656154672],[80.52674684455431,7.270933389722976],[80.5266443503619,7.270892911137188],[80.52649729054785,7.270868685340134],[80.526462698711,7.270853490337237],[80.5263668219535,7.270811370418843],[80.52641683092384,7.270776130354442],[80.52639406489008,7.270675469387774],[80.52637050532049,7.270539179528458],[80.52636150811273,7.270432466447993],[80.5263948180391,7.270297745251556],[80.5264844543058,7.270170649396335],[80.52633245361986,7.269812463412479],[80.52600925299376,7.269578400035623],[80.52584447102899,7.269399865621523],[80.52520207099087,7.268620968998504],[80.52449226255897,7.267819469123479],[80.52440811508585,7.267862211976209],[80.52399834146313,7.267925609674569],[80.52390230628113,7.268011449197604],[80.52388009374712,7.268046334610264],[80.52367537176218,7.268347680200368],[80.52355641205591,7.268630341868229],[80.52356185989387,7.268799447786011],[80.5235430239552,7.269022907482633],[80.52354035425326,7.269221999020437],[80.52356067722266,7.269406711468718],[80.52356664482433,7.269490090193528],[80.52356602559932,7.269601452373262],[80.52350628393572,7.269621961101442],[80.52324860692497,7.26977387779683],[80.5230979831035,7.269798265806756],[80.52305465454573,7.26979833384094],[80.5230393488813,7.269807616954279],[80.52303089787267,7.269854048851317],[80.52303123519332,7.269872675774831],[80.52308325811931,7.269985044903916],[80.52305905778576,7.270026033170588],[80.52304671337247,7.270035534969782],[80.52300065405852,7.270092669020402],[80.52294538183746,7.270188590501419],[80.52284485955575,7.270256599022038],[80.52267345986489,7.270348449476304],[80.52266707517661,7.270355001161295],[80.52250036537062,7.270411836128981],[80.52247785781333,7.270415301456415],[80.52244226998246,7.270432332972659],[80.5223742419259,7.270470205759424],[80.52199386192676,7.270656400904614],[80.52190246067086,7.270702174016022],[80.52144678178092,7.271244146007914],[80.5214404311059,7.271244930984669],[80.52144116314618,7.271250828324064],[80.52146178864982,7.27129271073141],[80.52143875207854,7.271349305932412],[80.5214401869351,7.271375985340897],[80.52143652353752,7.271448506177075],[80.52134055610006,7.271558144457155],[80.52130992732367,7.271592851365842],[80.52126453960183,7.271619502618534],[80.52120510161956,7.271670923724334],[80.52115409797945,7.271701008136771],[80.52109656439032,7.271747817475288],[80.52103188834697,7.271775002228675],[80.52094861507011,7.27178816077907],[80.5209144174422,7.271793564583938],[80.52083435746262,7.27180165723787],[80.52079821020992,7.271819542864526],[80.520739324869,7.271856043300691],[80.52066621751868,7.271919877156364],[80.52066294297279,7.271922736508055],[80.52060675824436,7.271989532432002],[80.52058508808737,7.272033378656773],[80.52056263359836,7.272094925166311],[80.52052076325403,7.272193527889776],[80.5204979056645,7.272256814941174],[80.5204758149839,7.272296373645385],[80.52046771681908,7.272310875821508],[80.52046336249633,7.272323803015492],[80.52044575412133,7.272399490951983],[80.52044126813466,7.272406633277273],[80.52043215292407,7.272421179188936],[80.5204026440694,7.27245945321418],[80.52039354399486,7.272471255493497],[80.52035864187344,7.272532365418725],[80.52031378096643,7.272589581233819],[80.52026158970362,7.272637570871678],[80.52023240489987,7.2726872672548],[80.52022897477411,7.272697769641176],[80.52022096886445,7.272706062954687],[80.52018037492542,7.272757433975952],[80.52016805405268,7.272763513841022],[80.52016319581865,7.272765911101539],[80.52013553205684,7.2727795612135],[80.52008625415873,7.272803588581527],[80.52005109011056,7.272848965356712],[80.52002759124908,7.272925001712796],[80.5200033584731,7.273014423069624],[80.5199476760943,7.273148317184616],[80.51990478889144,7.273236642822237],[80.51990052110465,7.27325183261174],[80.5199012574847,7.273262817534889],[80.5198847905064,7.273280287390085],[80.51981344461186,7.273373788485389],[80.51952681189505,7.273556562879582],[80.51916734731144,7.273561310952322],[80.51910827070863,7.273562496414534],[80.51908462630153,7.27356297131291],[80.51894604284134,7.273670598103242],[80.5189336170818,7.273690621241384],[80.51883937289705,7.273838359797959],[80.51863203518138,7.274126422637186],[80.51863171873141,7.274133448850841],[80.51848243612318,7.274227961605813],[80.51834885367732,7.274149209853789],[80.51819292955317,7.274051191028431],[80.51749249573345,7.274033067207484],[80.51732858205776,7.274028826432128],[80.51736382991336,7.274076440670434],[80.51740292280333,7.274129273092475],[80.5174180851145,7.27415724625845],[80.51743503777345,7.274188524750701],[80.51743375377586,7.274216647674969],[80.51738205059293,7.274355516443307],[80.51735057969061,7.274434986221008],[80.51731748854738,7.274497182079965],[80.51726257395453,7.274552312840394],[80.5172344328858,7.274568854438469],[80.51719526295554,7.274591881679702],[80.51713491722273,7.274647099746883],[80.51711977416196,7.274680278806927],[80.51711965680458,7.274722239054634],[80.51713231012361,7.274765109097682],[80.51716438498337,7.274799573048184],[80.5171903270763,7.274827447489043],[80.51722082684553,7.27485911625513],[80.51725229840835,7.274934914395651],[80.51724156609423,7.275013312672088],[80.51721969659032,7.275091250620829],[80.51719330201828,7.275159056941946],[80.51717668780839,7.275229220934052],[80.5171765061646,7.275286948477509],[80.51717646440348,7.275299754212269],[80.51719689122301,7.275371840225953],[80.51723353100678,7.275438597442902],[80.51724306917167,7.275447979560023],[80.51735129961612,7.275709803052438],[80.51754322202729,7.275867995713726],[80.51765111618971,7.27588412761209],[80.51774639326128,7.275898373152411],[80.51776885012245,7.275901730968004],[80.51780668614367,7.275935663724218],[80.51789534385333,7.276141607512875],[80.5179359265839,7.276235875660096],[80.51810001554867,7.276300849877032],[80.51817332900248,7.276329878022912],[80.51825842940457,7.276379303880649],[80.51829925013904,7.276418573654317],[80.51835608727451,7.276465314810884],[80.51836252421315,7.276470607713871],[80.51838235105576,7.276483639987173],[80.51843856806977,7.27652047872131],[80.51845404895566,7.276528444450295],[80.51845531914462,7.27652599995255],[80.51846193754803,7.276513257644963],[80.51852318750046,7.276465453355466],[80.51855154102662,7.276451273827572],[80.51858052960715,7.276436732035855],[80.51863497901921,7.276397064348248],[80.51865246864108,7.276384323700699],[80.51869750098432,7.276346731436822],[80.51871626007099,7.276321692155867],[80.51873877575474,7.276250550296909],[80.51874175613014,7.276241135539919],[80.51876092806711,7.276133715875821],[80.51877339859291,7.276024212515156],[80.5187834829317,7.275968423080477],[80.51879789236067,7.275949530546408],[80.51882035823999,7.275941857691908],[80.51883676112463,7.275925860946672],[80.51886162322427,7.275916743480103],[80.5188857651926,7.275907893274974],[80.51894409680621,7.275890745670022]]]]}},{"type":"Feature","properties":{"GND_N":"Bathgoda","GND_NO":"212","GND_C":"140","PROVINCE_N":"CENTRAL","PROVINCE_C":"2","DISTRICT_N":"KANDY","DISTRICT_C":"1","DSD_N":"YATINUWARA","DSD_C":"36","Admin_Code":"2136140","GND_NO_Cen":"212","GND_NAME_C":"Bathgoda","GND_NO_Gaz":"212","GND_NAME_G":"බත්ගොඩ","shape_1":"Polygon","Area__Ha_":52.0610794189,"MWS_ID":"119-2","Alt_MWS":null,"Tot_Pop":960.0,"Density":1843.98789617,"Area":0.52061079251},"geometry":{"type":"MultiPolygon","coordinates":[[[[80.52675267516959,7.2822763798068],[80.52674984968537,7.28214841827457],[80.52676152982093,7.281991169102113],[80.5267882438078,7.281835282855003],[80.52683957206541,7.281715852478151],[80.52688497205074,7.281666686400553],[80.52691650682245,7.281633515136082],[80.5269512772231,7.28160076886336],[80.52701572745207,7.28154006628499],[80.52707092596901,7.281478695751789],[80.52711306515383,7.281436871658005],[80.52711781417887,7.281430626477438],[80.527183277594,7.281368615007477],[80.52720810876066,7.281338696408418],[80.52722352832295,7.28129755933271],[80.52722362765188,7.281291525006439],[80.52722381880552,7.281279925680438],[80.52722399596122,7.28126907510552],[80.5272214743139,7.28124999122018],[80.52721777034391,7.281230095528823],[80.52721192525232,7.281213806808332],[80.52718785133366,7.281146709111787],[80.52718512843862,7.281139465994262],[80.52726051523331,7.281067074108844],[80.52727030318263,7.281057674794276],[80.52727235795469,7.281056275167082],[80.5272740005138,7.281055138463812],[80.52737317885995,7.280987081287925],[80.52738038416975,7.280982136931395],[80.5274446189973,7.280935692235003],[80.52749653523864,7.280895842133935],[80.52754255171475,7.280876426825493],[80.52754947842026,7.280875799432119],[80.52755785332164,7.280875040806979],[80.52759118809102,7.280872022491625],[80.5276033952053,7.28087540223081],[80.52760494090269,7.280875829908774],[80.52762849490256,7.280882350178783],[80.52768399531479,7.280908880218263],[80.52773930828253,7.280946889308336],[80.52775040902266,7.280956267549717],[80.52782050673024,7.28101548149628],[80.52789248676086,7.281067429525871],[80.52790026134075,7.281073039536633],[80.52803012587103,7.281154149463655],[80.5280672037762,7.281177308076082],[80.52819098010241,7.281223135236774],[80.52820923298705,7.281227103354984],[80.52835823257614,7.281259490148159],[80.52855022275031,7.281295843167144],[80.52861701519763,7.281303576204732],[80.52863002100892,7.281305490486576],[80.52869927109688,7.281308783848725],[80.5287944572007,7.281303501455756],[80.52895167786602,7.281300333738637],[80.52898799503095,7.281298815373149],[80.52907149792726,7.281294251784866],[80.52914703289079,7.28128651607368],[80.52921957839295,7.281280302460302],[80.52927917348094,7.281275196767128],[80.52935946745595,7.28126606738113],[80.52938287709637,7.281263407047179],[80.52938676891635,7.281262919040684],[80.5294677218264,7.28125281063985],[80.52953069465958,7.281244945028692],[80.52957461415443,7.281239459082998],[80.52968287397194,7.281184728463415],[80.52969754583624,7.28117731036045],[80.52983427636542,7.281129188452961],[80.52988070316194,7.281112847741998],[80.52995694903524,7.281068577727815],[80.5300024095517,7.281042185203047],[80.53004050937642,7.281020065095269],[80.53007371370913,7.281000492442135],[80.53017785001971,7.280939113768675],[80.53020085986884,7.280927189542836],[80.53023238256564,7.280915632567374],[80.53026019104381,7.280911037571693],[80.53030067127003,7.280909793556447],[80.53031941830082,7.280911069762408],[80.53035116535926,7.280919883123475],[80.5303523787379,7.280920220181752],[80.53041630279526,7.280944944063602],[80.53042685104545,7.280959501761612],[80.5304947631131,7.281053230279454],[80.53050270704703,7.281068880762368],[80.53058676657595,7.281234504323353],[80.53062721182677,7.281312530143854],[80.53065271606374,7.281361730578785],[80.53068284329625,7.281419848093636],[80.53069511693467,7.281447504578303],[80.53074462035181,7.281559054024232],[80.5307928780914,7.281638119490872],[80.53080198710121,7.281653041736373],[80.53088281274249,7.281738813953071],[80.53091540814155,7.281753209969805],[80.53097562500558,7.281767261046813],[80.5311014999531,7.281786863912616],[80.53119386953857,7.281796680368981],[80.53131785266655,7.281797834465162],[80.53135081564494,7.281802463324051],[80.5313933751016,7.281811620673849],[80.53142696717521,7.28182520242095],[80.5314435081101,7.281721308398375],[80.53144053940204,7.281681259036959],[80.53142822579363,7.281515211447351],[80.53140410063281,7.281407837384077],[80.53138992079145,7.281344729582705],[80.5312859710259,7.281069313577436],[80.53120516801886,7.280855221510407],[80.53120039031735,7.28084434473583],[80.53117687254378,7.280802706243804],[80.53117593711836,7.280797512351869],[80.53111514732838,7.280693031161114],[80.53097878414097,7.280534012375917],[80.53097332385872,7.280527645869266],[80.5309689631359,7.280522744921771],[80.53085367100871,7.280393185091365],[80.53085285827409,7.280392206199873],[80.53073734767118,7.280253178219291],[80.53060325919907,7.280091790394581],[80.53046115842952,7.279920760169465],[80.53034129005897,7.279751930383643],[80.52994311493593,7.279191111319374],[80.5299413966308,7.27919167195362],[80.52993466861516,7.279191700847199],[80.52993138294569,7.279191714432306],[80.52984457078689,7.279192120236005],[80.52971466711178,7.279197972655436],[80.5297013006094,7.279198267410687],[80.52952351221448,7.279248674691808],[80.52945804922689,7.279349141811202],[80.52945090676378,7.279371737235143],[80.52944380003483,7.27938694998727],[80.52944889896007,7.279568799012182],[80.52949472511709,7.27975130144157],[80.52951004597995,7.279878597913712],[80.52951279115366,7.279883247503354],[80.52951894407506,7.279893197234196],[80.52953396572113,7.279911835775717],[80.52951509914733,7.279920576385283],[80.52843507003105,7.2803148454072],[80.52774780907781,7.280298217423879],[80.52593138568108,7.280924662678937],[80.52307985795632,7.281702138895569],[80.5229755409958,7.281638117729608],[80.52296283907152,7.281633741957415],[80.52289512520017,7.281536514648065],[80.5228921122121,7.281533128174588],[80.52282957971904,7.281503336336556],[80.52274509086658,7.281507269730903],[80.52272578061991,7.281512284095108],[80.52271079768748,7.281517037732454],[80.52261655113358,7.281579477316408],[80.52260426032116,7.281588088384592],[80.52241721658207,7.281741192334363],[80.52236542589901,7.281771026806645],[80.52235699821334,7.281777030231996],[80.52229231520704,7.281818947017608],[80.5221513292739,7.281996857166667],[80.52214696784823,7.282001394291827],[80.52206834395378,7.282087135427184],[80.52205962471031,7.282096229572284],[80.52198324611416,7.282181551454362],[80.52190836296312,7.28218450168842],[80.52181183406704,7.282153573791015],[80.52158183463314,7.282044317374132],[80.52132208628443,7.282039948940161],[80.52120589452694,7.282019473465134],[80.52121072605115,7.282256726808591],[80.52121125822627,7.282282967112547],[80.52121141510756,7.282290614845916],[80.52121189535164,7.282314198294173],[80.52121197681447,7.282333501476991],[80.52124586333917,7.28251137692695],[80.52126846356339,7.282695941432863],[80.52114886607109,7.282959517456951],[80.52116054882808,7.283076581749321],[80.52120642060578,7.283302707326791],[80.52137847661567,7.283778444018522],[80.5215040777805,7.283941335352563],[80.52152511389923,7.283957895843955],[80.52157131026162,7.284039495825811],[80.52161911515978,7.284124151425867],[80.52194454685205,7.284700441685426],[80.52196350709399,7.284755863178598],[80.5220306256547,7.284952067465833],[80.5220255661248,7.284954672616255],[80.5220432323724,7.284988921964239],[80.52217494707182,7.285373950020904],[80.522362458658,7.285687649438038],[80.52244648205757,7.285828215397014],[80.52245343534705,7.286329153118288],[80.52248392308232,7.28649201793697],[80.52263554232981,7.286823575066631],[80.52270407488102,7.287075081460262],[80.522705548484,7.287113548390409],[80.52271848420091,7.287451298106959],[80.52283820665761,7.287757134436097],[80.52271065403994,7.288264191151644],[80.52270772354603,7.288531078439012],[80.52269285570044,7.288902346604658],[80.52259043635767,7.289420797020258],[80.52210017514253,7.291272709819706],[80.5222037948972,7.291254961561759],[80.52254423232228,7.291196650193937],[80.52296886404223,7.29109919622454],[80.5249880701851,7.290861587900024],[80.5251105920452,7.290537995248973],[80.52527607589043,7.290196001348665],[80.52547358573327,7.289830744906188],[80.52558295301928,7.289489443167597],[80.52542794124682,7.288904944894719],[80.52531070930425,7.288676832249522],[80.52518299022307,7.288492136315648],[80.52516814977541,7.288465088670216],[80.52538319828939,7.288063267637802],[80.52581730219609,7.287379317560083],[80.52596584560486,7.287218744985691],[80.52616241763891,7.287071224428887],[80.52638576854501,7.286947163403726],[80.52655104179004,7.286758767389212],[80.52662158305795,7.286710060163364],[80.52668330546528,7.286586968659742],[80.52672558915052,7.286502646327909],[80.52674424720112,7.286465446576217],[80.52579889408378,7.285013148952757],[80.52570537527336,7.284909430266364],[80.52582027003415,7.284786718284229],[80.52605910660746,7.284610233853588],[80.52621878833169,7.284543051431735],[80.52636593414002,7.284464169455091],[80.52635759973798,7.284326338098446],[80.5262415721017,7.284174895424576],[80.5261780100324,7.284063728411004],[80.52621689554408,7.283956567095275],[80.52621704970369,7.283944772423161],[80.52621779575618,7.28388959438706],[80.5262334140365,7.283656951587401],[80.52632692895047,7.28339319514447],[80.52634743589161,7.283335355822287],[80.52636275343052,7.283308636854057],[80.52646851664967,7.283124147947861],[80.52649565614158,7.283076810273894],[80.52656778312412,7.282899565186219],[80.52660194350489,7.282815619067901],[80.52665025991519,7.282733534566964],[80.52669595124789,7.282653982454968],[80.5267300579288,7.282555704076459],[80.52673491272346,7.282466332271846],[80.52673550103314,7.282455522618243],[80.52673728706743,7.282422595400844],[80.52675267516959,7.2822763798068]]]]}},{"type":"Feature","properties":{"GND_N":"Kotaligoda North","GND_NO":"215","GND_C":"030","PROVINCE_N":"CENTRAL","PROVINCE_C":"2","DISTRICT_N":"KANDY","DISTRICT_C":"1","DSD_N":"YATINUWARA","DSD_C":"36","Admin_Code":"2136030","GND_NO_Cen":"215","GND_NAME_C":"Kotaligoda North","GND_NO_Gaz":"215","GND_NAME_G":"කොටලිගොod","shape_1":"Polygon","Area__Ha_":42.8551049962,"MWS_ID":"119-2","Alt_MWS":null,"Tot_Pop":1291.0,"Density":3012.4765866,"Area":0.42855104858},"geometry":{"type":"MultiPolygon","coordinates":[[[[80.51066607481282,7.292657793122924],[80.51072840349498,7.292634985415538],[80.5107642683473,7.292621860731234],[80.51093875648709,7.29253135632517],[80.51102718039762,7.292478779082328],[80.51109257048218,7.292447776576321],[80.511136526535,7.292426938438539],[80.51123219928756,7.292368304811342],[80.5113533485084,7.292278639789552],[80.51135940913925,7.29227415441433],[80.51142428993265,7.292220477228025],[80.51150641908296,7.292117506984782],[80.51150957584022,7.292113547110972],[80.51151007797206,7.292112877321414],[80.51160039550054,7.291992429090729],[80.51162554147386,7.291961252819327],[80.51164063630883,7.291942534580714],[80.51164523636396,7.291939134406249],[80.51173622810428,7.29187187726493],[80.51179439146678,7.291833658656386],[80.51187492658981,7.291799976420101],[80.5119584379725,7.291784379128831],[80.51202093365667,7.291777635258467],[80.51202657148815,7.291775967414736],[80.51207037519174,7.291763007324773],[80.51226496186948,7.291705436858797],[80.51226867811992,7.291703360051697],[80.5123224054808,7.291666678798495],[80.51248405458163,7.291530766960998],[80.51258617201779,7.291451430208705],[80.51263168471749,7.291424444514032],[80.5127988502558,7.291325327084491],[80.5127997917509,7.291324453178443],[80.51287790679476,7.291252012094456],[80.51293213196743,7.291201726815121],[80.51307950679237,7.29104372531584],[80.51311620839321,7.290856721847385],[80.51314078602402,7.290731487442417],[80.51319166723198,7.290518594967613],[80.5132173841724,7.290415030881236],[80.51319214477846,7.290394031986549],[80.51310804631981,7.290332941194618],[80.51307718503115,7.290294129800755],[80.513053850942,7.290240943565591],[80.5130076429065,7.290157739442328],[80.5129852748743,7.290117465315323],[80.51295712521726,7.29010180548968],[80.51293873994098,7.290091575322418],[80.51284674445489,7.290059509617627],[80.51275537531771,7.290037390619371],[80.51268846288487,7.290010222706651],[80.5125604334427,7.289961946308244],[80.51256224523821,7.289961135306742],[80.51262543212894,7.289916470063303],[80.51263753584989,7.289907916145181],[80.51265783681627,7.289885231944831],[80.51265379031601,7.289869765206781],[80.51262892124319,7.289774709117505],[80.51262009529194,7.289690059987513],[80.5126199107891,7.289686533122637],[80.5126041534017,7.289385868778875],[80.51260093349168,7.289324439831659],[80.51266991282388,7.289221029412889],[80.51274700921651,7.289183239486549],[80.51288661124346,7.28911481312333],[80.51291483888156,7.289099202414715],[80.51305647894225,7.289020867899994],[80.51313587923465,7.288911766400521],[80.51319139457908,7.288836778244869],[80.51322307140035,7.288793989073661],[80.51325702417907,7.288748019003473],[80.51327528036462,7.288723303435478],[80.5132718519598,7.288702410376114],[80.51326033266213,7.288424965410194],[80.51319647667763,7.288320800289727],[80.51317504115904,7.28828583493637],[80.51317193680646,7.288280768163463],[80.51316053550572,7.288263670319049],[80.51318400910739,7.288232848360357],[80.51326779839802,7.288056377458475],[80.51330973923396,7.287890463379846],[80.51331283310708,7.287879335997713],[80.5133623768102,7.287701135130028],[80.5134711398099,7.28756121591072],[80.51354826127333,7.287478247175074],[80.51359673705436,7.28743685944326],[80.5136470247795,7.287395924002315],[80.51375654904301,7.287346612081889],[80.51390428179289,7.287311613812305],[80.51391362648484,7.287309815161573],[80.51398906061804,7.287295296122343],[80.51414152667553,7.287220691409177],[80.51418538168046,7.287187168315879],[80.51431488413303,7.287043551470348],[80.51436167082241,7.286952153242694],[80.5143916134421,7.286854146600451],[80.51440869250578,7.286802285111694],[80.5144219756148,7.286761949402033],[80.51444351110042,7.286696558591789],[80.51448672658965,7.286624125005067],[80.51451594605588,7.286575153437137],[80.51457842101551,7.286446779418945],[80.51459806638218,7.286376674309464],[80.51460945863964,7.286336022803138],[80.51460742446802,7.286254995710202],[80.51464491343928,7.28619973772183],[80.51465482976384,7.286185121879604],[80.51469913727361,7.286144105986815],[80.51474825456383,7.286098636494803],[80.51479377190266,7.286049994450418],[80.51485346604558,7.285986201864145],[80.5149758423157,7.285837801473789],[80.51501252346097,7.285793319492512],[80.51508140816446,7.285698137700659],[80.51511392651238,7.285626195230081],[80.51514842442435,7.285549871675804],[80.51516125679238,7.285513572460567],[80.51516149262041,7.285512953153215],[80.5151932370069,7.285423115998035],[80.51523887960022,7.285329987080507],[80.51524553131394,7.285316415611197],[80.51518652876139,7.285208947447294],[80.51501458458272,7.285066638410078],[80.51487662076762,7.285042658134155],[80.51463885464875,7.285166314419445],[80.51449759576286,7.285209952741832],[80.51418987683623,7.285248093236167],[80.51417478619437,7.285138626572452],[80.51415747402558,7.285015087758953],[80.51411586825876,7.284780125471879],[80.51411439481426,7.284776926119364],[80.51404851190972,7.28477930331061],[80.51391092825091,7.284808884477535],[80.51376428516062,7.284840356655601],[80.5136740920798,7.284847050362123],[80.5135563370553,7.284855789841357],[80.51341755079598,7.284892876727032],[80.51334057753797,7.284913452676622],[80.5131881881998,7.284966365823337],[80.51313983296679,7.284983159429608],[80.51313108985646,7.284986195494303],[80.51311701500703,7.284991082265851],[80.5130602612772,7.285006999235206],[80.51291349377352,7.285048161506594],[80.51287987685468,7.2850575900277],[80.51282300225476,7.285075746839818],[80.51264669984614,7.285132027038022],[80.51262370923324,7.285139365572334],[80.51241636509795,7.285208874630151],[80.51231830586008,7.285241170449561],[80.51219260171263,7.28528257175104],[80.51218148451252,7.285286233992899],[80.51217460510692,7.285289463741999],[80.5121634761236,7.285294688601511],[80.51215249027203,7.285299846626384],[80.51187429186625,7.285430466222152],[80.5117991442563,7.285460293022952],[80.51165657510981,7.285516878305343],[80.5116435225365,7.285522060428651],[80.51159447008149,7.285541528367396],[80.51148575688397,7.28559807462472],[80.51139842458103,7.285643326048768],[80.51132822566417,7.285688097362764],[80.5111924746235,7.285774671160492],[80.51117799506561,7.285783904587436],[80.51109458214607,7.285832599096504],[80.51100359626153,7.28588571477646],[80.51084697424368,7.285944761186753],[80.51072539742064,7.285975940510846],[80.51065313356067,7.285994471428673],[80.51040686047945,7.286038909464113],[80.51022866318809,7.286089920956199],[80.5101776907919,7.28610451254368],[80.51008900875547,7.286114627367953],[80.50999863122028,7.286124934696026],[80.50970625253905,7.286182491863675],[80.50967120785172,7.286189390885641],[80.50966518365462,7.286190576484692],[80.50962265015721,7.286198950517649],[80.50934611172055,7.286267962470297],[80.50909685397195,7.286303714060406],[80.5090293776067,7.28630030478521],[80.50900266889234,7.28629895426073],[80.5089986330946,7.286297778098766],[80.5089951089016,7.286296752352343],[80.50894317586034,7.28658883930361],[80.50894358596973,7.28659215017586],[80.50894835860001,7.286630615444126],[80.50896284413867,7.28674737412246],[80.50896845231594,7.286792581415325],[80.50898248537123,7.286905719925854],[80.50898861183053,7.286955098140488],[80.50900116398928,7.287056284591071],[80.5090140127007,7.287159854037802],[80.50902064650765,7.287271579279055],[80.50908628789942,7.287249450140916],[80.50918548835462,7.287189045662764],[80.5093117010993,7.287085370238914],[80.50967247375684,7.286889731407964],[80.50968723761368,7.28688226971668],[80.50986164003062,7.286849056392595],[80.5099842693245,7.286939339442063],[80.50999289910308,7.287019420896673],[80.50999787647439,7.287065604448936],[80.50999823035175,7.287104337491539],[80.50999816708635,7.287139387088184],[80.50999846266085,7.287213967319767],[80.50999755695653,7.287241653636913],[80.50999580547123,7.287261501916967],[80.50999060013798,7.287285408455171],[80.509958481169,7.287349663329116],[80.50992243921834,7.287385772369739],[80.50991163171348,7.287401647261496],[80.50981732677515,7.287487414879268],[80.50980297691476,7.287503850153325],[80.50979193930657,7.28751216498654],[80.5096900295996,7.287554934216076],[80.50964754324202,7.287559949716543],[80.50959022415023,7.28758165158958],[80.50945237417757,7.287650767046938],[80.50942556611739,7.287664112209926],[80.50933333883377,7.287717377814737],[80.50930578121704,7.287722512419188],[80.50929802615514,7.287726985012959],[80.50921540822479,7.287755161131847],[80.50919556872681,7.287760087777946],[80.50919172524833,7.287764463207512],[80.50909957359148,7.287800067895583],[80.50908776881508,7.28781306470508],[80.5090883174722,7.287830161660016],[80.5091166086896,7.28791670599206],[80.50919147479107,7.287991550012783],[80.50921996283634,7.288057761346908],[80.50927091646645,7.28811503431416],[80.50929942492999,7.288148329260868],[80.50930517782227,7.288170996137952],[80.50931496505878,7.288209559313222],[80.50934652133499,7.288251577996937],[80.50935695442682,7.288265470533864],[80.50940728119532,7.288313881010294],[80.50945033883417,7.288349089887776],[80.50947390349364,7.288368358979855],[80.5095948340307,7.288475591273131],[80.50976157243149,7.288615586075346],[80.50976785436809,7.2886196817202],[80.50979642681804,7.288638305367327],[80.50979903879268,7.288639739312544],[80.50984042658732,7.28866247601625],[80.50988569988675,7.288680227809953],[80.50996656531706,7.288696824074685],[80.51001401012785,7.288713491074632],[80.51013596209668,7.288766134158402],[80.51013714820488,7.288766648497056],[80.51019192522156,7.288794080924204],[80.51015152322823,7.288808888513735],[80.50992341418862,7.288916271436088],[80.50977792709648,7.288979666418239],[80.5096858821547,7.289027425025301],[80.50963587627366,7.289053371454922],[80.50959613082601,7.289074330405512],[80.50959356520059,7.289075683528396],[80.50957925365385,7.289082365976503],[80.50956158882043,7.289091488950911],[80.50954401253135,7.289099435487048],[80.50946414277976,7.289135691343603],[80.5094297248433,7.289151314456269],[80.50940423909928,7.289162883451709],[80.50939698373057,7.289166174425458],[80.5091324832661,7.28924586669074],[80.50906530492965,7.28926451789504],[80.5089456150838,7.289297750568737],[80.5088663458635,7.289313892404906],[80.50884958476617,7.289315532831726],[80.50871263390593,7.289333563051294],[80.50869688598348,7.289335635421458],[80.50876453778622,7.289418064100049],[80.5087058699838,7.289525042016646],[80.50860725617464,7.289627533571581],[80.50852342578736,7.289712610779508],[80.50828029924102,7.289733068397693],[80.50812759272998,7.289747623830156],[80.50792770627682,7.289796474681455],[80.50791832021177,7.289797670919711],[80.50770945285852,7.289824285119256],[80.50769048015704,7.289830419445709],[80.50764624037527,7.289845796039735],[80.50753574387049,7.289889268619407],[80.50745300670268,7.289963158314399],[80.507346637631,7.290080356060058],[80.50733684502585,7.290093512267565],[80.50745079115461,7.290352364337208],[80.50757206973623,7.290506255445011],[80.5075895261895,7.290524764107548],[80.50762932679523,7.290551413865051],[80.50772824117085,7.290624605799658],[80.50774521724234,7.29071520829326],[80.50773890625388,7.290734013908047],[80.50773004977822,7.29075682766042],[80.50769638523565,7.290854401128455],[80.50768338570012,7.290861435159614],[80.50765402950194,7.290898020013027],[80.50756948481695,7.290994093747723],[80.50771947528112,7.291212721471279],[80.50779567215999,7.291364968853912],[80.50779886147986,7.291390003479277],[80.50780947964962,7.291473313563845],[80.50762569583925,7.291589261748567],[80.50758709879445,7.291617250286808],[80.50742783804492,7.291700452118821],[80.50738747519213,7.291718902880107],[80.50730219734069,7.291894319976795],[80.50729186537536,7.29190974293058],[80.50715439165249,7.292092140839273],[80.5070884316653,7.292208102869663],[80.50706404003844,7.292273727587078],[80.50702078468582,7.292350848233593],[80.50697883001015,7.292418614705821],[80.50696347915074,7.292462281256959],[80.5069075233211,7.292573224043181],[80.50689476538416,7.292580512300187],[80.50680547944818,7.292639587379584],[80.50680400273207,7.292640392226915],[80.5067979853066,7.292639185924704],[80.50648096279716,7.292702294786258],[80.50638786988061,7.292739346086832],[80.50634422848445,7.292759141288229],[80.50630153925886,7.292805607460834],[80.50621365993553,7.29289753272079],[80.50624010305604,7.29291047724543],[80.50630747697207,7.292917167695386],[80.50634604363539,7.292920552907626],[80.50635897280807,7.292923768169093],[80.50647269340854,7.292955954873027],[80.50648920068438,7.292965529469231],[80.50651855709111,7.293051499441507],[80.5065193407606,7.293070714394308],[80.50637475401399,7.293241266028356],[80.50636967160939,7.293286286993527],[80.50826686582144,7.29322423125249],[80.50888290056834,7.292879016655808],[80.51043118102044,7.292745822095625],[80.51045709319128,7.292731731218341],[80.51048562853889,7.292720083482814],[80.51066607481282,7.292657793122924]]]]}},{"type":"Feature","properties":{"GND_N":"Thismada","GND_NO":"219","GND_C":"025","PROVINCE_N":"CENTRAL","PROVINCE_C":"2","DISTRICT_N":"KANDY","DISTRICT_C":"1","DSD_N":"YATINUWARA","DSD_C":"36","Admin_Code":"2136025","GND_NO_Cen":"219","GND_NAME_C":"Thismada","GND_NO_Gaz":"219","GND_NAME_G":"තිස්මඩ","shape_1":"Polygon","Area__Ha_":35.5130511288,"MWS_ID":"119-2","Alt_MWS":null,"Tot_Pop":569.0,"Density":1602.22786765,"Area":0.35513051014},"geometry":{"type":"MultiPolygon","coordinates":[[[[80.5016703706379,7.307120925239979],[80.50164013718248,7.307075737284047],[80.50163174633207,7.306920858951715],[80.50175162716037,7.306813264727112],[80.50181156800649,7.306759466697852],[80.50228965814313,7.306613979524125],[80.50286204067832,7.306375990747009],[80.50288873010875,7.30634988363857],[80.50330436526198,7.306109560215299],[80.50330527414195,7.306101324442631],[80.50378312920142,7.305685738720499],[80.50417819163343,7.305242952862454],[80.50418661328514,7.30523457421791],[80.50426936613768,7.305171838880542],[80.50529232612237,7.304100379466798],[80.5059997221785,7.303379887455388],[80.5061095147898,7.303214326916477],[80.50638808188404,7.302864720141818],[80.50680120671977,7.30255206439093],[80.50660256193406,7.302418931060071],[80.50642229983248,7.302308649339922],[80.50625591968537,7.302330448254667],[80.5058940672337,7.302183650702495],[80.50569469063842,7.302147667751972],[80.50554208914589,7.301897788957421],[80.50550139666973,7.301812158486086],[80.50549549908008,7.301799747106093],[80.50544409421956,7.301665923900032],[80.50548357608285,7.301556895851047],[80.50553947649506,7.301370519664455],[80.50553874808085,7.301357378905763],[80.50548302180879,7.301189657392686],[80.505322722098,7.301057684131529],[80.50516675251376,7.301012962583975],[80.50503545419085,7.300935940800233],[80.50487934635089,7.300893825252945],[80.50485698893462,7.300885906457347],[80.50473508394137,7.300842725365825],[80.50468700016555,7.300853600437023],[80.50466302410999,7.300877511867593],[80.5046318477361,7.300918167424915],[80.50463271750066,7.30105569233645],[80.50460569312379,7.301110745873065],[80.50456508414904,7.301169230267385],[80.5044921577776,7.301242569960137],[80.50447944332758,7.30125535718429],[80.50440133097852,7.301324216570456],[80.50429259558176,7.301412678898396],[80.50423151861801,7.301465815581302],[80.50410497379244,7.301536321379585],[80.50408058005168,7.301549913606525],[80.5039964820949,7.301631972024497],[80.50390660229509,7.301689972672551],[80.50381223099278,7.301782697351067],[80.50377728432001,7.301817035870458],[80.50365931725632,7.301893194945681],[80.50351200433174,7.301973587348219],[80.50345765256327,7.301988295420743],[80.50344421014557,7.301988716835593],[80.50335361375186,7.301991564851098],[80.50335041662646,7.30199166510323],[80.50331509743248,7.301990558589864],[80.50316563468101,7.302030074511591],[80.50311226301253,7.302062410568323],[80.50306841811047,7.302088974840996],[80.50297591617986,7.302139468054701],[80.5028106765075,7.302207007463631],[80.50270940302146,7.302238052047572],[80.50262923188554,7.302264770593482],[80.50256123561596,7.302275510372453],[80.50249065064766,7.302286660025209],[80.5024386251129,7.302296077446127],[80.50236021588897,7.302310269806711],[80.50220957157127,7.302357833821523],[80.50210012371817,7.302395630197693],[80.50205817786875,7.302407463644659],[80.5020589577141,7.30241035243824],[80.50203718190902,7.302418481483414],[80.5019921591299,7.302435288488109],[80.50192035648328,7.302463435351934],[80.50188091262909,7.302478897432032],[80.50184788119047,7.302482203346807],[80.50181048408325,7.3024859469961],[80.50179740519495,7.302487255696227],[80.50169044231285,7.30248673848388],[80.50159175892816,7.302479254167596],[80.50075389795147,7.302767911783249],[80.50026683100401,7.302964624846237],[80.499845678289,7.303147065465707],[80.49924866003416,7.303463229827655],[80.49891987811459,7.303635836873183],[80.49889140226733,7.303643411832317],[80.49862312935564,7.303789122315195],[80.49829256596148,7.304108980494155],[80.49827119887487,7.30412965488968],[80.49848616592263,7.304498906993381],[80.49883723978448,7.30484554943082],[80.49892816918793,7.30512462379335],[80.49893131445934,7.305142556995116],[80.49895254150964,7.305820508341722],[80.49902890003214,7.306175082364875],[80.49911514782401,7.306522473304457],[80.49921584998363,7.306947314224085],[80.49927922669542,7.30720037129616],[80.4992940519229,7.307375463683129],[80.49944955569067,7.307331926011299],[80.4997075791852,7.307312473759985],[80.5003865414306,7.307109886172193],[80.50082942588757,7.307724858739755],[80.50084706017753,7.307749337928131],[80.50086005908454,7.307773874872923],[80.50119777421276,7.308176023914529],[80.50120748515569,7.308186276406384],[80.50125154698233,7.308222299653288],[80.50160595318019,7.308410660593742],[80.50170844700628,7.308474852911496],[80.50187602291587,7.308634720361812],[80.5019794241681,7.308653181155067],[80.50199909241601,7.308488197220515],[80.5019673986387,7.308477506355056],[80.50195394114992,7.308463717614063],[80.5019420558747,7.308451539474623],[80.50192970417622,7.308418566782482],[80.50191230872429,7.308372122448403],[80.50189253329239,7.308277883758698],[80.50186395610437,7.308181015447654],[80.5018619839596,7.308174323367239],[80.5018550530666,7.308105410949085],[80.50183445671126,7.308019220888919],[80.50179746493481,7.307935369304377],[80.50178717184738,7.307906943753489],[80.50176988952289,7.307859208149364],[80.50175736388577,7.307753670175619],[80.50175101512394,7.307624352091955],[80.50176970305819,7.307572728208235],[80.50176824149948,7.307452185666451],[80.50175373902412,7.307320962694156],[80.50173703372721,7.307240468439782],[80.50169334162554,7.307155258134055],[80.5016703706379,7.307120925239979]]]]}},{"type":"Feature","properties":{"GND_N":"Amunupura","GND_NO":"191","GND_C":"325","PROVINCE_N":"CENTRAL","PROVINCE_C":"2","DISTRICT_N":"KANDY","DISTRICT_C":"1","DSD_N":"YATINUWARA","DSD_C":"36","Admin_Code":"2136325","GND_NO_Cen":"191","GND_NAME_C":"Amunupura","GND_NO_Gaz":"191","GND_NAME_G":"අමුණුපුra","shape_1":"Polygon","Area__Ha_":78.2397094223,"MWS_ID":"119-2","Alt_MWS":null,"Tot_Pop":1129.0,"Density":1443.00127389,"Area":0.78239709169},"geometry":{"type":"MultiPolygon","coordinates":[[[[80.5055747771527,7.27549793144968],[80.50558999553438,7.275496155463087],[80.50583324582779,7.275516440367021],[80.50606114110384,7.275264401456314],[80.50639795695649,7.275041491430187],[80.50641750009771,7.275042088153956],[80.50657244947212,7.274731730796192],[80.50658152614955,7.274706697123462],[80.50682351614245,7.274373638464089],[80.50698903373177,7.274237878026954],[80.50730455462973,7.273841094475829],[80.50733794227203,7.273841324094421],[80.50743715164913,7.273531470447892],[80.50757250614568,7.273374041196108],[80.50770565018996,7.273321250416936],[80.50788321878169,7.273265466468767],[80.50802478629691,7.273257916235188],[80.50816754036002,7.273251588364742],[80.50827599215235,7.273280113472339],[80.5084310381205,7.273277131454784],[80.50859159348556,7.273230564614552],[80.50876147684029,7.273124241844513],[80.50894494409006,7.272995673174391],[80.50901136966448,7.272841565871136],[80.50905972107773,7.27278483708324],[80.50902790595148,7.2726769763613],[80.5090233226345,7.272663107165288],[80.50902030538992,7.272659538837608],[80.50899959000184,7.272621455707988],[80.50898847905792,7.272575239568849],[80.508989577324,7.272568021212495],[80.50899402583862,7.272538796952433],[80.50901360793235,7.272503995775398],[80.50904495421327,7.272456743937928],[80.50906074427871,7.272432945818593],[80.50906665830685,7.272412539319089],[80.50908406733957,7.272352476219663],[80.50917555107397,7.272316868292617],[80.50929333294246,7.272271023825199],[80.50939839236273,7.272230133711957],[80.50958318569336,7.272153922540614],[80.50970084447746,7.272121618838252],[80.5097863996321,7.27211717751781],[80.50980590013616,7.272116164417047],[80.50982558934152,7.272122267341381],[80.50983970454179,7.272126642492585],[80.50984184685721,7.272127307506426],[80.50988179889741,7.272145035327369],[80.50988234985107,7.27213986126246],[80.50989077623983,7.272060749250528],[80.5098930656359,7.272048499177326],[80.50990329939681,7.271929872246015],[80.50990585621426,7.271901814309607],[80.50990655121699,7.271855070688874],[80.50985012713986,7.271736950765617],[80.50984176972483,7.271717526972662],[80.50973471572398,7.271556713424935],[80.50969931981624,7.27149773694507],[80.50963596322467,7.271302996333842],[80.5096491734799,7.27118799919803],[80.50955695684684,7.270980531697372],[80.50954850889296,7.270970317209341],[80.50951867013113,7.270861943131628],[80.50950185964442,7.27054342617351],[80.50958418859044,7.270124794023291],[80.50970648867559,7.269594125733292],[80.51025889832152,7.268858805246486],[80.51023657906505,7.268847007345031],[80.51018959683202,7.268812616469554],[80.51014961107492,7.268741877845796],[80.51013080910828,7.268681096214319],[80.5101359190008,7.268629662778299],[80.5101340370533,7.268625174549776],[80.51012487500277,7.268608116834899],[80.5101086753707,7.268591108341487],[80.51002865439759,7.268529115172179],[80.50999099996068,7.268496448824775],[80.50996133275272,7.268433582729239],[80.50994472247115,7.268345040448007],[80.50994449708553,7.268264920470497],[80.50995342993342,7.268196013734674],[80.50995441518795,7.268188423641073],[80.50995362687877,7.268139951932858],[80.50993871106316,7.26809590479132],[80.50989851115729,7.268064474924894],[80.50987905208845,7.268049259539136],[80.50982076269094,7.268003687581092],[80.50975649194879,7.26795771149602],[80.50971829783536,7.267918894683659],[80.50967368953675,7.267851951351902],[80.50962277688063,7.267727307421469],[80.50960694692057,7.267682442247357],[80.50958789202522,7.267628436346317],[80.50958164105208,7.267610718387711],[80.50955940645365,7.267536915545109],[80.50952576165069,7.267460663481394],[80.50951248203435,7.267404862327468],[80.50949728008919,7.267382335473605],[80.50946848954672,7.267370290473247],[80.50944096569327,7.267358699269552],[80.50937938155029,7.267362641931626],[80.50935410587874,7.26737791058299],[80.50933734015527,7.26739797430629],[80.50928224678954,7.267453647490977],[80.50923640499995,7.267483553641972],[80.50916295221406,7.267493005497641],[80.50911514172853,7.267485923809339],[80.50906253918942,7.26746274189447],[80.50900639968226,7.267446612312505],[80.50894137669933,7.267447839995369],[80.50885153008669,7.267464064364511],[80.50879447277045,7.2674700895003],[80.50874004863864,7.267464451651147],[80.50869081178115,7.267414594908193],[80.50863805165105,7.267351716007374],[80.50861062999665,7.267322038867557],[80.50853402090777,7.267272278081881],[80.50840857453476,7.267190795526415],[80.5083442999939,7.26714861729531],[80.50826574398921,7.267062030519833],[80.50822873322983,7.267011818332275],[80.50820259159885,7.266961706614713],[80.50797490137992,7.26684238556139],[80.50791018448318,7.266782753167147],[80.50785860043733,7.266722225145118],[80.50777081089093,7.266629664460286],[80.50772473579967,7.266602557088579],[80.50758934022753,7.266566058118711],[80.5073962531303,7.266668761366549],[80.50726865928571,7.266802978357464],[80.50718440565446,7.266897090127308],[80.50722381045769,7.267049720002166],[80.50728126525912,7.267188362964861],[80.50724691320855,7.267283197035571],[80.50733473072872,7.267427705191857],[80.50742425410274,7.267562192921622],[80.50750067888217,7.267897450370056],[80.50733821312525,7.268001100431636],[80.50722133465415,7.268123779485363],[80.50716059679905,7.268447760357559],[80.50712486311951,7.268578302476604],[80.50692998288291,7.268683958756754],[80.50675142992253,7.268906584641619],[80.506521227126,7.269055589823807],[80.50637732112295,7.269255213661983],[80.5063070480416,7.269377691412368],[80.5062248326276,7.26955001231633],[80.50612100602616,7.269653186810926],[80.50610515376351,7.269673387497909],[80.5060962383428,7.2696666560223],[80.50604416477755,7.269665901542882],[80.50599083210652,7.269650497598571],[80.50594964384764,7.269622890167718],[80.50593561778817,7.269604435951259],[80.50591247700552,7.269532439199084],[80.50588787685257,7.269477804983126],[80.50588670025114,7.269476629599404],[80.50588261924923,7.269472561445464],[80.50585456994541,7.269444596507891],[80.50576635264032,7.26941595904143],[80.50575656118035,7.269412781828366],[80.50572563578007,7.269402742855842],[80.50564296588118,7.269379362642711],[80.50551374361886,7.269363459371836],[80.50548768788408,7.269362248326869],[80.50544274509151,7.269360161488315],[80.5053678577186,7.269347999158748],[80.50525685553917,7.269303531822279],[80.50524290511092,7.269296448261506],[80.50514006722862,7.269244230527419],[80.50506229516445,7.269208463366516],[80.50500037656406,7.26916565487641],[80.50494769810173,7.269118146851578],[80.50490607274615,7.269063051151553],[80.50488228790468,7.269008236513858],[80.50481632285592,7.268917495123043],[80.50478184457936,7.268874609893083],[80.50468017173702,7.268827980408],[80.50454698938643,7.268774454836374],[80.50452594691039,7.268764667676788],[80.50450790635901,7.268759728443463],[80.5043781750785,7.269232083424652],[80.50437278600292,7.269334019780038],[80.5043328816397,7.26955844234588],[80.5042580682529,7.269572322725054],[80.5042064481323,7.269573557760454],[80.50413888912306,7.269574783221112],[80.50405811342486,7.269562618044452],[80.50398333046475,7.269527485503028],[80.50394677011941,7.269483243420114],[80.50391565150197,7.269425711439335],[80.50389003515905,7.269407700538421],[80.50386088502802,7.269386794666588],[80.50384122762767,7.269376349074935],[80.50379733096031,7.269353026193469],[80.503694022154,7.269317606073483],[80.50365243607506,7.269307228673785],[80.50347860706562,7.269263851681677],[80.50340327123182,7.269247620328495],[80.50323522150437,7.269191451826908],[80.50317202478843,7.26916591258539],[80.50308420814594,7.269117570217379],[80.50302618700391,7.269071144817454],[80.50296924298448,7.269037651505055],[80.50289164994274,7.269007219438494],[80.50283105466266,7.268973442671005],[80.50278998426279,7.268950548227856],[80.5027236198314,7.268920396909272],[80.50269519242363,7.268914530762254],[80.50266144065088,7.26890756539211],[80.50263044342293,7.268901169580648],[80.502577480042,7.268881975556674],[80.5025354649893,7.268866748958042],[80.50242256847687,7.268812150768401],[80.50238372369843,7.268801909651082],[80.50234551112939,7.268796008632997],[80.50210247009184,7.268750588088273],[80.50188823596787,7.268690106606607],[80.50160725840867,7.268649715143332],[80.50130075742383,7.26856843200486],[80.50108914397734,7.26849221697829],[80.50095552221326,7.268466687130688],[80.50080064707203,7.268461109393765],[80.50070396377252,7.268380365663674],[80.50051464025414,7.268329716635811],[80.5003111409306,7.268229025069183],[80.49996812105225,7.268104081980657],[80.49976315765865,7.26806988493054],[80.49957258372977,7.268090260023113],[80.49936584318304,7.268135036648991],[80.49916871491958,7.268150079451141],[80.49900203745692,7.268130535168302],[80.49884534190117,7.268061977726767],[80.49859045501412,7.268174804501337],[80.49849622049946,7.268130198411762],[80.49832759867978,7.268017935163823],[80.49800742514101,7.268195202442485],[80.49756831898898,7.268360095240137],[80.49715966238001,7.26853768548828],[80.49685637514715,7.268780759828983],[80.49660770492011,7.269049447482642],[80.49635298574995,7.269237749250058],[80.49577135894097,7.269455438170596],[80.4952162001092,7.269461960615759],[80.4952603015511,7.270078623066148],[80.4953105960284,7.270703521147968],[80.49518722340133,7.271183857443171],[80.49524711897482,7.271193278470596],[80.49525838479632,7.271199281844689],[80.49526217439534,7.271202881484891],[80.49533004215773,7.271225416122844],[80.49534228125336,7.271228942326601],[80.49534715622411,7.271228927262666],[80.49540789566798,7.271254663200501],[80.4954635802407,7.271246395364315],[80.49546718511586,7.271249961429441],[80.49560238410864,7.271298667382394],[80.49561221851658,7.27130116390489],[80.49562693544058,7.27130607973041],[80.49563180799585,7.271308497218829],[80.49572749872397,7.271346410307839],[80.49576612596,7.271413928177839],[80.49583738303846,7.271444542918063],[80.4958404502499,7.271447671872562],[80.4958582703922,7.271451702496496],[80.49593922796836,7.27147442962147],[80.49659248993763,7.271620036118343],[80.49663813213638,7.271626328345753],[80.49671469708545,7.271617553270748],[80.4967330995242,7.271618712174944],[80.49687781320614,7.271619155000391],[80.4969025676955,7.271620292493735],[80.49700818112088,7.2716251386058],[80.49702688531887,7.27162599745768],[80.4970456112519,7.271626856322208],[80.49705497965137,7.271627287113951],[80.4971348323912,7.27165453482957],[80.49714474811267,7.271661768977995],[80.49718492677403,7.271694338445696],[80.49729255090423,7.27176193033266],[80.49731648344739,7.271777169799206],[80.49738276355494,7.271819258567509],[80.4975205342131,7.271769281490595],[80.49777278064278,7.27191676184025],[80.49782017615561,7.271949541868756],[80.49787524843791,7.271967960052389],[80.49807515226966,7.272108898049606],[80.49811901541122,7.272126279329068],[80.49820076277922,7.272161038206532],[80.49845386291074,7.272331831476222],[80.49853851275809,7.272362350924181],[80.49858413969875,7.272390697835155],[80.49881577911754,7.272413213837136],[80.49887553437424,7.272408211683663],[80.49902760719127,7.272376591985353],[80.49913880101995,7.272328730486354],[80.499235981164,7.272280926405056],[80.49930112380909,7.272265826496833],[80.4993200018395,7.272249090464947],[80.4994991798879,7.272088879028257],[80.49953793424258,7.272088879186086],[80.4995559766319,7.272071709475296],[80.4997790338751,7.271859563836006],[80.49978532709302,7.271859495332129],[80.49983850918272,7.271826490208683],[80.49991514813163,7.271779632901555],[80.49992771085323,7.27177976716437],[80.50018214580254,7.271758796983258],[80.50021465445077,7.271767032322804],[80.50027569394564,7.271798833824864],[80.50030800033848,7.271806087872927],[80.5003677295793,7.271828711763454],[80.50042641493582,7.271843438693173],[80.50046781493612,7.271866622023934],[80.50063656317067,7.271858013611462],[80.50065647488857,7.27182720096492],[80.50066835628871,7.271795156302933],[80.50067299499149,7.271796475779997],[80.50074200745858,7.271782524661729],[80.50075858025849,7.271779725088726],[80.50076687836813,7.271776943996063],[80.50078619714732,7.271776901483257],[80.50086355985913,7.271771199894728],[80.5008773742539,7.271771168501376],[80.50089395080215,7.271771132456107],[80.50101291880789,7.271765328617724],[80.50103329337288,7.271820571813834],[80.50108851640978,7.271837024666425],[80.5011323720444,7.271834181059234],[80.50114868828949,7.271825865106753],[80.50119257580238,7.271809334079236],[80.50120376624076,7.271803955785731],[80.50122333379713,7.271801383183386],[80.50126800446625,7.271837262039531],[80.50131537996423,7.271867640791984],[80.50132373083291,7.271870427475473],[80.50134042517557,7.271873270765969],[80.50141263881808,7.271865600019137],[80.50142650113568,7.271865697952636],[80.50154541414176,7.27187740474223],[80.50157298663724,7.271877594178441],[80.50168279754114,7.271875378288736],[80.50175117640107,7.271872787311265],[80.50175117475438,7.271875497487406],[80.50175664282202,7.271918865442417],[80.50176757887617,7.271929720010247],[80.50180584515462,7.271975833382371],[80.50181130910924,7.271981257950413],[80.50186048421506,7.27202194219814],[80.50186867607549,7.272030075881731],[80.50187413929336,7.272038207008534],[80.50188506144369,7.272043632168036],[80.50196967081102,7.272141158436978],[80.5019778563417,7.27214928307188],[80.50199422163608,7.272160115600724],[80.50200513219092,7.272168239171739],[80.50208964070112,7.272244010693274],[80.50217607341877,7.27232470997216],[80.5022277724609,7.272376025716269],[80.50223322901805,7.272378731959166],[80.50232312890162,7.272440877140293],[80.50239566051694,7.272491437713155],[80.50250686720386,7.272517513395019],[80.50251505138016,7.27251743876172],[80.50254236427095,7.27251718578245],[80.50267446600151,7.272511112733922],[80.50269103518278,7.272508335696129],[80.50269655588302,7.272508316422047],[80.50277670812815,7.272488992965071],[80.50277947300656,7.272488982878092],[80.50285982524062,7.272496839069222],[80.50287648531317,7.272499502328532],[80.5029015017677,7.272504858198823],[80.50291263208153,7.272507545249429],[80.50300190113458,7.272531819780757],[80.5030074861373,7.272531796020179],[80.50301595407973,7.272537206108679],[80.50304490360521,7.27254715636194],[80.5031310601153,7.272598270327227],[80.50321748946433,7.27261754505709],[80.50321780457907,7.272617615782129],[80.50330509688116,7.272637081822217],[80.5033098076487,7.272640566202675],[80.50332944731439,7.272655091996814],[80.5033683728453,7.272682155725291],[80.50342409506939,7.272703126466908],[80.50344297849647,7.272710233854603],[80.50346380098792,7.272721641435856],[80.50348018387572,7.272737928641475],[80.50348280376983,7.272745559770565],[80.50350468323275,7.272809291501203],[80.50353092227326,7.272846204413308],[80.50354950823773,7.27288251859446],[80.50355106407832,7.272885558872385],[80.50355832949344,7.272899754374595],[80.50356341961054,7.272958931905318],[80.50356345558282,7.272959350616357],[80.5035546211191,7.273041998022098],[80.50348946390714,7.273111227928084],[80.50347166900004,7.273144652681549],[80.50345120217874,7.273183096480762],[80.5034210137591,7.273234532785482],[80.50340992010436,7.273306055975879],[80.50341894512262,7.273357785375726],[80.50344508660972,7.273407810536659],[80.50346814163333,7.27347148600537],[80.50346982299264,7.273533613107338],[80.50347501714127,7.273777414631365],[80.50347364291663,7.273803548883282],[80.50344625356627,7.273867284403392],[80.5034168742222,7.273924056542457],[80.50337320201389,7.273961738504604],[80.50329581530123,7.274035029437639],[80.50327614325828,7.274066486203815],[80.50326343878231,7.274108980491995],[80.50327128584625,7.274160259747574],[80.50330311614782,7.274237867584701],[80.50339535486053,7.274458935076041],[80.50340935626183,7.274518265372713],[80.50341908176327,7.274524339061697],[80.50346859917201,7.274555263277702],[80.50351112304543,7.274573146936352],[80.50357136574424,7.274596714815969],[80.50359830816043,7.274620793465696],[80.50361447783477,7.274628845109399],[80.5036333783659,7.274642260875635],[80.50370095391735,7.274671901887119],[80.50371986362507,7.274674620729731],[80.50373339862014,7.27468001576894],[80.50374966246163,7.274688105445097],[80.5037605113611,7.27469350067605],[80.50376321375501,7.274693506823315],[80.50390413948203,7.274707259123134],[80.50409982745914,7.27471843448691],[80.50423773461854,7.274667744684476],[80.50440650724651,7.274752713355428],[80.50441289382798,7.274754079963718],[80.50441926715249,7.274757911676895],[80.50448034186829,7.274798585614722],[80.5044854265038,7.274802383094785],[80.50449177719817,7.274806199420382],[80.50449812427009,7.274810015743682],[80.50456891933555,7.274838293072045],[80.50457521826026,7.274840853297245],[80.50458279534269,7.274845902009379],[80.5045853295961,7.274848411144333],[80.50461814411833,7.274871096119223],[80.50463752585672,7.2748870631546],[80.50459421981571,7.274931788115832],[80.50458396896306,7.274942374899537],[80.50452662203809,7.27497503896464],[80.5045152986896,7.274981488849929],[80.5044343111001,7.275020323204087],[80.5043944215732,7.275055174370573],[80.50436852685942,7.2750777960869],[80.5043494735377,7.275112010471419],[80.50440711218637,7.275167971301944],[80.50441101229788,7.27517170748405],[80.504412306455,7.275171688366287],[80.50447532822092,7.275224581427815],[80.50447919122061,7.275228287745292],[80.50448012734327,7.275228784765942],[80.50464184842504,7.275314686880551],[80.50465020058205,7.275319991068279],[80.5046642441001,7.275330689181667],[80.50468853200243,7.27537469959072],[80.50468909386234,7.275383121643163],[80.50468277832849,7.275406659413292],[80.50480272440579,7.275449148263867],[80.5051281058147,7.275495862004757],[80.50513418067673,7.275499062330521],[80.50525156299372,7.27550079106547],[80.50542100408099,7.275521509486739],[80.50543023871437,7.275524672813424],[80.5055747771527,7.27549793144968]]]]}},{"type":"Feature","properties":{"GND_N":"Ilukwatta","GND_NO":"173","GND_C":"460","PROVINCE_N":"CENTRAL","PROVINCE_C":"2","DISTRICT_N":"KANDY","DISTRICT_C":"1","DSD_N":"YATINUWARA","DSD_C":"36","Admin_Code":"2136460","GND_NO_Cen":"173","GND_NAME_C":"Ilukwatta","GND_NO_Gaz":"173","GND_NAME_G":"ඉලුක්වතta","shape_1":"Polygon","Area__Ha_":81.7125196769,"MWS_ID":"119-2","Alt_MWS":null,"Tot_Pop":2739.0,"Density":3351.99553223,"Area":0.81712519413},"geometry":{"type":"MultiPolygon","coordinates":[[[[80.54558587537078,7.263715663960165],[80.54583356338172,7.263708465934336],[80.54593073221139,7.263716382697609],[80.54604755240929,7.263719697485014],[80.546177050751,7.263727358409293],[80.54621308520365,7.263730472105783],[80.5463602476257,7.263743187026207],[80.54652433447997,7.263764068161866],[80.54660656341679,7.26376320550393],[80.54677853760032,7.263765552391892],[80.54687516058719,7.263776635536246],[80.54691781483858,7.26378554547065],[80.54693229357217,7.263598340082955],[80.5469255921678,7.263439175371223],[80.5468809187517,7.263385008723147],[80.54686607826103,7.263348042476578],[80.5469021868716,7.263340595739541],[80.54707444104835,7.26332802260601],[80.54716084031526,7.263321645722102],[80.54729604414831,7.263327048455892],[80.54732873603746,7.263328250494164],[80.54751048845496,7.263334935440803],[80.54773733230097,7.26335910235574],[80.54775163928986,7.263360556443587],[80.54776285912604,7.263361872426516],[80.5480483003011,7.263395340490322],[80.54812889155265,7.26340939949053],[80.54816600549304,7.263290388751316],[80.54815346100094,7.263263437917424],[80.54808684377292,7.263131807949224],[80.54808604403009,7.263117625408513],[80.54808118303876,7.263106225164867],[80.54807274045648,7.263076691902514],[80.54806592469075,7.262963910495441],[80.5480765180746,7.26294500962211],[80.54808646677351,7.262929482367906],[80.54815324788767,7.262872565846456],[80.54815450734473,7.262865867424546],[80.54817179157756,7.262848326363387],[80.54819518180034,7.262835421100912],[80.54835955150047,7.262794161821276],[80.54837686585809,7.262794099079938],[80.54851200246998,7.262806843426349],[80.54862903949326,7.262911574912459],[80.54863883088817,7.26291346438728],[80.54866489811292,7.262918492715411],[80.54870388078015,7.262926013442309],[80.54875829815752,7.26293990004146],[80.5487605832631,7.2629267897397],[80.54876286745927,7.262913686671847],[80.54876421128284,7.262886876655039],[80.54876934367266,7.26285745872795],[80.54877390115031,7.262831343920874],[80.5487890407709,7.262763594111139],[80.54879451414075,7.262751240498423],[80.54886357651698,7.262638186962642],[80.54886509007308,7.262628612991237],[80.54887347360213,7.262617176892212],[80.54892545599736,7.262565740127313],[80.54895826860543,7.262515844625961],[80.54897021991806,7.262492403014911],[80.54897404679227,7.262467617160161],[80.54899074905477,7.262386230373217],[80.54899200651897,7.262378063363946],[80.54899050542599,7.262361036448114],[80.54901988664699,7.262217435636724],[80.54898733309432,7.262119483618809],[80.54898303870112,7.262016752061197],[80.54899520754024,7.26197128903909],[80.54900472249763,7.261935738530222],[80.54901480261793,7.261882029051781],[80.54903432016985,7.261786634251614],[80.5490369020636,7.261692859613013],[80.54904246481816,7.261617896815633],[80.54904920072578,7.261551161928756],[80.54908238626084,7.26147259576181],[80.54915559101464,7.261405622859617],[80.54925440948588,7.261373751418621],[80.54936444139635,7.261372087383036],[80.54942764344511,7.261390475376049],[80.54948948828736,7.261382989747596],[80.54950054911923,7.26138165148567],[80.5495559045827,7.261334022524971],[80.54961100312114,7.261260530441224],[80.54967661386404,7.26118169918522],[80.5494969167211,7.260893849310583],[80.54951103602541,7.260845016013304],[80.54955488168312,7.260687959155171],[80.5495617366823,7.260645428816234],[80.54971685784159,7.260234396903352],[80.54972046656496,7.260211093981632],[80.5497285480215,7.260158930739618],[80.54974254229899,7.259882168473812],[80.54978541476359,7.259575713445672],[80.54986474010019,7.259374719823577],[80.54992100816446,7.259256390345873],[80.54992988272402,7.259238950817755],[80.54993551079912,7.259208642380589],[80.54994148712528,7.25917733215214],[80.55006561753537,7.258837402413418],[80.55008566037695,7.25863970611158],[80.55009822502265,7.258515777098688],[80.55010471803837,7.258479802742508],[80.55009257286115,7.258329746124566],[80.55005660802286,7.258256986277616],[80.55010140913026,7.25793036172693],[80.55010217425338,7.257919703119027],[80.55007076400145,7.257686866280053],[80.5501663297296,7.257341066897204],[80.55024318043012,7.257221601861126],[80.55028583546932,7.257155294465706],[80.55029105149279,7.257128516203771],[80.55033656113949,7.256965676148058],[80.550347765091,7.256931383415106],[80.55051875801894,7.256490163501171],[80.55057407949637,7.256362128487962],[80.55057693650612,7.256349702106156],[80.55058149973775,7.256329848648024],[80.55058775920581,7.256302615132125],[80.55059854642256,7.256284922428434],[80.5506126309843,7.256194407137875],[80.5506075231836,7.256187627771144],[80.55060920671109,7.256180308295127],[80.55061369278216,7.256160819231186],[80.55062253094472,7.256129009426802],[80.55063110691493,7.256098150815994],[80.55051212518937,7.2560856683916],[80.55045966729809,7.256084638532235],[80.55043111959962,7.256084077231936],[80.55039394709783,7.256083347960912],[80.55030728162544,7.256081586667922],[80.55020395926337,7.256069507135338],[80.55004438325108,7.256089865751393],[80.54994276231321,7.256116220682317],[80.54983298983304,7.256143114105226],[80.54973373070467,7.256156719529798],[80.5496095223819,7.256161364425303],[80.54960867503623,7.256518932542243],[80.54948746506976,7.256612104485622],[80.54918296814331,7.256603514258987],[80.54894629571625,7.256521237414918],[80.54870671610081,7.256405356998441],[80.54869972127725,7.25640536343982],[80.5484515704402,7.25628926246802],[80.54815780015721,7.256087330288198],[80.54801459022605,7.255945535458409],[80.54796188130715,7.255935939651932],[80.54781845303884,7.255950684472614],[80.54759658210887,7.256112545640515],[80.54741387810624,7.256161362671626],[80.54716820910512,7.256204492367103],[80.5471584764657,7.256203115632511],[80.5468306673784,7.256176247921517],[80.54676536404442,7.256160113850796],[80.54679872566167,7.256100354654453],[80.54678175955186,7.256040981477948],[80.5467792898464,7.256032341448934],[80.54674156633739,7.255952064825029],[80.54673414936944,7.25593628103543],[80.54668828811465,7.255831179058717],[80.54614247599271,7.256072640307698],[80.5457713720407,7.25593621290787],[80.54540130307568,7.255812881812998],[80.54509188327066,7.255734846050787],[80.54482615674588,7.255631860103493],[80.54443326803091,7.25558325339472],[80.54422429959718,7.255512521717215],[80.54422336968003,7.255499903541805],[80.54303494987718,7.256207462928348],[80.54264368587202,7.255923044792248],[80.54250894393698,7.255883433116499],[80.54234695097209,7.255926044408515],[80.5422379846507,7.255941403861186],[80.54216700649087,7.255968445632149],[80.54215082872717,7.255975889627451],[80.54212736302703,7.255991533673884],[80.54203279618403,7.25603208796983],[80.54187267319617,7.256060671648203],[80.54174173357335,7.25604963577994],[80.5417344855116,7.256049025250844],[80.54161349720349,7.256052489510292],[80.54148317683743,7.256061012087641],[80.54139225104956,7.256068923806085],[80.54128321765774,7.256122663291796],[80.5412196014724,7.256154019519736],[80.54108357446628,7.256165161496909],[80.54082656016826,7.25635013939681],[80.54046779359716,7.25681557722972],[80.54035870128043,7.257049618472838],[80.54034340495564,7.257082435704877],[80.54028683519087,7.257203797708175],[80.54010659994317,7.257590464887343],[80.53990899207697,7.258294902019686],[80.53978350833022,7.258408235854347],[80.53964003963829,7.258449940639404],[80.53946680169815,7.258443880108973],[80.53933074938908,7.258424142400663],[80.53929226163741,7.25841855634395],[80.53901267829487,7.258377992618919],[80.53873770285293,7.2586166743625],[80.53867585902783,7.258636493181924],[80.53864932593399,7.258644995987067],[80.53864788941105,7.258645457332197],[80.53864975450956,7.258646288455701],[80.53871658403735,7.258656811504129],[80.53874546775636,7.258662705472039],[80.53879633975349,7.258705958520211],[80.53881017758395,7.258739967428523],[80.5388115856969,7.258819546538722],[80.53882265705984,7.258948233273117],[80.53886065667052,7.259014357458421],[80.53890301171366,7.259065925597739],[80.53898103134065,7.259148166331451],[80.53905589551906,7.259203458176472],[80.53909346802857,7.259222377675805],[80.53917189392767,7.259222418651714],[80.5392489671568,7.259211517785499],[80.53928455510388,7.25921044940067],[80.53931633689999,7.259221319399406],[80.53937036891338,7.259283110371222],[80.5394050191397,7.25934688249017],[80.5394801924122,7.259476219393695],[80.53948835087296,7.259490257477418],[80.53953459415719,7.259553219956729],[80.53957695315215,7.259595744136575],[80.53967660561999,7.2597012374443],[80.53972021788572,7.259773422391129],[80.53978537800985,7.259857828417554],[80.53982810132915,7.259896464276073],[80.53995401520687,7.260005950125699],[80.54000098624348,7.260061137769704],[80.54001021586954,7.260073802770923],[80.5400599902925,7.260140113850856],[80.54012443123376,7.260212851277199],[80.5401484915811,7.260253937090203],[80.54015075990557,7.260257811386157],[80.54018567587185,7.26033505493982],[80.54019887483672,7.260378829912836],[80.54019025811736,7.260404687497982],[80.5401725894723,7.260422674774575],[80.54013686922974,7.260500064244567],[80.54012416332057,7.260552687876046],[80.54008007707048,7.260690842831267],[80.54004988798982,7.260727037085622],[80.54003205092195,7.26074842081791],[80.5400016629099,7.260787491542482],[80.53992384916835,7.260887536196733],[80.53990507751827,7.260936630796191],[80.53990586043807,7.260998123582304],[80.53991516779908,7.261037103746586],[80.5399227586234,7.261068215609397],[80.53994230380194,7.261098610258628],[80.54000358964247,7.261143765823499],[80.54008941312465,7.261197074658873],[80.54013108889015,7.26120952775734],[80.54011720792826,7.261256092871233],[80.54011975663856,7.261267589655269],[80.54012224404983,7.261276811189384],[80.5401247640124,7.261286129500498],[80.54014020569733,7.261351650431394],[80.5401427923374,7.261363351606765],[80.5401431249151,7.261375075120885],[80.54014345837997,7.261386833903148],[80.54014366026203,7.261393904727404],[80.54011692290898,7.261503725242343],[80.54011480452994,7.261510987474747],[80.54008105311186,7.261624537284862],[80.54007600999498,7.261641500225616],[80.5401388925206,7.261719590294617],[80.540174439317,7.261775194284959],[80.54025556284682,7.261771210549114],[80.54034675583748,7.261777587170358],[80.54043015320116,7.261794722696077],[80.54051680613476,7.261820720226608],[80.54053903524691,7.261829200543122],[80.54059657416596,7.261851147041762],[80.54067126530629,7.261892150608992],[80.54075945421471,7.261923303399967],[80.54082963236492,7.261935458343113],[80.54103436795367,7.261977704906712],[80.54106271205914,7.261980341166578],[80.54111460272061,7.261981453224344],[80.54111675425271,7.261980073473834],[80.54114259529965,7.261963473072077],[80.5411534706553,7.261947924752827],[80.54117934770781,7.261910826605716],[80.54119180816896,7.261892963195171],[80.54122725333386,7.261821994030293],[80.5412502938184,7.261748666353133],[80.54127459155997,7.261693969708721],[80.5412795101191,7.261641251581418],[80.54129764748136,7.261590891479086],[80.5412439638667,7.261552974419732],[80.54136096809802,7.261558188615936],[80.54145533189859,7.261555252367846],[80.54156128654871,7.261559287012849],[80.5416671444692,7.261571730666676],[80.541859750168,7.261603751092198],[80.54191361808601,7.261633892101826],[80.54198721637825,7.261688640247723],[80.54201853288932,7.261722337062718],[80.54202631585827,7.261730710375454],[80.5420722853253,7.261798918309885],[80.54209798098302,7.261844418756199],[80.54214767464147,7.261891015840708],[80.5422159287421,7.261946303773177],[80.54225856496429,7.261980779588066],[80.54231515602787,7.262002329299719],[80.54237908617695,7.262009778424098],[80.5425533106969,7.262037177156749],[80.5426230297199,7.262061720495424],[80.5426903870776,7.262100007060528],[80.54275367505228,7.262126988678046],[80.54282620460837,7.262145472815408],[80.54296963711766,7.26217746747468],[80.54302559180513,7.262200376839081],[80.54308353238177,7.262234045672485],[80.54313286194035,7.262284530050604],[80.5431697805938,7.262342968598436],[80.54321573562056,7.262439661859642],[80.54322466675018,7.262506401966153],[80.54321928947041,7.262572776619542],[80.54320603447623,7.262637065527382],[80.54320854615665,7.262685445953706],[80.54321612509335,7.262741878155817],[80.5432459829937,7.262791087403643],[80.5432875345086,7.262821945369042],[80.54335743314026,7.262849743266312],[80.5434215462917,7.262859090467098],[80.5434923629958,7.262860936314469],[80.5435411844985,7.262844773492146],[80.54356400868114,7.26283745946781],[80.54359391464892,7.262798590818949],[80.54365161091391,7.26277926839099],[80.54368421088807,7.262782992735463],[80.54375935662678,7.2628213744741],[80.54384110808957,7.262871694534582],[80.5438734182006,7.262909059575893],[80.54395046078272,7.263002965362146],[80.54399388017323,7.263055889137631],[80.54404672872712,7.263130066974141],[80.54405939972514,7.263144724022442],[80.54409422719738,7.263221426476608],[80.54412081090143,7.263299932404752],[80.54416147180996,7.263407648993972],[80.54416431427697,7.263415176936046],[80.54418827763472,7.263478657481842],[80.54424548583478,7.263529960549344],[80.54431265844158,7.263576023766376],[80.54438943186774,7.263619469412277],[80.5444402160378,7.263643635654971],[80.54446838178441,7.26365703820873],[80.5446132479894,7.263720052391323],[80.54467971050376,7.263736363727427],[80.54478873536881,7.263757036511848],[80.54494720513568,7.263782257797098],[80.54502988391677,7.263787181365115],[80.54510931007287,7.263782610824563],[80.5452351067151,7.263764588918363],[80.54535982353522,7.263738336393807],[80.54548580207484,7.263722304874103],[80.54558587537078,7.263715663960165]]]]}},{"type":"Feature","properties":{"GND_N":"Kandangama South","GND_NO":"209","GND_C":"360","PROVINCE_N":"CENTRAL","PROVINCE_C":"2","DISTRICT_N":"KANDY","DISTRICT_C":"1","DSD_N":"YATINUWARA","DSD_C":"36","Admin_Code":"2136360","GND_NO_Cen":"209","GND_NAME_C":"Kandangama South","GND_NO_Gaz":"209","GND_NAME_G":"කඳංගම දකm","shape_1":"Polygon","Area__Ha_":14.026943743,"MWS_ID":"119-2","Alt_MWS":null,"Tot_Pop":683.0,"Density":4869.20040972,"Area":0.14026943698},"geometry":{"type":"MultiPolygon","coordinates":[[[[80.52919612486704,7.261446828811032],[80.52895220668823,7.261320850065748],[80.5288182332259,7.261251656028523],[80.52838474557393,7.261039090033148],[80.52813049686125,7.260907915443775],[80.528090145541,7.26088709721423],[80.52778711228336,7.260755717607129],[80.52745575950976,7.260577660453117],[80.52724308911564,7.260476534516542],[80.52713652772925,7.260425654430984],[80.52668974258977,7.260192369308832],[80.52628333252552,7.259983343923369],[80.5261278496839,7.259903338129499],[80.52562940306642,7.259646855381065],[80.52520814307549,7.259439447693382],[80.52481140522603,7.259264788827896],[80.5246599309885,7.259183332462636],[80.52442826914002,7.259058758004885],[80.52399484621871,7.258905057819184],[80.52363792108818,7.258772893183034],[80.52363041703688,7.258770114617993],[80.52333868955384,7.25865618323843],[80.52323946486926,7.258617432092331],[80.52313039909957,7.258593193048259],[80.52301667828222,7.259051763677389],[80.52299581954534,7.259072925287503],[80.52297579222571,7.259105272630664],[80.52297357802861,7.259111757025032],[80.52296579803269,7.259124686866985],[80.52295801622414,7.259137618516396],[80.52296045806084,7.259204966617211],[80.52295321736258,7.259268834998579],[80.52295313684256,7.259275166852793],[80.52295477629552,7.259321520308004],[80.52295466835852,7.259329914852102],[80.52294749015252,7.259369498327695],[80.52294508670326,7.25938403629987],[80.52294052306048,7.259394323766984],[80.52293124821556,7.259429361971187],[80.52293110270452,7.259441785144716],[80.52292185671341,7.259478661803835],[80.52292806483338,7.259513838869071],[80.5229201431124,7.259553442727556],[80.5229152800156,7.259577749368876],[80.52299413262737,7.259598458411574],[80.52315252688207,7.259589957746734],[80.52330523981274,7.259538588294689],[80.52336549482136,7.259498091207895],[80.52341467741586,7.259465038461064],[80.52344656819261,7.259453567111928],[80.52345634339324,7.259450050313655],[80.52350306319728,7.259468071878747],[80.52353293116867,7.259503077636273],[80.52355609575027,7.259530227634087],[80.52357077708213,7.259563128768709],[80.52357815664017,7.259579667978771],[80.52359166403373,7.259616320394387],[80.52359360508727,7.259662727370331],[80.52357310156398,7.259727281976065],[80.52357020358852,7.259728999434288],[80.52356762544315,7.25980342268384],[80.52358824031509,7.259862212671027],[80.5236147584599,7.25989080236814],[80.52370438237838,7.259943967140046],[80.5237147037184,7.259950091368662],[80.52374727320176,7.260009339246627],[80.5237825267043,7.260124115267074],[80.52384451197112,7.260373283128033],[80.52386533411567,7.260549272133912],[80.52388635343873,7.260693249075236],[80.52393684217486,7.260771950231384],[80.52405752793427,7.260827723025508],[80.52415261202671,7.260833651995579],[80.52435428867045,7.260837291668742],[80.52446187969824,7.260827584958482],[80.52456042188932,7.260804942636319],[80.52462564871158,7.260762837588196],[80.52468209052532,7.260723530985805],[80.5246911580802,7.260717456412666],[80.52473227779393,7.26068990985235],[80.52474224403979,7.260683233513318],[80.52479965339158,7.260677473297052],[80.52493349171084,7.260664046263797],[80.52500591789105,7.260671098303906],[80.52504399481253,7.260676074942376],[80.52519492445637,7.260739550719858],[80.52535971181376,7.260796251870248],[80.52554498909892,7.260873086739667],[80.52556026130225,7.260879419843169],[80.52562173219575,7.260904912524116],[80.52562975272473,7.260912170334612],[80.52570482582905,7.260980105641374],[80.5257423539779,7.261078332303824],[80.52574502848229,7.2611563747637],[80.52572715539691,7.261215416508886],[80.52574664421884,7.261226451575324],[80.52584501448646,7.261282150091178],[80.52585526452047,7.261287955920237],[80.52595511320246,7.261344493513823],[80.5264562419142,7.261398556474982],[80.52649936059488,7.261403207509049],[80.52667801480148,7.261422481472042],[80.5271318045845,7.261340896335975],[80.52713633125408,7.261344994390844],[80.52715085259481,7.261382861739083],[80.52716686595136,7.261411627233797],[80.52722942402254,7.261446476174593],[80.52724997218455,7.26146457523765],[80.52726399113176,7.261497135881156],[80.52725264558592,7.261541803826442],[80.5273268634366,7.261617624795438],[80.52739765723703,7.26166378196822],[80.52746932162464,7.26177034857966],[80.52762667700915,7.261840877910663],[80.52767291011318,7.261881805586199],[80.52774525362098,7.261945843352968],[80.5278372230351,7.262020497472502],[80.52787018061794,7.262045453367321],[80.52796893209084,7.262120223307291],[80.52827161383196,7.262400630176232],[80.52840349131137,7.262527214563236],[80.52893552727316,7.263124672273943],[80.52893748221102,7.263269254455095],[80.52894737542212,7.26336633543019],[80.5291150655692,7.263433420000313],[80.52918323557466,7.263436128436125],[80.52969445630332,7.263899168015628],[80.52970951962541,7.263925158520192],[80.5297884330074,7.264027477615571],[80.52988972115845,7.264120132853768],[80.53006228306548,7.264205411513051],[80.53015633608804,7.264276993506019],[80.53025174376049,7.264358882509929],[80.53033311311003,7.26444167089462],[80.53035849457603,7.26438352557482],[80.53038398212539,7.264325134341456],[80.53041599396714,7.26424123275231],[80.53045654994784,7.264104524731836],[80.5304532910037,7.263935599920494],[80.53044792920494,7.263803388506387],[80.5304412703908,7.263739832574946],[80.53043951086195,7.263723042406747],[80.53043675850826,7.263696765604289],[80.53040191608783,7.263653485057482],[80.53034200433453,7.263579064946969],[80.53026987671565,7.263488233316855],[80.53023631619692,7.263420846651316],[80.53023143512044,7.263400586802764],[80.53023199117621,7.263377256190991],[80.5302391635525,7.263345700047038],[80.53025403419484,7.263309716108692],[80.53032883582007,7.263147797626221],[80.53040476514197,7.263073686267663],[80.53046578381715,7.262995859190584],[80.53048832008615,7.262967114692766],[80.53054956979902,7.262947385322312],[80.53056875301765,7.262941205785734],[80.53065936215788,7.262852090063891],[80.53066570995125,7.26283635779333],[80.53067610770263,7.262810465202774],[80.53072510751906,7.262688447530201],[80.53078077149854,7.262578424462125],[80.5308496408191,7.262498792073042],[80.53094422315246,7.262430569553921],[80.53096768497409,7.26241837510714],[80.53106342108326,7.262393467302124],[80.53070253422266,7.262199894087912],[80.53065990979734,7.262177030229876],[80.53038571410221,7.26204861231992],[80.53024620213273,7.261983271621632],[80.53017625829814,7.261950513437921],[80.53014152818515,7.261932462876581],[80.52958687614928,7.261644178597212],[80.52943093321005,7.261565418871991],[80.52921758177543,7.261457664953058],[80.52919612486704,7.261446828811032]]]]}},{"type":"Feature","properties":{"GND_N":"Madarangoda","GND_NO":"176","GND_C":"465","PROVINCE_N":"CENTRAL","PROVINCE_C":"2","DISTRICT_N":"KANDY","DISTRICT_C":"1","DSD_N":"YATINUWARA","DSD_C":"36","Admin_Code":"2136465","GND_NO_Cen":"176","GND_NAME_C":"Madarangoda","GND_NO_Gaz":"176","GND_NAME_G":"මඩරන්ගොgo","shape_1":"Polygon","Area__Ha_":34.0372858277,"MWS_ID":"119-2","Alt_MWS":null,"Tot_Pop":1567.0,"Density":4603.77485147,"Area":0.34037285718},"geometry":{"type":"MultiPolygon","coordinates":[[[[80.53778547713358,7.261741832295554],[80.53779706883422,7.261573559098942],[80.53783855470638,7.261423877731358],[80.53783508844282,7.261423133479975],[80.53787132812806,7.261256248669201],[80.53808107901813,7.260452531456391],[80.53807072827206,7.260433044697367],[80.53805683347743,7.260328353874806],[80.53804569497204,7.260210605507994],[80.53793601809035,7.260058078488317],[80.53771513200883,7.259932177072296],[80.53770330011072,7.259929136927583],[80.53763558514945,7.259919565487317],[80.53741824335428,7.259868186409153],[80.53735619210272,7.259813903912119],[80.53696322098898,7.259253419090912],[80.53695845959116,7.259210131377418],[80.53693862679319,7.259143624155567],[80.53687210464813,7.259036460320959],[80.53685460888038,7.259023670626806],[80.53674745068733,7.258969566818291],[80.53657718599962,7.258819317090063],[80.53637024908517,7.258688039114755],[80.53622416442471,7.258583328094748],[80.53618461302722,7.258536014119231],[80.53615695641923,7.258262150458343],[80.53596414667422,7.258138713726112],[80.53578871773406,7.258041681721881],[80.53561457588134,7.257906882264271],[80.53516477507893,7.257679718668278],[80.5344656470084,7.25739269744875],[80.53402062998411,7.257160065189718],[80.53399377390919,7.257144302483697],[80.53372515413626,7.257037877646336],[80.53274793180516,7.259869256494841],[80.53264063438355,7.260119781136837],[80.53262928331887,7.260140427429315],[80.53262288092628,7.260171986748811],[80.53251907942547,7.260371259359103],[80.53247970657397,7.260446845763727],[80.53247663095938,7.26048249249138],[80.53200882262432,7.26076140803947],[80.53196609717598,7.26098111346279],[80.53192826764597,7.261022568775852],[80.53186335474301,7.261143517289791],[80.53185144833135,7.261152705790447],[80.53178541995551,7.261237957385644],[80.53178227153849,7.261307662685127],[80.53178162452863,7.261321825469795],[80.53179521940633,7.261373882445262],[80.53180901130268,7.261426690999018],[80.53182572093301,7.261514934277683],[80.53184356608863,7.261584941166489],[80.53185668614628,7.261682808774411],[80.53185651307372,7.261688026487221],[80.53187386491477,7.261799518736202],[80.53176320495145,7.261879062759637],[80.53174515581742,7.261948529430071],[80.5317586629293,7.262010518275612],[80.5317709109238,7.262128411117991],[80.53181946119498,7.262143811268428],[80.53183157728716,7.26208181723991],[80.53197393302236,7.262031650149222],[80.53204642413112,7.262239511585928],[80.53206574571202,7.26222689344893],[80.5320812676546,7.262220455959217],[80.5322295159503,7.262158977369722],[80.5323601402693,7.262094028503214],[80.53248179639675,7.262032330255951],[80.5325874207618,7.26197360845624],[80.53265588825246,7.261938151481305],[80.53279622107665,7.261865475939209],[80.53290953934051,7.261815258602679],[80.53291058378538,7.261814734669355],[80.53303563361345,7.261752024368885],[80.53316507805481,7.261689788431503],[80.5332790271675,7.261638397557215],[80.53329606029085,7.261630716518129],[80.53337240614044,7.261600878443928],[80.53339248635399,7.261639243236871],[80.53341597295255,7.261688671240526],[80.53345907697332,7.261832227398055],[80.53377838766497,7.261675797951528],[80.53409897653121,7.261645171454341],[80.53436733036874,7.261576701799552],[80.53447004990358,7.262160558616428],[80.53458312358958,7.262445905397377],[80.53449876541686,7.262532311460819],[80.53439749354105,7.262579101086425],[80.53414538956291,7.262922903262306],[80.5338849875558,7.263311498925385],[80.53354583761006,7.263499712943681],[80.53336114983533,7.263701544085117],[80.53349167550365,7.263815878493193],[80.53377175981693,7.264023385020776],[80.5339376068358,7.264141770457908],[80.53404243369738,7.264216598429307],[80.534258888086,7.264355483205985],[80.53428405904134,7.264371633854923],[80.53451455389602,7.264505952963184],[80.53464366763127,7.264557025144883],[80.53491949197583,7.264601753051472],[80.5351878212776,7.264611301376373],[80.53540626933035,7.26458211814319],[80.53559808863764,7.264561692377377],[80.53585127734868,7.264453100042507],[80.53589374750192,7.264434886453318],[80.53592131249519,7.26441953159055],[80.53596901608009,7.264392960520319],[80.53612132690631,7.264308119346732],[80.536212615903,7.264257268280774],[80.53644943569064,7.264083226411072],[80.53651760260253,7.264025479528204],[80.53670792317408,7.263864250367938],[80.53671197393555,7.263860889417964],[80.53697220463778,7.263645008647233],[80.53700274253085,7.26361963202941],[80.53730706396168,7.263366750482727],[80.53743553221263,7.263257951340107],[80.53754652431107,7.263163951769952],[80.53766856220378,7.263064543035565],[80.53772864150261,7.263015809378802],[80.53774844384922,7.262999747676755],[80.5377907810218,7.262965405651187],[80.53805415369361,7.262751948489065],[80.53807363327259,7.26273482857202],[80.53805877087079,7.26269789821979],[80.53804600898326,7.262636117915606],[80.5379606646291,7.262498431474835],[80.53790672265906,7.262382298315527],[80.53776582118726,7.261933802037052],[80.53778547713358,7.261741832295554]]]]}},{"type":"Feature","properties":{"GND_N":"Panabokka2","GND_NO":"210","GND_C":"355","PROVINCE_N":"CENTRAL","PROVINCE_C":"2","DISTRICT_N":"KANDY","DISTRICT_C":"1","DSD_N":"YATINUWARA","DSD_C":"36","Admin_Code":"2136355","GND_NO_Cen":"210","GND_NAME_C":"Panabokka","GND_NO_Gaz":"210","GND_NAME_G":"පානබොක්ka","shape_1":"Polygon","Area__Ha_":45.9065069537,"MWS_ID":"119-2","Alt_MWS":null,"Tot_Pop":1137.0,"Density":2476.7730745,"Area":0.45906506805},"geometry":{"type":"MultiPolygon","coordinates":[[[[80.51530241189465,7.265178028081976],[80.51539766400185,7.265076083503348],[80.51541688929997,7.265093202973318],[80.5156036120231,7.264959203851443],[80.51566368983593,7.264897023582757],[80.51568663508691,7.264843935487394],[80.51568744759678,7.264842055918795],[80.51573570195472,7.264710327430116],[80.51578212435552,7.264616124438868],[80.5157932671241,7.264598577510611],[80.51584113216484,7.264523198302533],[80.5158576078897,7.264494944833712],[80.51586623600252,7.264480147334002],[80.51591519450116,7.264396186052627],[80.51596758255482,7.264321611537594],[80.51603563506363,7.264246774713632],[80.51608347290485,7.264209093835097],[80.51610721051945,7.264190568437669],[80.51613540340242,7.264141119506949],[80.51613853977491,7.264132814424275],[80.51655558530283,7.263915307481751],[80.51673506315981,7.263822492678451],[80.51684510592678,7.263739547394647],[80.5168569458701,7.263726877715595],[80.51687265513513,7.26371006585082],[80.51709346902292,7.263597231672644],[80.51721884584406,7.263491411790678],[80.5174891923704,7.263424974485477],[80.51766657795184,7.26341126520108],[80.5178622358702,7.263353343363843],[80.51818229622447,7.26332857778984],[80.5183569529577,7.263286636300447],[80.51864815977794,7.26334440465989],[80.51883050512313,7.263418556635987],[80.5191804068834,7.263346333443339],[80.51933051063544,7.263226409066075],[80.5193450998508,7.263180381313626],[80.51940982168792,7.263056166479286],[80.51973536711746,7.262442011117716],[80.5198077428377,7.262389817956629],[80.51982376581542,7.262376868418839],[80.51996136443027,7.262328949635799],[80.51997625589655,7.262329500627188],[80.52024965747627,7.262332432088918],[80.5202646860009,7.262332433334813],[80.52049127287314,7.262358387893904],[80.5205025956611,7.262358387947058],[80.52052923793256,7.262362738171963],[80.52058290578523,7.262375826488817],[80.52066540012714,7.262412693289023],[80.52067428332069,7.262430136783424],[80.5207110592045,7.262607835852747],[80.52068480532647,7.262733485980908],[80.5207200970052,7.262773217219965],[80.52087760265769,7.262821611724676],[80.52088664913985,7.262822547340311],[80.52089872288954,7.262823793929877],[80.52095373527864,7.262805422421188],[80.52097771923297,7.262788003758406],[80.521136910091,7.262804575957942],[80.52132956326318,7.262825730901534],[80.52150561761259,7.262872573890846],[80.5216442556344,7.26290870881528],[80.52167869143784,7.262913354532332],[80.52183782042204,7.262974057121245],[80.52392197574245,7.263335639361492],[80.5239164502882,7.263397932510737],[80.52393625393599,7.263451839720672],[80.52402680589464,7.26346771440214],[80.52415666391269,7.263480446772022],[80.52426515911633,7.263472821424153],[80.52427126983116,7.263471786684055],[80.52433645349959,7.263460758797069],[80.52434187045252,7.263459842133821],[80.52445236105784,7.263448328460876],[80.5245343202802,7.263446927072811],[80.52460639635233,7.26346550428173],[80.52466514288213,7.263480647698935],[80.52474721873375,7.263463321638879],[80.52488318890427,7.263361674267303],[80.52498232170211,7.263287565853342],[80.52522549147562,7.262992990464148],[80.52528711237736,7.262918343055002],[80.52530801606686,7.262893018883634],[80.52541078534747,7.262760595967538],[80.52551553000757,7.262658650791613],[80.52575210980287,7.262454197473975],[80.52583746536214,7.262345578637909],[80.52591721927699,7.262237738911361],[80.52594977074064,7.26216342351624],[80.52580635078343,7.262112885400511],[80.52573588528261,7.262131474144828],[80.5256466791475,7.262137032433327],[80.52551479610146,7.262187147237074],[80.52543418357865,7.262210072767869],[80.52538374005371,7.262214024695179],[80.52527616009223,7.26219994765934],[80.52521081287179,7.262133987225246],[80.52520785122543,7.262087233344209],[80.52523243813349,7.262004505427031],[80.52528239576854,7.261898548353639],[80.52531966338097,7.261815010862919],[80.52540888213117,7.261621632512901],[80.52542359223376,7.261589935028032],[80.52546799725619,7.261494248597423],[80.52552545014215,7.261428085682729],[80.52566469841135,7.261325343843173],[80.52571708381483,7.261248778667626],[80.52572715539691,7.261215416508886],[80.52574502848229,7.2611563747637],[80.5257423539779,7.261078332303824],[80.52570482582905,7.260980105641374],[80.52562975272473,7.260912170334612],[80.52562173219575,7.260904912524116],[80.52556026130225,7.260879419843169],[80.52554498909892,7.260873086739667],[80.52535971181376,7.260796251870248],[80.52519492445637,7.260739550719858],[80.52504399481253,7.260676074942376],[80.52500591789105,7.260671098303906],[80.52493349171084,7.260664046263797],[80.52479965339158,7.260677473297052],[80.52474224403979,7.260683233513318],[80.52473227779393,7.26068990985235],[80.5246911580802,7.260717456412666],[80.52468209052532,7.260723530985805],[80.52462564871158,7.260762837588196],[80.52456042188932,7.260804942636319],[80.52446187969824,7.260827584958482],[80.52435428867045,7.260837291668742],[80.52415261202671,7.260833651995579],[80.52405752793427,7.260827723025508],[80.52393684217486,7.260771950231384],[80.52388635343873,7.260693249075236],[80.52386533411567,7.260549272133912],[80.52384451197112,7.260373283128033],[80.5237825267043,7.260124115267074],[80.52374727320176,7.260009339246627],[80.5237147037184,7.259950091368662],[80.52370438237838,7.259943967140046],[80.5236147584599,7.25989080236814],[80.52358824031509,7.259862212671027],[80.52356762544315,7.25980342268384],[80.52357020358852,7.259728999434288],[80.52357310156398,7.259727281976065],[80.52359360508727,7.259662727370331],[80.52359166403373,7.259616320394387],[80.52357815664017,7.259579667978771],[80.52357077708213,7.259563128768709],[80.52355609575027,7.259530227634087],[80.52353293116867,7.259503077636273],[80.52350306319728,7.259468071878747],[80.52345634339324,7.259450050313655],[80.52344656819261,7.259453567111928],[80.52341467741586,7.259465038461064],[80.52336549482136,7.259498091207895],[80.52330523981274,7.259538588294689],[80.52315252688207,7.259589957746734],[80.52299413262737,7.259598458411574],[80.5229152800156,7.259577749368876],[80.52286112725231,7.259658037132363],[80.52278323703649,7.259687901504537],[80.52267241203377,7.259699803463978],[80.52256759601478,7.259678810371841],[80.5224478350634,7.259600981869526],[80.52234906835574,7.259475313217936],[80.52231916108825,7.259397536752623],[80.52231921982525,7.259292859700413],[80.52225636442286,7.25922104492179],[80.52210066558864,7.259137215187675],[80.52194198557231,7.259032450123297],[80.52187722675416,7.258976645738935],[80.5218805861667,7.25895956270845],[80.521867952918,7.258866371275215],[80.52186544775918,7.258839466987955],[80.52187620446765,7.258766950982096],[80.52187936076339,7.258753554662991],[80.52195086686933,7.25869545827911],[80.52196242329259,7.258677584057398],[80.52194670838647,7.258643839488974],[80.52188563906564,7.258539630069381],[80.52182743499829,7.258493568648572],[80.52173816802797,7.258449116637045],[80.52162361712325,7.258415328383323],[80.52148665912753,7.258374931571317],[80.5214297725829,7.25835815112467],[80.52129424791292,7.258429162836232],[80.52126980097225,7.258461890137708],[80.52116875568049,7.258546302987668],[80.52114229957857,7.258729383255756],[80.52098364805558,7.258706420729105],[80.52080232783767,7.258667014285773],[80.52039626099358,7.258856360896966],[80.52023191922099,7.258998949344454],[80.52004213462314,7.259109390024443],[80.51995917613523,7.259157665278098],[80.51989821192652,7.259193141743464],[80.5198926570813,7.259196160771279],[80.51982749272706,7.25923157607488],[80.51978514557962,7.259265864847012],[80.51969110424432,7.259336618262621],[80.51961000322488,7.259422933812419],[80.5195500995831,7.259501212176411],[80.5195462943076,7.259507500323786],[80.51951512785126,7.259558994244191],[80.5194919961588,7.259597213990154],[80.51944682171936,7.259621837795875],[80.51939769401345,7.259648615206847],[80.51929578886266,7.259692869949719],[80.51924426854418,7.259678190237968],[80.51923213816029,7.259671581085742],[80.5191195156658,7.259609845044464],[80.51902477737461,7.259474146601504],[80.51889063074876,7.259361306352018],[80.51886832317747,7.259330941831064],[80.51886479821493,7.259331590926812],[80.51880887909395,7.259365304912706],[80.51878754540887,7.259382058502443],[80.51872151784083,7.259416003668657],[80.51870555670396,7.259430223746008],[80.5186181480752,7.259495696880657],[80.51860926506929,7.25950360987422],[80.51858399672784,7.259516850733948],[80.5185867748172,7.259522133413561],[80.51853143832825,7.259563139956065],[80.51853072079048,7.259563671276024],[80.51851473880494,7.259577906707438],[80.51841487934973,7.259698438167532],[80.51832092769034,7.259798820672978],[80.51818699398227,7.259989259385295],[80.51789877528725,7.260124743753447],[80.51746075617909,7.26016400206056],[80.51711707077958,7.260411966164192],[80.51668524913453,7.260734065493702],[80.5166528114514,7.260760756287927],[80.5164111532136,7.260959611490326],[80.51605209709781,7.261123516852785],[80.51582670142153,7.26123865932539],[80.51577113719452,7.261267044093555],[80.5155878590911,7.261608681217189],[80.51531846788886,7.261835333359134],[80.51494915563582,7.262279875362489],[80.51475831366479,7.262491672259323],[80.51473985010594,7.262512162051285],[80.51450400257134,7.262727729128665],[80.51431532240846,7.262786926794782],[80.51427705838086,7.262857908363309],[80.5142437176784,7.262896825463317],[80.51421948707855,7.262919050866331],[80.51418919600974,7.262983735883671],[80.514186559084,7.263002146769961],[80.51418214087748,7.263032979871753],[80.51389490969892,7.263298285857918],[80.51374199776859,7.263587238116411],[80.51366916924538,7.263829803700227],[80.51388561732789,7.264099035330751],[80.51420222318063,7.264226311095488],[80.51432531301934,7.26437734568081],[80.51452912772022,7.264649482467699],[80.51469410390496,7.264822710894615],[80.51490227787649,7.264917530788607],[80.51505349487681,7.264964598893942],[80.51504266171662,7.264983839730712],[80.51502044042995,7.26504396364487],[80.51501143826475,7.265107349740681],[80.51508553316985,7.265078182690897],[80.51511831569478,7.265079195391946],[80.51516575341007,7.265108975913741],[80.51524478985998,7.265147905313851],[80.51530241189465,7.265178028081976]]]]}},{"type":"Feature","properties":{"GND_N":"Govindala","GND_NO":"171","GND_C":"450","PROVINCE_N":"CENTRAL","PROVINCE_C":"2","DISTRICT_N":"KANDY","DISTRICT_C":"1","DSD_N":"YATINUWARA","DSD_C":"36","Admin_Code":"2136450","GND_NO_Cen":"171","GND_NAME_C":"Govindala","GND_NO_Gaz":"171","GND_NAME_G":"ගෝවින්දla","shape_1":"Polygon","Area__Ha_":48.3186517427,"MWS_ID":"119-2","Alt_MWS":null,"Tot_Pop":1573.0,"Density":3255.47164158,"Area":0.48318651587},"geometry":{"type":"MultiPolygon","coordinates":[[[[80.55744909945267,7.262109950922257],[80.55744868379263,7.262098689465286],[80.55748119251986,7.261969211093102],[80.55748564812038,7.261946714240421],[80.55750071399191,7.261923849027894],[80.55756731857993,7.261865987808767],[80.55766184206155,7.261723887239115],[80.55770272792186,7.261649889923465],[80.5577165507989,7.261633644489678],[80.55775130372162,7.261601212206153],[80.55794548799234,7.261448178636384],[80.55794473496047,7.261432269815312],[80.55795294820972,7.261305897737802],[80.55801598452341,7.261154253315537],[80.55801516792455,7.261138701662559],[80.55808785709245,7.260936243784733],[80.55810531015565,7.260762961018566],[80.55794837644918,7.260643956421792],[80.5578677225842,7.260559143028875],[80.55783878507825,7.260508124727801],[80.55784748546527,7.26032564282693],[80.5578929489932,7.260208480890203],[80.55793606199705,7.260152328278626],[80.55800783308347,7.260073086370153],[80.55829477873037,7.260071724960311],[80.55843479329378,7.260067727360491],[80.55839218237844,7.260031067347517],[80.55838466677537,7.259835470703844],[80.55838812884227,7.259811131300479],[80.55838560384178,7.259783292091244],[80.55848410245433,7.259729128344519],[80.5585067344325,7.259713952376543],[80.55865735004119,7.259622975996433],[80.55868899521518,7.25952357594987],[80.55868965596775,7.259514859710634],[80.55871135682828,7.259449117493801],[80.55871655826384,7.259423460450051],[80.55872793706014,7.259346421278815],[80.55896862892783,7.25878618201397],[80.55913792779882,7.258003870911801],[80.55932660029427,7.257985153472264],[80.55943428625001,7.257941198927903],[80.55947052993136,7.257901940639901],[80.55947530854067,7.257896764894814],[80.55945608497437,7.257878719430354],[80.55943238613821,7.257856476775113],[80.55942887818156,7.257834985291056],[80.55942841225935,7.257832131998903],[80.55942251846882,7.257783301452319],[80.55942132809244,7.257763383654656],[80.55941967774726,7.257735747428425],[80.5594166031449,7.257684907062963],[80.55941509459412,7.257659964816995],[80.55941438025778,7.257636903896428],[80.55944112113988,7.257585100223838],[80.55942200139812,7.25758287374482],[80.55939122634783,7.257579289766693],[80.559288075796,7.257583399353627],[80.55924980526977,7.257594588061026],[80.55916516793033,7.257619332671027],[80.55908126470719,7.25765417142355],[80.55905248991395,7.257666119748415],[80.55901616505108,7.25768391890244],[80.55896253267926,7.257731278600952],[80.55888915872812,7.257775735076252],[80.55881742163189,7.257802286260395],[80.55868024056612,7.257774085913767],[80.5586520737897,7.257768296641343],[80.55865014938725,7.257768306570394],[80.5585406866577,7.257768876239066],[80.5584496822748,7.257747852798532],[80.55839807433053,7.257726486530027],[80.55822571869358,7.257584155431619],[80.55812260640054,7.257508870769206],[80.55799448094291,7.257470465013234],[80.55786908808585,7.257408731381739],[80.55779088122856,7.257366215119045],[80.55777918487689,7.25735985587166],[80.55770322963826,7.257307371664888],[80.55757095854501,7.257233153480561],[80.55744031903731,7.257152156501443],[80.55736449887613,7.257138857470712],[80.55736420277029,7.257138806687094],[80.5573559965828,7.257149344165379],[80.55734385675227,7.257164933884194],[80.55732705174236,7.257177699029679],[80.55719033412109,7.257281546285524],[80.55718125310547,7.257286499280367],[80.55708604243472,7.257353282058586],[80.55708464464634,7.257354212813578],[80.55704956587878,7.257377539497532],[80.55700179468387,7.257409308026793],[80.55689952766004,7.25746089419717],[80.55682244158875,7.257501459142768],[80.55676156053445,7.257552705373738],[80.55665366966117,7.257623006889982],[80.5565510376779,7.257680018607189],[80.55650351403585,7.257724039573161],[80.55646868172222,7.257756301725754],[80.55645173686318,7.25776790383863],[80.5563875139826,7.257811876915592],[80.55635571597612,7.257833655161021],[80.55626810628247,7.257914276339425],[80.55614571574297,7.258003109771689],[80.55604581796109,7.258074302131397],[80.55594619268098,7.257959561320114],[80.55568452467419,7.257791640328739],[80.55549055186158,7.257735726256274],[80.55521040269349,7.257569689615845],[80.55417951841892,7.256447602172301],[80.55415029428093,7.256400743289838],[80.55407128820895,7.256332624351343],[80.55384933409287,7.256555337176386],[80.55383788726138,7.256527884233576],[80.55382306361466,7.256470634736485],[80.5537859576512,7.256422869477846],[80.55373913755255,7.25642447517779],[80.55365400811678,7.256429586150507],[80.55358146862531,7.256433983459154],[80.55345712659552,7.256441517676321],[80.55334347219485,7.256445802528982],[80.55326179949685,7.256439711744204],[80.55325436482778,7.256439156468943],[80.553135194806,7.256426167321798],[80.55310779508125,7.256418849818596],[80.55303477744455,7.256399350659899],[80.55293978073276,7.256398760457207],[80.55283753590886,7.256404950731272],[80.55272169991525,7.256425783056596],[80.5525873760105,7.256476267304695],[80.55244545205653,7.256492471154735],[80.55242254733554,7.256495085951474],[80.55231088307193,7.256501903568037],[80.55229132252715,7.256503069509563],[80.55210726913569,7.256514167585604],[80.55202950690656,7.256518855964593],[80.55173373981698,7.256517714153516],[80.5515712822903,7.256497532987625],[80.55158001806028,7.256795982721673],[80.5515906198404,7.256852625216668],[80.55162407715652,7.256898152507259],[80.55167151379099,7.256911603936335],[80.55168569135903,7.256916172241988],[80.55188720992639,7.257026329786171],[80.55189533772713,7.25704263743817],[80.55197928076208,7.257136617660873],[80.55200938451321,7.257182544776889],[80.55203633265764,7.25731908486624],[80.55209788699783,7.2575459084216],[80.5521636342477,7.257694221759687],[80.55216790020447,7.257702178997691],[80.55216969752402,7.257710087993347],[80.55226812473899,7.257906830987762],[80.55236391150841,7.258007979047671],[80.5524789981607,7.258162830353669],[80.55256844871315,7.258237998310475],[80.55257592162413,7.258247354269653],[80.55265667909667,7.258282725988003],[80.55268384196434,7.258293089992864],[80.55270328656188,7.258303141828162],[80.55272866106293,7.258322288420946],[80.55276142208007,7.258329535341257],[80.55283178125222,7.258339699051949],[80.55288047425228,7.258396964340606],[80.55283512411263,7.258487696719792],[80.55281717278484,7.258523610318334],[80.55271467801285,7.25872867058708],[80.55266476404456,7.258756138544989],[80.5525742056237,7.258752837536177],[80.5524414441952,7.259161962646264],[80.55237584563565,7.259519752052453],[80.5522737344372,7.259534471605807],[80.55220910068448,7.259530870426483],[80.55206009750803,7.259536240727538],[80.5519425817239,7.259535088452242],[80.5518195101892,7.2595245720805],[80.55181203915252,7.259524209378279],[80.55169133184307,7.259552636031779],[80.55163459193984,7.259755764472087],[80.551638913985,7.259824061189375],[80.55164772105341,7.259958897648313],[80.55166657093753,7.26011263805179],[80.55170671123226,7.260252462763474],[80.55176784902599,7.260415719241121],[80.5518079151003,7.260522717801653],[80.55184609676567,7.260591101798733],[80.55184745518056,7.260592910167121],[80.55179480008269,7.260740060823843],[80.55179404013246,7.260742184649588],[80.55177904853463,7.260806514590098],[80.5519418470903,7.261002292042984],[80.55227048268004,7.261227901919812],[80.55228822185927,7.261238514503693],[80.55269877989824,7.261577576447269],[80.55286502910761,7.261702607338084],[80.55287114983297,7.261706818966137],[80.55287633848423,7.261715113955967],[80.55300371664485,7.261804858844068],[80.55301367679577,7.261826293857258],[80.55301732334392,7.261843478264342],[80.55320388773255,7.261967664467439],[80.55328527612373,7.262043640393953],[80.55330586474759,7.262057221349605],[80.55348551247009,7.262107458488664],[80.55350467240403,7.262107457045337],[80.55353355356287,7.262121283510817],[80.55376377098618,7.262163080209179],[80.55375936304034,7.262300042492195],[80.55369990050333,7.262385393756221],[80.55369259490804,7.262394711701127],[80.5536909801359,7.262404063184227],[80.55368199359114,7.262422869128935],[80.5536489607895,7.262663612968135],[80.5537036167203,7.263083756972656],[80.55369745342337,7.263108954088765],[80.55369836909867,7.263121624691401],[80.55371665804608,7.263524349389779],[80.55371419503525,7.263553290316106],[80.55371285998815,7.263577576457293],[80.55374266432501,7.263756525002487],[80.553753814571,7.263787067793174],[80.55375373464773,7.263807781659097],[80.55375596913662,7.263818119813247],[80.55381786198569,7.263932699713419],[80.553828398263,7.263948458698164],[80.5539245166424,7.263999116807824],[80.55394211846092,7.264003908281049],[80.5541657098032,7.264126463719518],[80.55417706781945,7.26414707738356],[80.5543613021159,7.264257132300444],[80.55450511689988,7.264438046450407],[80.55461255284189,7.264590433803193],[80.5546119538942,7.26459481846324],[80.55456651251818,7.264665963790895],[80.55456586006963,7.264670489495546],[80.55452119307908,7.264756201667644],[80.55451885772003,7.264770535495932],[80.55451499691048,7.264780141800045],[80.55450802202286,7.264794627090724],[80.55450960482003,7.264856003637872],[80.55450879909853,7.264860985034837],[80.55457289767286,7.264934460035718],[80.55457690248328,7.264939614697192],[80.55476435279127,7.264989150725526],[80.55485038691468,7.265026199425153],[80.55485927005738,7.265026234508401],[80.55487665123614,7.265028605930962],[80.55488662406339,7.265035566678292],[80.55500466869898,7.265036051117688],[80.55511942300238,7.265074061485732],[80.55567011903673,7.265117137475042],[80.5557574680452,7.265529645867213],[80.55575769648284,7.265531045835393],[80.55576501171606,7.265527985622603],[80.55583001185373,7.26550079054653],[80.555876007418,7.265481545877558],[80.55607989802407,7.265405864544703],[80.5560869111454,7.265402049993295],[80.55618787580164,7.265347136525212],[80.55630489490673,7.265318797361338],[80.55638387580744,7.265295414281573],[80.55642934429386,7.26528169095834],[80.55648324085588,7.265257754023854],[80.55647974476028,7.265182243236844],[80.55647759899806,7.265123371329182],[80.55647265881002,7.26504153154681],[80.55647108584046,7.265026460616339],[80.55646301458037,7.264949106455205],[80.55643942525343,7.26485206447973],[80.55643792737526,7.264846464324827],[80.55642806866706,7.264809631907095],[80.5564070631022,7.264731143811794],[80.55638418172866,7.264666293466544],[80.5563742337124,7.264638074466845],[80.55636520531748,7.264607122212298],[80.55634807795332,7.264548399482646],[80.55633725129842,7.264511279930251],[80.55633571884036,7.264506027009613],[80.55625642849397,7.264421166066892],[80.55622776501139,7.264376404658175],[80.55642182455355,7.26419099778827],[80.5571486044635,7.263418403073825],[80.55678929122398,7.263208872915309],[80.55722381005141,7.262565468668612],[80.55725282296473,7.262440284058484],[80.55732661880329,7.262338120139345],[80.55733666900286,7.262308672820917],[80.55744909945267,7.262109950922257]]]]}},{"type":"Feature","properties":{"GND_N":"Ketakumbura2","GND_NO":"202","GND_C":"320","PROVINCE_N":"CENTRAL","PROVINCE_C":"2","DISTRICT_N":"KANDY","DISTRICT_C":"1","DSD_N":"YATINUWARA","DSD_C":"36","Admin_Code":"2136320","GND_NO_Cen":"202","GND_NAME_C":"Ketakumbura","GND_NO_Gaz":"202","GND_NAME_G":"කැටකුඹුbu","shape_1":"Polygon","Area__Ha_":57.7269159466,"MWS_ID":"119-2","Alt_MWS":null,"Tot_Pop":852.0,"Density":1475.9146384,"Area":0.5772691576},"geometry":{"type":"MultiPolygon","coordinates":[[[[80.5164012388813,7.273608718481229],[80.51647342851366,7.273587870610171],[80.51654904618312,7.273591802448211],[80.51661107436628,7.273606127716402],[80.51666066608063,7.273636887789504],[80.51668404106431,7.273651385319696],[80.51672685893682,7.273684868866011],[80.5168114631781,7.273805461111585],[80.51683842606658,7.273848702885817],[80.51685861435531,7.273861284184337],[80.51687982481776,7.273866471625309],[80.5168864141508,7.273868083239513],[80.51691900310888,7.273869805594929],[80.51722375688358,7.273885911883078],[80.51717471209902,7.273806214304952],[80.51714739790219,7.273742265740367],[80.51711947615492,7.273633913097555],[80.5171238399479,7.273606246797562],[80.51715701727355,7.273556347638269],[80.51720632520363,7.273491408378463],[80.51722544386121,7.27346622919433],[80.51726641840548,7.273396169549876],[80.51732769414495,7.273301255126518],[80.51736910882259,7.273256424724778],[80.51741225138822,7.273195861430091],[80.51744317217494,7.273131132283406],[80.51750998690136,7.273008909395944],[80.51753728564785,7.272941736568802],[80.51754192459295,7.272906382080573],[80.51752268183424,7.272827334564412],[80.51750005065215,7.272774423838449],[80.5174950971714,7.272762841476658],[80.51743919222532,7.272656464128389],[80.51739711412804,7.272596394718407],[80.51736536247601,7.272537053739509],[80.517338957238,7.272468945030058],[80.5172970681454,7.27239992226739],[80.51723878173408,7.272335772430762],[80.51715217387901,7.27223344773985],[80.51698366295074,7.272032051953661],[80.51697162518025,7.272018208405486],[80.51692226241619,7.271989590781963],[80.51685307743084,7.271910353686931],[80.51677659793855,7.271830640361229],[80.51676012846131,7.271808204345644],[80.51675309406721,7.271758464845988],[80.51675597878094,7.271726408239114],[80.51675865294358,7.271696704494293],[80.51679174105925,7.271641108227265],[80.51682890257969,7.271587234263905],[80.51682819129962,7.271562636053671],[80.51680322389535,7.27151577823079],[80.51676819771602,7.271478412485689],[80.5167220314421,7.271442665380636],[80.51660552706139,7.271358318991943],[80.51654079608971,7.271320029197353],[80.51647534920895,7.271266819879425],[80.51637967422417,7.271180946261079],[80.5163020990531,7.271118686986255],[80.51620695334915,7.271057411439124],[80.5161177885593,7.270988000626719],[80.51606882511311,7.270934618046604],[80.5159946238,7.270867071421182],[80.51597767671912,7.270851642507488],[80.51590397922648,7.270815066545376],[80.51576347144177,7.27073893345849],[80.51567348706918,7.270680735382633],[80.51560890297148,7.270702131001027],[80.51554322363606,7.270739802434045],[80.51546231282728,7.270806944292027],[80.51538367241844,7.270863056818522],[80.51532659965575,7.27089675335886],[80.51530283877078,7.270918826243053],[80.51518764019661,7.270840064291797],[80.51509055023995,7.270782092604762],[80.51495537881733,7.270744623785196],[80.51480204805833,7.270666163489077],[80.51452213504811,7.270739236454162],[80.51435622010773,7.270841574005511],[80.51428717642551,7.270964881194354],[80.5142243390273,7.270941242697027],[80.51414502757748,7.27090647180253],[80.51396882045407,7.270859978479831],[80.51388252665332,7.27083931144558],[80.51378067045313,7.270794038487897],[80.51372915186867,7.270774565343658],[80.51372562073188,7.27077320685167],[80.5136786386685,7.27073926847321],[80.5136382808427,7.270682635155834],[80.51360549571692,7.270529609912411],[80.51358745420364,7.270407609714194],[80.51357038208373,7.270333266558826],[80.5135702933735,7.270331638771778],[80.51356688717117,7.270269601984062],[80.5135862184662,7.27004073547149],[80.5137905527151,7.270022063451216],[80.51394566783888,7.269932391769162],[80.51416700341012,7.269705746386705],[80.51436930963752,7.26942013601413],[80.51458352109167,7.269129452971749],[80.51481018501623,7.268939670397629],[80.51499070241931,7.268790025490567],[80.51501179169387,7.268772542197174],[80.51515931182067,7.268532058671902],[80.51539769699441,7.268255304458187],[80.51559225876599,7.268103170606055],[80.51578807058539,7.267835566690121],[80.51588136323836,7.267732354894633],[80.51601972772664,7.267504383987704],[80.5160955482423,7.267232752913153],[80.51606192401734,7.26700397700252],[80.51606200120378,7.26698945221433],[80.5160332602467,7.26685006985245],[80.51601963678075,7.26670743888441],[80.51601986856643,7.266683929081043],[80.5160107341746,7.266623212895461],[80.51587007688737,7.266626445489326],[80.51577851882608,7.266633591111992],[80.51571617811452,7.266635267130501],[80.51560048606243,7.26660206173851],[80.51557193766767,7.266496524617555],[80.51555240910912,7.266336167814153],[80.51554524544085,7.26631778474551],[80.51554057108899,7.266192980813304],[80.51559099511417,7.265783870172553],[80.51558959014586,7.265765650475332],[80.51551865322064,7.265411278649737],[80.5155179894173,7.265401838302291],[80.51550266875816,7.265204706114692],[80.51549807822529,7.265184273576892],[80.51547795497277,7.265199405378697],[80.5154684752028,7.265205398135499],[80.51542695046817,7.26523165767342],[80.51539797081789,7.265231822768973],[80.51537588278364,7.265216436999018],[80.51530241189465,7.265178028081976],[80.51524478985998,7.265147905313851],[80.51516575341007,7.265108975913741],[80.51511831569478,7.265079195391946],[80.51508553316985,7.265078182690897],[80.51501143826475,7.265107349740681],[80.51502044042995,7.26504396364487],[80.51504266171662,7.264983839730712],[80.51505349487681,7.264964598893942],[80.51490227787649,7.264917530788607],[80.51469410390496,7.264822710894615],[80.51452912772022,7.264649482467699],[80.51432531301934,7.26437734568081],[80.51420222318063,7.264226311095488],[80.51388561732789,7.264099035330751],[80.51366916924538,7.263829803700227],[80.51374199776859,7.263587238116411],[80.51389490969892,7.263298285857918],[80.51418214087748,7.263032979871753],[80.514186559084,7.263002146769961],[80.51418919600974,7.262983735883671],[80.51421948707855,7.262919050866331],[80.5142437176784,7.262896825463317],[80.51427705838086,7.262857908363309],[80.51431532240846,7.262786926794782],[80.51450400257134,7.262727729128665],[80.51473985010594,7.262512162051285],[80.51475831366479,7.262491672259323],[80.51470940492372,7.262489589500462],[80.51439299052142,7.262476118314964],[80.51393956233015,7.26245681094741],[80.51362937258978,7.262640800794797],[80.51349370518389,7.262784944181621],[80.5133727056419,7.262944937513872],[80.51335773433566,7.262968002901774],[80.51322886519353,7.263166550889746],[80.51312052382708,7.263166554071335],[80.51302426597421,7.263166555196043],[80.51274160254677,7.263166561997038],[80.51267876931003,7.263523175113945],[80.51267293984252,7.263734638143987],[80.51275732416005,7.264005496320617],[80.51275039067602,7.264033724468888],[80.51273935177937,7.264172799051279],[80.51277946165624,7.2643445484967],[80.51283286908458,7.264447101563443],[80.51283844140559,7.264457801737939],[80.51282611851231,7.264464478245475],[80.51281346134303,7.264471336322377],[80.51280193291846,7.264477583749252],[80.51278181169609,7.264506237395328],[80.51277372821882,7.264552880898658],[80.51276382014846,7.264610040324414],[80.51275986128145,7.264722714427065],[80.51277771547039,7.26485312453315],[80.51277861334508,7.264867955537571],[80.51278527452189,7.264974495627333],[80.51278656385938,7.264995134259106],[80.51278884017688,7.265031548938119],[80.51273934501981,7.265116884982326],[80.51267508764289,7.265201943864109],[80.51260918960818,7.265306622329129],[80.51256332214567,7.265381291555634],[80.51251130270605,7.265415838936099],[80.51247816079473,7.265437850160475],[80.51238858388882,7.265458325606057],[80.51231702335656,7.265487855400857],[80.51231267564422,7.265493842033921],[80.51229604793008,7.265516740928819],[80.51221045711353,7.265595264621315],[80.5121961908256,7.26560644247651],[80.51218902670776,7.265613895143369],[80.512076714589,7.265720805428652],[80.51199114527276,7.265825940759854],[80.51198378212337,7.265829935273008],[80.51196540526728,7.265837983663589],[80.51184997978906,7.265888725243479],[80.51170313882314,7.265901932775311],[80.51157643561632,7.265872390492786],[80.51141497118716,7.265772114515705],[80.511494660112,7.265661431615413],[80.51157587810908,7.265500489634117],[80.51160682386801,7.265305332232884],[80.5114873581961,7.265186561681552],[80.51127684233218,7.265267457465342],[80.51126356107643,7.265279080780891],[80.51109301930477,7.265478036892797],[80.51088682606816,7.265695679276179],[80.51070333965231,7.265930792318702],[80.5105323836416,7.266114133448928],[80.51025697986364,7.266383119853295],[80.51012058313636,7.266599418311865],[80.50992865159161,7.266795264165113],[80.50991453736651,7.266800272012463],[80.50983689126588,7.266938028666218],[80.50982068151967,7.266978251334375],[80.50970131314621,7.267170704287861],[80.50965948379105,7.267238143898749],[80.50963505516629,7.267285181937044],[80.50953984193706,7.267378146488145],[80.50951248203435,7.267404862327468],[80.50952576165069,7.267460663481394],[80.50955940645365,7.267536915545109],[80.50958164105208,7.267610718387711],[80.50958789202522,7.267628436346317],[80.50960694692057,7.267682442247357],[80.50962277688063,7.267727307421469],[80.50967368953675,7.267851951351902],[80.50971829783536,7.267918894683659],[80.50975649194879,7.26795771149602],[80.50982076269094,7.268003687581092],[80.50987905208845,7.268049259539136],[80.50989851115729,7.268064474924894],[80.50993871106316,7.26809590479132],[80.50995362687877,7.268139951932858],[80.50995441518795,7.268188423641073],[80.50995342993342,7.268196013734674],[80.50994449708553,7.268264920470497],[80.50994472247115,7.268345040448007],[80.50996133275272,7.268433582729239],[80.50999099996068,7.268496448824775],[80.51002865439759,7.268529115172179],[80.5101086753707,7.268591108341487],[80.51012487500277,7.268608116834899],[80.5101340370533,7.268625174549776],[80.5101359190008,7.268629662778299],[80.51013080910828,7.268681096214319],[80.51014961107492,7.268741877845796],[80.51018959683202,7.268812616469554],[80.51023657906505,7.268847007345031],[80.51025889832152,7.268858805246486],[80.50970648867559,7.269594125733292],[80.50958418859044,7.270124794023291],[80.50950185964442,7.27054342617351],[80.50951867013113,7.270861943131628],[80.50954850889296,7.270970317209341],[80.50955695684684,7.270980531697372],[80.5096491734799,7.27118799919803],[80.50963596322467,7.271302996333842],[80.50969931981624,7.27149773694507],[80.50973471572398,7.271556713424935],[80.50984176972483,7.271717526972662],[80.50985012713986,7.271736950765617],[80.50990655121699,7.271855070688874],[80.50990585621426,7.271901814309607],[80.50990329939681,7.271929872246015],[80.5098930656359,7.272048499177326],[80.50989077623983,7.272060749250528],[80.50988234985107,7.27213986126246],[80.50988179889741,7.272145035327369],[80.50995650714478,7.272268527571779],[80.51014792612399,7.272501050760252],[80.51029383795881,7.272568384502176],[80.51048149324714,7.272708908474891],[80.51085318847798,7.272740998325034],[80.51097797736301,7.272754900828287],[80.5112510019477,7.272804091610523],[80.51142464338498,7.272783438617839],[80.51148000457127,7.272744347456126],[80.5115480433077,7.272701124725613],[80.51162431386179,7.272653788622501],[80.51169441923524,7.272576501290546],[80.51172807691877,7.272474240390944],[80.5117274132921,7.272461531912746],[80.51173718873719,7.272402545781868],[80.51174035620758,7.272381586922583],[80.5118181071619,7.272319159829118],[80.51193542819063,7.2722819757571],[80.51212227709291,7.272290659270687],[80.51229196261525,7.272387659957164],[80.51245192638969,7.272490749886317],[80.51246534408395,7.272490839085449],[80.51274510477216,7.272588113480033],[80.5128195380606,7.272645715296989],[80.51294978518463,7.27266120747436],[80.51304130511481,7.272779152102501],[80.51305489323427,7.272783632651853],[80.51327573191016,7.272976612272608],[80.51344503151579,7.273051355749169],[80.51345484215666,7.273037367437196],[80.51351749663117,7.27278737005069],[80.51352257161416,7.272773606873435],[80.5135421871302,7.272746170107238],[80.51367621921781,7.27266923964391],[80.51368564674735,7.272669301174187],[80.51380376693479,7.272684354729167],[80.51388140526689,7.272812332473022],[80.51402622285511,7.272914058452879],[80.5143823353154,7.273002691170454],[80.5146208310612,7.273109206008047],[80.51494785085245,7.273192600073078],[80.51525090606786,7.273424878119746],[80.51553723688541,7.273598369717369],[80.51591920344694,7.273865657410165],[80.51596482821053,7.273950324979545],[80.51597639412135,7.273942245396307],[80.51607504805615,7.273890035478767],[80.51612859005708,7.273856425453371],[80.51620425283484,7.273780509705555],[80.51626470125906,7.273708924032104],[80.51632595864012,7.27364791909614],[80.5164012388813,7.273608718481229]]]]}}]}