{"type":"FeatureCollection","name":"SED_PPL_MWS_117","crs":{"type":"name","properties":{"name":"urn:ogc:def:crs:OGC:1.3:CRS84"}},"features":[{"type":"Feature","properties":{"GND_N":"Mapanawathura","GND_NO":"237","GND_C":"070","PROVINCE_N":"CENTRAL","PROVINCE_C":"2","DISTRICT_N":"KANDY","DISTRICT_C":"1","DSD_N":"GANGAWATA KORALE","DSD_C":"30","Admin_Code":"2130070","GND_NO_Cen":"237","GND_NAME_C":"Mapanawathura","GND_NO_Gaz":"237","GND_NAME_G":"මාපනාවතat","shape_1":"Polygon","Area__Ha_":47.5986819414,"MWS_ID":"117","Alt_MWS":null,"Total_Pop":3556.0,"Density":7470.7951039,"Area_Sqkm":0.47598681941},"geometry":{"type":"MultiPolygon","coordinates":[[[[80.63068455829996,7.315202974254422],[80.63071938190059,7.31517048760517],[80.6307253255752,7.315172184187905],[80.63072727074366,7.315173149706782],[80.63074273059063,7.315178265817436],[80.6307437208148,7.315177417902007],[80.63074556069346,7.31517628811886],[80.63076905333143,7.315175872495104],[80.63077729201247,7.315177823023133],[80.63128038051147,7.314388382100319],[80.63144517833622,7.314129783901478],[80.63165923534225,7.313831030540228],[80.63208140562347,7.313342232272507],[80.63235917797776,7.313235311389306],[80.63238273552581,7.313125264428796],[80.63237639195984,7.313125103245606],[80.6323215129057,7.313099856586879],[80.63226999016521,7.313061316847353],[80.63223051539192,7.31301663079458],[80.6322122384318,7.312959112233795],[80.63217105338548,7.312884312364886],[80.63212832299807,7.312821450595858],[80.63204440610562,7.312688490409275],[80.63198420951184,7.312584838100474],[80.63195343223161,7.312532107423367],[80.63190580583564,7.312488323938084],[80.63186877918687,7.312435501727001],[80.6318134555087,7.31238782636132],[80.63178573699761,7.31236561233245],[80.63237427547813,7.310964497470581],[80.63251666691322,7.31064066794102],[80.63252935302285,7.310621319917471],[80.63262800729649,7.310547742065928],[80.63270065984669,7.310504448229533],[80.63273509396565,7.31044775944049],[80.63276201452261,7.310381935706695],[80.632771808953,7.310339073989581],[80.63279145137895,7.310199041789036],[80.63280585230837,7.310096370074637],[80.63282289632285,7.310044016392669],[80.6328484511116,7.309997815578563],[80.63286276723036,7.30997919150507],[80.63291104720187,7.309963924154],[80.63296041304426,7.309946032857463],[80.63301330636487,7.309945961050661],[80.6330388462086,7.309949405516607],[80.63307869885162,7.309973031323157],[80.6331904279275,7.309910055015391],[80.63355634415157,7.309896775594923],[80.63368556914402,7.309969349685096],[80.63370314810007,7.309983355655675],[80.63373638893633,7.310018976693254],[80.6337299908866,7.308554660353079],[80.63372536394922,7.308028278891451],[80.63338684444713,7.308034635683835],[80.63329402797467,7.308009001837533],[80.63322507430593,7.307820440134605],[80.63316566491851,7.307757253944958],[80.63318806215584,7.307714220777461],[80.63308439204846,7.307565624533008],[80.63300816410575,7.307484504280417],[80.63300734738525,7.307483804995096],[80.63289481305429,7.307477900299848],[80.6328817833666,7.307436117381993],[80.63287001570292,7.307415858168318],[80.632728396482,7.307311004447173],[80.63270331603493,7.307290378365426],[80.63266474027874,7.307268029809469],[80.63266108439474,7.307246828177916],[80.63266014239878,7.307241365890959],[80.63265186994089,7.307226500140578],[80.63262331098339,7.307204993964433],[80.63246991212343,7.307089475588641],[80.63240119967621,7.306943911612192],[80.63239777685801,7.306933135756076],[80.63239037205676,7.306909841274449],[80.63239004271189,7.306908809360219],[80.6320803280004,7.306768535403713],[80.63194559109655,7.30658904432463],[80.63189773434652,7.306412778644098],[80.63162296736074,7.306295338353207],[80.6315038984571,7.306231212227639],[80.6313173781985,7.305887201770345],[80.6312216974056,7.305856454563218],[80.6311786244777,7.305844305872185],[80.6311562437671,7.305830235863176],[80.63109567863002,7.305827904972929],[80.63097640592339,7.305823314302169],[80.63094847318365,7.305817969917241],[80.63082099416101,7.305846306734973],[80.63078837734567,7.305865539770128],[80.6306846514423,7.305937752827234],[80.63067846016894,7.305945880507441],[80.63064569530786,7.305963563509779],[80.63048908893992,7.306067322309083],[80.63046872475468,7.30606868936079],[80.63030714215108,7.306095100595154],[80.63030039454462,7.306095552370859],[80.63019205090707,7.306096368236174],[80.62993019838596,7.306175395329299],[80.62980442165663,7.306212874001679],[80.62973809484942,7.30624812115189],[80.62966592984226,7.306250193869267],[80.62960245277698,7.306256372220866],[80.6295809426339,7.306258466822975],[80.62966755625419,7.306481393773673],[80.62943240390595,7.306495292350154],[80.62778141718671,7.306327148318739],[80.62775603865951,7.306381727266446],[80.62774534380378,7.306404725577764],[80.62768806099841,7.306536283597673],[80.62756993432895,7.306606960195007],[80.62756232531116,7.306610394034493],[80.6275231936197,7.306626839429625],[80.62745843093168,7.306639568723986],[80.62741595229029,7.306648959447203],[80.62738505373216,7.306686297835212],[80.62737145079537,7.306738922832589],[80.62736633995294,7.30686461916273],[80.62736500896057,7.307049368583404],[80.62736348941013,7.307261969545841],[80.62736500081621,7.307344622367835],[80.6273845349228,7.307435059045],[80.62741637688022,7.307554800082195],[80.62743319199167,7.307686551620513],[80.62743616043036,7.307709803115689],[80.62744474549123,7.307764788430857],[80.62744528317135,7.307784863214005],[80.62744496130506,7.307936334638507],[80.62745026399733,7.308062756938029],[80.6274837128537,7.308247788215817],[80.62750185195176,7.308440320146695],[80.62753050635412,7.308613504381849],[80.62755317339438,7.308671041758715],[80.62757358260394,7.308722847826525],[80.6275889519855,7.308803517557898],[80.62761129318322,7.308893322135779],[80.62765771462693,7.309017949382487],[80.62766276293509,7.309064787571046],[80.62767008393249,7.309132709410309],[80.62767551057722,7.309158393381813],[80.62770997583341,7.309288534733052],[80.62777097479476,7.309421035104839],[80.627803194895,7.309493479420078],[80.62780591106586,7.309499087892615],[80.62784074994885,7.309592332018132],[80.62790945183237,7.309714435432254],[80.62792752986302,7.309826526021442],[80.62793602520883,7.30987920894117],[80.62793943110142,7.309987635893819],[80.62793993530953,7.310109173368319],[80.6279707033766,7.310185145780054],[80.62800509887985,7.310247191320898],[80.62801029187403,7.310256434997362],[80.62804900082304,7.310325338372802],[80.6280656314322,7.310432412314416],[80.62807746092788,7.310533878907323],[80.62811769497974,7.31074604232647],[80.62820230503108,7.31097241696227],[80.62821367021976,7.31101257442465],[80.62827558216848,7.311231341832924],[80.62827447586406,7.311290392399562],[80.62825108845657,7.311354138923544],[80.62822498694752,7.311400430618852],[80.62818484188497,7.311467516646827],[80.62818152185547,7.311474838594481],[80.628143149809,7.311559470470779],[80.62813598867582,7.311577734115426],[80.6281346290371,7.311580989156136],[80.62813435598216,7.311585058425929],[80.62813098059925,7.311655864172584],[80.6281430027025,7.311730926104918],[80.62819098447943,7.311791530116827],[80.62825527092126,7.311849245712897],[80.62830234887393,7.311906955649499],[80.62832977608029,7.311957786434045],[80.62834007079691,7.312047315723299],[80.62834874464225,7.312113783871811],[80.62836892011826,7.312180257604004],[80.62839687834888,7.312266084145908],[80.62846539307363,7.312410886297362],[80.62850859495079,7.312520034357672],[80.62851236139618,7.312529545233727],[80.62852475377065,7.312572323691105],[80.62853008304384,7.312621699428917],[80.62852489442648,7.312700915495543],[80.62851871447792,7.312762315581194],[80.62850401953253,7.312830404709501],[80.62848959976468,7.312885199782325],[80.62847889473844,7.312938730050109],[80.62847498730065,7.312980599763406],[80.62847690634085,7.313008628331626],[80.62847706137781,7.313010894563498],[80.62849171859338,7.313054757117896],[80.62852124104784,7.313069053868873],[80.62859957585812,7.313094853064486],[80.62863851681493,7.313111957135588],[80.62871593604775,7.313170582176848],[80.62874246139062,7.313207304623628],[80.62881740190069,7.313364677719179],[80.62883758539559,7.313407096092153],[80.62887050131998,7.313480182609314],[80.62890039618217,7.313546560023038],[80.62891287833236,7.313597477217097],[80.62891899959745,7.313712053387502],[80.62895245654039,7.313878185523566],[80.62902477282529,7.314034472562855],[80.62906723934165,7.314166350863547],[80.629076436578,7.314194912632118],[80.6291435000069,7.314345048681542],[80.62921372342254,7.314531447360352],[80.6292592282764,7.314692338452106],[80.62930799193119,7.314853229697672],[80.62934065410778,7.314963293911111],[80.6293644556722,7.315015207707068],[80.62940354260789,7.315057346459527],[80.62946296298557,7.315121404883327],[80.62952841582992,7.31522035685447],[80.62958913441135,7.315388939435089],[80.62960902251423,7.315504333945852],[80.62962790985675,7.315630671088265],[80.6296274074952,7.315782232847076],[80.62962982366568,7.315871849963215],[80.62961758190838,7.315913624730018],[80.62959801122012,7.315938303993097],[80.62953078601859,7.316004850478274],[80.62952933549259,7.316006286941541],[80.62953309811589,7.316005474295666],[80.6296779744859,7.315974231721599],[80.62976538061716,7.315964042454751],[80.62976797973595,7.3159455177692],[80.62980803910786,7.315930652317345],[80.63008035409833,7.315728594021141],[80.63013410336971,7.315688711849929],[80.63023754586034,7.315598474354749],[80.63033236160356,7.315529727490651],[80.63033588947079,7.315526650389576],[80.63050476681273,7.31537933006538],[80.63059000500435,7.315261581341677],[80.63059524233307,7.315257345476106],[80.63062680762252,7.315237431196467],[80.63065553893146,7.315225855472117],[80.63068455829996,7.315202974254422]]]]}},{"type":"Feature","properties":{"GND_N":"Aniwatta West","GND_NO":"233","GND_C":"175","PROVINCE_N":"CENTRAL","PROVINCE_C":"2","DISTRICT_N":"KANDY","DISTRICT_C":"1","DSD_N":"GANGAWATA KORALE","DSD_C":"30","Admin_Code":"2130175","GND_NO_Cen":"233","GND_NAME_C":"Aniwatta West","GND_NO_Gaz":"233","GND_NAME_G":"අනිවත්ත","shape_1":"Polygon","Area__Ha_":76.9325750227,"MWS_ID":"117","Alt_MWS":null,"Total_Pop":1872.0,"Density":2433.29954762,"Area_Sqkm":0.76932575023},"geometry":{"type":"MultiPolygon","coordinates":[[[[80.61994013113404,7.289740196394652],[80.61997452398637,7.289731827213073],[80.61999169780387,7.289735379827165],[80.62006888836699,7.28972044030365],[80.62009858285273,7.289703562713353],[80.62012401380613,7.289693530123587],[80.62013670029704,7.289688525574087],[80.62022133478604,7.289623119462891],[80.62050008505685,7.289633803201463],[80.62082188696317,7.289251031326248],[80.62119745243945,7.289456987784881],[80.62145865923662,7.289411616227028],[80.62147320152224,7.289205937547107],[80.6218853529387,7.288905814730282],[80.62192824633405,7.288952757268309],[80.62201596614376,7.288876430599811],[80.62199710460878,7.288861052823433],[80.62209055597926,7.288698420532311],[80.62228729992393,7.288520208822999],[80.622414404092,7.288274354985164],[80.62247500907243,7.288317362549122],[80.62255391426267,7.288253093457565],[80.62264960002521,7.288113050380654],[80.62277824903923,7.287981245823031],[80.62280300257596,7.287954746397926],[80.62287147568912,7.28788144243322],[80.62295280201943,7.287778615519625],[80.62296081367236,7.287764817670656],[80.62308485132444,7.287647650311143],[80.62306265447653,7.287634269957815],[80.62299635474606,7.287548598244086],[80.62297991334331,7.287527354211673],[80.62290641608787,7.28740253548531],[80.62287246760631,7.287282093430012],[80.62285892711743,7.287234047744209],[80.62282358518334,7.287027492968679],[80.62275987318534,7.286890921601687],[80.62264264208176,7.286738597172279],[80.62259946340478,7.286676093358856],[80.62255655684864,7.28661504013574],[80.62253203657949,7.286541964123805],[80.62249912345672,7.286389576986664],[80.62249373878242,7.286332722535552],[80.62249172461007,7.286311443602961],[80.6224683158718,7.286165932397257],[80.62238856555669,7.28605657503942],[80.62231758218208,7.28599722950866],[80.62222648866869,7.285951169464738],[80.62210705856272,7.285877065447594],[80.62198018815624,7.285838408439198],[80.62187160442242,7.28582471640051],[80.62174635885637,7.285807040613671],[80.62160391130925,7.285768016455889],[80.62151028465773,7.285717071263274],[80.62148683792445,7.285685865692139],[80.62137891455706,7.2855981104508],[80.62124780485503,7.285493773172352],[80.62128027737053,7.285424799557156],[80.62120041819354,7.285248734245303],[80.62132859509444,7.284697458151239],[80.62083723007603,7.284262776503554],[80.62078373014445,7.284213373226263],[80.62043242693379,7.283960832430127],[80.62044684583601,7.283887511995382],[80.62046127508177,7.283792104868657],[80.62036078690042,7.283738334751493],[80.62020923914551,7.283621005248035],[80.6199687347135,7.283597306329494],[80.61983156462946,7.283526186123341],[80.61980190497134,7.283378590010511],[80.61976518429775,7.283169986272338],[80.61949763849906,7.282978829787958],[80.61936645995179,7.282859749102396],[80.61916752096259,7.282698022341695],[80.61897247274793,7.282648091296561],[80.61881999759635,7.28272225981632],[80.61862875550148,7.282834018402276],[80.61847965568006,7.282869124808846],[80.61854554063605,7.283219663722602],[80.61848445097394,7.283211198036391],[80.61835556696643,7.283238643866202],[80.61832924697373,7.283246141294712],[80.61819416441548,7.283284616504263],[80.61813734462547,7.283284698829663],[80.61804518352099,7.283284835705089],[80.61800188881648,7.283246026870207],[80.61793699385288,7.283187855676876],[80.61785633870123,7.283078225931545],[80.61779332237191,7.283029600292588],[80.61778517189897,7.283023310723557],[80.61774595554434,7.283014993672871],[80.61771426550675,7.283008273542977],[80.61767793483963,7.28299401984544],[80.61765613064503,7.282985465634034],[80.61760987142011,7.282968340000901],[80.6175998969596,7.282964646042299],[80.6175613498386,7.282930741961496],[80.61754811601571,7.282919104366284],[80.6175454840992,7.282916790236087],[80.61753805647535,7.282912695659348],[80.6174287681906,7.28285245333402],[80.61735841518875,7.282806580470093],[80.61730398294911,7.282811263719409],[80.61723651202567,7.282813410330397],[80.61709919479775,7.282868614031373],[80.61700762104833,7.282908642414501],[80.61690998030727,7.28293845092378],[80.61683271809169,7.282969530810341],[80.61676790256053,7.282986916693504],[80.61673743352581,7.282995089889092],[80.6166517656446,7.28297579711332],[80.61658002896323,7.283001274037195],[80.61649072899627,7.283008747311681],[80.6165859028542,7.283035005701037],[80.6166323497977,7.283074359267234],[80.61665270105073,7.283147615880312],[80.61668555000713,7.28322431144387],[80.61668747446589,7.283234699849064],[80.61619678613754,7.283304190334867],[80.61597542420354,7.283101579772961],[80.6158200243982,7.282945731395905],[80.61570776279696,7.282776918822847],[80.61559342464784,7.28263090747937],[80.61499959618081,7.282306713425878],[80.61500510367124,7.282219954773256],[80.61504023799863,7.282023427940288],[80.61503898210974,7.282022733892474],[80.61487742251042,7.281933411654615],[80.6146316194536,7.281707519498513],[80.61449136836363,7.281612607103978],[80.61437229987897,7.281610179865452],[80.61436946883929,7.281610122785605],[80.61429257940651,7.281609552682614],[80.6142306352344,7.281603290812162],[80.61418825533097,7.281590796253534],[80.61418504711177,7.281589414233875],[80.61415965333069,7.281587667065798],[80.61396038367998,7.281714964854536],[80.6137527004734,7.281532959056936],[80.61357818822465,7.281796549415064],[80.61334958152743,7.282104580263438],[80.61308026901521,7.282190138747833],[80.61261199602912,7.281758409222645],[80.61253493300157,7.281739529341473],[80.61253339901907,7.281736516554061],[80.61250589634862,7.281658917429645],[80.61248861402343,7.281613514274651],[80.61245122931612,7.28156475972937],[80.61240522664271,7.281552896705066],[80.6123305929573,7.281577917947651],[80.61224997428133,7.281619125834498],[80.6121537025489,7.281622436842676],[80.61204230695041,7.281621943365301],[80.6119698204319,7.281649718928642],[80.61172329356171,7.281744180507022],[80.61166359472875,7.28178946344871],[80.61159817477451,7.281877247428056],[80.61156491290902,7.281946867527098],[80.61155873931921,7.281985930248835],[80.61134272398397,7.282034593462671],[80.61129142557488,7.281890067200193],[80.61126129989023,7.281801344126291],[80.61123860086464,7.281716693121185],[80.6112068345635,7.281654104695265],[80.6111757830272,7.281618192551157],[80.61110270383699,7.281602340582487],[80.61101603334455,7.281601947212874],[80.61089902696516,7.281594849995798],[80.61076952691516,7.281568669202108],[80.61069015901985,7.281545145476403],[80.61064764070261,7.281532542021582],[80.6105274740711,7.281497140689231],[80.61047429880932,7.281477639815471],[80.61028942701607,7.281839043479686],[80.6101605648813,7.282018443274745],[80.61030822677083,7.282401953405657],[80.61093100225683,7.282564636693097],[80.6109197344893,7.282667450873384],[80.61091896461444,7.282791160088148],[80.61089529040322,7.282891256823781],[80.61087544857025,7.282942862638264],[80.61086664448061,7.282965760881476],[80.61089532590175,7.283043903109149],[80.61094021394425,7.283129556969932],[80.61096400392599,7.283207788739896],[80.61098606084767,7.283319658121589],[80.61101364555934,7.283410173512511],[80.6110271281057,7.283454414205909],[80.61104429197555,7.283573245830442],[80.61102959836002,7.283633377486161],[80.61104514246357,7.283723813418474],[80.61104605933298,7.283737694797354],[80.61104964574945,7.283791999474756],[80.61105315391077,7.283857200968932],[80.61105286111021,7.28391480402896],[80.61105285494772,7.283931624053759],[80.61105276318894,7.283934881317947],[80.6110527599538,7.283946183289785],[80.61095054312618,7.28432219019434],[80.61022045749694,7.284763022491029],[80.60994722827017,7.284928013351368],[80.61004773431102,7.285294124591585],[80.60995419669511,7.285523782111277],[80.609793158559,7.285557101560672],[80.60957030812307,7.285564196912103],[80.60934767936463,7.285584073645444],[80.60920726183296,7.285610719510101],[80.60909220212312,7.285721934212774],[80.60894477052928,7.285894150187065],[80.6088153089399,7.286073550212532],[80.60874332806907,7.286324750495425],[80.60879006446973,7.286522514312848],[80.6085321623566,7.286956552544165],[80.60850943598237,7.286994800620754],[80.60864600708537,7.287488393241999],[80.60880381587542,7.28841440299385],[80.60883962290946,7.288780489563479],[80.60884214863043,7.288790710922941],[80.60903793748744,7.288720531777444],[80.60905093470697,7.28872041631364],[80.60907307175503,7.288715761920098],[80.60925462452053,7.28866975845558],[80.60925893096311,7.288669722970362],[80.60931100388395,7.288664853549168],[80.60946462349675,7.288640160415675],[80.60955825351135,7.288611265423454],[80.60957558534825,7.288610836845955],[80.61006108974627,7.288316048493067],[80.61026105107253,7.287691370236847],[80.61078425619668,7.287018059353219],[80.61151165506047,7.286081968666679],[80.61150776817273,7.286086383863609],[80.61155873333952,7.285706706622016],[80.61194685447711,7.285888688592514],[80.6123511055257,7.285485820241882],[80.61262937492164,7.285598378281008],[80.61269811072827,7.285663183766288],[80.61277600327425,7.285766510414211],[80.61278678348936,7.28578102294166],[80.61286770388598,7.285913793854886],[80.61304798307542,7.285929327965641],[80.61306488028518,7.285928368269638],[80.61323265945498,7.285944292071095],[80.61324176100071,7.285950180553674],[80.61326284322185,7.28596184190114],[80.61346586619113,7.286062780047338],[80.6134719503581,7.286065414662659],[80.61348413499084,7.286070692941942],[80.61349716517479,7.286081912793032],[80.61368442487368,7.286211556774037],[80.61371623147265,7.286239552756696],[80.61374719439462,7.286261434444375],[80.61376818640954,7.286277200365596],[80.61377904091408,7.28628674013697],[80.61378993525601,7.286296313381589],[80.61381421838088,7.286312238736318],[80.61399632263732,7.286488887289607],[80.61401038237435,7.286495648379847],[80.6140213528789,7.28650249065265],[80.61404733910496,7.286519703428839],[80.61449601730185,7.2870620008094],[80.61497108943524,7.287120715101173],[80.61511280449837,7.28710546031864],[80.61519152089883,7.287100358262818],[80.61532449929635,7.28714780373778],[80.61543464350137,7.287169302035892],[80.61558586466184,7.287216772010542],[80.61559082930621,7.287250326114147],[80.61573970219027,7.287399348384775],[80.61585789416765,7.287517589921825],[80.61603183300296,7.287570438463711],[80.61606249980748,7.287580063877876],[80.61609362577431,7.287584619027986],[80.61631825950172,7.287661782222524],[80.61638086589102,7.287675084957986],[80.61640136397347,7.287684618131115],[80.61665095453596,7.287702087024386],[80.61721313903159,7.287641983564511],[80.61750323651101,7.288188279817119],[80.61759414629977,7.288241546225822],[80.61759933244373,7.288248359253736],[80.61773554478121,7.28839844713163],[80.61774944946688,7.288413786267954],[80.61775803243926,7.288421505692255],[80.61803543427762,7.28857397788117],[80.61844431825743,7.288896023640896],[80.61892316478497,7.289302935075081],[80.6191347648549,7.289361290094235],[80.61924228989685,7.289423832865057],[80.61925112962147,7.289427794069004],[80.61932252026224,7.289470088685235],[80.61934957254014,7.289482943698022],[80.619491140161,7.289570476877323],[80.61991873088388,7.289735749769689],[80.61994013113404,7.289740196394652]]]]}},{"type":"Feature","properties":{"GND_N":"Wewathenna1","GND_NO":"274","GND_C":"260","PROVINCE_N":"CENTRAL","PROVINCE_C":"2","DISTRICT_N":"KANDY","DISTRICT_C":"1","DSD_N":"GANGAWATA KORALE","DSD_C":"30","Admin_Code":"2130260","GND_NO_Cen":"274","GND_NAME_C":"Wewathenna","GND_NO_Gaz":"274","GND_NAME_G":"වැවතැන්nn","shape_1":"Polygon","Area__Ha_":121.646405442,"MWS_ID":"117","Alt_MWS":null,"Total_Pop":3345.0,"Density":2749.77298988,"Area_Sqkm":1.21646405442},"geometry":{"type":"MultiPolygon","coordinates":[[[[80.66764985644656,7.26251302468584],[80.66780598788351,7.262497417579878],[80.66797106297753,7.262573236929735],[80.66812952273446,7.262671301459767],[80.66825938265723,7.262684807470285],[80.6684608046584,7.262631681347712],[80.66853451026417,7.262591774687649],[80.66860454493353,7.262553855711281],[80.66862704260696,7.262533028568938],[80.66866824530894,7.26249489022452],[80.66867516843504,7.262488480341956],[80.66868341585811,7.262480848152579],[80.66874684718663,7.26242213217875],[80.66884287926071,7.262265980487522],[80.66889215265964,7.262140478179487],[80.66889815506576,7.262125194125796],[80.66895550734714,7.262011355646004],[80.66906593115357,7.261886136364246],[80.6692458059935,7.261800268931905],[80.66936798119224,7.261765661948441],[80.6694704061809,7.261764329626645],[80.6694941927481,7.261772962303006],[80.66957961268336,7.261803964820498],[80.66968012925497,7.261834643512547],[80.66981750887993,7.261837931286366],[80.6699772688998,7.26179881143337],[80.67011122483767,7.26172695143231],[80.67018262901057,7.261667678257635],[80.67018604383071,7.261664844058784],[80.67021062215247,7.261510303091401],[80.67022949876787,7.261436694323884],[80.6702563067213,7.261332166490743],[80.67029745885675,7.261172566183592],[80.67034255114957,7.261040549014907],[80.6703594451204,7.26099108654344],[80.6704744900743,7.260852302496295],[80.6706094586838,7.260712164793787],[80.67071789433639,7.260565694352562],[80.67079500089334,7.260393712467869],[80.67080897443208,7.260281130576896],[80.67074200307592,7.26009392374182],[80.67073808787318,7.260087268045962],[80.67067410940044,7.259978518545532],[80.67059588811134,7.259879026711226],[80.6704636858975,7.259804479299344],[80.67035167682103,7.259742147403967],[80.67021342480696,7.259603756340701],[80.67011963189769,7.25948056797694],[80.66999722442847,7.259350319306579],[80.6698513072445,7.259259576008476],[80.66984851338378,7.259256000632933],[80.66982820682118,7.259245075473599],[80.6697029549293,7.259126615489215],[80.66957465063427,7.259041309308829],[80.66939444862837,7.258983662618726],[80.66925545248546,7.258922861415658],[80.6691945056567,7.258863579748357],[80.6691765018322,7.25884606542882],[80.66917888518329,7.258724528223299],[80.66922553789774,7.258661419608103],[80.6692484547414,7.258640173833708],[80.66935669382151,7.258562609936213],[80.6694338664822,7.25849869371136],[80.66953820653319,7.258434061325642],[80.66967713090837,7.258414649611725],[80.66982782544385,7.258410525190915],[80.67003493109722,7.25843688903454],[80.67023977285426,7.258459002018357],[80.6704613911849,7.258391140411542],[80.67065223677956,7.258238899813597],[80.6707827691273,7.258093880461469],[80.6708341979059,7.258026049597308],[80.6708740821027,7.257973448169754],[80.67089665438569,7.257899148424277],[80.67091196539602,7.257848753216123],[80.670909635554,7.257738697768701],[80.67091436615374,7.257650439536258],[80.67097516487104,7.257505945601276],[80.67102333484965,7.257400667561368],[80.67102617717099,7.257394456544852],[80.6710135282509,7.257267578615322],[80.67099958864071,7.257235019471212],[80.67097912774766,7.257210418512151],[80.67095005866565,7.25721104477897],[80.67090720559644,7.257284736648526],[80.67084350274264,7.257452017500365],[80.67076595319897,7.257584208964995],[80.67063070970275,7.257738451138433],[80.67053289371474,7.257788528693673],[80.67052048840894,7.25778613662653],[80.67046950431546,7.257776303979487],[80.6704388148842,7.257735152721597],[80.67043465785437,7.257690025994253],[80.67043820114948,7.257644991493757],[80.67061220652292,7.257478188557437],[80.67062506331743,7.257447389995336],[80.67070970391322,7.257244629091537],[80.67075329864126,7.257093529749036],[80.67077198039847,7.25702713725518],[80.67081556509709,7.25687226061737],[80.67081943508467,7.256855214449695],[80.67058532109984,7.256869053730272],[80.67038273015008,7.256883098290864],[80.67032551915865,7.25690069538473],[80.67029174058756,7.256910670126659],[80.67013536696946,7.25692487729301],[80.669882566291,7.256952185089393],[80.66987318936678,7.256949699667159],[80.66966967640838,7.257029302237529],[80.66926664135089,7.257134562591965],[80.66883358356876,7.257392382691796],[80.66849320131685,7.257428918199403],[80.66751272477241,7.257576677452589],[80.66745268246227,7.257580082234795],[80.66743936594067,7.257586059213533],[80.66687782126853,7.257642461347594],[80.66682705580841,7.257646436187538],[80.66675040417523,7.257633389359896],[80.66671118165613,7.257621905156473],[80.66670336413762,7.257619616279809],[80.66625220375542,7.257678021999499],[80.66574373835734,7.257770321152944],[80.66519522124828,7.257882213464826],[80.66494854454422,7.258070753152625],[80.66439208980039,7.258103588151328],[80.6643917996096,7.258101533497695],[80.66415410660275,7.258295164392229],[80.6637454484195,7.258468367025388],[80.66350817588129,7.258753505248007],[80.66348893617564,7.258772140913109],[80.66346465917871,7.258795658574125],[80.66321029267998,7.258937061172923],[80.66318958369698,7.258939043674351],[80.6631688566014,7.258941027074621],[80.66314292395931,7.258943507448079],[80.66311176765724,7.258946489310839],[80.66309097445051,7.258948478116897],[80.66282829090956,7.259088907198593],[80.66280119409636,7.25909321034093],[80.6627450239485,7.25912179946683],[80.66270028544741,7.259138824477542],[80.66248463243812,7.259348042978888],[80.66185497787404,7.259064810789248],[80.66185633526204,7.259061686756525],[80.6618751928081,7.259018272193932],[80.66186890234427,7.258997283488316],[80.6615395009381,7.258961397942725],[80.66074451210594,7.259592886918435],[80.66025483250478,7.259482568720067],[80.6597970052181,7.25965681863743],[80.65916440633603,7.259816607468286],[80.65881202298928,7.260185194370683],[80.6588152879498,7.260194719358958],[80.65880266859878,7.26021100262831],[80.6587219281238,7.260385488204561],[80.658701066225,7.260404061748265],[80.6586798001126,7.260427312252845],[80.65866707840506,7.260440156418782],[80.65865140687711,7.26045745261829],[80.65862860710196,7.260478998107276],[80.65862100162934,7.260497059631351],[80.65845910571792,7.260845588381432],[80.6584510318522,7.260878244362193],[80.6584464762629,7.260893581099253],[80.65817917786241,7.261245746587585],[80.6581234910219,7.261273326051927],[80.65805483923296,7.26137797334682],[80.65802594716307,7.261427904258921],[80.6580112777911,7.26145325805502],[80.65775384271328,7.261805134659769],[80.65729241958844,7.261917395448508],[80.65729426323048,7.262007576856371],[80.65761043847743,7.26271527302924],[80.65787527360362,7.263018350482807],[80.65797464313296,7.263332721914119],[80.65808915673966,7.263497188806918],[80.65816240547144,7.263587718886464],[80.65819786942178,7.263694938917406],[80.65821180125984,7.26376484894556],[80.65827958843529,7.263927691243716],[80.65832092847799,7.264016011008924],[80.65833623791931,7.264147890704668],[80.6583768994375,7.264198968292297],[80.65843232313696,7.264233745093393],[80.65864914729865,7.264353186853401],[80.6587922832947,7.264448466283794],[80.65898733286599,7.264599846817267],[80.65915492181078,7.264764143597709],[80.65933981162797,7.264862583337627],[80.6594722297257,7.26494119525729],[80.65968117278551,7.265131343921203],[80.65969843194917,7.265237087847617],[80.65969965116464,7.265246639431279],[80.65970965734206,7.265264193661561],[80.65974306113173,7.265270996294281],[80.65975633196055,7.265271393982804],[80.65976739921979,7.265279594352983],[80.65982883832213,7.26530365289931],[80.65987434067915,7.265329978055241],[80.65989591226824,7.265394228139149],[80.65989794425302,7.265398612731817],[80.6599164908163,7.26544278917846],[80.65991645799818,7.265447145207531],[80.6599288348475,7.265532514782619],[80.65992881285196,7.265537045345329],[80.65991515683214,7.265618696065254],[80.65991290009137,7.265625490434127],[80.65990841498058,7.265634409347769],[80.65989867881703,7.265721761812149],[80.65989862685004,7.265726625151396],[80.65992973446637,7.265809111184017],[80.65993200366972,7.265817230617218],[80.6599883637379,7.265863967809572],[80.66011537877802,7.26588476864887],[80.6601959491877,7.265930015394904],[80.66023258744136,7.265959796307757],[80.66032829159079,7.266016017029561],[80.66038345454028,7.266055516713799],[80.66044870536834,7.266108496732098],[80.66051055013749,7.266161620559952],[80.6605925068853,7.266222018317357],[80.66064915876602,7.266275507948898],[80.6607051501642,7.266308918215595],[80.66072207076137,7.266344395704325],[80.6607994445667,7.266414086703637],[80.66080107740392,7.266417618430911],[80.66082153674981,7.266429961077094],[80.66082822385225,7.266465413347223],[80.6608136229244,7.266538296614745],[80.66077147607805,7.266680623489283],[80.66073068812351,7.266782087873412],[80.66072553276352,7.266794914125921],[80.6607028753183,7.266857487161086],[80.6606926126005,7.266968081048978],[80.66069219199605,7.266973169466101],[80.66066926795659,7.267249404386664],[80.6606861157981,7.267289739783751],[80.66070311569389,7.267330439653892],[80.66074137687163,7.267374769398959],[80.66074901806252,7.26738362358882],[80.66080144732221,7.267408234048251],[80.66081756195092,7.267429580656943],[80.66082361319411,7.267493877380738],[80.66082311809588,7.267535322457529],[80.66082231668791,7.267602394555783],[80.66082176192216,7.26764697665121],[80.66081876843673,7.267715882121151],[80.66081784560947,7.267737134862179],[80.66080869342979,7.267758202836667],[80.66080254377081,7.267777783994353],[80.6608924535117,7.267794125080942],[80.66097756064622,7.267807277252698],[80.66099833390554,7.267835405519174],[80.66104742920142,7.267861699822705],[80.66105776309116,7.267876614439936],[80.66111645669915,7.267961331088319],[80.66112324013123,7.267999200584137],[80.6611285688722,7.268009663842872],[80.66114728328456,7.268046400562936],[80.66114926342155,7.268051769924812],[80.6611666957473,7.268083878085354],[80.66118304636345,7.268113989265014],[80.66112303275798,7.268127058406389],[80.66109048761528,7.268140204154797],[80.66099170281998,7.268180107714665],[80.66092640140812,7.268203240398885],[80.66087885017869,7.268226558455471],[80.6608642557734,7.268234704334879],[80.66084597132823,7.268244908376211],[80.66083908719712,7.268250333356638],[80.6608371842541,7.268254763061934],[80.66083645351148,7.268275652320805],[80.66083434121056,7.268394116639059],[80.6608281110252,7.268675625188715],[80.66082525901005,7.268821705885404],[80.66082434780812,7.268868331616806],[80.66084398860592,7.26891246670307],[80.66086625512598,7.268962480439516],[80.66089932876976,7.269014923177279],[80.66091930241194,7.269046593405496],[80.66100350100902,7.269150158657292],[80.66109527175745,7.269253053920131],[80.66110272836508,7.269261412497827],[80.661255651119,7.269408853958987],[80.66134872372993,7.269513866479405],[80.66140103894081,7.269628363849705],[80.66145143201122,7.269733846614952],[80.66146973948987,7.269772167559503],[80.66157185688358,7.269915795242955],[80.66169688707089,7.270065219868271],[80.66184464158766,7.270238792429182],[80.66195473527222,7.270360178853319],[80.66202716591643,7.270434258796784],[80.6620401152311,7.270442491237515],[80.66205666303175,7.270427567144609],[80.66210687529157,7.270382282264558],[80.66224863908162,7.270255534419893],[80.66230943744698,7.270223597913557],[80.66245976810605,7.270144628395006],[80.66268982158115,7.270045936036646],[80.66273782755188,7.270029768246839],[80.66296053757166,7.269954759464254],[80.66314124340445,7.269822686576769],[80.66333870656028,7.269677323605122],[80.66350535269196,7.269630792507497],[80.66371220767033,7.26959539519663],[80.6638963236344,7.269587483927522],[80.66412066503999,7.26951673153614],[80.66435587765301,7.269427173077911],[80.66451310786051,7.269373044022198],[80.66461110683636,7.269339247179256],[80.66463429629466,7.269328325272276],[80.66485139568769,7.269226086445382],[80.66490113230606,7.269172551155404],[80.66501526876453,7.269049697705827],[80.6651171887424,7.268899155928712],[80.66521173423567,7.268810860159784],[80.665256686223,7.268768880674661],[80.66535478183722,7.268694833071321],[80.6653763750416,7.268678534640743],[80.66538902263197,7.268668986465947],[80.66544074244734,7.268630204432458],[80.66556520835252,7.268514041604815],[80.66566973774275,7.26841648357005],[80.66582472973914,7.268254559428244],[80.6660356075261,7.2680562053342],[80.66609279326573,7.267988935324072],[80.66619078451056,7.267873664757234],[80.66634069395212,7.267759397885745],[80.66636533287355,7.267734892671545],[80.66653164794782,7.26755950139722],[80.66674468533193,7.267415859753901],[80.6667538803238,7.267411286192171],[80.66700453888289,7.267286606847829],[80.66722713988555,7.267174566415282],[80.66726421332285,7.267155906858607],[80.66730993206374,7.267113737442243],[80.66732971163046,7.267095493318814],[80.66743016020877,7.267002846971327],[80.66743385970915,7.266998944878567],[80.66746539785468,7.266965688489136],[80.66748660824906,7.266940097222149],[80.66754738044423,7.266866778079246],[80.66758382444175,7.266817976946879],[80.66759904106932,7.266797602982161],[80.66763461990818,7.266749961861549],[80.66765379914423,7.26670482535013],[80.6677021277925,7.266591092513597],[80.66772693763517,7.266529320843841],[80.66776673630889,7.266430231179427],[80.66786756458816,7.266290269759983],[80.66789885323585,7.266107516244421],[80.66790110795564,7.266055795043528],[80.66790759438369,7.265906943424429],[80.66789902985357,7.265748687951993],[80.66789334084984,7.265706741295154],[80.6678696491949,7.265532010282384],[80.66782060673731,7.265360361404576],[80.66781218970404,7.265331058994448],[80.66780740429951,7.26531644608421],[80.66777600054483,7.265220539703534],[80.66775707884297,7.265162754586306],[80.6676804153207,7.264986487120987],[80.66759903373088,7.264847294124634],[80.66749466389454,7.264648323728808],[80.66747939898528,7.264617492296972],[80.66741862902467,7.264494754432401],[80.66734149715717,7.264383958501234],[80.66724084625994,7.2641613838577],[80.66716816456673,7.264054849149607],[80.66716371503777,7.264048327132933],[80.66709022503686,7.263857772304652],[80.66703731174141,7.2637002910601],[80.6670282349469,7.263673279080892],[80.66699005271052,7.26352586810684],[80.66694669778268,7.263433981134599],[80.66687663914229,7.263281678308974],[80.66689378577146,7.263151824196613],[80.66696181370222,7.263088179314663],[80.66703726989037,7.263011511501598],[80.66710385424769,7.262921547345904],[80.6671753346854,7.262803824895546],[80.66725640666135,7.262722728203065],[80.66738303146883,7.262643270187493],[80.667500955879,7.262583162184119],[80.66764985644656,7.26251302468584]]]]}},{"type":"Feature","properties":{"GND_N":"Bahirawa Kanda","GND_NO":"236","GND_C":"090","PROVINCE_N":"CENTRAL","PROVINCE_C":"2","DISTRICT_N":"KANDY","DISTRICT_C":"1","DSD_N":"GANGAWATA KORALE","DSD_C":"30","Admin_Code":"2130090","GND_NO_Cen":"236","GND_NAME_C":"Bahirawa Kanda","GND_NO_Gaz":"236","GND_NAME_G":"බහිරවකනa","shape_1":"Polygon","Area__Ha_":66.0108260792,"MWS_ID":"117","Alt_MWS":null,"Total_Pop":3613.0,"Density":5473.3446233,"Area_Sqkm":0.66010826079},"geometry":{"type":"MultiPolygon","coordinates":[[[[80.6261249987235,7.30166899149021],[80.6261275582896,7.301600897463491],[80.62614930269535,7.301574679927358],[80.6261578233625,7.3015531612681],[80.62614826406244,7.301432975387708],[80.6261056648226,7.301259695958358],[80.62608215572551,7.30114068193055],[80.62604759859472,7.301020309578308],[80.62601827988951,7.300940900251991],[80.62593872387887,7.300803599737034],[80.6263682910424,7.299849401452598],[80.62639705754285,7.299748546006319],[80.62653915803395,7.299802647855279],[80.62654825163538,7.299689523528921],[80.62658605909239,7.299570982005861],[80.62664305963452,7.299472070207147],[80.62666092239009,7.299409677443711],[80.62667844108735,7.299295199450736],[80.62670463477343,7.299231455704911],[80.62673834000209,7.29919285224853],[80.62677810802262,7.299167455423652],[80.62681433858603,7.299160684248202],[80.62690961482828,7.299166232936025],[80.62695480542003,7.299172848392266],[80.62701012559447,7.299224683226993],[80.62707475913922,7.299322369274285],[80.62714147231193,7.299430546813729],[80.6272155388342,7.299489350042836],[80.62733988164284,7.299510371813554],[80.62745191585661,7.299510498293713],[80.62751667477683,7.299500572313192],[80.62758578855512,7.299470482714523],[80.62765819120588,7.299357107014727],[80.62769571336032,7.299273290516774],[80.62772452943959,7.299226999708059],[80.62772670400996,7.29922419618135],[80.6278009023693,7.299155313639702],[80.6278323350727,7.299138865670405],[80.62792915785998,7.299126327695347],[80.62806962975387,7.299123207876164],[80.62818374695017,7.299123336665466],[80.62832222477562,7.299122206483549],[80.62845300791557,7.299118271305426],[80.62857274102856,7.299113606318633],[80.628658692738,7.299106943500738],[80.62899350213296,7.299026000223486],[80.6291132879081,7.298835288400272],[80.62913270134587,7.298621733704144],[80.6291473168163,7.298589901587744],[80.62920552339664,7.298517626981188],[80.62938554786825,7.29853196182373],[80.62995462093727,7.298813056523689],[80.6300909514663,7.298830915458464],[80.63023772787453,7.298818999043472],[80.63044502507059,7.298711346425449],[80.63050220059772,7.298636879285629],[80.63052537946064,7.298525993934149],[80.63065121633636,7.298427338040411],[80.63092949054392,7.298337238897164],[80.63090762268783,7.298186206963885],[80.63090598759969,7.2981451682734],[80.63088952330098,7.297861629687956],[80.63084850926893,7.297755700918914],[80.63082739152489,7.29757055620642],[80.630836335131,7.297340737766894],[80.63083821977278,7.297324173355336],[80.63084007898728,7.297307819638094],[80.63090055415235,7.297021526898344],[80.63090784467539,7.296994131583336],[80.63101764431347,7.296802335355176],[80.63109891787892,7.296660366055279],[80.63110444489742,7.296653022180415],[80.6311074403597,7.296649043306699],[80.63111485562442,7.296639191502695],[80.63114764425866,7.296627054542785],[80.63123670496813,7.296363652505839],[80.63130555873653,7.296160010239992],[80.6313374806808,7.296094161013961],[80.63132798641176,7.296060511569602],[80.63131781762807,7.296000880382701],[80.63130489881132,7.295863724235807],[80.63142807895825,7.295785884296242],[80.6315160351126,7.295739973914146],[80.63160815513233,7.295701027076467],[80.63169819385276,7.295659368453159],[80.6317372363421,7.295654968857505],[80.63176222672274,7.295652153621944],[80.63183197160762,7.295628302339556],[80.6318738001325,7.295600774267698],[80.63188306264728,7.295594679514965],[80.63192563876221,7.295563042524761],[80.63195590238966,7.295522267231929],[80.63197884493219,7.295429312223586],[80.63199001994445,7.295328034771309],[80.63201269896891,7.295189693616259],[80.63202985208733,7.295145749068646],[80.63204578639721,7.295112375432309],[80.63208340573931,7.295007036152974],[80.63208315271545,7.294948709436806],[80.63208309415121,7.294922305580799],[80.63208304275366,7.294898975452741],[80.63208299448793,7.294877178119172],[80.6320628925201,7.294864511459404],[80.63197667517255,7.294854898309011],[80.6318723398811,7.29485622231937],[80.63176917754114,7.294876987385419],[80.63174208093453,7.294890044083233],[80.63172660505214,7.294897501437973],[80.63169100553328,7.294914672702309],[80.63161936554258,7.294917633961045],[80.63152472479618,7.294912720401513],[80.63144203912277,7.294901751826725],[80.63138381295934,7.294877045680408],[80.63131943492016,7.294825841476696],[80.63126329092688,7.294803938418122],[80.63122599033528,7.294759887792119],[80.63119575580444,7.294710321376573],[80.63116198736888,7.294671878558088],[80.63116290758795,7.294626754138085],[80.63109455137396,7.294560265905388],[80.63102202726,7.294493775417823],[80.63096806073636,7.294454511311836],[80.63081873019031,7.294412414062397],[80.63074781458357,7.294413295521029],[80.63071098459118,7.294418217529163],[80.63068368996532,7.294421864828101],[80.63068072887275,7.29442322032796],[80.63067046151741,7.29442792029749],[80.63060135274696,7.294459548614393],[80.63059189167407,7.294469128460611],[80.63045494569751,7.294607807043936],[80.63042498888615,7.294635025930939],[80.6302441327232,7.294799360710722],[80.63023704982884,7.294809290378966],[80.63010359923831,7.294996361939242],[80.6299986226063,7.29514571516505],[80.62947085030639,7.294931072215514],[80.62929189775289,7.294825260314495],[80.62873314828565,7.294478390123542],[80.62860176666312,7.294135195006248],[80.62853810055218,7.293853201707603],[80.62849723675522,7.293576477092532],[80.62844556298167,7.293343607622899],[80.62831197719986,7.293257652400952],[80.62828470429514,7.293126458962822],[80.62833064744066,7.292938496573088],[80.62839378495164,7.292653337191812],[80.6283821062859,7.292402411922275],[80.62834867723096,7.292247398034101],[80.62826506935696,7.292258167123244],[80.62820665346968,7.292258419272557],[80.6281329319754,7.292257943857758],[80.62805921232672,7.292251860849319],[80.62801629321254,7.292222365588239],[80.62794348930855,7.292185717423739],[80.6278526989937,7.292035754186521],[80.62785506678871,7.291996147401781],[80.62785374099359,7.291902370755499],[80.62784831568959,7.291873159085186],[80.62781066599547,7.291793659394132],[80.62775717647848,7.291685668047613],[80.62767941899287,7.291571156828928],[80.62756461313896,7.291465406047458],[80.62753365374765,7.291421447639769],[80.62752677227164,7.291416561234376],[80.6274318769251,7.291359558900866],[80.62732356874767,7.291326877874541],[80.6272267515104,7.291335888976882],[80.6272487146437,7.291191570382153],[80.62724919251728,7.291115880386341],[80.62726143808082,7.291061083668452],[80.62729315182364,7.291011990477672],[80.62731199497503,7.29099888429775],[80.62737350327183,7.290958391799967],[80.62743730197825,7.29090423964798],[80.627546355115,7.290811679456635],[80.6275353437156,7.290658918267309],[80.6275354872775,7.290652019387464],[80.62753576797745,7.290638476639024],[80.62753379019011,7.290629666268769],[80.62751246752372,7.290548965585349],[80.62745048840414,7.290485105911178],[80.6274418544632,7.290482999658971],[80.62732608708336,7.290451321764119],[80.62724149481843,7.290449137111076],[80.62723388627191,7.290449234075048],[80.62716047261159,7.290452682379395],[80.62706683955156,7.290476381285989],[80.6270214333748,7.290494364632357],[80.62698125858832,7.2905170403217],[80.62693400092886,7.290546827817751],[80.62692658630489,7.290549321243338],[80.62691173813029,7.290556760557402],[80.62686234032796,7.290583940233039],[80.62685246519393,7.290591319696789],[80.62684511931091,7.290591349822602],[80.62683528212261,7.290596275924707],[80.62677160257675,7.290616037391676],[80.6267642703774,7.29061849828692],[80.62675564093351,7.290619217969692],[80.62674534104356,7.290656598443847],[80.62659900296943,7.290602743973376],[80.62647197055654,7.290574897277793],[80.6263829263454,7.290555378214297],[80.6263655365411,7.290552881995535],[80.626357251887,7.290551692801706],[80.62609249255279,7.290513683850692],[80.62596307248839,7.290514092971843],[80.62593111613161,7.290516413633948],[80.62588373406703,7.290519853208798],[80.62584939984113,7.290548055126405],[80.62576469434725,7.290624532753224],[80.62565423513982,7.290798845540905],[80.62561981933995,7.2908704638973],[80.62556877202566,7.290976692512804],[80.62555947762027,7.290991522692467],[80.62551992949673,7.29105462712548],[80.62549845836753,7.291074876345204],[80.625897800012,7.291249661049017],[80.62585900579799,7.291344208372378],[80.625872634758,7.291483927698566],[80.62591173598415,7.291590221616788],[80.62591449034419,7.291597709256599],[80.62601732019394,7.291600180561097],[80.6260954958566,7.291619072118087],[80.62615975426885,7.291621133579194],[80.62616793927221,7.29188880632254],[80.62617080354248,7.291906210582232],[80.62617425711477,7.291927202407006],[80.62617355752963,7.291944732085058],[80.62615402635909,7.292138818825165],[80.62614841569564,7.292149781632599],[80.62614647387113,7.292160847845316],[80.62607449709547,7.292308635835091],[80.62607226445981,7.292319966007102],[80.62606585343066,7.29232745692872],[80.62603055044062,7.292430382883168],[80.62597566312361,7.292536209652482],[80.62610841321145,7.292649311542886],[80.62615640417607,7.292713607144493],[80.62617760537523,7.292837662830181],[80.62615708496446,7.292972574371588],[80.62611601137732,7.293047185595515],[80.62609489677635,7.293081723847274],[80.62608628314466,7.293113642871927],[80.62600239695217,7.293173478914297],[80.62595202701313,7.293219672027393],[80.62584756834713,7.293323089491281],[80.6257474612492,7.293413395085397],[80.6257185517619,7.293468730588247],[80.62568519149583,7.293560144476384],[80.6256456774689,7.29364251328194],[80.62559458550798,7.293675502387395],[80.62553597992292,7.293700803310575],[80.62541668825753,7.293743718769913],[80.62540253667096,7.293750397744855],[80.625323841955,7.29378754643407],[80.62526043995912,7.293807237232401],[80.62513571848342,7.293831974316307],[80.62494977320748,7.293865371260419],[80.62484941581963,7.293891110255016],[80.62473845719092,7.293931224083524],[80.62466309237644,7.29396890731142],[80.62458981410333,7.293996194459114],[80.62444741848368,7.294066048310714],[80.62436968999154,7.294130045901895],[80.62417862750632,7.294294746454915],[80.62410370393252,7.294366432419557],[80.624034399998,7.29442220544297],[80.62396708682677,7.294488377702734],[80.62386479797587,7.294600837541553],[80.62377554587326,7.294722526548804],[80.62366373126237,7.294887704869371],[80.62364596197779,7.294935537377332],[80.62356147091543,7.295177318428554],[80.623557883866,7.295200355228656],[80.62352373995047,7.295250747699681],[80.62345230261305,7.29539019321601],[80.62337837072556,7.295485091929612],[80.62322616398065,7.295584746061067],[80.62310533877998,7.295602268461018],[80.62299167635375,7.295583205178096],[80.62297753123751,7.295578588433604],[80.62296341662937,7.295569489975525],[80.62262843089232,7.295561418265796],[80.62261684190099,7.295561237079458],[80.62239080587405,7.295533800440132],[80.62237427636276,7.295528463039576],[80.62235806741297,7.295528566936072],[80.62234441340993,7.29552593437907],[80.62233631301082,7.295525985876108],[80.62217535865507,7.295486378598373],[80.62215362419167,7.295481120800962],[80.62212922974562,7.295475886510755],[80.62211022046999,7.295470620598437],[80.62209134249933,7.295468054073189],[80.62208330459153,7.295468110108542],[80.62204261209563,7.295453419383048],[80.62125942739081,7.295795512920662],[80.62128743798147,7.295885616382764],[80.6213279547327,7.296021518011849],[80.62138106447304,7.296116756570118],[80.62142838683134,7.296188631387517],[80.62150161683894,7.296240082366266],[80.62214417816118,7.296890542661717],[80.62223241948276,7.297081187076742],[80.62229696139738,7.297170093886374],[80.62229957337986,7.297172746191995],[80.62257189334272,7.297770119004098],[80.62257583569853,7.29779687232587],[80.62276462658373,7.298116697908397],[80.62277617129499,7.298132717030332],[80.62292273524189,7.298382610235083],[80.62293099913572,7.298402590891941],[80.62300508555242,7.298594968416666],[80.62314695150125,7.298795719255043],[80.62331246728468,7.299021735231486],[80.62332418198763,7.299038693967468],[80.62350648423913,7.299378483138021],[80.62373768727663,7.299638712863518],[80.62374307709648,7.299643814046394],[80.62384495450249,7.299819077858406],[80.62385038869544,7.29982420527979],[80.62407545668096,7.300195259547303],[80.6241579553087,7.300416162322613],[80.62417052909859,7.300445251639128],[80.62463885362068,7.301598749296095],[80.6250267039787,7.301422535069003],[80.62508093993245,7.30169579997255],[80.62534336538008,7.301609752117636],[80.62536027184456,7.301971663213432],[80.62537361739477,7.302014275693053],[80.62538795075675,7.30211178237103],[80.62539335248483,7.302119326963674],[80.62540242144918,7.302131995655568],[80.62541157460296,7.302144784647667],[80.62541897598825,7.302152656361749],[80.6254914637653,7.302225969779338],[80.62549339283575,7.30222612505969],[80.6255050859872,7.302232213113671],[80.62552460680779,7.302238962114868],[80.6255521518584,7.302248999126387],[80.62564223326639,7.302280144446027],[80.62566219958467,7.302281802367549],[80.62567620843078,7.302282964550647],[80.62568623053356,7.302283797140976],[80.62570229252518,7.30228513001737],[80.62577332438751,7.302311322419397],[80.62620128687337,7.302290510472898],[80.62620366525786,7.302290394608974],[80.62621253353637,7.302079393056173],[80.62621364305194,7.302011388073672],[80.62619837051673,7.301910553272689],[80.62614879187727,7.301751109164396],[80.6261249987235,7.30166899149021]]]]}},{"type":"Feature","properties":{"GND_N":"Aniwatta East","GND_NO":"234","GND_C":"100","PROVINCE_N":"CENTRAL","PROVINCE_C":"2","DISTRICT_N":"KANDY","DISTRICT_C":"1","DSD_N":"GANGAWATA KORALE","DSD_C":"30","Admin_Code":"2130100","GND_NO_Cen":"234","GND_NAME_C":"Aniwatta East","GND_NO_Gaz":"234","GND_NAME_G":"අනිවත්ත","shape_1":"Polygon","Area__Ha_":67.3279255498,"MWS_ID":"117","Alt_MWS":null,"Total_Pop":2059.0,"Density":3058.16640448,"Area_Sqkm":0.6732792555},"geometry":{"type":"MultiPolygon","coordinates":[[[[80.62125942739081,7.295795512920662],[80.62204261209563,7.295453419383048],[80.62208330459153,7.295468110108542],[80.62209134249933,7.295468054073189],[80.62211022046999,7.295470620598437],[80.62212922974562,7.295475886510755],[80.62215362419167,7.295481120800962],[80.62217535865507,7.295486378598373],[80.62233631301082,7.295525985876108],[80.62234441340993,7.29552593437907],[80.62235806741297,7.295528566936072],[80.62237427636276,7.295528463039576],[80.62239080587405,7.295533800440132],[80.62261684190099,7.295561237079458],[80.62262843089232,7.295561418265796],[80.62296341662937,7.295569489975525],[80.62297753123751,7.295578588433604],[80.62299167635375,7.295583205178096],[80.62310533877998,7.295602268461018],[80.62322616398065,7.295584746061067],[80.62337837072556,7.295485091929612],[80.62345230261305,7.29539019321601],[80.62352373995047,7.295250747699681],[80.623557883866,7.295200355228656],[80.62356147091543,7.295177318428554],[80.62364596197779,7.294935537377332],[80.62366373126237,7.294887704869371],[80.62377554587326,7.294722526548804],[80.62386479797587,7.294600837541553],[80.62396708682677,7.294488377702734],[80.624034399998,7.29442220544297],[80.62410370393252,7.294366432419557],[80.62417862750632,7.294294746454915],[80.62436968999154,7.294130045901895],[80.62444741848368,7.294066048310714],[80.62458981410333,7.293996194459114],[80.62466309237644,7.29396890731142],[80.62473845719092,7.293931224083524],[80.62484941581963,7.293891110255016],[80.62494977320748,7.293865371260419],[80.62513571848342,7.293831974316307],[80.62526043995912,7.293807237232401],[80.625323841955,7.29378754643407],[80.62540253667096,7.293750397744855],[80.62541668825753,7.293743718769913],[80.62553597992292,7.293700803310575],[80.62559458550798,7.293675502387395],[80.6256456774689,7.29364251328194],[80.62568519149583,7.293560144476384],[80.6257185517619,7.293468730588247],[80.6257474612492,7.293413395085397],[80.62584756834713,7.293323089491281],[80.62595202701313,7.293219672027393],[80.62600239695217,7.293173478914297],[80.62608628314466,7.293113642871927],[80.62609489677635,7.293081723847274],[80.62611601137732,7.293047185595515],[80.62615708496446,7.292972574371588],[80.62617760537523,7.292837662830181],[80.62615640417607,7.292713607144493],[80.62610841321145,7.292649311542886],[80.62597566312361,7.292536209652482],[80.62603055044062,7.292430382883168],[80.62606585343066,7.29232745692872],[80.62607226445981,7.292319966007102],[80.62607449709547,7.292308635835091],[80.62614647387113,7.292160847845316],[80.62614841569564,7.292149781632599],[80.62615402635909,7.292138818825165],[80.62617355752963,7.291944732085058],[80.62617425711477,7.291927202407006],[80.62617080354248,7.291906210582232],[80.62616793927221,7.29188880632254],[80.62615975426885,7.291621133579194],[80.6260954958566,7.291619072118087],[80.62601732019394,7.291600180561097],[80.62591449034419,7.291597709256599],[80.62591173598415,7.291590221616788],[80.625872634758,7.291483927698566],[80.62585900579799,7.291344208372378],[80.625897800012,7.291249661049017],[80.62549845836753,7.291074876345204],[80.62551992949673,7.29105462712548],[80.62555947762027,7.290991522692467],[80.62556877202566,7.290976692512804],[80.62561981933995,7.2908704638973],[80.62565423513982,7.290798845540905],[80.62576469434725,7.290624532753224],[80.62584939984113,7.290548055126405],[80.62588373406703,7.290519853208798],[80.62593111613161,7.290516413633948],[80.62596307248839,7.290514092971843],[80.62609249255279,7.290513683850692],[80.626357251887,7.290551692801706],[80.6263655365411,7.290552881995535],[80.6263829263454,7.290555378214297],[80.62647197055654,7.290574897277793],[80.62659900296943,7.290602743973376],[80.62674534104356,7.290656598443847],[80.62675564093351,7.290619217969692],[80.6267642703774,7.29061849828692],[80.62677160257675,7.290616037391676],[80.62683528212261,7.290596275924707],[80.62684511931091,7.290591349822602],[80.62685246519393,7.290591319696789],[80.62686234032796,7.290583940233039],[80.62691173813029,7.290556760557402],[80.62692658630489,7.290549321243338],[80.62693400092886,7.290546827817751],[80.62698125858832,7.2905170403217],[80.6270214333748,7.290494364632357],[80.62706683955156,7.290476381285989],[80.62716047261159,7.290452682379395],[80.62723388627191,7.290449234075048],[80.62724149481843,7.290449137111076],[80.62732608708336,7.290451321764119],[80.6274418544632,7.290482999658971],[80.62745048840414,7.290485105911178],[80.62751246752372,7.290548965585349],[80.62753379019011,7.290629666268769],[80.62753576797745,7.290638476639024],[80.6275354872775,7.290652019387464],[80.6275353437156,7.290658918267309],[80.62754899381845,7.29071142930169],[80.627805911841,7.290590925894051],[80.62775815973856,7.29051629435708],[80.62766539492515,7.290370686457308],[80.62749496852854,7.290218891056622],[80.62729432955122,7.290112588349856],[80.62706510223342,7.290113417025945],[80.62698693990342,7.290183404154066],[80.62676486382327,7.290202965866127],[80.62654643636475,7.29013620572953],[80.62653763981332,7.290135625869682],[80.62628185479322,7.290114439136669],[80.62603616856178,7.290137699391605],[80.62571267485654,7.290043766688093],[80.62544274833931,7.289945664714554],[80.62519466372795,7.289829167320421],[80.62518673197901,7.289828936784459],[80.62500781334172,7.289736366749682],[80.62486311877717,7.289663300360792],[80.62464081886698,7.289627284312977],[80.62434716772842,7.289868491674786],[80.62303825954284,7.290180503554703],[80.62289873463165,7.289580885389],[80.62258505821063,7.289615345803802],[80.62258600912446,7.289482684908224],[80.62258304345836,7.289412508194508],[80.62254331394608,7.289329571925036],[80.62247596917597,7.289219314502873],[80.62243668378566,7.289159345857668],[80.62240219132646,7.289120177805174],[80.6223941820039,7.289105812037066],[80.62232610134717,7.28906875946245],[80.62215440181077,7.288989295024008],[80.62201596614376,7.288876430599811],[80.62192824633405,7.288952757268309],[80.6218853529387,7.288905814730282],[80.62147320152224,7.289205937547107],[80.62145865923662,7.289411616227028],[80.62119745243945,7.289456987784881],[80.62082188696317,7.289251031326248],[80.62050008505685,7.289633803201463],[80.62022133478604,7.289623119462891],[80.62013670029704,7.289688525574087],[80.62012401380613,7.289693530123587],[80.62009858285273,7.289703562713353],[80.62006888836699,7.28972044030365],[80.61999169780387,7.289735379827165],[80.61997452398637,7.289731827213073],[80.61994013113404,7.289740196394652],[80.61991873088388,7.289735749769689],[80.619491140161,7.289570476877323],[80.61934957254014,7.289482943698022],[80.61932252026224,7.289470088685235],[80.61925112962147,7.289427794069004],[80.61924228989685,7.289423832865057],[80.6191347648549,7.289361290094235],[80.61892316478497,7.289302935075081],[80.61844431825743,7.288896023640896],[80.61803543427762,7.28857397788117],[80.61775803243926,7.288421505692255],[80.61774944946688,7.288413786267954],[80.61773554478121,7.28839844713163],[80.61759933244373,7.288248359253736],[80.61759414629977,7.288241546225822],[80.61750323651101,7.288188279817119],[80.61721313903159,7.287641983564511],[80.61665095453596,7.287702087024386],[80.61640136397347,7.287684618131115],[80.61638086589102,7.287675084957986],[80.61631825950172,7.287661782222524],[80.61609362577431,7.287584619027986],[80.61606249980748,7.287580063877876],[80.61603183300296,7.287570438463711],[80.61585789416765,7.287517589921825],[80.61573970219027,7.287399348384775],[80.61559082930621,7.287250326114147],[80.61558586466184,7.287216772010542],[80.61543464350137,7.287169302035892],[80.61532449929635,7.28714780373778],[80.61519152089883,7.287100358262818],[80.61511280449837,7.28710546031864],[80.61497108943524,7.287120715101173],[80.61449601730185,7.2870620008094],[80.61404733910496,7.286519703428839],[80.6140213528789,7.28650249065265],[80.61401038237435,7.286495648379847],[80.61399632263732,7.286488887289607],[80.61381421838088,7.286312238736318],[80.61378993525601,7.286296313381589],[80.61377904091408,7.28628674013697],[80.61376818640954,7.286277200365596],[80.61374719439462,7.286261434444375],[80.61371623147265,7.286239552756696],[80.61368442487368,7.286211556774037],[80.61349716517479,7.286081912793032],[80.61348413499084,7.286070692941942],[80.6134719503581,7.286065414662659],[80.61346586619113,7.286062780047338],[80.61326284322185,7.28596184190114],[80.61324176100071,7.285950180553674],[80.61323265945498,7.285944292071095],[80.61306488028518,7.285928368269638],[80.61304798307542,7.285929327965641],[80.61286770388598,7.285913793854886],[80.61278678348936,7.28578102294166],[80.61277600327425,7.285766510414211],[80.61269811072827,7.285663183766288],[80.61262937492164,7.285598378281008],[80.6123511055257,7.285485820241882],[80.61194685447711,7.285888688592514],[80.61155873333952,7.285706706622016],[80.61150776817273,7.286086383863609],[80.61151165506047,7.286081968666679],[80.61078425619668,7.287018059353219],[80.61091993151497,7.287338510566547],[80.61093132029463,7.287365409589087],[80.61093473686313,7.287371683079932],[80.61097561988599,7.287446642994182],[80.61106857247725,7.287562578694571],[80.6111599818609,7.287646396609137],[80.61117108659495,7.287660086377084],[80.61128468138881,7.287755498290859],[80.61128832359897,7.287758958576729],[80.61144782650484,7.287809620616601],[80.61146035294047,7.287808997597686],[80.61148026522449,7.287815322313202],[80.61174398854442,7.287916922698121],[80.61193349243491,7.287992664557902],[80.61227635328328,7.288137581451021],[80.612996924607,7.288357576929415],[80.61321982672649,7.288396638247978],[80.61322800006059,7.288404907424745],[80.61349024940948,7.288524914253787],[80.61373018314094,7.288700745447041],[80.61410027753857,7.288860762673156],[80.61483601095698,7.289206943449444],[80.61488097282181,7.2892419542039],[80.61489216902716,7.289253545029356],[80.61528735075879,7.289546705285233],[80.61580746373049,7.28983101485821],[80.61610839144913,7.29002901193001],[80.61613075044988,7.290052203456734],[80.6164231262756,7.290354785303141],[80.61690621795721,7.290721495053195],[80.61719157635596,7.290912237038738],[80.61825650444203,7.291625223697439],[80.61859976692364,7.292181306096675],[80.6186047697799,7.292186679399542],[80.61874088820502,7.292327324220311],[80.61889491919212,7.29243137269228],[80.61900847131106,7.292600121625175],[80.6190654978257,7.292711726073548],[80.61907910446128,7.292722620419133],[80.61910162477743,7.292738543978898],[80.61917902298049,7.292791981719136],[80.61920511528719,7.292800077969016],[80.6193069697016,7.292891574527128],[80.61932964583768,7.292928211179134],[80.61935450600753,7.292950547948598],[80.61948558214674,7.293132716370079],[80.61966432848197,7.293359207585159],[80.61974494613351,7.293484135077838],[80.62121583235184,7.295814553415714],[80.62125942739081,7.295795512920662]]]]}},{"type":"Feature","properties":{"GND_N":"Aruppala East","GND_NO":"224","GND_C":"050","PROVINCE_N":"CENTRAL","PROVINCE_C":"2","DISTRICT_N":"KANDY","DISTRICT_C":"1","DSD_N":"GANGAWATA KORALE","DSD_C":"30","Admin_Code":"2130050","GND_NO_Cen":"224","GND_NAME_C":"Aruppala East","GND_NO_Gaz":"224","GND_NAME_G":"අරුප්පල","shape_1":"Polygon","Area__Ha_":26.1100889694,"MWS_ID":"117","Alt_MWS":null,"Total_Pop":1557.0,"Density":5963.21215843,"Area_Sqkm":0.26110088969},"geometry":{"type":"MultiPolygon","coordinates":[[[[80.64796681899881,7.313169045323436],[80.64873968680945,7.311953247862784],[80.64882197429938,7.311828922269317],[80.64898855612314,7.311529391902916],[80.64900257428904,7.311473360734682],[80.64900536885366,7.311462193383427],[80.6492020681583,7.311184504923276],[80.64923536780817,7.311125768083055],[80.64923782887932,7.311115251734121],[80.64938751094274,7.310887987422419],[80.64941521609708,7.310851281428428],[80.64945660982507,7.310796440776985],[80.64970649786606,7.310535736288397],[80.64972007864772,7.310517594359567],[80.64984174305553,7.310306512655321],[80.64985702641111,7.310279231409647],[80.64997064713033,7.310100245643767],[80.65005656799889,7.309958506659499],[80.65019970947066,7.309817232201458],[80.65049109110845,7.309486746558199],[80.65057156569642,7.309302863618229],[80.65059511824846,7.309249048783308],[80.6507184229193,7.30893789891042],[80.65092665128032,7.308206365742177],[80.65103638732396,7.307900836751855],[80.65111260569229,7.306864137701641],[80.64937937732127,7.30568020351317],[80.6488606655233,7.305772136104633],[80.64875117955127,7.305892070909004],[80.6487137932237,7.30593021740362],[80.64859777002691,7.306033522898478],[80.64843129145468,7.306151623831413],[80.64840913198954,7.306166496046715],[80.64827065005895,7.306320526486846],[80.64817502644189,7.306446845841116],[80.64803442224638,7.306597844377317],[80.64793881289782,7.3067689140219],[80.64789486918882,7.306971820781151],[80.64788815335486,7.306991041638218],[80.64788631983323,7.307154085141823],[80.64790409522416,7.30734406437149],[80.64796584281267,7.307536124256749],[80.64759797457427,7.308323184404501],[80.64748691546006,7.308426880759773],[80.64735091709771,7.308570604349974],[80.64733419319123,7.308596085536329],[80.64726839322297,7.308670404932922],[80.64707507289883,7.308781670159789],[80.64700740298719,7.308819937136089],[80.64699003917374,7.308872167405717],[80.64672581392759,7.308982686886033],[80.64671766068075,7.308986119989409],[80.64639521904502,7.309128661083605],[80.64635234378329,7.309147615576119],[80.64633477048248,7.309153488479232],[80.64632580073415,7.309161624619328],[80.64631855416133,7.309167952650269],[80.64631763786318,7.309204576652802],[80.6463186232242,7.309245451427054],[80.64632321657474,7.309331361524732],[80.64639010108937,7.30949460747208],[80.64650151081892,7.309856440288756],[80.6465464273763,7.309907296743565],[80.6467121296846,7.310392753382348],[80.64672569149748,7.310443934491952],[80.64659540760137,7.310492473457583],[80.64653027807789,7.310526999984535],[80.64648498597961,7.310550046665156],[80.6464224879788,7.310570465001316],[80.64638118218505,7.310583113337367],[80.64632710799324,7.310594763254906],[80.64627837911922,7.310603883564253],[80.6457723500794,7.310633307110691],[80.64574325553724,7.310634863128429],[80.64556560610427,7.310644367406054],[80.64554522199866,7.31072915706222],[80.64561213848724,7.310959676015811],[80.64569078512,7.311223691923941],[80.64578043015443,7.311377666397572],[80.64593688521984,7.311543395320078],[80.64595949028408,7.311567223001683],[80.64609080787751,7.311856537469097],[80.64626439809263,7.312013887438706],[80.64646391394547,7.312188613755672],[80.64673616114275,7.312392445992133],[80.64675568386139,7.31240157692386],[80.64694771395466,7.312609168666187],[80.64696815349157,7.312630109141852],[80.64716804136795,7.312713001503834],[80.6471777543861,7.312712481600101],[80.64740575621022,7.312761971542347],[80.64745648364362,7.312783237164619],[80.6476872032872,7.312938152264882],[80.64772020043708,7.312972300920134],[80.64784467771439,7.313122563721127],[80.64796681899881,7.313169045323436]]]]}},{"type":"Feature","properties":{"GND_N":"Watapuluwa South","GND_NO":"230","GND_C":"045","PROVINCE_N":"CENTRAL","PROVINCE_C":"2","DISTRICT_N":"KANDY","DISTRICT_C":"1","DSD_N":"GANGAWATA KORALE","DSD_C":"30","Admin_Code":"2130045","GND_NO_Cen":"230","GND_NAME_C":"Watapuluwa South","GND_NO_Gaz":"230","GND_NAME_G":"වටපුළුව w","shape_1":"Polygon","Area__Ha_":28.8296187862,"MWS_ID":"117","Alt_MWS":null,"Total_Pop":1874.0,"Density":6500.25938219,"Area_Sqkm":0.28829618786},"geometry":{"type":"MultiPolygon","coordinates":[[[[80.6475143574386,7.314225045977519],[80.64765841933382,7.313654185444149],[80.64796681899881,7.313169045323436],[80.64784467771439,7.313122563721127],[80.64772020043708,7.312972300920134],[80.6476872032872,7.312938152264882],[80.64745648364362,7.312783237164619],[80.64740575621022,7.312761971542347],[80.6471777543861,7.312712481600101],[80.64716804136795,7.312713001503834],[80.64696815349157,7.312630109141852],[80.64694771395466,7.312609168666187],[80.64675568386139,7.31240157692386],[80.64673616114275,7.312392445992133],[80.64646391394547,7.312188613755672],[80.64626439809263,7.312013887438706],[80.64609080787751,7.311856537469097],[80.64595949028408,7.311567223001683],[80.64593688521984,7.311543395320078],[80.64578043015443,7.311377666397572],[80.64569078512,7.311223691923941],[80.64561213848724,7.310959676015811],[80.64554522199866,7.31072915706222],[80.64556560610427,7.310644367406054],[80.64474851970958,7.310688082411541],[80.64467252492217,7.310689319015392],[80.64444845776833,7.310692968403373],[80.64412793097853,7.310686724366962],[80.64412367251822,7.310686100053642],[80.64398555786846,7.310665794107749],[80.64352250006023,7.310636837815028],[80.6435147790342,7.310636355355848],[80.64345844517389,7.310632178964673],[80.64339531988543,7.310626373723481],[80.64333219332308,7.310618758059053],[80.64326888797206,7.310606260906983],[80.64320594961788,7.310580920947221],[80.64312498861715,7.310546262240718],[80.64305009662743,7.310509073266375],[80.64298064096054,7.310467997385937],[80.64296841317875,7.310458201075147],[80.64284536119249,7.310359621889879],[80.64284505787319,7.310359308911345],[80.64278069803467,7.310292933023539],[80.64245820737796,7.309960343365862],[80.64244730329223,7.309949096028292],[80.64244461778851,7.309946327160269],[80.64217420467986,7.309668983051482],[80.64191041420962,7.309398432070613],[80.6419046286139,7.309361897420273],[80.6419033675619,7.30933567136107],[80.64190202083265,7.309305196862118],[80.64190407265546,7.309291749587964],[80.64190519611803,7.309284397941712],[80.64191254308525,7.309245425588597],[80.6419246910365,7.309206995439284],[80.64193293575839,7.309194608949187],[80.6419467058669,7.309183309268842],[80.64198203923334,7.309153116085741],[80.64202516118945,7.30911542041107],[80.64206221503346,7.30908034359472],[80.64210334712659,7.309039661312091],[80.64212472902483,7.309012359541721],[80.64214167588251,7.308981346096403],[80.64218855384581,7.308797695250186],[80.64222194026773,7.308611420620005],[80.64224731894869,7.308550929406928],[80.64228429089343,7.308486554040543],[80.64233503074033,7.308412055474863],[80.64236140381558,7.308363863971899],[80.64236775597831,7.30832280960831],[80.64236730621882,7.308306351164098],[80.64236097554293,7.308272257068756],[80.64232982907527,7.30824864641728],[80.64232597611803,7.308248955448302],[80.64230845213747,7.308250358240524],[80.642307974794,7.30825048379675],[80.64227511961533,7.308259119166598],[80.64225144527371,7.308268707685741],[80.64224477395716,7.308271409567652],[80.64222647256308,7.308298171488291],[80.64221532615598,7.308316073368698],[80.64219185657517,7.308355764376242],[80.64215521279432,7.308422166375498],[80.64208293198386,7.308553141259178],[80.64204358468632,7.3086072647249],[80.64203146771688,7.308623933746622],[80.6419914226645,7.30866407195755],[80.64196805039903,7.308681066790705],[80.64193389705426,7.308708727373637],[80.64189837153393,7.308736482496647],[80.6418967544731,7.308737744421226],[80.64186966968842,7.308754828572662],[80.64182981162158,7.308775344359101],[80.64178660460743,7.308788624720871],[80.64173977893722,7.308794036564654],[80.64162936796211,7.308812451374822],[80.64147611764096,7.30882913517419],[80.64145922530673,7.308832241828147],[80.64142113830052,7.308839246016304],[80.64139450712182,7.30885072359751],[80.6413670595857,7.308866269390748],[80.64126767576965,7.30895929148173],[80.64125269298832,7.308973350709923],[80.64125238136536,7.308973551371789],[80.64125210501925,7.308973903967062],[80.64115071709968,7.309069037881811],[80.64111473294207,7.309094693012925],[80.64104789563243,7.309142347805467],[80.64093103857164,7.309215109100564],[80.64080704247449,7.309231529257241],[80.64079847304363,7.309230337523726],[80.6407113133696,7.30921820722771],[80.64058929488088,7.30928409508434],[80.64050760528202,7.309330196253367],[80.64044869806628,7.309363438758818],[80.64044707385847,7.309364353423689],[80.64033333945524,7.309413380269428],[80.64029634558224,7.309429327339966],[80.64017726562984,7.309502399749205],[80.64014787180058,7.309520436232515],[80.64000836739164,7.309610824344339],[80.63995080671677,7.309653590401249],[80.63986967059712,7.309713872892996],[80.63975358488372,7.309765700407063],[80.63969620508472,7.309791318194502],[80.63959939194152,7.309831017574989],[80.63954855731258,7.309851862610106],[80.63945218354334,7.30988220708119],[80.63945001507216,7.309882890075692],[80.63948658092328,7.310035498623143],[80.63950301451219,7.310087640272973],[80.63953230293131,7.310115593014754],[80.63963280379593,7.310157578614663],[80.63976755212256,7.310313141409898],[80.63981667209593,7.310331699009769],[80.63992689348683,7.310369416466875],[80.639998541412,7.310378170987189],[80.63996399186156,7.310519805074091],[80.64004257628999,7.310571509729516],[80.64016910551987,7.31056580473336],[80.64022614582117,7.310671560251869],[80.64053988087646,7.310766779349526],[80.64048893388902,7.310850506945703],[80.64006660366151,7.311262156395613],[80.64013827131363,7.311430447963122],[80.6401246875712,7.311459994658804],[80.64016132390334,7.31151864341832],[80.64016191934408,7.31152034911282],[80.64017348340394,7.311553407577643],[80.64019951115544,7.311591140228515],[80.64023402909277,7.311631704099582],[80.64025949044179,7.311670568762857],[80.6402898459131,7.311695610828266],[80.64031680588282,7.31172362702263],[80.64031933564323,7.311726257497788],[80.64046209923549,7.311816165617246],[80.64049251321426,7.311854466571163],[80.64052406152415,7.311888528494342],[80.64054386294288,7.311924988704686],[80.64055913449323,7.311968795912524],[80.64057921392381,7.312017407318677],[80.6405869862551,7.312054995186868],[80.64059518165028,7.312095266248027],[80.6406016785901,7.312139353858698],[80.64061454535036,7.31218061744155],[80.6406169151811,7.312196994170173],[80.64062061815498,7.312222583430353],[80.64061777439596,7.312263983354042],[80.64061054353793,7.312304815863355],[80.6406187390859,7.312350599552176],[80.64062169737132,7.312394825359343],[80.6406212850979,7.312401400419107],[80.64061856937403,7.312444703033592],[80.64061303484569,7.31249175403764],[80.64061242936464,7.31264022948212],[80.64061211932795,7.312716132022789],[80.64062028494796,7.312855030830005],[80.64067136927969,7.312866067847433],[80.64070348374382,7.312900129928408],[80.64073276819964,7.312933060777605],[80.64077408590549,7.312948191335708],[80.64081328094116,7.312968268691071],[80.64084794620975,7.312989331275561],[80.6408826098626,7.313015764509723],[80.64091118577267,7.313049685345854],[80.64093177391739,7.313075518411682],[80.64094047000981,7.313086430529794],[80.64097504846409,7.313116117411906],[80.64097767888288,7.313118374436666],[80.64101007689463,7.313146362381159],[80.64104346575681,7.313183390028942],[80.64108095991968,7.313209400884109],[80.64112326661287,7.313233859588178],[80.64116217481752,7.313259161887682],[80.64120037876289,7.313283194331981],[80.64124367749737,7.313300728173467],[80.64128075320168,7.313308793002904],[80.64130937363163,7.313321313507885],[80.64132051426438,7.313326185610148],[80.64136225566075,7.313345131494426],[80.64139791276915,7.31336308715071],[80.64141634796246,7.313371191603156],[80.64140727702879,7.313380920087391],[80.64140555293852,7.313382637746101],[80.64143018603393,7.313399466955723],[80.64151163020264,7.31332832271531],[80.64161698415052,7.31326369568074],[80.64167596014785,7.313216961766529],[80.64169957425351,7.31319168361702],[80.64172198608897,7.313167691025381],[80.64173954692566,7.313158791602377],[80.641778872654,7.313138859855301],[80.6418233540856,7.313102520168953],[80.64182450095662,7.313101727437853],[80.64182453085115,7.313101707552117],[80.64183233427192,7.31309635640961],[80.64184782334634,7.313085733667624],[80.64191949496103,7.31306835536122],[80.64193438785361,7.313076633266547],[80.64195713288471,7.313089279485276],[80.64195685242068,7.313088252113925],[80.64195679090057,7.313088023307041],[80.64197227188451,7.31309535910316],[80.64201315672959,7.313125598507018],[80.64202242285133,7.313132451360344],[80.64208742515923,7.313180528981868],[80.64212710025288,7.313209874564272],[80.64223161741519,7.31328717742434],[80.64239937709216,7.313385526806223],[80.64278117697175,7.313609356423254],[80.64278525770737,7.313686930516501],[80.64278411997766,7.313705722491269],[80.64281216528899,7.313727581464099],[80.64282461936678,7.313735060118718],[80.64296722672283,7.313845610829811],[80.64296728741527,7.313964570947503],[80.64296383815302,7.313989979924799],[80.64296338414765,7.313990794567064],[80.64296337055468,7.313990818979212],[80.64296628224288,7.313994502160956],[80.64302513777051,7.314045341378966],[80.64304705281724,7.314056380352331],[80.64305800668649,7.314077272077007],[80.64310935279948,7.314107220578208],[80.64315092073193,7.314122155665586],[80.64318315988065,7.314133738456296],[80.64327191261793,7.314158813851377],[80.64329129165488,7.314163792332681],[80.6432979039924,7.314164789017529],[80.64330460730324,7.314164429275262],[80.64334138124431,7.314158110915178],[80.6433456375785,7.314156845243307],[80.64334926087054,7.314155399428385],[80.6433520699234,7.314153955181771],[80.64335587470653,7.314151333826985],[80.64340071864245,7.314114179316491],[80.64343224312212,7.314092304491641],[80.643471193926,7.31407838971671],[80.64354899504487,7.314077961399848],[80.64369372703877,7.314082706394079],[80.64382695487116,7.314095857069395],[80.64391969308247,7.314116865051894],[80.64398408766986,7.314119957692259],[80.64410228447171,7.314120082818749],[80.64422543858538,7.314116013403352],[80.64424602299229,7.31411533216705],[80.64431295978295,7.314103505416733],[80.64437482628306,7.314079649042664],[80.64450263254963,7.314046409015124],[80.6445620467031,7.314046065574547],[80.64464483362951,7.314030715724209],[80.64468825900202,7.31401861618191],[80.64471421802938,7.314011383917202],[80.64474520502797,7.313972054897075],[80.64478868882443,7.313936709358366],[80.64485817134381,7.313891515406158],[80.64493099610287,7.313873632357315],[80.64499086296047,7.313873738430233],[80.64509465547182,7.31388534554956],[80.64516103883547,7.313901370128487],[80.64521935653245,7.313933851563847],[80.64532557954506,7.313996732393682],[80.64535646227145,7.314007319902605],[80.64541189087664,7.31400833164557],[80.6473021335635,7.314203171673397],[80.6475143574386,7.314225045977519]]]]}},{"type":"Feature","properties":{"GND_N":"Meddegama","GND_NO":"272","GND_C":"250","PROVINCE_N":"CENTRAL","PROVINCE_C":"2","DISTRICT_N":"KANDY","DISTRICT_C":"1","DSD_N":"GANGAWATA KORALE","DSD_C":"30","Admin_Code":"2130250","GND_NO_Cen":"272","GND_NAME_C":"Meddegama","GND_NO_Gaz":"272","GND_NAME_G":"මැද්දේගma","shape_1":"Polygon","Area__Ha_":89.9874395356,"MWS_ID":"117","Alt_MWS":null,"Total_Pop":1895.0,"Density":2105.84944941,"Area_Sqkm":0.89987439536},"geometry":{"type":"MultiPolygon","coordinates":[[[[80.6579816417425,7.273162683432104],[80.65813271265253,7.273123566477926],[80.65830242791489,7.273125691529696],[80.6583734526968,7.273127504168316],[80.65845982606258,7.273129710544773],[80.65855871403267,7.273157588847607],[80.6586805993511,7.273207628567448],[80.65882892326576,7.273280554022289],[80.65895272165334,7.27328411290309],[80.65904373815012,7.273286669433337],[80.65911293105307,7.2732772825725],[80.65923728399729,7.273241232067463],[80.65930259932011,7.273167549012701],[80.65941637933295,7.273042511235097],[80.6594765122848,7.272969897513171],[80.65949521221744,7.272947316420527],[80.65952336810543,7.272913315491762],[80.65958678629555,7.272821090943909],[80.65968199753283,7.272708167802601],[80.65980156523351,7.272614694362134],[80.65993723164361,7.272604691452075],[80.65998722277075,7.272603980848197],[80.66009334278567,7.272590890241036],[80.66011818055921,7.272587827402176],[80.66021183804467,7.272536396473036],[80.66031049009928,7.272421394175844],[80.66040203075511,7.272325293624014],[80.66040823419772,7.272318780599384],[80.66049628314046,7.272235066301412],[80.66062328884422,7.27209076899114],[80.66063370664531,7.272078927066839],[80.66080772417136,7.271904078009402],[80.66095130560338,7.271752101853974],[80.66099169378329,7.271721202092435],[80.66106733872431,7.271663328648841],[80.66116870875804,7.27155311966144],[80.66124869049354,7.271464114784989],[80.66128529559514,7.271423380624261],[80.66134227854418,7.271349602906087],[80.66142634688215,7.271248072602235],[80.66144509879611,7.271230533842102],[80.66153359538474,7.271162009959552],[80.66158703817348,7.271120243704943],[80.66166505413918,7.270957849389325],[80.66167433415873,7.270943451586192],[80.6618091068313,7.270734343452292],[80.66191093112405,7.270595430860993],[80.66194834924393,7.270544383250845],[80.6620401152311,7.270442491237515],[80.66202716591643,7.270434258796784],[80.66195473527222,7.270360178853319],[80.66184464158766,7.270238792429182],[80.66169688707089,7.270065219868271],[80.66157185688358,7.269915795242955],[80.66146973948987,7.269772167559503],[80.66145143201122,7.269733846614952],[80.66140103894081,7.269628363849705],[80.66134872372993,7.269513866479405],[80.661255651119,7.269408853958987],[80.66110272836508,7.269261412497827],[80.66109527175745,7.269253053920131],[80.66100350100902,7.269150158657292],[80.66091930241194,7.269046593405496],[80.66089932876976,7.269014923177279],[80.66086625512598,7.268962480439516],[80.66084398860592,7.26891246670307],[80.66082434780812,7.268868331616806],[80.66082525901005,7.268821705885404],[80.6608281110252,7.268675625188715],[80.66083434121056,7.268394116639059],[80.66083645351148,7.268275652320805],[80.6608371842541,7.268254763061934],[80.66083908719712,7.268250333356638],[80.66084597132823,7.268244908376211],[80.6608642557734,7.268234704334879],[80.66087885017869,7.268226558455471],[80.66092640140812,7.268203240398885],[80.66099170281998,7.268180107714665],[80.66109048761528,7.268140204154797],[80.66112303275798,7.268127058406389],[80.66118304636345,7.268113989265014],[80.6611666957473,7.268083878085354],[80.66114926342155,7.268051769924812],[80.66114728328456,7.268046400562936],[80.6611285688722,7.268009663842872],[80.66112324013123,7.267999200584137],[80.66111645669915,7.267961331088319],[80.66105776309116,7.267876614439936],[80.66104742920142,7.267861699822705],[80.66099833390554,7.267835405519174],[80.66097756064622,7.267807277252698],[80.6608924535117,7.267794125080942],[80.66080254377081,7.267777783994353],[80.66080869342979,7.267758202836667],[80.66081784560947,7.267737134862179],[80.66081876843673,7.267715882121151],[80.66082176192216,7.26764697665121],[80.66082231668791,7.267602394555783],[80.66082311809588,7.267535322457529],[80.66082361319411,7.267493877380738],[80.66081756195092,7.267429580656943],[80.66080144732221,7.267408234048251],[80.66074901806252,7.26738362358882],[80.66074137687163,7.267374769398959],[80.66070311569389,7.267330439653892],[80.6606861157981,7.267289739783751],[80.66066926795659,7.267249404386664],[80.66069219199605,7.266973169466101],[80.6606926126005,7.266968081048978],[80.6607028753183,7.266857487161086],[80.66072553276352,7.266794914125921],[80.66073068812351,7.266782087873412],[80.66077147607805,7.266680623489283],[80.6608136229244,7.266538296614745],[80.66082822385225,7.266465413347223],[80.66082153674981,7.266429961077094],[80.66080107740392,7.266417618430911],[80.6607994445667,7.266414086703637],[80.66072207076137,7.266344395704325],[80.6607051501642,7.266308918215595],[80.66064915876602,7.266275507948898],[80.6605925068853,7.266222018317357],[80.66051055013749,7.266161620559952],[80.66044870536834,7.266108496732098],[80.66038345454028,7.266055516713799],[80.66032829159079,7.266016017029561],[80.66023258744136,7.265959796307757],[80.6601959491877,7.265930015394904],[80.66011537877802,7.26588476864887],[80.6599883637379,7.265863967809572],[80.65993200366972,7.265817230617218],[80.65992973446637,7.265809111184017],[80.65989862685004,7.265726625151396],[80.65989867881703,7.265721761812149],[80.65990841498058,7.265634409347769],[80.65991290009137,7.265625490434127],[80.65991515683214,7.265618696065254],[80.65992881285196,7.265537045345329],[80.6599288348475,7.265532514782619],[80.65991645799818,7.265447145207531],[80.6599164908163,7.26544278917846],[80.65989794425302,7.265398612731817],[80.65989591226824,7.265394228139149],[80.65987434067915,7.265329978055241],[80.65982883832213,7.26530365289931],[80.65976739921979,7.265279594352983],[80.65975633196055,7.265271393982804],[80.65974306113173,7.265270996294281],[80.65970965734206,7.265264193661561],[80.65969965116464,7.265246639431279],[80.65969843194917,7.265237087847617],[80.65968117278551,7.265131343921203],[80.6594722297257,7.26494119525729],[80.65933981162797,7.264862583337627],[80.65915492181078,7.264764143597709],[80.65898733286599,7.264599846817267],[80.6587922832947,7.264448466283794],[80.65864914729865,7.264353186853401],[80.65843232313696,7.264233745093393],[80.6583768994375,7.264198968292297],[80.65833623791931,7.264147890704668],[80.65832092847799,7.264016011008924],[80.65827958843529,7.263927691243716],[80.65821180125984,7.26376484894556],[80.65819786942178,7.263694938917406],[80.65816240547144,7.263587718886464],[80.65808915673966,7.263497188806918],[80.65797464313296,7.263332721914119],[80.65787527360362,7.263018350482807],[80.65761043847743,7.26271527302924],[80.65729426323048,7.262007576856371],[80.65729241958844,7.261917395448508],[80.65718553608586,7.261943398720265],[80.65670040215657,7.262345999720633],[80.6567014350809,7.262357708030994],[80.65666026507529,7.26246367630347],[80.65665415750577,7.262477814406656],[80.65664873599401,7.262490027425224],[80.65664827822182,7.262495104977498],[80.656431217191,7.262680199605259],[80.65642478517441,7.262695195804815],[80.65641671918796,7.26270427741727],[80.65641011501559,7.262719607259664],[80.65639738798563,7.26274520838883],[80.65639280481304,7.262761774045946],[80.6563920253539,7.262767572243946],[80.65638505054412,7.262783806292978],[80.65626865471364,7.262920563399063],[80.65625384306698,7.262928656626239],[80.65624391379838,7.262939348309476],[80.6562331338533,7.262944366157406],[80.65621395808854,7.262955737237985],[80.6559804455487,7.263105770090378],[80.65595252646489,7.263129262857558],[80.65587816501126,7.263158672821719],[80.655846489928,7.263173503151282],[80.65561976511451,7.26323727867292],[80.65559999025994,7.263236768808216],[80.65556787559191,7.263235940959638],[80.65554812428347,7.263235431098937],[80.6552464599363,7.263268319830436],[80.65498924740358,7.263271649479857],[80.6549658902935,7.263273193210216],[80.65494770070951,7.263274395590576],[80.65398532404208,7.263567117395005],[80.65393051214214,7.263619059449349],[80.65386968523765,7.263677311921493],[80.65377194360775,7.263745691671019],[80.65366588070528,7.263805714275348],[80.65357652933263,7.263874871239683],[80.6535066548827,7.263961153761],[80.65344711780861,7.26402150993651],[80.65336530585763,7.264109747020673],[80.6532437052796,7.264265843185393],[80.65314667637311,7.264343373649628],[80.65313637081503,7.264352043134638],[80.65308073473595,7.264423468106538],[80.65300223519881,7.264512392388877],[80.65291235143245,7.264630045133787],[80.65281580572973,7.264701899333665],[80.65263905530686,7.26491140392236],[80.65249289491194,7.2648984849273],[80.65225872554127,7.265038079959053],[80.652234735356,7.265055942459103],[80.65186943159372,7.265310141916224],[80.65178076807106,7.265362314953245],[80.65145539550008,7.265582846007091],[80.65144343760059,7.265599639271455],[80.65129216947673,7.265864579689593],[80.6512827185276,7.265903537246284],[80.65122232991405,7.26599555892114],[80.65118662338068,7.266063428897541],[80.65115441344933,7.26615087260823],[80.65083141332936,7.266659624757653],[80.65079204906782,7.266713774479805],[80.65076896907401,7.266779870051764],[80.6506036039406,7.267677303238634],[80.65059331376179,7.267734421694431],[80.65058636624939,7.267827301805408],[80.6503075218266,7.268302752080726],[80.64994569574284,7.268721533395805],[80.6499303962104,7.268740622617746],[80.64912296632149,7.268698858432164],[80.64809479160834,7.268570436929032],[80.64808720963967,7.268541989884126],[80.64807410746296,7.268763996564259],[80.64859699712326,7.268972618057305],[80.64907944879407,7.269256908852892],[80.64963706215926,7.269500950569309],[80.64998858948755,7.269444986325164],[80.65055786960615,7.269429667471159],[80.65105876174417,7.269190647446897],[80.6516143578228,7.268839468344058],[80.65188510011073,7.268743400694945],[80.65191503189929,7.268822453278916],[80.65257532802431,7.268513953229633],[80.65313916762652,7.26826982334876],[80.65365876296983,7.268063581101832],[80.6543649848843,7.267683548558341],[80.65481405389829,7.267611151132422],[80.65481398584569,7.267615007069948],[80.65481202703805,7.267725978310771],[80.65479887792621,7.267791356024272],[80.65475891929586,7.267868121693652],[80.65460075343368,7.268031577560668],[80.6545355290381,7.268103904425963],[80.65452563641672,7.268183028437311],[80.65453429485201,7.268311622],[80.65453440914068,7.268331119746174],[80.65453472849144,7.268386136830638],[80.65457761886495,7.268520618472766],[80.65464579212042,7.268595964461364],[80.65474538936714,7.268675842201816],[80.65476520061094,7.268686720875715],[80.6548752359313,7.268747135322451],[80.65501232308735,7.26884176231179],[80.65513727896887,7.268921285031455],[80.65515718748598,7.268971389742833],[80.65519319682072,7.269100352324159],[80.65519670146071,7.269161666932922],[80.65520554687713,7.269316484464439],[80.6551990827803,7.269443899278123],[80.6551951746162,7.269492640260209],[80.6551471455711,7.269611000914119],[80.65514671453404,7.269617601319272],[80.65514032536102,7.269715446289207],[80.65515407674708,7.269764825909342],[80.65526845925736,7.269761510547824],[80.65537561203791,7.269694303192908],[80.65546302061854,7.269639480426816],[80.65549743961503,7.269620137482006],[80.65562393775454,7.269683924673537],[80.65570541582275,7.269790203079076],[80.65576624260859,7.269907777978068],[80.65577643020728,7.270083578436879],[80.65577095488511,7.270242734616382],[80.6557423700565,7.270454966430139],[80.65574218727839,7.270464552011734],[80.65567123537964,7.270615371156488],[80.65557202624336,7.270775407572137],[80.65549846890019,7.270854514628192],[80.65536997890842,7.270960128460913],[80.6553428466129,7.270982431319341],[80.65515922572469,7.271164600559442],[80.6550781505815,7.271291059448319],[80.65506572556664,7.271310439894378],[80.65504579981186,7.271324221590965],[80.65501527259028,7.271345332550926],[80.65497750698194,7.271395599066067],[80.65492621818197,7.271463862139463],[80.65490389590722,7.271478426315289],[80.65478545757443,7.271555702664052],[80.65470257807887,7.271612109036594],[80.65463428121407,7.271657757180453],[80.65456001328802,7.271680707471049],[80.65443176989653,7.271706444768185],[80.6543458974187,7.271768819583782],[80.65433366991103,7.271777678477381],[80.654294715339,7.27182369618963],[80.65430484011503,7.271891431333536],[80.65430616520221,7.271894235034741],[80.65433048834872,7.271945663058656],[80.65446122717863,7.272046205370702],[80.654719081925,7.272212362857207],[80.65492121890479,7.272607024860818],[80.65568871781454,7.273110873300201],[80.6566232506718,7.273629791454533],[80.65673408779216,7.273766319184303],[80.65682731914143,7.273989487287016],[80.65719826346906,7.274310482918857],[80.65719848363483,7.274310118541994],[80.65727978089413,7.274175772907537],[80.65738641514753,7.274020532717291],[80.65738889155267,7.274015586821101],[80.6574537392757,7.273886079384054],[80.65752707203289,7.27375246409706],[80.65753646344247,7.273735354402802],[80.65759952778961,7.273613107136545],[80.65760442016713,7.273605694024793],[80.65765407143716,7.273520160716965],[80.65771146799986,7.273429944228627],[80.65774766213326,7.273373053044969],[80.65785999128308,7.273256880185695],[80.6579816417425,7.273162683432104]]]]}},{"type":"Feature","properties":{"GND_N":"Ulpathakumbura","GND_NO":"273","GND_C":"265","PROVINCE_N":"CENTRAL","PROVINCE_C":"2","DISTRICT_N":"KANDY","DISTRICT_C":"1","DSD_N":"GANGAWATA KORALE","DSD_C":"30","Admin_Code":"2130265","GND_NO_Cen":"273","GND_NAME_C":"Ulpathakumbura","GND_NO_Gaz":"273","GND_NAME_G":"උල්පතකුku","shape_1":"Polygon","Area__Ha_":139.105403896,"MWS_ID":"117","Alt_MWS":null,"Total_Pop":2755.0,"Density":1980.51256302,"Area_Sqkm":1.39105403896},"geometry":{"type":"MultiPolygon","coordinates":[[[[80.67536163651933,7.273222390366008],[80.67563688348214,7.273087800587914],[80.67599402475139,7.27291750963386],[80.67610737973746,7.272638225587849],[80.67639405391483,7.272169764750423],[80.67662550098146,7.27143542128806],[80.67663365959844,7.271387145840787],[80.67694916373081,7.270994314388274],[80.6773603824003,7.270779219511676],[80.67906685591267,7.270229837348223],[80.67905060429176,7.270163053618536],[80.67903123671053,7.270103274873126],[80.67898596928204,7.270042495828156],[80.67897820022877,7.270036746394076],[80.67895137979257,7.270016896553734],[80.67884724702854,7.269949684273759],[80.67879599580361,7.269911511557988],[80.67873442589865,7.269860585003824],[80.67871323458657,7.269854612023961],[80.67868787842846,7.269848006036303],[80.67866261207183,7.269844925953392],[80.67864758030882,7.26983723611762],[80.67862376537654,7.269818782249123],[80.67861226635225,7.269811635757071],[80.67861010035487,7.269776909962276],[80.67863538584167,7.269687298747333],[80.67865976206802,7.269622827929474],[80.67867064069283,7.26956730592107],[80.6786830662816,7.269485920206099],[80.6786814433563,7.269448392085579],[80.67867919115695,7.26939765916156],[80.67866896982456,7.269340957008717],[80.6784467846263,7.269079746573007],[80.67841554656799,7.269051796787605],[80.6783719876242,7.269044009444182],[80.67833657669144,7.269048342455464],[80.67830579645901,7.269059951602713],[80.67830117793812,7.268533091401429],[80.67838605647704,7.267890891901968],[80.67856076532314,7.26708530645411],[80.67869019713679,7.266476217654247],[80.67875024691757,7.266200028537852],[80.67874652277924,7.265416468660955],[80.67883419249165,7.265393879879634],[80.67890302380974,7.26537409038138],[80.67902809251441,7.265357298056421],[80.67909972792329,7.265357132561362],[80.67916718774484,7.265393860924444],[80.67923518782708,7.265453560564134],[80.67929621831406,7.265492005712095],[80.67942525536061,7.265555966808739],[80.67949977602034,7.265615396510875],[80.67955862886849,7.265669215258273],[80.67962744721946,7.265710105457785],[80.6796411199697,7.265719964400301],[80.67969545410155,7.265734263107507],[80.67964068690048,7.266584625132658],[80.67956271423618,7.267246741019995],[80.67984869519184,7.267786750147281],[80.68039577424756,7.267979797130222],[80.68132612867028,7.268164183838504],[80.68203187364851,7.268256458242214],[80.68310951469408,7.268546813130018],[80.68407292996545,7.26882660345603],[80.6840600059642,7.26864825639036],[80.68400595295932,7.26840801660231],[80.68390570125199,7.268146222307036],[80.68388425911247,7.26811800540805],[80.68386630705402,7.268117320804224],[80.68382340122416,7.268037914921775],[80.68379780710468,7.267990548500062],[80.68373626811925,7.267915366433851],[80.68369649947604,7.267822397500141],[80.68368549236169,7.267796664138669],[80.68366047128053,7.267675426004572],[80.68364040892062,7.267525647188474],[80.68355910448189,7.26739462560923],[80.68355868174872,7.267393685949179],[80.6834891824079,7.26723937638141],[80.68348891265505,7.267238778580141],[80.68320361715563,7.267484074453981],[80.68209165053547,7.266748226408088],[80.68176575731196,7.266881200893555],[80.68167498785213,7.266486933642537],[80.6816484384938,7.266271508935088],[80.68127765145972,7.264985750177002],[80.6820388460256,7.265022042438261],[80.68230739519342,7.265092757029788],[80.68251480383798,7.264986814456243],[80.68258897866336,7.264959882390502],[80.68256516410425,7.264944434638367],[80.68241344095223,7.264846018397413],[80.68236703801232,7.264623634585961],[80.68174282681521,7.264570398561348],[80.68005808206428,7.264723558056104],[80.67723188089364,7.26455374374505],[80.67600687173558,7.264408771951017],[80.67571816954899,7.264557628127595],[80.67534828163603,7.264781883318821],[80.67484513491982,7.264620267461805],[80.67443779677336,7.264602231990634],[80.67381538650055,7.26465925287257],[80.67343386057263,7.264651878670201],[80.67340191297046,7.264640529621127],[80.67288702955216,7.264660491669113],[80.6728876369443,7.264554813766317],[80.67298863728136,7.26444975649619],[80.67306009984138,7.264408718209988],[80.67313066989738,7.264310164071679],[80.67313638058879,7.264282945775936],[80.67315150944043,7.264264773582017],[80.67317107288761,7.26425148383731],[80.67322758876493,7.264235762677541],[80.67334016109199,7.264213451909279],[80.67342194394854,7.264188511641773],[80.67354140149017,7.26415896794143],[80.67359927477919,7.264139628012009],[80.67361847887783,7.264113497932386],[80.67362193406484,7.264056527467809],[80.6736347226579,7.263967096357204],[80.67343646845016,7.263912892566577],[80.67341358676836,7.263906635910974],[80.67336695341984,7.263908670865903],[80.67332900048721,7.26391032526621],[80.67321642782429,7.263930466604008],[80.67306708922635,7.263941464250275],[80.67302307529587,7.263945795797822],[80.67297643146156,7.263965951183692],[80.67291312000606,7.264004821888164],[80.67268270315508,7.264127392209548],[80.67286732161217,7.26388815512988],[80.67293852588838,7.263788156083161],[80.67298345634806,7.263739965935452],[80.67303843826578,7.263691599019736],[80.6730814731209,7.263659850512982],[80.6731304643002,7.263623706623865],[80.6732465872787,7.263522450812242],[80.67326344435551,7.26346304086588],[80.67325928367846,7.263440432282327],[80.673229764276,7.263428398309907],[80.67316591639675,7.263437246890925],[80.67309499914496,7.263470508294387],[80.67301855459677,7.263513084583077],[80.67294139417555,7.263525817709206],[80.67287238676967,7.263527700111488],[80.67275560271015,7.263525696646767],[80.67271693853351,7.263517092392209],[80.67271113633136,7.263516767325351],[80.67269552175193,7.26351264916788],[80.67261211586171,7.26350711203109],[80.67241831718412,7.263498116858329],[80.67227704440943,7.263484247693088],[80.67220505492229,7.263454208230168],[80.67218377840449,7.263430600067606],[80.67216105844493,7.263382938854953],[80.6721285559035,7.263339795112768],[80.67211516525383,7.263289694416009],[80.67207852942876,7.263176131451103],[80.6720653920107,7.263135408458961],[80.67202139591971,7.263062691276885],[80.67201474792195,7.263054332156601],[80.67195946987303,7.26298481632827],[80.67193484094781,7.262968443635333],[80.67190477602301,7.262962106576529],[80.6718225440958,7.262971493319998],[80.67175108709137,7.262989019473723],[80.67166368760518,7.263018478770356],[80.67159222590142,7.263060151663121],[80.67147574875165,7.263121617526753],[80.67140103055821,7.263147101663471],[80.67128936181463,7.263175019761609],[80.67120622504315,7.263180877583136],[80.67108179315505,7.263182838200312],[80.6710033675334,7.263176399427559],[80.67096877771735,7.26316029475697],[80.67094170488346,7.263134786149054],[80.6709257753216,7.263098973759554],[80.67091791390791,7.263020296451927],[80.67091459283118,7.262896768455777],[80.6708998528684,7.262800456496006],[80.6708680758858,7.262757313737583],[80.67082162615534,7.262725831296635],[80.67077281306294,7.262700898185699],[80.67075307937985,7.262690819630197],[80.67070789175999,7.262680139210583],[80.6707210393705,7.262610690705887],[80.67072004741343,7.262569354670988],[80.67071628588228,7.262412555361375],[80.67070941895278,7.262349072420946],[80.67067919934766,7.262225899879099],[80.67064423457491,7.26214052619959],[80.67061819677554,7.26207694655159],[80.67053010930537,7.261950775398727],[80.67052232848161,7.261938327627369],[80.67051921253143,7.261933341464365],[80.67044972106052,7.2618221653051],[80.67034985257591,7.261734694739302],[80.6702875938485,7.261683372609562],[80.67025767913337,7.261658711535246],[80.67024151363036,7.261648572299275],[80.6702211874559,7.261635823168234],[80.67018604383071,7.261664844058784],[80.67018262901057,7.261667678257635],[80.67011122483767,7.26172695143231],[80.6699772688998,7.26179881143337],[80.66981750887993,7.261837931286366],[80.66968012925497,7.261834643512547],[80.66957961268336,7.261803964820498],[80.6694941927481,7.261772962303006],[80.6694704061809,7.261764329626645],[80.66936798119224,7.261765661948441],[80.6692458059935,7.261800268931905],[80.66906593115357,7.261886136364246],[80.66895550734714,7.262011355646004],[80.66889815506576,7.262125194125796],[80.66889215265964,7.262140478179487],[80.66884287926071,7.262265980487522],[80.66874684718663,7.26242213217875],[80.66868341585811,7.262480848152579],[80.66867516843504,7.262488480341956],[80.66866824530894,7.26249489022452],[80.66862704260696,7.262533028568938],[80.66860454493353,7.262553855711281],[80.66853451026417,7.262591774687649],[80.6684608046584,7.262631681347712],[80.66825938265723,7.262684807470285],[80.66812952273446,7.262671301459767],[80.66797106297753,7.262573236929735],[80.66780598788351,7.262497417579878],[80.66764985644656,7.26251302468584],[80.667500955879,7.262583162184119],[80.66738303146883,7.262643270187493],[80.66725640666135,7.262722728203065],[80.6671753346854,7.262803824895546],[80.66710385424769,7.262921547345904],[80.66703726989037,7.263011511501598],[80.66696181370222,7.263088179314663],[80.66689378577146,7.263151824196613],[80.66687663914229,7.263281678308974],[80.66694669778268,7.263433981134599],[80.66699005271052,7.26352586810684],[80.6670282349469,7.263673279080892],[80.66703731174141,7.2637002910601],[80.66709022503686,7.263857772304652],[80.66716371503777,7.264048327132933],[80.66716816456673,7.264054849149607],[80.66724084625994,7.2641613838577],[80.66734149715717,7.264383958501234],[80.66741862902467,7.264494754432401],[80.66747939898528,7.264617492296972],[80.66749466389454,7.264648323728808],[80.66759903373088,7.264847294124634],[80.6676804153207,7.264986487120987],[80.66775707884297,7.265162754586306],[80.66777600054483,7.265220539703534],[80.66780740429951,7.26531644608421],[80.66781218970404,7.265331058994448],[80.66782060673731,7.265360361404576],[80.6678696491949,7.265532010282384],[80.66789334084984,7.265706741295154],[80.66789902985357,7.265748687951993],[80.66790759438369,7.265906943424429],[80.66790110795564,7.266055795043528],[80.66789885323585,7.266107516244421],[80.66786756458816,7.266290269759983],[80.66776673630889,7.266430231179427],[80.66772693763517,7.266529320843841],[80.6677021277925,7.266591092513597],[80.66765379914423,7.26670482535013],[80.66763461990818,7.266749961861549],[80.66759904106932,7.266797602982161],[80.66758382444175,7.266817976946879],[80.66754738044423,7.266866778079246],[80.66748660824906,7.266940097222149],[80.66746539785468,7.266965688489136],[80.66743385970915,7.266998944878567],[80.66743016020877,7.267002846971327],[80.66732971163046,7.267095493318814],[80.66730993206374,7.267113737442243],[80.66726421332285,7.267155906858607],[80.66722713988555,7.267174566415282],[80.66700453888289,7.267286606847829],[80.6667538803238,7.267411286192171],[80.66674468533193,7.267415859753901],[80.66653164794782,7.26755950139722],[80.66636533287355,7.267734892671545],[80.66634069395212,7.267759397885745],[80.66619078451056,7.267873664757234],[80.66609279326573,7.267988935324072],[80.6660356075261,7.2680562053342],[80.66582472973914,7.268254559428244],[80.66566973774275,7.26841648357005],[80.66556520835252,7.268514041604815],[80.66544074244734,7.268630204432458],[80.66538902263197,7.268668986465947],[80.66541789559385,7.268732475749473],[80.66543554558869,7.268775705851423],[80.66544042946562,7.268802202281206],[80.66544167815536,7.268825033577401],[80.66544322436891,7.268853297107031],[80.66544728076312,7.268926728577061],[80.66545379620703,7.268951054169165],[80.66546927686261,7.268973668295806],[80.66552504779004,7.269033725982127],[80.66554342762787,7.269055252031647],[80.66557276855944,7.269060777271848],[80.66562212584702,7.269054367859395],[80.66562873802191,7.269053556504065],[80.66570155482768,7.269035306415185],[80.66576703152171,7.26903559458717],[80.66579365413992,7.269046994420209],[80.6658191593219,7.269083889957098],[80.66583366866037,7.269104880607047],[80.6659058345319,7.269196963686963],[80.66591107556955,7.269203649587014],[80.66592006390701,7.269211082451548],[80.66595263542645,7.269238023303167],[80.6660265230655,7.269285065155285],[80.6660965643826,7.269343823141128],[80.6660971474866,7.269344313416309],[80.66616740714193,7.269417670545814],[80.66618283273117,7.269436055200085],[80.66623213885399,7.269494822594496],[80.6663636894588,7.269646869120943],[80.66642145255824,7.269716061567164],[80.66642660905056,7.269724127410356],[80.66642833361495,7.269726824466308],[80.66642851383459,7.269726825414311],[80.66650467110541,7.269755238150645],[80.66661433481524,7.269783569460562],[80.66668949933961,7.269797876574957],[80.66675732087656,7.269831532222075],[80.66689087229301,7.269953645678194],[80.66692371512897,7.269986324342073],[80.6670042296222,7.270066439881962],[80.66708553370195,7.270150921582982],[80.66715633889953,7.270216500764167],[80.66719056486127,7.270244631991791],[80.66729714637904,7.270290054666456],[80.66735256934243,7.270307574439548],[80.66745860675961,7.270341095386446],[80.66753721087849,7.270363360168449],[80.66755188283013,7.270367704354871],[80.66762777075456,7.270383367042126],[80.66770664431036,7.270407530900276],[80.66777310760905,7.27044480419604],[80.66782815445625,7.270505135433123],[80.66786934424113,7.270580744294744],[80.66789069756275,7.270658339686067],[80.66789086699154,7.270737266570443],[80.66789094197067,7.270772011798409],[80.66788340421391,7.270859635348585],[80.667885557893,7.270938492171288],[80.66790682265551,7.271015363191344],[80.66795009450459,7.271087356226938],[80.66803039973318,7.271188205442733],[80.66812301416667,7.271319983913076],[80.66822007001043,7.271436029420302],[80.6682414399926,7.271463326445449],[80.66826361664776,7.271491655474051],[80.66832030028007,7.271536341659719],[80.66841086105858,7.271542331651371],[80.6684640242164,7.271535199395918],[80.66851338499545,7.271518935461159],[80.66855169890759,7.27148738342478],[80.66856456635239,7.271463602357438],[80.66858658480862,7.271411068372829],[80.66861675398015,7.271369748803304],[80.66863849105856,7.271357816238583],[80.66871003814846,7.271344540856748],[80.66873278687852,7.271343740523338],[80.66880956689867,7.27134103859907],[80.66886870484531,7.271343764638893],[80.668944592466,7.271361597440162],[80.66901730750659,7.271391548069968],[80.66907589359934,7.271426195017638],[80.66925049275345,7.271461233823688],[80.6693390588675,7.271473010711134],[80.66940715786737,7.27149183542758],[80.66948512477997,7.271533001509736],[80.66967608791066,7.271671403371294],[80.66977406044302,7.271742595233549],[80.66982503777749,7.271783845340322],[80.66986188476288,7.271831872600867],[80.66990162558164,7.27190540103764],[80.66996146974047,7.271986170440256],[80.67001733170255,7.272052196918966],[80.67004113930638,7.272093076190603],[80.67005067809916,7.272109461723607],[80.67010736469564,7.27215803800934],[80.67018490244044,7.272319015253157],[80.67021879144698,7.272379730096342],[80.67025687326205,7.272430072635009],[80.67032440981157,7.272534805162435],[80.67038116871619,7.272630675682513],[80.67043431416641,7.272699505724654],[80.6704774955973,7.272769418598645],[80.6704888023268,7.272924475197112],[80.67048887093502,7.2729254138818],[80.67048939624621,7.272998662715226],[80.67046782480261,7.273068831748117],[80.67043412097138,7.273137279764149],[80.67043067180717,7.273166487107045],[80.67043908875864,7.273189730618931],[80.67046009718295,7.273203392344163],[80.67049016312589,7.273208189473586],[80.67058760893795,7.27320631409376],[80.67064176564482,7.273211209074944],[80.67066295330376,7.27322911925788],[80.67069980123085,7.273277871702992],[80.6707506889361,7.273316225196387],[80.67087936833666,7.273364635489907],[80.67095335231177,7.273388163733516],[80.67102688263144,7.273423088816453],[80.67103404795547,7.273427231294937],[80.6711021307624,7.273466603376112],[80.67128459542388,7.273556080592132],[80.67139697309558,7.273606295569426],[80.67145691802577,7.273637417546036],[80.67152564045847,7.27370724489836],[80.67168210422835,7.273833069907334],[80.67178121770674,7.273912239382581],[80.67188945744145,7.273998696926636],[80.67198504642431,7.274065378900662],[80.67200409069868,7.274078663007304],[80.67203949785625,7.27410046581744],[80.6720859433494,7.274159618060335],[80.67209507393525,7.274230426343853],[80.67210121484977,7.274301958287418],[80.67214900816607,7.274407322630973],[80.67218540214324,7.274466019494545],[80.67221000179036,7.274608181904714],[80.67222346281508,7.274652998740091],[80.6723461727981,7.274626666436814],[80.6725687568017,7.274531841414086],[80.67295673870314,7.274339513905055],[80.67306069604327,7.274287211814008],[80.67346652428411,7.274097616217848],[80.67432530386296,7.273729301566004],[80.67435110369965,7.273728917619649],[80.67460478032794,7.273596605184562],[80.67494085722372,7.273390377777686],[80.67532819776469,7.273222408232165],[80.67536163651933,7.273222390366008]]]]}},{"type":"Feature","properties":{"GND_N":"Thennakumbura","GND_NO":"275","GND_C":"240","PROVINCE_N":"CENTRAL","PROVINCE_C":"2","DISTRICT_N":"KANDY","DISTRICT_C":"1","DSD_N":"GANGAWATA KORALE","DSD_C":"30","Admin_Code":"2130240","GND_NO_Cen":"275","GND_NAME_C":"Thennakumbura","GND_NO_Gaz":"275","GND_NAME_G":"තැන්නේකum","shape_1":"Polygon","Area__Ha_":132.47871873,"MWS_ID":"117","Alt_MWS":null,"Total_Pop":5767.0,"Density":4353.15200455,"Area_Sqkm":1.3247871873},"geometry":{"type":"MultiPolygon","coordinates":[[[[80.66588966568406,7.284774578108621],[80.66670964002479,7.283697432572848],[80.66710091773331,7.282986336890768],[80.66743444174583,7.281955850055397],[80.66744202003278,7.281941706746101],[80.66761460663832,7.28091507218107],[80.66763634162784,7.28086872455274],[80.66824661119162,7.279306523334482],[80.66826057741865,7.279286573184622],[80.66867804902363,7.278788426049188],[80.66869012943333,7.278780823718572],[80.6699926493356,7.278056705613086],[80.66994834804005,7.277891021129959],[80.66992297615218,7.277796131884356],[80.66985917152985,7.277512881365572],[80.66981416101883,7.277305810282938],[80.6697884333002,7.277203130357926],[80.66976808117364,7.277109446817004],[80.66976711937922,7.277105619572377],[80.66971820424553,7.277050147943209],[80.66971136771029,7.276942106315557],[80.66969353845296,7.276815083451805],[80.66973330979982,7.276703474462822],[80.6697370620499,7.276691216588918],[80.66974497979827,7.276677038951881],[80.66977535864336,7.276546544052172],[80.66978051355358,7.276531192880753],[80.66980299545051,7.276388074736174],[80.66971064175925,7.276219559291436],[80.6692060509939,7.275782461984671],[80.66919554640499,7.275775140959962],[80.66906034584375,7.275688861777595],[80.66896741911097,7.27556685354425],[80.66896000831815,7.275555204339885],[80.66881002638969,7.275475011168253],[80.66868028465821,7.275428925001873],[80.6685994442296,7.275316630897111],[80.66860148561598,7.275297328994081],[80.66860174562413,7.275285564048834],[80.6686014397487,7.275284598178422],[80.6685693522612,7.275314135995183],[80.6685587574546,7.275309248418928],[80.6685496126839,7.275300113667294],[80.66853675652342,7.275279944607766],[80.66854083660293,7.275260231731499],[80.66858125738507,7.275171598667971],[80.66859728832702,7.27513644581882],[80.66864259715643,7.275023599338433],[80.66866707081559,7.274929919165122],[80.66865740213778,7.274842923635437],[80.66864681324942,7.274813259011518],[80.66864147354502,7.274802135695416],[80.66862354211389,7.274797519476372],[80.66857725164556,7.274845617488912],[80.66845524044447,7.2749406308939],[80.66832670267719,7.27505282450223],[80.66832064627953,7.275062048776806],[80.66824398776306,7.27517877444553],[80.66822904167378,7.275195318754049],[80.66816744860012,7.275235636047642],[80.66815966010877,7.275235635091794],[80.66815631247428,7.275222159244685],[80.66816529133914,7.27516392505684],[80.66817254252874,7.275142312092398],[80.66822361078582,7.275027926095188],[80.66820566979337,7.275021617902785],[80.66804077651622,7.275131641458796],[80.66801804633086,7.275133618259794],[80.66779761314164,7.275299037913894],[80.66751160508802,7.275431052960652],[80.66744388442584,7.275467365324009],[80.66711239314876,7.275797826114457],[80.66684146877753,7.275922965318601],[80.66666471974631,7.276041548356092],[80.66648293704561,7.276134189213316],[80.66629060431868,7.276353771934684],[80.66620338704526,7.276396447484156],[80.66603093092958,7.276572182470145],[80.66577949496916,7.276431979232113],[80.66571180954303,7.276448981719158],[80.66559363332259,7.276545159109282],[80.66544605132219,7.276451468669298],[80.66537568167324,7.276445905331225],[80.66528379652185,7.276452175864812],[80.66516394132205,7.276540308034478],[80.66500680890043,7.276709549859188],[80.66504843700964,7.276811206660006],[80.66478178308282,7.277128166782489],[80.66470690589864,7.277119175818145],[80.66442527328809,7.277439122563132],[80.66432347134702,7.277298529552287],[80.66429355078421,7.277166926821834],[80.6644256711899,7.277017651547776],[80.66441570995414,7.276999704062664],[80.66441142485857,7.276778884445763],[80.66433737170803,7.276588015332291],[80.66427074226915,7.276403990012981],[80.66418843128966,7.276090427281245],[80.6641709007934,7.276086860883289],[80.66414795846569,7.276082192605148],[80.66411424317062,7.276108199291365],[80.66391085280124,7.276260505207021],[80.6639020509615,7.276271094239111],[80.66373645612227,7.27640297035965],[80.66364694117398,7.27646669796056],[80.6635343642732,7.276703540800594],[80.66352411039487,7.276740614739914],[80.66330627881364,7.276919326993972],[80.66328765461368,7.276921651833801],[80.66310282753281,7.277127801594466],[80.66285739328376,7.277191776681679],[80.6624676962811,7.277364203002527],[80.66224243916594,7.277264808433433],[80.66183990428965,7.277494751984077],[80.66183673128293,7.277507592307638],[80.66183182688928,7.277562482359101],[80.66181751185756,7.277585629841909],[80.6617903369685,7.277607687096986],[80.66169215141211,7.277662192721416],[80.66166163266384,7.277681525356315],[80.66164746521684,7.27769050241729],[80.661622949129,7.27770603396897],[80.66146562845,7.277839581580348],[80.66147347937442,7.277854211603578],[80.66145951501441,7.277929897452819],[80.66142381445923,7.277997802574186],[80.66139092577231,7.278052052502391],[80.6613691630265,7.278159207072482],[80.66159641922759,7.278732139875018],[80.66155914931164,7.278966780284493],[80.66156646936656,7.278975006790422],[80.66170439995201,7.279057756668036],[80.6617162197976,7.279074567969974],[80.66184035963401,7.279237959292439],[80.66206519979818,7.279338673341206],[80.66220726960736,7.279438483817998],[80.66213534212385,7.279603556424934],[80.66253067703067,7.279754393612794],[80.66213898592437,7.280450299292595],[80.6621125959162,7.281159941082916],[80.66237353797518,7.281451330369825],[80.66232675128926,7.28154037268413],[80.66223008370727,7.281677259116716],[80.66214847028554,7.281737103488278],[80.66214004588382,7.28174080901093],[80.66160918345905,7.282037822857665],[80.66159911070781,7.282048859148355],[80.66117571475017,7.282162454319293],[80.6606591669235,7.282208435767076],[80.66040453856851,7.282231850869891],[80.65963857569487,7.282428518341884],[80.65904976392345,7.282804145264452],[80.6589979864723,7.282882044894351],[80.65898326633526,7.282908525438136],[80.65871592907763,7.283329085042365],[80.6585715818064,7.283681126620141],[80.6583863506911,7.284145894387108],[80.65838325242792,7.284166726036862],[80.65791456279322,7.284707853201076],[80.65782567977536,7.284756121579715],[80.65779318962032,7.284768754335877],[80.6575311738434,7.284717344632489],[80.65750426224989,7.284713861418721],[80.65705688890787,7.284441392572514],[80.65671439390859,7.284223183964496],[80.65626136340896,7.284068258828195],[80.65578807552407,7.28390654918089],[80.6555029833844,7.283926517032272],[80.65550206259552,7.28404048443474],[80.65519530802634,7.284667255198064],[80.65519479425956,7.284688451949813],[80.6553104274538,7.284992968436814],[80.65566908927292,7.285552929797081],[80.65566933190581,7.285553242751044],[80.65573498635706,7.285554678209408],[80.65574512808064,7.285557484256097],[80.65592108594167,7.2856045549469],[80.6561051705629,7.285735638488893],[80.65629876550163,7.285867175728662],[80.65634220342122,7.285915685989629],[80.65635652307948,7.285931676981113],[80.65640632590933,7.285987294946207],[80.65646333961054,7.286148548391649],[80.65647571594084,7.286262571762282],[80.65648240236108,7.286324169305563],[80.65651017775585,7.286430974077934],[80.65652564685641,7.286497579270304],[80.65652891791107,7.28650852854682],[80.65653612366528,7.286541425422212],[80.65655622368963,7.286624055204638],[80.65665680532767,7.286764611595755],[80.65666058183317,7.286870777897914],[80.65666006592191,7.286941244754797],[80.65665983006213,7.286973415310977],[80.65662195674007,7.287036164896332],[80.65652058030341,7.287101927077076],[80.65646742417174,7.287136410383567],[80.65640645423575,7.287207382090179],[80.65632791502433,7.28727952562569],[80.65633231682868,7.28740775711251],[80.65633653777972,7.287548557472921],[80.656317679521,7.287771747372619],[80.65631318867509,7.287824906599322],[80.6562686009336,7.287937571048281],[80.65626453287477,7.28794028649749],[80.65618272693104,7.28799488021127],[80.65617557066233,7.288000600745727],[80.65603561574653,7.288112491053968],[80.65597574849029,7.288248731133478],[80.655298272813,7.288295367018534],[80.65506443540272,7.288320060590983],[80.65500008311908,7.288415386810793],[80.65484355838491,7.288508093815826],[80.65480230344554,7.288525250035938],[80.65463073677478,7.288596601401084],[80.65482682215453,7.28876176557609],[80.65491277255911,7.288828823815717],[80.65498256628663,7.288887775139443],[80.65506710055466,7.288977368225118],[80.65517915491637,7.289028052853203],[80.65573525964683,7.289540563890332],[80.65597964966983,7.289827586372106],[80.65604257688032,7.289890080577701],[80.65615066120093,7.290062781646497],[80.65611424235034,7.29015834061437],[80.65591160211646,7.29044873102146],[80.6557590732104,7.290718802330173],[80.65580127126518,7.290890723569341],[80.65589474124185,7.291170695657367],[80.65617403715238,7.291415586766461],[80.65646998557777,7.291638017403915],[80.65675052405811,7.291943240030527],[80.65749279176417,7.293069605270784],[80.65834332689832,7.292100016442724],[80.65982562775518,7.290972324242833],[80.65994674052287,7.290880184254459],[80.66108283786114,7.289825321573061],[80.66143516783312,7.289502403766515],[80.66211832783968,7.288598157841392],[80.6634413969437,7.287234683534256],[80.66350745585697,7.287166357222775],[80.66462783718741,7.2860075513884],[80.66588966568406,7.284774578108621]]]]}},{"type":"Feature","properties":{"GND_N":"Siyambalagasthenna","GND_NO":"226","GND_C":"010","PROVINCE_N":"CENTRAL","PROVINCE_C":"2","DISTRICT_N":"KANDY","DISTRICT_C":"1","DSD_N":"GANGAWATA KORALE","DSD_C":"30","Admin_Code":"2130010","GND_NO_Cen":"226","GND_NAME_C":"Siyambalagasthenna","GND_NO_Gaz":"226","GND_NAME_G":"සියඹලාගla","shape_1":"Polygon","Area__Ha_":35.7945831355,"MWS_ID":"117","Alt_MWS":null,"Total_Pop":4101.0,"Density":11457.0408167,"Area_Sqkm":0.35794583136},"geometry":{"type":"MultiPolygon","coordinates":[[[[80.6281540908675,7.326814325959113],[80.62830029477584,7.326726199261727],[80.62840493262577,7.326733435533797],[80.62840754176698,7.326728847061371],[80.62848472483518,7.326714005713191],[80.6286230134742,7.326710849906068],[80.62879427748895,7.326729503059343],[80.62890264224737,7.326770491684547],[80.62890758045639,7.326772914117872],[80.62901875642717,7.326789782297077],[80.6291255051746,7.326850711997855],[80.62920485031184,7.326838432215568],[80.62926962250663,7.326857971836485],[80.62926964162966,7.326860421595648],[80.62938547119407,7.326935773292003],[80.62942860403085,7.326903734408641],[80.6295590295764,7.326721936398335],[80.62998700526425,7.326076543724597],[80.63266152770665,7.32691303374805],[80.6327431083958,7.326735869109926],[80.63283747079423,7.326505031894684],[80.63286295177315,7.326446256792092],[80.63293097050587,7.326289370371978],[80.63300727160245,7.326301527698988],[80.63317392579796,7.326304925765013],[80.63324185633101,7.326304857846952],[80.63332382991317,7.326294845254496],[80.63337364890114,7.326284552950198],[80.63360343074415,7.326298460809697],[80.63368141164166,7.326306082578054],[80.6337468918206,7.326326991798858],[80.63378484605303,7.326312445470738],[80.63381999856674,7.326281619916178],[80.63384029804529,7.326244459543037],[80.63383606843314,7.326161171107664],[80.6338033899757,7.326099307421824],[80.63376455524386,7.326031653347548],[80.63375759335237,7.325992946122089],[80.63375617016854,7.325914001031613],[80.63376151963556,7.325896367937881],[80.63376333181792,7.325891304422167],[80.6337654178066,7.325888231361377],[80.6334588656338,7.324142614647243],[80.63301565665752,7.324150647720765],[80.6330465846227,7.324020799827954],[80.63306318224124,7.323927151093979],[80.63307044755378,7.323886156883583],[80.63309122499818,7.323778733344215],[80.63316542867628,7.323697911464994],[80.63327105393257,7.323645948597971],[80.63334398042947,7.323602203561728],[80.63338347457834,7.323589284589858],[80.63352477044042,7.323585350512978],[80.63365610826737,7.323562693282637],[80.63371968308819,7.323558581674788],[80.63373168391435,7.323550528147385],[80.63375441325208,7.323459544494493],[80.63381214594081,7.32333892800462],[80.63386162743372,7.323258021311489],[80.6339044890867,7.32318793972413],[80.63397163293804,7.323096626473989],[80.63404793151084,7.322986597057578],[80.63409607635049,7.322944775649967],[80.63413753231073,7.322908764976737],[80.63419645964821,7.322844825026348],[80.63421418459772,7.322825593408214],[80.63426201971151,7.322783558468912],[80.63431024609243,7.322732940013982],[80.63397635996324,7.322494204652666],[80.63400099345161,7.322461903543004],[80.63404807728463,7.32234688489312],[80.63408010929514,7.322284384241409],[80.6340645229654,7.322094513892621],[80.63406531746746,7.322088246427022],[80.6340145075332,7.321968916771239],[80.63398241707914,7.321895901426507],[80.63375161865774,7.321930040847114],[80.6337581672291,7.321909662668527],[80.6337837698702,7.321714702375451],[80.6338076374572,7.32156712875992],[80.63380978316854,7.321373065337652],[80.63380595094065,7.321276352648245],[80.63380313315818,7.321205225694747],[80.63377566523359,7.320996594537212],[80.63376539534386,7.320950414010166],[80.63376454336245,7.3209465867345],[80.63373234268089,7.320801793271534],[80.63365695456947,7.320612951139064],[80.6335776286438,7.320431929053008],[80.63355866558881,7.320388653095563],[80.63353867671121,7.320361316943],[80.63345853472853,7.320251710017235],[80.63336156927019,7.32015229193266],[80.63330334275152,7.320092594937648],[80.63324821543019,7.320025055908912],[80.63323366245048,7.320007225683993],[80.63318410591387,7.319946511376158],[80.6330464743997,7.319824205977658],[80.63296742991704,7.319747224722041],[80.63284336651077,7.319675293202103],[80.63270644947224,7.31959078865617],[80.63252577272318,7.319536110254562],[80.63245245046306,7.319525055255461],[80.63243300808837,7.319310459993494],[80.63224451905114,7.31933933467857],[80.63220557090675,7.319339684840999],[80.63214443545543,7.319339212216735],[80.63199363511114,7.319332563411256],[80.63174665046026,7.319308519280273],[80.63170055262525,7.319297291134391],[80.63158898145417,7.319250232493167],[80.63146401482004,7.319180108007739],[80.63139428369932,7.319152685223417],[80.63130724727111,7.319138097039578],[80.63119874190853,7.31913634572162],[80.6311659548206,7.319135791669291],[80.63112112515158,7.319124202152613],[80.6310686005334,7.319103927946773],[80.63104079970773,7.319088637180673],[80.63094418200104,7.319014182856684],[80.6308997231941,7.318976186917194],[80.6308749121809,7.318960897106448],[80.6308536285805,7.318955192225658],[80.6307938544148,7.318943779614047],[80.63069938966217,7.31893642332874],[80.63069660467806,7.318936050760115],[80.6306095456365,7.318924367957321],[80.63054433619216,7.318915846416013],[80.6303604745086,7.318914249550265],[80.63028032393252,7.318895504516531],[80.63020631975908,7.31886518097255],[80.63021631316334,7.318916399353509],[80.63021858365104,7.318928039360002],[80.63022652177486,7.318968716530814],[80.63023096906872,7.319124017357085],[80.63033473336051,7.319177415670216],[80.63049381632082,7.319243104157663],[80.63061336048924,7.319267795931351],[80.63079039219592,7.319286297318136],[80.63076712303933,7.319795154949662],[80.63073679592955,7.319797175303569],[80.63071762656439,7.319796111072409],[80.63056178916307,7.31979840460644],[80.63031434133327,7.319816707994314],[80.63022298993586,7.31983272158459],[80.63003657891383,7.319934727808592],[80.62989320450629,7.320052914154605],[80.63005595293649,7.320169400434598],[80.62997680512133,7.320374661184644],[80.62980282380539,7.320377476666998],[80.62952678515474,7.320294122263754],[80.62946043052597,7.320507572827615],[80.62967673697145,7.320694827475097],[80.62969745260177,7.320709291294797],[80.62974031510444,7.320887406589552],[80.62978378849645,7.320992186818724],[80.62959681258235,7.321160806243947],[80.62946374117105,7.321376100624794],[80.63040337961445,7.322148803782037],[80.63044299028184,7.322203589274879],[80.63052438780505,7.322316915616128],[80.63061195839364,7.322320043916666],[80.63061439191873,7.322415426839719],[80.63063499420558,7.322558945296684],[80.63064128357041,7.322715301109572],[80.63063545641151,7.322764510421862],[80.63062357321586,7.322864865986098],[80.63062346729754,7.322873072490363],[80.6306222008987,7.322971264783351],[80.63062180792382,7.323001597650214],[80.63062460115728,7.323049164827019],[80.63059818095464,7.32304903238493],[80.63045006569313,7.323048294426211],[80.63042370594104,7.323057237565871],[80.63039326105809,7.323097649984808],[80.63035520866714,7.323130464704136],[80.63030819265082,7.323156402010553],[80.63029125106982,7.323172584419926],[80.63028300083607,7.323194555371218],[80.63028081091568,7.323244201730562],[80.63027714085514,7.3233889783435],[80.63027212581174,7.323494690492917],[80.63028170217092,7.323566946404056],[80.63030142581401,7.323632605108753],[80.63031245461576,7.323697627980683],[80.63033630872683,7.323870900832472],[80.63033583172405,7.32394785584941],[80.63034359709489,7.324021469431892],[80.63036748417785,7.324096262026297],[80.63040992858386,7.324202622574437],[80.63042910494853,7.324280217877631],[80.63042717758215,7.324358077629403],[80.63041600271212,7.324460801775155],[80.63041564169838,7.324465218267576],[80.6304046366464,7.324599970120516],[80.6304020909654,7.324629539960326],[80.63040208991231,7.32462999301514],[80.63008306914224,7.324592300351475],[80.62986441204326,7.324538395261203],[80.62978956798139,7.32440079496279],[80.6296427989164,7.324361866700276],[80.62960687148379,7.324308020102093],[80.62934288096909,7.324233919584578],[80.6289771353075,7.324061648082382],[80.62853776441426,7.325165465489069],[80.62836949056657,7.32508999777133],[80.627926229195,7.326025612213678],[80.6279171704799,7.326037817296666],[80.62792790685987,7.326241163889053],[80.62792892488419,7.326260408665653],[80.62793273679921,7.326332624729886],[80.62794435471857,7.326370976371903],[80.62795101188551,7.326392947668529],[80.62797244484109,7.326492971388666],[80.62797495698919,7.326557086290419],[80.62798032940248,7.326604965401333],[80.62798579483528,7.326653669265766],[80.62799156069552,7.326747033967855],[80.62799498237727,7.326802430797875],[80.62799440801975,7.326890418240854],[80.6279924098262,7.326907237590035],[80.62798941517588,7.326927222570236],[80.62798614900417,7.326943860641],[80.62798400994456,7.326953903108199],[80.62797952499233,7.326974966428568],[80.6279780720241,7.326991876387539],[80.62797663506839,7.327006927107886],[80.62797332124265,7.327041669278769],[80.62806098489482,7.326922166700177],[80.6281540908675,7.326814325959113]]]]}},{"type":"Feature","properties":{"GND_N":"Boowelikada2","GND_NO":"220","GND_C":"135","PROVINCE_N":"CENTRAL","PROVINCE_C":"2","DISTRICT_N":"KANDY","DISTRICT_C":"1","DSD_N":"GANGAWATA KORALE","DSD_C":"30","Admin_Code":"2130135","GND_NO_Cen":"220","GND_NAME_C":"Boowelikada","GND_NO_Gaz":"220","GND_NAME_G":"බූවැලිකka","shape_1":"Polygon","Area__Ha_":92.8001627108,"MWS_ID":"117","Alt_MWS":null,"Total_Pop":1698.0,"Density":1829.73817114,"Area_Sqkm":0.92800162711},"geometry":{"type":"MultiPolygon","coordinates":[[[[80.64197502605418,7.29940490115073],[80.6421487402374,7.299256241062623],[80.64226136765804,7.299204759985797],[80.64242839421102,7.299143984310478],[80.64257439716184,7.29902488202594],[80.6427872111099,7.298772873219771],[80.64280553693618,7.298753892793896],[80.64302466542757,7.29865356631869],[80.6430924001501,7.298630900055462],[80.64339256566616,7.298493377086589],[80.6436564357792,7.298312583194393],[80.64369256651389,7.298274750526674],[80.64394288377744,7.298075312077509],[80.64397619604632,7.298040340679479],[80.6442400309348,7.297857521688838],[80.64432170067252,7.297787320090181],[80.64457870628519,7.297642124245286],[80.6446103098125,7.29762448688963],[80.64484650559507,7.297453724685578],[80.64487805563388,7.297451700091602],[80.64513005587074,7.297279247669989],[80.64519255267763,7.297213210080508],[80.64542702974128,7.297121042779188],[80.64548945043167,7.297101668081534],[80.64583325005134,7.296970044913413],[80.64587970775254,7.296967391543465],[80.6460970607165,7.296985237394337],[80.64637487288978,7.297111472256816],[80.64662759740382,7.297273764269041],[80.64692604470443,7.29739464039456],[80.6469709784618,7.297428839551865],[80.64718217770506,7.297600991641907],[80.64743541410722,7.297780474161794],[80.64755472847602,7.297920965504892],[80.64755369435744,7.297977359376946],[80.64767106932952,7.298036906846041],[80.64767757590312,7.298020563416249],[80.64772617533714,7.297898510771752],[80.64785679841881,7.297679569076672],[80.6478724478464,7.297647365858599],[80.64794781217019,7.297429149035998],[80.64803702719195,7.297181703619853],[80.64818953078475,7.296868663501899],[80.64821605911084,7.29685588508118],[80.64838887214663,7.296537207794093],[80.64841581155167,7.29650875156842],[80.648672762916,7.296435984427444],[80.64880941207808,7.296461270276127],[80.64891835531733,7.296269819279559],[80.64902474410273,7.296102008739936],[80.64911155719929,7.295979973024851],[80.64916125287964,7.295912146169232],[80.64930799869228,7.295753470435106],[80.64937622181913,7.295550615448101],[80.64939353486893,7.295428173997835],[80.64937855683681,7.295424680081518],[80.6492955097711,7.295405305544102],[80.64924462083958,7.295372373677897],[80.64923221627419,7.295364141930232],[80.64922189660815,7.295342977419704],[80.649218101335,7.295312591753093],[80.6492040978581,7.295190236448486],[80.64915976236814,7.294442252798996],[80.6491594802387,7.294437480709656],[80.64915876252789,7.294410080109533],[80.64915796417985,7.294353922633177],[80.64916485887221,7.294309795463815],[80.64918796239571,7.294278693922994],[80.64925001850808,7.294217399599181],[80.649301467855,7.294195982072404],[80.6493438571734,7.294179716523792],[80.64938642772786,7.294169509856077],[80.64947401110793,7.294150272788927],[80.64953723097558,7.294137177228312],[80.64960262140825,7.294134935719343],[80.64964672657614,7.294139379175623],[80.64969101190476,7.294150513620401],[80.64972776967723,7.294173041985587],[80.64974371226334,7.294182812027099],[80.64977875343713,7.294213025583497],[80.64983498121408,7.294265400507529],[80.64988278598646,7.294318587844946],[80.64991194293177,7.294336139493945],[80.64993539685135,7.294347178559797],[80.64996981198503,7.294352432242872],[80.64998485068146,7.294352645342784],[80.65000223506964,7.29435289436588],[80.65000070588714,7.294318801692633],[80.64999899703022,7.294273042548325],[80.64999321055127,7.294234698457597],[80.64996279286765,7.294191464238867],[80.64992213776877,7.294153473019229],[80.64987224689985,7.294114392238165],[80.64982117684926,7.294075312930106],[80.64978212895355,7.294054842126069],[80.6497165876107,7.294020481930649],[80.64966153621344,7.293971814966616],[80.64961970402615,7.293936174579494],[80.6495752482882,7.293890222582899],[80.64953343058808,7.293806382809919],[80.64950011812321,7.293744971245606],[80.64947478994384,7.293632649627314],[80.64944473827664,7.293579648997803],[80.64942220658524,7.293529324504226],[80.64986044313153,7.293253401457318],[80.64991332987978,7.293269875486786],[80.64993660552749,7.293270514106148],[80.64998306643275,7.293271160112074],[80.65003124981797,7.293265746855943],[80.65006530544555,7.293257619449171],[80.65007064336785,7.293251589235406],[80.65010453445547,7.293213319530507],[80.65014584158705,7.2931768876303],[80.65023125791836,7.293143090517881],[80.65040752972224,7.293070081884963],[80.65051621500002,7.293025066984361],[80.65058319600202,7.293005275047921],[80.65071892148119,7.292965168043266],[80.65084445277087,7.292947479472191],[80.65092587813125,7.29292841945981],[80.65102216173513,7.292890647179574],[80.65112886029002,7.292853872498302],[80.65133607594672,7.292823415942397],[80.65135238869489,7.292821016815007],[80.65143399419706,7.292808650416139],[80.65148254410042,7.29279094038358],[80.65156025589228,7.292769529848892],[80.65166994394897,7.292729679422668],[80.65175581856172,7.292668934798069],[80.65180310558344,7.292626263790961],[80.6518244879973,7.292601944816664],[80.65184468979274,7.292579523649598],[80.6518504184234,7.292572063817548],[80.65197775711388,7.292492656696827],[80.65205927830188,7.292454064447682],[80.6520870854337,7.292439965859386],[80.65212160378137,7.292398919053789],[80.65215883409702,7.292372884432753],[80.65220919884042,7.292335641858249],[80.65226717173897,7.292303103746114],[80.65233683076794,7.292253204392095],[80.6523759098923,7.292215999395509],[80.65238221864583,7.292209992027334],[80.65240377685429,7.292191731003487],[80.65243902383368,7.292132327005778],[80.65247488328562,7.292095084945343],[80.65249682401681,7.292072297076971],[80.65255208019575,7.292031890739828],[80.65260525020346,7.292006131737162],[80.65273795107223,7.291933372496377],[80.65280553120061,7.291871264397902],[80.65282528104754,7.291851917694331],[80.65285581519429,7.29180110326006],[80.65289315057493,7.291735036884633],[80.65293138480652,7.291667377367873],[80.65296672651026,7.291589075210829],[80.652997532219,7.291548571711962],[80.65307064229579,7.291463226280909],[80.65314049516132,7.29136937768496],[80.6532159687118,7.29125518467664],[80.65325773296713,7.291211427745468],[80.65328427778421,7.291173002059853],[80.65328773594025,7.291115488373172],[80.65327661771676,7.291033374558105],[80.65327576783567,7.291031386666906],[80.65327000783098,7.291017918205961],[80.6532500089246,7.290971152113474],[80.65324983448353,7.290949963322712],[80.65324939528304,7.290896727740312],[80.65324909075004,7.29088429890537],[80.65324482737347,7.29070998594373],[80.65324811839095,7.29059459947702],[80.65326579413772,7.290542244192104],[80.6532703752501,7.290531417304919],[80.6532452224351,7.290311368911046],[80.65328965372956,7.290101972264013],[80.65346773489232,7.289900508335034],[80.65347425227436,7.289893135508078],[80.65326276853082,7.28990791941934],[80.65301170669994,7.289891072547359],[80.65297616934491,7.289890588996447],[80.65294252144878,7.289892550291854],[80.65247822293698,7.289964749548319],[80.6521667073772,7.289979019917574],[80.6517722446476,7.289844983099244],[80.651528660219,7.289925864675838],[80.65128282993382,7.290022040892984],[80.65102567369432,7.290292566320182],[80.65076088098543,7.290395744440262],[80.6507361070999,7.290412821664756],[80.65064884722226,7.290479676101921],[80.65047837012656,7.290571829674284],[80.65020861687104,7.29073618132828],[80.65008503498605,7.290780413402174],[80.64980716848267,7.290751198139433],[80.64969128341065,7.290632585242983],[80.6495384502609,7.290502803751209],[80.64936143955461,7.290334170146798],[80.64919818680445,7.290195063147569],[80.64895466329875,7.290131860629729],[80.64868330703086,7.290071333192618],[80.6482980751466,7.289640145379868],[80.6483074252535,7.289633760026217],[80.6483984477905,7.289588022598341],[80.64860869294333,7.289482374362911],[80.64865238122346,7.289450996511521],[80.64896976581535,7.289223032380598],[80.64903344614949,7.289177292544266],[80.64922353592603,7.289043993773395],[80.64923363881262,7.289036910489108],[80.64933582293429,7.28894162467911],[80.64937042988771,7.288901015784785],[80.64938628698984,7.288882406952263],[80.64946736246944,7.288839449957615],[80.6494973372134,7.288823568845112],[80.64953520167434,7.288796359920878],[80.64958909351392,7.288776208151811],[80.64964869119774,7.288761936854019],[80.64972269089071,7.288737542283017],[80.64977250646965,7.288726523723173],[80.6498650671497,7.288720427485646],[80.64987249440449,7.28871434269401],[80.64990990771625,7.288684248882378],[80.64992340426309,7.288673392871289],[80.64996390023542,7.288627915900157],[80.65000801999113,7.288581629681402],[80.65004471208536,7.288533168341487],[80.65005169651941,7.2884945574228],[80.65005461062648,7.288473073786172],[80.65006258698688,7.288414257379275],[80.6500931224373,7.288362268434749],[80.6501198489513,7.288328636697082],[80.65016269329709,7.288305678432192],[80.6502203959893,7.288266446838152],[80.65023791322186,7.288250698750415],[80.65027067298915,7.288221247473892],[80.65027285526101,7.288186974061947],[80.6502708090971,7.28812315948137],[80.65027043110803,7.288111374488141],[80.65026890870034,7.288049790066684],[80.65026811094035,7.287994266491564],[80.65027273739874,7.287957462614171],[80.65030155190242,7.287909179915392],[80.65032782371807,7.287885314519117],[80.65037310388212,7.287860415371299],[80.6503881492611,7.28785214337296],[80.6504254698358,7.287826199340421],[80.65046568956312,7.287796549370118],[80.6505081756889,7.287758852626532],[80.65055102586687,7.287711479024193],[80.65060003574953,7.287666277459593],[80.65063383591044,7.287598371825665],[80.65023691508061,7.287451250447966],[80.65005178087185,7.287378623879893],[80.64988823776791,7.287279959322639],[80.64970230074222,7.287289832030912],[80.64946288064007,7.287290385279006],[80.64934703511462,7.287259884054521],[80.6493210357122,7.287249013350933],[80.64917943584821,7.287157666903536],[80.6490291324629,7.287115038237078],[80.64879546079659,7.287185668160958],[80.64865742279221,7.287130340074267],[80.64851504418304,7.286904989840601],[80.6485625256519,7.286830208286108],[80.64857225830065,7.286732859108572],[80.64853490821073,7.286722298042877],[80.6483621531575,7.2867294492611],[80.64823790350673,7.286698294278662],[80.64813156634344,7.28661190041835],[80.64809041628692,7.286578468394826],[80.64806963029842,7.286652295292088],[80.64802878410171,7.286715906907203],[80.6480166256487,7.286734842293043],[80.64799365443562,7.286766757700478],[80.647985910688,7.286777516718593],[80.6479575532048,7.286816844078255],[80.64795516010822,7.286821218420904],[80.64789901702578,7.286923808410206],[80.64786875799119,7.286955533645816],[80.64784891988995,7.286976333328299],[80.64777989348175,7.28702577913156],[80.64786242085044,7.287121618998114],[80.64787857885064,7.287140382466272],[80.64787920528708,7.287163623252275],[80.64788036388396,7.287226306304543],[80.64788116752301,7.287269699551217],[80.64787407769448,7.287356599324825],[80.6478672541786,7.287386106628315],[80.64784923193598,7.287464024462786],[80.64780773860414,7.287516281431562],[80.64773988258538,7.287593038437588],[80.64769141727504,7.287636338996218],[80.64763335675576,7.287662729955112],[80.64758190878094,7.287681705689516],[80.64756731194626,7.287688978465884],[80.64751243545228,7.287716320738867],[80.64741116537854,7.287775613302089],[80.64730989620973,7.287834816316233],[80.64727183762375,7.287904074219884],[80.64723984948128,7.287967728978248],[80.64722326152086,7.288014567177143],[80.64715004706368,7.288146302419642],[80.64709313633116,7.288268548928282],[80.6470220154583,7.288360045037921],[80.6469912110976,7.288401091617133],[80.64692570990083,7.288473415365862],[80.64688349430014,7.288520248023738],[80.64685151076313,7.288564368887815],[80.6467671502265,7.288601092008201],[80.646717818835,7.288622565934491],[80.6466415521697,7.288653110435267],[80.64661920353363,7.288660973275352],[80.64656188816363,7.288681139983584],[80.64650002679583,7.288702905996668],[80.64647000186694,7.28871346868447],[80.64640161053214,7.288763909183086],[80.64636129246617,7.28881616544478],[80.64631009137692,7.288923673337347],[80.64625544804794,7.289036696485374],[80.64623947227483,7.289158501594957],[80.64624196972967,7.289288450752049],[80.64624456624453,7.289395249762967],[80.64623775419136,7.289466144306214],[80.64617160548511,7.289584408186],[80.64609587587158,7.289639368039121],[80.64602550576123,7.289635550590793],[80.6458186693115,7.289577072007151],[80.64573489507552,7.289577320010445],[80.64558002197535,7.289591472812917],[80.64549206698457,7.289645433389423],[80.6454061908834,7.289707353326659],[80.64515680784837,7.289886152291799],[80.64497861648034,7.290049236923046],[80.64477308558033,7.290168907857216],[80.6445172100932,7.290252119679854],[80.64429972800353,7.290358673603061],[80.64416005526259,7.290422476618199],[80.64396176988575,7.290540248447385],[80.64388929865868,7.290600635601031],[80.64367641794554,7.290768773635911],[80.6436426222246,7.290814159753724],[80.6435350825712,7.290938831628632],[80.64342692291774,7.291015936929391],[80.64338225831777,7.291067107373036],[80.64334936645143,7.291121536768324],[80.64332127588118,7.291171716443078],[80.64326854659792,7.291240157602462],[80.6432486107279,7.291274786556954],[80.6432424450952,7.291298748784111],[80.6432441381194,7.291392705510933],[80.64324736717748,7.291498872595306],[80.64325004985542,7.291590593270196],[80.64280983627859,7.291485684508903],[80.64280367828835,7.291505161386433],[80.64277749337329,7.291542411857123],[80.64272657689345,7.291602442559153],[80.64270121449877,7.291614642253744],[80.64264062540704,7.291613721841295],[80.6425577601304,7.291598594550941],[80.64238270066946,7.291573131777234],[80.64234810603116,7.291572578037091],[80.64226333229053,7.291582591571742],[80.64220808410425,7.29159026175973],[80.64217085776292,7.291601283213436],[80.64211823117967,7.291622156094459],[80.64208879407475,7.291634627644035],[80.64206632987737,7.291649633312689],[80.64201985246407,7.29170197776819],[80.64199538886841,7.291737146996944],[80.64198251742366,7.29177376836429],[80.64197688913364,7.291817805363867],[80.64196699731194,7.291884902641717],[80.6419550286845,7.291928034356681],[80.6419424208525,7.291988709367426],[80.64191631286762,7.292077413768651],[80.64188947192461,7.292185198751726],[80.6418821233437,7.292230593501047],[80.64188283158319,7.292285212733175],[80.64188602296261,7.292513550291235],[80.64187983620614,7.292611032356526],[80.64187557219013,7.292632643034665],[80.64186288554089,7.292656875495078],[80.64184494689172,7.292675047559464],[80.64180100976752,7.292718259279553],[80.64172219820591,7.29278162838258],[80.64163632334741,7.292835677424084],[80.64166016452137,7.292907602872535],[80.64165023185517,7.293026255366152],[80.64164636894766,7.293072401719931],[80.64173298592043,7.293047585409614],[80.64183053678371,7.293011624084997],[80.64186688555779,7.292994851031582],[80.64208316383501,7.292895044068643],[80.64234305883772,7.292699099875012],[80.64234882383155,7.292694754597767],[80.6423965046049,7.292658806393629],[80.64240082744405,7.292655546756691],[80.64267814186196,7.293103826042503],[80.64262566359692,7.293304941157676],[80.6422776758231,7.295081374529583],[80.64183399019468,7.295110433568496],[80.64183224535489,7.295154583848523],[80.64182808840305,7.295187579733582],[80.64179454044874,7.29545384907965],[80.6416660059539,7.295664952030608],[80.64162654152707,7.295720733062637],[80.64136829396503,7.295918800578381],[80.64118775091448,7.296095264783363],[80.6408379123372,7.296338816345301],[80.64062496004428,7.29668658178855],[80.6403523703145,7.296826721961747],[80.64025638245164,7.296980120745693],[80.64022829134396,7.297017717728531],[80.64013143828035,7.297132823505633],[80.63996401055857,7.297317554672001],[80.63995356791291,7.297581127847979],[80.63998855593336,7.297905151124031],[80.63997916260527,7.297948629894587],[80.6400469237233,7.298171003109767],[80.64009658482367,7.298243677039869],[80.64013953880817,7.298348080937693],[80.64016721980315,7.298400088521981],[80.64029103891428,7.29852494498839],[80.64031834241645,7.298552475677795],[80.64036193575612,7.298588367031458],[80.6405353410536,7.298788826342957],[80.64054525413043,7.298802663352778],[80.64066517072382,7.298970042493433],[80.64078734900146,7.299161157524764],[80.64098837447928,7.299268343378118],[80.6409910289413,7.299362070667798],[80.64099481530806,7.299351042017897],[80.64111252174204,7.299523420270532],[80.6411185527995,7.29957437322554],[80.64120495608441,7.299831214838093],[80.64146272225497,7.299941793225919],[80.64163167740257,7.300017177537578],[80.64174592851877,7.299894507627303],[80.64183071667213,7.29975061034233],[80.64189745211489,7.299572027640466],[80.64196185689492,7.299418648969461],[80.64197502605418,7.29940490115073]]]]}},{"type":"Feature","properties":{"GND_N":"Thalwatta","GND_NO":"221","GND_C":"130","PROVINCE_N":"CENTRAL","PROVINCE_C":"2","DISTRICT_N":"KANDY","DISTRICT_C":"1","DSD_N":"GANGAWATA KORALE","DSD_C":"30","Admin_Code":"2130130","GND_NO_Cen":"221","GND_NAME_C":"Thalwatta","GND_NO_Gaz":"221","GND_NAME_G":"තල්වත්ත","shape_1":"Polygon","Area__Ha_":66.5848681731,"MWS_ID":"117","Alt_MWS":null,"Total_Pop":3442.0,"Density":5169.34266664,"Area_Sqkm":0.66584868173},"geometry":{"type":"MultiPolygon","coordinates":[[[[80.65493149388163,7.298301476139091],[80.65571671636442,7.296680674323468],[80.65617226422323,7.295729719626527],[80.65684960048942,7.294270386433093],[80.65726606177974,7.293408563682788],[80.65749279176417,7.293069605270784],[80.65675052405811,7.291943240030527],[80.65646998557777,7.291638017403915],[80.65617403715238,7.291415586766461],[80.65589474124185,7.291170695657367],[80.65580127126518,7.290890723569341],[80.6557590732104,7.290718802330173],[80.65591160211646,7.29044873102146],[80.65611424235034,7.29015834061437],[80.65615066120093,7.290062781646497],[80.65604257688032,7.289890080577701],[80.65597964966983,7.289827586372106],[80.65573525964683,7.289540563890332],[80.65517915491637,7.289028052853203],[80.65506710055466,7.288977368225118],[80.65498256628663,7.288887775139443],[80.65491277255911,7.288828823815717],[80.65482682215453,7.28876176557609],[80.65463073677478,7.288596601401084],[80.65444313296706,7.28843858433438],[80.65405825920085,7.288865250393528],[80.65390843435297,7.289194280627007],[80.65378538215755,7.289628219122966],[80.65356596723457,7.289877168713989],[80.65346773489232,7.289900508335034],[80.65328965372956,7.290101972264013],[80.6532452224351,7.290311368911046],[80.6532703752501,7.290531417304919],[80.65326579413772,7.290542244192104],[80.65324811839095,7.29059459947702],[80.65324482737347,7.29070998594373],[80.65324909075004,7.29088429890537],[80.65324939528304,7.290896727740312],[80.65324983448353,7.290949963322712],[80.6532500089246,7.290971152113474],[80.65327000783098,7.291017918205961],[80.65327576783567,7.291031386666906],[80.65327661771676,7.291033374558105],[80.65328773594025,7.291115488373172],[80.65328427778421,7.291173002059853],[80.65325773296713,7.291211427745468],[80.6532159687118,7.29125518467664],[80.65314049516132,7.29136937768496],[80.65307064229579,7.291463226280909],[80.652997532219,7.291548571711962],[80.65296672651026,7.291589075210829],[80.65293138480652,7.291667377367873],[80.65289315057493,7.291735036884633],[80.65285581519429,7.29180110326006],[80.65282528104754,7.291851917694331],[80.65280553120061,7.291871264397902],[80.65273795107223,7.291933372496377],[80.65260525020346,7.292006131737162],[80.65255208019575,7.292031890739828],[80.65249682401681,7.292072297076971],[80.65247488328562,7.292095084945343],[80.65243902383368,7.292132327005778],[80.65240377685429,7.292191731003487],[80.65238221864583,7.292209992027334],[80.6523759098923,7.292215999395509],[80.65233683076794,7.292253204392095],[80.65226717173897,7.292303103746114],[80.65220919884042,7.292335641858249],[80.65215883409702,7.292372884432753],[80.65212160378137,7.292398919053789],[80.6520870854337,7.292439965859386],[80.65205927830188,7.292454064447682],[80.65197775711388,7.292492656696827],[80.6518504184234,7.292572063817548],[80.65184468979274,7.292579523649598],[80.6518244879973,7.292601944816664],[80.65180310558344,7.292626263790961],[80.65175581856172,7.292668934798069],[80.65166994394897,7.292729679422668],[80.65156025589228,7.292769529848892],[80.65148254410042,7.29279094038358],[80.65143399419706,7.292808650416139],[80.65135238869489,7.292821016815007],[80.65133607594672,7.292823415942397],[80.65112886029002,7.292853872498302],[80.65102216173513,7.292890647179574],[80.65092587813125,7.29292841945981],[80.65084445277087,7.292947479472191],[80.65071892148119,7.292965168043266],[80.65058319600202,7.293005275047921],[80.65051621500002,7.293025066984361],[80.65040752972224,7.293070081884963],[80.65023125791836,7.293143090517881],[80.65014584158705,7.2931768876303],[80.65010453445547,7.293213319530507],[80.65007064336785,7.293251589235406],[80.65006530544555,7.293257619449171],[80.65003124981797,7.293265746855943],[80.64998306643275,7.293271160112074],[80.64993660552749,7.293270514106148],[80.64991332987978,7.293269875486786],[80.64986044313153,7.293253401457318],[80.64942220658524,7.293529324504226],[80.64944473827664,7.293579648997803],[80.64947478994384,7.293632649627314],[80.64950011812321,7.293744971245606],[80.64953343058808,7.293806382809919],[80.6495752482882,7.293890222582899],[80.64961970402615,7.293936174579494],[80.64966153621344,7.293971814966616],[80.6497165876107,7.294020481930649],[80.64978212895355,7.294054842126069],[80.64982117684926,7.294075312930106],[80.64987224689985,7.294114392238165],[80.64992213776877,7.294153473019229],[80.64996279286765,7.294191464238867],[80.64999321055127,7.294234698457597],[80.64999899703022,7.294273042548325],[80.65000070588714,7.294318801692633],[80.65000223506964,7.29435289436588],[80.64998485068146,7.294352645342784],[80.64996981198503,7.294352432242872],[80.64993539685135,7.294347178559797],[80.64991194293177,7.294336139493945],[80.64988278598646,7.294318587844946],[80.64983498121408,7.294265400507529],[80.64977875343713,7.294213025583497],[80.64974371226334,7.294182812027099],[80.64972776967723,7.294173041985587],[80.64969101190476,7.294150513620401],[80.64964672657614,7.294139379175623],[80.64960262140825,7.294134935719343],[80.64953723097558,7.294137177228312],[80.64947401110793,7.294150272788927],[80.64938642772786,7.294169509856077],[80.6493438571734,7.294179716523792],[80.649301467855,7.294195982072404],[80.64925001850808,7.294217399599181],[80.64918796239571,7.294278693922994],[80.64916485887221,7.294309795463815],[80.64915796417985,7.294353922633177],[80.64915876252789,7.294410080109533],[80.6491594802387,7.294437480709656],[80.64915976236814,7.294442252798996],[80.6492040978581,7.295190236448486],[80.649218101335,7.295312591753093],[80.64922189660815,7.295342977419704],[80.64923221627419,7.295364141930232],[80.64924462083958,7.295372373677897],[80.6492955097711,7.295405305544102],[80.64937855683681,7.295424680081518],[80.64939353486893,7.295428173997835],[80.64937622181913,7.295550615448101],[80.64930799869228,7.295753470435106],[80.64916125287964,7.295912146169232],[80.64911155719929,7.295979973024851],[80.64902474410273,7.296102008739936],[80.64891835531733,7.296269819279559],[80.64880941207808,7.296461270276127],[80.648672762916,7.296435984427444],[80.64841581155167,7.29650875156842],[80.64838887214663,7.296537207794093],[80.64821605911084,7.29685588508118],[80.64818953078475,7.296868663501899],[80.64803702719195,7.297181703619853],[80.64794781217019,7.297429149035998],[80.6478724478464,7.297647365858599],[80.64785679841881,7.297679569076672],[80.64772617533714,7.297898510771752],[80.64767757590312,7.298020563416249],[80.64804127293803,7.298342175671833],[80.64833159923977,7.297953079338197],[80.64914038968026,7.297803769527446],[80.64939192279785,7.298084975577053],[80.6495716128792,7.298198675289427],[80.64954757436074,7.298461859722641],[80.64980640258267,7.298842614215834],[80.64983496981439,7.298900263423395],[80.64983778380903,7.298900157503902],[80.6500241563406,7.29885940569655],[80.6501095649301,7.298850658740362],[80.65019388488881,7.298851586606214],[80.65027467012975,7.298855135045187],[80.65028263473548,7.298855106522251],[80.65036514819901,7.298854799477682],[80.65041350985501,7.298858520610533],[80.65046993364507,7.298863238719267],[80.65049801042301,7.298861347507215],[80.65052228501541,7.29885339640103],[80.65053967735848,7.29884200702326],[80.65057718442813,7.298800148221284],[80.6505983868086,7.298766694898277],[80.65062357712968,7.298722752764455],[80.65064562037232,7.298597058912818],[80.6506762127751,7.2984406735703],[80.6506837670015,7.298402051967328],[80.65069396325379,7.298349927135628],[80.65070339940706,7.29828563468899],[80.65070394958342,7.298258143112415],[80.65070278654964,7.298209943414134],[80.65070170376904,7.298192218764946],[80.65069881922923,7.298146551541609],[80.65067999387203,7.298103681415149],[80.65065953475916,7.298066961905473],[80.6505956119705,7.298000748193653],[80.6505543229263,7.297964474126585],[80.65050079983581,7.2979511668596],[80.65043233809524,7.297926006333507],[80.65042376023393,7.297923240390655],[80.65038126305508,7.297909535577119],[80.6503517388929,7.297902292009868],[80.65032574919425,7.297890077566453],[80.65028255905784,7.297850907364741],[80.65027206194173,7.297819436482634],[80.65027098652197,7.297775485225237],[80.65027969418904,7.297731902037069],[80.65031837049875,7.297689780427446],[80.65031819855899,7.297682808199679],[80.65031730403219,7.297646183659283],[80.6503174971403,7.297603410158684],[80.65033336176846,7.297552412773102],[80.65036962103625,7.297434952960706],[80.65040029817368,7.297377177427053],[80.65097406570712,7.297655224091102],[80.6510519747586,7.297712431150527],[80.65113592310384,7.298104466377624],[80.65140413743823,7.298291758607939],[80.65178424540339,7.298349256129837],[80.6522643818997,7.298432705399973],[80.65217559659851,7.298705741769726],[80.65346099487695,7.299664645148053],[80.65411609793611,7.300073060827207],[80.65411954248863,7.300065575935259],[80.65493149388163,7.298301476139091]]]]}},{"type":"Feature","properties":{"GND_N":"Ampitiya Udagama South","GND_NO":"270","GND_C":"255","PROVINCE_N":"CENTRAL","PROVINCE_C":"2","DISTRICT_N":"KANDY","DISTRICT_C":"1","DSD_N":"GANGAWATA KORALE","DSD_C":"30","Admin_Code":"2130255","GND_NO_Cen":"270","GND_NAME_C":"Ampitiya Udagama South","GND_NO_Gaz":"270","GND_NAME_G":"අම්පිටිa","shape_1":"Polygon","Area__Ha_":98.6538377738,"MWS_ID":"117","Alt_MWS":null,"Total_Pop":1811.0,"Density":1835.71165691,"Area_Sqkm":0.98653837774},"geometry":{"type":"MultiPolygon","coordinates":[[[[80.65523912218896,7.278862061251268],[80.65531894940425,7.278713414954636],[80.6553535877857,7.278618161169746],[80.65537214997939,7.278567113624617],[80.65539304480596,7.278507058925499],[80.65541547315671,7.278442602480881],[80.6554182823022,7.278436453056838],[80.65546497096214,7.278257323723655],[80.65547407512382,7.27807908775265],[80.65547069405483,7.278053148686296],[80.65544714857242,7.277872589882533],[80.65544470202245,7.277853817677932],[80.65537130989685,7.277643094239274],[80.65536276017791,7.277590692938706],[80.65534716887775,7.277495144487182],[80.6553619703348,7.277351181365223],[80.65556576290723,7.276923138030523],[80.6557163219351,7.276713928431501],[80.65572322276503,7.276704340120427],[80.65583313066578,7.276506777039088],[80.65587714100286,7.276453137265889],[80.65597354879066,7.276335630442291],[80.65607810011302,7.276187261846052],[80.6561869891581,7.27607036417201],[80.65633876869882,7.275931647924814],[80.65638917706286,7.275885578822813],[80.65649843562575,7.275740738157261],[80.65656756467466,7.275632239896603],[80.6565907064669,7.275553691791486],[80.65660608990477,7.275501487643086],[80.65663486693849,7.2753873693002],[80.6566471566912,7.275338632340276],[80.65668008818507,7.275240400105324],[80.65670190141795,7.275175329397033],[80.65675056425562,7.275061763400546],[80.656801758307,7.274965376235892],[80.65696701076266,7.274719268103332],[80.65700598066006,7.274615192910756],[80.65711551708695,7.274448468886146],[80.65717839601307,7.274343313898588],[80.65719826346906,7.274310482918857],[80.65682731914143,7.273989487287016],[80.65673408779216,7.273766319184303],[80.6566232506718,7.273629791454533],[80.65568871781454,7.273110873300201],[80.65492121890479,7.272607024860818],[80.654719081925,7.272212362857207],[80.65446122717863,7.272046205370702],[80.65433048834872,7.271945663058656],[80.65430616520221,7.271894235034741],[80.65430484011503,7.271891431333536],[80.654294715339,7.27182369618963],[80.65433366991103,7.271777678477381],[80.6543458974187,7.271768819583782],[80.65443176989653,7.271706444768185],[80.65456001328802,7.271680707471049],[80.65463428121407,7.271657757180453],[80.65470257807887,7.271612109036594],[80.65478545757443,7.271555702664052],[80.65490389590722,7.271478426315289],[80.65492621818197,7.271463862139463],[80.65497750698194,7.271395599066067],[80.65501527259028,7.271345332550926],[80.65504579981186,7.271324221590965],[80.65506572556664,7.271310439894378],[80.6550781505815,7.271291059448319],[80.65515922572469,7.271164600559442],[80.6553428466129,7.270982431319341],[80.65536997890842,7.270960128460913],[80.65549846890019,7.270854514628192],[80.65557202624336,7.270775407572137],[80.65567123537964,7.270615371156488],[80.65574218727839,7.270464552011734],[80.6557423700565,7.270454966430139],[80.65577095488511,7.270242734616382],[80.65577643020728,7.270083578436879],[80.65576624260859,7.269907777978068],[80.65570541582275,7.269790203079076],[80.65562393775454,7.269683924673537],[80.65549743961503,7.269620137482006],[80.65546302061854,7.269639480426816],[80.65537561203791,7.269694303192908],[80.65526845925736,7.269761510547824],[80.65515407674708,7.269764825909342],[80.65514032536102,7.269715446289207],[80.65514671453404,7.269617601319272],[80.6551471455711,7.269611000914119],[80.6551951746162,7.269492640260209],[80.6551990827803,7.269443899278123],[80.65520554687713,7.269316484464439],[80.65519670146071,7.269161666932922],[80.65519319682072,7.269100352324159],[80.65515718748598,7.268971389742833],[80.65513727896887,7.268921285031455],[80.65501232308735,7.26884176231179],[80.6548752359313,7.268747135322451],[80.65476520061094,7.268686720875715],[80.65474538936714,7.268675842201816],[80.65464579212042,7.268595964461364],[80.65457761886495,7.268520618472766],[80.65453472849144,7.268386136830638],[80.65453440914068,7.268331119746174],[80.65453429485201,7.268311622],[80.65452563641672,7.268183028437311],[80.6545355290381,7.268103904425963],[80.65460075343368,7.268031577560668],[80.65475891929586,7.267868121693652],[80.65479887792621,7.267791356024272],[80.65481202703805,7.267725978310771],[80.65481398584569,7.267615007069948],[80.65481405389829,7.267611151132422],[80.6543649848843,7.267683548558341],[80.65365876296983,7.268063581101832],[80.65313916762652,7.26826982334876],[80.65257532802431,7.268513953229633],[80.65191503189929,7.268822453278916],[80.65191831059533,7.268831114704693],[80.65184299767658,7.269065361388363],[80.65162896421194,7.269517222477774],[80.65124330085106,7.269954074395708],[80.6507784773139,7.270372336861042],[80.65021954817063,7.270842237378203],[80.6500136262478,7.271201667304444],[80.64972116479305,7.272119670880651],[80.64951713749099,7.272739983865436],[80.64929028498489,7.273150743103973],[80.64888710911899,7.273582220901757],[80.64861436540171,7.273960412804559],[80.64811844221568,7.274323981212132],[80.6479185464696,7.274783083300188],[80.64777138338624,7.274938215653212],[80.64772852147792,7.275023750672378],[80.64770013754976,7.275155319791324],[80.64766051418653,7.275320253638366],[80.64762751687991,7.275435993402079],[80.64753274897552,7.275572878129172],[80.64745319648631,7.275697650391819],[80.64737128485336,7.275844304321557],[80.64726872350363,7.275994751332634],[80.64720141362993,7.276067710402341],[80.64712368473829,7.276158300421501],[80.64705936845209,7.276207384882693],[80.64696670051524,7.276286937193171],[80.64692865495621,7.276317220515089],[80.64690256399614,7.276346965572191],[80.64680649250734,7.276600505004655],[80.6467599229593,7.276675185400751],[80.64669078251897,7.276805205459932],[80.64666939338849,7.276867234603388],[80.64664291183264,7.27699862241786],[80.64663781886958,7.277066715063851],[80.64661466457493,7.277280214646651],[80.64660511487742,7.277421012973572],[80.64660145032026,7.277563982411166],[80.64659272980143,7.277655675449469],[80.64657513987856,7.277726839145704],[80.64654442020249,7.277793930613275],[80.64649240904608,7.277885519902715],[80.64639700864608,7.278011192619021],[80.64629979893171,7.278132974477696],[80.64625911137972,7.278179073257817],[80.64624961079119,7.2781898389818],[80.64618140376777,7.27822219437209],[80.64608937972515,7.278265303215921],[80.64605460188581,7.278266017557926],[80.64595406485645,7.278305686664286],[80.64587481437343,7.278328632256104],[80.64563733367436,7.278394308482723],[80.64551678893481,7.278412630138311],[80.64531147146742,7.278436807022718],[80.64522380017239,7.278453782560009],[80.64511710739109,7.278484019612873],[80.64508386750438,7.278493440061001],[80.64504473590108,7.278517030147231],[80.64492354233992,7.278580025884848],[80.64489809060797,7.2785938534446],[80.64487834230705,7.27860876963237],[80.64488350408038,7.278616366380808],[80.64488784559678,7.278629300997887],[80.64489010382017,7.27865263269812],[80.64489008197437,7.278653011595162],[80.64488828400957,7.278685006254888],[80.64488672728717,7.278740710028178],[80.64485219089221,7.278845148021489],[80.64476192690208,7.279060074868193],[80.6447235898263,7.279153930483266],[80.64459800335189,7.279376261410604],[80.64454113691276,7.279348392295501],[80.6445090463998,7.279332374962494],[80.64447718678197,7.279431224198582],[80.64435583198427,7.279827716191039],[80.64436593255049,7.279812622684932],[80.64502305233702,7.280278044725552],[80.64567547110379,7.280128098250922],[80.64631597762788,7.280093929070978],[80.6466750547034,7.2800103305869],[80.64683315182471,7.279984892555071],[80.64684401632628,7.279967872139014],[80.64687608895345,7.279920405348887],[80.6469566277919,7.279833253461883],[80.64701785722885,7.279803248061983],[80.64707545883668,7.279797839593131],[80.6471390328225,7.279800027167195],[80.64724091653099,7.279808738457019],[80.64729379400941,7.279851798407996],[80.64734798183481,7.279911174180564],[80.64735182691477,7.279915387524623],[80.64741004510236,7.279970837045601],[80.64748729421275,7.279979993415886],[80.64752496888279,7.279977742473476],[80.64754163929935,7.27995812472235],[80.64757471598868,7.279886059287136],[80.6475755513003,7.279884990637284],[80.64774153109029,7.279865892796116],[80.6483453419434,7.279650318658835],[80.64879796620878,7.279691617563151],[80.64901414284284,7.279744317056179],[80.64915661009759,7.279767088597426],[80.64921983710501,7.279583216105594],[80.64942205889332,7.279312886800089],[80.64959051579208,7.279137394986638],[80.64984944532523,7.278995333390226],[80.6500962073021,7.279096324423858],[80.65045235689828,7.279229912462026],[80.65074700578032,7.279211596227974],[80.65098062536671,7.279182071237882],[80.65129953068706,7.279142078856343],[80.65153872688603,7.278989116681486],[80.65162337730371,7.278993389333787],[80.65181669315479,7.278978933887511],[80.6518888380422,7.278981291351222],[80.65207666151944,7.27885360544039],[80.65242015077754,7.278838131987158],[80.65270241135325,7.278782237240288],[80.65280175119594,7.278743913715542],[80.65287877848935,7.278825366425771],[80.65292645697804,7.27889534544946],[80.65302621019028,7.279104238892301],[80.65315403528692,7.279384741862202],[80.65326228736842,7.279563491676559],[80.65354790747315,7.279850014859433],[80.65408085494454,7.280343889361361],[80.65425726806797,7.280424004981163],[80.65431844345504,7.280451788139678],[80.65434184101464,7.280407761157329],[80.65437491581679,7.280345521379679],[80.65450213502861,7.280107091498268],[80.65462445091785,7.279905645400744],[80.65463459804991,7.279887898443647],[80.65470210150994,7.279769839762081],[80.65475229190542,7.279708098302351],[80.65488356272206,7.279546615741989],[80.65501413781413,7.279284402491839],[80.65511453687972,7.279078609712568],[80.65523912218896,7.278862061251268]]]]}},{"type":"Feature","properties":{"GND_N":"Lewella","GND_NO":"222","GND_C":"125","PROVINCE_N":"CENTRAL","PROVINCE_C":"2","DISTRICT_N":"KANDY","DISTRICT_C":"1","DSD_N":"GANGAWATA KORALE","DSD_C":"30","Admin_Code":"2130125","GND_NO_Cen":"222","GND_NAME_C":"Lewella","GND_NO_Gaz":"222","GND_NAME_G":"ලේවැල්ල","shape_1":"Polygon","Area__Ha_":63.4479237459,"MWS_ID":"117","Alt_MWS":null,"Total_Pop":2458.0,"Density":3874.04323874,"Area_Sqkm":0.63447923746},"geometry":{"type":"MultiPolygon","coordinates":[[[[80.65156705287062,7.304282914769834],[80.65173638064255,7.30387532696591],[80.65299807772229,7.301970037830762],[80.65382258241881,7.300582683794559],[80.65403504988316,7.300249145655464],[80.65411609793611,7.300073060827207],[80.65346099487695,7.299664645148053],[80.65217559659851,7.298705741769726],[80.6522643818997,7.298432705399973],[80.65178424540339,7.298349256129837],[80.65140413743823,7.298291758607939],[80.65113592310384,7.298104466377624],[80.6510519747586,7.297712431150527],[80.65097406570712,7.297655224091102],[80.65040029817368,7.297377177427053],[80.65036962103625,7.297434952960706],[80.65033336176846,7.297552412773102],[80.6503174971403,7.297603410158684],[80.65031730403219,7.297646183659283],[80.65031819855899,7.297682808199679],[80.65031837049875,7.297689780427446],[80.65027969418904,7.297731902037069],[80.65027098652197,7.297775485225237],[80.65027206194173,7.297819436482634],[80.65028255905784,7.297850907364741],[80.65032574919425,7.297890077566453],[80.6503517388929,7.297902292009868],[80.65038126305508,7.297909535577119],[80.65042376023393,7.297923240390655],[80.65043233809524,7.297926006333507],[80.65050079983581,7.2979511668596],[80.6505543229263,7.297964474126585],[80.6505956119705,7.298000748193653],[80.65065953475916,7.298066961905473],[80.65067999387203,7.298103681415149],[80.65069881922923,7.298146551541609],[80.65070170376904,7.298192218764946],[80.65070278654964,7.298209943414134],[80.65070394958342,7.298258143112415],[80.65070339940706,7.29828563468899],[80.65069396325379,7.298349927135628],[80.6506837670015,7.298402051967328],[80.6506762127751,7.2984406735703],[80.65064562037232,7.298597058912818],[80.65062357712968,7.298722752764455],[80.6505983868086,7.298766694898277],[80.65057718442813,7.298800148221284],[80.65053967735848,7.29884200702326],[80.65052228501541,7.29885339640103],[80.65049801042301,7.298861347507215],[80.65046993364507,7.298863238719267],[80.65041350985501,7.298858520610533],[80.65036514819901,7.298854799477682],[80.65028263473548,7.298855106522251],[80.65027467012975,7.298855135045187],[80.65019388488881,7.298851586606214],[80.6501095649301,7.298850658740362],[80.6500241563406,7.29885940569655],[80.64983778380903,7.298900157503902],[80.64983496981439,7.298900263423395],[80.64980640258267,7.298842614215834],[80.64954757436074,7.298461859722641],[80.6495716128792,7.298198675289427],[80.64939192279785,7.298084975577053],[80.64914038968026,7.297803769527446],[80.64833159923977,7.297953079338197],[80.64804127293803,7.298342175671833],[80.64767757590312,7.298020563416249],[80.64767106932952,7.298036906846041],[80.64755369435744,7.297977359376946],[80.64755472847602,7.297920965504892],[80.64743541410722,7.297780474161794],[80.64718217770506,7.297600991641907],[80.6469709784618,7.297428839551865],[80.64692604470443,7.29739464039456],[80.64662759740382,7.297273764269041],[80.64637487288978,7.297111472256816],[80.6460970607165,7.296985237394337],[80.64587970775254,7.296967391543465],[80.64583325005134,7.296970044913413],[80.64548945043167,7.297101668081534],[80.64542702974128,7.297121042779188],[80.64519255267763,7.297213210080508],[80.64513005587074,7.297279247669989],[80.64487805563388,7.297451700091602],[80.64484650559507,7.297453724685578],[80.6446103098125,7.29762448688963],[80.64457870628519,7.297642124245286],[80.64432170067252,7.297787320090181],[80.6442400309348,7.297857521688838],[80.64397619604632,7.298040340679479],[80.64394288377744,7.298075312077509],[80.64369256651389,7.298274750526674],[80.6436564357792,7.298312583194393],[80.64339256566616,7.298493377086589],[80.6430924001501,7.298630900055462],[80.64302466542757,7.29865356631869],[80.64280553693618,7.298753892793896],[80.6427872111099,7.298772873219771],[80.64257439716184,7.29902488202594],[80.64242839421102,7.299143984310478],[80.64226136765804,7.299204759985797],[80.6421487402374,7.299256241062623],[80.64197502605418,7.29940490115073],[80.64196185689492,7.299418648969461],[80.64189745211489,7.299572027640466],[80.64183071667213,7.29975061034233],[80.64174592851877,7.299894507627303],[80.64163167740257,7.300017177537578],[80.64182334331974,7.300102694939485],[80.64242906136604,7.300405538912378],[80.64280539346187,7.300596196987095],[80.64334246859865,7.300829380868493],[80.64371612208342,7.301039608332482],[80.64409967051714,7.301250065370028],[80.64412767673585,7.301288540819321],[80.64436329901757,7.30152720743147],[80.64463122464736,7.301751037404494],[80.64478260587913,7.301839506116165],[80.6451682350592,7.302285796076767],[80.64590471573484,7.302379977447832],[80.6462176372664,7.302429110838769],[80.64624643077012,7.302376795253978],[80.646289644297,7.302341541692457],[80.64635539980038,7.30233378362608],[80.64641173193311,7.302337326627171],[80.64645520476932,7.30233869468922],[80.64650973916105,7.302379710579477],[80.64652529661329,7.30240980935897],[80.64653958522786,7.302424086084943],[80.64662961992053,7.302723255451619],[80.64666782283588,7.302783402588402],[80.64669543195187,7.302840109422839],[80.64672157833317,7.302934706137318],[80.64673469322726,7.302996023465378],[80.64675876832125,7.303052820615529],[80.64681517028124,7.303135036152537],[80.64683892323781,7.303165713314026],[80.6468485770642,7.303178182807053],[80.64699907339948,7.303282582544283],[80.64702334199639,7.303299680828038],[80.64711190439951,7.30334700034539],[80.64719082207291,7.303381727377356],[80.64733132736679,7.303443553171294],[80.64738207705871,7.303465664322895],[80.6475429617927,7.303535761205255],[80.64754969691808,7.303566076273191],[80.64758544574943,7.303726952960282],[80.64764084808216,7.303837574984991],[80.64773155421487,7.303847656694778],[80.64778698245675,7.30386778238083],[80.6482606859937,7.303933312659405],[80.64843535738066,7.303870157738822],[80.64850278156148,7.303845778744033],[80.64860957088875,7.303728851835366],[80.64860396023957,7.303552934341024],[80.6486880630625,7.30349866558289],[80.64872118766453,7.303477290893468],[80.6487549835062,7.303455482325807],[80.64889396929111,7.303399002646046],[80.64902416236424,7.303397626871139],[80.64916752130274,7.303380993747872],[80.64927822427275,7.303355584166458],[80.6492960268511,7.303351498110483],[80.64944405961296,7.303313954202625],[80.64955387248969,7.303326278163429],[80.649565557848,7.303332390918592],[80.64963254672712,7.303367423447521],[80.64970498800159,7.303405306051739],[80.6497162138754,7.303438234881996],[80.64973243325062,7.303485817537979],[80.64973638425282,7.303497406387872],[80.64974326410768,7.303506360919746],[80.6497990384204,7.303564975410721],[80.64981415995378,7.303580895387171],[80.6498659523979,7.303621785314739],[80.64991412505836,7.303645598264656],[80.64991624409039,7.303646646041421],[80.6500484246215,7.303711994542575],[80.65046799158675,7.303886669415257],[80.65051226951039,7.303905102420058],[80.65057398468079,7.303917467884266],[80.65081510270372,7.303965772360329],[80.65081961688789,7.303958575362161],[80.65096958187792,7.304010964451386],[80.65119981727482,7.304091395594143],[80.65156705287062,7.304282914769834]]]]}},{"type":"Feature","properties":{"GND_N":"Mahaweli Uyana","GND_NO":"231","GND_C":"040","PROVINCE_N":"CENTRAL","PROVINCE_C":"2","DISTRICT_N":"KANDY","DISTRICT_C":"1","DSD_N":"GANGAWATA KORALE","DSD_C":"30","Admin_Code":"2130040","GND_NO_Cen":"231","GND_NAME_C":"Mahaweli Uyana","GND_NO_Gaz":"231","GND_NAME_G":"මහවැලි උ","shape_1":"Polygon","Area__Ha_":51.4103734303,"MWS_ID":"117","Alt_MWS":null,"Total_Pop":1206.0,"Density":2345.83007189,"Area_Sqkm":0.5141037343},"geometry":{"type":"MultiPolygon","coordinates":[[[[80.64359269679346,7.324202101616468],[80.6443922763953,7.323259173915368],[80.64439894190679,7.323261533385075],[80.64455709141005,7.323039058054215],[80.64467857071914,7.322917104128058],[80.6448386352173,7.322578435449102],[80.64502567885499,7.322353155997782],[80.64513673159959,7.321981500227356],[80.64525588822939,7.321567824753912],[80.64526285123063,7.321509785039025],[80.64538821807157,7.321267307519917],[80.64539506863036,7.321209643054591],[80.64542266947306,7.321092952668096],[80.64544696660931,7.321061820079514],[80.64562421738115,7.32068751389314],[80.64580460872686,7.320345018277971],[80.6459102567734,7.320082329140873],[80.64609584829275,7.319608867486687],[80.64618444162886,7.319453901987163],[80.64628291890027,7.319224574008305],[80.64649107316117,7.318735206568289],[80.646560708373,7.318242083346556],[80.6465532736767,7.318171778013039],[80.64663711381334,7.317823843726822],[80.64666360768192,7.317749801635965],[80.64668630566521,7.317641218614607],[80.64678377887984,7.317122526044682],[80.64681365706831,7.317084052943997],[80.64697242995008,7.316531315568569],[80.64705460506593,7.316175892160667],[80.64709481416664,7.315887520682527],[80.6475143574386,7.314225045977519],[80.6473021335635,7.314203171673397],[80.64541189087664,7.31400833164557],[80.64535646227145,7.314007319902605],[80.64532557954506,7.313996732393682],[80.64521935653245,7.313933851563847],[80.64516103883547,7.313901370128487],[80.64509465547182,7.31388534554956],[80.64499086296047,7.313873738430233],[80.64493099610287,7.313873632357315],[80.64485817134381,7.313891515406158],[80.64478868882443,7.313936709358366],[80.64474520502797,7.313972054897075],[80.64471421802938,7.314011383917202],[80.64468825900202,7.31401861618191],[80.64464483362951,7.314030715724209],[80.6445620467031,7.314046065574547],[80.64450263254963,7.314046409015124],[80.64437482628306,7.314079649042664],[80.64431295978295,7.314103505416733],[80.64424602299229,7.31411533216705],[80.64422543858538,7.314116013403352],[80.64410228447171,7.314120082818749],[80.64398408766986,7.314119957692259],[80.64391969308247,7.314116865051894],[80.64382695487116,7.314095857069395],[80.643786017196,7.314302286461386],[80.64376532883075,7.314406617904152],[80.64360174339353,7.315042334245427],[80.64358357395211,7.315709874176166],[80.64355121180762,7.315749342871247],[80.6432277201635,7.315677468410126],[80.64310538092373,7.31609016224501],[80.64305493484116,7.316502877309149],[80.64355946959468,7.316526377182275],[80.64332296681557,7.317416458457451],[80.64302582557205,7.317690814654939],[80.64300417643959,7.31796715854594],[80.6428705163915,7.318222070748735],[80.64251874469765,7.318505357564531],[80.64207286395848,7.319004090500553],[80.64170979385791,7.319061404414263],[80.64160532288474,7.319408574622616],[80.64155453410217,7.319415164449829],[80.64151214265112,7.319420615555763],[80.6414341860496,7.319456156612289],[80.6413748387265,7.31945176562547],[80.64126795840563,7.319469999585671],[80.64118561677307,7.319503796692952],[80.64104585568705,7.319528531707909],[80.64097990951477,7.319559258169996],[80.64092102408009,7.319605993799939],[80.6408703928967,7.319648490727194],[80.64084229556195,7.31967207371227],[80.64083957775306,7.319674153694106],[80.64079183594973,7.319704234506998],[80.64079065918645,7.319704975680691],[80.64077716235653,7.319712929478156],[80.64076547583382,7.319724680081109],[80.6407391048317,7.319769164717433],[80.64072243005029,7.319797284401053],[80.64070113726454,7.319824406152073],[80.64064215801906,7.319878647424378],[80.64059016038095,7.319908021576861],[80.6405123480282,7.319945255367617],[80.6404604239647,7.319973880764683],[80.64041496605819,7.319998941539282],[80.64032555463343,7.320052087515406],[80.64022364337522,7.320104777544205],[80.64013078682108,7.320165879394614],[80.64007153259065,7.320221557442415],[80.64005314559328,7.320238833997944],[80.64003729030019,7.32025248416276],[80.64002478828698,7.32026224593822],[80.63998803451021,7.320283882902038],[80.63993795590979,7.320322567349464],[80.63992993791457,7.320333115414691],[80.63991743482502,7.320346403965335],[80.63990917694791,7.320353521034891],[80.63986950923471,7.320387716959278],[80.63978199073284,7.320467359452259],[80.63968604514929,7.320562371603152],[80.63965141364642,7.320589327383711],[80.63960614092551,7.320624563338546],[80.63950975045516,7.320693171499769],[80.639437813121,7.320769742220896],[80.63941022747237,7.320798955453818],[80.63946033551615,7.320868982667037],[80.63965379488185,7.321139346396493],[80.63970410556188,7.32118960650324],[80.6400778782426,7.321414626956027],[80.64052590188417,7.321766480705193],[80.64058579645724,7.321819136389461],[80.64049709042449,7.321943526239821],[80.64085891091396,7.322070446461479],[80.64095234486139,7.322159002133967],[80.6411296570566,7.32223801185175],[80.64119915567565,7.322226068800804],[80.64123030096471,7.322259576214367],[80.64139561871389,7.322374471269604],[80.64126229925229,7.322567603797455],[80.64115967955392,7.322748546465611],[80.64116184387025,7.322749828511689],[80.64123733866654,7.322794567107763],[80.64133758996365,7.322842073046419],[80.641448796671,7.32289681756749],[80.64142668340658,7.32294428590004],[80.64140320407752,7.32301354840816],[80.64138833461612,7.323061834590219],[80.64135761330907,7.323124131797718],[80.64130160705753,7.323230098307819],[80.64125004167386,7.323323769442261],[80.64122888877988,7.323370126664352],[80.64122285169934,7.323383353888238],[80.64120101868498,7.323402338583342],[80.64117909244001,7.323424124777374],[80.64112736900248,7.323444004794953],[80.64111559262113,7.32344707407607],[80.64109621039728,7.323448426514941],[80.64102782847203,7.32344496961649],[80.64122822680774,7.323583297607303],[80.64131642526664,7.323647167802643],[80.64143813174509,7.32372804890456],[80.64152278545119,7.323833333226614],[80.6415468163323,7.323881879744623],[80.64157655532414,7.323941957822478],[80.64162823944945,7.324050127827937],[80.64166599407531,7.324125798467347],[80.64167404213373,7.324141927295049],[80.64171431209533,7.324262573244497],[80.64174010555742,7.324329318455026],[80.64176500086374,7.32436477544657],[80.64179352689256,7.324386396795457],[80.64187974303508,7.32441970087818],[80.6419449480663,7.32444341216434],[80.64198615669994,7.324451382326057],[80.64202093372613,7.324459260134449],[80.6420271043614,7.324459758437789],[80.64206142099222,7.324462527702978],[80.6421106920533,7.324462904120815],[80.64212019716128,7.324483072892829],[80.64212517189681,7.324499804869903],[80.64212508523013,7.32452610466267],[80.6429034200844,7.325038329355619],[80.64359269679346,7.324202101616468]]]]}},{"type":"Feature","properties":{"GND_N":"Asgiriya","GND_NO":"235","GND_C":"085","PROVINCE_N":"CENTRAL","PROVINCE_C":"2","DISTRICT_N":"KANDY","DISTRICT_C":"1","DSD_N":"GANGAWATA KORALE","DSD_C":"30","Admin_Code":"2130085","GND_NO_Cen":"235","GND_NAME_C":"Asgiriya","GND_NO_Gaz":"235","GND_NAME_G":"අස්ගිරිa","shape_1":"Polygon","Area__Ha_":50.3081548136,"MWS_ID":"117","Alt_MWS":null,"Total_Pop":2182.0,"Density":4337.26899363,"Area_Sqkm":0.50308154814},"geometry":{"type":"MultiPolygon","coordinates":[[[[80.63159686909185,7.302803654197599],[80.63203970901642,7.302180555135189],[80.63218624012514,7.30206687142588],[80.63232044578015,7.302026239634573],[80.6324164694665,7.301495104568495],[80.63248366282771,7.301191260383443],[80.63276032701202,7.300937044968313],[80.633116382212,7.300894773394468],[80.63323693293661,7.300798223045154],[80.63324553740009,7.300799749522559],[80.63325703175346,7.300801788751031],[80.63336485016235,7.300785358268127],[80.63338273777457,7.300784540112685],[80.63339739916084,7.300787085845654],[80.63351583698403,7.300775663100106],[80.63353711922072,7.30077737263435],[80.63368822288182,7.300761927888519],[80.63491013157547,7.300786032181597],[80.63537502128509,7.300769792511864],[80.63551184820655,7.300882713005649],[80.63551195490751,7.300883257429236],[80.63552050098423,7.300926693759966],[80.63552810244374,7.300932448401231],[80.63559025257015,7.300857375378506],[80.63559598532287,7.300852408925921],[80.63560557755322,7.300837674492823],[80.63560938207058,7.300832782496139],[80.6356988569134,7.300667491157813],[80.63570276560165,7.300662537700083],[80.63570412467296,7.300660814522206],[80.63570580407568,7.300654197357096],[80.63576681780208,7.300502741108938],[80.63567171392663,7.300474624745618],[80.63557033887898,7.300450043135667],[80.63559206581537,7.299933239918913],[80.63568168961999,7.299925419402703],[80.63574298921493,7.299922596270583],[80.63573588040647,7.299818437355436],[80.63596948701397,7.299800769424745],[80.63598323211683,7.299799488683162],[80.63606287928896,7.299796050858391],[80.63606918919238,7.299697283047504],[80.63606713149478,7.299548978540773],[80.6360668852375,7.299531252318702],[80.63606385891188,7.299364046674823],[80.63604424387614,7.29923517741558],[80.63603461171417,7.299195117420816],[80.63600842696361,7.299086227595438],[80.6359304065277,7.298927046028556],[80.63587757114244,7.298829741071489],[80.63586116050601,7.298799517780162],[80.63581698936883,7.298715313434794],[80.63576195045908,7.298629748343474],[80.63572852564329,7.298582147187125],[80.63568427728995,7.298519127909559],[80.63561277004635,7.29838825390241],[80.6355825246867,7.298342039118172],[80.63557979982974,7.298343829693009],[80.63556450783923,7.298353874445057],[80.63549984982083,7.298326001755221],[80.63548237286766,7.29831433170104],[80.63543918980842,7.29825662279894],[80.6353960097033,7.298195298490564],[80.63532956499128,7.298088749055139],[80.63526338725215,7.298003183138826],[80.63517320443603,7.297926198779797],[80.63505811557027,7.297851467370092],[80.63498196209481,7.297808307387413],[80.63491629364161,7.297779823894761],[80.63489835114514,7.297774107603117],[80.63486169931178,7.297767576099374],[80.63478616444272,7.297770537535997],[80.6347778103395,7.297770810730016],[80.63469568671556,7.297773493369627],[80.63464940485385,7.297778180323516],[80.63455754850023,7.297801827052041],[80.63451607664072,7.297812502891736],[80.6344839228599,7.297816109101254],[80.6344435967775,7.297817873388865],[80.63439770157485,7.297819880084462],[80.63434860793801,7.297820498569193],[80.63433529977955,7.297820674341406],[80.63430647657769,7.297831673357383],[80.63420033587902,7.297872177152325],[80.63409743064938,7.297937254563532],[80.63396961791446,7.29800322840253],[80.63390530912464,7.298019938633558],[80.63385087377503,7.298029054017626],[80.6337931837543,7.298025600366379],[80.63373350217785,7.298019159166548],[80.63361033535543,7.297999949942617],[80.63351751163341,7.297969355161207],[80.63341689856331,7.297940295210916],[80.63333058742786,7.297941714773949],[80.6332185520518,7.297952078767792],[80.63314536549443,7.297972403288359],[80.6330866683192,7.298000418062954],[80.63283162134309,7.297040746053569],[80.63262287445733,7.296708883721343],[80.63258496188463,7.296572323729287],[80.63257915365914,7.296564119853603],[80.63250717581845,7.296495473011518],[80.6325014599078,7.296495985739848],[80.63235243053022,7.296531944889757],[80.63234690029259,7.29653242873762],[80.63231881398886,7.296485087666404],[80.63220946798441,7.296509403859349],[80.63220396931352,7.296510300981956],[80.63206309953068,7.296533862838285],[80.63205891951658,7.296534800169595],[80.63205133257118,7.296540650394493],[80.63174491539328,7.296405965020073],[80.63114764425866,7.296627054542785],[80.63111485562442,7.296639191502695],[80.6311074403597,7.296649043306699],[80.63110444489742,7.296653022180415],[80.63109891787892,7.296660366055279],[80.63101764431347,7.296802335355176],[80.63090784467539,7.296994131583336],[80.63090055415235,7.297021526898344],[80.63084007898728,7.297307819638094],[80.63083821977278,7.297324173355336],[80.630836335131,7.297340737766894],[80.63082739152489,7.29757055620642],[80.63084850926893,7.297755700918914],[80.63088952330098,7.297861629687956],[80.63090598759969,7.2981451682734],[80.63090762268783,7.298186206963885],[80.63092949054392,7.298337238897164],[80.63065121633636,7.298427338040411],[80.63052537946064,7.298525993934149],[80.63050220059772,7.298636879285629],[80.63044502507059,7.298711346425449],[80.63023772787453,7.298818999043472],[80.6300909514663,7.298830915458464],[80.62995462093727,7.298813056523689],[80.62938554786825,7.29853196182373],[80.62920552339664,7.298517626981188],[80.6291473168163,7.298589901587744],[80.62913270134587,7.298621733704144],[80.6291132879081,7.298835288400272],[80.62899350213296,7.299026000223486],[80.628658692738,7.299106943500738],[80.62857274102856,7.299113606318633],[80.62845300791557,7.299118271305426],[80.62832222477562,7.299122206483549],[80.62818374695017,7.299123336665466],[80.62806962975387,7.299123207876164],[80.62792915785998,7.299126327695347],[80.6278323350727,7.299138865670405],[80.6278009023693,7.299155313639702],[80.62772670400996,7.29922419618135],[80.62772452943959,7.299226999708059],[80.62769571336032,7.299273290516774],[80.62765819120588,7.299357107014727],[80.62758578855512,7.299470482714523],[80.62751667477683,7.299500572313192],[80.62745191585661,7.299510498293713],[80.62733988164284,7.299510371813554],[80.6272155388342,7.299489350042836],[80.62714147231193,7.299430546813729],[80.62707475913922,7.299322369274285],[80.62701012559447,7.299224683226993],[80.62695480542003,7.299172848392266],[80.62690961482828,7.299166232936025],[80.62681433858603,7.299160684248202],[80.62677810802262,7.299167455423652],[80.62673834000209,7.29919285224853],[80.62670463477343,7.299231455704911],[80.62667844108735,7.299295199450736],[80.62666092239009,7.299409677443711],[80.62664305963452,7.299472070207147],[80.62658605909239,7.299570982005861],[80.62654825163538,7.299689523528921],[80.62653915803395,7.299802647855279],[80.62639705754285,7.299748546006319],[80.6263682910424,7.299849401452598],[80.62593872387887,7.300803599737034],[80.62601827988951,7.300940900251991],[80.62604759859472,7.301020309578308],[80.62608215572551,7.30114068193055],[80.6261056648226,7.301259695958358],[80.62614826406244,7.301432975387708],[80.6261578233625,7.3015531612681],[80.62614930269535,7.301574679927358],[80.6261275582896,7.301600897463491],[80.6261249987235,7.30166899149021],[80.62614879187727,7.301751109164396],[80.62619837051673,7.301910553272689],[80.62621364305194,7.302011388073672],[80.62621253353637,7.302079393056173],[80.62620366525786,7.302290394608974],[80.62620128687337,7.302290510472898],[80.6262156480275,7.302584896432214],[80.62615728185172,7.303167589585923],[80.6262103518486,7.303585617399123],[80.62623578553986,7.303658945790758],[80.62656053797406,7.303505485958809],[80.62644205588232,7.303103483305626],[80.62803097592149,7.302608733506736],[80.62864312306097,7.302543294525901],[80.62885072122886,7.302507505908502],[80.62892938721748,7.302799658394319],[80.6289565242902,7.302830670363456],[80.62904813798201,7.303159429602593],[80.62907742609741,7.303467191383981],[80.62917916926835,7.303790470206408],[80.62919604393932,7.30387148583736],[80.62948873982747,7.304524181002235],[80.6295127551621,7.30463272138933],[80.6301889783797,7.304472442592899],[80.63037303533078,7.304415078957901],[80.63083081509109,7.304268593242822],[80.6310611457007,7.304197134409267],[80.63107408666835,7.304193120758995],[80.63140643496187,7.304090012335394],[80.63149101397002,7.303719468057212],[80.63149599669018,7.303701052630275],[80.63157612990729,7.303565681638448],[80.63185800312765,7.303279769991717],[80.63159686909185,7.302803654197599]]]]}},{"type":"Feature","properties":{"GND_N":"Nuwara Dodamwala","GND_NO":"232","GND_C":"095","PROVINCE_N":"CENTRAL","PROVINCE_C":"2","DISTRICT_N":"KANDY","DISTRICT_C":"1","DSD_N":"GANGAWATA KORALE","DSD_C":"30","Admin_Code":"2130095","GND_NO_Cen":"232","GND_NAME_C":"Nuwara Dodamwala","GND_NO_Gaz":"232","GND_NAME_G":"නුවර දොඩo","shape_1":"Polygon","Area__Ha_":80.8067066465,"MWS_ID":"117","Alt_MWS":null,"Total_Pop":1947.0,"Density":2409.45347336,"Area_Sqkm":0.80806706647},"geometry":{"type":"MultiPolygon","coordinates":[[[[80.6262156480275,7.302584896432214],[80.62620128687337,7.302290510472898],[80.62577332438751,7.302311322419397],[80.62570229252518,7.30228513001737],[80.62568623053356,7.302283797140976],[80.62567620843078,7.302282964550647],[80.62566219958467,7.302281802367549],[80.62564223326639,7.302280144446027],[80.6255521518584,7.302248999126387],[80.62552460680779,7.302238962114868],[80.6255050859872,7.302232213113671],[80.62549339283575,7.30222612505969],[80.6254914637653,7.302225969779338],[80.62541897598825,7.302152656361749],[80.62541157460296,7.302144784647667],[80.62540242144918,7.302131995655568],[80.62539335248483,7.302119326963674],[80.62538795075675,7.30211178237103],[80.62537361739477,7.302014275693053],[80.62536027184456,7.301971663213432],[80.62534336538008,7.301609752117636],[80.62508093993245,7.30169579997255],[80.6250267039787,7.301422535069003],[80.62463885362068,7.301598749296095],[80.62417052909859,7.300445251639128],[80.6241579553087,7.300416162322613],[80.62407545668096,7.300195259547303],[80.62385038869544,7.29982420527979],[80.62384495450249,7.299819077858406],[80.62374307709648,7.299643814046394],[80.62373768727663,7.299638712863518],[80.62350648423913,7.299378483138021],[80.62332418198763,7.299038693967468],[80.62331246728468,7.299021735231486],[80.62314695150125,7.298795719255043],[80.62300508555242,7.298594968416666],[80.62293099913572,7.298402590891941],[80.62292273524189,7.298382610235083],[80.62277617129499,7.298132717030332],[80.62276462658373,7.298116697908397],[80.62257583569853,7.29779687232587],[80.62257189334272,7.297770119004098],[80.62229957337986,7.297172746191995],[80.62229696139738,7.297170093886374],[80.62223241948276,7.297081187076742],[80.62214417816118,7.296890542661717],[80.62150161683894,7.296240082366266],[80.62142838683134,7.296188631387517],[80.62138106447304,7.296116756570118],[80.6213279547327,7.296021518011849],[80.62128743798147,7.295885616382764],[80.62125942739081,7.295795512920662],[80.62121583235184,7.295814553415714],[80.61974494613351,7.293484135077838],[80.61966432848197,7.293359207585159],[80.61948558214674,7.293132716370079],[80.61935450600753,7.292950547948598],[80.61932964583768,7.292928211179134],[80.6193069697016,7.292891574527128],[80.61920511528719,7.292800077969016],[80.61917902298049,7.292791981719136],[80.61910162477743,7.292738543978898],[80.61907910446128,7.292722620419133],[80.6190654978257,7.292711726073548],[80.61900847131106,7.292600121625175],[80.61889491919212,7.29243137269228],[80.61874088820502,7.292327324220311],[80.6186047697799,7.292186679399542],[80.61859976692364,7.292181306096675],[80.61825650444203,7.291625223697439],[80.61719157635596,7.290912237038738],[80.61690621795721,7.290721495053195],[80.6164231262756,7.290354785303141],[80.61613075044988,7.290052203456734],[80.61610839144913,7.29002901193001],[80.61580746373049,7.28983101485821],[80.61528735075879,7.289546705285233],[80.61489216902716,7.289253545029356],[80.61488097282181,7.2892419542039],[80.61483601095698,7.289206943449444],[80.61410027753857,7.288860762673156],[80.61373018314094,7.288700745447041],[80.61349024940948,7.288524914253787],[80.61322800006059,7.288404907424745],[80.61321982672649,7.288396638247978],[80.612996924607,7.288357576929415],[80.61227635328328,7.288137581451021],[80.61193349243491,7.287992664557902],[80.61174398854442,7.287916922698121],[80.61148026522449,7.287815322313202],[80.61146035294047,7.287808997597686],[80.61144782650484,7.287809620616601],[80.61128832359897,7.287758958576729],[80.61128468138881,7.287755498290859],[80.61117108659495,7.287660086377084],[80.6111599818609,7.287646396609137],[80.61106857247725,7.287562578694571],[80.61097561988599,7.287446642994182],[80.61093473686313,7.287371683079932],[80.61093132029463,7.287365409589087],[80.61091993151497,7.287338510566547],[80.61078425619668,7.287018059353219],[80.61026105107253,7.287691370236847],[80.61006108974627,7.288316048493067],[80.60957558534825,7.288610836845955],[80.60955825351135,7.288611265423454],[80.60946462349675,7.288640160415675],[80.60931100388395,7.288664853549168],[80.60925893096311,7.288669722970362],[80.60925462452053,7.28866975845558],[80.60907307175503,7.288715761920098],[80.60905093470697,7.28872041631364],[80.60903793748744,7.288720531777444],[80.60884214863043,7.288790710922941],[80.60899753726278,7.289419382394935],[80.60907069143013,7.289585379666739],[80.60926329575922,7.290022425082233],[80.60938541768839,7.290259341306147],[80.60981137047611,7.290613223446034],[80.60988649454896,7.290652802577688],[80.60990352383327,7.290667463968965],[80.6099247943525,7.290687049942107],[80.60997715635496,7.290711772037278],[80.61028296135072,7.290829728611156],[80.61030543646064,7.290834487165708],[80.61035025003363,7.290853549131262],[80.61037712860599,7.290867865060679],[80.61076165846146,7.29101691841663],[80.6107753250268,7.291021760534723],[80.6107935389195,7.291021760874905],[80.61083003738676,7.291036451064434],[80.61084829563929,7.291041435028266],[80.61114246726275,7.291155877172955],[80.61116552371833,7.291160962350791],[80.61118864638773,7.291170719177059],[80.61122105944843,7.291185303848155],[80.61123034709934,7.291190193185525],[80.61162854675186,7.291264994931018],[80.61227568031421,7.291337830360718],[80.61283029154028,7.291466465748709],[80.61284921451158,7.291476673123073],[80.6135486699246,7.291697744430539],[80.61356374462403,7.291708250617893],[80.6143781261511,7.292195407777784],[80.61440291908592,7.292215014701457],[80.61471746913683,7.292531394373321],[80.61556011761563,7.293170925455867],[80.61622372402148,7.29373646668809],[80.61686470867491,7.294615730408751],[80.61690338502711,7.294673516317441],[80.61834293204716,7.296419564295745],[80.61884594298952,7.297011917815417],[80.61918126976241,7.297454673421896],[80.62092163629148,7.29962480007005],[80.62166162612341,7.300929285990398],[80.6224793853725,7.303291173434432],[80.62279249559742,7.30525411864677],[80.6228105585424,7.305626443174532],[80.62293389703383,7.30555849968988],[80.62476006967677,7.304552502778176],[80.62558200261296,7.304295033875867],[80.62572213963263,7.304223001444674],[80.62605491077541,7.303990878502486],[80.6263131136401,7.303881886558119],[80.62623578553986,7.303658945790758],[80.6262103518486,7.303585617399123],[80.62615728185172,7.303167589585923],[80.6262156480275,7.302584896432214]]]]}},{"type":"Feature","properties":{"GND_N":"Mahaiyawa","GND_NO":"239","GND_C":"065","PROVINCE_N":"CENTRAL","PROVINCE_C":"2","DISTRICT_N":"KANDY","DISTRICT_C":"1","DSD_N":"GANGAWATA KORALE","DSD_C":"30","Admin_Code":"2130065","GND_NO_Cen":"239","GND_NAME_C":"Mahaiyawa","GND_NO_Gaz":"239","GND_NAME_G":"මහයියාව","shape_1":"Polygon","Area__Ha_":48.9712320852,"MWS_ID":"117","Alt_MWS":null,"Total_Pop":2142.0,"Density":4373.99654612,"Area_Sqkm":0.48971232085},"geometry":{"type":"MultiPolygon","coordinates":[[[[80.63928587249319,7.307388207391376],[80.63991131704249,7.306746035482336],[80.64022256473119,7.306261486515714],[80.64086870853082,7.305635350921164],[80.6409032878518,7.305606127904728],[80.64130750410229,7.305020162236499],[80.64130405691395,7.304640348568336],[80.64103364562843,7.304571486288546],[80.64091017473042,7.304595536260376],[80.64026965387546,7.304923247400069],[80.6397695002136,7.305091767764831],[80.63935644219507,7.304883996544364],[80.63912829838647,7.304389743825821],[80.6391898516195,7.30394606906511],[80.63949896061062,7.303345498712245],[80.6398904533998,7.303129906639543],[80.6399997022511,7.302961017680516],[80.64019035980736,7.302679488867684],[80.64022808104278,7.302308085846025],[80.64027017178074,7.302195569790235],[80.64035595378473,7.301658038168954],[80.64037668317324,7.301460381867367],[80.64028160776468,7.301042828393067],[80.64031482340042,7.300831802114663],[80.64039078582607,7.300533387818232],[80.64058266265407,7.300421009941554],[80.64077824996471,7.300047086045432],[80.64092689136129,7.299691949341494],[80.64093744417845,7.299518124655365],[80.6409910289413,7.299362070667798],[80.64098837447928,7.299268343378118],[80.64078734900146,7.299161157524764],[80.64066517072382,7.298970042493433],[80.64054525413043,7.298802663352778],[80.6405353410536,7.298788826342957],[80.64036193575612,7.298588367031458],[80.64031834241645,7.298552475677795],[80.64029103891428,7.29852494498839],[80.63978697139996,7.29905875397396],[80.63973671453884,7.299110726252192],[80.63972550512408,7.299479957030174],[80.63947749074796,7.299469114389694],[80.6394485964173,7.299928493374952],[80.6390011727306,7.299888954309539],[80.63861342060684,7.300180010004715],[80.63851037353439,7.300350703725273],[80.63843793720557,7.300588191351995],[80.63827971592775,7.300830999881415],[80.6379593556821,7.300751252607744],[80.6379479956258,7.300733583567959],[80.63792008718218,7.300408469064971],[80.63779129210631,7.300387494043104],[80.63735396153203,7.300405303712061],[80.63727006072277,7.300500983871173],[80.63727300685858,7.300659497322617],[80.63737185920968,7.300647565641902],[80.63738973662724,7.300949640869219],[80.63739135806647,7.301127766430926],[80.63746675242504,7.301168111591352],[80.6374704742921,7.301169788409505],[80.63750650667356,7.301186029015953],[80.6375437089733,7.301252958869266],[80.63754471332207,7.301291335984151],[80.63754648387098,7.301359125785937],[80.63754608687411,7.301471711373091],[80.6375478593356,7.301600846369359],[80.63755009107068,7.301712075404922],[80.63756232983874,7.301811385187473],[80.63756653169848,7.301845464228572],[80.63757836119942,7.301959140544046],[80.63758050153731,7.302067205394036],[80.63765700202606,7.302165978776273],[80.63749968380388,7.30216755635173],[80.63737614752915,7.302167338380851],[80.63723640382106,7.302152736062337],[80.63708200222044,7.302091919303749],[80.63694942425518,7.302039701013822],[80.63690310440369,7.302037027153353],[80.63681556546557,7.302031972180371],[80.63670279278763,7.302077424645604],[80.63658723601873,7.302172367809314],[80.63656735735388,7.302188701501986],[80.63643426827929,7.302329822844517],[80.63634746379978,7.302449976869286],[80.63634772496057,7.302588682530551],[80.63634777552643,7.302615374851815],[80.63635328781639,7.302699013718064],[80.63635426497007,7.302713855438507],[80.63639766626886,7.302831634440605],[80.63640322253464,7.30284671179507],[80.6364269066983,7.30299140848725],[80.63642036886344,7.303045573292748],[80.63640006873342,7.303086080667773],[80.63636400441364,7.303143040559157],[80.63625556775628,7.303220867384034],[80.63610248307478,7.30329867940663],[80.63605015933048,7.303313194386332],[80.63596734094676,7.303336165958697],[80.63582548920776,7.303400418646421],[80.63571009135738,7.303440171119688],[80.63560663375591,7.303478319436215],[80.63556208295145,7.303494745765389],[80.6354334635891,7.303532052425156],[80.63548540191148,7.303212614655147],[80.63549596870719,7.303200825845087],[80.63553493116113,7.303147394614447],[80.63556963724325,7.303089800451418],[80.63566245482613,7.302851274324722],[80.63573460398804,7.302677852440408],[80.63576109789665,7.302522320615947],[80.63577555332779,7.302476967099134],[80.63577848974354,7.302467751359673],[80.63588448253635,7.302135226099222],[80.63592435195254,7.301993096571892],[80.63592818638551,7.301979428323452],[80.63598412539937,7.301790989918999],[80.63602366327176,7.301669185386693],[80.63604033221385,7.301617833401822],[80.63607633772321,7.3014557935241],[80.63608881303693,7.301422742418726],[80.63612483398911,7.301327307156885],[80.63616636952837,7.301147996802112],[80.63620725511957,7.301022763550375],[80.63622712591776,7.300961749169848],[80.63623819858994,7.300927746297219],[80.63617106740104,7.300894793462509],[80.6360878443355,7.300863478737456],[80.63599999160705,7.300863451436775],[80.63598645175534,7.300868623457195],[80.6359067860092,7.300899051081832],[80.63584056614468,7.30094388389963],[80.6357442789714,7.300986537017892],[80.63568078931529,7.300989231054058],[80.63566240275088,7.30098976700248],[80.63565524811736,7.3009887709442],[80.63562943334345,7.30098270226145],[80.63559049555774,7.300972381975773],[80.63557754666454,7.300967405177314],[80.63556459760197,7.300960075382491],[80.63552810244374,7.300932448401231],[80.63552050098423,7.300926693759966],[80.6354608732474,7.301036276659711],[80.63540596226008,7.30111710328909],[80.63535285064886,7.301236183386356],[80.635294297585,7.30138139703154],[80.63523465637715,7.301533572554612],[80.63516115281543,7.301702472430136],[80.63509018431353,7.301868209833565],[80.63499821871618,7.301989085423662],[80.63490888050794,7.302109872290729],[80.6348244263609,7.302182607830074],[80.63479174287129,7.302210756665737],[80.63476056346073,7.302257038145108],[80.6347255955768,7.302308942292351],[80.63464721044349,7.302444834395401],[80.63462235107886,7.302582642327725],[80.63461568187836,7.302624766272118],[80.63460066097296,7.302719637380357],[80.6345690939453,7.302877790012203],[80.6345104551618,7.303008985913379],[80.63442463686296,7.30315907318663],[80.63436574455302,7.303232394518036],[80.63435342244269,7.303247213067204],[80.63425982964257,7.30335977743708],[80.63418056045188,7.30342901753948],[80.6341427798629,7.303462016302503],[80.63408869422263,7.303514539243848],[80.63399254091627,7.303698624949675],[80.63395564798347,7.303797092775589],[80.63392798821747,7.303913919951059],[80.63390455916138,7.304110145327228],[80.63390233028358,7.304127187111335],[80.63387405394359,7.304343355348235],[80.6338709024664,7.304571058659413],[80.63386472362188,7.304740361149461],[80.63386395891547,7.304761320834039],[80.63383753613824,7.304972829775421],[80.63382867747761,7.305204508399895],[80.63383106916046,7.305376870133895],[80.63383354759712,7.305555561107818],[80.6338360264355,7.305732986056826],[80.63383640075527,7.30576073289097],[80.63383788558824,7.305870983216709],[80.63383873895611,7.305876071092501],[80.63386500530855,7.306032771511037],[80.6338926699742,7.306192660939617],[80.6338991349233,7.306223912964351],[80.63392206022395,7.306334735245822],[80.63398641118377,7.306471848727069],[80.6340153650708,7.306504729260094],[80.63409768086612,7.306598213986053],[80.63410331190539,7.306605858022338],[80.63416395149923,7.306688212980239],[80.63420190547757,7.306714993199924],[80.63431960494437,7.306798043434415],[80.63442437422734,7.306865266085127],[80.63453729710338,7.306925349093413],[80.63459933298543,7.306937214048673],[80.63462593403824,7.307021503404158],[80.63468314767167,7.307103360755189],[80.63470095466454,7.307123503355897],[80.63472231346125,7.307147663078617],[80.63475367851078,7.307183142383262],[80.6348402498418,7.307223954496646],[80.63489599440943,7.307236963189679],[80.63495082791047,7.307249761792142],[80.63510397556597,7.307270517392562],[80.63525929252344,7.307305290309472],[80.6354090939898,7.307313386332933],[80.63557791494735,7.307313620809763],[80.63571466628649,7.307347393044147],[80.63589923673139,7.307381724518101],[80.63604387870024,7.307380320834954],[80.63615364502334,7.307398532347478],[80.63619583133347,7.307420126637489],[80.63630125003799,7.307474087462494],[80.63640385161096,7.307523585560268],[80.63650109793127,7.307601747462941],[80.63656736730675,7.307694910266043],[80.63669186699269,7.307805816326569],[80.63683593357449,7.307904973376012],[80.63692974610791,7.307964052436611],[80.63704800768853,7.308036252321045],[80.63713817944392,7.308156462879087],[80.63720869469356,7.308282724375027],[80.637233191567,7.308436916427885],[80.63723492671623,7.30856630729054],[80.63723505065636,7.308575546588297],[80.63722956917292,7.30872828160404],[80.63722951368914,7.308907604787972],[80.63722448779286,7.309051476872382],[80.63721847409464,7.309167950091983],[80.63777326531924,7.308629325655689],[80.63928587249319,7.307388207391376]]]]}},{"type":"Feature","properties":{"GND_N":"Ampitiya Pallegama","GND_NO":"271","GND_C":"245","PROVINCE_N":"CENTRAL","PROVINCE_C":"2","DISTRICT_N":"KANDY","DISTRICT_C":"1","DSD_N":"GANGAWATA KORALE","DSD_C":"30","Admin_Code":"2130245","GND_NO_Cen":"271","GND_NAME_C":"Ampitiya Pallegama","GND_NO_Gaz":"271","GND_NAME_G":"අම්පිටිa","shape_1":"Polygon","Area__Ha_":79.6395994871,"MWS_ID":"117","Alt_MWS":null,"Total_Pop":3165.0,"Density":3974.15358739,"Area_Sqkm":0.79639599487},"geometry":{"type":"MultiPolygon","coordinates":[[[[80.67177935786461,7.276038696846756],[80.67176169301038,7.275915035391463],[80.67171176929821,7.27596325948857],[80.67168441599206,7.27597609429922],[80.67165670182882,7.275978981669976],[80.67163496977959,7.275964688627459],[80.67161432871916,7.275936107817475],[80.67158826030023,7.27587569421585],[80.67156300927205,7.275805333446915],[80.671549089614,7.275684242884177],[80.67154512136132,7.275616780813602],[80.67156324786734,7.275553755853557],[80.67159160287461,7.275521026571393],[80.67162955179417,7.275505752592005],[80.67170997395917,7.275503599941543],[80.6717730066845,7.275494752309607],[80.67177930988461,7.275491050635826],[80.67187980511123,7.275432019995173],[80.67189981339594,7.275420267739966],[80.67196331076278,7.275375880097128],[80.67202164608616,7.275323173458689],[80.6721305395652,7.275164583424905],[80.67217004008778,7.27510092943726],[80.67221678491266,7.275040713470359],[80.67227095463366,7.274990174363926],[80.67233326971227,7.274955100737377],[80.67227434324334,7.274822426557319],[80.67222346281508,7.274652998740091],[80.67221000179036,7.274608181904714],[80.67218540214324,7.274466019494545],[80.67214900816607,7.274407322630973],[80.67210121484977,7.274301958287418],[80.67209507393525,7.274230426343853],[80.6720859433494,7.274159618060335],[80.67203949785625,7.27410046581744],[80.67200409069868,7.274078663007304],[80.67198504642431,7.274065378900662],[80.67188945744145,7.273998696926636],[80.67178121770674,7.273912239382581],[80.67168210422835,7.273833069907334],[80.67152564045847,7.27370724489836],[80.67145691802577,7.273637417546036],[80.67139697309558,7.273606295569426],[80.67128459542388,7.273556080592132],[80.6711021307624,7.273466603376112],[80.67103404795547,7.273427231294937],[80.67102688263144,7.273423088816453],[80.67095335231177,7.273388163733516],[80.67087936833666,7.273364635489907],[80.6707506889361,7.273316225196387],[80.67069980123085,7.273277871702992],[80.67066295330376,7.27322911925788],[80.67064176564482,7.273211209074944],[80.67058760893795,7.27320631409376],[80.67049016312589,7.273208189473586],[80.67046009718295,7.273203392344163],[80.67043908875864,7.273189730618931],[80.67043067180717,7.273166487107045],[80.67043412097138,7.273137279764149],[80.67046782480261,7.273068831748117],[80.67048939624621,7.272998662715226],[80.67048887093502,7.2729254138818],[80.6704888023268,7.272924475197112],[80.6704774955973,7.272769418598645],[80.67043431416641,7.272699505724654],[80.67038116871619,7.272630675682513],[80.67032440981157,7.272534805162435],[80.67025687326205,7.272430072635009],[80.67021879144698,7.272379730096342],[80.67018490244044,7.272319015253157],[80.67010736469564,7.27215803800934],[80.67005067809916,7.272109461723607],[80.67004113930638,7.272093076190603],[80.67001733170255,7.272052196918966],[80.66996146974047,7.271986170440256],[80.66990162558164,7.27190540103764],[80.66986188476288,7.271831872600867],[80.66982503777749,7.271783845340322],[80.66977406044302,7.271742595233549],[80.66967608791066,7.271671403371294],[80.66948512477997,7.271533001509736],[80.66940715786737,7.27149183542758],[80.6693390588675,7.271473010711134],[80.66925049275345,7.271461233823688],[80.66907589359934,7.271426195017638],[80.66901730750659,7.271391548069968],[80.668944592466,7.271361597440162],[80.66886870484531,7.271343764638893],[80.66880956689867,7.27134103859907],[80.66873278687852,7.271343740523338],[80.66871003814846,7.271344540856748],[80.66863849105856,7.271357816238583],[80.66861675398015,7.271369748803304],[80.66858658480862,7.271411068372829],[80.66856456635239,7.271463602357438],[80.66855169890759,7.27148738342478],[80.66851338499545,7.271518935461159],[80.6684640242164,7.271535199395918],[80.66841086105858,7.271542331651371],[80.66832030028007,7.271536341659719],[80.66826361664776,7.271491655474051],[80.6682414399926,7.271463326445449],[80.66822007001043,7.271436029420302],[80.66812301416667,7.271319983913076],[80.66803039973318,7.271188205442733],[80.66795009450459,7.271087356226938],[80.66790682265551,7.271015363191344],[80.667885557893,7.270938492171288],[80.66788340421391,7.270859635348585],[80.66789094197067,7.270772011798409],[80.66789086699154,7.270737266570443],[80.66789069756275,7.270658339686067],[80.66786934424113,7.270580744294744],[80.66782815445625,7.270505135433123],[80.66777310760905,7.27044480419604],[80.66770664431036,7.270407530900276],[80.66762777075456,7.270383367042126],[80.66755188283013,7.270367704354871],[80.66753721087849,7.270363360168449],[80.66745860675961,7.270341095386446],[80.66735256934243,7.270307574439548],[80.66729714637904,7.270290054666456],[80.66719056486127,7.270244631991791],[80.66715633889953,7.270216500764167],[80.66708553370195,7.270150921582982],[80.6670042296222,7.270066439881962],[80.66692371512897,7.269986324342073],[80.66689087229301,7.269953645678194],[80.66675732087656,7.269831532222075],[80.66668949933961,7.269797876574957],[80.66661433481524,7.269783569460562],[80.66650467110541,7.269755238150645],[80.66642851383459,7.269726825414311],[80.66642833361495,7.269726824466308],[80.66642660905056,7.269724127410356],[80.66642145255824,7.269716061567164],[80.6663636894588,7.269646869120943],[80.66623213885399,7.269494822594496],[80.66618283273117,7.269436055200085],[80.66616740714193,7.269417670545814],[80.6660971474866,7.269344313416309],[80.6660965643826,7.269343823141128],[80.6660265230655,7.269285065155285],[80.66595263542645,7.269238023303167],[80.66592006390701,7.269211082451548],[80.66591107556955,7.269203649587014],[80.6659058345319,7.269196963686963],[80.66583366866037,7.269104880607047],[80.6658191593219,7.269083889957098],[80.66579365413992,7.269046994420209],[80.66576703152171,7.26903559458717],[80.66570155482768,7.269035306415185],[80.66562873802191,7.269053556504065],[80.66562212584702,7.269054367859395],[80.66557276855944,7.269060777271848],[80.66554342762787,7.269055252031647],[80.66552504779004,7.269033725982127],[80.66546927686261,7.268973668295806],[80.66545379620703,7.268951054169165],[80.66544728076312,7.268926728577061],[80.66544322436891,7.268853297107031],[80.66544167815536,7.268825033577401],[80.66544042946562,7.268802202281206],[80.66543554558869,7.268775705851423],[80.66541789559385,7.268732475749473],[80.66538902263197,7.268668986465947],[80.6653763750416,7.268678534640743],[80.66535478183722,7.268694833071321],[80.665256686223,7.268768880674661],[80.66521173423567,7.268810860159784],[80.6651171887424,7.268899155928712],[80.66501526876453,7.269049697705827],[80.66490113230606,7.269172551155404],[80.66485139568769,7.269226086445382],[80.66463429629466,7.269328325272276],[80.66461110683636,7.269339247179256],[80.66451310786051,7.269373044022198],[80.66435587765301,7.269427173077911],[80.66412066503999,7.26951673153614],[80.6638963236344,7.269587483927522],[80.66371220767033,7.26959539519663],[80.66350535269196,7.269630792507497],[80.66333870656028,7.269677323605122],[80.66314124340445,7.269822686576769],[80.66296053757166,7.269954759464254],[80.66273782755188,7.270029768246839],[80.66268982158115,7.270045936036646],[80.66245976810605,7.270144628395006],[80.66230943744698,7.270223597913557],[80.66224863908162,7.270255534419893],[80.66210687529157,7.270382282264558],[80.66205666303175,7.270427567144609],[80.6620401152311,7.270442491237515],[80.66194834924393,7.270544383250845],[80.66191093112405,7.270595430860993],[80.6618091068313,7.270734343452292],[80.66167433415873,7.270943451586192],[80.66166505413918,7.270957849389325],[80.66158703817348,7.271120243704943],[80.66153359538474,7.271162009959552],[80.66144509879611,7.271230533842102],[80.66142634688215,7.271248072602235],[80.66134227854418,7.271349602906087],[80.66128529559514,7.271423380624261],[80.66124869049354,7.271464114784989],[80.66116870875804,7.27155311966144],[80.66106733872431,7.271663328648841],[80.66099169378329,7.271721202092435],[80.66095130560338,7.271752101853974],[80.66080772417136,7.271904078009402],[80.66063370664531,7.272078927066839],[80.66062328884422,7.27209076899114],[80.66049628314046,7.272235066301412],[80.66040823419772,7.272318780599384],[80.66040203075511,7.272325293624014],[80.66031049009928,7.272421394175844],[80.66021183804467,7.272536396473036],[80.66011818055921,7.272587827402176],[80.66009334278567,7.272590890241036],[80.65998722277075,7.272603980848197],[80.65993723164361,7.272604691452075],[80.65980156523351,7.272614694362134],[80.65968199753283,7.272708167802601],[80.65958678629555,7.272821090943909],[80.65952336810543,7.272913315491762],[80.65949521221744,7.272947316420527],[80.6594765122848,7.272969897513171],[80.65941637933295,7.273042511235097],[80.65930259932011,7.273167549012701],[80.65923728399729,7.273241232067463],[80.65927191093948,7.273321551415053],[80.65943337376845,7.273696068408197],[80.6595157217321,7.273862739445915],[80.65959497669195,7.274009614441129],[80.65961734147139,7.274110852595088],[80.65973279750716,7.274205113592255],[80.65980441689524,7.274293400300246],[80.65983177127843,7.274396631910119],[80.65983691522818,7.27444604353785],[80.65954917846122,7.274577883988375],[80.65966403364203,7.275200000149339],[80.65996120926947,7.275008666046411],[80.66049797514127,7.274917882130404],[80.66053619357183,7.275382064269313],[80.66073745976207,7.27543953993476],[80.66114003325264,7.275372648898617],[80.66212253778014,7.275076208900276],[80.66224231863707,7.275186302019313],[80.66229484369144,7.275947175546193],[80.66211800389884,7.275986697026095],[80.6620606389584,7.276261842581695],[80.66214442611663,7.276569723397989],[80.66217255359666,7.276795057896651],[80.66228787901076,7.277138773374411],[80.66224243916594,7.277264808433433],[80.6624676962811,7.277364203002527],[80.66285739328376,7.277191776681679],[80.66310282753281,7.277127801594466],[80.66328765461368,7.276921651833801],[80.66330627881364,7.276919326993972],[80.66352411039487,7.276740614739914],[80.6635343642732,7.276703540800594],[80.66364694117398,7.27646669796056],[80.66373645612227,7.27640297035965],[80.6639020509615,7.276271094239111],[80.66391085280124,7.276260505207021],[80.66411424317062,7.276108199291365],[80.66414795846569,7.276082192605148],[80.6641709007934,7.276086860883289],[80.66418843128966,7.276090427281245],[80.66427074226915,7.276403990012981],[80.66433737170803,7.276588015332291],[80.66441142485857,7.276778884445763],[80.66441570995414,7.276999704062664],[80.6644256711899,7.277017651547776],[80.66429355078421,7.277166926821834],[80.66432347134702,7.277298529552287],[80.66442527328809,7.277439122563132],[80.66470690589864,7.277119175818145],[80.66478178308282,7.277128166782489],[80.66504843700964,7.276811206660006],[80.66500680890043,7.276709549859188],[80.66516394132205,7.276540308034478],[80.66528379652185,7.276452175864812],[80.66537568167324,7.276445905331225],[80.66544605132219,7.276451468669298],[80.66559363332259,7.276545159109282],[80.66571180954303,7.276448981719158],[80.66577949496916,7.276431979232113],[80.66603093092958,7.276572182470145],[80.66620338704526,7.276396447484156],[80.66629060431868,7.276353771934684],[80.66648293704561,7.276134189213316],[80.66666471974631,7.276041548356092],[80.66684146877753,7.275922965318601],[80.66711239314876,7.275797826114457],[80.66744388442584,7.275467365324009],[80.66751160508802,7.275431052960652],[80.66779761314164,7.275299037913894],[80.66801804633086,7.275133618259794],[80.66804077651622,7.275131641458796],[80.66820566979337,7.275021617902785],[80.66822361078582,7.275027926095188],[80.66817254252874,7.275142312092398],[80.66816529133914,7.27516392505684],[80.66815631247428,7.275222159244685],[80.66815966010877,7.275235635091794],[80.66816744860012,7.275235636047642],[80.66822904167378,7.275195318754049],[80.66824398776306,7.27517877444553],[80.66832064627953,7.275062048776806],[80.66832670267719,7.27505282450223],[80.66845524044447,7.2749406308939],[80.66857725164556,7.274845617488912],[80.66862354211389,7.274797519476372],[80.66864147354502,7.274802135695416],[80.66864681324942,7.274813259011518],[80.66865740213778,7.274842923635437],[80.66866707081559,7.274929919165122],[80.66864259715643,7.275023599338433],[80.66859728832702,7.27513644581882],[80.66858125738507,7.275171598667971],[80.66854083660293,7.275260231731499],[80.66853675652342,7.275279944607766],[80.6685496126839,7.275300113667294],[80.6685587574546,7.275309248418928],[80.6685693522612,7.275314135995183],[80.6686014397487,7.275284598178422],[80.66860174562413,7.275285564048834],[80.66860148561598,7.275297328994081],[80.6685994442296,7.275316630897111],[80.66868028465821,7.275428925001873],[80.66881002638969,7.275475011168253],[80.66896000831815,7.275555204339885],[80.66896741911097,7.27556685354425],[80.66906034584375,7.275688861777595],[80.66919554640499,7.275775140959962],[80.6692060509939,7.275782461984671],[80.66971064175925,7.276219559291436],[80.66980299545051,7.276388074736174],[80.66978051355358,7.276531192880753],[80.66977535864336,7.276546544052172],[80.66974497979827,7.276677038951881],[80.6697370620499,7.276691216588918],[80.66973330979982,7.276703474462822],[80.66969353845296,7.276815083451805],[80.66971136771029,7.276942106315557],[80.66971820424553,7.277050147943209],[80.66976711937922,7.277105619572377],[80.66976808117364,7.277109446817004],[80.6697884333002,7.277203130357926],[80.66981416101883,7.277305810282938],[80.66985917152985,7.277512881365572],[80.66992297615218,7.277796131884356],[80.66994834804005,7.277891021129959],[80.6699926493356,7.278056705613086],[80.6712394536068,7.277363555856526],[80.67178812379298,7.277171887033553],[80.67178038010923,7.277025187089476],[80.67177800597044,7.276980206413348],[80.67175490300359,7.276542467743945],[80.67173817497083,7.27619815699809],[80.67171460612018,7.276059433883089],[80.67177935786461,7.276038696846756]]]]}},{"type":"Feature","properties":{"GND_N":"Poorna Watta West","GND_NO":"240","GND_C":"080","PROVINCE_N":"CENTRAL","PROVINCE_C":"2","DISTRICT_N":"KANDY","DISTRICT_C":"1","DSD_N":"GANGAWATA KORALE","DSD_C":"30","Admin_Code":"2130080","GND_NO_Cen":"240","GND_NAME_C":"Poorna Watta West","GND_NO_Gaz":"240","GND_NAME_G":"පුර්ණවතWa","shape_1":"Polygon","Area__Ha_":17.560920338,"MWS_ID":"117","Alt_MWS":null,"Total_Pop":5590.0,"Density":31832.0446332,"Area_Sqkm":0.17560920338},"geometry":{"type":"MultiPolygon","coordinates":[[[[80.63382867747761,7.305204508399895],[80.63383753613824,7.304972829775421],[80.63386395891547,7.304761320834039],[80.63386472362188,7.304740361149461],[80.6338709024664,7.304571058659413],[80.63387405394359,7.304343355348235],[80.63390233028358,7.304127187111335],[80.63390455916138,7.304110145327228],[80.63392798821747,7.303913919951059],[80.63395564798347,7.303797092775589],[80.63399254091627,7.303698624949675],[80.63408869422263,7.303514539243848],[80.6341427798629,7.303462016302503],[80.63418056045188,7.30342901753948],[80.63425982964257,7.30335977743708],[80.63435342244269,7.303247213067204],[80.63436574455302,7.303232394518036],[80.63442463686296,7.30315907318663],[80.6345104551618,7.303008985913379],[80.6345690939453,7.302877790012203],[80.63460066097296,7.302719637380357],[80.63461568187836,7.302624766272118],[80.63462235107886,7.302582642327725],[80.63464721044349,7.302444834395401],[80.6347255955768,7.302308942292351],[80.63476056346073,7.302257038145108],[80.63479174287129,7.302210756665737],[80.6348244263609,7.302182607830074],[80.63490888050794,7.302109872290729],[80.63499821871618,7.301989085423662],[80.63509018431353,7.301868209833565],[80.63516115281543,7.301702472430136],[80.63523465637715,7.301533572554612],[80.635294297585,7.30138139703154],[80.63535285064886,7.301236183386356],[80.63540596226008,7.30111710328909],[80.6354608732474,7.301036276659711],[80.63552050098423,7.300926693759966],[80.63551195490751,7.300883257429236],[80.63551184820655,7.300882713005649],[80.63537502128509,7.300769792511864],[80.63491013157547,7.300786032181597],[80.63368822288182,7.300761927888519],[80.63353711922072,7.30077737263435],[80.63351583698403,7.300775663100106],[80.63339739916084,7.300787085845654],[80.63338273777457,7.300784540112685],[80.63336485016235,7.300785358268127],[80.63325703175346,7.300801788751031],[80.63324553740009,7.300799749522559],[80.63323693293661,7.300798223045154],[80.633116382212,7.300894773394468],[80.63276032701202,7.300937044968313],[80.63248366282771,7.301191260383443],[80.6324164694665,7.301495104568495],[80.63232044578015,7.302026239634573],[80.63218624012514,7.30206687142588],[80.63203970901642,7.302180555135189],[80.63159686909185,7.302803654197599],[80.63185800312765,7.303279769991717],[80.63157612990729,7.303565681638448],[80.63149599669018,7.303701052630275],[80.63149101397002,7.303719468057212],[80.63140643496187,7.304090012335394],[80.63107408666835,7.304193120758995],[80.6310611457007,7.304197134409267],[80.63108434242484,7.304255884464585],[80.6311148548186,7.304333161510383],[80.63114889793916,7.304431916875076],[80.63115799814759,7.304432613402961],[80.63117125852344,7.304429555700605],[80.63117769120396,7.304428230253802],[80.63118632289594,7.304426961581023],[80.63118857246332,7.304427523876488],[80.63119538093702,7.304429224346581],[80.63119948291262,7.304434595414325],[80.63120005871056,7.304435291912486],[80.63120358502518,7.304439542364212],[80.63120740333584,7.30444547852976],[80.63121345517835,7.304448342593589],[80.63121914652027,7.304456926254908],[80.63122027681672,7.304462579413509],[80.63122154745058,7.30446837368841],[80.63122437556267,7.304475156866856],[80.63122791102373,7.30448193936843],[80.63123116422656,7.304487733376544],[80.63123724836713,7.304491551489622],[80.63123965297876,7.304497203249321],[80.63124601905884,7.304502999162571],[80.63124729032552,7.304509640769079],[80.63124955233275,7.304516564836546],[80.63125265841482,7.30454044394343],[80.63125223164398,7.304543834940704],[80.6312520893015,7.304549910903595],[80.63125265331101,7.304556269236002],[80.63125618868693,7.304560510647221],[80.63125802755779,7.304565173822278],[80.63125887299982,7.3045778903962],[80.63126056903867,7.304584531234934],[80.63126174836324,7.304587004881486],[80.63126495236334,7.304593717644917],[80.63126551568952,7.304602195662194],[80.63126324912524,7.304609400416022],[80.631263671527,7.304616748914134],[80.63126678253128,7.304625368821655],[80.63126946767619,7.304634553781321],[80.63126875981486,7.304641759940568],[80.63126847274336,7.304647270667851],[80.63127002708401,7.304655182910331],[80.63127228791302,7.304662955213018],[80.63127610898904,7.304668750307688],[80.63127610499087,7.304675531671008],[80.63127638642356,7.304681889912511],[80.63128147977518,7.304688392580695],[80.63128515634484,7.304695741220534],[80.63128656885608,7.30470252303919],[80.63129137858891,7.304709447925386],[80.63129632788986,7.304716091618283],[80.63129760187522,7.304722732321172],[80.63129802178854,7.304729373653868],[80.63130155992393,7.304736298131203],[80.63129872621127,7.304744067891947],[80.63129546904217,7.304750566971499],[80.63129928907676,7.304756786183518],[80.63130154881915,7.30476512277046],[80.63130168878135,7.30477204615553],[80.63130394993043,7.304778829151203],[80.63130536194069,7.304787166369958],[80.63130465380647,7.304795219860581],[80.63130733949973,7.304802709252974],[80.63131045037474,7.304808927332639],[80.63131101406607,7.304816275876069],[80.63131200257493,7.304823482580534],[80.63131582229201,7.304830689290635],[80.63131921506164,7.304839026241642],[80.6313203451786,7.304845242780342],[80.63132175778085,7.304851745169424],[80.63134809215424,7.304861954164362],[80.63138484052922,7.305205704920243],[80.63138928560141,7.305242526833283],[80.63141899621087,7.305379950567753],[80.63147279541225,7.305377633839325],[80.63153952797047,7.3051390053064],[80.63155687562423,7.305099841913941],[80.63155744105885,7.305104601439515],[80.63155970289179,7.305112090694391],[80.63156309575851,7.305120146405515],[80.6315652169815,7.305128340971219],[80.63156846769935,7.305136255565519],[80.63157101500919,7.305143179722847],[80.63157200225366,7.305151515900167],[80.63157200020771,7.305157873146194],[80.6315745451635,7.305163669637511],[80.63157907237348,7.305170453358813],[80.63158105231162,7.305175822838052],[80.6315821831602,7.305179779524337],[80.63158331319417,7.305183453163678],[80.63158557684271,7.30518811737795],[80.63158840492355,7.305192213871299],[80.63159066730273,7.305198008463273],[80.63159208049784,7.305205498350019],[80.63159405966677,7.305210444615383],[80.63159660507854,7.305214825873286],[80.63159660330528,7.305220336692237],[80.63159914898644,7.305226695659804],[80.63160211925826,7.30523361904834],[80.63160367261314,7.305238989294914],[80.63160593658047,7.305242664202234],[80.63160692496554,7.305244643133174],[80.6316082008172,7.305248316819227],[80.63160961152317,7.305255099540552],[80.63161159173465,7.305259621688277],[80.6316145635524,7.305261741422278],[80.63161852420951,7.305264428471097],[80.63161965524102,7.305267818159657],[80.63161837996937,7.305270786575786],[80.631623050152,7.305272341665376],[80.63163253190329,7.305269519665313],[80.63163946846635,7.305264434283921],[80.6316418764534,7.305256805455855],[80.63164272895231,7.305247620728622],[80.63164966669946,7.305236037029579],[80.63165660480657,7.305226148897776],[80.63166255194419,7.305216683661672],[80.63166920461993,7.305207218651695],[80.631676144083,7.305198743944811],[80.63168024921335,7.305188712024509],[80.63168421599832,7.30517797560817],[80.63168888900022,7.305167944774118],[80.63169299385726,7.305158761089346],[80.6316971024276,7.305149295263341],[80.6316993705781,7.305137144877457],[80.63170192162117,7.305126831220666],[80.63170758250763,7.305120333813007],[80.63171197306433,7.305112704715639],[80.63171342087765,7.305108304843619],[80.63171508898937,7.305103239475551],[80.63171834651884,7.305095609110665],[80.63172146253143,7.305088687673572],[80.63172500340728,7.305081482421605],[80.63172613730325,7.305073146020049],[80.63172939465306,7.305063255802994],[80.63173449147094,7.305056192120801],[80.63173845698223,7.305049410218381],[80.6317425628329,7.305039946199613],[80.63174582271753,7.305030621172303],[80.63174794658521,7.305022144016707],[80.6317547435367,7.305009006678978],[80.63176168250088,7.304996433671384],[80.63176890154976,7.30498597953426],[80.63180584687552,7.305154707092159],[80.6318168734372,7.305237406376769],[80.6319107655795,7.305397316221809],[80.6319162691362,7.305468988479356],[80.6319217664787,7.305557199523292],[80.63193831429034,7.305650926731732],[80.63196588694,7.30583286765501],[80.63197953726657,7.305893268578259],[80.63200451267832,7.30600378504708],[80.6321293437216,7.306254135896044],[80.63223661035637,7.30643476028277],[80.63230070729874,7.306517883437754],[80.63242211717971,7.306657005716513],[80.63247128483177,7.306696991569051],[80.63255160495969,7.30674268445237],[80.63264543178542,7.306754469376393],[80.63275538405351,7.30675667561588],[80.63292112289152,7.306764775725045],[80.63294720731253,7.306766864816963],[80.63304529031427,7.306780641380773],[80.63310669818785,7.306779213093895],[80.63316675190131,7.306761146107012],[80.63321068387972,7.306743888773908],[80.63324701070357,7.306718037246032],[80.63332591194694,7.306666064871044],[80.63340200991419,7.306608755304434],[80.63343951396926,7.306586250052837],[80.63350700389242,7.306538253865754],[80.63353490482895,7.306521351336855],[80.63359070765516,7.306481670116137],[80.63362522990688,7.306431311386897],[80.63365423612296,7.306361961461101],[80.63365825751038,7.306341726250586],[80.63366793314482,7.306293056130281],[80.63369341093876,7.306203086987249],[80.63372486285658,7.306126955559828],[80.63376600296556,7.306059597117684],[80.63377154434454,7.30601004399275],[80.63378645315508,7.305835427878059],[80.63379533740047,7.305808934619713],[80.63380485526193,7.305783615346034],[80.63383640075527,7.30576073289097],[80.6338360264355,7.305732986056826],[80.63383354759712,7.305555561107818],[80.63383106916046,7.305376870133895],[80.63382867747761,7.305204508399895]]]]}},{"type":"Feature","properties":{"GND_N":"Aruppala West","GND_NO":"223","GND_C":"055","PROVINCE_N":"CENTRAL","PROVINCE_C":"2","DISTRICT_N":"KANDY","DISTRICT_C":"1","DSD_N":"GANGAWATA KORALE","DSD_C":"30","Admin_Code":"2130055","GND_NO_Cen":"223","GND_NAME_C":"Aruppala West","GND_NO_Gaz":"223","GND_NAME_G":"අරුප්පල","shape_1":"Polygon","Area__Ha_":47.9475770455,"MWS_ID":"117","Alt_MWS":null,"Total_Pop":2924.0,"Density":6098.32692323,"Area_Sqkm":0.47947577046},"geometry":{"type":"MultiPolygon","coordinates":[[[[80.64759797457427,7.308323184404501],[80.64796584281267,7.307536124256749],[80.64790409522416,7.30734406437149],[80.64788631983323,7.307154085141823],[80.64788815335486,7.306991041638218],[80.64789486918882,7.306971820781151],[80.64793881289782,7.3067689140219],[80.64803442224638,7.306597844377317],[80.64817502644189,7.306446845841116],[80.64827065005895,7.306320526486846],[80.64840913198954,7.306166496046715],[80.64843129145468,7.306151623831413],[80.64859777002691,7.306033522898478],[80.6487137932237,7.30593021740362],[80.64875117955127,7.305892070909004],[80.6488606655233,7.305772136104633],[80.64937937732127,7.30568020351317],[80.65111260569229,7.306864137701641],[80.65102493436461,7.305587834138458],[80.65156705287062,7.304282914769834],[80.65119981727482,7.304091395594143],[80.65096958187792,7.304010964451386],[80.65081961688789,7.303958575362161],[80.65081510270372,7.303965772360329],[80.65057398468079,7.303917467884266],[80.65051226951039,7.303905102420058],[80.65046799158675,7.303886669415257],[80.6500484246215,7.303711994542575],[80.64991624409039,7.303646646041421],[80.64991412505836,7.303645598264656],[80.6498659523979,7.303621785314739],[80.64981415995378,7.303580895387171],[80.6497990384204,7.303564975410721],[80.64974326410768,7.303506360919746],[80.64973638425282,7.303497406387872],[80.64973243325062,7.303485817537979],[80.6497162138754,7.303438234881996],[80.64970498800159,7.303405306051739],[80.64963254672712,7.303367423447521],[80.649565557848,7.303332390918592],[80.64955387248969,7.303326278163429],[80.64944405961296,7.303313954202625],[80.6492960268511,7.303351498110483],[80.64927822427275,7.303355584166458],[80.64916752130274,7.303380993747872],[80.64902416236424,7.303397626871139],[80.64889396929111,7.303399002646046],[80.6487549835062,7.303455482325807],[80.64872118766453,7.303477290893468],[80.6486880630625,7.30349866558289],[80.64860396023957,7.303552934341024],[80.64860957088875,7.303728851835366],[80.64850278156148,7.303845778744033],[80.64843535738066,7.303870157738822],[80.6482606859937,7.303933312659405],[80.64778698245675,7.30386778238083],[80.64773155421487,7.303847656694778],[80.64764084808216,7.303837574984991],[80.64758544574943,7.303726952960282],[80.64754969691808,7.303566076273191],[80.6475429617927,7.303535761205255],[80.64738207705871,7.303465664322895],[80.64733132736679,7.303443553171294],[80.64719082207291,7.303381727377356],[80.64711190439951,7.30334700034539],[80.64702334199639,7.303299680828038],[80.64699907339948,7.303282582544283],[80.6468485770642,7.303178182807053],[80.64683892323781,7.303165713314026],[80.64681517028124,7.303135036152537],[80.64675876832125,7.303052820615529],[80.64673469322726,7.302996023465378],[80.64672157833317,7.302934706137318],[80.64669543195187,7.302840109422839],[80.64666782283588,7.302783402588402],[80.64662961992053,7.302723255451619],[80.64653958522786,7.302424086084943],[80.64652529661329,7.30240980935897],[80.64650973916105,7.302379710579477],[80.64645520476932,7.30233869468922],[80.64641173193311,7.302337326627171],[80.64635539980038,7.30233378362608],[80.646289644297,7.302341541692457],[80.64624643077012,7.302376795253978],[80.6462176372664,7.302429110838769],[80.64590471573484,7.302379977447832],[80.6451682350592,7.302285796076767],[80.64517394080656,7.302292399147618],[80.64509468453073,7.302391969724355],[80.64497650743687,7.30248069179207],[80.64484171521231,7.302557534583473],[80.64476474960485,7.30273664012736],[80.64479774803412,7.302921127574857],[80.6449691102199,7.303096370834658],[80.64497594714273,7.303115530485403],[80.64528804326531,7.303291513592438],[80.64541709481142,7.303384594791856],[80.64542313507131,7.303418201350911],[80.64550720874507,7.303477830156141],[80.64550303434322,7.3034935936616],[80.64548548806886,7.30355985771277],[80.64545593465758,7.303652178486857],[80.64541524507555,7.303737351129285],[80.64539548051548,7.303804354252217],[80.64539592181944,7.303847127915224],[80.64539744214548,7.303910520001056],[80.64540358634608,7.303960439312739],[80.64540706092077,7.303968653201239],[80.64541915269197,7.303997248963492],[80.64542456614011,7.304071584245294],[80.6454257296766,7.304119241353835],[80.6454278939632,7.304154600231084],[80.64541157303024,7.304214732553304],[80.64539281556885,7.304247552407032],[80.64535766400402,7.304283805661828],[80.64528891087838,7.304323935851137],[80.64494032676203,7.304567995395491],[80.64478033495017,7.304724485438205],[80.6445822680628,7.305002772109387],[80.64451686380501,7.305096206389784],[80.64449012093584,7.30513441170709],[80.6444431812848,7.305214880953314],[80.6443947071064,7.305280790467505],[80.64435003528446,7.305355110201646],[80.64430473550433,7.305402663283698],[80.64423615358416,7.305472636258205],[80.64418016308525,7.305535016765295],[80.64402617165987,7.305612019147995],[80.64396828774309,7.305645190087303],[80.6438769726901,7.30571208170467],[80.64383194330848,7.305769942965568],[80.64379642634125,7.305815962456474],[80.64377241865131,7.305835487441902],[80.64374297780226,7.305857633307734],[80.64371452839322,7.305893075428911],[80.64368100053025,7.305947595037994],[80.64366169352505,7.306006639436913],[80.64363485992772,7.306084854651312],[80.6436242594165,7.306134646068677],[80.6436238857516,7.30613639668918],[80.6436148074554,7.306214704841872],[80.6436040936403,7.306304681637546],[80.64359962936705,7.306393934116149],[80.64358556010335,7.30649557452628],[80.64356364400643,7.306565978004092],[80.64356008575695,7.306577406441062],[80.64353208337019,7.306632378909629],[80.64349937779077,7.306671616025415],[80.64346095828472,7.30672568292719],[80.6434233602289,7.306764466444508],[80.64338395148664,7.306800805998456],[80.64332688089178,7.306842478441316],[80.64325776021278,7.306892376478057],[80.64320603436232,7.306927175971407],[80.64316771422348,7.306957459710671],[80.64314189594785,7.306976984125538],[80.64311571393192,7.307007542734938],[80.6430738494162,7.307072638366144],[80.64304544228405,7.307111677770239],[80.64298161139057,7.30719939527095],[80.64293231694882,7.307284204301757],[80.64290902591593,7.307333030670535],[80.64289588172892,7.307368746744354],[80.64289016791524,7.30739533065306],[80.64288300799564,7.307417846579659],[80.64288299656556,7.307450256789854],[80.64288298388217,7.307492993233638],[80.64287629015531,7.307540737538273],[80.64287381688139,7.307558372520248],[80.64286773681707,7.307595265372226],[80.6428419059931,7.307662990913922],[80.64282785896101,7.307689029773287],[80.64280983056648,7.307702499452949],[80.64273147551512,7.307745068912952],[80.64269125329825,7.307775351141189],[80.64263644750812,7.307811507011275],[80.64260352503807,7.307857718880476],[80.6425676297079,7.307908100509914],[80.64248159903407,7.308028855477075],[80.64245890975475,7.308060945161966],[80.64242070828975,7.30811497314733],[80.64239808423928,7.308146972417985],[80.64238948820535,7.308159128216163],[80.64232597611803,7.308248955448302],[80.64232982907527,7.30824864641728],[80.64236097554293,7.308272257068756],[80.64236730621882,7.308306351164098],[80.64236775597831,7.30832280960831],[80.64236140381558,7.308363863971899],[80.64233503074033,7.308412055474863],[80.64228429089343,7.308486554040543],[80.64224731894869,7.308550929406928],[80.64222194026773,7.308611420620005],[80.64218855384581,7.308797695250186],[80.64214167588251,7.308981346096403],[80.64212472902483,7.309012359541721],[80.64210334712659,7.309039661312091],[80.64206221503346,7.30908034359472],[80.64202516118945,7.30911542041107],[80.64198203923334,7.309153116085741],[80.6419467058669,7.309183309268842],[80.64193293575839,7.309194608949187],[80.6419246910365,7.309206995439284],[80.64191254308525,7.309245425588597],[80.64190519611803,7.309284397941712],[80.64190407265546,7.309291749587964],[80.64190202083265,7.309305196862118],[80.6419033675619,7.30933567136107],[80.6419046286139,7.309361897420273],[80.64191041420962,7.309398432070613],[80.64217420467986,7.309668983051482],[80.64244461778851,7.309946327160269],[80.64244730329223,7.309949096028292],[80.64245820737796,7.309960343365862],[80.64278069803467,7.310292933023539],[80.64284505787319,7.310359308911345],[80.64284536119249,7.310359621889879],[80.64296841317875,7.310458201075147],[80.64298064096054,7.310467997385937],[80.64305009662743,7.310509073266375],[80.64312498861715,7.310546262240718],[80.64320594961788,7.310580920947221],[80.64326888797206,7.310606260906983],[80.64333219332308,7.310618758059053],[80.64339531988543,7.310626373723481],[80.64345844517389,7.310632178964673],[80.6435147790342,7.310636355355848],[80.64352250006023,7.310636837815028],[80.64398555786846,7.310665794107749],[80.64412367251822,7.310686100053642],[80.64412793097853,7.310686724366962],[80.64444845776833,7.310692968403373],[80.64467252492217,7.310689319015392],[80.64474851970958,7.310688082411541],[80.64556560610427,7.310644367406054],[80.64574325553724,7.310634863128429],[80.6457723500794,7.310633307110691],[80.64627837911922,7.310603883564253],[80.64632710799324,7.310594763254906],[80.64638118218505,7.310583113337367],[80.6464224879788,7.310570465001316],[80.64648498597961,7.310550046665156],[80.64653027807789,7.310526999984535],[80.64659540760137,7.310492473457583],[80.64672569149748,7.310443934491952],[80.6467121296846,7.310392753382348],[80.6465464273763,7.309907296743565],[80.64650151081892,7.309856440288756],[80.64639010108937,7.30949460747208],[80.64632321657474,7.309331361524732],[80.6463186232242,7.309245451427054],[80.64631763786318,7.309204576652802],[80.64631855416133,7.309167952650269],[80.64632580073415,7.309161624619328],[80.64633477048248,7.309153488479232],[80.64635234378329,7.309147615576119],[80.64639521904502,7.309128661083605],[80.64671766068075,7.308986119989409],[80.64672581392759,7.308982686886033],[80.64699003917374,7.308872167405717],[80.64700740298719,7.308819937136089],[80.64707507289883,7.308781670159789],[80.64726839322297,7.308670404932922],[80.64733419319123,7.308596085536329],[80.64735091709771,7.308570604349974],[80.64748691546006,7.308426880759773],[80.64759797457427,7.308323184404501]]]]}},{"type":"Feature","properties":{"GND_N":"Poorna Watta East","GND_NO":"241","GND_C":"075","PROVINCE_N":"CENTRAL","PROVINCE_C":"2","DISTRICT_N":"KANDY","DISTRICT_C":"1","DSD_N":"GANGAWATA KORALE","DSD_C":"30","Admin_Code":"2130075","GND_NO_Cen":"241","GND_NAME_C":"Poorna Watta East","GND_NO_Gaz":"241","GND_NAME_G":"පුර්ණවතa","shape_1":"Polygon","Area__Ha_":20.9549075325,"MWS_ID":"117","Alt_MWS":null,"Total_Pop":2191.0,"Density":10455.7846252,"Area_Sqkm":0.20954907533},"geometry":{"type":"MultiPolygon","coordinates":[[[[80.63431849729066,7.311703557440012],[80.63468092523213,7.311382883763738],[80.63485255312051,7.311586041259565],[80.6349460443673,7.31151924354848],[80.63506907234843,7.311412936154597],[80.63510835198626,7.311378689868947],[80.63518965629706,7.311307803553541],[80.63523098332597,7.311361378321345],[80.63533113224274,7.31149121050917],[80.6353656834423,7.311444496913435],[80.63548176535369,7.311300816030924],[80.63548473995326,7.311297134640823],[80.63552524447881,7.311235564298744],[80.63554338147789,7.311162773618213],[80.63556223793955,7.311109154372621],[80.6355768285298,7.311075699738394],[80.63559694666213,7.311042246829083],[80.63561434353072,7.311019100308532],[80.63564351965573,7.310976970729283],[80.63566961330874,7.310947496803163],[80.63620729741625,7.310483215395358],[80.63624824390925,7.310453114846522],[80.6362940837888,7.310417680429054],[80.6362976587282,7.310414423337552],[80.63638060437445,7.310338851212074],[80.63645906611711,7.310247813202725],[80.63653019193366,7.310155687741311],[80.63654750451582,7.310117892360002],[80.63661574380728,7.309987874809664],[80.63667291398266,7.309929203287622],[80.63676007160993,7.309831293407365],[80.63680248012018,7.309765203826313],[80.63682223891941,7.309715924547979],[80.63682730911457,7.309704095126652],[80.63684444390789,7.309664113978227],[80.63685922043716,7.309626410037684],[80.63699330501302,7.309532455571714],[80.636996383905,7.309499036214078],[80.63699456559127,7.309366431440086],[80.63702558841263,7.309364576352967],[80.6371026791213,7.309315766919369],[80.63716881306773,7.309259539714379],[80.63721264889274,7.309178695930906],[80.63721847409464,7.309167950091983],[80.63722448779286,7.309051476872382],[80.63722951368914,7.308907604787972],[80.63722956917292,7.30872828160404],[80.63723505065636,7.308575546588297],[80.63723492671623,7.30856630729054],[80.637233191567,7.308436916427885],[80.63720869469356,7.308282724375027],[80.63713817944392,7.308156462879087],[80.63704800768853,7.308036252321045],[80.63692974610791,7.307964052436611],[80.63683593357449,7.307904973376012],[80.63669186699269,7.307805816326569],[80.63656736730675,7.307694910266043],[80.63650109793127,7.307601747462941],[80.63640385161096,7.307523585560268],[80.63630125003799,7.307474087462494],[80.63619583133347,7.307420126637489],[80.63615364502334,7.307398532347478],[80.63604387870024,7.307380320834954],[80.63589923673139,7.307381724518101],[80.63571466628649,7.307347393044147],[80.63557791494735,7.307313620809763],[80.6354090939898,7.307313386332933],[80.63525929252344,7.307305290309472],[80.63510397556597,7.307270517392562],[80.63495082791047,7.307249761792142],[80.63489599440943,7.307236963189679],[80.6348402498418,7.307223954496646],[80.63475367851078,7.307183142383262],[80.63472231346125,7.307147663078617],[80.63470095466454,7.307123503355897],[80.63468314767167,7.307103360755189],[80.63462593403824,7.307021503404158],[80.63459933298543,7.306937214048673],[80.63453729710338,7.306925349093413],[80.63442437422734,7.306865266085127],[80.63431960494437,7.306798043434415],[80.63420190547757,7.306714993199924],[80.63416395149923,7.306688212980239],[80.63410331190539,7.306605858022338],[80.63409768086612,7.306598213986053],[80.6340153650708,7.306504729260094],[80.63398641118377,7.306471848727069],[80.63392206022395,7.306334735245822],[80.6338991349233,7.306223912964351],[80.6338926699742,7.306192660939617],[80.63386500530855,7.306032771511037],[80.63383873895611,7.305876071092501],[80.63383788558824,7.305870983216709],[80.63383640075527,7.30576073289097],[80.63380485526193,7.305783615346034],[80.63379533740047,7.305808934619713],[80.63378645315508,7.305835427878059],[80.63377154434454,7.30601004399275],[80.63376600296556,7.306059597117684],[80.63372486285658,7.306126955559828],[80.63369341093876,7.306203086987249],[80.63366793314482,7.306293056130281],[80.63365825751038,7.306341726250586],[80.63365423612296,7.306361961461101],[80.63362522990688,7.306431311386897],[80.63359070765516,7.306481670116137],[80.63353490482895,7.306521351336855],[80.63350700389242,7.306538253865754],[80.63343951396926,7.306586250052837],[80.63340200991419,7.306608755304434],[80.63332591194694,7.306666064871044],[80.63324701070357,7.306718037246032],[80.63321068387972,7.306743888773908],[80.63316675190131,7.306761146107012],[80.63310669818785,7.306779213093895],[80.63304529031427,7.306780641380773],[80.63294720731253,7.306766864816963],[80.63292112289152,7.306764775725045],[80.63275538405351,7.30675667561588],[80.63264543178542,7.306754469376393],[80.63255160495969,7.30674268445237],[80.63247128483177,7.306696991569051],[80.63242211717971,7.306657005716513],[80.63230070729874,7.306517883437754],[80.63223661035637,7.30643476028277],[80.6321293437216,7.306254135896044],[80.63200451267832,7.30600378504708],[80.63197953726657,7.305893268578259],[80.63196588694,7.30583286765501],[80.63193831429034,7.305650926731732],[80.6319217664787,7.305557199523292],[80.6319162691362,7.305468988479356],[80.6319107655795,7.305397316221809],[80.6318168734372,7.305237406376769],[80.63180584687552,7.305154707092159],[80.63176890154976,7.30498597953426],[80.63176168250088,7.304996433671384],[80.6317547435367,7.305009006678978],[80.63174794658521,7.305022144016707],[80.63174582271753,7.305030621172303],[80.6317425628329,7.305039946199613],[80.63173845698223,7.305049410218381],[80.63173449147094,7.305056192120801],[80.63172939465306,7.305063255802994],[80.63172613730325,7.305073146020049],[80.63172500340728,7.305081482421605],[80.63172146253143,7.305088687673572],[80.63171834651884,7.305095609110665],[80.63171508898937,7.305103239475551],[80.63171342087765,7.305108304843619],[80.63171197306433,7.305112704715639],[80.63170758250763,7.305120333813007],[80.63170192162117,7.305126831220666],[80.6316993705781,7.305137144877457],[80.6316971024276,7.305149295263341],[80.63169299385726,7.305158761089346],[80.63168888900022,7.305167944774118],[80.63168421599832,7.30517797560817],[80.63168024921335,7.305188712024509],[80.631676144083,7.305198743944811],[80.63166920461993,7.305207218651695],[80.63166255194419,7.305216683661672],[80.63165660480657,7.305226148897776],[80.63164966669946,7.305236037029579],[80.63164272895231,7.305247620728622],[80.6316418764534,7.305256805455855],[80.63163946846635,7.305264434283921],[80.63163253190329,7.305269519665313],[80.631623050152,7.305272341665376],[80.63161837996937,7.305270786575786],[80.63161965524102,7.305267818159657],[80.63161852420951,7.305264428471097],[80.6316145635524,7.305261741422278],[80.63161159173465,7.305259621688277],[80.63160961152317,7.305255099540552],[80.6316082008172,7.305248316819227],[80.63160692496554,7.305244643133174],[80.63160593658047,7.305242664202234],[80.63160367261314,7.305238989294914],[80.63160211925826,7.30523361904834],[80.63159914898644,7.305226695659804],[80.63159660330528,7.305220336692237],[80.63159660507854,7.305214825873286],[80.63159405966677,7.305210444615383],[80.63159208049784,7.305205498350019],[80.63159066730273,7.305198008463273],[80.63158840492355,7.305192213871299],[80.63158557684271,7.30518811737795],[80.63158331319417,7.305183453163678],[80.6315821831602,7.305179779524337],[80.63158105231162,7.305175822838052],[80.63157907237348,7.305170453358813],[80.6315745451635,7.305163669637511],[80.63157200020771,7.305157873146194],[80.63157200225366,7.305151515900167],[80.63157101500919,7.305143179722847],[80.63156846769935,7.305136255565519],[80.6315652169815,7.305128340971219],[80.63156309575851,7.305120146405515],[80.63155970289179,7.305112090694391],[80.63155744105885,7.305104601439515],[80.63155687562423,7.305099841913941],[80.63153952797047,7.3051390053064],[80.63147279541225,7.305377633839325],[80.63141899621087,7.305379950567753],[80.63138928560141,7.305242526833283],[80.63138484052922,7.305205704920243],[80.63134809215424,7.304861954164362],[80.63132175778085,7.304851745169424],[80.6313203451786,7.304845242780342],[80.63131921506164,7.304839026241642],[80.63131582229201,7.304830689290635],[80.63131200257493,7.304823482580534],[80.63131101406607,7.304816275876069],[80.63131045037474,7.304808927332639],[80.63130733949973,7.304802709252974],[80.63130465380647,7.304795219860581],[80.63130536194069,7.304787166369958],[80.63130394993043,7.304778829151203],[80.63130168878135,7.30477204615553],[80.63130154881915,7.30476512277046],[80.63129928907676,7.304756786183518],[80.63129546904217,7.304750566971499],[80.63129872621127,7.304744067891947],[80.63130155992393,7.304736298131203],[80.63129802178854,7.304729373653868],[80.63129760187522,7.304722732321172],[80.63129632788986,7.304716091618283],[80.63129137858891,7.304709447925386],[80.63128656885608,7.30470252303919],[80.63128515634484,7.304695741220534],[80.63128147977518,7.304688392580695],[80.63127638642356,7.304681889912511],[80.63127610499087,7.304675531671008],[80.63127610898904,7.304668750307688],[80.63127228791302,7.304662955213018],[80.63127002708401,7.304655182910331],[80.63126847274336,7.304647270667851],[80.63126875981486,7.304641759940568],[80.63126946767619,7.304634553781321],[80.63126678253128,7.304625368821655],[80.631263671527,7.304616748914134],[80.63126324912524,7.304609400416022],[80.63126551568952,7.304602195662194],[80.63126495236334,7.304593717644917],[80.63126174836324,7.304587004881486],[80.63126056903867,7.304584531234934],[80.63125887299982,7.3045778903962],[80.63125802755779,7.304565173822278],[80.63125618868693,7.304560510647221],[80.63125265331101,7.304556269236002],[80.6312520893015,7.304549910903595],[80.63125223164398,7.304543834940704],[80.63125265841482,7.30454044394343],[80.63124955233275,7.304516564836546],[80.63124729032552,7.304509640769079],[80.63124601905884,7.304502999162571],[80.63123965297876,7.304497203249321],[80.63123724836713,7.304491551489622],[80.63123116422656,7.304487733376544],[80.63122791102373,7.30448193936843],[80.63122437556267,7.304475156866856],[80.63122154745058,7.30446837368841],[80.63122027681672,7.304462579413509],[80.63121914652027,7.304456926254908],[80.63121345517835,7.304448342593589],[80.63120740333584,7.30444547852976],[80.63120358502518,7.304439542364212],[80.63120005871056,7.304435291912486],[80.63119948291262,7.304434595414325],[80.63119538093702,7.304429224346581],[80.63118857246332,7.304427523876488],[80.63118632289594,7.304426961581023],[80.63117769120396,7.304428230253802],[80.63117125852344,7.304429555700605],[80.63115799814759,7.304432613402961],[80.63114889793916,7.304431916875076],[80.6311148548186,7.304333161510383],[80.63108434242484,7.304255884464585],[80.6310611457007,7.304197134409267],[80.63083081509109,7.304268593242822],[80.63037303533078,7.304415078957901],[80.6301889783797,7.304472442592899],[80.6295127551621,7.30463272138933],[80.62961098166241,7.305076657326774],[80.62964400409705,7.305221662108561],[80.6296008240819,7.305360421415301],[80.62943243772331,7.305989695991154],[80.62954529707132,7.306166719174087],[80.6295809426339,7.306258466822975],[80.62960245277698,7.306256372220866],[80.62966592984226,7.306250193869267],[80.62973809484942,7.30624812115189],[80.62980442165663,7.306212874001679],[80.62993019838596,7.306175395329299],[80.63019205090707,7.306096368236174],[80.63030039454462,7.306095552370859],[80.63030714215108,7.306095100595154],[80.63046872475468,7.30606868936079],[80.63048908893992,7.306067322309083],[80.63064569530786,7.305963563509779],[80.63067846016894,7.305945880507441],[80.6306846514423,7.305937752827234],[80.63078837734567,7.305865539770128],[80.63082099416101,7.305846306734973],[80.63094847318365,7.305817969917241],[80.63097640592339,7.305823314302169],[80.63109567863002,7.305827904972929],[80.6311562437671,7.305830235863176],[80.6311786244777,7.305844305872185],[80.6312216974056,7.305856454563218],[80.6313173781985,7.305887201770345],[80.6315038984571,7.306231212227639],[80.63162296736074,7.306295338353207],[80.63189773434652,7.306412778644098],[80.63194559109655,7.30658904432463],[80.6320803280004,7.306768535403713],[80.63239004271189,7.306908809360219],[80.63239037205676,7.306909841274449],[80.63239777685801,7.306933135756076],[80.63240119967621,7.306943911612192],[80.63246991212343,7.307089475588641],[80.63262331098339,7.307204993964433],[80.63265186994089,7.307226500140578],[80.63266014239878,7.307241365890959],[80.63266108439474,7.307246828177916],[80.63266474027874,7.307268029809469],[80.63270331603493,7.307290378365426],[80.632728396482,7.307311004447173],[80.63287001570292,7.307415858168318],[80.6328817833666,7.307436117381993],[80.63289481305429,7.307477900299848],[80.63300734738525,7.307483804995096],[80.63300816410575,7.307484504280417],[80.63308439204846,7.307565624533008],[80.63318806215584,7.307714220777461],[80.63316566491851,7.307757253944958],[80.63322507430593,7.307820440134605],[80.63329402797467,7.308009001837533],[80.63338684444713,7.308034635683835],[80.63372536394922,7.308028278891451],[80.6337299908866,7.308554660353079],[80.63373638893633,7.310018976693254],[80.63389303850879,7.310186840315088],[80.63399430529145,7.31024528299484],[80.63410233975677,7.311339163057478],[80.63431849729066,7.311703557440012]]]]}},{"type":"Feature","properties":{"GND_N":"Watapuluwa West","GND_NO":"229","GND_C":"060","PROVINCE_N":"CENTRAL","PROVINCE_C":"2","DISTRICT_N":"KANDY","DISTRICT_C":"1","DSD_N":"GANGAWATA KORALE","DSD_C":"30","Admin_Code":"2130060","GND_NO_Cen":"229","GND_NAME_C":"Watapuluwa West","GND_NO_Gaz":"229","GND_NAME_G":"වටපුළුව w","shape_1":"Polygon","Area__Ha_":70.5532263873,"MWS_ID":"117","Alt_MWS":null,"Total_Pop":2253.0,"Density":3193.33376426,"Area_Sqkm":0.70553226387},"geometry":{"type":"MultiPolygon","coordinates":[[[[80.63800643095162,7.314970056991414],[80.63805682182877,7.314951167112032],[80.63822172173612,7.314993846496535],[80.63839097522667,7.315057932895331],[80.63856225502933,7.315083067930365],[80.63877997397083,7.315071888539499],[80.6389465108484,7.31508127174643],[80.63917434974341,7.315059959828974],[80.6392196185385,7.315047699509365],[80.63939325038763,7.315007965716261],[80.63941557482171,7.314998044163902],[80.63942603029845,7.314930109813486],[80.6395258536087,7.314752776584619],[80.63956055335174,7.314773894440723],[80.63963780053108,7.314808371802247],[80.6397760044404,7.31483644798429],[80.63995449688957,7.314913909423352],[80.64002947519387,7.314969637138968],[80.64004676918428,7.314983839013661],[80.64004677025432,7.314983297336827],[80.6400562425578,7.314898683718621],[80.64005630613059,7.314898114931589],[80.64007942156077,7.314833374771413],[80.64011948294338,7.314741779236935],[80.64016696893549,7.314648650436208],[80.64021544287046,7.314591966221355],[80.64026329883339,7.314545114294938],[80.6402779549584,7.314530763822892],[80.6403199076344,7.314480303749578],[80.64033793614738,7.31445861768742],[80.64041738870597,7.314385485396582],[80.64048678221864,7.314336763512794],[80.64065310552365,7.314224860067888],[80.64071810944598,7.314183599129787],[80.64075071875065,7.314162900414575],[80.64078290839579,7.314176249463776],[80.64083227068058,7.314176716459564],[80.64084232483621,7.314174367391667],[80.64086098396207,7.314163793566276],[80.64090038994121,7.314142463871394],[80.64092367299757,7.314122033631374],[80.64093119357281,7.314111636412273],[80.64094478514744,7.314095272620441],[80.64097568519551,7.314042018485031],[80.64103222344659,7.313970324273971],[80.64105759326264,7.313940849819409],[80.6410661097297,7.313928736530639],[80.64107363300121,7.313912370008882],[80.64107943494268,7.313894556990691],[80.64108433429168,7.313863360024344],[80.64108777992229,7.31384735490388],[80.64110428027821,7.313796085902587],[80.6411461513445,7.313709285422311],[80.6412011492393,7.313639490665373],[80.64127118166478,7.313564724934367],[80.6413412161949,7.313494934665031],[80.64142186436605,7.31340839535677],[80.64143018603393,7.313399466955723],[80.64140555293852,7.313382637746101],[80.64140727702879,7.313380920087391],[80.64141634796246,7.313371191603156],[80.64139791276915,7.31336308715071],[80.64136225566075,7.313345131494426],[80.64132051426438,7.313326185610148],[80.64130937363163,7.313321313507885],[80.64128075320168,7.313308793002904],[80.64124367749737,7.313300728173467],[80.64120037876289,7.313283194331981],[80.64116217481752,7.313259161887682],[80.64112326661287,7.313233859588178],[80.64108095991968,7.313209400884109],[80.64104346575681,7.313183390028942],[80.64101007689463,7.313146362381159],[80.64097767888288,7.313118374436666],[80.64097504846409,7.313116117411906],[80.64094047000981,7.313086430529794],[80.64093177391739,7.313075518411682],[80.64091118577267,7.313049685345854],[80.6408826098626,7.313015764509723],[80.64084794620975,7.312989331275561],[80.64081328094116,7.312968268691071],[80.64077408590549,7.312948191335708],[80.64073276819964,7.312933060777605],[80.64070348374382,7.312900129928408],[80.64067136927969,7.312866067847433],[80.64062028494796,7.312855030830005],[80.64061211932795,7.312716132022789],[80.64061242936464,7.31264022948212],[80.64061303484569,7.31249175403764],[80.64061856937403,7.312444703033592],[80.6406212850979,7.312401400419107],[80.64062169737132,7.312394825359343],[80.6406187390859,7.312350599552176],[80.64061054353793,7.312304815863355],[80.64061777439596,7.312263983354042],[80.64062061815498,7.312222583430353],[80.6406169151811,7.312196994170173],[80.64061454535036,7.31218061744155],[80.6406016785901,7.312139353858698],[80.64059518165028,7.312095266248027],[80.6405869862551,7.312054995186868],[80.64057921392381,7.312017407318677],[80.64055913449323,7.311968795912524],[80.64054386294288,7.311924988704686],[80.64052406152415,7.311888528494342],[80.64049251321426,7.311854466571163],[80.64046209923549,7.311816165617246],[80.64031933564323,7.311726257497788],[80.64031680588282,7.31172362702263],[80.6402898459131,7.311695610828266],[80.64025949044179,7.311670568762857],[80.64023402909277,7.311631704099582],[80.64019951115544,7.311591140228515],[80.64017348340394,7.311553407577643],[80.64016191934408,7.31152034911282],[80.64016132390334,7.31151864341832],[80.6401246875712,7.311459994658804],[80.64013827131363,7.311430447963122],[80.64006660366151,7.311262156395613],[80.64048893388902,7.310850506945703],[80.64053988087646,7.310766779349526],[80.64022614582117,7.310671560251869],[80.64016910551987,7.31056580473336],[80.64004257628999,7.310571509729516],[80.63996399186156,7.310519805074091],[80.639998541412,7.310378170987189],[80.63992689348683,7.310369416466875],[80.63981667209593,7.310331699009769],[80.63976755212256,7.310313141409898],[80.63963280379593,7.310157578614663],[80.63953230293131,7.310115593014754],[80.63950301451219,7.310087640272973],[80.63948658092328,7.310035498623143],[80.63945001507216,7.309882890075692],[80.63945218354334,7.30988220708119],[80.63954855731258,7.309851862610106],[80.63959939194152,7.309831017574989],[80.63969620508472,7.309791318194502],[80.63975358488372,7.309765700407063],[80.63986967059712,7.309713872892996],[80.63995080671677,7.309653590401249],[80.64000836739164,7.309610824344339],[80.64014787180058,7.309520436232515],[80.64017726562984,7.309502399749205],[80.64029634558224,7.309429327339966],[80.64033333945524,7.309413380269428],[80.64044707385847,7.309364353423689],[80.64044869806628,7.309363438758818],[80.64050760528202,7.309330196253367],[80.64058929488088,7.30928409508434],[80.6407113133696,7.30921820722771],[80.64079847304363,7.309230337523726],[80.64080704247449,7.309231529257241],[80.64093103857164,7.309215109100564],[80.64104789563243,7.309142347805467],[80.64111473294207,7.309094693012925],[80.64115071709968,7.309069037881811],[80.64125210501925,7.308973903967062],[80.64125238136536,7.308973551371789],[80.64125269298832,7.308973350709923],[80.64126767576965,7.30895929148173],[80.6413670595857,7.308866269390748],[80.64139450712182,7.30885072359751],[80.64142113830052,7.308839246016304],[80.64145922530673,7.308832241828147],[80.64147611764096,7.30882913517419],[80.64162936796211,7.308812451374822],[80.64173977893722,7.308794036564654],[80.64178660460743,7.308788624720871],[80.64182981162158,7.308775344359101],[80.64186966968842,7.308754828572662],[80.6418967544731,7.308737744421226],[80.64189837153393,7.308736482496647],[80.64193389705426,7.308708727373637],[80.64196805039903,7.308681066790705],[80.6419914226645,7.30866407195755],[80.64203146771688,7.308623933746622],[80.64204358468632,7.3086072647249],[80.64208293198386,7.308553141259178],[80.64215521279432,7.308422166375498],[80.64219185657517,7.308355764376242],[80.64221532615598,7.308316073368698],[80.64222647256308,7.308298171488291],[80.64224477395716,7.308271409567652],[80.64225144527371,7.308268707685741],[80.64227511961533,7.308259119166598],[80.642307974794,7.30825048379675],[80.64230845213747,7.308250358240524],[80.64232597611803,7.308248955448302],[80.64238948820535,7.308159128216163],[80.64239808423928,7.308146972417985],[80.64242070828975,7.30811497314733],[80.64245890975475,7.308060945161966],[80.64248159903407,7.308028855477075],[80.6425676297079,7.307908100509914],[80.64260352503807,7.307857718880476],[80.64263644750812,7.307811507011275],[80.64269125329825,7.307775351141189],[80.64273147551512,7.307745068912952],[80.64280983056648,7.307702499452949],[80.64282785896101,7.307689029773287],[80.6428419059931,7.307662990913922],[80.64286773681707,7.307595265372226],[80.64287381688139,7.307558372520248],[80.64287629015531,7.307540737538273],[80.64288298388217,7.307492993233638],[80.64288299656556,7.307450256789854],[80.64288300799564,7.307417846579659],[80.64289016791524,7.30739533065306],[80.64289588172892,7.307368746744354],[80.64290902591593,7.307333030670535],[80.64293231694882,7.307284204301757],[80.64298161139057,7.30719939527095],[80.64304544228405,7.307111677770239],[80.6430738494162,7.307072638366144],[80.64311571393192,7.307007542734938],[80.64314189594785,7.306976984125538],[80.64316771422348,7.306957459710671],[80.64320603436232,7.306927175971407],[80.64325776021278,7.306892376478057],[80.64332688089178,7.306842478441316],[80.64338395148664,7.306800805998456],[80.6434233602289,7.306764466444508],[80.64346095828472,7.30672568292719],[80.64349937779077,7.306671616025415],[80.64353208337019,7.306632378909629],[80.64356008575695,7.306577406441062],[80.64356364400643,7.306565978004092],[80.64358556010335,7.30649557452628],[80.64359962936705,7.306393934116149],[80.6436040936403,7.306304681637546],[80.6436148074554,7.306214704841872],[80.6436238857516,7.30613639668918],[80.6436242594165,7.306134646068677],[80.64363485992772,7.306084854651312],[80.64366169352505,7.306006639436913],[80.64368100053025,7.305947595037994],[80.64371452839322,7.305893075428911],[80.64374297780226,7.305857633307734],[80.64377241865131,7.305835487441902],[80.64379642634125,7.305815962456474],[80.64383194330848,7.305769942965568],[80.6438769726901,7.30571208170467],[80.64396828774309,7.305645190087303],[80.64402617165987,7.305612019147995],[80.64418016308525,7.305535016765295],[80.64423615358416,7.305472636258205],[80.64430473550433,7.305402663283698],[80.64435003528446,7.305355110201646],[80.6443947071064,7.305280790467505],[80.6444431812848,7.305214880953314],[80.64449012093584,7.30513441170709],[80.64451686380501,7.305096206389784],[80.6445822680628,7.305002772109387],[80.64478033495017,7.304724485438205],[80.64494032676203,7.304567995395491],[80.64528891087838,7.304323935851137],[80.64535766400402,7.304283805661828],[80.64539281556885,7.304247552407032],[80.64541157303024,7.304214732553304],[80.6454278939632,7.304154600231084],[80.6454257296766,7.304119241353835],[80.64542456614011,7.304071584245294],[80.64541915269197,7.303997248963492],[80.64540706092077,7.303968653201239],[80.64540358634608,7.303960439312739],[80.64539744214548,7.303910520001056],[80.64539592181944,7.303847127915224],[80.64539548051548,7.303804354252217],[80.64541524507555,7.303737351129285],[80.64545593465758,7.303652178486857],[80.64548548806886,7.30355985771277],[80.64550303434322,7.3034935936616],[80.64550720874507,7.303477830156141],[80.64542313507131,7.303418201350911],[80.64541709481142,7.303384594791856],[80.64528804326531,7.303291513592438],[80.64497594714273,7.303115530485403],[80.6449691102199,7.303096370834658],[80.64479774803412,7.302921127574857],[80.64476474960485,7.30273664012736],[80.64484171521231,7.302557534583473],[80.64497650743687,7.30248069179207],[80.64509468453073,7.302391969724355],[80.64517394080656,7.302292399147618],[80.6451682350592,7.302285796076767],[80.64478260587913,7.301839506116165],[80.64463122464736,7.301751037404494],[80.64436329901757,7.30152720743147],[80.64412767673585,7.301288540819321],[80.64409967051714,7.301250065370028],[80.64371612208342,7.301039608332482],[80.64334246859865,7.300829380868493],[80.64280539346187,7.300596196987095],[80.64242906136604,7.300405538912378],[80.64182334331974,7.300102694939485],[80.64163167740257,7.300017177537578],[80.64146272225497,7.299941793225919],[80.64120495608441,7.299831214838093],[80.6411185527995,7.29957437322554],[80.64111252174204,7.299523420270532],[80.64099481530806,7.299351042017897],[80.6409910289413,7.299362070667798],[80.64093744417845,7.299518124655365],[80.64092689136129,7.299691949341494],[80.64077824996471,7.300047086045432],[80.64058266265407,7.300421009941554],[80.64039078582607,7.300533387818232],[80.64031482340042,7.300831802114663],[80.64028160776468,7.301042828393067],[80.64037668317324,7.301460381867367],[80.64035595378473,7.301658038168954],[80.64027017178074,7.302195569790235],[80.64022808104278,7.302308085846025],[80.64019035980736,7.302679488867684],[80.6399997022511,7.302961017680516],[80.6398904533998,7.303129906639543],[80.63949896061062,7.303345498712245],[80.6391898516195,7.30394606906511],[80.63912829838647,7.304389743825821],[80.63935644219507,7.304883996544364],[80.6397695002136,7.305091767764831],[80.64026965387546,7.304923247400069],[80.64091017473042,7.304595536260376],[80.64103364562843,7.304571486288546],[80.64130405691395,7.304640348568336],[80.64130750410229,7.305020162236499],[80.6409032878518,7.305606127904728],[80.64086870853082,7.305635350921164],[80.64022256473119,7.306261486515714],[80.63991131704249,7.306746035482336],[80.63928587249319,7.307388207391376],[80.63777326531924,7.308629325655689],[80.63721847409464,7.309167950091983],[80.63721264889274,7.309178695930906],[80.63716881306773,7.309259539714379],[80.63759116124801,7.309411183940746],[80.63791115601101,7.309585740333029],[80.63790912500616,7.309595897740346],[80.63788637390547,7.309650961877918],[80.6377965902701,7.30974507310413],[80.63775446076902,7.30978502942753],[80.6376785083456,7.309963605833],[80.63763173774358,7.31008060729346],[80.63760591118833,7.310157890990558],[80.63778501364806,7.310229525222558],[80.63809211215761,7.310358679732587],[80.63816757743628,7.310429843440943],[80.63826734291933,7.310589391162077],[80.63818705431702,7.310793527335563],[80.63817114403912,7.310830812279472],[80.63798007226424,7.311050689102377],[80.63787496138085,7.311199543912143],[80.63770034949664,7.311502234449845],[80.63753588180302,7.31162160241206],[80.63747302141475,7.311696318227614],[80.63739490489607,7.311789625407939],[80.63738868284143,7.311950159784596],[80.63707577221648,7.31254941860603],[80.63595019614989,7.314088731934318],[80.63577192106673,7.314063838799307],[80.63567033119116,7.314142872062122],[80.63563952533138,7.314162323031503],[80.63573942010431,7.314374360647485],[80.63574597948937,7.314399806143321],[80.63579441550259,7.3144399532828],[80.635894471229,7.314522887292706],[80.63592509042948,7.314538517751759],[80.63611693647192,7.31454178323656],[80.63615554341142,7.314518989647411],[80.63623664241298,7.314396233219989],[80.6362663702324,7.314360087549638],[80.63641414583905,7.314232576186121],[80.63652108055305,7.314036109901685],[80.63663740252706,7.313884567717715],[80.6374781118663,7.313357058561917],[80.63803871388981,7.313841738975608],[80.63809084709077,7.31387041140891],[80.6380916441721,7.313949717165646],[80.63809260745754,7.314056968630137],[80.638088971919,7.314095219506356],[80.63807219651717,7.314156163437247],[80.63804592087916,7.314188258110186],[80.63803675006481,7.314198517319534],[80.63801294236977,7.314225144431211],[80.63791256698345,7.314296735265104],[80.63778664960276,7.314373742229716],[80.63769126585808,7.31441205441143],[80.6376053824721,7.314478675065634],[80.63750689939596,7.314584177727116],[80.63748534098768,7.314615229349591],[80.63743540560561,7.314687155734561],[80.63734044026447,7.314836516296344],[80.63728633382551,7.314949990451693],[80.63727483543107,7.315000737254691],[80.63725168807893,7.315102896379319],[80.63719113879367,7.315252811011387],[80.63719500649941,7.31534251899545],[80.63718283795957,7.315442622408044],[80.63718247490635,7.315450941877162],[80.63718030456995,7.31555402714846],[80.63717907187406,7.315612539648363],[80.63717849340433,7.315728561454884],[80.63717483811348,7.315833187197307],[80.63716565050706,7.315961777049705],[80.63716497528631,7.316094799707399],[80.63717326840063,7.316222307986227],[80.63720755736715,7.316344399383192],[80.63721289545722,7.316362668841814],[80.63725370232727,7.316495432110026],[80.63738968752256,7.316672988604545],[80.63748440201273,7.316750335649441],[80.63751854123532,7.316771236456633],[80.63757812781871,7.316797297814017],[80.63777906972369,7.316922153372329],[80.63781124056874,7.316929253899601],[80.63790423281208,7.316949773068878],[80.63798300278134,7.317037062435976],[80.63805924409769,7.317103462535125],[80.63815142893596,7.317157839387774],[80.63824415135498,7.317240158422683],[80.63828995732113,7.317296207552072],[80.6383206665735,7.317299685864975],[80.63832637126087,7.317304118693841],[80.63833154225273,7.317312231869384],[80.6383611324244,7.317358657864748],[80.63836575029069,7.317365893697287],[80.6383691894069,7.317371501424684],[80.63842310246066,7.317474942079963],[80.63898459060572,7.317140479274973],[80.63878797829827,7.316676246337904],[80.63877613054913,7.31657279324804],[80.63877879841256,7.31639072002372],[80.63876502667051,7.316214164352883],[80.638711562497,7.31603525170216],[80.6387113051964,7.316026632717946],[80.6387153606966,7.315897586394918],[80.63871103367977,7.315754033405368],[80.63862206820636,7.315592574688476],[80.63855250398986,7.315555783584103],[80.63842994887597,7.315498444973545],[80.63827857319353,7.315419613989824],[80.63818182007577,7.315321628496566],[80.63818190044896,7.315313560335627],[80.63806468835784,7.315203006880541],[80.63805019595534,7.315188328319024],[80.63798542384455,7.315122641617386],[80.63797935650955,7.315098894583357],[80.63800643095162,7.314970056991414]]]]}},{"type":"Feature","properties":{"GND_N":"Wattaranthenna","GND_NO":"238","GND_C":"025","PROVINCE_N":"CENTRAL","PROVINCE_C":"2","DISTRICT_N":"KANDY","DISTRICT_C":"1","DSD_N":"GANGAWATA KORALE","DSD_C":"30","Admin_Code":"2130025","GND_NO_Cen":"238","GND_NAME_C":"Wattaranthenna","GND_NO_Gaz":"238","GND_NAME_G":"වට්ටාරනnt","shape_1":"Polygon","Area__Ha_":97.3066053992,"MWS_ID":"117","Alt_MWS":null,"Total_Pop":3204.0,"Density":3292.68500001,"Area_Sqkm":0.97306605399},"geometry":{"type":"MultiPolygon","coordinates":[[[[80.62807866788309,7.320435901735843],[80.62826236590097,7.320386316914584],[80.62837885404,7.320356874965391],[80.6284309359958,7.320351739362998],[80.62847893488377,7.320363239758215],[80.62850773209901,7.320380974431923],[80.62850636791329,7.320392459521086],[80.62850626405874,7.320432790442311],[80.6286814539729,7.320368372106643],[80.62876903409256,7.320352312381641],[80.62877162915959,7.320351836664964],[80.62881510627793,7.320353484078952],[80.6288333134131,7.320350145030789],[80.62897924721993,7.320286077810145],[80.62913594053607,7.320276000876818],[80.62920608311163,7.320250229494391],[80.62938160347227,7.320185741359325],[80.62943504746517,7.320167219704666],[80.6294748196901,7.320137029900063],[80.62952050128229,7.320033592665247],[80.62956382147735,7.31995276129711],[80.62958983680292,7.319888655678508],[80.62960136063987,7.319824091377077],[80.6295947868942,7.319710420300818],[80.62959315490478,7.319701709533565],[80.62956504043335,7.319551522962408],[80.62955946682277,7.319517576367001],[80.62952951521699,7.319335202377758],[80.62987512035161,7.319154621819178],[80.63021631316334,7.318916399353509],[80.63020631975908,7.31886518097255],[80.63019175492626,7.318859212375761],[80.63013760428825,7.318826007826171],[80.63007883971311,7.318773900957714],[80.63003449755767,7.318658949783643],[80.63001109096203,7.318497613813977],[80.62998031528454,7.31844226144194],[80.629977747765,7.31843884325071],[80.62992092555814,7.318363205248618],[80.62980765435807,7.318253567022338],[80.62972161367917,7.31817756138624],[80.6296942904456,7.318153424812433],[80.62958401882953,7.318016929740374],[80.62952916490978,7.317916262157985],[80.62957220045699,7.31779397748428],[80.62959634045876,7.317725385908156],[80.62961364756865,7.317690405912275],[80.62969041566284,7.317535242748964],[80.6297620362213,7.317464136379499],[80.62983637480382,7.317390330636248],[80.62983907911332,7.31738809517694],[80.62993730124967,7.317306896375132],[80.62994627020265,7.317297042398294],[80.62997508247004,7.317265400286866],[80.62999809782777,7.317231858160608],[80.63005704292628,7.317090588259304],[80.63007260812438,7.317053283621949],[80.63010271585902,7.316981745927243],[80.6301765729464,7.316806261155721],[80.6302215726535,7.316575588312027],[80.63029637385276,7.31633181364637],[80.63031725234369,7.316284959482689],[80.63033801390678,7.316238368431889],[80.63040749613639,7.316082441343712],[80.63053501206407,7.315835067395321],[80.63061032628576,7.315728766637252],[80.63064800694224,7.315675584157936],[80.6309293463871,7.315321189525763],[80.63096028529652,7.315277691726446],[80.63093347113673,7.315259290474804],[80.6309066696879,7.315249193431748],[80.630893953869,7.315236587878191],[80.63087418715082,7.315220838502793],[80.63081828436358,7.315187532189556],[80.63077729201247,7.315177823023133],[80.63076905333143,7.315175872495104],[80.63074556069346,7.31517628811886],[80.6307437208148,7.315177417902007],[80.63074273059063,7.315178265817436],[80.63072727074366,7.315173149706782],[80.6307253255752,7.315172184187905],[80.63071938190059,7.31517048760517],[80.63068455829996,7.315202974254422],[80.63065553893146,7.315225855472117],[80.63062680762252,7.315237431196467],[80.63059524233307,7.315257345476106],[80.63059000500435,7.315261581341677],[80.63050476681273,7.31537933006538],[80.63033588947079,7.315526650389576],[80.63033236160356,7.315529727490651],[80.63023754586034,7.315598474354749],[80.63013410336971,7.315688711849929],[80.63008035409833,7.315728594021141],[80.62980803910786,7.315930652317345],[80.62976797973595,7.3159455177692],[80.62976538061716,7.315964042454751],[80.6296779744859,7.315974231721599],[80.62953309811589,7.316005474295666],[80.62952933549259,7.316006286941541],[80.62953078601859,7.316004850478274],[80.62959801122012,7.315938303993097],[80.62961758190838,7.315913624730018],[80.62962982366568,7.315871849963215],[80.6296274074952,7.315782232847076],[80.62962790985675,7.315630671088265],[80.62960902251423,7.315504333945852],[80.62958913441135,7.315388939435089],[80.62952841582992,7.31522035685447],[80.62946296298557,7.315121404883327],[80.62940354260789,7.315057346459527],[80.6293644556722,7.315015207707068],[80.62934065410778,7.314963293911111],[80.62930799193119,7.314853229697672],[80.6292592282764,7.314692338452106],[80.62921372342254,7.314531447360352],[80.6291435000069,7.314345048681542],[80.629076436578,7.314194912632118],[80.62906723934165,7.314166350863547],[80.62902477282529,7.314034472562855],[80.62895245654039,7.313878185523566],[80.62891899959745,7.313712053387502],[80.62891287833236,7.313597477217097],[80.62890039618217,7.313546560023038],[80.62887050131998,7.313480182609314],[80.62883758539559,7.313407096092153],[80.62881740190069,7.313364677719179],[80.62874246139062,7.313207304623628],[80.62871593604775,7.313170582176848],[80.62863851681493,7.313111957135588],[80.62859957585812,7.313094853064486],[80.62852124104784,7.313069053868873],[80.62849171859338,7.313054757117896],[80.62847706137781,7.313010894563498],[80.62847690634085,7.313008628331626],[80.62847498730065,7.312980599763406],[80.62847889473844,7.312938730050109],[80.62848959976468,7.312885199782325],[80.62850401953253,7.312830404709501],[80.62851871447792,7.312762315581194],[80.62852489442648,7.312700915495543],[80.62853008304384,7.312621699428917],[80.62852475377065,7.312572323691105],[80.62851236139618,7.312529545233727],[80.62850859495079,7.312520034357672],[80.62846539307363,7.312410886297362],[80.62839687834888,7.312266084145908],[80.62836892011826,7.312180257604004],[80.62834874464225,7.312113783871811],[80.62834007079691,7.312047315723299],[80.62832977608029,7.311957786434045],[80.62830234887393,7.311906955649499],[80.62825527092126,7.311849245712897],[80.62819098447943,7.311791530116827],[80.6281430027025,7.311730926104918],[80.62813098059925,7.311655864172584],[80.62813435598216,7.311585058425929],[80.6281346290371,7.311580989156136],[80.62813598867582,7.311577734115426],[80.628143149809,7.311559470470779],[80.62818152185547,7.311474838594481],[80.62818484188497,7.311467516646827],[80.62822498694752,7.311400430618852],[80.62825108845657,7.311354138923544],[80.62827447586406,7.311290392399562],[80.62827558216848,7.311231341832924],[80.62821367021976,7.31101257442465],[80.62820230503108,7.31097241696227],[80.62811769497974,7.31074604232647],[80.62807746092788,7.310533878907323],[80.6280656314322,7.310432412314416],[80.62804900082304,7.310325338372802],[80.62801029187403,7.310256434997362],[80.62800509887985,7.310247191320898],[80.6279707033766,7.310185145780054],[80.62793993530953,7.310109173368319],[80.62793943110142,7.309987635893819],[80.62793602520883,7.30987920894117],[80.62792752986302,7.309826526021442],[80.62790945183237,7.309714435432254],[80.62784074994885,7.309592332018132],[80.62780591106586,7.309499087892615],[80.627803194895,7.309493479420078],[80.62777097479476,7.309421035104839],[80.62770997583341,7.309288534733052],[80.62767551057722,7.309158393381813],[80.62767008393249,7.309132709410309],[80.62766276293509,7.309064787571046],[80.62765771462693,7.309017949382487],[80.62761129318322,7.308893322135779],[80.6275889519855,7.308803517557898],[80.62757358260394,7.308722847826525],[80.62755317339438,7.308671041758715],[80.62753050635412,7.308613504381849],[80.62750185195176,7.308440320146695],[80.6274837128537,7.308247788215817],[80.62745026399733,7.308062756938029],[80.62744496130506,7.307936334638507],[80.62744528317135,7.307784863214005],[80.62744474549123,7.307764788430857],[80.62743616043036,7.307709803115689],[80.62743319199167,7.307686551620513],[80.62741637688022,7.307554800082195],[80.6273845349228,7.307435059045],[80.62736500081621,7.307344622367835],[80.62736348941013,7.307261969545841],[80.62736500896057,7.307049368583404],[80.62736633995294,7.30686461916273],[80.62737145079537,7.306738922832589],[80.62738505373216,7.306686297835212],[80.62741595229029,7.306648959447203],[80.62745843093168,7.306639568723986],[80.6275231936197,7.306626839429625],[80.62756232531116,7.306610394034493],[80.62756993432895,7.306606960195007],[80.62768806099841,7.306536283597673],[80.62774534380378,7.306404725577764],[80.62775603865951,7.306381727266446],[80.62778141718671,7.306327148318739],[80.62943240390595,7.306495292350154],[80.62966755625419,7.306481393773673],[80.6295809426339,7.306258466822975],[80.62954529707132,7.306166719174087],[80.62943243772331,7.305989695991154],[80.6296008240819,7.305360421415301],[80.62964400409705,7.305221662108561],[80.62961098166241,7.305076657326774],[80.6295127551621,7.30463272138933],[80.62948873982747,7.304524181002235],[80.62919604393932,7.30387148583736],[80.62917916926835,7.303790470206408],[80.62907742609741,7.303467191383981],[80.62904813798201,7.303159429602593],[80.6289565242902,7.302830670363456],[80.62892938721748,7.302799658394319],[80.62885072122886,7.302507505908502],[80.62864312306097,7.302543294525901],[80.62803097592149,7.302608733506736],[80.62644205588232,7.303103483305626],[80.62656053797406,7.303505485958809],[80.62623578553986,7.303658945790758],[80.6263131136401,7.303881886558119],[80.62605491077541,7.303990878502486],[80.62572213963263,7.304223001444674],[80.62558200261296,7.304295033875867],[80.62476006967677,7.304552502778176],[80.62293389703383,7.30555849968988],[80.6228105585424,7.305626443174532],[80.62281153256201,7.305646516300856],[80.62285917761778,7.306469600283336],[80.62287245829354,7.307442479228119],[80.62302135087539,7.308747446779112],[80.62302214471802,7.308754108137759],[80.62310700436386,7.309467242425608],[80.62324723643275,7.310052860868863],[80.6234280729433,7.310515160711152],[80.62357415357341,7.310837904962672],[80.62359144882184,7.31111822544262],[80.62360200558282,7.311121434769409],[80.62381432429703,7.311509444953577],[80.62398251386259,7.311888438705404],[80.62413579283623,7.31242028151627],[80.62432471512513,7.312886551794469],[80.62449880888548,7.313389345367971],[80.62470354740323,7.313796954225186],[80.62486911939483,7.314242572105061],[80.62489795282143,7.314739725371299],[80.62506196467079,7.315551452870374],[80.6250983242506,7.316120448173155],[80.62520112818076,7.317034793291064],[80.62546174300226,7.317803411465451],[80.62558930707388,7.319307942795428],[80.62559126485267,7.319438615048254],[80.62559457277135,7.319659192523343],[80.62559460463571,7.319661401743047],[80.62560572962636,7.320403362393477],[80.62560864974789,7.320403199692285],[80.62610830305314,7.320375163295641],[80.62610900828973,7.320359897109709],[80.62631834574105,7.320242793811831],[80.62632433553186,7.320252995426162],[80.62632578315564,7.320254894941963],[80.6263282286193,7.320257608661706],[80.62636643748431,7.320296052401861],[80.62642593615108,7.320316239949377],[80.62648588827594,7.320323810822558],[80.626545125814,7.32033129101992],[80.62667372856863,7.320360365481415],[80.62687831601131,7.320409898733596],[80.62700230760191,7.320414915337037],[80.62710483745362,7.320416036297177],[80.62713916372677,7.320415776380859],[80.62726234248535,7.320416542425316],[80.62738488723575,7.320417307322102],[80.62751702957932,7.320424767190379],[80.62767018339439,7.320442000416091],[80.62780567915891,7.320442771282583],[80.62789974027481,7.320441727083011],[80.6279401811836,7.320441278313536],[80.62807866788309,7.320435901735843]]]]}},{"type":"Feature","properties":{"GND_N":"Watapuluwa","GND_NO":"228","GND_C":"035","PROVINCE_N":"CENTRAL","PROVINCE_C":"2","DISTRICT_N":"KANDY","DISTRICT_C":"1","DSD_N":"GANGAWATA KORALE","DSD_C":"30","Admin_Code":"2130035","GND_NO_Cen":"228","GND_NAME_C":"Watapuluwa","GND_NO_Gaz":"228","GND_NAME_G":"වටපුළුව","shape_1":"Polygon","Area__Ha_":31.1746998574,"MWS_ID":"117","Alt_MWS":null,"Total_Pop":2512.0,"Density":8057.81615057,"Area_Sqkm":0.31174699857},"geometry":{"type":"MultiPolygon","coordinates":[[[[80.63936832032965,7.32084333218918],[80.63941022747237,7.320798955453818],[80.639437813121,7.320769742220896],[80.63950975045516,7.320693171499769],[80.63960614092551,7.320624563338546],[80.63965141364642,7.320589327383711],[80.63968604514929,7.320562371603152],[80.63978199073284,7.320467359452259],[80.63986950923471,7.320387716959278],[80.63990917694791,7.320353521034891],[80.63991743482502,7.320346403965335],[80.63992993791457,7.320333115414691],[80.63993795590979,7.320322567349464],[80.63998803451021,7.320283882902038],[80.64002478828698,7.32026224593822],[80.64003729030019,7.32025248416276],[80.64005314559328,7.320238833997944],[80.64007153259065,7.320221557442415],[80.64013078682108,7.320165879394614],[80.64022364337522,7.320104777544205],[80.64032555463343,7.320052087515406],[80.64041496605819,7.319998941539282],[80.6404604239647,7.319973880764683],[80.6405123480282,7.319945255367617],[80.64059016038095,7.319908021576861],[80.64064215801906,7.319878647424378],[80.64070113726454,7.319824406152073],[80.64072243005029,7.319797284401053],[80.6407391048317,7.319769164717433],[80.64076547583382,7.319724680081109],[80.64077716235653,7.319712929478156],[80.64079065918645,7.319704975680691],[80.64079183594973,7.319704234506998],[80.64083957775306,7.319674153694106],[80.64084229556195,7.31967207371227],[80.6408703928967,7.319648490727194],[80.64092102408009,7.319605993799939],[80.64097990951477,7.319559258169996],[80.64104585568705,7.319528531707909],[80.64118561677307,7.319503796692952],[80.64126795840563,7.319469999585671],[80.6413748387265,7.31945176562547],[80.6414341860496,7.319456156612289],[80.64151214265112,7.319420615555763],[80.64155453410217,7.319415164449829],[80.64160532288474,7.319408574622616],[80.64170979385791,7.319061404414263],[80.64207286395848,7.319004090500553],[80.64251874469765,7.318505357564531],[80.6428705163915,7.318222070748735],[80.64300417643959,7.31796715854594],[80.64302582557205,7.317690814654939],[80.64332296681557,7.317416458457451],[80.64355946959468,7.316526377182275],[80.64305493484116,7.316502877309149],[80.64310538092373,7.31609016224501],[80.6432277201635,7.315677468410126],[80.64355121180762,7.315749342871247],[80.64358357395211,7.315709874176166],[80.64360174339353,7.315042334245427],[80.64376532883075,7.314406617904152],[80.643786017196,7.314302286461386],[80.64382695487116,7.314095857069395],[80.64369372703877,7.314082706394079],[80.64354899504487,7.314077961399848],[80.643471193926,7.31407838971671],[80.64343224312212,7.314092304491641],[80.64340071864245,7.314114179316491],[80.64335587470653,7.314151333826985],[80.6433520699234,7.314153955181771],[80.64334926087054,7.314155399428385],[80.6433456375785,7.314156845243307],[80.64334138124431,7.314158110915178],[80.64330460730324,7.314164429275262],[80.6432979039924,7.314164789017529],[80.64329129165488,7.314163792332681],[80.64327191261793,7.314158813851377],[80.64318315988065,7.314133738456296],[80.64315092073193,7.314122155665586],[80.64310935279948,7.314107220578208],[80.64305800668649,7.314077272077007],[80.64304705281724,7.314056380352331],[80.64302513777051,7.314045341378966],[80.64296628224288,7.313994502160956],[80.64296337055468,7.313990818979212],[80.64296338414765,7.313990794567064],[80.64296383815302,7.313989979924799],[80.64296728741527,7.313964570947503],[80.64296722672283,7.313845610829811],[80.64282461936678,7.313735060118718],[80.64281216528899,7.313727581464099],[80.64278411997766,7.313705722491269],[80.64278525770737,7.313686930516501],[80.64278117697175,7.313609356423254],[80.64239937709216,7.313385526806223],[80.64223161741519,7.31328717742434],[80.64212710025288,7.313209874564272],[80.64208742515923,7.313180528981868],[80.64202242285133,7.313132451360344],[80.64201315672959,7.313125598507018],[80.64197227188451,7.31309535910316],[80.64195679090057,7.313088023307041],[80.64195685242068,7.313088252113925],[80.64195713288471,7.313089279485276],[80.64193438785361,7.313076633266547],[80.64191949496103,7.31306835536122],[80.64184782334634,7.313085733667624],[80.64183233427192,7.31309635640961],[80.64182453085115,7.313101707552117],[80.64182450095662,7.313101727437853],[80.6418233540856,7.313102520168953],[80.641778872654,7.313138859855301],[80.64173954692566,7.313158791602377],[80.64172198608897,7.313167691025381],[80.64169957425351,7.31319168361702],[80.64167596014785,7.313216961766529],[80.64161698415052,7.31326369568074],[80.64151163020264,7.31332832271531],[80.64143018603393,7.313399466955723],[80.64142186436605,7.31340839535677],[80.6413412161949,7.313494934665031],[80.64127118166478,7.313564724934367],[80.6412011492393,7.313639490665373],[80.6411461513445,7.313709285422311],[80.64110428027821,7.313796085902587],[80.64108777992229,7.31384735490388],[80.64108433429168,7.313863360024344],[80.64107943494268,7.313894556990691],[80.64107363300121,7.313912370008882],[80.6410661097297,7.313928736530639],[80.64105759326264,7.313940849819409],[80.64103222344659,7.313970324273971],[80.64097568519551,7.314042018485031],[80.64094478514744,7.314095272620441],[80.64093119357281,7.314111636412273],[80.64092367299757,7.314122033631374],[80.64090038994121,7.314142463871394],[80.64086098396207,7.314163793566276],[80.64084232483621,7.314174367391667],[80.64083227068058,7.314176716459564],[80.64078290839579,7.314176249463776],[80.64075071875065,7.314162900414575],[80.64071810944598,7.314183599129787],[80.64065310552365,7.314224860067888],[80.64048678221864,7.314336763512794],[80.64041738870597,7.314385485396582],[80.64033793614738,7.31445861768742],[80.6403199076344,7.314480303749578],[80.6402779549584,7.314530763822892],[80.64026329883339,7.314545114294938],[80.64021544287046,7.314591966221355],[80.64016696893549,7.314648650436208],[80.64011948294338,7.314741779236935],[80.64007942156077,7.314833374771413],[80.64005630613059,7.314898114931589],[80.6400562425578,7.314898683718621],[80.64004677025432,7.314983297336827],[80.64004676918428,7.314983839013661],[80.64002947519387,7.314969637138968],[80.63995449688957,7.314913909423352],[80.6397760044404,7.31483644798429],[80.63963780053108,7.314808371802247],[80.63956055335174,7.314773894440723],[80.6395258536087,7.314752776584619],[80.63942603029845,7.314930109813486],[80.63941557482171,7.314998044163902],[80.63939325038763,7.315007965716261],[80.6392196185385,7.315047699509365],[80.63917434974341,7.315059959828974],[80.6389465108484,7.31508127174643],[80.63877997397083,7.315071888539499],[80.63856225502933,7.315083067930365],[80.63839097522667,7.315057932895331],[80.63822172173612,7.314993846496535],[80.63805682182877,7.314951167112032],[80.63800643095162,7.314970056991414],[80.63797935650955,7.315098894583357],[80.63798542384455,7.315122641617386],[80.63805019595534,7.315188328319024],[80.63806468835784,7.315203006880541],[80.63818190044896,7.315313560335627],[80.63818182007577,7.315321628496566],[80.63827857319353,7.315419613989824],[80.63842994887597,7.315498444973545],[80.63855250398986,7.315555783584103],[80.63862206820636,7.315592574688476],[80.63871103367977,7.315754033405368],[80.6387153606966,7.315897586394918],[80.6387113051964,7.316026632717946],[80.638711562497,7.31603525170216],[80.63876502667051,7.316214164352883],[80.63877879841256,7.31639072002372],[80.63877613054913,7.31657279324804],[80.63878797829827,7.316676246337904],[80.63898459060572,7.317140479274973],[80.63842310246066,7.317474942079963],[80.63843047070024,7.317489080388797],[80.63847582631024,7.317575480458809],[80.6384856874865,7.317594267643348],[80.63849284018713,7.317605392750053],[80.63852995711292,7.317663098591079],[80.63856680982278,7.31771705149386],[80.63861614323726,7.317789274211071],[80.63863550720554,7.317852581289533],[80.63867179371528,7.317960204350051],[80.63870155962252,7.318062943087208],[80.63874082971383,7.318185034985189],[80.63876263146797,7.318273483309312],[80.63877257877951,7.318324579424654],[80.63877245553425,7.318434180819646],[80.63877078799372,7.31855571853207],[80.6387705872509,7.318560560104967],[80.6387655859721,7.318681324524341],[80.63876038596128,7.318803312403176],[80.6387497497378,7.318931358349851],[80.63875603895761,7.319100283926364],[80.63875928533731,7.319170378287313],[80.6387613467246,7.319214861543028],[80.63876555447088,7.319378269333822],[80.63877926471856,7.319560670372248],[80.63880877574842,7.319904495984541],[80.6388274777255,7.320047695233995],[80.63883389695917,7.320096849634971],[80.63886319887717,7.320245344094872],[80.63889540177071,7.320376387309975],[80.63893811232411,7.320503545229309],[80.638976941404,7.320590731804525],[80.638981596361,7.320604170250373],[80.63898164245668,7.320610405427877],[80.63903238644293,7.320753774500187],[80.6390605950696,7.320837705958746],[80.63906227629167,7.320837089737234],[80.63906897680073,7.320846225231731],[80.63908473046843,7.320862960528205],[80.63909650132086,7.320877793767106],[80.63910473931068,7.320891360810284],[80.63911714593586,7.320891546356009],[80.6392530091456,7.320882092566033],[80.63929150503971,7.320877220148085],[80.6393327177719,7.320867557560566],[80.63934485694112,7.320862677117882],[80.63935083621695,7.320857887039741],[80.63936832032965,7.32084333218918]]]]}},{"type":"Feature","properties":{"GND_N":"Nittawela","GND_NO":"225","GND_C":"030","PROVINCE_N":"CENTRAL","PROVINCE_C":"2","DISTRICT_N":"KANDY","DISTRICT_C":"1","DSD_N":"GANGAWATA KORALE","DSD_C":"30","Admin_Code":"2130030","GND_NO_Cen":"225","GND_NAME_C":"Nittawela","GND_NO_Gaz":"225","GND_NAME_G":"නිත්තවෙla","shape_1":"Polygon","Area__Ha_":53.6134226153,"MWS_ID":"117","Alt_MWS":null,"Total_Pop":3979.0,"Density":7421.64891906,"Area_Sqkm":0.53613422615},"geometry":{"type":"MultiPolygon","coordinates":[[[[80.63482034612007,7.322396059186188],[80.63481520153303,7.322335831059427],[80.63483186349697,7.322346958306516],[80.63486029903844,7.322361075258069],[80.63489072696453,7.322375916275403],[80.63490422129128,7.322379356862346],[80.63492541573824,7.322378368788097],[80.63493345807464,7.322377291577682],[80.6349840566033,7.322340562061938],[80.63497040445762,7.322291821325793],[80.63527300829209,7.322157541492871],[80.63542881773898,7.322174792822093],[80.63552172350686,7.322168005262201],[80.63584053756185,7.32209551112045],[80.6359202543261,7.322087818677093],[80.63601726022364,7.322066848316348],[80.63644635220966,7.322067563314461],[80.63675661606908,7.322116997427074],[80.63719164867818,7.322106459518686],[80.63738318086196,7.322077880332498],[80.63764673689697,7.32224245504779],[80.63829087054462,7.322229026091694],[80.63894748289253,7.322095779992949],[80.63894774636826,7.321888974319336],[80.63917549323509,7.321459933408642],[80.6393818459422,7.321278521772234],[80.63936221524246,7.321260395394142],[80.63929548469049,7.321189115174891],[80.63927494294687,7.321158754211909],[80.63922124924795,7.321079401627507],[80.63920596117973,7.321059482429637],[80.63915307493933,7.320990578390216],[80.63914031055063,7.320963715822758],[80.63911523930851,7.320909541387969],[80.63910473931068,7.320891360810284],[80.63909650132086,7.320877793767106],[80.63908473046843,7.320862960528205],[80.63906897680073,7.320846225231731],[80.63906227629167,7.320837089737234],[80.6390605950696,7.320837705958746],[80.63903238644293,7.320753774500187],[80.63898164245668,7.320610405427877],[80.638981596361,7.320604170250373],[80.638976941404,7.320590731804525],[80.63893811232411,7.320503545229309],[80.63889540177071,7.320376387309975],[80.63886319887717,7.320245344094872],[80.63883389695917,7.320096849634971],[80.6388274777255,7.320047695233995],[80.63880877574842,7.319904495984541],[80.63877926471856,7.319560670372248],[80.63876555447088,7.319378269333822],[80.6387613467246,7.319214861543028],[80.63875928533731,7.319170378287313],[80.63875603895761,7.319100283926364],[80.6387497497378,7.318931358349851],[80.63876038596128,7.318803312403176],[80.6387655859721,7.318681324524341],[80.6387705872509,7.318560560104967],[80.63877078799372,7.31855571853207],[80.63877245553425,7.318434180819646],[80.63877257877951,7.318324579424654],[80.63876263146797,7.318273483309312],[80.63874082971383,7.318185034985189],[80.63870155962252,7.318062943087208],[80.63867179371528,7.317960204350051],[80.63863550720554,7.317852581289533],[80.63861614323726,7.317789274211071],[80.63856680982278,7.31771705149386],[80.63852995711292,7.317663098591079],[80.63849284018713,7.317605392750053],[80.6384856874865,7.317594267643348],[80.63847582631024,7.317575480458809],[80.63843047070024,7.317489080388797],[80.63842310246066,7.317474942079963],[80.6383691894069,7.317371501424684],[80.63836575029069,7.317365893697287],[80.6383611324244,7.317358657864748],[80.63833154225273,7.317312231869384],[80.63832637126087,7.317304118693841],[80.6383206665735,7.317299685864975],[80.63828995732113,7.317296207552072],[80.63824415135498,7.317240158422683],[80.63815142893596,7.317157839387774],[80.63805924409769,7.317103462535125],[80.63798300278134,7.317037062435976],[80.63790423281208,7.316949773068878],[80.63781124056874,7.316929253899601],[80.63777906972369,7.316922153372329],[80.63757812781871,7.316797297814017],[80.63751854123532,7.316771236456633],[80.63748440201273,7.316750335649441],[80.63738968752256,7.316672988604545],[80.63725370232727,7.316495432110026],[80.63721289545722,7.316362668841814],[80.63720755736715,7.316344399383192],[80.63717326840063,7.316222307986227],[80.63716497528631,7.316094799707399],[80.63716565050706,7.315961777049705],[80.63717483811348,7.315833187197307],[80.63717849340433,7.315728561454884],[80.63717907187406,7.315612539648363],[80.63718030456995,7.31555402714846],[80.63718247490635,7.315450941877162],[80.63718283795957,7.315442622408044],[80.63719500649941,7.31534251899545],[80.63719113879367,7.315252811011387],[80.63725168807893,7.315102896379319],[80.63727483543107,7.315000737254691],[80.63728633382551,7.314949990451693],[80.63734044026447,7.314836516296344],[80.63743540560561,7.314687155734561],[80.63748534098768,7.314615229349591],[80.63750689939596,7.314584177727116],[80.6376053824721,7.314478675065634],[80.63769126585808,7.31441205441143],[80.63778664960276,7.314373742229716],[80.63791256698345,7.314296735265104],[80.63801294236977,7.314225144431211],[80.63803675006481,7.314198517319534],[80.63804592087916,7.314188258110186],[80.63807219651717,7.314156163437247],[80.638088971919,7.314095219506356],[80.63809260745754,7.314056968630137],[80.6380916441721,7.313949717165646],[80.63809084709077,7.31387041140891],[80.63803871388981,7.313841738975608],[80.6374781118663,7.313357058561917],[80.63663740252706,7.313884567717715],[80.63652108055305,7.314036109901685],[80.63641414583905,7.314232576186121],[80.6362663702324,7.314360087549638],[80.63623664241298,7.314396233219989],[80.63615554341142,7.314518989647411],[80.63611693647192,7.31454178323656],[80.63592509042948,7.314538517751759],[80.635894471229,7.314522887292706],[80.63579441550259,7.3144399532828],[80.63568796462975,7.314527456534671],[80.6355028919001,7.314641521683943],[80.63540767889947,7.314712208356526],[80.63534879411145,7.314757131952065],[80.63527287096272,7.314830900161579],[80.63523598970514,7.314890029983024],[80.63520798210861,7.314956668288963],[80.63512080011569,7.315122038762809],[80.63500581558647,7.315280526896861],[80.63486955352965,7.315411246241046],[80.63486012043673,7.315422868084547],[80.63475955662247,7.315546766596828],[80.63468915672917,7.315624966613139],[80.63465065567456,7.315650365400431],[80.63460817454627,7.315665363457069],[80.6345359820977,7.315683607648372],[80.6345161436116,7.315691016682803],[80.63441224740247,7.315729235952918],[80.63437835538677,7.315740749703597],[80.63425481473594,7.315782719218694],[80.63418895714418,7.31582294170293],[80.63410643537095,7.315859810286342],[80.63403277995833,7.315924355109837],[80.63394372565779,7.315988351568886],[80.6338862078834,7.316005695085297],[80.6338468011468,7.316030732699146],[80.63381400291557,7.316065989205683],[80.63378355487106,7.316115988387047],[80.63376331048173,7.316138009877751],[80.63374640844417,7.316156397130594],[80.63369740183337,7.316178990981094],[80.63358262791151,7.31623664820374],[80.63352492135662,7.316277866998348],[80.63346331198439,7.316336355814228],[80.63344754222938,7.31637134640158],[80.63343857384461,7.316382557807987],[80.63342607024758,7.316391507337531],[80.63341112470081,7.316398011763407],[80.63338974635455,7.316405692453556],[80.63335885833453,7.316414996060152],[80.63333712143931,7.316416616905403],[80.63330804615309,7.316421853532866],[80.6332802379821,7.31642989208876],[80.63327090687517,7.316436762726338],[80.63318103060104,7.316524359245016],[80.6330402538666,7.316608596353436],[80.63283955568271,7.316717777594616],[80.6328221193379,7.316727262691168],[80.63268505055922,7.316831122413299],[80.63250242142446,7.31694283678522],[80.63235330597789,7.317048049913955],[80.63223824551163,7.317156348512664],[80.63220388098678,7.317177783947069],[80.63217637233376,7.317194942415385],[80.63212292723594,7.317218346732933],[80.63200724977413,7.317267775009414],[80.631929710365,7.317297682558386],[80.63186322302614,7.317323342514445],[80.63170623774049,7.317391205224376],[80.631769650602,7.317358581179638],[80.63171793335141,7.317357388987485],[80.63165816120913,7.317340278486911],[80.63153816145359,7.31731419603397],[80.63147838640737,7.317306128529035],[80.63146262961884,7.317297532592891],[80.63143156884647,7.317280520820719],[80.63138085052833,7.317273993529449],[80.6313225286457,7.317253538438194],[80.63131948046644,7.317252050784469],[80.63125814196837,7.317222138427675],[80.63118406045552,7.317199144388947],[80.63114950127697,7.317186563454578],[80.63102394771951,7.317140855722268],[80.63095721053467,7.317098875481896],[80.63093149554295,7.317075715242798],[80.63091538497186,7.317046502896313],[80.63090954171551,7.317011524416859],[80.63090530477947,7.317011437140446],[80.63072428311884,7.317027183154116],[80.63058085925952,7.317036074895465],[80.6305666103999,7.317036233059618],[80.6304136336442,7.317143450029306],[80.63030709003546,7.317084829397675],[80.63026009331692,7.317047827305977],[80.63019760799185,7.317297123096965],[80.63019361760729,7.317313127947433],[80.63019348433602,7.317316311047145],[80.63012807977508,7.317390395562668],[80.63007368701595,7.317444851247825],[80.63006121666598,7.317771305631297],[80.62977362471567,7.317847776685372],[80.6297773945747,7.318046845513649],[80.62988900844975,7.318116967022839],[80.63010118860986,7.318659464285524],[80.63018852407362,7.318817878399869],[80.63020401943369,7.318853385416372],[80.63020631975908,7.31886518097255],[80.63028032393252,7.318895504516531],[80.6303604745086,7.318914249550265],[80.63054433619216,7.318915846416013],[80.6306095456365,7.318924367957321],[80.63069660467806,7.318936050760115],[80.63069938966217,7.31893642332874],[80.6307938544148,7.318943779614047],[80.6308536285805,7.318955192225658],[80.6308749121809,7.318960897106448],[80.6308997231941,7.318976186917194],[80.63094418200104,7.319014182856684],[80.63104079970773,7.319088637180673],[80.6310686005334,7.319103927946773],[80.63112112515158,7.319124202152613],[80.6311659548206,7.319135791669291],[80.63119874190853,7.31913634572162],[80.63130724727111,7.319138097039578],[80.63139428369932,7.319152685223417],[80.63146401482004,7.319180108007739],[80.63158898145417,7.319250232493167],[80.63170055262525,7.319297291134391],[80.63174665046026,7.319308519280273],[80.63199363511114,7.319332563411256],[80.63214443545543,7.319339212216735],[80.63220557090675,7.319339684840999],[80.63224451905114,7.31933933467857],[80.63243300808837,7.319310459993494],[80.63245245046306,7.319525055255461],[80.63252577272318,7.319536110254562],[80.63270644947224,7.31959078865617],[80.63284336651077,7.319675293202103],[80.63296742991704,7.319747224722041],[80.6330464743997,7.319824205977658],[80.63318410591387,7.319946511376158],[80.63323366245048,7.320007225683993],[80.63324821543019,7.320025055908912],[80.63330334275152,7.320092594937648],[80.63336156927019,7.32015229193266],[80.63345853472853,7.320251710017235],[80.63353867671121,7.320361316943],[80.63355866558881,7.320388653095563],[80.6335776286438,7.320431929053008],[80.63365695456947,7.320612951139064],[80.63373234268089,7.320801793271534],[80.63376454336245,7.3209465867345],[80.63376539534386,7.320950414010166],[80.63377566523359,7.320996594537212],[80.63380313315818,7.321205225694747],[80.63380595094065,7.321276352648245],[80.63380978316854,7.321373065337652],[80.6338076374572,7.32156712875992],[80.6337837698702,7.321714702375451],[80.6337581672291,7.321909662668527],[80.63375161865774,7.321930040847114],[80.63398241707914,7.321895901426507],[80.6340145075332,7.321968916771239],[80.63406531746746,7.322088246427022],[80.6340645229654,7.322094513892621],[80.63408010929514,7.322284384241409],[80.63404807728463,7.32234688489312],[80.63400099345161,7.322461903543004],[80.63397635996324,7.322494204652666],[80.63431024609243,7.322732940013982],[80.63432834140185,7.322713947243637],[80.63442641389615,7.322657515366783],[80.63445996924985,7.322638209149853],[80.63459565787201,7.322604159709662],[80.63470137374759,7.322547853163091],[80.63479513996104,7.322478160974082],[80.63480574189975,7.322465595414563],[80.63481471461726,7.322443804558535],[80.63481997527222,7.32242318812793],[80.63482034612007,7.322396059186188]]]]}},{"type":"Feature","properties":{"GND_N":"Mavilmada","GND_NO":"227","GND_C":"005","PROVINCE_N":"CENTRAL","PROVINCE_C":"2","DISTRICT_N":"KANDY","DISTRICT_C":"1","DSD_N":"GANGAWATA KORALE","DSD_C":"30","Admin_Code":"2130005","GND_NO_Cen":"227","GND_NAME_C":"Mavilmada","GND_NO_Gaz":"227","GND_NAME_G":"මාවිල්මda","shape_1":"Polygon","Area__Ha_":64.7508359935,"MWS_ID":"117","Alt_MWS":null,"Total_Pop":2996.0,"Density":4626.96728781,"Area_Sqkm":0.64750835994},"geometry":{"type":"MultiPolygon","coordinates":[[[[80.64147078003091,7.326776404897717],[80.6427754882064,7.325193536568605],[80.64290279308756,7.325039089687827],[80.6429034200844,7.325038329355619],[80.64212508523013,7.32452610466267],[80.64212517189681,7.324499804869903],[80.64212019716128,7.324483072892829],[80.6421106920533,7.324462904120815],[80.64206142099222,7.324462527702978],[80.6420271043614,7.324459758437789],[80.64202093372613,7.324459260134449],[80.64198615669994,7.324451382326057],[80.6419449480663,7.32444341216434],[80.64187974303508,7.32441970087818],[80.64179352689256,7.324386396795457],[80.64176500086374,7.32436477544657],[80.64174010555742,7.324329318455026],[80.64171431209533,7.324262573244497],[80.64167404213373,7.324141927295049],[80.64166599407531,7.324125798467347],[80.64162823944945,7.324050127827937],[80.64157655532414,7.323941957822478],[80.6415468163323,7.323881879744623],[80.64152278545119,7.323833333226614],[80.64143813174509,7.32372804890456],[80.64131642526664,7.323647167802643],[80.64122822680774,7.323583297607303],[80.64102782847203,7.32344496961649],[80.64109621039728,7.323448426514941],[80.64111559262113,7.32344707407607],[80.64112736900248,7.323444004794953],[80.64117909244001,7.323424124777374],[80.64120101868498,7.323402338583342],[80.64122285169934,7.323383353888238],[80.64122888877988,7.323370126664352],[80.64125004167386,7.323323769442261],[80.64130160705753,7.323230098307819],[80.64135761330907,7.323124131797718],[80.64138833461612,7.323061834590219],[80.64140320407752,7.32301354840816],[80.64142668340658,7.32294428590004],[80.641448796671,7.32289681756749],[80.64133758996365,7.322842073046419],[80.64123733866654,7.322794567107763],[80.64116184387025,7.322749828511689],[80.64115967955392,7.322748546465611],[80.64126229925229,7.322567603797455],[80.64139561871389,7.322374471269604],[80.64123030096471,7.322259576214367],[80.64119915567565,7.322226068800804],[80.6411296570566,7.32223801185175],[80.64095234486139,7.322159002133967],[80.64085891091396,7.322070446461479],[80.64049709042449,7.321943526239821],[80.64058579645724,7.321819136389461],[80.64052590188417,7.321766480705193],[80.6400778782426,7.321414626956027],[80.63970410556188,7.32118960650324],[80.63965379488185,7.321139346396493],[80.63946033551615,7.320868982667037],[80.63941022747237,7.320798955453818],[80.63936832032965,7.32084333218918],[80.63935083621695,7.320857887039741],[80.63934485694112,7.320862677117882],[80.6393327177719,7.320867557560566],[80.63929150503971,7.320877220148085],[80.6392530091456,7.320882092566033],[80.63911714593586,7.320891546356009],[80.63910473931068,7.320891360810284],[80.63911523930851,7.320909541387969],[80.63914031055063,7.320963715822758],[80.63915307493933,7.320990578390216],[80.63920596117973,7.321059482429637],[80.63922124924795,7.321079401627507],[80.63927494294687,7.321158754211909],[80.63929548469049,7.321189115174891],[80.63936221524246,7.321260395394142],[80.6393818459422,7.321278521772234],[80.63917549323509,7.321459933408642],[80.63894774636826,7.321888974319336],[80.63894748289253,7.322095779992949],[80.63829087054462,7.322229026091694],[80.63764673689697,7.32224245504779],[80.63738318086196,7.322077880332498],[80.63719164867818,7.322106459518686],[80.63675661606908,7.322116997427074],[80.63644635220966,7.322067563314461],[80.63601726022364,7.322066848316348],[80.6359202543261,7.322087818677093],[80.63584053756185,7.32209551112045],[80.63552172350686,7.322168005262201],[80.63542881773898,7.322174792822093],[80.63527300829209,7.322157541492871],[80.63497040445762,7.322291821325793],[80.6349840566033,7.322340562061938],[80.63493345807464,7.322377291577682],[80.63492541573824,7.322378368788097],[80.63490422129128,7.322379356862346],[80.63489072696453,7.322375916275403],[80.63486029903844,7.322361075258069],[80.63483186349697,7.322346958306516],[80.63481520153303,7.322335831059427],[80.63482034612007,7.322396059186188],[80.63481997527222,7.32242318812793],[80.63481471461726,7.322443804558535],[80.63480574189975,7.322465595414563],[80.63479513996104,7.322478160974082],[80.63470137374759,7.322547853163091],[80.63459565787201,7.322604159709662],[80.63445996924985,7.322638209149853],[80.63442641389615,7.322657515366783],[80.63432834140185,7.322713947243637],[80.63431024609243,7.322732940013982],[80.63426201971151,7.322783558468912],[80.63421418459772,7.322825593408214],[80.63419645964821,7.322844825026348],[80.63413753231073,7.322908764976737],[80.63409607635049,7.322944775649967],[80.63404793151084,7.322986597057578],[80.63397163293804,7.323096626473989],[80.6339044890867,7.32318793972413],[80.63386162743372,7.323258021311489],[80.63381214594081,7.32333892800462],[80.63375441325208,7.323459544494493],[80.63373168391435,7.323550528147385],[80.63371968308819,7.323558581674788],[80.63365610826737,7.323562693282637],[80.63352477044042,7.323585350512978],[80.63338347457834,7.323589284589858],[80.63334398042947,7.323602203561728],[80.63327105393257,7.323645948597971],[80.63316542867628,7.323697911464994],[80.63309122499818,7.323778733344215],[80.63307044755378,7.323886156883583],[80.63306318224124,7.323927151093979],[80.6330465846227,7.324020799827954],[80.63301565665752,7.324150647720765],[80.6334588656338,7.324142614647243],[80.6337654178066,7.325888231361377],[80.63376333181792,7.325891304422167],[80.63376151963556,7.325896367937881],[80.63375617016854,7.325914001031613],[80.63375759335237,7.325992946122089],[80.63376455524386,7.326031653347548],[80.6338033899757,7.326099307421824],[80.63383606843314,7.326161171107664],[80.63384029804529,7.326244459543037],[80.63381999856674,7.326281619916178],[80.63378484605303,7.326312445470738],[80.6337468918206,7.326326991798858],[80.63368141164166,7.326306082578054],[80.63360343074415,7.326298460809697],[80.63337364890114,7.326284552950198],[80.63332382991317,7.326294845254496],[80.63324185633101,7.326304857846952],[80.63317392579796,7.326304925765013],[80.63300727160245,7.326301527698988],[80.63293097050587,7.326289370371978],[80.63286295177315,7.326446256792092],[80.63283747079423,7.326505031894684],[80.6327431083958,7.326735869109926],[80.63266152770665,7.32691303374805],[80.63349624374227,7.327174097420516],[80.63510168236006,7.327748836771137],[80.63747951423652,7.329197623692242],[80.63772097659006,7.329319402719652],[80.63856035413384,7.329665254015516],[80.63948896300278,7.329912346801607],[80.639505136531,7.329916650773288],[80.64071034842456,7.327887942329983],[80.64081337981112,7.327796930973268],[80.64087636931326,7.327675400910639],[80.64090025953024,7.327629307694102],[80.64147078003091,7.326776404897717]]]]}},{"type":"Feature","properties":{"GND_N":"Ampitiya Udagama North","GND_NO":"269","GND_C":"235","PROVINCE_N":"CENTRAL","PROVINCE_C":"2","DISTRICT_N":"KANDY","DISTRICT_C":"1","DSD_N":"GANGAWATA KORALE","DSD_C":"30","Admin_Code":"2130235","GND_NO_Cen":"269","GND_NAME_C":"Ampitiya Udagama North","GND_NO_Gaz":"269","GND_NAME_G":"අම්පිටිa","shape_1":"Polygon","Area__Ha_":71.8234696714,"MWS_ID":"117","Alt_MWS":null,"Total_Pop":1991.0,"Density":2772.07437779,"Area_Sqkm":0.71823469671},"geometry":{"type":"MultiPolygon","coordinates":[[[[80.6583863506911,7.284145894387108],[80.6585715818064,7.283681126620141],[80.65871592907763,7.283329085042365],[80.65898326633526,7.282908525438136],[80.6589979864723,7.282882044894351],[80.65904976392345,7.282804145264452],[80.65963857569487,7.282428518341884],[80.66040453856851,7.282231850869891],[80.6606591669235,7.282208435767076],[80.66117571475017,7.282162454319293],[80.66159911070781,7.282048859148355],[80.66160918345905,7.282037822857665],[80.66214004588382,7.28174080901093],[80.66214847028554,7.281737103488278],[80.66223008370727,7.281677259116716],[80.66232675128926,7.28154037268413],[80.66237353797518,7.281451330369825],[80.6621125959162,7.281159941082916],[80.66213898592437,7.280450299292595],[80.66253067703067,7.279754393612794],[80.66213534212385,7.279603556424934],[80.66220726960736,7.279438483817998],[80.66206519979818,7.279338673341206],[80.66184035963401,7.279237959292439],[80.6617162197976,7.279074567969974],[80.66170439995201,7.279057756668036],[80.66156646936656,7.278975006790422],[80.66155914931164,7.278966780284493],[80.66159641922759,7.278732139875018],[80.6613691630265,7.278159207072482],[80.66139092577231,7.278052052502391],[80.66142381445923,7.277997802574186],[80.66145951501441,7.277929897452819],[80.66147347937442,7.277854211603578],[80.66146562845,7.277839581580348],[80.661622949129,7.27770603396897],[80.66164746521684,7.27769050241729],[80.66166163266384,7.277681525356315],[80.66169215141211,7.277662192721416],[80.6617903369685,7.277607687096986],[80.66181751185756,7.277585629841909],[80.66183182688928,7.277562482359101],[80.66183673128293,7.277507592307638],[80.66183990428965,7.277494751984077],[80.66224243916594,7.277264808433433],[80.66228787901076,7.277138773374411],[80.66217255359666,7.276795057896651],[80.66214442611663,7.276569723397989],[80.6620606389584,7.276261842581695],[80.66211800389884,7.275986697026095],[80.66229484369144,7.275947175546193],[80.66224231863707,7.275186302019313],[80.66212253778014,7.275076208900276],[80.66114003325264,7.275372648898617],[80.66073745976207,7.27543953993476],[80.66053619357183,7.275382064269313],[80.66049797514127,7.274917882130404],[80.65996120926947,7.275008666046411],[80.65966403364203,7.275200000149339],[80.65954917846122,7.274577883988375],[80.65983691522818,7.27444604353785],[80.65983177127843,7.274396631910119],[80.65980441689524,7.274293400300246],[80.65973279750716,7.274205113592255],[80.65961734147139,7.274110852595088],[80.65959497669195,7.274009614441129],[80.6595157217321,7.273862739445915],[80.65943337376845,7.273696068408197],[80.65927191093948,7.273321551415053],[80.65923728399729,7.273241232067463],[80.65911293105307,7.2732772825725],[80.65904373815012,7.273286669433337],[80.65895272165334,7.27328411290309],[80.65882892326576,7.273280554022289],[80.6586805993511,7.273207628567448],[80.65855871403267,7.273157588847607],[80.65845982606258,7.273129710544773],[80.6583734526968,7.273127504168316],[80.65830242791489,7.273125691529696],[80.65813271265253,7.273123566477926],[80.6579816417425,7.273162683432104],[80.65785999128308,7.273256880185695],[80.65774766213326,7.273373053044969],[80.65771146799986,7.273429944228627],[80.65765407143716,7.273520160716965],[80.65760442016713,7.273605694024793],[80.65759952778961,7.273613107136545],[80.65753646344247,7.273735354402802],[80.65752707203289,7.27375246409706],[80.6574537392757,7.273886079384054],[80.65738889155267,7.274015586821101],[80.65738641514753,7.274020532717291],[80.65727978089413,7.274175772907537],[80.65719848363483,7.274310118541994],[80.65719826346906,7.274310482918857],[80.65717839601307,7.274343313898588],[80.65711551708695,7.274448468886146],[80.65700598066006,7.274615192910756],[80.65696701076266,7.274719268103332],[80.656801758307,7.274965376235892],[80.65675056425562,7.275061763400546],[80.65670190141795,7.275175329397033],[80.65668008818507,7.275240400105324],[80.6566471566912,7.275338632340276],[80.65663486693849,7.2753873693002],[80.65660608990477,7.275501487643086],[80.6565907064669,7.275553691791486],[80.65656756467466,7.275632239896603],[80.65649843562575,7.275740738157261],[80.65638917706286,7.275885578822813],[80.65633876869882,7.275931647924814],[80.6561869891581,7.27607036417201],[80.65607810011302,7.276187261846052],[80.65597354879066,7.276335630442291],[80.65587714100286,7.276453137265889],[80.65583313066578,7.276506777039088],[80.65572322276503,7.276704340120427],[80.6557163219351,7.276713928431501],[80.65556576290723,7.276923138030523],[80.6553619703348,7.277351181365223],[80.65534716887775,7.277495144487182],[80.65536276017791,7.277590692938706],[80.65537130989685,7.277643094239274],[80.65544470202245,7.277853817677932],[80.65544714857242,7.277872589882533],[80.65547069405483,7.278053148686296],[80.65547407512382,7.27807908775265],[80.65546497096214,7.278257323723655],[80.6554182823022,7.278436453056838],[80.65541547315671,7.278442602480881],[80.65539304480596,7.278507058925499],[80.65537214997939,7.278567113624617],[80.6553535877857,7.278618161169746],[80.65531894940425,7.278713414954636],[80.65523912218896,7.278862061251268],[80.65511453687972,7.279078609712568],[80.65501413781413,7.279284402491839],[80.65488356272206,7.279546615741989],[80.65475229190542,7.279708098302351],[80.65470210150994,7.279769839762081],[80.65463459804991,7.279887898443647],[80.65462445091785,7.279905645400744],[80.65450213502861,7.280107091498268],[80.65437491581679,7.280345521379679],[80.65441621123237,7.28035683630828],[80.65451618375731,7.280404520965997],[80.65464254954297,7.280445778573501],[80.65465683280244,7.280495141150886],[80.65468558757517,7.280550674068404],[80.65471369219769,7.280595759381828],[80.65474466725233,7.280652712649915],[80.65475399359003,7.280699907179305],[80.65476982681201,7.280754594712919],[80.65479274328159,7.280788511374127],[80.65481042013941,7.280830764312963],[80.65483814546167,7.280865248357482],[80.65498229589163,7.281127861728582],[80.65487377215692,7.281183937463638],[80.65481199427164,7.281213721323326],[80.6549341513161,7.281397988921873],[80.65486681771362,7.281584130027608],[80.65475915506224,7.281670702720034],[80.65491714957926,7.28224258645146],[80.6551471610673,7.282335962358454],[80.65531489731652,7.282331221670056],[80.65532576275066,7.282546123436696],[80.65539817536228,7.282612824381625],[80.65552713203584,7.283215419346509],[80.65550507236266,7.283667557423049],[80.6555029833844,7.283926517032272],[80.65578807552407,7.28390654918089],[80.65626136340896,7.284068258828195],[80.65671439390859,7.284223183964496],[80.65705688890787,7.284441392572514],[80.65750426224989,7.284713861418721],[80.6575311738434,7.284717344632489],[80.65779318962032,7.284768754335877],[80.65782567977536,7.284756121579715],[80.65791456279322,7.284707853201076],[80.65838325242792,7.284166726036862],[80.6583863506911,7.284145894387108]]]]}},{"type":"Feature","properties":{"GND_N":"Pitakanda Gama","GND_NO":"250","GND_C":"015","PROVINCE_N":"CENTRAL","PROVINCE_C":"2","DISTRICT_N":"KANDY","DISTRICT_C":"1","DSD_N":"GANGAWATA KORALE","DSD_C":"30","Admin_Code":"2130015","GND_NO_Cen":"250","GND_NAME_C":"Pitakanda Gama","GND_NO_Gaz":"250","GND_NAME_G":"පිටකන්දda","shape_1":"Polygon","Area__Ha_":60.4227443657,"MWS_ID":"117","Alt_MWS":null,"Total_Pop":1981.0,"Density":3278.56673972,"Area_Sqkm":0.60422744366},"geometry":{"type":"MultiPolygon","coordinates":[[[[80.63019760799185,7.317297123096965],[80.63026009331692,7.317047827305977],[80.63030709003546,7.317084829397675],[80.6304136336442,7.317143450029306],[80.6305666103999,7.317036233059618],[80.63058085925952,7.317036074895465],[80.63072428311884,7.317027183154116],[80.63090530477947,7.317011437140446],[80.63090954171551,7.317011524416859],[80.63091538497186,7.317046502896313],[80.63093149554295,7.317075715242798],[80.63095721053467,7.317098875481896],[80.63102394771951,7.317140855722268],[80.63114950127697,7.317186563454578],[80.63118406045552,7.317199144388947],[80.63125814196837,7.317222138427675],[80.63131948046644,7.317252050784469],[80.6313225286457,7.317253538438194],[80.63138085052833,7.317273993529449],[80.63143156884647,7.317280520820719],[80.63146262961884,7.317297532592891],[80.63147838640737,7.317306128529035],[80.63153816145359,7.31731419603397],[80.63165816120913,7.317340278486911],[80.63171793335141,7.317357388987485],[80.631769650602,7.317358581179638],[80.63170623774049,7.317391205224376],[80.63186322302614,7.317323342514445],[80.631929710365,7.317297682558386],[80.63200724977413,7.317267775009414],[80.63212292723594,7.317218346732933],[80.63217637233376,7.317194942415385],[80.63220388098678,7.317177783947069],[80.63223824551163,7.317156348512664],[80.63235330597789,7.317048049913955],[80.63250242142446,7.31694283678522],[80.63268505055922,7.316831122413299],[80.6328221193379,7.316727262691168],[80.63283955568271,7.316717777594616],[80.6330402538666,7.316608596353436],[80.63318103060104,7.316524359245016],[80.63327090687517,7.316436762726338],[80.6332802379821,7.31642989208876],[80.63330804615309,7.316421853532866],[80.63333712143931,7.316416616905403],[80.63335885833453,7.316414996060152],[80.63338974635455,7.316405692453556],[80.63341112470081,7.316398011763407],[80.63342607024758,7.316391507337531],[80.63343857384461,7.316382557807987],[80.63344754222938,7.31637134640158],[80.63346331198439,7.316336355814228],[80.63352492135662,7.316277866998348],[80.63358262791151,7.31623664820374],[80.63369740183337,7.316178990981094],[80.63374640844417,7.316156397130594],[80.63376331048173,7.316138009877751],[80.63378355487106,7.316115988387047],[80.63381400291557,7.316065989205683],[80.6338468011468,7.316030732699146],[80.6338862078834,7.316005695085297],[80.63394372565779,7.315988351568886],[80.63403277995833,7.315924355109837],[80.63410643537095,7.315859810286342],[80.63418895714418,7.31582294170293],[80.63425481473594,7.315782719218694],[80.63437835538677,7.315740749703597],[80.63441224740247,7.315729235952918],[80.6345161436116,7.315691016682803],[80.6345359820977,7.315683607648372],[80.63460817454627,7.315665363457069],[80.63465065567456,7.315650365400431],[80.63468915672917,7.315624966613139],[80.63475955662247,7.315546766596828],[80.63486012043673,7.315422868084547],[80.63486955352965,7.315411246241046],[80.63500581558647,7.315280526896861],[80.63512080011569,7.315122038762809],[80.63520798210861,7.314956668288963],[80.63523598970514,7.314890029983024],[80.63527287096272,7.314830900161579],[80.63534879411145,7.314757131952065],[80.63540767889947,7.314712208356526],[80.6355028919001,7.314641521683943],[80.63568796462975,7.314527456534671],[80.63579441550259,7.3144399532828],[80.63574597948937,7.314399806143321],[80.63573942010431,7.314374360647485],[80.63563952533138,7.314162323031503],[80.63567033119116,7.314142872062122],[80.63577192106673,7.314063838799307],[80.63595019614989,7.314088731934318],[80.63707577221648,7.31254941860603],[80.63738868284143,7.311950159784596],[80.63739490489607,7.311789625407939],[80.63747302141475,7.311696318227614],[80.63753588180302,7.31162160241206],[80.63770034949664,7.311502234449845],[80.63787496138085,7.311199543912143],[80.63798007226424,7.311050689102377],[80.63817114403912,7.310830812279472],[80.63818705431702,7.310793527335563],[80.63826734291933,7.310589391162077],[80.63816757743628,7.310429843440943],[80.63809211215761,7.310358679732587],[80.63778501364806,7.310229525222558],[80.63760591118833,7.310157890990558],[80.63763173774358,7.31008060729346],[80.6376785083456,7.309963605833],[80.63775446076902,7.30978502942753],[80.6377965902701,7.30974507310413],[80.63788637390547,7.309650961877918],[80.63790912500616,7.309595897740346],[80.63791115601101,7.309585740333029],[80.63759116124801,7.309411183940746],[80.63716881306773,7.309259539714379],[80.6371026791213,7.309315766919369],[80.63702558841263,7.309364576352967],[80.63699456559127,7.309366431440086],[80.636996383905,7.309499036214078],[80.63699330501302,7.309532455571714],[80.63685922043716,7.309626410037684],[80.63684444390789,7.309664113978227],[80.63682730911457,7.309704095126652],[80.63682223891941,7.309715924547979],[80.63680248012018,7.309765203826313],[80.63676007160993,7.309831293407365],[80.63667291398266,7.309929203287622],[80.63661574380728,7.309987874809664],[80.63654750451582,7.310117892360002],[80.63653019193366,7.310155687741311],[80.63645906611711,7.310247813202725],[80.63638060437445,7.310338851212074],[80.6362976587282,7.310414423337552],[80.6362940837888,7.310417680429054],[80.63624824390925,7.310453114846522],[80.63620729741625,7.310483215395358],[80.63566961330874,7.310947496803163],[80.63564351965573,7.310976970729283],[80.63561434353072,7.311019100308532],[80.63559694666213,7.311042246829083],[80.6355768285298,7.311075699738394],[80.63556223793955,7.311109154372621],[80.63554338147789,7.311162773618213],[80.63552524447881,7.311235564298744],[80.63548473995326,7.311297134640823],[80.63548176535369,7.311300816030924],[80.6353656834423,7.311444496913435],[80.63533113224274,7.31149121050917],[80.63523098332597,7.311361378321345],[80.63518965629706,7.311307803553541],[80.63510835198626,7.311378689868947],[80.63506907234843,7.311412936154597],[80.6349460443673,7.31151924354848],[80.63485255312051,7.311586041259565],[80.63468092523213,7.311382883763738],[80.63431849729066,7.311703557440012],[80.63410233975677,7.311339163057478],[80.63399430529145,7.31024528299484],[80.63389303850879,7.310186840315088],[80.63373638893633,7.310018976693254],[80.63370314810007,7.309983355655675],[80.63368556914402,7.309969349685096],[80.63355634415157,7.309896775594923],[80.6331904279275,7.309910055015391],[80.63307869885162,7.309973031323157],[80.6330388462086,7.309949405516607],[80.63301330636487,7.309945961050661],[80.63296041304426,7.309946032857463],[80.63291104720187,7.309963924154],[80.63286276723036,7.30997919150507],[80.6328484511116,7.309997815578563],[80.63282289632285,7.310044016392669],[80.63280585230837,7.310096370074637],[80.63279145137895,7.310199041789036],[80.632771808953,7.310339073989581],[80.63276201452261,7.310381935706695],[80.63273509396565,7.31044775944049],[80.63270065984669,7.310504448229533],[80.63262800729649,7.310547742065928],[80.63252935302285,7.310621319917471],[80.63251666691322,7.31064066794102],[80.63237427547813,7.310964497470581],[80.63178573699761,7.31236561233245],[80.6318134555087,7.31238782636132],[80.63186877918687,7.312435501727001],[80.63190580583564,7.312488323938084],[80.63195343223161,7.312532107423367],[80.63198420951184,7.312584838100474],[80.63204440610562,7.312688490409275],[80.63212832299807,7.312821450595858],[80.63217105338548,7.312884312364886],[80.6322122384318,7.312959112233795],[80.63223051539192,7.31301663079458],[80.63226999016521,7.313061316847353],[80.6323215129057,7.313099856586879],[80.63237639195984,7.313125103245606],[80.63238273552581,7.313125264428796],[80.63235917797776,7.313235311389306],[80.63208140562347,7.313342232272507],[80.63165923534225,7.313831030540228],[80.63144517833622,7.314129783901478],[80.63128038051147,7.314388382100319],[80.63077729201247,7.315177823023133],[80.63081828436358,7.315187532189556],[80.63087418715082,7.315220838502793],[80.630893953869,7.315236587878191],[80.6309066696879,7.315249193431748],[80.63093347113673,7.315259290474804],[80.63096028529652,7.315277691726446],[80.6309293463871,7.315321189525763],[80.63064800694224,7.315675584157936],[80.63061032628576,7.315728766637252],[80.63053501206407,7.315835067395321],[80.63040749613639,7.316082441343712],[80.63033801390678,7.316238368431889],[80.63031725234369,7.316284959482689],[80.63029637385276,7.31633181364637],[80.6302215726535,7.316575588312027],[80.6301765729464,7.316806261155721],[80.63010271585902,7.316981745927243],[80.63007260812438,7.317053283621949],[80.63005704292628,7.317090588259304],[80.62999809782777,7.317231858160608],[80.62997508247004,7.317265400286866],[80.62994627020265,7.317297042398294],[80.62993730124967,7.317306896375132],[80.62983907911332,7.31738809517694],[80.62983637480382,7.317390330636248],[80.6297620362213,7.317464136379499],[80.62969041566284,7.317535242748964],[80.62961364756865,7.317690405912275],[80.62959634045876,7.317725385908156],[80.62957220045699,7.31779397748428],[80.62952916490978,7.317916262157985],[80.62958401882953,7.318016929740374],[80.6296942904456,7.318153424812433],[80.62972161367917,7.31817756138624],[80.62980765435807,7.318253567022338],[80.62992092555814,7.318363205248618],[80.629977747765,7.31843884325071],[80.62998031528454,7.31844226144194],[80.63001109096203,7.318497613813977],[80.63003449755767,7.318658949783643],[80.63007883971311,7.318773900957714],[80.63013760428825,7.318826007826171],[80.63019175492626,7.318859212375761],[80.63020631975908,7.31886518097255],[80.63020401943369,7.318853385416372],[80.63018852407362,7.318817878399869],[80.63010118860986,7.318659464285524],[80.62988900844975,7.318116967022839],[80.6297773945747,7.318046845513649],[80.62977362471567,7.317847776685372],[80.63006121666598,7.317771305631297],[80.63007368701595,7.317444851247825],[80.63012807977508,7.317390395562668],[80.63019348433602,7.317316311047145],[80.63019361760729,7.317313127947433],[80.63019760799185,7.317297123096965]]],[[[80.62853776441426,7.325165465489069],[80.6289771353075,7.324061648082382],[80.62934288096909,7.324233919584578],[80.62960687148379,7.324308020102093],[80.6296427989164,7.324361866700276],[80.62978956798139,7.32440079496279],[80.62986441204326,7.324538395261203],[80.63008306914224,7.324592300351475],[80.63040208991231,7.32462999301514],[80.6304020909654,7.324629539960326],[80.6304046366464,7.324599970120516],[80.63041564169838,7.324465218267576],[80.63041600271212,7.324460801775155],[80.63042717758215,7.324358077629403],[80.63042910494853,7.324280217877631],[80.63040992858386,7.324202622574437],[80.63036748417785,7.324096262026297],[80.63034359709489,7.324021469431892],[80.63033583172405,7.32394785584941],[80.63033630872683,7.323870900832472],[80.63031245461576,7.323697627980683],[80.63030142581401,7.323632605108753],[80.63028170217092,7.323566946404056],[80.63027212581174,7.323494690492917],[80.63027714085514,7.3233889783435],[80.63028081091568,7.323244201730562],[80.63028300083607,7.323194555371218],[80.63029125106982,7.323172584419926],[80.63030819265082,7.323156402010553],[80.63035520866714,7.323130464704136],[80.63039326105809,7.323097649984808],[80.63042370594104,7.323057237565871],[80.63045006569313,7.323048294426211],[80.63059818095464,7.32304903238493],[80.63062460115728,7.323049164827019],[80.63062180792382,7.323001597650214],[80.6306222008987,7.322971264783351],[80.63062346729754,7.322873072490363],[80.63062357321586,7.322864865986098],[80.63063545641151,7.322764510421862],[80.63064128357041,7.322715301109572],[80.63063499420558,7.322558945296684],[80.63061439191873,7.322415426839719],[80.63061195839364,7.322320043916666],[80.63052438780505,7.322316915616128],[80.63044299028184,7.322203589274879],[80.63040337961445,7.322148803782037],[80.62946374117105,7.321376100624794],[80.62959681258235,7.321160806243947],[80.62978378849645,7.320992186818724],[80.62974031510444,7.320887406589552],[80.62969745260177,7.320709291294797],[80.62967673697145,7.320694827475097],[80.62946043052597,7.320507572827615],[80.62952678515474,7.320294122263754],[80.62980282380539,7.320377476666998],[80.62997680512133,7.320374661184644],[80.63005595293649,7.320169400434598],[80.62989320450629,7.320052914154605],[80.63003657891383,7.319934727808592],[80.63022298993586,7.31983272158459],[80.63031434133327,7.319816707994314],[80.63056178916307,7.31979840460644],[80.63071762656439,7.319796111072409],[80.63073679592955,7.319797175303569],[80.63076712303933,7.319795154949662],[80.63079039219592,7.319286297318136],[80.63061336048924,7.319267795931351],[80.63049381632082,7.319243104157663],[80.63033473336051,7.319177415670216],[80.63023096906872,7.319124017357085],[80.63022652177486,7.318968716530814],[80.63021858365104,7.318928039360002],[80.63021631316334,7.318916399353509],[80.62987512035161,7.319154621819178],[80.62952951521699,7.319335202377758],[80.62955946682277,7.319517576367001],[80.62956504043335,7.319551522962408],[80.62959315490478,7.319701709533565],[80.6295947868942,7.319710420300818],[80.62960136063987,7.319824091377077],[80.62958983680292,7.319888655678508],[80.62956382147735,7.31995276129711],[80.62952050128229,7.320033592665247],[80.6294748196901,7.320137029900063],[80.62943504746517,7.320167219704666],[80.62938160347227,7.320185741359325],[80.62920608311163,7.320250229494391],[80.62913594053607,7.320276000876818],[80.62897924721993,7.320286077810145],[80.6288333134131,7.320350145030789],[80.62881510627793,7.320353484078952],[80.62877162915959,7.320351836664964],[80.62876903409256,7.320352312381641],[80.6286814539729,7.320368372106643],[80.62850626405874,7.320432790442311],[80.62850636791329,7.320392459521086],[80.62850773209901,7.320380974431923],[80.62847893488377,7.320363239758215],[80.6284309359958,7.320351739362998],[80.62837885404,7.320356874965391],[80.62826236590097,7.320386316914584],[80.62807866788309,7.320435901735843],[80.6279401811836,7.320441278313536],[80.62789974027481,7.320441727083011],[80.62780567915891,7.320442771282583],[80.62767018339439,7.320442000416091],[80.62751702957932,7.320424767190379],[80.62738488723575,7.320417307322102],[80.62726234248535,7.320416542425316],[80.62713916372677,7.320415776380859],[80.62710483745362,7.320416036297177],[80.62700230760191,7.320414915337037],[80.62687831601131,7.320409898733596],[80.62667372856863,7.320360365481415],[80.626545125814,7.32033129101992],[80.62648588827594,7.320323810822558],[80.62642593615108,7.320316239949377],[80.62636643748431,7.320296052401861],[80.6263282286193,7.320257608661706],[80.62632578315564,7.320254894941963],[80.62632433553186,7.320252995426162],[80.62631834574105,7.320242793811831],[80.62610900828973,7.320359897109709],[80.62610830305314,7.320375163295641],[80.62560864974789,7.320403199692285],[80.62560572962636,7.320403362393477],[80.62560981445901,7.320675802723991],[80.62562579143035,7.321741537502668],[80.62562579319595,7.321741674052796],[80.62562875738409,7.321939375272819],[80.62563529757111,7.32264094820613],[80.62584169386786,7.323351847123059],[80.62611527968971,7.323831192111328],[80.62653933116201,7.324186639849102],[80.62688038172658,7.324422161913884],[80.62825880861799,7.325040359520589],[80.62836949056657,7.32508999777133],[80.62853776441426,7.325165465489069]]]]}}]}