{"type":"FeatureCollection","name":"SED_PPL_MWS_107_3","crs":{"type":"name","properties":{"name":"urn:ogc:def:crs:OGC:1.3:CRS84"}},"features":[{"type":"Feature","properties":{"GND_N":"Pihilladeniya","GND_NO":"639","GND_C":"215","PROVINCE_N":"CENTRAL","PROVINCE_C":"2","DISTRICT_N":"KANDY","DISTRICT_C":"1","DSD_N":"PATHADUMBARA","DSD_C":"12","Admin_Code":"2112215","GND_NO_Cen":"639","GND_NAME_C":"Pihilladeniya","GND_NO_Gaz":"639","GND_NAME_G":"පිහිල්ලde","shape_1":"Polygon","Area__Ha_":32.1805154131,"MWS_ID":"107-3","Alt_MWS":null,"Total_Pop":2432.0,"Density":7557.36810485,"Area_sqkm":0.3218051531},"geometry":{"type":"MultiPolygon","coordinates":[[[[80.67265544680711,7.326666715468923],[80.67266713514448,7.32664827038148],[80.67267936638248,7.32663217751086],[80.67270799462177,7.326602793354391],[80.67277277187313,7.326538331466684],[80.67284071844601,7.326465370754454],[80.67284488524626,7.326459763225767],[80.67285122882642,7.326449005287846],[80.67288185450505,7.326394752342492],[80.67288469584958,7.326386755340099],[80.67289520228208,7.326344293495517],[80.67289636084398,7.326331997954002],[80.67289873304004,7.32625712221092],[80.67290027755497,7.326236505361841],[80.67291568465278,7.326199251619697],[80.6729259244395,7.326174023015069],[80.67296525895706,7.326067956406254],[80.67296637895865,7.326065761920164],[80.67298048137474,7.326038119712362],[80.67300703232021,7.325986761399188],[80.67301582077616,7.32597473528289],[80.6730774245414,7.325912623806904],[80.67309690366729,7.325887850373848],[80.67310932551666,7.325865900363569],[80.6731230005131,7.325841737810864],[80.6731475501043,7.325820310555382],[80.67318382118833,7.325801480431153],[80.67319891262507,7.325793646296189],[80.6732465567503,7.325784161128115],[80.67328061261598,7.325780100469858],[80.67336530243014,7.325766645743127],[80.67341973816245,7.325767380735072],[80.67347960849523,7.325759526988202],[80.67356955175954,7.325745349076985],[80.67365642129754,7.325705851769697],[80.67374274433581,7.325679647575597],[80.67380923605943,7.325634175383013],[80.67388985518525,7.325598022527036],[80.67394121916783,7.325560686501908],[80.67400780852279,7.325488084305315],[80.67405183702374,7.325442247958688],[80.67408473450516,7.325354355368462],[80.67408760528697,7.325284642392704],[80.67408783298086,7.325279118961268],[80.67409083319488,7.325237604897449],[80.67409019200505,7.325233308407855],[80.67409936772482,7.325111539753107],[80.67410002456403,7.325102808856101],[80.67410088419437,7.32509051776392],[80.67409983220355,7.325084446938344],[80.67410047475823,7.325046987233453],[80.67408690536986,7.324977715438571],[80.67407452821351,7.324954911528132],[80.67404733939576,7.324904819618183],[80.67399917557674,7.324814649650154],[80.6739322602737,7.324732432373216],[80.67389613075326,7.324659375451049],[80.67388726585934,7.324641449241468],[80.67383248577825,7.324562762398415],[80.67375632660033,7.324504237539525],[80.67370480489758,7.324435677809757],[80.67370426343201,7.324434954243794],[80.67364141848898,7.324377065413855],[80.67353990002641,7.32431283671747],[80.67347045216367,7.324251578730893],[80.67346555492693,7.32424725865995],[80.67345454176866,7.324236711968376],[80.67341076895143,7.324194795650048],[80.67337192049423,7.324157439046034],[80.6733557139583,7.324134556469621],[80.67334784041928,7.324106792562807],[80.67334767970561,7.324092745081671],[80.67331563525053,7.32408654055864],[80.6732598512188,7.324116739648344],[80.67313063741244,7.324134478687927],[80.6730817665435,7.32406370576141],[80.67308763590053,7.323909423052006],[80.67308546474754,7.323898060889784],[80.67308724059752,7.323875747618112],[80.67310379103506,7.32374228351052],[80.67310459865172,7.32373177840653],[80.67311159590069,7.32371807077624],[80.6731163855512,7.323693938737574],[80.67318061979135,7.323530954635973],[80.67318724368727,7.323518049035608],[80.673197119726,7.323498803206852],[80.67319795325575,7.323485882714865],[80.6732016325737,7.323473107563455],[80.67325328847117,7.323315510213444],[80.67326274008178,7.323294657339138],[80.67326598284869,7.323285751600149],[80.67327548580569,7.323262171359048],[80.67327853313614,7.323256325737009],[80.67327490915038,7.323138632567153],[80.67308489660485,7.323009621829425],[80.6725569698224,7.322963708321213],[80.67211594266928,7.322805930324863],[80.67188990130354,7.32279799240998],[80.67177360167308,7.322827889704157],[80.67166937621633,7.322854576786779],[80.67157132336455,7.322888865949298],[80.6714339392572,7.322701113289859],[80.67124860082599,7.322789517233623],[80.67124511788816,7.322791180338186],[80.67112709210303,7.322831754168455],[80.67106957799975,7.322858656399436],[80.67099221163302,7.322894843883025],[80.67096186173569,7.322928023798204],[80.6709129327381,7.323010303921826],[80.67088992209659,7.323035347727246],[80.6707823901122,7.323125752831394],[80.67075095290922,7.323164449629642],[80.67070193213347,7.323247724440432],[80.67062409086766,7.32340776871137],[80.6705837672665,7.323493396738192],[80.670555405632,7.32353706791093],[80.67052976856574,7.323561025011513],[80.6704052195299,7.323608742916645],[80.67026164180884,7.323683494963473],[80.67015230611759,7.323739897691747],[80.67010610877252,7.323756346009977],[80.67003917268585,7.323765552288939],[80.66997794540282,7.323771145407762],[80.66991318721765,7.32376290184717],[80.66990708765327,7.323760503097561],[80.66990399357658,7.323760847809674],[80.66990184936314,7.323758445473809],[80.66987750363299,7.323748876711555],[80.6698540508833,7.323724364551842],[80.66981475372037,7.323670910040352],[80.66976162478416,7.323515719968834],[80.66974535305809,7.323383053957051],[80.66973977873391,7.323304795156758],[80.66973443009782,7.323229682479877],[80.66971896858676,7.323117906057843],[80.66970457668612,7.323078837661631],[80.66968293560042,7.323053692909906],[80.6695713689427,7.322970198386447],[80.66944521690087,7.322899723240487],[80.66940274110375,7.322886509423353],[80.66936587902961,7.322884783393522],[80.66933073427134,7.322894271126637],[80.66922247954128,7.322972014536376],[80.66911413009264,7.323070738631292],[80.66900270613478,7.323152190682537],[80.66890894099029,7.323238528347905],[80.66887841172287,7.323259773085734],[80.66884208911908,7.32327450455194],[80.6687282337605,7.323296812727306],[80.66871322713925,7.323298479387098],[80.66856655389599,7.323314769675623],[80.66842009785198,7.32331292598025],[80.66838273766281,7.323314675890823],[80.66830774185121,7.323412593007735],[80.66807575119002,7.32348812252954],[80.66796891019764,7.323429860611612],[80.66790946096458,7.323375206500148],[80.66789940121117,7.32337042664409],[80.66782578331694,7.323350558548044],[80.66772213017005,7.323361332734216],[80.66771790987306,7.32336704058051],[80.66769241348858,7.323377990962009],[80.66767869212573,7.323387030679611],[80.66754911809403,7.323478469626878],[80.66754811077337,7.323479058084637],[80.66755083347006,7.323493771751954],[80.66750836695815,7.323677539359887],[80.6675071715735,7.323684237242872],[80.66746853623867,7.323957797628173],[80.66746443607337,7.323979763963514],[80.66735167128355,7.324217072786311],[80.66734258353152,7.324263836611633],[80.66725718090403,7.324572062040526],[80.66720656862073,7.32471213714299],[80.66814650074234,7.325145164371597],[80.66879288448352,7.32523411552693],[80.66952321175313,7.325664377758777],[80.66971459211452,7.325751143989939],[80.66961627593882,7.326009526149019],[80.66964499256397,7.326184196355146],[80.66964736343951,7.326284687578739],[80.66966811758562,7.326330430332091],[80.66964012789816,7.326340008402194],[80.66959818185065,7.326382953745809],[80.66957271917175,7.326430604467703],[80.6695419079836,7.326501494503097],[80.66954010572438,7.326504597642862],[80.66953030882532,7.326521475939585],[80.66952359474968,7.326570126745971],[80.66951879083126,7.32659237145676],[80.66954194864519,7.326673070614408],[80.6695602376143,7.326736799371456],[80.66962005488742,7.326709119287463],[80.66967020682121,7.326685912299055],[80.6697293569607,7.326667931595019],[80.66981793921441,7.326661259829792],[80.66989438281416,7.326669417551734],[80.67005278740346,7.326706531418423],[80.67013779447299,7.326746704349294],[80.67021417170373,7.326782801344154],[80.67047029368312,7.326879622095233],[80.67055207393064,7.326914819618847],[80.67059056369204,7.326936892753906],[80.67073146216725,7.3270858654429],[80.67085996462475,7.327181388167126],[80.67096881355629,7.327268589378522],[80.67110608723745,7.327341378103569],[80.67111145128861,7.327344222486588],[80.67113769990398,7.327362805719961],[80.67124357734214,7.327437758292014],[80.67137834579138,7.327464286734078],[80.67149780829442,7.32747833038047],[80.6717287699018,7.327495295513733],[80.67202865082491,7.327538047338551],[80.67214255096516,7.327541393429461],[80.6722024637044,7.327543152606546],[80.67221668918157,7.327543740983177],[80.67234086095091,7.327548881729541],[80.6724782591872,7.327554519244829],[80.67259455161307,7.327572632136423],[80.67265699869903,7.327589765891807],[80.67268032103406,7.327596164688076],[80.67268100678093,7.327556553664254],[80.67268133081387,7.327537927811181],[80.67268505227163,7.327507634519962],[80.67268921069392,7.327495219398585],[80.67271722746167,7.327411604958901],[80.67271863286531,7.32737766950576],[80.6727212350904,7.327314845466012],[80.67271227379551,7.327259402396357],[80.67270196939334,7.327195653898675],[80.67268442882606,7.327073929774886],[80.67266723096394,7.327017407781343],[80.67264162133822,7.326918379800273],[80.67263253650997,7.326848866649897],[80.67262950672713,7.326825685953463],[80.67263260548269,7.326738601387047],[80.67263949461572,7.326710933112443],[80.67265010057301,7.326680821363329],[80.67265544680711,7.326666715468923]]],[[[80.67801671091811,7.312734093022053],[80.67812691491991,7.312728475097863],[80.67813835285564,7.312729978734099],[80.6781883278293,7.312728228940163],[80.67849272847813,7.312673816251962],[80.67851289453925,7.312676427736759],[80.67886674869064,7.312706535419424],[80.67888444470267,7.312714108267893],[80.67900845994433,7.312704227513437],[80.67949784651002,7.312198892252506],[80.67978499126322,7.311936742840536],[80.6798789252688,7.311747651331413],[80.67984976051514,7.31174724900466],[80.67984845367145,7.311738351280189],[80.6798041158515,7.311744845540153],[80.67976148625777,7.311751087860975],[80.67960716653302,7.311683502377472],[80.67959519954377,7.311678436612622],[80.6793659068696,7.311581356457018],[80.67917491527867,7.311478946337465],[80.67897224399192,7.311354379981694],[80.67886668166858,7.311286849989984],[80.67878361049657,7.311233705984001],[80.67854597458239,7.311129388274709],[80.67847398129301,7.311096739042449],[80.67836233900901,7.31104610543369],[80.6783606899781,7.311053183060799],[80.67831865606789,7.31110657939028],[80.67825305784874,7.311215826718762],[80.67816524927632,7.311285752786864],[80.67810732547319,7.311393232945604],[80.67806634113927,7.311393157094695],[80.67800219147519,7.311355589180581],[80.67799779311618,7.311352475607679],[80.677960038031,7.311334097344037],[80.67792854754843,7.311250480356244],[80.67793657495098,7.311217003879898],[80.67800635470873,7.311116973269955],[80.6780271898814,7.311095364050217],[80.67809704541214,7.311029704218643],[80.67812255909038,7.311005724025065],[80.67812683945266,7.311001700805861],[80.6781476741962,7.310986150415357],[80.67816649688469,7.310960314034825],[80.67823460770921,7.310866830183087],[80.67833557036157,7.310761186959905],[80.67846246629087,7.310534335561409],[80.6785998966676,7.310397866144926],[80.67864225556201,7.310344769181269],[80.67872984611108,7.310230782573099],[80.67872994750725,7.310101690514805],[80.67874614362579,7.309987993190484],[80.67875417648189,7.309974897897038],[80.67876197745937,7.309865919220285],[80.67876962308438,7.3097591162642],[80.67874551477996,7.30972649552105],[80.67851275655114,7.309411549311671],[80.67828488215336,7.309470603306196],[80.67747789927517,7.310039429512096],[80.67745646740124,7.310060414607277],[80.67744738372944,7.310070094995528],[80.67744438964333,7.310073360684062],[80.67732013779546,7.310190173077832],[80.67731403658664,7.31019999609396],[80.67716539180088,7.310375664216709],[80.6771493771143,7.310395880021352],[80.67699910990501,7.31051903571528],[80.67685137662681,7.310610194937613],[80.67684123566885,7.310621224300995],[80.67667345490189,7.310649002721018],[80.67658500916342,7.310634683405675],[80.67648518470553,7.310572757196397],[80.67647523998603,7.310568797760682],[80.67639806001435,7.310491013251433],[80.67638198795656,7.31047987680533],[80.67631912725518,7.310430705818339],[80.67629339056634,7.310410574828759],[80.67627730876097,7.310406633017248],[80.67619210613687,7.310418014657061],[80.6761719881392,7.310427842682376],[80.67604457865731,7.31048334493679],[80.67594241610553,7.310764551609797],[80.67587825505706,7.310884476925881],[80.6758290038803,7.311016115384551],[80.67588521357915,7.311127834738856],[80.67592971000552,7.311218113149824],[80.67603291158835,7.311508789274522],[80.67616249073625,7.31177746500635],[80.67628843320499,7.311999102537596],[80.67628834461,7.312014633933329],[80.67634092919317,7.31214572984315],[80.67634224641989,7.312148361659007],[80.67634619900477,7.312156261628291],[80.67634751774916,7.312160213727824],[80.67636926131428,7.31225741129905],[80.67637129985789,7.312266528036296],[80.67647825924467,7.31225388878058],[80.67668222991155,7.31223150628673],[80.67687696185037,7.312215182305071],[80.67708873209368,7.312153556376783],[80.67726782718331,7.311987836004871],[80.67728793282087,7.311968551625524],[80.67740233146844,7.312001929277223],[80.67750416214871,7.31217674538051],[80.67771379149126,7.312472741858752],[80.67793296588542,7.312688519544071],[80.67794033925796,7.312688729143644],[80.67801671091811,7.312734093022053]]]]}},{"type":"Feature","properties":{"GND_N":"Pitiyegedara","GND_NO":"642","GND_C":"090","PROVINCE_N":"CENTRAL","PROVINCE_C":"2","DISTRICT_N":"KANDY","DISTRICT_C":"1","DSD_N":"PATHADUMBARA","DSD_C":"12","Admin_Code":"2112090","GND_NO_Cen":"642","GND_NAME_C":"Pitiyegedara","GND_NO_Gaz":"642","GND_NAME_G":"පිටියේගed","shape_1":"Polygon","Area__Ha_":62.4362811074,"MWS_ID":"107-3","Alt_MWS":null,"Total_Pop":1422.0,"Density":2277.52194612,"Area_sqkm":0.62436280907},"geometry":{"type":"MultiPolygon","coordinates":[[[[80.6846469583589,7.342781581481273],[80.68469219183896,7.342741866510346],[80.6847501698725,7.34270064123626],[80.68475643874648,7.34269175864586],[80.6847717326614,7.342670080205026],[80.68476686673317,7.342555501354921],[80.68476641512274,7.342544834108806],[80.68475166698727,7.342466699352084],[80.68476139502121,7.342413496689885],[80.68476327479432,7.342403218769334],[80.68478085330966,7.34235818898635],[80.68479616610085,7.342253017188116],[80.68480153038367,7.34221617246989],[80.68481133194416,7.342148848230498],[80.68482122379376,7.342056340084109],[80.68481893266576,7.341996411479363],[80.68481725778835,7.341952615759705],[80.68481926650192,7.341883166628211],[80.6848284190636,7.341862368627707],[80.68493786042774,7.341745013333982],[80.6850137808043,7.341668072622148],[80.68507420795622,7.34159980914994],[80.68516691652741,7.341515204240251],[80.68517377178198,7.341508947857342],[80.68522812830317,7.341454518962278],[80.68531808483107,7.341393406341751],[80.6853365139617,7.341383075705403],[80.6853650082735,7.341367100641347],[80.68547897692031,7.34126068728577],[80.6855261762173,7.341213944382522],[80.68556495558258,7.341157614163416],[80.6855791895943,7.341087082332339],[80.68559186604116,7.341054953209653],[80.68553351105052,7.341026942393169],[80.68552115519309,7.341023603921917],[80.68549948594594,7.341017021641309],[80.6854846087295,7.341016627068691],[80.68538898725853,7.341008115406759],[80.68538011708645,7.341007880300168],[80.68526610341807,7.341086475463086],[80.68524916670351,7.341098311159224],[80.68524366835003,7.341104332700014],[80.6851270333982,7.341191481998615],[80.6851097846342,7.341205556679467],[80.68510130718721,7.341216054815952],[80.68509847140564,7.34121956564724],[80.68488348812788,7.341370954638474],[80.68487721683651,7.341378473542442],[80.68473238725657,7.341476963278351],[80.68471270436504,7.341488047822266],[80.68470266430052,7.341499256414009],[80.68468583029531,7.341518047101237],[80.68461155432479,7.341575069922847],[80.68444661930799,7.341659724147553],[80.68443915579151,7.341668299026758],[80.68442831102504,7.34167687321377],[80.68435694622968,7.341781990116775],[80.68434916109962,7.341790858826874],[80.68434381786007,7.341808897666125],[80.68429251690266,7.341895932614638],[80.68428793176487,7.341905293920175],[80.68427864004163,7.34192437370572],[80.68425731902654,7.341950876253572],[80.68417904376598,7.342043935545945],[80.68409325478474,7.342054926006511],[80.68404651504152,7.342055007736805],[80.68396563364848,7.342034733821889],[80.68391147386696,7.342008227513857],[80.68389200416568,7.34198679062886],[80.68388050694277,7.341961649552379],[80.68387010241332,7.341904223287422],[80.68390164133334,7.341812624826572],[80.68392185396362,7.34174534706069],[80.68396018272377,7.341679160896936],[80.68401943088209,7.341623287176858],[80.6840881872179,7.341587943072588],[80.68418638747306,7.341513087878305],[80.68424319114413,7.341456036223981],[80.684300356081,7.341408392096982],[80.68436169178494,7.341331358979489],[80.68439793583173,7.341271682424041],[80.68445229120633,7.341227563577806],[80.68446049211325,7.3412229153313],[80.68448435835379,7.341209392749541],[80.68451117589089,7.341163532905641],[80.68456599701926,7.34106978510397],[80.68462335809042,7.340948619355636],[80.68465217502857,7.340878724449023],[80.68468497705133,7.340819136691583],[80.68473544195103,7.340748974001309],[80.68475583217415,7.340702676956324],[80.68481598398844,7.340656028102408],[80.68485276668817,7.34062375018086],[80.68487858800422,7.340581345450752],[80.68489379969049,7.340536146976402],[80.68490323992428,7.340508101044946],[80.68491974258141,7.340421743493422],[80.68494448561766,7.340350217278409],[80.6849698574216,7.340295603459479],[80.68498608771614,7.340207798964656],[80.68498776081965,7.340193763622032],[80.6850026018964,7.340069264046591],[80.68500566009305,7.33999222440413],[80.6854980781995,7.340138565395737],[80.68540339505998,7.339506884420732],[80.68549518491983,7.339193436378908],[80.68549908978844,7.33919292533321],[80.68552396102218,7.339189662211882],[80.68561064945557,7.339153328565524],[80.68565032669551,7.339130547242768],[80.68575224775509,7.339016354363339],[80.68581875024299,7.338930550336555],[80.6858651354183,7.338877114480393],[80.6858785482727,7.338844471849827],[80.68588971108065,7.338731707535552],[80.68589298465332,7.338663795052388],[80.68588847048076,7.338595699236143],[80.6858700979735,7.338528144115024],[80.68583360926684,7.338455973399138],[80.68578317469074,7.338373853442397],[80.68574967190999,7.338326100402341],[80.68572232984535,7.338261979816751],[80.68572002220472,7.338032466384971],[80.685746349732,7.338034230563665],[80.68586494271516,7.338042172537786],[80.68594808607502,7.338066965363427],[80.68601592066821,7.338102881638516],[80.68610630778579,7.338139522258711],[80.68619733096557,7.338175170968225],[80.68627594477587,7.338203763609576],[80.68635936605503,7.338207034911569],[80.68643780940353,7.338182454482485],[80.68650611181208,7.338148736744395],[80.68658438209107,7.338088254526756],[80.68662080210937,7.338047116020878],[80.68661137595168,7.337422548309855],[80.68662010584318,7.337408306378294],[80.68662281481625,7.337395578855969],[80.68663915701974,7.337303105391624],[80.6867687075588,7.337099200079492],[80.68677415390361,7.337076611678452],[80.68677923482988,7.337069588970513],[80.68683251651969,7.336973658474144],[80.6868340314399,7.336953107587788],[80.68684287813704,7.336929907649959],[80.68687903562525,7.336833050442785],[80.68688163474019,7.336807969214332],[80.68688525444297,7.336806598107406],[80.68696727075398,7.336668528274731],[80.68703201919854,7.336559522003406],[80.68701513574044,7.336373533374278],[80.6870024188202,7.336350927794061],[80.68686353476446,7.336178295857647],[80.68684272782636,7.336140927724891],[80.68683682347427,7.33613031997962],[80.68671931345372,7.33602232278714],[80.68659711390562,7.335880446725946],[80.68657661334184,7.335842124602341],[80.68656182479204,7.335824992341557],[80.68654250795056,7.335809824225786],[80.68645756824353,7.335711315088526],[80.68638945725147,7.335831080004516],[80.68640132748281,7.336438907793875],[80.68616463603685,7.336575743786809],[80.68582131595458,7.336584025091489],[80.6858021619707,7.336587634827048],[80.6853198785579,7.33652174031587],[80.6850041349141,7.336381139439868],[80.6844961537393,7.336168657655372],[80.68433685783853,7.336003546385151],[80.68404736471365,7.335520139835711],[80.6836176187325,7.335558775435275],[80.68321971809749,7.335602810485119],[80.68307978211726,7.335540029177553],[80.68303889852642,7.335345704086665],[80.68296923169994,7.335325415147471],[80.68290383981773,7.335310661420007],[80.682866796712,7.335294467599725],[80.68283618812706,7.335269592903096],[80.6827808581237,7.335212518067146],[80.6827372138109,7.335148846960091],[80.68271158690101,7.335124064627111],[80.68261422551926,7.335082626357032],[80.68255712966469,7.33504561851097],[80.68251723185365,7.335019756164169],[80.68247385786592,7.334963048220412],[80.6824450586722,7.334939891146383],[80.6823475108293,7.334928387014443],[80.68229244124323,7.334930003239643],[80.68222432443916,7.334947713317638],[80.68218600486875,7.334971759748623],[80.68216879014729,7.33500557797428],[80.68215564425016,7.33506019511391],[80.68215282651677,7.33510287761952],[80.68216259633596,7.335166089533934],[80.68217592750396,7.335203926551114],[80.68219391874585,7.335254989069354],[80.68219735238537,7.335281305002345],[80.68219390617156,7.335310512359023],[80.68218900859416,7.33533700740728],[80.68218692076583,7.335358801573435],[80.6821649057431,7.3353828514172],[80.68212223985809,7.335408976827615],[80.68203609044633,7.33545562078667],[80.68200245622567,7.33548441486966],[80.68195836311254,7.335522160256341],[80.68190610639763,7.335589869807013],[80.68188243965837,7.335620533360373],[80.68182291899517,7.33568264735653],[80.68171622247579,7.335668515970844],[80.68164566482736,7.335667597710639],[80.68160137403656,7.335663338152568],[80.68147783358225,7.335634102206095],[80.68160930885708,7.335276152610759],[80.68145058182274,7.335237102075056],[80.68133259775547,7.335125162436072],[80.68123458783465,7.334905214346182],[80.68113839653323,7.334656553194262],[80.68100164204266,7.334534778815627],[80.68079082596576,7.334470775420265],[80.68077726310717,7.33447094616303],[80.68077048167787,7.33447103153428],[80.68061198890166,7.334422512704162],[80.68057836635764,7.334426284623819],[80.68056161722365,7.334429850338527],[80.6804311542448,7.334469373109695],[80.68041111026436,7.334479978113491],[80.68020118437431,7.334615699866358],[80.68019080705535,7.33461590925345],[80.68007989576968,7.334663507910568],[80.68002027639909,7.334665995535558],[80.68002347702328,7.334684366229486],[80.6798993899885,7.334679818107288],[80.67975938888758,7.334704180710578],[80.67974938984386,7.334705919344815],[80.67963100005936,7.334738991370799],[80.67951368708299,7.334818727431922],[80.67946147043108,7.334854840364895],[80.6794381354975,7.334870979852878],[80.67935597167265,7.334919884913582],[80.67926774580665,7.334955223203114],[80.67915153381752,7.33496116739146],[80.67910168794455,7.334957637063504],[80.67903115938292,7.334952639994946],[80.67889883932023,7.334900524389778],[80.67879740381329,7.334856914087474],[80.67869950121793,7.334815475760989],[80.6786560667453,7.334801713686044],[80.6785784087371,7.334777107903759],[80.67851474239004,7.334746527712109],[80.6784786078007,7.334718667319531],[80.67845687685003,7.334681314881596],[80.67841214925568,7.334612398169066],[80.67836651646668,7.334524398656801],[80.67833801202252,7.334405386192416],[80.67828785807029,7.334290980948015],[80.67827776788286,7.334253948450658],[80.67827346898822,7.334238167428542],[80.67825345854204,7.334202983874017],[80.67817198089175,7.334113097376801],[80.67816851901776,7.334109280462819],[80.67811663320046,7.334045063627372],[80.67808394487943,7.334005809740667],[80.67799401547579,7.333945744366686],[80.67796205089704,7.333914629354958],[80.67791912908066,7.333856021136071],[80.67782603796266,7.333761952345845],[80.67775613221738,7.333677114319227],[80.6777151238245,7.333575461685644],[80.67766876646171,7.333492527847066],[80.67764341069078,7.33346801567401],[80.67761841479478,7.333454534264553],[80.67759949258954,7.333446571339454],[80.6775484934822,7.333432483756705],[80.67747426958661,7.333432090344702],[80.67745710632128,7.333432525156564],[80.67732231576255,7.333488020585047],[80.67721470533336,7.333521996846732],[80.6772045032479,7.333524502228698],[80.676641393056,7.333291573977293],[80.67642665274842,7.333312507031351],[80.67603288416892,7.333532611647459],[80.67592748581801,7.333609593116533],[80.6759227838257,7.333630745516974],[80.6757896682437,7.33369622345484],[80.67577809565064,7.333707186441611],[80.67564740071975,7.333762320558662],[80.67553504570978,7.333820629235803],[80.6753707170692,7.333796175275915],[80.67526034402574,7.333769215812991],[80.67408882900519,7.333028872203584],[80.67371719695515,7.333803404204811],[80.67383616175097,7.333965704854045],[80.6738782898556,7.334023175661994],[80.67390097364623,7.334019164823651],[80.6739388348224,7.334020800290903],[80.67397424791662,7.334029580997574],[80.67400947610545,7.334050839228259],[80.67407811453455,7.334129528280878],[80.67412475987828,7.334174296449016],[80.6741428620052,7.334191669507335],[80.67417179358887,7.334212051833075],[80.67420616518687,7.334236266019372],[80.67424710319833,7.33424206376111],[80.67430461931127,7.334239816064198],[80.67442008252215,7.334212107295087],[80.6744322475083,7.334209189155446],[80.67450690599986,7.334170993859518],[80.67452500785349,7.334161733378674],[80.67459602766283,7.334120604589702],[80.67466442596425,7.334068531324596],[80.67469631173583,7.334058772066323],[80.67473978601868,7.334059867058094],[80.67480255414515,7.334063588882255],[80.67483144652228,7.3340652231527],[80.67485318105125,7.33408530448545],[80.67490228918668,7.33416223917839],[80.67490479271795,7.334166160800032],[80.67493346581684,7.334212223407997],[80.67496210451527,7.334258230843875],[80.67501751489662,7.334359433909304],[80.67512129089556,7.334456941124975],[80.67521638299243,7.334516284787991],[80.67533230554528,7.334580517251704],[80.67545810104002,7.33464411708131],[80.67557094478468,7.334709253999972],[80.67562854477117,7.334741098366262],[80.6756743700441,7.33476425697339],[80.67578105074175,7.334842956096084],[80.67580477322625,7.334876329269527],[80.67583039195733,7.334939817955288],[80.67584113988067,7.335039923957838],[80.67584150956468,7.335043363103752],[80.6758605080336,7.335143563189131],[80.67589969577679,7.335288713439477],[80.67592790973507,7.335488751504408],[80.67593844927127,7.335540788341326],[80.67595052870769,7.335600438846381],[80.67596205884773,7.335649786507584],[80.67620247189083,7.335581887217502],[80.67642496201343,7.335524681714627],[80.67667790874066,7.33607600081539],[80.67711300232945,7.336577595345349],[80.67753465561577,7.336737256990788],[80.67759205408501,7.336949565518465],[80.67759112428902,7.336959972933851],[80.6775436334507,7.337205746539241],[80.67752050208226,7.337382166383716],[80.67782815555078,7.337979779061571],[80.67792163013439,7.33806805587023],[80.67808894262684,7.338313811417644],[80.67838548809435,7.338498079911545],[80.67849440471934,7.338584902232665],[80.67854879978118,7.338629759349552],[80.6786226608249,7.338744527810917],[80.67862882775567,7.338754821925062],[80.67870952786112,7.338908929928906],[80.67876882408471,7.339003690217181],[80.67882866835087,7.339044251237741],[80.67889617453895,7.339055565147842],[80.67893395130407,7.339214122009919],[80.67930264670053,7.339515277615337],[80.67985342625599,7.339322070823847],[80.67986644853137,7.339330245803922],[80.67987769611231,7.339335588126586],[80.68003137058425,7.339432107481704],[80.68032659103143,7.339559691825372],[80.68059018451166,7.3397739113776],[80.68088458669061,7.340036692951449],[80.68151665087652,7.340732837841071],[80.68168438276578,7.340893984686479],[80.68184564583805,7.340977507483015],[80.6833042624821,7.341920563814068],[80.68328196498766,7.341994982396262],[80.68325396333123,7.342058731736462],[80.68321781090867,7.342116690038962],[80.68319107677571,7.34218740005483],[80.68317890523737,7.342207957754156],[80.68318337760086,7.342409808069237],[80.68322137182686,7.34265497238755],[80.68341327162145,7.342757033756024],[80.68348991527547,7.342797795678822],[80.68349800137463,7.342783513891268],[80.68352101282257,7.342760549362702],[80.68354977216828,7.342755770641959],[80.6836092054948,7.342755782920555],[80.68399166987419,7.342861137040824],[80.68411628601555,7.342885089597455],[80.68420173977694,7.342928067846193],[80.68433865825634,7.343013380702751],[80.6844073237978,7.343050566126869],[80.68441351609762,7.343026483103155],[80.68441954598568,7.343003750169888],[80.6844250292669,7.342983079838866],[80.68445645949133,7.342979559491859],[80.68448445151463,7.342962201704852],[80.68449885740677,7.342942401328717],[80.68452522520514,7.342899361916601],[80.68453548878549,7.342889357002451],[80.6845984889837,7.342827951453668],[80.68463792525128,7.342789511274852],[80.6846469583589,7.342781581481273]]]]}},{"type":"Feature","properties":{"GND_N":"Udathalavinna Madige","GND_NO":"611","GND_C":"170","PROVINCE_N":"CENTRAL","PROVINCE_C":"2","DISTRICT_N":"KANDY","DISTRICT_C":"1","DSD_N":"PATHADUMBARA","DSD_C":"12","Admin_Code":"2112170","GND_NO_Cen":"611","GND_NAME_C":"Udathalavinna Madige","GND_NO_Gaz":"611","GND_NAME_G":"උඩතලවිනav","shape_1":"Polygon","Area__Ha_":88.7656749902,"MWS_ID":"107-3","Alt_MWS":null,"Total_Pop":4514.0,"Density":5085.2990359,"Area_sqkm":0.88765674705},"geometry":{"type":"MultiPolygon","coordinates":[[[[80.65278706707943,7.343843075515673],[80.65278673045428,7.34374676638716],[80.65278684795696,7.343632843394514],[80.65278685521949,7.343626223003675],[80.65279419821978,7.343603707911753],[80.65286385885345,7.343576960649123],[80.65288677807958,7.343569008192466],[80.65292990254466,7.343531129806427],[80.6530928001812,7.343392183377863],[80.65313564741172,7.343377455019472],[80.65316707758993,7.343378278419046],[80.65324777386084,7.343408503323819],[80.653316509979,7.343453014713207],[80.65335191203081,7.343503121824251],[80.65336920147342,7.343539389059648],[80.65341927930153,7.343584799624391],[80.65350213169134,7.343673263010329],[80.65353762384981,7.343728525555651],[80.6535859766608,7.343785509788036],[80.65362551900576,7.343849071306531],[80.65362951069413,7.343846015857737],[80.65376082145086,7.343745489759278],[80.65369883412806,7.343605322338362],[80.65362082813576,7.343372914465245],[80.65357775138511,7.343134758439813],[80.65357853702349,7.343070810955799],[80.65359652192771,7.342982222333513],[80.65359290835478,7.342954097560773],[80.65359170588971,7.342929509267076],[80.65359011610457,7.342897035356044],[80.65360733922012,7.342844861852178],[80.65363374259579,7.342805017393827],[80.65366398078844,7.342759388258773],[80.65366569612866,7.342756798807122],[80.65369215449478,7.342721176545052],[80.65378120571768,7.342664772429363],[80.65378393955987,7.342663981911492],[80.65381870772694,7.342653929233946],[80.65382903643433,7.342646699446486],[80.65383112182825,7.342635667533706],[80.65383074474796,7.342626757345331],[80.653830673649,7.342625087080539],[80.65382814373042,7.342598952068669],[80.65382745198653,7.342564885927306],[80.65382653590305,7.342519825223551],[80.65382622224469,7.3425174685275],[80.6538193750918,7.342466025451915],[80.65381799662273,7.342455667203072],[80.65381785741953,7.342454622696512],[80.65379459406144,7.342403069337536],[80.65376054931723,7.342358027624413],[80.65371942887677,7.342338714979842],[80.6537075674907,7.34233314395448],[80.65361728310575,7.342305344563427],[80.65360821255283,7.342302552313312],[80.65350387337088,7.342281090926368],[80.65340109024385,7.342253302541751],[80.65338468247732,7.342248866066268],[80.65323842389257,7.342221730400021],[80.65319918961968,7.34221445086483],[80.6531425830024,7.342202499458876],[80.65310487687009,7.342168545240828],[80.65306905156733,7.342136284388912],[80.65302857608083,7.342090696466202],[80.65300712454311,7.342035255971466],[80.65300613615055,7.34200966486385],[80.65301664860067,7.341983170804412],[80.65302842344727,7.341937854049623],[80.65304639037836,7.341868694364935],[80.65305127196979,7.341840990611199],[80.65305410240354,7.341824927371243],[80.65314081919473,7.34169997847008],[80.6532019784404,7.341625299011099],[80.65324637255638,7.341587511366312],[80.65324700184156,7.341585040081958],[80.65369692202351,7.341622101196442],[80.6538621939584,7.341614460640561],[80.654057024832,7.34157371344471],[80.65416084824011,7.341486595943757],[80.65426313143018,7.341400821791696],[80.65436993421271,7.341322308578206],[80.6544302661297,7.341287924412798],[80.65475805788284,7.341326427113057],[80.65502004443884,7.340492842848215],[80.65505491315736,7.340512117513281],[80.65505956449358,7.340514688795339],[80.6551904343687,7.340565816268443],[80.65532049710043,7.340590630109207],[80.65542609685393,7.340635422399741],[80.65544683454091,7.340655230385521],[80.65547743720798,7.340700998107333],[80.65549916780262,7.340730212002136],[80.65551763581901,7.340762770935314],[80.65553501381426,7.340806816017407],[80.65554424889362,7.340827527015152],[80.65555837165952,7.340851042663079],[80.65557448927146,7.340869946907214],[80.65559260085115,7.340887495234008],[80.65561741178506,7.340910742462954],[80.65563914491341,7.340933989767692],[80.65566721899083,7.340948465238036],[80.65571848450212,7.340952548368225],[80.65575036757402,7.340952736886194],[80.65578659814894,7.340953651819037],[80.65582346312854,7.340953210466292],[80.65586042041866,7.340949693604498],[80.65588786669385,7.340941019667969],[80.65593560931563,7.340912726011216],[80.65596885383057,7.340899170393693],[80.65600708030556,7.340888148153932],[80.65603498036494,7.340879475234167],[80.65605155773574,7.340872878270369],[80.65607674320331,7.340854076439337],[80.65609533725419,7.340835736749058],[80.6561159743564,7.340815382820145],[80.65614270037311,7.340790430335925],[80.65618229175982,7.340759423373513],[80.65621064569653,7.340740259757307],[80.65624751715215,7.340722365343817],[80.65627759076978,7.340711340900532],[80.65631581688206,7.340701584656646],[80.6563303418671,7.340701373314172],[80.65634643293426,7.340701140686394],[80.65638021810618,7.340701329667546],[80.6564076618797,7.340708662746811],[80.6564424377369,7.340723230388768],[80.65647030596124,7.340738665218653],[80.65658752830313,7.340541187900033],[80.65660975552903,7.340505291229542],[80.65665848956434,7.340410404057477],[80.65672002310967,7.340149011166234],[80.65718504727155,7.339775883216078],[80.65720907956623,7.339522269952769],[80.65757817791263,7.339393166440752],[80.65793324404316,7.338989520053678],[80.65818748364882,7.338694418275353],[80.65843862893037,7.338505559272634],[80.65857045784291,7.338467087762338],[80.65866844359655,7.338280829012348],[80.65887559601663,7.337872240846865],[80.65902295371191,7.337568761185195],[80.65915594337035,7.337634593818725],[80.65927836827346,7.337686423254928],[80.65934764153428,7.337715992988178],[80.65942192349328,7.337756686930772],[80.65947104214904,7.33779498243736],[80.65949500283124,7.337806951682469],[80.65950698512522,7.337814132244661],[80.65954059508795,7.337821972239872],[80.65952646273529,7.337761834280957],[80.65951031729755,7.33769312391787],[80.65948226633445,7.337586877396524],[80.65942329600938,7.337363534688147],[80.65912129659276,7.336753612704243],[80.65875397800818,7.335975099740304],[80.658473673607,7.335674041983072],[80.6581826691647,7.335210729527524],[80.65802330085336,7.335011871333593],[80.65805925779901,7.334973598067172],[80.65807364808296,7.334930535364658],[80.65810534919058,7.334818931106443],[80.65813841397423,7.334698465041884],[80.65815042807822,7.334581229032743],[80.65816245550972,7.334406570737469],[80.65818410282164,7.334112281205769],[80.65818629354918,7.33400693056761],[80.65818747742149,7.334003311861103],[80.65818415806864,7.33389933702649],[80.65818390354846,7.333889042382521],[80.65818178758038,7.333803631380812],[80.65817859469118,7.333639135244042],[80.65817860771074,7.33359319669145],[80.65818437187713,7.333545345242468],[80.65819205918113,7.333472612421219],[80.65820357539533,7.333422848075421],[80.65821126309517,7.333352028757153],[80.65820744265766,7.333300346877017],[80.65817678259293,7.333242913814776],[80.65812905514137,7.333183013847798],[80.6580579398832,7.333158662176533],[80.65797933738811,7.333149071257957],[80.65790265176776,7.333145222245951],[80.65780487362403,7.333149026196119],[80.65777419842784,7.333149018107103],[80.65773776875702,7.3331566643211],[80.65768408058469,7.33318919056763],[80.65760546186422,7.333240850685947],[80.65751725447494,7.333303992894772],[80.65743096798991,7.333357565362877],[80.65735810798306,7.333378600954941],[80.65719954938108,7.33342214633087],[80.6571222813771,7.333428304039658],[80.65706859997776,7.333428290704838],[80.65702067278674,7.333414879844403],[80.65697850343093,7.333388070556867],[80.65694591634552,7.333367006129763],[80.65690758321506,7.33332871412014],[80.65688842345726,7.333278942563543],[80.65688076911283,7.333227258751301],[80.6568846214272,7.333162179854143],[80.65689038481925,7.333114329326956],[80.65689998816195,7.333051166365175],[80.65690959252203,7.332984175491746],[80.65690960119443,7.33295163417684],[80.65690769697537,7.332901868108349],[80.65689237078251,7.332854010168945],[80.65686554219245,7.332813806804102],[80.65682337517407,7.332771685856817],[80.65677353698752,7.33274104660019],[80.65670644840131,7.332691261381965],[80.6566316949035,7.33262616246695],[80.65657419591514,7.332564895143508],[80.65652052524938,7.3325285134231],[80.65649560470263,7.33251702214219],[80.65642659385502,7.332492119151716],[80.65638058284584,7.332480622239004],[80.6563134894895,7.332455722455827],[80.65622722931236,7.332407846456436],[80.65612563729205,7.332336996159647],[80.6560566343203,7.332279555415041],[80.65598188343462,7.332208712265996],[80.6559109671372,7.332135958436755],[80.65585538784727,7.332067033905076],[80.65584580959617,7.33203640623755],[80.65583239986994,7.331996206407632],[80.65582282818934,7.331944522967087],[80.65581517720007,7.331877527490586],[80.65579985399847,7.331825842507648],[80.65576727931617,7.33176266735519],[80.65571170961526,7.331651633972339],[80.6556848839033,7.331598032395747],[80.65567531791564,7.331525294082863],[80.6556657555385,7.331439155819165],[80.65564852623172,7.331345360578348],[80.65563321440692,7.331251564042703],[80.65561981800028,7.33116542474804],[80.6556121713022,7.331079288805004],[80.65560826615156,7.330980110209551],[80.65558829346311,7.330922902300009],[80.65557244127481,7.330888345556103],[80.65554729120335,7.330841682227806],[80.6554957786403,7.330797405502981],[80.6554406418822,7.330774390658289],[80.65535081390655,7.330714819097022],[80.655298099068,7.330692075273011],[80.65524897443564,7.330680098128656],[80.65521183255021,7.330669322407163],[80.65516510169043,7.330664523345856],[80.65508961509177,7.330659718336205],[80.65502850481147,7.330657309071757],[80.65497219280908,7.330642938983167],[80.65489671283191,7.330607028656724],[80.65479008279097,7.330562736060275],[80.65470381729946,7.330536393017809],[80.65461275826752,7.330511246861987],[80.65453128381581,7.330489690651187],[80.65445819653995,7.330471725874677],[80.65439110210285,7.330448977143679],[80.65433479054491,7.330429821408271],[80.65427009410716,7.330398699470717],[80.65421019162603,7.330361597770491],[80.65411673988865,7.330325682433629],[80.65399812203991,7.330299331367692],[80.65390651182271,7.33028625735557],[80.65371750593395,7.330268389298471],[80.6536858728094,7.330261203225287],[80.65366588989586,7.330248995120089],[80.65356669092844,7.330194415111757],[80.65352212261278,7.330171434569503],[80.65349624753384,7.330147023097132],[80.6534643509872,7.330178986894962],[80.65354701462606,7.330292951558781],[80.6536333787737,7.330458100725623],[80.65366388583688,7.330512457614689],[80.65370264192161,7.330545656078199],[80.65375063988658,7.330570356616454],[80.6537666687402,7.330587632254502],[80.65377036915892,7.330635742143627],[80.6537659158376,7.33068782964459],[80.65370131221158,7.330774353757755],[80.65365519135483,7.330840807393608],[80.65363275241829,7.330866859645132],[80.65344914844117,7.330963714537311],[80.65323814281308,7.330984362633505],[80.65300376855637,7.331084931878157],[80.65259274323802,7.331305749030352],[80.65248035803607,7.331392900959234],[80.65220876873344,7.331696474463712],[80.65208087935618,7.331412062331411],[80.65191967892382,7.331507705587603],[80.65184702687374,7.331546571376778],[80.65170191718983,7.331579719067909],[80.65155842193107,7.331569145959201],[80.65155654706405,7.331569007984997],[80.65140475354566,7.331534873644776],[80.65125231714757,7.331526059535],[80.65121332957261,7.33153403458003],[80.6511401778204,7.331548997600602],[80.65104551426293,7.331600335595015],[80.65095111131863,7.331681606042328],[80.650884251332,7.331740276601289],[80.65085511966923,7.331782224473887],[80.65085408578949,7.331783713570961],[80.65099002465224,7.332195000963289],[80.64936853092306,7.332994053894192],[80.64935673301233,7.333024452291887],[80.6494592459055,7.333144152947992],[80.64991200864416,7.333309339134902],[80.650033673647,7.333388317997072],[80.65006948087233,7.333610069243981],[80.64997370673566,7.333640592367426],[80.64987062275219,7.333666065599934],[80.64974253638717,7.333713594928696],[80.64966752201452,7.333779767799784],[80.64961189211466,7.333838080504136],[80.64959648593074,7.333861135861707],[80.64958497965378,7.33387876650641],[80.64961495004826,7.333914585315434],[80.64963242552874,7.333931229398343],[80.649654520761,7.333949683386574],[80.64969119718623,7.333973387337934],[80.64980983058365,7.334046578778019],[80.64994105432838,7.334121944052437],[80.65007192325416,7.334164483026644],[80.65019636369031,7.334201864733386],[80.65034923421828,7.334280493259953],[80.65050897486573,7.334398186792265],[80.65055808157976,7.334449145294363],[80.65061854047822,7.334511886404417],[80.65073064265347,7.33462097837602],[80.65084781325199,7.334743904842927],[80.65094062291104,7.334859411015954],[80.65095495590239,7.334881080281965],[80.65104627839519,7.335019139310426],[80.65116598659625,7.335137455366791],[80.65127645442918,7.335261828548252],[80.65138912651537,7.335361748181043],[80.65146281353967,7.335427096341763],[80.65152203290536,7.335485892422039],[80.65157871688739,7.335555086359461],[80.65158989477042,7.335571689734057],[80.65163285710953,7.335635493833004],[80.6517028391644,7.335757955736468],[80.65177028331767,7.335880416021201],[80.65184289431298,7.335991846147181],[80.6518643551027,7.336012471081509],[80.65190120882224,7.336051094982648],[80.6519197717115,7.336069820077762],[80.65193271753284,7.336096681430748],[80.65196104892999,7.336164783212448],[80.65204153037413,7.336308137344673],[80.65211440357832,7.336454382221285],[80.65216509083218,7.336578738656568],[80.6521806620411,7.336613738541231],[80.65219577151676,7.336674150991807],[80.65219647597185,7.33674360067348],[80.65217924035159,7.336837915511003],[80.65216772316036,7.336888460999721],[80.65215184978203,7.33696975426362],[80.65214510709914,7.337117425813742],[80.65214615690007,7.337248006401212],[80.65214966657884,7.337326953835459],[80.65215504494375,7.337532954399705],[80.6521721265946,7.337670684305111],[80.65219645511591,7.337802447818866],[80.65222839354534,7.337925623469],[80.65225433464565,7.33803999950676],[80.65225640993442,7.338049148902448],[80.6524369315243,7.338009871536178],[80.65249071162123,7.338008673695358],[80.65257214906393,7.338011376487718],[80.65267937968126,7.338021660798296],[80.65300613193656,7.337970782347756],[80.65319994121519,7.337983416157025],[80.65331222709095,7.338012839444487],[80.65337307721829,7.338217496921739],[80.6533683627951,7.338992305144154],[80.65327905622746,7.339103645469031],[80.65329284866654,7.339234290126444],[80.6532750496237,7.339447829814148],[80.65327048504027,7.339452658440037],[80.65305438461415,7.339570061667295],[80.6530358770884,7.339579839325131],[80.65275668009517,7.339702892341719],[80.65275195608024,7.339707750760236],[80.65253959542895,7.339808361877873],[80.65234605291026,7.339807640214442],[80.65228640544865,7.339797524502143],[80.65228557183589,7.339798629328778],[80.65227270747825,7.339810742516211],[80.65223638186824,7.33982628737746],[80.65220784801807,7.339834055584555],[80.65216563781478,7.339832597939082],[80.65207705886918,7.339817199407482],[80.65198367812692,7.339802976025842],[80.651922179671,7.339794730753378],[80.651899898809,7.339791016039512],[80.65182906981406,7.339780325650111],[80.65179112735652,7.339779730952155],[80.65177028572501,7.339779404145609],[80.65175117376941,7.339780303146836],[80.65173260597844,7.33978192754829],[80.65172354749338,7.339784818801143],[80.6517153048791,7.339788522343239],[80.65171240375393,7.339791597068855],[80.65170962928296,7.339795222549415],[80.65170742112312,7.339798107563881],[80.65170207309006,7.339809228088182],[80.65169600112044,7.339824419578341],[80.65169038019802,7.339839700719454],[80.65168502962047,7.339863210177836],[80.65168393602603,7.339890429359336],[80.65168899581444,7.339938630050789],[80.65169451334864,7.339959611384257],[80.65169533979675,7.339961473571046],[80.65170229988422,7.339977156096016],[80.65169315008838,7.339979415215897],[80.65165809380531,7.339990348442655],[80.65161044628309,7.340001819847192],[80.65148254671578,7.340019959875042],[80.65132195689833,7.340012679887958],[80.65116091402948,7.340002779954965],[80.65109623601147,7.339998860767306],[80.65094054339818,7.339989424345467],[80.65083592748233,7.339988220438761],[80.6507995545756,7.339988092715061],[80.65076484852119,7.340423069353331],[80.65069249793487,7.340456953201403],[80.65036568770938,7.340564912153805],[80.65022332628759,7.340593163282156],[80.65016598371753,7.340738161004807],[80.65012483512739,7.340835848394367],[80.65007848409736,7.340909910338464],[80.64996611191599,7.341007978288796],[80.64985595041989,7.341087703072044],[80.64974373587013,7.340999577998725],[80.64962114739735,7.340924890607304],[80.64958669731074,7.340953751622484],[80.6495673812034,7.341010085071566],[80.64947433184696,7.341101213313053],[80.6494216950999,7.34114487621324],[80.64932430887319,7.341200824956241],[80.6492951286017,7.34121663655637],[80.64925491705944,7.341238424275893],[80.64925589394713,7.341306971524819],[80.64927317277183,7.341385559326433],[80.64928448622761,7.341412963772762],[80.64932883028906,7.341546269480351],[80.64935199233253,7.341636887058993],[80.64936047789789,7.341734825330146],[80.6493638296033,7.341739979893112],[80.64936599910232,7.341745748142618],[80.64935454528815,7.34183949476273],[80.64931388825936,7.341962687131851],[80.64930521625197,7.342062124402482],[80.64923416584402,7.342284677350319],[80.64924175480407,7.342289670339209],[80.64938145085519,7.342399710919194],[80.64938393030859,7.342401663103179],[80.64947774189842,7.342492030256135],[80.64952655128927,7.342540062461012],[80.64963884409926,7.342618496209454],[80.64973429202192,7.342691410749426],[80.64989992054345,7.342824208902416],[80.64994483734603,7.342861388346497],[80.64999505594533,7.342868655883727],[80.65005144471658,7.342862955656545],[80.65012808246696,7.342836572501225],[80.65015688812302,7.342829345279723],[80.6501579678567,7.342829164722822],[80.65018532987403,7.3428245613772],[80.65021739521899,7.342821224469049],[80.65039583717846,7.342808614332978],[80.65039618699807,7.342824030061611],[80.65041192537349,7.342822076662731],[80.65041936271795,7.342821959380712],[80.65043303101696,7.342824584784176],[80.65043778553215,7.342769468930672],[80.65044947945331,7.34273592261749],[80.65046913985888,7.342717751665654],[80.65049214879387,7.342712874886022],[80.6505498342039,7.342750509095481],[80.65060417314518,7.342777201214561],[80.65067055171862,7.342832654394543],[80.65081064752849,7.342930539024516],[80.65088327671785,7.342976949095567],[80.65097257244513,7.343025626371706],[80.65103914015602,7.343052864434102],[80.65112843556207,7.343102805893251],[80.65125177787807,7.343192638334298],[80.65129270887407,7.343225294122185],[80.6513190478637,7.343238411118556],[80.65133110036852,7.343500119379134],[80.65133354990817,7.343502207189426],[80.65136463325324,7.343528707360284],[80.65144351371366,7.343567343896307],[80.65149305918081,7.343575496391538],[80.65157466810498,7.343577508541371],[80.65168462508633,7.343592550492302],[80.65174077914891,7.343610290392932],[80.65183261197474,7.343656434351004],[80.65192553642666,7.343685760390346],[80.6520451838418,7.343702613542174],[80.65213023140774,7.343723164727996],[80.6521638312543,7.343739179258147],[80.65218973170319,7.343753022237014],[80.65225920289299,7.343759643749268],[80.65236961761771,7.343757413497593],[80.65248908819994,7.343762058409924],[80.65254832285672,7.343776542669674],[80.65265546561295,7.343811478245435],[80.65267229253764,7.343820153325594],[80.65273760782006,7.343853822187464],[80.65275771403638,7.343864408052455],[80.65276885398536,7.343868390950622],[80.65278080980076,7.343866676068012],[80.65278525110784,7.343859080251722],[80.65278706707943,7.343843075515673]]]]}},{"type":"Feature","properties":{"GND_N":"Abasingama","GND_NO":"635","GND_C":"255","PROVINCE_N":"CENTRAL","PROVINCE_C":"2","DISTRICT_N":"KANDY","DISTRICT_C":"1","DSD_N":"PATHADUMBARA","DSD_C":"12","Admin_Code":"2112255","GND_NO_Cen":"635","GND_NAME_C":"Abasingama","GND_NO_Gaz":"635","GND_NAME_G":"අබසිංගම","shape_1":"Polygon","Area__Ha_":57.1066412788,"MWS_ID":"107-3","Alt_MWS":"103-2","Total_Pop":1371.0,"Density":2400.77156299,"Area_sqkm":0.57106641096},"geometry":{"type":"MultiPolygon","coordinates":[[[[80.6732598512188,7.324116739648344],[80.67331563525053,7.32408654055864],[80.67334767970561,7.324092745081671],[80.67334713101768,7.324044576347082],[80.67334515517776,7.323967529270459],[80.67334563428417,7.3239597614164],[80.67335133809262,7.32386733299658],[80.67336586910392,7.323806915308858],[80.67337445462093,7.323771212673129],[80.67343010102377,7.323626084748869],[80.67346127564855,7.323554561498234],[80.67348131824669,7.32349322719764],[80.67348955353849,7.323468026151248],[80.67351340727517,7.323324517789541],[80.67352193629979,7.323254617105283],[80.67352320502718,7.323243665379747],[80.67353074026254,7.323178567222024],[80.67353108544584,7.323170232338792],[80.67353565934093,7.323059833342546],[80.67354002954423,7.322952946612605],[80.67354467526003,7.322841356664292],[80.67354298006762,7.322733110284799],[80.67352307045577,7.322656963411625],[80.67359127075288,7.322667379374026],[80.67360929329257,7.322670276353092],[80.67361735478113,7.322668288725744],[80.6736257792256,7.322663407410955],[80.67367823192292,7.322616666902282],[80.6737441847784,7.322549220921553],[80.67376300590556,7.32253347044069],[80.67377842897429,7.322520562314009],[80.67380441618582,7.32250515709913],[80.67382082305772,7.322495432342239],[80.67385804923268,7.322489201126383],[80.67391701226974,7.322490209278957],[80.67394255197937,7.322498896399538],[80.67398846682323,7.322520611021747],[80.67401753869179,7.322530202340053],[80.67411363183517,7.322553103042003],[80.6742156076488,7.322596262353793],[80.67431206342005,7.322621785575167],[80.67443161800831,7.322635918881226],[80.67445208909614,7.322629321197427],[80.6744783622994,7.322598853934298],[80.6744955787534,7.322561780494449],[80.67449861066318,7.322551955021872],[80.67450763387909,7.322522716419306],[80.67451346039307,7.322395301416767],[80.67451736860374,7.322327571799566],[80.67452453376919,7.322288055370125],[80.67452950613642,7.322280550778066],[80.67454627972093,7.322255232272762],[80.67457364311481,7.322206045268979],[80.67463479754305,7.322129103789869],[80.67467193956145,7.322098365869914],[80.67472402914123,7.322058496954119],[80.67482846905251,7.322015113960875],[80.67489326984081,7.321994488750755],[80.67493408600104,7.321981497683078],[80.67503385841212,7.321955147950177],[80.6750415123099,7.321953125841786],[80.67510123017183,7.321936233325758],[80.67514594904668,7.321923580421402],[80.67529965588,7.321905798361914],[80.67540825439416,7.321900578667232],[80.67549529794633,7.321892821165218],[80.67552113645766,7.321885772482577],[80.67554928291662,7.321878092207182],[80.67558669279099,7.321856127820465],[80.67561214904188,7.321837141339798],[80.67563624894382,7.321808119501049],[80.67565745156155,7.321770324367151],[80.67567005008439,7.321730900466756],[80.67568609347725,7.321673660753273],[80.67570630010331,7.32163441941312],[80.67572849822147,7.321600150376333],[80.67574009507702,7.321584598951604],[80.67575513447684,7.321569681307933],[80.67579019169665,7.321541564402814],[80.67580776679767,7.321528186447773],[80.67582470686442,7.321511278854586],[80.67583676213684,7.321499226278937],[80.67587779372329,7.321458208101248],[80.6759067843513,7.321434070576001],[80.67594301665994,7.321412375378232],[80.67603187666595,7.321381828829092],[80.67614238497711,7.321341250218262],[80.67624247774086,7.321298951992583],[80.67630045063684,7.321267585553192],[80.67634116148945,7.321255211067626],[80.67634891235723,7.321252855270341],[80.67645053721783,7.32124066973349],[80.67654147591362,7.321225948851604],[80.67659971963623,7.321202541206588],[80.67665289232487,7.321178408988587],[80.6766722765356,7.321167289444978],[80.67668324160651,7.321145589497055],[80.67672104921067,7.321049136733971],[80.67672474578065,7.321039703859665],[80.67675818589103,7.320959770843791],[80.67677304444796,7.320939156918437],[80.67680429244358,7.320905190960206],[80.67682894240842,7.320878398284078],[80.67684271411926,7.32085353389046],[80.676869808086,7.320796569671604],[80.67693459300183,7.320682821715644],[80.67696793652408,7.320625676200536],[80.67699040713539,7.320587248267239],[80.67699964616432,7.32056415168547],[80.6770234002969,7.320504768612205],[80.67704025075557,7.32046264716589],[80.67706770579949,7.320406857703193],[80.67707377638735,7.320396912608976],[80.67707740105124,7.320393115333956],[80.67708455670919,7.320387237130939],[80.67708908668236,7.320385339996705],[80.6771203363506,7.320376303850018],[80.67714822035221,7.32036305290615],[80.6771583800815,7.320358225259852],[80.67716743942054,7.320353074534666],[80.67717830926674,7.3203440320864],[80.67723619770545,7.320292318678749],[80.67728131531256,7.320232555962877],[80.67730903735881,7.320206155498024],[80.67732724376425,7.320196392121018],[80.67741945604129,7.320155357014523],[80.67748657907002,7.320116759809549],[80.67750080253985,7.320100756762074],[80.67751556947604,7.320080503607566],[80.67754638016224,7.320016485689406],[80.67756631282258,7.319986374950973],[80.67762665185683,7.319906810388878],[80.67764241663292,7.319879504786553],[80.67764604432747,7.319853642504867],[80.67764706600828,7.319742322982052],[80.67766176595113,7.319622956347268],[80.67769331208092,7.319496904269487],[80.67769503481146,7.31948849552954],[80.67771416968587,7.319379169439249],[80.67772486630945,7.319338024168118],[80.67779647725402,7.319216057452036],[80.67782545638514,7.319177142573119],[80.6778254627945,7.319176826972629],[80.67785287546916,7.319139959996402],[80.67786077120981,7.319129342487963],[80.67788151867916,7.319104657732313],[80.67795154907816,7.319019759849779],[80.6780476651055,7.318935681522611],[80.6780653306795,7.318913710804326],[80.67807774506257,7.318894902193046],[80.67812549736666,7.318801137247013],[80.67813147830613,7.318786759222268],[80.67814099193349,7.318770756030103],[80.67816490823385,7.318743179084793],[80.67824934372999,7.318647523081969],[80.6782742569278,7.318617143911264],[80.67831675223697,7.318544538499093],[80.67834864241252,7.318505026473192],[80.67839859280028,7.318461149682517],[80.6784212040462,7.318441288860457],[80.67844765567146,7.318420948686771],[80.67846958136714,7.318388217666315],[80.67849857772873,7.318327906925003],[80.67850383720167,7.318303311013192],[80.67853076313024,7.318184491385122],[80.67854646282842,7.318052071306019],[80.67855054336972,7.318017650784321],[80.67857249745022,7.317858589471659],[80.67861274716198,7.317691120295214],[80.67866775980768,7.317529351426937],[80.67874704549,7.317373195395726],[80.67876798047277,7.317310262214948],[80.67879979297251,7.317214955513844],[80.6788471828851,7.317111784740804],[80.67879604764688,7.316944659283959],[80.67876879488344,7.316896813916811],[80.67876327716937,7.316867874104423],[80.67877325848224,7.316775005197695],[80.67879420486888,7.316667759334052],[80.67880028412915,7.316621642074042],[80.67879818475323,7.316592047381773],[80.67879694228532,7.316574526231603],[80.67878816542591,7.316534734070919],[80.67876833911798,7.316497473375605],[80.67874470545803,7.316467173183359],[80.67870739562343,7.31644419669363],[80.67863367308809,7.316425280766953],[80.67859989421859,7.316404384028009],[80.67855343846053,7.316368744387393],[80.67851929885381,7.316315811706696],[80.67851097446318,7.316302901870344],[80.67851410707355,7.316295870686172],[80.67855963548296,7.316193672565197],[80.67859714975506,7.316117810541442],[80.67857270607587,7.316064089606466],[80.67855079534907,7.316032795948169],[80.67852679798212,7.316013347308134],[80.6784483723012,7.31596449878718],[80.67838417248412,7.315892140548959],[80.67831191167787,7.315820231795327],[80.67828755076114,7.315806661941],[80.67817434231969,7.315776433550829],[80.67801439613737,7.315758041311804],[80.67790795888683,7.31574436670495],[80.67789665581637,7.315742914636862],[80.67786350641741,7.315743087349214],[80.67782174867632,7.315757366216639],[80.6777255531908,7.315802018672066],[80.67759393394556,7.315880120766811],[80.67744220974755,7.315948724126764],[80.67734974887696,7.315962767550146],[80.6773357858198,7.315964886882484],[80.67719385886215,7.315959069034539],[80.67710817269528,7.315944768504998],[80.67708372910295,7.315940687424737],[80.67695438986286,7.315951239263879],[80.6768209766136,7.315949853359491],[80.67678021696186,7.315959882123546],[80.67666925340373,7.316017461723554],[80.67653989807954,7.316104336655704],[80.67651122348784,7.316122311473915],[80.6763886197676,7.316199164557456],[80.6762131589709,7.316308727180354],[80.67606441445965,7.316416939225263],[80.67593841060463,7.316497394171527],[80.67590444413656,7.316509956418831],[80.67585331765041,7.316523464355],[80.67578406659572,7.31654176195295],[80.67577635433868,7.316545967051222],[80.67574511489458,7.31656300348434],[80.6756943827463,7.316611281054243],[80.67566548435234,7.31664148014156],[80.67559852257304,7.316770417941412],[80.67553711482415,7.316898559377264],[80.67551705997765,7.316940409670028],[80.67548661904014,7.316982995548353],[80.67541314713944,7.317058126709672],[80.67529277600686,7.317141154570198],[80.67527147009449,7.317155850147136],[80.67512445422399,7.317235395840503],[80.67493361076245,7.317268993007437],[80.67475589895174,7.317308379692141],[80.67474937661316,7.317309373859314],[80.67459983561113,7.317332218081864],[80.67439241677961,7.31736825379797],[80.67435812731847,7.317366834418872],[80.67427811646273,7.317363525538048],[80.67413102927166,7.317357433356126],[80.67411727689624,7.317356867758874],[80.67401826685884,7.317352795809636],[80.67392497902327,7.317349427783382],[80.67390559638075,7.317346167884119],[80.67389445705635,7.317341463877654],[80.67388114484282,7.317333049019907],[80.6738497551691,7.31731329279768],[80.67384320139085,7.31730916858739],[80.67382499806993,7.317297677983589],[80.67381259217741,7.317290623402373],[80.67379674346662,7.317284289671266],[80.67368933250874,7.317250082540204],[80.67357947872742,7.317200501668941],[80.67355602314578,7.317192898360775],[80.6734653666528,7.317165026027139],[80.67340450298882,7.317157054254126],[80.67338431225261,7.317158622223666],[80.6733324967293,7.317162645380168],[80.67325967491571,7.317173932515041],[80.6731926468679,7.317193719607829],[80.67307950992097,7.31724650681387],[80.67296700382126,7.317308968373181],[80.67293928515082,7.317324334264412],[80.67282551332295,7.317380646234309],[80.67282282564481,7.317382367410289],[80.6727790437588,7.317410386229638],[80.67274471338979,7.317421411741135],[80.67268431536083,7.31742471844911],[80.67265422956294,7.317426365495998],[80.6726045078806,7.317427140792544],[80.67260278518835,7.317427167524935],[80.67257326082603,7.317421462709473],[80.67251267628416,7.317381389015604],[80.67249791478542,7.317369719195542],[80.67248478597172,7.317359497541079],[80.67247129265395,7.317347106378474],[80.6724445804912,7.317318252037347],[80.67243570657959,7.317308845235803],[80.67239785573688,7.317268686339348],[80.6723830989298,7.317248516065149],[80.6723638215587,7.317185753867877],[80.67235504169989,7.317161334746491],[80.67228849121766,7.317070436892819],[80.6722794623279,7.317061494864307],[80.6722139673467,7.316996628519838],[80.67214587538858,7.316917394897842],[80.67205945885979,7.31686555560739],[80.6720386518815,7.316853075021483],[80.67190463583508,7.316724271175996],[80.67175449599667,7.316604144860414],[80.67175347096641,7.316603084778926],[80.67163389654458,7.316479290429306],[80.67163270490242,7.316478057586881],[80.6715978420257,7.316450196035164],[80.67155846289667,7.316431511205246],[80.67154902813495,7.316427034517829],[80.67148898279744,7.316406041613875],[80.67139696442581,7.316393527238254],[80.67138335548873,7.316391676576333],[80.67133112148046,7.316384571953495],[80.67123529946616,7.316370443381223],[80.67119934685682,7.316354971405039],[80.67117109346201,7.316329281691094],[80.67112600583272,7.316255480010245],[80.67102428278032,7.316169241770156],[80.67100810348076,7.316155527844717],[80.67099344475723,7.316146230891852],[80.67093383183467,7.316108429729135],[80.67089255069786,7.316082252243243],[80.67077518308182,7.316027423071342],[80.67072627727492,7.316014208781007],[80.67067279975485,7.316007158049206],[80.67054142543985,7.315989840556235],[80.67036264472696,7.31595371683614],[80.67018086819874,7.315947072628591],[80.67002725988735,7.315942967044522],[80.66997895564005,7.315948331727469],[80.66997192525325,7.315949111385859],[80.66995744602498,7.315950720340206],[80.66985824709758,7.315961736642143],[80.66994301291155,7.316002358078346],[80.67003429697473,7.316055464039959],[80.67008211459492,7.316074194398836],[80.6701268561478,7.316078635130546],[80.67024976178062,7.316081467428121],[80.67031947820482,7.316087520967892],[80.6703698578891,7.316091895179466],[80.67049493466841,7.316101871917317],[80.67053514829603,7.316107308087111],[80.67059519100232,7.316135264252441],[80.67064889052985,7.316172715011303],[80.67069036414695,7.316216130394842],[80.67012040056652,7.31677777311396],[80.66996946762306,7.316929824135461],[80.66959615587143,7.317265728815038],[80.66950413406452,7.318915442770165],[80.6695520382095,7.319771030750966],[80.66953311957309,7.31984627152252],[80.66943584995458,7.320100392898001],[80.66940251085475,7.320161762750025],[80.66950017195713,7.320458693071235],[80.66912761924617,7.320681960161128],[80.6694230228757,7.321412854719624],[80.66949304173471,7.321422660422424],[80.66986898570467,7.321475307578246],[80.67014491036073,7.321755315145938],[80.67027294562982,7.321996483177206],[80.67052200767885,7.322165250382577],[80.67062468921493,7.322386571039304],[80.67077514234869,7.322533146853036],[80.67105276015724,7.322840061803304],[80.67106957799975,7.322858656399436],[80.67112709210303,7.322831754168455],[80.67124511788816,7.322791180338186],[80.67124860082599,7.322789517233623],[80.6714339392572,7.322701113289859],[80.67157132336455,7.322888865949298],[80.67166937621633,7.322854576786779],[80.67177360167308,7.322827889704157],[80.67188990130354,7.32279799240998],[80.67211594266928,7.322805930324863],[80.6725569698224,7.322963708321213],[80.67308489660485,7.323009621829425],[80.67327490915038,7.323138632567153],[80.67327853313614,7.323256325737009],[80.67327548580569,7.323262171359048],[80.67326598284869,7.323285751600149],[80.67326274008178,7.323294657339138],[80.67325328847117,7.323315510213444],[80.6732016325737,7.323473107563455],[80.67319795325575,7.323485882714865],[80.673197119726,7.323498803206852],[80.67318724368727,7.323518049035608],[80.67318061979135,7.323530954635973],[80.6731163855512,7.323693938737574],[80.67311159590069,7.32371807077624],[80.67310459865172,7.32373177840653],[80.67310379103506,7.32374228351052],[80.67308724059752,7.323875747618112],[80.67308546474754,7.323898060889784],[80.67308763590053,7.323909423052006],[80.6730817665435,7.32406370576141],[80.67313063741244,7.324134478687927],[80.6732598512188,7.324116739648344]]]]}},{"type":"Feature","properties":{"GND_N":"Udurawana","GND_NO":"598","GND_C":"020","PROVINCE_N":"CENTRAL","PROVINCE_C":"2","DISTRICT_N":"KANDY","DISTRICT_C":"1","DSD_N":"PATHADUMBARA","DSD_C":"12","Admin_Code":"2112020","GND_NO_Cen":"598","GND_NAME_C":"Udurawana","GND_NO_Gaz":"598","GND_NAME_G":"උඩුරාවන","shape_1":"Polygon","Area__Ha_":77.1633575462,"MWS_ID":"107-3","Alt_MWS":null,"Total_Pop":1233.0,"Density":1597.90870066,"Area_sqkm":0.77163357299},"geometry":{"type":"MultiPolygon","coordinates":[[[[80.66169512123918,7.371277375399488],[80.66170738167942,7.371238614780056],[80.66179887931037,7.371201663161575],[80.66183952877357,7.371186579881314],[80.66195155387763,7.371151456555102],[80.66199279998554,7.371151628064931],[80.6620797858168,7.371131610077784],[80.66210001744363,7.371121506969165],[80.66215673373637,7.371116617424697],[80.66220341845825,7.371116780355806],[80.66228047870703,7.371101738877737],[80.66237515924881,7.371097104952782],[80.66241759146486,7.371092249716836],[80.66247088549704,7.371087443360917],[80.66259585594263,7.371019687851372],[80.66268249906828,7.370844294484341],[80.66269209516119,7.370827640603438],[80.66292791277529,7.370486415463606],[80.66293305931393,7.370477267955541],[80.66293617136363,7.370468093706998],[80.66294379374477,7.370454566392558],[80.66302286859862,7.370328334258883],[80.66327950549855,7.370100575928963],[80.66363543023506,7.36986868720269],[80.66418479982732,7.368927139513221],[80.66473127048849,7.368285108438338],[80.66497210496767,7.367966861682699],[80.66499854541398,7.367951128900554],[80.66562515692712,7.367533665426024],[80.66631769275043,7.366008502551046],[80.66625159558802,7.365983874839712],[80.66627345193233,7.365764470512447],[80.66627368340725,7.365736778152852],[80.66627401199239,7.365697310006456],[80.66631710665364,7.365472304227103],[80.66632099138342,7.365440597667327],[80.6663208976866,7.365412819318745],[80.66632080399648,7.365385013841077],[80.66634020309795,7.365193730860321],[80.66634412857425,7.365165743700969],[80.66635203356354,7.365125730312489],[80.6663559770866,7.365101694953846],[80.66635590158111,7.365073602816727],[80.66635582427112,7.365045481741498],[80.66638774899982,7.36495717280861],[80.666387720353,7.36494109070789],[80.66645043871526,7.364413746538773],[80.66656181519362,7.364179030807287],[80.6667409463336,7.364130224331473],[80.66678278512346,7.364130345799173],[80.66680792155053,7.364130417962586],[80.66690030131687,7.364130683807415],[80.66714553706532,7.364189662525633],[80.66715835607032,7.36419389959027],[80.66717546502217,7.364198166638071],[80.66721404375075,7.364198408447148],[80.66725271124933,7.364198651178804],[80.66746906042401,7.364220994861639],[80.66750830311284,7.364221264840157],[80.66752140484296,7.364221354837285],[80.66755202608968,7.364217359840244],[80.66765304051977,7.364201164822088],[80.66777605806429,7.364189115912102],[80.6678158129287,7.364176604592742],[80.6678428455826,7.364164074814235],[80.66793776336125,7.364105086714758],[80.66794668811613,7.364083813377577],[80.6679601845313,7.364062543859615],[80.66797348413,7.364019932781841],[80.66798687586595,7.363985827584315],[80.66803160671475,7.363874820041832],[80.66804061831485,7.363857708318271],[80.66805767628422,7.363810749361127],[80.66808165113424,7.363729915137873],[80.66808937240368,7.363695954158231],[80.66810156025466,7.363661995162315],[80.66810062797903,7.363636633805193],[80.6681127976962,7.36360273629696],[80.66812479994414,7.363564654545437],[80.66837413019107,7.363386302395834],[80.66842596737017,7.363292535219434],[80.66843868605625,7.363258312285138],[80.66844729452856,7.36324124747907],[80.66846460825897,7.363211422364324],[80.66852645997702,7.36308815656268],[80.6685307486142,7.36307106358576],[80.66853064004957,7.363066761797867],[80.6685387812478,7.363015387682111],[80.66854252161333,7.362976834596423],[80.66855654990931,7.362827075712438],[80.66856074041074,7.36278873343677],[80.66856031228632,7.362746118129638],[80.66855988415577,7.362703528142864],[80.66856385604916,7.362643940156844],[80.66857214124794,7.362558848291219],[80.66857632448405,7.362520566601356],[80.66857610950112,7.362499317274762],[80.66857576443827,7.36246533173557],[80.66857563435939,7.362452591001494],[80.66858391137572,7.36236759770174],[80.66858809097552,7.362329357608358],[80.6685871538201,7.362282826552699],[80.66860354264581,7.362219311458134],[80.66860857864708,7.362168110217779],[80.66860877648864,7.362155299931191],[80.67041149188361,7.36087302342787],[80.67175640186117,7.360237748350278],[80.67155423086066,7.359614714164863],[80.67160359710464,7.359612283189136],[80.67164790287977,7.359604771563318],[80.67166537571968,7.359601809536512],[80.67171302466515,7.359591148098383],[80.67177561926525,7.359577418230841],[80.67182480692446,7.359563955613389],[80.67187861707794,7.359542084063074],[80.6719179367774,7.359517315364008],[80.6719566218453,7.359483322636821],[80.67199866213825,7.359433325452796],[80.67204604865526,7.359374917695174],[80.67207921088489,7.359337487325051],[80.67210711608867,7.359310455198355],[80.67213438755968,7.359285863632614],[80.6721622926303,7.359259374083298],[80.67219753552347,7.359225652728829],[80.67224455553769,7.359184969176359],[80.67228378643806,7.359148445406184],[80.67230317683472,7.359126114562156],[80.67232845906602,7.359082351326938],[80.67234305276246,7.359042475915201],[80.67236154277548,7.358989035977744],[80.67237622934086,7.358935414296542],[80.67239027783705,7.358891196299754],[80.67241248288997,7.358836310338819],[80.67242970486411,7.35879408434886],[80.67245073086349,7.358741729252672],[80.67247737258856,7.358694440450739],[80.6725059165252,7.358650949250621],[80.67253445895908,7.358606105212863],[80.67256236879695,7.358558813986234],[80.6725840300572,7.358508991979048],[80.67260188381417,7.358468664257013],[80.67262218391687,7.358425444239268],[80.67262867663739,7.358410271559502],[80.6726425738139,7.358377791354287],[80.67266794739211,7.3583343003134],[80.67269902663749,7.358290812399192],[80.67273399972773,7.358248226971755],[80.67276987837754,7.358218393309166],[80.6728277686535,7.358170568220268],[80.67288221663432,7.358131516768476],[80.67295831950125,7.358069860050221],[80.67301313194191,7.358025381951474],[80.67305489831999,7.357987590863302],[80.67311668487798,7.357933799146652],[80.67317050117983,7.357892032799394],[80.6732161605318,7.357862743932488],[80.67327703773023,7.357828123180604],[80.67332795128968,7.357800372823333],[80.6733897349846,7.357762678542571],[80.67342162577063,7.357738631441126],[80.6734614885331,7.357702829340429],[80.67350126158277,7.357663230956708],[80.67351720883838,7.357645057246359],[80.67357292773522,7.357593343966486],[80.67360844279716,7.357556728792175],[80.67365474411501,7.357500671789973],[80.67370013675354,7.357445249394402],[80.67374399186552,7.357387473648768],[80.67378476465167,7.357333044918401],[80.67382481569639,7.357273822315249],[80.67386731046523,7.357215141943727],[80.67390790479057,7.357152754400516],[80.67395175880185,7.357091633620521],[80.6739999655508,7.357021019565318],[80.67403802274129,7.35696233816302],[80.67407426724344,7.356904380689357],[80.6741212067689,7.356821738212583],[80.67416316425252,7.356743526577778],[80.67418419474343,7.356674171422787],[80.67418896373087,7.356658610379827],[80.67435479491112,7.356755992617215],[80.67474616007102,7.35642029433527],[80.67499492280412,7.355675806376428],[80.67502265436843,7.355641781052807],[80.67525816366334,7.355432833778083],[80.6754646559815,7.355145238135361],[80.67559453317007,7.354884183622812],[80.67560225991178,7.354726278870012],[80.6755101446334,7.354529805802309],[80.6750644388107,7.354267710986005],[80.67505259751732,7.354178891392332],[80.67505853169177,7.354113656391195],[80.67492938480184,7.354101947234747],[80.67480329217281,7.354022890846388],[80.6747872516102,7.354017997652893],[80.67465899601075,7.353958737712332],[80.67448693971588,7.354006763211359],[80.67435891279908,7.354056985262771],[80.67421427397612,7.354144864051152],[80.67420146685059,7.354149048955906],[80.6740506068416,7.354265087138669],[80.67400831224529,7.354277693402997],[80.67393182130981,7.35428127053784],[80.67369086339805,7.354274398806778],[80.6736878613503,7.354267527233617],[80.67335162225177,7.354328808813898],[80.6730110870326,7.354205247134058],[80.67297522174417,7.354225785509829],[80.67292401257997,7.354256576031245],[80.67283380299173,7.354304636040419],[80.67282383099761,7.354324459652342],[80.6727988387495,7.354369068518229],[80.67276875537961,7.354423781779822],[80.67272360824758,7.35462053025085],[80.67270311866008,7.354712169273253],[80.67270301698584,7.3547326652512],[80.67270779043189,7.354783930322212],[80.67274250618686,7.35488116435895],[80.67274239304875,7.354896417192021],[80.6727471647052,7.354931985390509],[80.67275192732181,7.354967478529778],[80.6727564830149,7.355028149192965],[80.67275624864357,7.355058411599868],[80.6727500805358,7.355209111171264],[80.67271421467916,7.355329337044608],[80.672668979687,7.355385019822137],[80.67263376776343,7.355380447666175],[80.67258324923942,7.355365848683504],[80.67247666466888,7.355361804379625],[80.67245629822258,7.355351986177045],[80.67238988616732,7.355327302332605],[80.672348893475,7.355322558805089],[80.67220470732548,7.355318592525393],[80.67216846613817,7.355303588972474],[80.67215292167697,7.355303701110625],[80.67210100141381,7.355298974010988],[80.67196533466013,7.355289694149317],[80.67192863368784,7.355284817746039],[80.67190786792138,7.355289980089447],[80.6718769092044,7.355295065904011],[80.67184569169505,7.355295136398275],[80.67183521309174,7.355300327360879],[80.67180379388286,7.355310754773753],[80.67175659893847,7.355326417124573],[80.67174085128596,7.355331643027698],[80.67169381336473,7.355357524018789],[80.67163178662209,7.35539343834967],[80.6715968316717,7.355459630500601],[80.67154120608384,7.355530790572003],[80.67152188952856,7.355586375295024],[80.67150195333494,7.355642240205652],[80.67149131286388,7.355657806176438],[80.67144870808086,7.355725285155141],[80.67143267774809,7.355746166253312],[80.67136297566954,7.355830080895635],[80.67134679372295,7.35584083377522],[80.67121715758418,7.355901115798201],[80.67116468774128,7.355922049831671],[80.67099077828891,7.356014801204013],[80.67084374762501,7.35604958495384],[80.67081341408566,7.356061331023393],[80.67079998875884,7.356059366432052],[80.67076402667819,7.356062974265859],[80.67073829947807,7.356073277245333],[80.67071084945785,7.356091175951968],[80.67068548073964,7.356113868850998],[80.67064996826025,7.356142888564715],[80.67060747618099,7.356181220937035],[80.67056693806529,7.356218893625997],[80.67056000081418,7.356225338755943],[80.6705187820869,7.356253001563903],[80.67049948584996,7.356264209445031],[80.67047575156784,7.356273790342629],[80.67041814005059,7.356280558090624],[80.6703738463562,7.356280458095393],[80.67033661972461,7.356276559891298],[80.6702891568964,7.356263888439954],[80.6701987662694,7.356232306009993],[80.6701179769574,7.356197744354581],[80.67005239596983,7.356167409380306],[80.67003347585323,7.356158658487211],[80.67002214306969,7.356152297653916],[80.66998880413621,7.356224570581266],[80.66994494077886,7.356319240561112],[80.66991941472752,7.35638618628696],[80.66991439525786,7.356399354440935],[80.6698518759053,7.356513255381867],[80.66984483614047,7.356527900683935],[80.66983676997823,7.356539261318208],[80.66979949248282,7.356600443841828],[80.66972011888103,7.356706408221487],[80.6696784843853,7.356756452318108],[80.6696687442077,7.356768160706894],[80.6696376632873,7.356817889901209],[80.66961282844767,7.356884169301292],[80.66959623386062,7.356961121422137],[80.6695348883438,7.357131532404684],[80.66951755786462,7.357179672390738],[80.66949590333398,7.357207790106317],[80.66942198537087,7.357226039371813],[80.66937814002573,7.357244567093752],[80.66936228280524,7.357268165582203],[80.66933636472915,7.357314821360285],[80.6693495673309,7.357407245045594],[80.6693596940978,7.357487187728938],[80.66935940888501,7.357543434319026],[80.66935106862108,7.357568301527563],[80.66932968686797,7.357588190154382],[80.66929072911755,7.357625981563222],[80.66926817055457,7.357638997213425],[80.66921373058737,7.357643596141681],[80.66916490792633,7.357646478233579],[80.66912287385664,7.357666181954793],[80.66910402805965,7.357687247673694],[80.6690705935692,7.357730104473622],[80.66900463785697,7.35778091043283],[80.6689588893731,7.357806852025485],[80.66894375810244,7.357824844001856],[80.66893424177059,7.357850976942369],[80.66893196297828,7.357906590041581],[80.66891337524433,7.357984446859704],[80.66889823991961,7.35801925884334],[80.66889561006025,7.358031827100943],[80.66889823374183,7.358044940103386],[80.66891217696895,7.35807062651629],[80.6689189672048,7.358084372624261],[80.66891959826727,7.358096852137774],[80.66891846716983,7.358280335567204],[80.66891745801577,7.3583334178294],[80.66890340512202,7.358387038640972],[80.668876855144,7.358427997137046],[80.66883291533361,7.358462078767482],[80.66874449973764,7.358502751117984],[80.66866677474523,7.358530946657828],[80.66860344902302,7.35856800870613],[80.66851973136562,7.358655524058531],[80.66848194826174,7.358700911808913],[80.6684593922089,7.358706964295198],[80.66843375791959,7.358706777262488],[80.66839400164596,7.358667250612361],[80.66836773645218,7.35865774821342],[80.6683071380701,7.358657372791145],[80.66827015779995,7.358675275375042],[80.66825504807817,7.358682589338946],[80.66822814383582,7.358686200054749],[80.66817307039771,7.358691522142881],[80.66807219743382,7.358794481451652],[80.6675459648299,7.359056339191017],[80.66751527508308,7.359071540281469],[80.66749441153019,7.359086761842941],[80.66746041526375,7.359106981904106],[80.66738764857436,7.359183052146355],[80.66736269875582,7.359213764297215],[80.66733185970634,7.359250522982402],[80.6672806548228,7.359308067504817],[80.66726632862719,7.359322636836414],[80.667237250622,7.359354997420857],[80.66720508552906,7.359387722589162],[80.66712666022855,7.359445016300595],[80.66707855338721,7.359512743084506],[80.6670115115074,7.359573073482364],[80.66700479589919,7.359580241145869],[80.6669945675711,7.359587383535852],[80.66697043875315,7.359598021275084],[80.66690834221897,7.35963387703984],[80.66689436835294,7.359637389550741],[80.66686646772311,7.359648105941396],[80.66680368627033,7.359691803626522],[80.66679669886489,7.35969917287959],[80.66677917598876,7.359717648900089],[80.66674040359126,7.359769945119186],[80.66672973394877,7.35977780812327],[80.66666156044388,7.359824131464356],[80.6664206430032,7.359972555105748],[80.66631743482418,7.360043450518439],[80.66620978499762,7.36013812523013],[80.66618981664496,7.360151910918129],[80.66604355198048,7.360236020182001],[80.66602732760232,7.360248707153742],[80.66597067330302,7.360287040102572],[80.66595425504228,7.360299869903463],[80.66592619708914,7.360312829767476],[80.6658457877076,7.360373911781737],[80.66582049924705,7.360388759599122],[80.665807566399,7.360398483978893],[80.66576401745742,7.360432626888364],[80.66575895979855,7.360442041226423],[80.6656797928689,7.360515193227691],[80.66566751535015,7.360519508234028],[80.6656442855572,7.36056084082544],[80.66563686787929,7.360568128566225],[80.66555870447928,7.360637896897153],[80.66553904616921,7.360661433714086],[80.66551846171569,7.360690242378191],[80.66549728196217,7.360723423191279],[80.66546124578275,7.360757479307343],[80.6654289035603,7.360787627039993],[80.6654082357309,7.360809258237809],[80.66532848279233,7.360878069382207],[80.66532079691412,7.360881994858447],[80.66529323097794,7.360905011539458],[80.6652248404098,7.360974195340424],[80.66519753527517,7.36098654313219],[80.66518504277488,7.360995648156088],[80.66510535284948,7.36105122572843],[80.66507933228019,7.361073946168675],[80.66499404705797,7.361137072343027],[80.66497909952396,7.361140019362696],[80.66489954360145,7.361195621346758],[80.66489131330101,7.361203256124227],[80.66485682726983,7.361275656762057],[80.66483239186128,7.361294688936603],[80.66468518359994,7.361425959537542],[80.66462221464872,7.361478652850062],[80.6645515243751,7.361550079541792],[80.66452897937215,7.361612500549517],[80.66451857137267,7.361642277498917],[80.66451312689408,7.361658914380112],[80.6645044258374,7.361672656683829],[80.66442573505988,7.361835668091653],[80.66441912613216,7.3618541928617],[80.6643936550331,7.361899689130725],[80.66434642572993,7.362019640129346],[80.6643357306397,7.362045511324443],[80.66430752876443,7.362097144398078],[80.664288747374,7.362130620551842],[80.6642737690253,7.362151526059432],[80.66420280606916,7.362262097114254],[80.66418846117328,7.362285424496238],[80.66413031131809,7.362379985379149],[80.66412049824442,7.36239594293419],[80.66408850659403,7.362435976474517],[80.6640692400557,7.362464262711394],[80.66393012313354,7.362655454984441],[80.66391610389121,7.362680421032579],[80.66388480909406,7.362726373384098],[80.66384053510993,7.362774957607026],[80.66380799149196,7.36281607705306],[80.66379990436236,7.36282331214404],[80.6637756499224,7.362842600220505],[80.66377023645562,7.362847443201741],[80.6637161945339,7.362883678531187],[80.66364083204043,7.362910690946343],[80.66363581409205,7.36291321630131],[80.66361576974212,7.362925836206512],[80.66353809748705,7.362956114358926],[80.66353063347358,7.362963657968566],[80.66352819492653,7.362971190183807],[80.66349864143793,7.363026342402216],[80.66349130805797,7.363043851443928],[80.66348147916005,7.3630613426749],[80.66347427098619,7.363088788210049],[80.66347190727947,7.363101249789904],[80.6634696817359,7.36312614373822],[80.66346732256503,7.363138577285843],[80.66346271947464,7.3631733465088],[80.6634628036452,7.363180788024989],[80.66346299944225,7.36319813980674],[80.66347613715584,7.36325998285459],[80.66348119517052,7.363267391260834],[80.6634863566713,7.363284665619708],[80.66349143580479,7.363294531017657],[80.66350911682188,7.363321638285458],[80.66351664590928,7.363329026514962],[80.66354166019354,7.363346265180869],[80.66357671535337,7.363378235632537],[80.66360674024631,7.363407705326562],[80.66361673888483,7.363417520416324],[80.66362918355962,7.363422434808746],[80.663636645959,7.363424894577678],[80.66364662076168,7.363432253578593],[80.66366905531092,7.363449416531251],[80.66372691070727,7.363499677678471],[80.66373693359829,7.363506731939976],[80.6637668836323,7.363527811497581],[80.66382874218493,7.363583944361795],[80.6638361183153,7.363590871353908],[80.66384347784262,7.36359538928324],[80.66388736884078,7.363643506420572],[80.66388978983264,7.36364811896487],[80.66389220661185,7.363655070935422],[80.66390417853137,7.363731613094421],[80.66389934664662,7.363743420246804],[80.66387282177789,7.363793071479673],[80.6638607686196,7.36379808008973],[80.66385112619027,7.363805293991467],[80.66382951189058,7.363847191167675],[80.66371401352816,7.363927476742554],[80.66370672895522,7.363941793615933],[80.66370186261466,7.363953708369147],[80.6636632377489,7.364010742877161],[80.66365363819712,7.364013134146845],[80.66361522339632,7.364027425097475],[80.66351453041985,7.364086684821184],[80.66351459870215,7.3640960651549],[80.66351476911603,7.364117087488181],[80.66350812085004,7.364172686773069],[80.66350374946488,7.364211732493535],[80.66349450252928,7.364234596323652],[80.66347819475746,7.364257396881396],[80.66340925329507,7.364356260314312],[80.66340036795125,7.364378419782771],[80.66337761704587,7.364404948953811],[80.66334200649456,7.364466225364846],[80.6633353613763,7.364477092483861],[80.66328911282805,7.364617237546525],[80.66328476041905,7.364624191428017],[80.6632717367197,7.364645000631183],[80.66322867386592,7.364713804361742],[80.66321794583823,7.364729731821041],[80.66321150497522,7.36473881209047],[80.6632030949537,7.364754674121079],[80.66315658555547,7.364826581439083],[80.66316158764288,7.364908116305991],[80.66317359083794,7.365103838146267],[80.66317439126384,7.365133668531074],[80.66316512002862,7.365148624233139],[80.66309671347022,7.365394715208417],[80.66308019315265,7.3654623889274],[80.66306779205703,7.365510405989454],[80.66304655293266,7.365572433865061],[80.66303826016043,7.365600909113644],[80.6630171909168,7.365671664440773],[80.66298846141694,7.365769847089052],[80.66298468458297,7.365793074011645],[80.6629805332939,7.365806984729086],[80.66297282958111,7.365848600524903],[80.66291941820194,7.365914855086945],[80.6629094912213,7.365936565746076],[80.66281674841525,7.366105002684012],[80.6628032449499,7.366145654828882],[80.66278327151562,7.366217082315988],[80.66276667686805,7.366266858073448],[80.66275340340059,7.36630423218323],[80.66274346471018,7.366329174807228],[80.66271064175125,7.366427134840748],[80.66270989485992,7.366446855649484],[80.662701470782,7.366496365804625],[80.66269730443145,7.366519558261379],[80.66236034902121,7.367265218936356],[80.66234086429127,7.36730598710003],[80.66221769731831,7.367629174608632],[80.66221488071703,7.367648409277752],[80.66220924982416,7.367681388604894],[80.66217701118767,7.367827781293584],[80.66217688113726,7.367840420675827],[80.66217388866552,7.367853112681695],[80.66217089075059,7.367865836336677],[80.66209722231449,7.368210392397033],[80.66207681328324,7.368280588978174],[80.66198595777833,7.368560635024965],[80.66194970757542,7.368662765652777],[80.66190383831821,7.36876865842225],[80.66183447142416,7.368918657880067],[80.66183206753713,7.368925017213682],[80.66181992915521,7.368968496515338],[80.6617931647831,7.36907033384861],[80.66179196144937,7.369078923495435],[80.66156368650657,7.369339437514464],[80.66155666876452,7.369351124708413],[80.66155139015794,7.369359504415509],[80.66143795198332,7.369554390134163],[80.66143210838081,7.369568846596894],[80.66140978941395,7.369608491747816],[80.66140243991103,7.369617514783322],[80.66137648444332,7.369655580088891],[80.66131469101413,7.369745314266454],[80.66131255401311,7.369756432096934],[80.66130622416873,7.36977715523818],[80.66130172910638,7.369792511825066],[80.66110793025146,7.370074219513624],[80.66108306947785,7.370106831243818],[80.66105769763982,7.370140111119236],[80.66091467823135,7.370338586378352],[80.6608856176031,7.37039022079098],[80.66086148471277,7.370434755902846],[80.6608289059191,7.370500018121824],[80.66079521171342,7.370542063933706],[80.66074738818156,7.370619713843706],[80.66075951204982,7.37063630547106],[80.66079038917005,7.370688492511154],[80.66083149747186,7.370741403822783],[80.66084056744448,7.370748837708922],[80.6608901131338,7.370789460840209],[80.6608906356874,7.370789889613692],[80.660935192256,7.370829783490398],[80.66096399127674,7.370854568761962],[80.66098436604614,7.370879442289725],[80.66102011710649,7.370989143201387],[80.66103337843684,7.371038351438059],[80.66103966340697,7.371061673168502],[80.66105930529994,7.371114852929452],[80.66109144410201,7.371181868999239],[80.66109941152868,7.371210956080152],[80.66110710022328,7.371239024846345],[80.66115710694683,7.371245021483019],[80.66117551469708,7.371247228194627],[80.66134596076228,7.371267664023999],[80.66145284676267,7.371272667853565],[80.661552307921,7.37126961876196],[80.66167117734844,7.371270441413873],[80.6616748667964,7.37127046677566],[80.66169512123918,7.371277375399488]]]]}},{"type":"Feature","properties":{"GND_N":"Yatirawana","GND_NO":"641","GND_C":"095","PROVINCE_N":"CENTRAL","PROVINCE_C":"2","DISTRICT_N":"KANDY","DISTRICT_C":"1","DSD_N":"PATHADUMBARA","DSD_C":"12","Admin_Code":"2112095","GND_NO_Cen":"641","GND_NAME_C":"Yatirawana","GND_NO_Gaz":"641","GND_NAME_G":"යටිරාවන","shape_1":"Polygon","Area__Ha_":85.6609589434,"MWS_ID":"107-3","Alt_MWS":null,"Total_Pop":2770.0,"Density":3233.67849607,"Area_sqkm":0.85660958669},"geometry":{"type":"MultiPolygon","coordinates":[[[[80.68065703128659,7.345577518681299],[80.68066473544266,7.345410035375238],[80.68067337662369,7.345342086123702],[80.68068393121547,7.3453018921299],[80.68072803764599,7.34524926479531],[80.68084022850012,7.345104772105625],[80.68091693254446,7.345033010315756],[80.68097062394381,7.344992824578155],[80.68109141571364,7.344972752103762],[80.68120453124878,7.344972776092105],[80.68128026458673,7.34496322280823],[80.68140116273538,7.344928348649944],[80.68148254240758,7.344911582905127],[80.68154294211801,7.34488767053436],[80.68158320938016,7.344858009776559],[80.68161773070834,7.344805379423954],[80.68163883200813,7.344752746237439],[80.68165034795804,7.344693411050785],[80.68165707720767,7.344602491185338],[80.68166572337938,7.344514444692718],[80.68167916029401,7.344438839699222],[80.6817162031914,7.344279476853727],[80.68178754975159,7.344132604221993],[80.68183549939104,7.344035953423054],[80.68187098641368,7.343947911668862],[80.68191893469367,7.343870400422385],[80.68196879605155,7.343805330062356],[80.68203976000757,7.343680928318801],[80.68207823716422,7.343630473604764],[80.68215290472975,7.343545048963176],[80.68219317424564,7.343512517891154],[80.68228232880834,7.343491481701992],[80.68235422671826,7.343486712094256],[80.68243091146594,7.343508740673801],[80.68249705217542,7.343525981467351],[80.6825708616986,7.343545137357225],[80.68261303878705,7.343555674054732],[80.68268301486492,7.343567172396211],[80.68273851016843,7.343570620319495],[80.68275279832838,7.343568515368937],[80.68285077183094,7.343571992930201],[80.68293513102304,7.343569139328542],[80.68299456924773,7.343546183309983],[80.68307510425602,7.343495475003643],[80.68321124636994,7.343402669371352],[80.68327740251,7.343341431058632],[80.68332822114844,7.343288804849295],[80.68334635575651,7.34324925621948],[80.68336274791643,7.343208418596827],[80.68337905486227,7.343154827576411],[80.68338098352237,7.343101232674184],[80.68338579000715,7.343038067229007],[80.6833905933099,7.34299021524306],[80.68339539173023,7.342961505533297],[80.68340551681017,7.342946865161537],[80.68348991527547,7.342797795678822],[80.68341327162145,7.342757033756024],[80.68322137182686,7.34265497238755],[80.68318337760086,7.342409808069237],[80.68317890523737,7.342207957754156],[80.68319107677571,7.34218740005483],[80.68321781090867,7.342116690038962],[80.68325396333123,7.342058731736462],[80.68328196498766,7.341994982396262],[80.6833042624821,7.341920563814068],[80.68184564583805,7.340977507483015],[80.68168438276578,7.340893984686479],[80.68151665087652,7.340732837841071],[80.68088458669061,7.340036692951449],[80.68059018451166,7.3397739113776],[80.68032659103143,7.339559691825372],[80.68003137058425,7.339432107481704],[80.67987769611231,7.339335588126586],[80.67986644853137,7.339330245803922],[80.67985342625599,7.339322070823847],[80.67930264670053,7.339515277615337],[80.67893395130407,7.339214122009919],[80.67889617453895,7.339055565147842],[80.67882866835087,7.339044251237741],[80.67876882408471,7.339003690217181],[80.67870952786112,7.338908929928906],[80.67862882775567,7.338754821925062],[80.6786226608249,7.338744527810917],[80.67854879978118,7.338629759349552],[80.67849440471934,7.338584902232665],[80.67838548809435,7.338498079911545],[80.67808894262684,7.338313811417644],[80.67792163013439,7.33806805587023],[80.67782815555078,7.337979779061571],[80.67752050208226,7.337382166383716],[80.6775436334507,7.337205746539241],[80.67759112428902,7.336959972933851],[80.67759205408501,7.336949565518465],[80.67753465561577,7.336737256990788],[80.67711300232945,7.336577595345349],[80.67667790874066,7.33607600081539],[80.67642496201343,7.335524681714627],[80.67620247189083,7.335581887217502],[80.67596205884773,7.335649786507584],[80.67595052870769,7.335600438846381],[80.67593844927127,7.335540788341326],[80.67592790973507,7.335488751504408],[80.67589969577679,7.335288713439477],[80.6758605080336,7.335143563189131],[80.67584150956468,7.335043363103752],[80.67584113988067,7.335039923957838],[80.67547640804567,7.335002989205079],[80.675451213433,7.335003071267652],[80.67525724716477,7.335054266381754],[80.67502344200219,7.335269382617194],[80.67481699456432,7.335402916910196],[80.674700579822,7.335459447495948],[80.67460508022265,7.335526772021266],[80.67480876459395,7.335771622764551],[80.67469803291759,7.336057823995228],[80.67454277395795,7.336259853470211],[80.67451653988537,7.336277990550575],[80.67430267384213,7.33651004306652],[80.67420540716729,7.336599659967026],[80.67420290730307,7.336603458374139],[80.67410714410782,7.336709149573178],[80.67403720522029,7.336774515638888],[80.67395095591478,7.336861127279584],[80.67389668650081,7.336919352902065],[80.67388416531745,7.33693086905376],[80.673812343124,7.336996922827768],[80.67373261727806,7.337074583317413],[80.67361086120688,7.337176200011954],[80.67350758552577,7.337253493354283],[80.67339643289874,7.337320657583019],[80.67327694893928,7.337380313257062],[80.67316308074625,7.33743970161052],[80.67308879461929,7.337498192016853],[80.67297963688802,7.337555229314307],[80.67287355574025,7.337625197915302],[80.67275760031991,7.337697334540362],[80.67268195769634,7.337750037028546],[80.67266328815063,7.337800584136707],[80.67265082543175,7.337844925543849],[80.67264905592116,7.337851221793983],[80.67264586773763,7.337928990171262],[80.67264875902427,7.337959917984933],[80.67264648162445,7.338012095714936],[80.67266567279484,7.338063735817857],[80.6726783471582,7.338087251512276],[80.67271230327232,7.338134734323778],[80.6727792399705,7.338190715232632],[80.67278130833861,7.338192445640125],[80.6728716893712,7.338254591143242],[80.67294414269986,7.338288880889385],[80.67297466480048,7.338294494588522],[80.6721085222837,7.338927016834956],[80.67202435107289,7.339012995557581],[80.6720089243269,7.339027347776643],[80.67164525091718,7.339282010592288],[80.6711491341406,7.339886347608593],[80.67091427260449,7.340121873266533],[80.67052191974092,7.340573526156232],[80.6701241514267,7.341066992342495],[80.67005944531245,7.341500346739907],[80.66971468606435,7.341651433613649],[80.66966698001437,7.341692929759278],[80.66965546254188,7.341702946692617],[80.6696556228334,7.34170307333304],[80.66969113536334,7.34172246277508],[80.66973139016147,7.341754772202733],[80.66983489348664,7.341866055786806],[80.66990101888369,7.341940721619395],[80.66995492651336,7.342003180988542],[80.66998152099752,7.342033334918043],[80.67001746232893,7.342062773043136],[80.67007209406171,7.342100829068211],[80.67013751045172,7.34213673449377],[80.67017776674271,7.342155406099308],[80.67024750279285,7.342168342347755],[80.67031652096415,7.342183433368284],[80.67037475398415,7.342191342577364],[80.67042364066984,7.342197814446718],[80.67045887106723,7.342196386723227],[80.67049122467103,7.342191369143059],[80.67052142717236,7.34217056103121],[80.67055450148418,7.342159085089257],[80.6705882955994,7.342141147170097],[80.67060411453336,7.342138997751504],[80.67065228355871,7.342139008187013],[80.67068247955164,7.34214188735716],[80.67072705628017,7.342141897843675],[80.6707781024904,7.342136167527033],[80.67087732405314,7.342118963882406],[80.67091830530661,7.342113230281496],[80.67097582382893,7.342108938398148],[80.67101320972839,7.342104639976965],[80.67106785191254,7.342102499646629],[80.67112321169954,7.342103230637638],[80.67118432257884,7.342102526032257],[80.67125765686802,7.342101825183479],[80.671322362656,7.342105430401132],[80.6713913798222,7.34211334200048],[80.67142157689315,7.342115502200856],[80.67145321052068,7.342117663639067],[80.67153589186067,7.342107633432341],[80.6715876578118,7.342103338319265],[80.67163583240641,7.342091146899196],[80.67174001412488,7.342065413935959],[80.67182924242931,7.342047407444756],[80.67190832856765,7.342038094348435],[80.6719622524628,7.342035953742056],[80.67201473725136,7.342033094778789],[80.67204061737738,7.342043149398345],[80.67207799747973,7.34206756339071],[80.67211228537052,7.342099351247886],[80.67217504131287,7.342132905479541],[80.67223686627611,7.342158041336116],[80.67233248770155,7.34215878241476],[80.67237059385012,7.34215376693553],[80.67238497333655,7.34215233332827],[80.67241229294005,7.342153776588518],[80.67247555480965,7.342177477617179],[80.67251006301963,7.342188970237608],[80.67253378651942,7.342199024330257],[80.6725524783745,7.342205489891263],[80.6725913019715,7.342204062830918],[80.67262581393801,7.342195457323579],[80.67269724784902,7.342175550227525],[80.6727559509919,7.342171799162298],[80.67280052698638,7.342171092331114],[80.67286738778732,7.342181874366875],[80.67291483688325,7.342189063650317],[80.67297306804213,7.342209175178755],[80.67303633524074,7.342217803218278],[80.6731247638383,7.342230744225431],[80.67317437173341,7.342236497945619],[80.67320384477108,7.34224798935615],[80.67324266374085,7.342266660358569],[80.67327860637994,7.342295380209709],[80.67330304355465,7.34232553345018],[80.67332390180813,7.342356607352373],[80.67336988688686,7.342412401600016],[80.67339792082241,7.342438966484054],[80.67344105533918,7.34245189523453],[80.67346334314486,7.342450465213661],[80.67350000813389,7.342457651964789],[80.67355967895942,7.34247632861959],[80.67358627783827,7.342480640995136],[80.6736718244979,7.34252444507564],[80.67376312234543,7.342562509038122],[80.67384148040021,7.34260415920463],[80.6739866960023,7.342667358755339],[80.67409956352996,7.342707580710264],[80.67416857666952,7.342737744052051],[80.67423184102036,7.342759291691602],[80.67429725948469,7.342788017259799],[80.67438280209736,7.342846178813829],[80.6744525284169,7.342902899826401],[80.6745287229987,7.342971106935132],[80.67456178673449,7.343001979175603],[80.67460923123174,7.343037879880558],[80.67469118226228,7.343085272129882],[80.6747695971616,7.343116706244758],[80.67484933114385,7.343182928252211],[80.67488599075439,7.343210213010037],[80.67491618180804,7.343235341351128],[80.67492623932667,7.343276258783849],[80.67494380482917,7.343357126373422],[80.67495712394948,7.343410492263957],[80.67497005550318,7.343451410344471],[80.67499305448301,7.343481561360405],[80.67515622619003,7.343630899389499],[80.6752432033956,7.343707004271772],[80.67526908165193,7.343722084818835],[80.67531724910071,7.343737887492291],[80.6753618223355,7.343750098367535],[80.67541717813124,7.343769491823198],[80.67549050564311,7.343796066757429],[80.67555161238923,7.343814743472397],[80.67558755998898,7.343822646100926],[80.6756278211244,7.343825526294643],[80.6756508278567,7.343825532359525],[80.67567886708574,7.343825537743024],[80.67570403079577,7.343824108256644],[80.67572416307681,7.343821958720867],[80.67574932678653,7.343820529231936],[80.67577448872169,7.343826995205217],[80.675796054922,7.34384063872402],[80.67582768402129,7.34386361418246],[80.67585643744289,7.343885871883257],[80.67587872086277,7.343900233574754],[80.67591179150537,7.343913161646228],[80.67597146574852,7.343913892103343],[80.67600741219591,7.343918925346737],[80.67604695222562,7.343930418821948],[80.67612603158955,7.343960583209778],[80.67619145308434,7.343977107657354],[80.6762906681809,7.343985742355344],[80.67638413207669,7.343992224415588],[80.67645818474458,7.343996546281175],[80.67658615417301,7.344019544015207],[80.67666954786114,7.344045402978554],[80.67675293841654,7.344081312342521],[80.67683560932349,7.344131575523396],[80.6768607708139,7.344140194580012],[80.67691325327377,7.344148819687081],[80.67697723703904,7.344166777925879],[80.67704697345295,7.344180432044361],[80.67710089036586,7.344202695231211],[80.6771296457338,7.344220647467968],[80.67715480314712,7.344243622307746],[80.6771864330923,7.34426731568758],[80.67723818891417,7.344309677405647],[80.67728922603501,7.344349884910927],[80.67732947981281,7.344382194568067],[80.67737117160792,7.344420245954526],[80.67741153008011,7.344466601252121],[80.67751024013582,7.344330583360047],[80.67804913282039,7.344866295570743],[80.67808073630243,7.344903670073085],[80.67808152322014,7.344904600772495],[80.67818342592032,7.345025121360318],[80.67829118389903,7.345160969320891],[80.67855452598604,7.345528750479329],[80.67863862469379,7.345646204212477],[80.67868208879551,7.345715754523876],[80.67872232996918,7.345777794803179],[80.67875389216069,7.345826456751291],[80.67878982185434,7.345880104161089],[80.67881656086797,7.345920030399856],[80.67881813369755,7.345922381023451],[80.67883472673901,7.345947155278937],[80.67887204105712,7.345898406113247],[80.67892838078757,7.345797928648127],[80.67896314175026,7.345748886830402],[80.67898831279781,7.345714198730073],[80.67901707680313,7.345689081639397],[80.67903745196492,7.345678320337186],[80.6790686081134,7.345669952346102],[80.67910096650887,7.345643640541135],[80.67912494087766,7.345605363901648],[80.67913857368856,7.345589116540344],[80.67917154078776,7.345529307692821],[80.67919851160252,7.345482058305106],[80.6792194871661,7.345455145379242],[80.67923925983882,7.34544498168108],[80.67927161638558,7.345435418447487],[80.67929797873227,7.345433031363732],[80.6793255394238,7.345434831457545],[80.67934231395279,7.345441414787163],[80.67936567634791,7.34545577654014],[80.67937885518657,7.345469536539633],[80.67939322978427,7.345486885068924],[80.67940119026987,7.345509715902258],[80.67945412094112,7.345658038349304],[80.67946747357298,7.345718389851441],[80.67947701593428,7.345919374020318],[80.67947818099746,7.346073100250231],[80.6794739679299,7.346162225574249],[80.67946052192602,7.346277826878169],[80.67944997225214,7.346298880377041],[80.67944804787084,7.346330462721667],[80.67944804227398,7.346356302256189],[80.67945954143055,7.346380230770552],[80.67947679367876,7.34639363444685],[80.679497881969,7.346398424565981],[80.67968597964358,7.346430941325992],[80.67989376941803,7.34650378508243],[80.67994361618453,7.346513366023967],[80.6799829209264,7.346508588896561],[80.68004235935965,7.346491375598564],[80.6801794585307,7.346415797178067],[80.68031080409028,7.346348831868331],[80.68049104780569,7.346241679819579],[80.68058117184158,7.346175662375541],[80.68060897885385,7.346144086450728],[80.68062240965108,7.346098148944717],[80.68064148890657,7.345899748160992],[80.68064932048608,7.345771800082294],[80.68065703128659,7.345577518681299]]]]}},{"type":"Feature","properties":{"GND_N":"Leemagahadeniya","GND_NO":"636","GND_C":"210","PROVINCE_N":"CENTRAL","PROVINCE_C":"2","DISTRICT_N":"KANDY","DISTRICT_C":"1","DSD_N":"PATHADUMBARA","DSD_C":"12","Admin_Code":"2112210","GND_NO_Cen":"636","GND_NAME_C":"Leemagahadeniya","GND_NO_Gaz":"636","GND_NAME_G":"ලීමගහදෙha","shape_1":"Polygon","Area__Ha_":67.1525417127,"MWS_ID":"107-3","Alt_MWS":null,"Total_Pop":2172.0,"Density":3234.42709921,"Area_sqkm":0.67152541497},"geometry":{"type":"MultiPolygon","coordinates":[[[[80.67560737722472,7.328167715195407],[80.67565792148282,7.328151358626585],[80.67572612381106,7.328152639910338],[80.67583607590576,7.328176628518768],[80.67585485982153,7.328186210188184],[80.67587882129264,7.328198431769293],[80.67596749109934,7.328214366391385],[80.67604303335366,7.328200547404728],[80.67606771629823,7.328186256781125],[80.67610345438771,7.328165564345729],[80.67615934877077,7.328117197490111],[80.67624206394915,7.328028774163807],[80.67624478097646,7.328021589176586],[80.67672621952744,7.327618980057046],[80.67687929371597,7.327472870413242],[80.67733685828514,7.327107889718794],[80.677367921358,7.327076391538086],[80.67768864119382,7.326842481689064],[80.67773524369143,7.326680779901659],[80.67767307597629,7.326459725654088],[80.67766057258848,7.326425070920844],[80.67763043027624,7.326384511740054],[80.67746509087497,7.326219599275297],[80.677393741208,7.326173938890873],[80.67739550055404,7.326147506497445],[80.67745315180989,7.325913690797813],[80.67746782693094,7.325879415507931],[80.6774869516092,7.325846702022259],[80.67748731326698,7.325841379373426],[80.67761704684132,7.325685827020561],[80.67764257635176,7.325663816456323],[80.67773416485836,7.325758345257719],[80.67797357505576,7.325793910545984],[80.67827668942886,7.3261163544498],[80.67816608971395,7.326185143280023],[80.67826180998422,7.326252716503747],[80.67832782618316,7.326309248930853],[80.67837599766823,7.326373194557849],[80.67843159818214,7.326432438515694],[80.67849797650854,7.326489966634563],[80.67853564194387,7.326547398072871],[80.67857122287896,7.326619116140255],[80.67860761103326,7.326719050446424],[80.67864219569631,7.326790676956947],[80.67867704872494,7.326877770723684],[80.6787239427535,7.326977162909794],[80.67873589712322,7.326983766011849],[80.67875401115509,7.326991729617284],[80.67876994874753,7.327003579444828],[80.67883360977723,7.327066170118219],[80.67889183394631,7.327135724547707],[80.67895893722422,7.327188187754064],[80.6790186179576,7.327223921545761],[80.67908762421482,7.327280635369385],[80.67919095397592,7.327352550696699],[80.67926241519363,7.327361608249353],[80.6793640394981,7.327362263178789],[80.67941467386643,7.327342832477574],[80.67943178088062,7.327333370822001],[80.67946304726537,7.327316075524093],[80.679479625198,7.327298806903807],[80.67950888136716,7.327299987891422],[80.67955905268315,7.327327670362973],[80.67958511082277,7.32734915045436],[80.67961864002305,7.327376786837634],[80.67969788458007,7.327409810931846],[80.67976499314554,7.327450972039638],[80.6799784487321,7.327578252357731],[80.68002282871862,7.327585135469704],[80.6800946546118,7.327587592460249],[80.68014972182624,7.327592848291791],[80.68021683688251,7.327599826675567],[80.68026447484685,7.327615119574765],[80.68033792899546,7.327627343348177],[80.68043864303735,7.327649428921537],[80.68050267736426,7.327653602362036],[80.6806706398439,7.327660490017332],[80.680680021462,7.327660874532551],[80.68081438615678,7.327664022025378],[80.6808826354668,7.327665619947184],[80.68096406288109,7.327656685520978],[80.68103562087475,7.327641237102251],[80.681143773075,7.327607167772147],[80.68124323447714,7.327561069346674],[80.68127578570007,7.327549747116306],[80.68135002958391,7.327523924144487],[80.68138734977585,7.3275029521895],[80.68141353169892,7.327479265876017],[80.68141778976751,7.327474202676713],[80.68142530941381,7.327464889940584],[80.68143128998412,7.327452321388244],[80.68143609133313,7.327439480391765],[80.68144261780468,7.327419588002976],[80.68147650137365,7.327382518718871],[80.6815382793892,7.32735277926241],[80.68159896996895,7.327325573425846],[80.6816582064069,7.327321787823108],[80.68173220237385,7.327333107179787],[80.68176861160178,7.327345321119319],[80.68182484904253,7.327389193450716],[80.681881897311,7.327449431120059],[80.6819379536766,7.327497370955112],[80.68202760201159,7.327589719113008],[80.68214894915211,7.327697267088904],[80.68219079426554,7.327720177326397],[80.6822016574224,7.327726125393173],[80.68226205921633,7.327780304884994],[80.68230331779321,7.327818715650234],[80.68235862943048,7.327734101612929],[80.68258384872806,7.327389563874596],[80.68275702346155,7.32706775208732],[80.68278913638842,7.327025285452224],[80.68300067471175,7.326811067398327],[80.68301052933252,7.326797336693694],[80.68311800258537,7.326602988940025],[80.68317054025512,7.326419439826751],[80.68320702911798,7.326143945062054],[80.68321240552504,7.326100677072041],[80.68327669328752,7.325869032289985],[80.68336956924361,7.325692368713051],[80.68350718557758,7.325600752316174],[80.68351040487808,7.325380472834804],[80.68351209807072,7.325348071996599],[80.68356175798577,7.32494510659402],[80.68356369157038,7.324902124551275],[80.68357821741844,7.324847077176299],[80.68358718627441,7.324780251008781],[80.68363060225879,7.324458809055405],[80.6837557258062,7.324219991115799],[80.68375630022359,7.324205952828619],[80.68375980842215,7.324165106167517],[80.68374840370036,7.324150373623938],[80.68370964691918,7.324142955787156],[80.6835994271397,7.324102057672759],[80.68348286634087,7.324065409353398],[80.68349573325887,7.323885884278628],[80.68329445568561,7.323677262429518],[80.68321956015247,7.323555991614624],[80.68319567480496,7.323535043006301],[80.68301931846513,7.32332824836215],[80.68301084247751,7.32331572923742],[80.68288467183478,7.323067162509711],[80.68287750691421,7.323061132935728],[80.68278150895178,7.322913445676165],[80.68268665855041,7.322761741719024],[80.68259623481451,7.322795132385983],[80.68246852085397,7.322816537761456],[80.6823376400085,7.322827000368299],[80.68221708522918,7.322838459829986],[80.68207596774037,7.322849010650398],[80.68196329417206,7.322854142475019],[80.68184328616985,7.322849685307472],[80.68171321801314,7.322867472760342],[80.68160144602058,7.322887976936652],[80.68146730434644,7.322903411367834],[80.68133207432047,7.322921469817536],[80.68121305785264,7.322930940771356],[80.68111178903055,7.322971341718642],[80.68100508760077,7.322994649254863],[80.68085436632614,7.323027444423668],[80.68067692609753,7.323059056461206],[80.68057266804352,7.323096291589136],[80.68048933788113,7.323112370451758],[80.68035175329337,7.323124097980983],[80.68031001227698,7.323120846246271],[80.67945582790325,7.320880568180758],[80.67936672889782,7.320916281644157],[80.67888778502744,7.320952949021933],[80.67868385441692,7.320894170334025],[80.6786386842916,7.320879509916054],[80.67845762205863,7.320806315162135],[80.67841253979464,7.320791705381716],[80.67833801357605,7.320791708157399],[80.67830074276782,7.320791710895389],[80.67824884879231,7.320784107966531],[80.6781101331353,7.320806289224904],[80.6770391644627,7.32050914258699],[80.6770234002969,7.320504768612205],[80.67699964616432,7.32056415168547],[80.67699040713539,7.320587248267239],[80.67696793652408,7.320625676200536],[80.67693459300183,7.320682821715644],[80.676869808086,7.320796569671604],[80.67684271411926,7.32085353389046],[80.67682894240842,7.320878398284078],[80.67680429244358,7.320905190960206],[80.67677304444796,7.320939156918437],[80.67675818589103,7.320959770843791],[80.67672474578065,7.321039703859665],[80.67672104921067,7.321049136733971],[80.67668324160651,7.321145589497055],[80.6766722765356,7.321167289444978],[80.67665289232487,7.321178408988587],[80.67659971963623,7.321202541206588],[80.67654147591362,7.321225948851604],[80.67645053721783,7.32124066973349],[80.67634891235723,7.321252855270341],[80.67634116148945,7.321255211067626],[80.67630045063684,7.321267585553192],[80.67624247774086,7.321298951992583],[80.67614238497711,7.321341250218262],[80.67603187666595,7.321381828829092],[80.67594301665994,7.321412375378232],[80.6759067843513,7.321434070576001],[80.67587779372329,7.321458208101248],[80.67583676213684,7.321499226278937],[80.67582470686442,7.321511278854586],[80.67580776679767,7.321528186447773],[80.67579019169665,7.321541564402814],[80.67575513447684,7.321569681307933],[80.67574009507702,7.321584598951604],[80.67572849822147,7.321600150376333],[80.67570630010331,7.32163441941312],[80.67568609347725,7.321673660753273],[80.67567005008439,7.321730900466756],[80.67565745156155,7.321770324367151],[80.67563624894382,7.321808119501049],[80.67561214904188,7.321837141339798],[80.67558669279099,7.321856127820465],[80.67554928291662,7.321878092207182],[80.67552113645766,7.321885772482577],[80.67549529794633,7.321892821165218],[80.67540825439416,7.321900578667232],[80.67529965588,7.321905798361914],[80.67514594904668,7.321923580421402],[80.67510123017183,7.321936233325758],[80.6750415123099,7.321953125841786],[80.67503385841212,7.321955147950177],[80.67493408600104,7.321981497683078],[80.67489326984081,7.321994488750755],[80.67482846905251,7.322015113960875],[80.67472402914123,7.322058496954119],[80.67467193956145,7.322098365869914],[80.67463479754305,7.322129103789869],[80.67457364311481,7.322206045268979],[80.67454627972093,7.322255232272762],[80.67452950613642,7.322280550778066],[80.67452453376919,7.322288055370125],[80.67451736860374,7.322327571799566],[80.67451346039307,7.322395301416767],[80.67450763387909,7.322522716419306],[80.67449861066318,7.322551955021872],[80.6744955787534,7.322561780494449],[80.6744783622994,7.322598853934298],[80.67445208909614,7.322629321197427],[80.67443161800831,7.322635918881226],[80.67431206342005,7.322621785575167],[80.6742156076488,7.322596262353793],[80.67411363183517,7.322553103042003],[80.67401753869179,7.322530202340053],[80.67398846682323,7.322520611021747],[80.67394255197937,7.322498896399538],[80.67391701226974,7.322490209278957],[80.67385804923268,7.322489201126383],[80.67382082305772,7.322495432342239],[80.67380441618582,7.32250515709913],[80.67377842897429,7.322520562314009],[80.67376300590556,7.32253347044069],[80.6737441847784,7.322549220921553],[80.67367823192292,7.322616666902282],[80.6736257792256,7.322663407410955],[80.67361735478113,7.322668288725744],[80.67360929329257,7.322670276353092],[80.67359127075288,7.322667379374026],[80.67352307045577,7.322656963411625],[80.67354298006762,7.322733110284799],[80.67354467526003,7.322841356664292],[80.67354002954423,7.322952946612605],[80.67353565934093,7.323059833342546],[80.67353108544584,7.323170232338792],[80.67353074026254,7.323178567222024],[80.67352320502718,7.323243665379747],[80.67352193629979,7.323254617105283],[80.67351340727517,7.323324517789541],[80.67348955353849,7.323468026151248],[80.67348131824669,7.32349322719764],[80.67346127564855,7.323554561498234],[80.67343010102377,7.323626084748869],[80.67337445462093,7.323771212673129],[80.67336586910392,7.323806915308858],[80.67335133809262,7.32386733299658],[80.67334563428417,7.3239597614164],[80.67334515517776,7.323967529270459],[80.67334713101768,7.324044576347082],[80.67334767970561,7.324092745081671],[80.67334784041928,7.324106792562807],[80.6733557139583,7.324134556469621],[80.67337192049423,7.324157439046034],[80.67341076895143,7.324194795650048],[80.67345454176866,7.324236711968376],[80.67346555492693,7.32424725865995],[80.67347045216367,7.324251578730893],[80.67353990002641,7.32431283671747],[80.67364141848898,7.324377065413855],[80.67370426343201,7.324434954243794],[80.67370480489758,7.324435677809757],[80.67375632660033,7.324504237539525],[80.67383248577825,7.324562762398415],[80.67388726585934,7.324641449241468],[80.67389613075326,7.324659375451049],[80.6739322602737,7.324732432373216],[80.67399917557674,7.324814649650154],[80.67404733939576,7.324904819618183],[80.67407452821351,7.324954911528132],[80.67408690536986,7.324977715438571],[80.67410047475823,7.325046987233453],[80.67409983220355,7.325084446938344],[80.67410088419437,7.32509051776392],[80.67410002456403,7.325102808856101],[80.67409936772482,7.325111539753107],[80.67409019200505,7.325233308407855],[80.67409083319488,7.325237604897449],[80.67408783298086,7.325279118961268],[80.67408760528697,7.325284642392704],[80.67408473450516,7.325354355368462],[80.67405183702374,7.325442247958688],[80.67400780852279,7.325488084305315],[80.67394121916783,7.325560686501908],[80.67388985518525,7.325598022527036],[80.67380923605943,7.325634175383013],[80.67374274433581,7.325679647575597],[80.67365642129754,7.325705851769697],[80.67356955175954,7.325745349076985],[80.67347960849523,7.325759526988202],[80.67341973816245,7.325767380735072],[80.67336530243014,7.325766645743127],[80.67328061261598,7.325780100469858],[80.6732465567503,7.325784161128115],[80.67319891262507,7.325793646296189],[80.67318382118833,7.325801480431153],[80.6731475501043,7.325820310555382],[80.6731230005131,7.325841737810864],[80.67310932551666,7.325865900363569],[80.67309690366729,7.325887850373848],[80.6730774245414,7.325912623806904],[80.67301582077616,7.32597473528289],[80.67300703232021,7.325986761399188],[80.67298048137474,7.326038119712362],[80.67296637895865,7.326065761920164],[80.67296525895706,7.326067956406254],[80.6729259244395,7.326174023015069],[80.67291568465278,7.326199251619697],[80.67290027755497,7.326236505361841],[80.67289873304004,7.32625712221092],[80.67289636084398,7.326331997954002],[80.67289520228208,7.326344293495517],[80.67288469584958,7.326386755340099],[80.67288185450505,7.326394752342492],[80.67285122882642,7.326449005287846],[80.67284488524626,7.326459763225767],[80.67284071844601,7.326465370754454],[80.67277277187313,7.326538331466684],[80.67270799462177,7.326602793354391],[80.67267936638248,7.32663217751086],[80.67266713514448,7.32664827038148],[80.67265544680711,7.326666715468923],[80.67265010057301,7.326680821363329],[80.67263949461572,7.326710933112443],[80.67263260548269,7.326738601387047],[80.67262950672713,7.326825685953463],[80.67263253650997,7.326848866649897],[80.6726600300621,7.326853918092628],[80.6727717550025,7.326874447990285],[80.67284871653123,7.326950427149499],[80.67301425109767,7.327044262213396],[80.6731810842843,7.327103898584797],[80.6733930782711,7.327284106903554],[80.67366668976447,7.327418650133683],[80.67378115894617,7.327634782046557],[80.67394656922409,7.327898074075278],[80.67403186071888,7.328071716032164],[80.67407532496841,7.328094392268701],[80.67408975611686,7.328102721466455],[80.67420165889187,7.328167307789268],[80.67426387341621,7.328215973410217],[80.6743269962507,7.328253424967609],[80.6744257119092,7.328300019849963],[80.6744795044173,7.328338645770346],[80.6746036634353,7.328417076030276],[80.67463010735314,7.328434082905872],[80.67465670434466,7.328483039742423],[80.67466116237738,7.328491241873674],[80.67475559667183,7.328641740126342],[80.67482116653025,7.328668974448522],[80.67487985494071,7.328690418765861],[80.67491734370651,7.32872678110347],[80.67497032348165,7.328751028365371],[80.67499541446793,7.32875103311489],[80.67502249744246,7.328741906660442],[80.67504532711973,7.328724368324703],[80.67507160279075,7.328684403145853],[80.67508274810505,7.328663878881966],[80.67513003422128,7.328636579574439],[80.67518483552738,7.328616335515074],[80.67525277489699,7.328575023238122],[80.67532814816214,7.328515628369185],[80.67536090587362,7.328485240292355],[80.67539754188779,7.328451257574724],[80.6754444726746,7.328396829064141],[80.67548451966061,7.328334892385939],[80.67558702279831,7.3281861493751],[80.67558826226237,7.328184349185443],[80.67560737722472,7.328167715195407]]]]}},{"type":"Feature","properties":{"GND_N":"Gunnepana Madige","GND_NO":"638","GND_C":"220","PROVINCE_N":"CENTRAL","PROVINCE_C":"2","DISTRICT_N":"KANDY","DISTRICT_C":"1","DSD_N":"PATHADUMBARA","DSD_C":"12","Admin_Code":"2112220","GND_NO_Cen":"638","GND_NAME_C":"Gunnepana Madige","GND_NO_Gaz":"638","GND_NAME_G":"ගුන්නෑපa","shape_1":"Polygon","Area__Ha_":42.8227849572,"MWS_ID":"107-3","Alt_MWS":null,"Total_Pop":3624.0,"Density":8462.78450888,"Area_sqkm":0.4282278482},"geometry":{"type":"MultiPolygon","coordinates":[[[[80.66611178075537,7.329877211600595],[80.66630081988482,7.329827734660145],[80.66632527672493,7.329832147310167],[80.66649212204999,7.329890741689918],[80.6667842629903,7.329820667092764],[80.66694905789564,7.329834156898932],[80.66705978226732,7.329784809793102],[80.6671867564827,7.329717521620663],[80.66736074599598,7.329569216569879],[80.66747729587124,7.32956154556153],[80.6674941210111,7.329565409197605],[80.66761571904412,7.329597058457409],[80.66762108345067,7.329598454188948],[80.66764041270066,7.329603495827024],[80.66763675475777,7.329557129533673],[80.66763090070656,7.329486992207941],[80.66762835389683,7.329456478609723],[80.66761054416396,7.329322094014589],[80.6675765211516,7.329189426385963],[80.66754068274787,7.329065436908581],[80.66753165666142,7.328936120337069],[80.6675343166599,7.328798757392809],[80.66753530554651,7.328758475465849],[80.66753879911948,7.328616179750514],[80.66754606119761,7.328553513325598],[80.66756663629616,7.328489311900768],[80.66759536624711,7.328419598007885],[80.66766032991248,7.328326289661527],[80.66767395922227,7.328312769106095],[80.66773715557815,7.328250075491466],[80.66774751414984,7.328236916769471],[80.66779958152229,7.32817078229974],[80.66780373972485,7.328156115511844],[80.66782405572489,7.328084427288021],[80.66783656358972,7.328052688372807],[80.66784643889007,7.32803786018881],[80.66789219143912,7.327993923009263],[80.66790360746454,7.327975115358726],[80.6679074169925,7.327952781806521],[80.66791386674869,7.327870581332364],[80.66791622808694,7.327851592446961],[80.66791034385373,7.327838749024642],[80.66790228785506,7.327821294943107],[80.66789015405622,7.3278006739143],[80.66787258786695,7.327778967316334],[80.66786235518903,7.327769739151848],[80.66775214365259,7.327693570267183],[80.66763732039253,7.327593797938315],[80.66761050771005,7.327567426510689],[80.66754875977168,7.327506693075571],[80.66746834874155,7.327424653359159],[80.66744354332091,7.327379160924559],[80.66742163955094,7.327316487437673],[80.6674023663301,7.327237808426831],[80.66739015507733,7.327170794822871],[80.6673968709093,7.327115905268239],[80.66742396786178,7.327053154117484],[80.66749164793563,7.326966266995173],[80.6676456067305,7.327049478372731],[80.66766824371247,7.327061713632424],[80.66776759149343,7.327119613903114],[80.66781024719049,7.327139428426698],[80.66786268701514,7.327150563998265],[80.66796448964982,7.327158726353511],[80.66817506633943,7.327194226604208],[80.6683815795933,7.32717456149984],[80.66859417438843,7.327111763415284],[80.66877331603385,7.327031694090913],[80.66882307925171,7.327009451092287],[80.66897734318577,7.326942841713512],[80.66901408889974,7.326928803944046],[80.66917300144868,7.326868101608145],[80.66928042692376,7.326849589878164],[80.66943958321083,7.32677683133895],[80.6695602376143,7.326736799371456],[80.66954194864519,7.326673070614408],[80.66951879083126,7.32659237145676],[80.66952359474968,7.326570126745971],[80.66953030882532,7.326521475939585],[80.66954010572438,7.326504597642862],[80.6695419079836,7.326501494503097],[80.66957271917175,7.326430604467703],[80.66959818185065,7.326382953745809],[80.66964012789816,7.326340008402194],[80.66966811758562,7.326330430332091],[80.66964736343951,7.326284687578739],[80.66964499256397,7.326184196355146],[80.66961627593882,7.326009526149019],[80.66971459211452,7.325751143989939],[80.66952321175313,7.325664377758777],[80.66879288448352,7.32523411552693],[80.66814650074234,7.325145164371597],[80.66720656862073,7.32471213714299],[80.66725718090403,7.324572062040526],[80.66734258353152,7.324263836611633],[80.66735167128355,7.324217072786311],[80.66746443607337,7.323979763963514],[80.66746853623867,7.323957797628173],[80.6675071715735,7.323684237242872],[80.66750836695815,7.323677539359887],[80.66755083347006,7.323493771751954],[80.66754811077337,7.323479058084637],[80.66754911809403,7.323478469626878],[80.66767869212573,7.323387030679611],[80.66769241348858,7.323377990962009],[80.66771790987306,7.32336704058051],[80.66772213017005,7.323361332734216],[80.66782578331694,7.323350558548044],[80.66789940121117,7.32337042664409],[80.66790946096458,7.323375206500148],[80.66796891019764,7.323429860611612],[80.66807575119002,7.32348812252954],[80.66830774185121,7.323412593007735],[80.66838273766281,7.323314675890823],[80.66842009785198,7.32331292598025],[80.66856655389599,7.323314769675623],[80.66871322713925,7.323298479387098],[80.6687282337605,7.323296812727306],[80.66884208911908,7.32327450455194],[80.66887841172287,7.323259773085734],[80.66890894099029,7.323238528347905],[80.66900270613478,7.323152190682537],[80.66911413009264,7.323070738631292],[80.66922247954128,7.322972014536376],[80.66933073427134,7.322894271126637],[80.66936587902961,7.322884783393522],[80.66940274110375,7.322886509423353],[80.66944521690087,7.322899723240487],[80.6695713689427,7.322970198386447],[80.66968293560042,7.323053692909906],[80.66970457668612,7.323078837661631],[80.66971896858676,7.323117906057843],[80.66973443009782,7.323229682479877],[80.66973977873391,7.323304795156758],[80.66974535305809,7.323383053957051],[80.66976162478416,7.323515719968834],[80.66981475372037,7.323670910040352],[80.6698540508833,7.323724364551842],[80.66987750363299,7.323748876711555],[80.66990184936314,7.323758445473809],[80.66990399357658,7.323760847809674],[80.66990708765327,7.323760503097561],[80.66991318721765,7.32376290184717],[80.66997794540282,7.323771145407762],[80.67003917268585,7.323765552288939],[80.67010610877252,7.323756346009977],[80.67015230611759,7.323739897691747],[80.67026164180884,7.323683494963473],[80.6704052195299,7.323608742916645],[80.67052976856574,7.323561025011513],[80.670555405632,7.32353706791093],[80.6705837672665,7.323493396738192],[80.67062409086766,7.32340776871137],[80.67070193213347,7.323247724440432],[80.67075095290922,7.323164449629642],[80.6707823901122,7.323125752831394],[80.67088992209659,7.323035347727246],[80.6709129327381,7.323010303921826],[80.67096186173569,7.322928023798204],[80.67099221163302,7.322894843883025],[80.67106957799975,7.322858656399436],[80.67105276015724,7.322840061803304],[80.67077514234869,7.322533146853036],[80.67062468921493,7.322386571039304],[80.67052200767885,7.322165250382577],[80.67027294562982,7.321996483177206],[80.67014491036073,7.321755315145938],[80.66986898570467,7.321475307578246],[80.66949304173471,7.321422660422424],[80.669492596835,7.321423439826132],[80.66937273752302,7.321481461294892],[80.66933940647439,7.321481989626593],[80.66931439731903,7.321482386097247],[80.66930189093,7.321482583879451],[80.66911364199456,7.32145170958525],[80.66897744668513,7.321358973402116],[80.66896031768624,7.321354384500616],[80.66886684854298,7.321250093339943],[80.66864921314526,7.321091488973402],[80.66848377368491,7.320969129720667],[80.66781916686877,7.320672638954633],[80.66762941606498,7.32057325910722],[80.6674313474806,7.320446286881822],[80.66737562499635,7.320417248889587],[80.66734806690201,7.320407589689054],[80.66721895071063,7.320340281886796],[80.66717399212324,7.320340280937186],[80.66700960904888,7.320342190733699],[80.66693156304605,7.320343096880011],[80.66690481806639,7.320353016915944],[80.66671651401809,7.320413260999457],[80.66669854103257,7.320423124378732],[80.66650848431911,7.320531582673555],[80.66629749720349,7.320642923211476],[80.66602822452485,7.32073919724926],[80.66574467143523,7.320867132691311],[80.66550472062582,7.320967070614004],[80.66495397001364,7.321081770336392],[80.66459479998531,7.321022832921007],[80.66453709273252,7.321024612732892],[80.6642583669167,7.32106420978347],[80.66414434836055,7.321269754770868],[80.66389054045338,7.321206034856859],[80.66373522439675,7.321243808564083],[80.66373456657158,7.32166002015726],[80.66396331640321,7.322003576778927],[80.66397947039354,7.322042367267494],[80.66397691798304,7.32206429688061],[80.66409253797451,7.322304898332367],[80.66409725445403,7.322310832639746],[80.66446051673418,7.322482001802093],[80.66463925157856,7.322721688268005],[80.66483247785774,7.323072758529292],[80.66483026853686,7.323106502949209],[80.66483242609095,7.323168086511341],[80.66485080510033,7.323201549366825],[80.66488198552686,7.323232348602192],[80.66492351687704,7.323273369924637],[80.66500528359975,7.323362283131051],[80.66508499008701,7.323431801229258],[80.665107338805,7.323451292671357],[80.66512467610004,7.323463437221759],[80.66520160679165,7.32351732916389],[80.66522415740928,7.323533521753119],[80.66523185289434,7.323539402525894],[80.66523692484449,7.32354374443174],[80.66525403912757,7.323560387829072],[80.66528729737021,7.323594823751371],[80.66493726882226,7.324013227829882],[80.66498019601418,7.324276745073722],[80.66498020729554,7.324304275672818],[80.66497083186681,7.324472694334248],[80.66496133928945,7.324510983785185],[80.6649517787143,7.324549538179732],[80.66495172741827,7.324573740928479],[80.66494691311827,7.324593204855751],[80.66493729747852,7.324612762546282],[80.66488843683284,7.324746513117055],[80.66487853992987,7.324771642146262],[80.6648735080732,7.324791806853312],[80.6648733738834,7.32480695389259],[80.66471538328278,7.324890569980379],[80.66469017581886,7.324911843781567],[80.66463477459634,7.324944270993334],[80.66460406245633,7.324971174516863],[80.66459889659524,7.324976554740334],[80.66439492367508,7.325055212757455],[80.66435891495718,7.325066785205014],[80.66432745257055,7.32508388859294],[80.6643118814805,7.32508966049907],[80.66426802554227,7.325144318301601],[80.66411292609784,7.325418749113028],[80.66413373418341,7.325449201272463],[80.66431313273728,7.325711746077764],[80.66437122038619,7.325730585406117],[80.66443783991396,7.325764739407869],[80.6644467485396,7.325769308352199],[80.66455949923615,7.325832546234862],[80.6646516032408,7.325871815845826],[80.66472957936583,7.325897156575526],[80.66483726383328,7.325936881260104],[80.66493245126496,7.325960598474398],[80.66500209973535,7.325968934394221],[80.66504185382512,7.325978949434905],[80.66507971684872,7.325988487436953],[80.66515090184411,7.326013553315497],[80.66519209983188,7.326063210621466],[80.66525965366361,7.326121464402949],[80.66532259275576,7.326161449215092],[80.66534143037444,7.326176013137396],[80.665369594822,7.326192569729636],[80.66528359965329,7.326436006718628],[80.66534107374666,7.326511782483513],[80.66545190672532,7.32663596967937],[80.66545765528278,7.32664038680654],[80.6655154768303,7.326684816787654],[80.66553712290268,7.32669684934579],[80.66555532618153,7.326701828397796],[80.66557507159222,7.326704546167495],[80.66559390989627,7.326705455107476],[80.66560550268879,7.326704644088244],[80.665611662506,7.326705188185881],[80.66560867195,7.32671169842993],[80.6655803080893,7.326768934718827],[80.66556928929141,7.326818409124043],[80.66556280876284,7.326847513417657],[80.66555781153224,7.326907196170312],[80.66554140187762,7.326967147403274],[80.66553668036659,7.327017967151789],[80.66552562523451,7.327038493006156],[80.66548865025909,7.327122132807646],[80.66546508179769,7.327195916296712],[80.66545048053158,7.327279290316551],[80.66542935589577,7.327356149939025],[80.665411487264,7.327462855066484],[80.6654097563302,7.327503367402677],[80.66538718930948,7.327559970285087],[80.66538382263101,7.327618659606905],[80.66538616363678,7.327678615455791],[80.66535825159511,7.327739738531513],[80.6653165712043,7.327805018000142],[80.66530224533147,7.327866056707197],[80.66532306466772,7.327917696626746],[80.66515741977769,7.328040386779345],[80.66542923937178,7.328706165360271],[80.66545018513365,7.328711937262615],[80.66553931235654,7.328755933657097],[80.66553751848446,7.328985179373706],[80.66553743437363,7.328995674689979],[80.66553714721844,7.329032461652552],[80.6654855211149,7.329242695688227],[80.66548524782544,7.329263679964469],[80.66539198554582,7.329476811960001],[80.6653394382619,7.329613526844192],[80.66533916135633,7.329630795339399],[80.66533894055351,7.329644622072509],[80.66533755413417,7.329731285575215],[80.665337332406,7.329745190982399],[80.66533710976955,7.329759106336651],[80.66533694233712,7.329769551895238],[80.6653277479058,7.329901965758379],[80.66532735053934,7.32992653194594],[80.66532706631307,7.329944098858955],[80.66532695225875,7.329951131592467],[80.66530008026162,7.330076466730491],[80.6652997806061,7.330094155720389],[80.66529942210013,7.330115407648129],[80.66526217142201,7.330232152962294],[80.66525104168345,7.330264617390568],[80.66525087138439,7.330275656170689],[80.66520277728925,7.330387771483574],[80.6651989495736,7.330402459125124],[80.66514400534716,7.330477734162055],[80.66498546164125,7.330552204946672],[80.6649417355005,7.33062576184737],[80.66494863854611,7.330628097562306],[80.66506782613033,7.330668437261914],[80.66523289917475,7.330784960390941],[80.66552028301506,7.330886937164418],[80.66580773586834,7.330940988446846],[80.66580871160185,7.330701251731375],[80.66602515455118,7.330059291597148],[80.66611178075537,7.329877211600595]]]]}},{"type":"Feature","properties":{"GND_N":"Madawala Madige","GND_NO":"637","GND_C":"180","PROVINCE_N":"CENTRAL","PROVINCE_C":"2","DISTRICT_N":"KANDY","DISTRICT_C":"1","DSD_N":"PATHADUMBARA","DSD_C":"12","Admin_Code":"2112180","GND_NO_Cen":"637","GND_NAME_C":"Madawala Madige","GND_NO_Gaz":"637","GND_NAME_G":"මඩවල මඩි","shape_1":"Polygon","Area__Ha_":34.2822888853,"MWS_ID":"107-3","Alt_MWS":null,"Total_Pop":6320.0,"Density":18435.1752049,"Area_sqkm":0.34282288775},"geometry":{"type":"MultiPolygon","coordinates":[[[[80.6728156747623,7.332537125749641],[80.67279559539807,7.332414315003701],[80.67279207881666,7.332384880947822],[80.672529714586,7.332435673911005],[80.67248963702264,7.332235330850789],[80.67241700610471,7.332111908393801],[80.67239777178835,7.332091271376007],[80.67228541653142,7.332021945050741],[80.6722127255638,7.331954654427556],[80.67216857866835,7.331738588186694],[80.67213292195775,7.331621529687617],[80.67214669384539,7.331306242291589],[80.67212875404434,7.331105753303155],[80.67215604276576,7.330816293206641],[80.6723102230933,7.330598374742029],[80.67246966874393,7.330386759523001],[80.67218698047272,7.330017180635058],[80.67255384044678,7.329148736806744],[80.67316922462274,7.32945345121155],[80.67339967704767,7.329550780780509],[80.6734034731109,7.329542571483438],[80.67345340640603,7.329426740804589],[80.67351692387538,7.329319684963016],[80.67357746743676,7.329146796989391],[80.67363537829851,7.329000042758739],[80.6736383082094,7.328866385648384],[80.67362394001073,7.328717627250182],[80.67357225128895,7.328589383480774],[80.67353885060913,7.328500212484355],[80.67352952516606,7.32847995306316],[80.67351630515518,7.328463040480973],[80.67343390659447,7.328357125956713],[80.67337134085447,7.328268401330522],[80.67331384768288,7.328170179963657],[80.67326731661842,7.328064728486257],[80.67324974933213,7.328034785703379],[80.67320258123011,7.327954387786067],[80.67313330135181,7.327893015846901],[80.67310251684133,7.327865744049603],[80.67301012086166,7.327803151403038],[80.67298967777782,7.327789303637565],[80.67290292652793,7.327714498750382],[80.67284660062732,7.327688679703012],[80.67277640563515,7.327656503823664],[80.67268032103406,7.327596164688076],[80.67265699869903,7.327589765891807],[80.67259455161307,7.327572632136423],[80.6724782591872,7.327554519244829],[80.67234086095091,7.327548881729541],[80.67221668918157,7.327543740983177],[80.6722024637044,7.327543152606546],[80.67214255096516,7.327541393429461],[80.67202865082491,7.327538047338551],[80.6717287699018,7.327495295513733],[80.67149780829442,7.32747833038047],[80.67137834579138,7.327464286734078],[80.67124357734214,7.327437758292014],[80.67113769990398,7.327362805719961],[80.67111145128861,7.327344222486588],[80.67110608723745,7.327341378103569],[80.67096881355629,7.327268589378522],[80.67085996462475,7.327181388167126],[80.67073146216725,7.3270858654429],[80.67059056369204,7.326936892753906],[80.67055207393064,7.326914819618847],[80.67047029368312,7.326879622095233],[80.67021417170373,7.326782801344154],[80.67013779447299,7.326746704349294],[80.67005278740346,7.326706531418423],[80.66989438281416,7.326669417551734],[80.66981793921441,7.326661259829792],[80.6697293569607,7.326667931595019],[80.66967020682121,7.326685912299055],[80.66962005488742,7.326709119287463],[80.6695602376143,7.326736799371456],[80.66943958321083,7.32677683133895],[80.66928042692376,7.326849589878164],[80.66917300144868,7.326868101608145],[80.66901408889974,7.326928803944046],[80.66897734318577,7.326942841713512],[80.66882307925171,7.327009451092287],[80.66877331603385,7.327031694090913],[80.66859417438843,7.327111763415284],[80.6683815795933,7.32717456149984],[80.66817506633943,7.327194226604208],[80.66796448964982,7.327158726353511],[80.66786268701514,7.327150563998265],[80.66781024719049,7.327139428426698],[80.66776759149343,7.327119613903114],[80.66766824371247,7.327061713632424],[80.6676456067305,7.327049478372731],[80.66749164793563,7.326966266995173],[80.66742396786178,7.327053154117484],[80.6673968709093,7.327115905268239],[80.66739015507733,7.327170794822871],[80.6674023663301,7.327237808426831],[80.66742163955094,7.327316487437673],[80.66744354332091,7.327379160924559],[80.66746834874155,7.327424653359159],[80.66754875977168,7.327506693075571],[80.66761050771005,7.327567426510689],[80.66763732039253,7.327593797938315],[80.66775214365259,7.327693570267183],[80.66786235518903,7.327769739151848],[80.66787258786695,7.327778967316334],[80.66789015405622,7.3278006739143],[80.66790228785506,7.327821294943107],[80.66791034385373,7.327838749024642],[80.66791622808694,7.327851592446961],[80.66791386674869,7.327870581332364],[80.6679074169925,7.327952781806521],[80.66790360746454,7.327975115358726],[80.66789219143912,7.327993923009263],[80.66784643889007,7.32803786018881],[80.66783656358972,7.328052688372807],[80.66782405572489,7.328084427288021],[80.66780373972485,7.328156115511844],[80.66779958152229,7.32817078229974],[80.66774751414984,7.328236916769471],[80.66773715557815,7.328250075491466],[80.66767395922227,7.328312769106095],[80.66766032991248,7.328326289661527],[80.66759536624711,7.328419598007885],[80.66756663629616,7.328489311900768],[80.66754606119761,7.328553513325598],[80.66753879911948,7.328616179750514],[80.66753530554651,7.328758475465849],[80.6675343166599,7.328798757392809],[80.66753165666142,7.328936120337069],[80.66754068274787,7.329065436908581],[80.6675765211516,7.329189426385963],[80.66761054416396,7.329322094014589],[80.66762835389683,7.329456478609723],[80.66763090070656,7.329486992207941],[80.66763675475777,7.329557129533673],[80.66764041270066,7.329603495827024],[80.66764379614186,7.329646376871207],[80.66764614477712,7.329676138041365],[80.66768082105311,7.329733389686724],[80.66772899240357,7.329796792038382],[80.6678213526637,7.32989701107411],[80.66783959285505,7.329911042114289],[80.66792060514581,7.329973359065155],[80.6680079934239,7.330045270380656],[80.66803271209746,7.330075752239961],[80.6680490899213,7.330142946779799],[80.6680494488162,7.330164540710689],[80.6680506968963,7.330239707556831],[80.66807448372457,7.330382049625565],[80.66810815900321,7.330459104321625],[80.6681110292224,7.330463276560726],[80.66812925466405,7.330489764355431],[80.66815297681615,7.330524948342238],[80.6681722049122,7.330540240204671],[80.66819608404839,7.330559231782806],[80.66826047473958,7.330589178777632],[80.66835231008916,7.330621124533248],[80.66849713043739,7.330658867803993],[80.66854689336041,7.330662190386994],[80.66865481900102,7.330669395502758],[80.66877618475891,7.330689228777755],[80.66883369496334,7.330713567368531],[80.66890822435784,7.330767572051417],[80.66899941177768,7.330857935476234],[80.66906950216986,7.330919353450972],[80.66917881277614,7.330975808002272],[80.66925941046102,7.331034968599019],[80.66928856874678,7.331067621773569],[80.66930305048376,7.331106871054177],[80.66930665688201,7.331176413695131],[80.66930454027768,7.331236532139493],[80.66930580074576,7.331241739414482],[80.66930146110377,7.331333554043454],[80.66930008429365,7.331390730062458],[80.66930317634072,7.331448414458918],[80.66930441261695,7.331471485323556],[80.66932042485766,7.331561016005731],[80.66934260984365,7.331642797377637],[80.66935644028493,7.331693776211033],[80.66937706532094,7.331803202647111],[80.66941009911292,7.331916698682163],[80.66943236981746,7.332003791038825],[80.66943498319412,7.332014010280443],[80.66944176874834,7.332042044372414],[80.66943665775284,7.332056528277492],[80.6694298962674,7.332075679800459],[80.66940615729793,7.332110220325927],[80.66938885158922,7.332134631477566],[80.66935732522984,7.332164195578848],[80.66925957910738,7.332228467325475],[80.66921591045542,7.332272134741713],[80.66917468483759,7.332333798358688],[80.66917277292748,7.332340807152865],[80.66915927260624,7.332390314505108],[80.66914639091723,7.332477667070206],[80.66914409476337,7.332602912439397],[80.66914804568933,7.332746697501473],[80.66914803861779,7.332776261865932],[80.66914800986719,7.33290024627191],[80.66915685730079,7.33302133540786],[80.66915993377171,7.333038065739958],[80.66916536475667,7.333049099526762],[80.66917251814148,7.333061581512609],[80.66917930855975,7.333069268799286],[80.66918745750213,7.333077410369578],[80.66921553527467,7.333087634776345],[80.66923835822696,7.333092524352645],[80.66925420755804,7.333094517594002],[80.66927283880146,7.333095094455128],[80.66930085240348,7.333119921520166],[80.66930294400022,7.333126633752268],[80.66942649590712,7.333169802909027],[80.66948040386485,7.333173074832793],[80.67112040497044,7.33377512497681],[80.67210523877765,7.334295754378404],[80.6723071952685,7.33415648339262],[80.67236204142104,7.334129884263931],[80.67256789572136,7.334023690738742],[80.67256806150007,7.334019671151609],[80.67259009706494,7.333908810537657],[80.672614910185,7.333819193537384],[80.67262572399581,7.333780136486341],[80.67265799757253,7.333656343083748],[80.67266960570281,7.3335899717514],[80.67265993071148,7.333522145913094],[80.67263923622617,7.333435057693499],[80.67263459421986,7.333415522779887],[80.67263443708873,7.333307820290947],[80.67263744324234,7.33323366906625],[80.67264442525945,7.333200392336856],[80.67267243127789,7.333121814889695],[80.6727226287572,7.333049028284527],[80.67274969026899,7.333004767093911],[80.67277934774411,7.332956260798218],[80.67278732443991,7.332937905290193],[80.67279665909757,7.33291068792799],[80.67280735460825,7.332877772867427],[80.6728255757889,7.332806700676833],[80.67282977545717,7.33266689644021],[80.6728156747623,7.332537125749641]]]]}},{"type":"Feature","properties":{"GND_N":"Madawala","GND_NO":"640","GND_C":"185","PROVINCE_N":"CENTRAL","PROVINCE_C":"2","DISTRICT_N":"KANDY","DISTRICT_C":"1","DSD_N":"PATHADUMBARA","DSD_C":"12","Admin_Code":"2112185","GND_NO_Cen":"640","GND_NAME_C":"Madawala","GND_NO_Gaz":"640","GND_NAME_G":"මඩවල","shape_1":"Polygon","Area__Ha_":107.166695952,"MWS_ID":"107-3","Alt_MWS":null,"Total_Pop":2730.0,"Density":2547.43321562,"Area_sqkm":1.07166695608},"geometry":{"type":"MultiPolygon","coordinates":[[[[80.6864559506132,7.335652341551699],[80.6861901320345,7.335474659694222],[80.68600330287067,7.335415287244064],[80.68565096134415,7.335101697159206],[80.68566486676903,7.334863506562376],[80.68569024303447,7.334793789017377],[80.68572621545191,7.334725612730713],[80.68576979675262,7.334659335201801],[80.68580866787445,7.334585190187909],[80.68586366617764,7.334496761333879],[80.68592083378448,7.334421624354412],[80.68596141731807,7.334389529760102],[80.68596271995301,7.334388762268774],[80.6860299922561,7.334349121199318],[80.68609358265368,7.334322909184323],[80.68613688421792,7.334291448131612],[80.68618625872428,7.33423376440964],[80.68629252784046,7.334120204348272],[80.68633827669385,7.334084404015548],[80.68635005708293,7.33405230180822],[80.6863515128172,7.334015317010236],[80.68631901359022,7.333928406981926],[80.68627500946292,7.333850447246048],[80.68626441730574,7.333824582056962],[80.68626469170498,7.333811289761694],[80.68628182393918,7.333748985811121],[80.68631426887256,7.333655216085182],[80.68633474333316,7.333628995396985],[80.68632360986223,7.333601502355211],[80.68626365422604,7.333565409558084],[80.68624617828814,7.333544245364707],[80.6862248139179,7.333482657140817],[80.68619077378129,7.333406146278048],[80.68619251168845,7.333384822256395],[80.6850928392968,7.333083902449667],[80.68502481278904,7.332855969908156],[80.68502995244373,7.332693973200353],[80.68503124441621,7.332678839046938],[80.68512516856916,7.332562562931883],[80.68514493046743,7.332548476090689],[80.685163944026,7.332544204402206],[80.68522090143841,7.33253996301237],[80.68522106535605,7.332540080605001],[80.68530357409756,7.332567047359617],[80.68533989174979,7.332586767614568],[80.68542094671385,7.332636339821424],[80.68551758567081,7.332656795699445],[80.68559574730642,7.332681409430287],[80.68570371083898,7.332693368913938],[80.68579166026207,7.332694652660677],[80.68586276300412,7.332689692404634],[80.68594836057855,7.332666560368814],[80.6860227429246,7.332635267441299],[80.68605642716832,7.332621094734784],[80.68615298982654,7.332570745338848],[80.68620140832091,7.332545811657253],[80.68620670662689,7.332543083532809],[80.68625028095435,7.332505562784327],[80.68628733179075,7.332478261158345],[80.68636342485662,7.332429896178199],[80.68637891922401,7.332400147707165],[80.68639577599555,7.332351589099432],[80.686396327651,7.332310716518537],[80.68637795996251,7.332215489727535],[80.68635008415872,7.332181036530963],[80.68630778238132,7.332128752108528],[80.68622745857508,7.33204653486492],[80.68617548729551,7.331947774546834],[80.6861563840709,7.331911689021639],[80.68612415441177,7.331831923021907],[80.6861209016063,7.331788153194458],[80.686121628912,7.331783722255151],[80.68613459284754,7.331721238415489],[80.6861351328545,7.331720352306782],[80.68614927088119,7.331697186897161],[80.68615525130069,7.331689502424554],[80.6861572434513,7.331687511548664],[80.68616041404015,7.331685252331099],[80.6861682944697,7.331683354875015],[80.68618224343659,7.331681483051853],[80.68611133464749,7.331623659442758],[80.68603118062558,7.331593981304548],[80.68596190016464,7.331555354545647],[80.68585231759664,7.331484162946615],[80.68577724374319,7.331424282966013],[80.68569464885756,7.331371817646684],[80.6856524496636,7.331332562382467],[80.68556469754579,7.33125730665642],[80.68554586019201,7.331241567074634],[80.68553564244324,7.331236916893318],[80.68548880400274,7.331215602050822],[80.68545610914899,7.331197418951143],[80.68542323484901,7.331179778394705],[80.68537840384136,7.331152640234576],[80.68534163680528,7.33112966440063],[80.6852935529025,7.331073044387831],[80.6852452899931,7.331005936226037],[80.6852161956583,7.330969278925644],[80.68515247428306,7.330888990115931],[80.68510130560864,7.330853802345337],[80.68510051676628,7.330853474827548],[80.68503383468976,7.330825755253835],[80.68497605996797,7.330761538901747],[80.68495804006432,7.330739289383358],[80.68496176599074,7.330674270745724],[80.68496332985751,7.330551647559062],[80.68496206498031,7.33054052437351],[80.68492430676011,7.330488247978411],[80.68486390725066,7.330419508658101],[80.68478337529268,7.330325943918844],[80.68471521840442,7.33024675648933],[80.68467282160897,7.330187015009879],[80.6846680415342,7.330180280594332],[80.68461126937727,7.330090652576886],[80.68454815962683,7.329992612335144],[80.6844980805947,7.329944764474642],[80.68445497996838,7.329885614245059],[80.68443696399983,7.329844465674949],[80.68443374582823,7.329835853338443],[80.6844290873991,7.329823393801951],[80.68438435865943,7.329744619854421],[80.68434288894913,7.32968727855372],[80.68430286187485,7.329631066114724],[80.68429136580728,7.329614922855023],[80.6842498020998,7.329565539394241],[80.68421005500315,7.329495719954673],[80.68417546355415,7.329451763734101],[80.68410663423872,7.329415125346539],[80.68405455797595,7.329394494743632],[80.68399252559924,7.329343752412682],[80.68394009549351,7.329282157695168],[80.68385533504554,7.329197136681562],[80.68379040412148,7.329138614006759],[80.6837297277607,7.329092029904728],[80.68366270955408,7.329062084570355],[80.68354552849085,7.328952729253674],[80.68352053867063,7.328927730966602],[80.68348605643051,7.328881805143455],[80.68348286885225,7.328865542401592],[80.68349710460792,7.32879491835859],[80.68350092457773,7.328714075347954],[80.68348979307841,7.328674102850055],[80.68345212799555,7.328602293401593],[80.68341156423081,7.32854070107263],[80.68336338824213,7.328489508461757],[80.68329130284692,7.328431708583053],[80.68317883231063,7.328320455108513],[80.68307550914442,7.328212641663286],[80.68302878330907,7.328161538843387],[80.6828929352763,7.328095406080956],[80.68281713049036,7.328066181334624],[80.68269802971915,7.328039208322923],[80.68262919697898,7.328029246654113],[80.6825616323083,7.328010512594037],[80.68255814729251,7.32800911924062],[80.68248736651437,7.327980835961698],[80.68239807553365,7.327906936658706],[80.68230331779321,7.327818715650234],[80.68226205921633,7.327780304884994],[80.6822016574224,7.327726125393173],[80.68219079426554,7.327720177326397],[80.68214894915211,7.327697267088904],[80.68202760201159,7.327589719113008],[80.6819379536766,7.327497370955112],[80.681881897311,7.327449431120059],[80.68182484904253,7.327389193450716],[80.68176861160178,7.327345321119319],[80.68173220237385,7.327333107179787],[80.6816582064069,7.327321787823108],[80.68159896996895,7.327325573425846],[80.6815382793892,7.32735277926241],[80.68147650137365,7.327382518718871],[80.68144261780468,7.327419588002976],[80.68143609133313,7.327439480391765],[80.68143128998412,7.327452321388244],[80.68142530941381,7.327464889940584],[80.68141778976751,7.327474202676713],[80.68141353169892,7.327479265876017],[80.68138734977585,7.3275029521895],[80.68135002958391,7.327523924144487],[80.68127578570007,7.327549747116306],[80.68124323447714,7.327561069346674],[80.681143773075,7.327607167772147],[80.68103562087475,7.327641237102251],[80.68096406288109,7.327656685520978],[80.6808826354668,7.327665619947184],[80.68081438615678,7.327664022025378],[80.680680021462,7.327660874532551],[80.6806706398439,7.327660490017332],[80.68050267736426,7.327653602362036],[80.68043864303735,7.327649428921537],[80.68033792899546,7.327627343348177],[80.68026447484685,7.327615119574765],[80.68021683688251,7.327599826675567],[80.68014972182624,7.327592848291791],[80.6800946546118,7.327587592460249],[80.68002282871862,7.327585135469704],[80.6799784487321,7.327578252357731],[80.67976499314554,7.327450972039638],[80.67969788458007,7.327409810931846],[80.67961864002305,7.327376786837634],[80.67958511082277,7.32734915045436],[80.67955905268315,7.327327670362973],[80.67950888136716,7.327299987891422],[80.679479625198,7.327298806903807],[80.67946304726537,7.327316075524093],[80.67943178088062,7.327333370822001],[80.67941467386643,7.327342832477574],[80.6793640394981,7.327362263178789],[80.67926241519363,7.327361608249353],[80.67919095397592,7.327352550696699],[80.67908762421482,7.327280635369385],[80.6790186179576,7.327223921545761],[80.67895893722422,7.327188187754064],[80.67889183394631,7.327135724547707],[80.67883360977723,7.327066170118219],[80.67876994874753,7.327003579444828],[80.67875401115509,7.326991729617284],[80.67873589712322,7.326983766011849],[80.6787239427535,7.326977162909794],[80.67867704872494,7.326877770723684],[80.67864219569631,7.326790676956947],[80.67860761103326,7.326719050446424],[80.67857122287896,7.326619116140255],[80.67853564194387,7.326547398072871],[80.67849797650854,7.326489966634563],[80.67843159818214,7.326432438515694],[80.67837599766823,7.326373194557849],[80.67832782618316,7.326309248930853],[80.67826180998422,7.326252716503747],[80.67816608971395,7.326185143280023],[80.67827668942886,7.3261163544498],[80.67797357505576,7.325793910545984],[80.67773416485836,7.325758345257719],[80.67764257635176,7.325663816456323],[80.67761704684132,7.325685827020561],[80.67748731326698,7.325841379373426],[80.6774869516092,7.325846702022259],[80.67746782693094,7.325879415507931],[80.67745315180989,7.325913690797813],[80.67739550055404,7.326147506497445],[80.677393741208,7.326173938890873],[80.67746509087497,7.326219599275297],[80.67763043027624,7.326384511740054],[80.67766057258848,7.326425070920844],[80.67767307597629,7.326459725654088],[80.67773524369143,7.326680779901659],[80.67768864119382,7.326842481689064],[80.677367921358,7.327076391538086],[80.67733685828514,7.327107889718794],[80.67687929371597,7.327472870413242],[80.67672621952744,7.327618980057046],[80.67624478097646,7.328021589176586],[80.67624206394915,7.328028774163807],[80.67615934877077,7.328117197490111],[80.67610345438771,7.328165564345729],[80.67606771629823,7.328186256781125],[80.67604303335366,7.328200547404728],[80.67596749109934,7.328214366391385],[80.67587882129264,7.328198431769293],[80.67585485982153,7.328186210188184],[80.67583607590576,7.328176628518768],[80.67572612381106,7.328152639910338],[80.67565792148282,7.328151358626585],[80.67560737722472,7.328167715195407],[80.67558826226237,7.328184349185443],[80.67558702279831,7.3281861493751],[80.67548451966061,7.328334892385939],[80.6754444726746,7.328396829064141],[80.67539754188779,7.328451257574724],[80.67536090587362,7.328485240292355],[80.67532814816214,7.328515628369185],[80.67525277489699,7.328575023238122],[80.67518483552738,7.328616335515074],[80.67513003422128,7.328636579574439],[80.67508274810505,7.328663878881966],[80.67507160279075,7.328684403145853],[80.67504532711973,7.328724368324703],[80.67502249744246,7.328741906660442],[80.67499541446793,7.32875103311489],[80.67497032348165,7.328751028365371],[80.67491734370651,7.32872678110347],[80.67487985494071,7.328690418765861],[80.67482116653025,7.328668974448522],[80.67475559667183,7.328641740126342],[80.67466116237738,7.328491241873674],[80.67465670434466,7.328483039742423],[80.67463010735314,7.328434082905872],[80.6746036634353,7.328417076030276],[80.6744795044173,7.328338645770346],[80.6744257119092,7.328300019849963],[80.6743269962507,7.328253424967609],[80.67426387341621,7.328215973410217],[80.67420165889187,7.328167307789268],[80.67408975611686,7.328102721466455],[80.67407532496841,7.328094392268701],[80.67403186071888,7.328071716032164],[80.67394656922409,7.327898074075278],[80.67378115894617,7.327634782046557],[80.67366668976447,7.327418650133683],[80.6733930782711,7.327284106903554],[80.6731810842843,7.327103898584797],[80.67301425109767,7.327044262213396],[80.67284871653123,7.326950427149499],[80.6727717550025,7.326874447990285],[80.6726600300621,7.326853918092628],[80.67263253650997,7.326848866649897],[80.67264162133822,7.326918379800273],[80.67266723096394,7.327017407781343],[80.67268442882606,7.327073929774886],[80.67270196939334,7.327195653898675],[80.67271227379551,7.327259402396357],[80.6727212350904,7.327314845466012],[80.67271863286531,7.32737766950576],[80.67271722746167,7.327411604958901],[80.67268921069392,7.327495219398585],[80.67268505227163,7.327507634519962],[80.67268133081387,7.327537927811181],[80.67268100678093,7.327556553664254],[80.67268032103406,7.327596164688076],[80.67277640563515,7.327656503823664],[80.67284660062732,7.327688679703012],[80.67290292652793,7.327714498750382],[80.67298967777782,7.327789303637565],[80.67301012086166,7.327803151403038],[80.67310251684133,7.327865744049603],[80.67313330135181,7.327893015846901],[80.67320258123011,7.327954387786067],[80.67324974933213,7.328034785703379],[80.67326731661842,7.328064728486257],[80.67331384768288,7.328170179963657],[80.67337134085447,7.328268401330522],[80.67343390659447,7.328357125956713],[80.67351630515518,7.328463040480973],[80.67352952516606,7.32847995306316],[80.67353885060913,7.328500212484355],[80.67357225128895,7.328589383480774],[80.67362394001073,7.328717627250182],[80.6736383082094,7.328866385648384],[80.67363537829851,7.329000042758739],[80.67357746743676,7.329146796989391],[80.67351692387538,7.329319684963016],[80.67345340640603,7.329426740804589],[80.6734034731109,7.329542571483438],[80.67339967704767,7.329550780780509],[80.67316922462274,7.32945345121155],[80.67255384044678,7.329148736806744],[80.67218698047272,7.330017180635058],[80.67246966874393,7.330386759523001],[80.6723102230933,7.330598374742029],[80.67215604276576,7.330816293206641],[80.67212875404434,7.331105753303155],[80.67214669384539,7.331306242291589],[80.67213292195775,7.331621529687617],[80.67216857866835,7.331738588186694],[80.6722127255638,7.331954654427556],[80.67228541653142,7.332021945050741],[80.67239777178835,7.332091271376007],[80.67241700610471,7.332111908393801],[80.67248963702264,7.332235330850789],[80.672529714586,7.332435673911005],[80.67279207881666,7.332384880947822],[80.67279559539807,7.332414315003701],[80.6728156747623,7.332537125749641],[80.67282977545717,7.33266689644021],[80.6728255757889,7.332806700676833],[80.67280735460825,7.332877772867427],[80.67279665909757,7.33291068792799],[80.67278732443991,7.332937905290193],[80.67277934774411,7.332956260798218],[80.67274969026899,7.333004767093911],[80.6727226287572,7.333049028284527],[80.67267243127789,7.333121814889695],[80.67264442525945,7.333200392336856],[80.67263744324234,7.33323366906625],[80.67263443708873,7.333307820290947],[80.67263459421986,7.333415522779887],[80.67263923622617,7.333435057693499],[80.67265993071148,7.333522145913094],[80.67266960570281,7.3335899717514],[80.67265799757253,7.333656343083748],[80.67262572399581,7.333780136486341],[80.672614910185,7.333819193537384],[80.67259009706494,7.333908810537657],[80.67256806150007,7.334019671151609],[80.67256789572136,7.334023690738742],[80.67256286963445,7.334145098543114],[80.67258014340445,7.334262118392554],[80.67263257090039,7.334334564231409],[80.67268590746352,7.334384948001552],[80.67276098853982,7.334408025027493],[80.6728373441134,7.33441111634111],[80.67292864658215,7.334402094329254],[80.67300944425986,7.334384389482612],[80.67305971345802,7.334385938350533],[80.67312392647166,7.334408559763143],[80.67320027407506,7.334438419276996],[80.67327544479704,7.334469635866465],[80.67339698821749,7.334510086049515],[80.67343004791842,7.334516061113283],[80.67345802075839,7.33451469026392],[80.67347596946112,7.334513811772439],[80.673571262896,7.33448028394068],[80.6736182751321,7.334465463218613],[80.67364518187652,7.334444399114173],[80.67366176257723,7.334417183391033],[80.67367925469013,7.33436528131608],[80.67373017995003,7.33427459047915],[80.67373203359095,7.334268622504463],[80.67374622277529,7.334222959361046],[80.67374788148102,7.334217851333656],[80.6737774037192,7.334126928624976],[80.673816548462,7.334060833026694],[80.67382822584284,7.334051341415748],[80.67385858340863,7.334026659065202],[80.6738782898556,7.334023175661994],[80.67383616175097,7.333965704854045],[80.67371719695515,7.333803404204811],[80.67408882900519,7.333028872203584],[80.67526034402574,7.333769215812991],[80.6753707170692,7.333796175275915],[80.67553504570978,7.333820629235803],[80.67564740071975,7.333762320558662],[80.67577809565064,7.333707186441611],[80.6757896682437,7.33369622345484],[80.6759227838257,7.333630745516974],[80.67592748581801,7.333609593116533],[80.67603288416892,7.333532611647459],[80.67642665274842,7.333312507031351],[80.676641393056,7.333291573977293],[80.6772045032479,7.333524502228698],[80.67721470533336,7.333521996846732],[80.67732231576255,7.333488020585047],[80.67745710632128,7.333432525156564],[80.67747426958661,7.333432090344702],[80.6775484934822,7.333432483756705],[80.67759949258954,7.333446571339454],[80.67761841479478,7.333454534264553],[80.67764341069078,7.33346801567401],[80.67766876646171,7.333492527847066],[80.6777151238245,7.333575461685644],[80.67775613221738,7.333677114319227],[80.67782603796266,7.333761952345845],[80.67791912908066,7.333856021136071],[80.67796205089704,7.333914629354958],[80.67799401547579,7.333945744366686],[80.67808394487943,7.334005809740667],[80.67811663320046,7.334045063627372],[80.67816851901776,7.334109280462819],[80.67817198089175,7.334113097376801],[80.67825345854204,7.334202983874017],[80.67827346898822,7.334238167428542],[80.67827776788286,7.334253948450658],[80.67828785807029,7.334290980948015],[80.67833801202252,7.334405386192416],[80.67836651646668,7.334524398656801],[80.67841214925568,7.334612398169066],[80.67845687685003,7.334681314881596],[80.6784786078007,7.334718667319531],[80.67851474239004,7.334746527712109],[80.6785784087371,7.334777107903759],[80.6786560667453,7.334801713686044],[80.67869950121793,7.334815475760989],[80.67879740381329,7.334856914087474],[80.67889883932023,7.334900524389778],[80.67903115938292,7.334952639994946],[80.67910168794455,7.334957637063504],[80.67915153381752,7.33496116739146],[80.67926774580665,7.334955223203114],[80.67935597167265,7.334919884913582],[80.6794381354975,7.334870979852878],[80.67946147043108,7.334854840364895],[80.67951368708299,7.334818727431922],[80.67963100005936,7.334738991370799],[80.67974938984386,7.334705919344815],[80.67975938888758,7.334704180710578],[80.6798993899885,7.334679818107288],[80.68002347702328,7.334684366229486],[80.68002027639909,7.334665995535558],[80.68007989576968,7.334663507910568],[80.68019080705535,7.33461590925345],[80.68020118437431,7.334615699866358],[80.68041111026436,7.334479978113491],[80.6804311542448,7.334469373109695],[80.68056161722365,7.334429850338527],[80.68057836635764,7.334426284623819],[80.68061198890166,7.334422512704162],[80.68077048167787,7.33447103153428],[80.68077726310717,7.33447094616303],[80.68079082596576,7.334470775420265],[80.68100164204266,7.334534778815627],[80.68113839653323,7.334656553194262],[80.68123458783465,7.334905214346182],[80.68133259775547,7.335125162436072],[80.68145058182274,7.335237102075056],[80.68160930885708,7.335276152610759],[80.68147783358225,7.335634102206095],[80.68160137403656,7.335663338152568],[80.68164566482736,7.335667597710639],[80.68171622247579,7.335668515970844],[80.68182291899517,7.33568264735653],[80.68188243965837,7.335620533360373],[80.68190610639763,7.335589869807013],[80.68195836311254,7.335522160256341],[80.68200245622567,7.33548441486966],[80.68203609044633,7.33545562078667],[80.68212223985809,7.335408976827615],[80.6821649057431,7.3353828514172],[80.68218692076583,7.335358801573435],[80.68218900859416,7.33533700740728],[80.68219390617156,7.335310512359023],[80.68219735238537,7.335281305002345],[80.68219391874585,7.335254989069354],[80.68217592750396,7.335203926551114],[80.68216259633596,7.335166089533934],[80.68215282651677,7.33510287761952],[80.68215564425016,7.33506019511391],[80.68216879014729,7.33500557797428],[80.68218600486875,7.334971759748623],[80.68222432443916,7.334947713317638],[80.68229244124323,7.334930003239643],[80.6823475108293,7.334928387014443],[80.6824450586722,7.334939891146383],[80.68247385786592,7.334963048220412],[80.68251723185365,7.335019756164169],[80.68255712966469,7.33504561851097],[80.68261422551926,7.335082626357032],[80.68271158690101,7.335124064627111],[80.6827372138109,7.335148846960091],[80.6827808581237,7.335212518067146],[80.68283618812706,7.335269592903096],[80.682866796712,7.335294467599725],[80.68290383981773,7.335310661420007],[80.68296923169994,7.335325415147471],[80.68303889852642,7.335345704086665],[80.68307978211726,7.335540029177553],[80.68321971809749,7.335602810485119],[80.6836176187325,7.335558775435275],[80.68404736471365,7.335520139835711],[80.68433685783853,7.336003546385151],[80.6844961537393,7.336168657655372],[80.6850041349141,7.336381139439868],[80.6853198785579,7.33652174031587],[80.6858021619707,7.336587634827048],[80.68582131595458,7.336584025091489],[80.68616463603685,7.336575743786809],[80.68640132748281,7.336438907793875],[80.68638945725147,7.335831080004516],[80.68645756824353,7.335711315088526],[80.6864559506132,7.335652341551699]]]]}},{"type":"Feature","properties":{"GND_N":"Meegamawatta","GND_NO":"604","GND_C":"175","PROVINCE_N":"CENTRAL","PROVINCE_C":"2","DISTRICT_N":"KANDY","DISTRICT_C":"1","DSD_N":"PATHADUMBARA","DSD_C":"12","Admin_Code":"2112175","GND_NO_Cen":"604","GND_NAME_C":"Meegamawatta","GND_NO_Gaz":"604","GND_NAME_G":"මීගමවත්wa","shape_1":"Polygon","Area__Ha_":149.234722695,"MWS_ID":"107-3","Alt_MWS":null,"Total_Pop":2991.0,"Density":2004.22526043,"Area_sqkm":1.49234722217},"geometry":{"type":"MultiPolygon","coordinates":[[[[80.67005944531245,7.341500346739907],[80.6701241514267,7.341066992342495],[80.67052191974092,7.340573526156232],[80.67091427260449,7.340121873266533],[80.6711491341406,7.339886347608593],[80.67164525091718,7.339282010592288],[80.6720089243269,7.339027347776643],[80.67202435107289,7.339012995557581],[80.6721085222837,7.338927016834956],[80.67297466480048,7.338294494588522],[80.67294414269986,7.338288880889385],[80.6728716893712,7.338254591143242],[80.67278130833861,7.338192445640125],[80.6727792399705,7.338190715232632],[80.67271230327232,7.338134734323778],[80.6726783471582,7.338087251512276],[80.67266567279484,7.338063735817857],[80.67264648162445,7.338012095714936],[80.67264875902427,7.337959917984933],[80.67264586773763,7.337928990171262],[80.67264905592116,7.337851221793983],[80.67265082543175,7.337844925543849],[80.67266328815063,7.337800584136707],[80.67268195769634,7.337750037028546],[80.67275760031991,7.337697334540362],[80.67287355574025,7.337625197915302],[80.67297963688802,7.337555229314307],[80.67308879461929,7.337498192016853],[80.67316308074625,7.33743970161052],[80.67327694893928,7.337380313257062],[80.67339643289874,7.337320657583019],[80.67350758552577,7.337253493354283],[80.67361086120688,7.337176200011954],[80.67373261727806,7.337074583317413],[80.673812343124,7.336996922827768],[80.67388416531745,7.33693086905376],[80.67389668650081,7.336919352902065],[80.67395095591478,7.336861127279584],[80.67403720522029,7.336774515638888],[80.67410714410782,7.336709149573178],[80.67420290730307,7.336603458374139],[80.67420540716729,7.336599659967026],[80.67430267384213,7.33651004306652],[80.67451653988537,7.336277990550575],[80.67454277395795,7.336259853470211],[80.67469803291759,7.336057823995228],[80.67480876459395,7.335771622764551],[80.67460508022265,7.335526772021266],[80.674700579822,7.335459447495948],[80.67481699456432,7.335402916910196],[80.67502344200219,7.335269382617194],[80.67525724716477,7.335054266381754],[80.675451213433,7.335003071267652],[80.67547640804567,7.335002989205079],[80.67584113988067,7.335039923957838],[80.67583039195733,7.334939817955288],[80.67580477322625,7.334876329269527],[80.67578105074175,7.334842956096084],[80.6756743700441,7.33476425697339],[80.67562854477117,7.334741098366262],[80.67557094478468,7.334709253999972],[80.67545810104002,7.33464411708131],[80.67533230554528,7.334580517251704],[80.67521638299243,7.334516284787991],[80.67512129089556,7.334456941124975],[80.67501751489662,7.334359433909304],[80.67496210451527,7.334258230843875],[80.67493346581684,7.334212223407997],[80.67490479271795,7.334166160800032],[80.67490228918668,7.33416223917839],[80.67485318105125,7.33408530448545],[80.67483144652228,7.3340652231527],[80.67480255414515,7.334063588882255],[80.67473978601868,7.334059867058094],[80.67469631173583,7.334058772066323],[80.67466442596425,7.334068531324596],[80.67459602766283,7.334120604589702],[80.67452500785349,7.334161733378674],[80.67450690599986,7.334170993859518],[80.6744322475083,7.334209189155446],[80.67442008252215,7.334212107295087],[80.67430461931127,7.334239816064198],[80.67424710319833,7.33424206376111],[80.67420616518687,7.334236266019372],[80.67417179358887,7.334212051833075],[80.6741428620052,7.334191669507335],[80.67412475987828,7.334174296449016],[80.67407811453455,7.334129528280878],[80.67400947610545,7.334050839228259],[80.67397424791662,7.334029580997574],[80.6739388348224,7.334020800290903],[80.67390097364623,7.334019164823651],[80.6738782898556,7.334023175661994],[80.67385858340863,7.334026659065202],[80.67382822584284,7.334051341415748],[80.673816548462,7.334060833026694],[80.6737774037192,7.334126928624976],[80.67374788148102,7.334217851333656],[80.67374622277529,7.334222959361046],[80.67373203359095,7.334268622504463],[80.67373017995003,7.33427459047915],[80.67367925469013,7.33436528131608],[80.67366176257723,7.334417183391033],[80.67364518187652,7.334444399114173],[80.6736182751321,7.334465463218613],[80.673571262896,7.33448028394068],[80.67347596946112,7.334513811772439],[80.67345802075839,7.33451469026392],[80.67343004791842,7.334516061113283],[80.67339698821749,7.334510086049515],[80.67327544479704,7.334469635866465],[80.67320027407506,7.334438419276996],[80.67312392647166,7.334408559763143],[80.67305971345802,7.334385938350533],[80.67300944425986,7.334384389482612],[80.67292864658215,7.334402094329254],[80.6728373441134,7.33441111634111],[80.67276098853982,7.334408025027493],[80.67268590746352,7.334384948001552],[80.67263257090039,7.334334564231409],[80.67258014340445,7.334262118392554],[80.67256286963445,7.334145098543114],[80.67256789572136,7.334023690738742],[80.67236204142104,7.334129884263931],[80.6723071952685,7.33415648339262],[80.67210523877765,7.334295754378404],[80.67112040497044,7.33377512497681],[80.66948040386485,7.333173074832793],[80.66942649590712,7.333169802909027],[80.66930294400022,7.333126633752268],[80.66930085240348,7.333119921520166],[80.66927283880146,7.333095094455128],[80.66925420755804,7.333094517594002],[80.66923835822696,7.333092524352645],[80.66921553527467,7.333087634776345],[80.66918745750213,7.333077410369578],[80.66917930855975,7.333069268799286],[80.66917251814148,7.333061581512609],[80.66916536475667,7.333049099526762],[80.66915993377171,7.333038065739958],[80.66915685730079,7.33302133540786],[80.66914800986719,7.33290024627191],[80.66914803861779,7.332776261865932],[80.66914804568933,7.332746697501473],[80.66914409476337,7.332602912439397],[80.66914639091723,7.332477667070206],[80.66915927260624,7.332390314505108],[80.66917277292748,7.332340807152865],[80.66917468483759,7.332333798358688],[80.66921591045542,7.332272134741713],[80.66925957910738,7.332228467325475],[80.66935732522984,7.332164195578848],[80.66938885158922,7.332134631477566],[80.66940615729793,7.332110220325927],[80.6694298962674,7.332075679800459],[80.66943665775284,7.332056528277492],[80.66944176874834,7.332042044372414],[80.66943498319412,7.332014010280443],[80.66943236981746,7.332003791038825],[80.66941009911292,7.331916698682163],[80.66937706532094,7.331803202647111],[80.66935644028493,7.331693776211033],[80.66934260984365,7.331642797377637],[80.66932042485766,7.331561016005731],[80.66930441261695,7.331471485323556],[80.66930317634072,7.331448414458918],[80.66930008429365,7.331390730062458],[80.66930146110377,7.331333554043454],[80.66930580074576,7.331241739414482],[80.66930454027768,7.331236532139493],[80.66930665688201,7.331176413695131],[80.66930305048376,7.331106871054177],[80.66928856874678,7.331067621773569],[80.66925941046102,7.331034968599019],[80.66917881277614,7.330975808002272],[80.66906950216986,7.330919353450972],[80.66899941177768,7.330857935476234],[80.66890822435784,7.330767572051417],[80.66883369496334,7.330713567368531],[80.66877618475891,7.330689228777755],[80.66865481900102,7.330669395502758],[80.66854689336041,7.330662190386994],[80.66849713043739,7.330658867803993],[80.66835231008916,7.330621124533248],[80.66826047473958,7.330589178777632],[80.66819608404839,7.330559231782806],[80.6681722049122,7.330540240204671],[80.66815297681615,7.330524948342238],[80.66812925466405,7.330489764355431],[80.6681110292224,7.330463276560726],[80.66810815900321,7.330459104321625],[80.66807448372457,7.330382049625565],[80.6680506968963,7.330239707556831],[80.6680494488162,7.330164540710689],[80.6680490899213,7.330142946779799],[80.66803271209746,7.330075752239961],[80.6680079934239,7.330045270380656],[80.66792060514581,7.329973359065155],[80.66783959285505,7.329911042114289],[80.6678213526637,7.32989701107411],[80.66772899240357,7.329796792038382],[80.66768082105311,7.329733389686724],[80.66764614477712,7.329676138041365],[80.66764379614186,7.329646376871207],[80.66764041270066,7.329603495827024],[80.66762108345067,7.329598454188948],[80.66761571904412,7.329597058457409],[80.6674941210111,7.329565409197605],[80.66747729587124,7.32956154556153],[80.66736074599598,7.329569216569879],[80.6671867564827,7.329717521620663],[80.66705978226732,7.329784809793102],[80.66694905789564,7.329834156898932],[80.6667842629903,7.329820667092764],[80.66649212204999,7.329890741689918],[80.66632527672493,7.329832147310167],[80.66630081988482,7.329827734660145],[80.66611178075537,7.329877211600595],[80.66602515455118,7.330059291597148],[80.66580871160185,7.330701251731375],[80.66580773586834,7.330940988446846],[80.66552028301506,7.330886937164418],[80.66523289917475,7.330784960390941],[80.66506782613033,7.330668437261914],[80.66494863854611,7.330628097562306],[80.66485647052451,7.330645559414007],[80.6647375548919,7.330702642053708],[80.66459388817465,7.330827231030037],[80.66446270784125,7.330894612362591],[80.66444624078966,7.330903905400365],[80.6642977175551,7.330933226603019],[80.66424699572819,7.330946903294994],[80.66374551368033,7.331774898490396],[80.66342725910629,7.331830491164151],[80.66322946449648,7.331880902435032],[80.66225977867344,7.33217262145604],[80.6619317120688,7.332212280381886],[80.6614932219818,7.332253297170916],[80.66132355021064,7.332252351305415],[80.66127141838695,7.332260566214393],[80.6612441620936,7.33224084634928],[80.66073701961221,7.331873929370263],[80.66064395180635,7.331919322213591],[80.66055834853759,7.331956737394887],[80.66051945042878,7.331965945835766],[80.66047057665565,7.331977514644882],[80.66045427231009,7.331984111850662],[80.66043144333162,7.331996132284144],[80.66045447555742,7.332084312227988],[80.66044849264358,7.332387161562406],[80.660606058857,7.333104400759225],[80.66059009130126,7.33310792342764],[80.66053413971225,7.333183061971445],[80.66051839665728,7.333295697819],[80.66050621393806,7.333342456155497],[80.66050579662166,7.33337657989771],[80.66050316070277,7.333391256045888],[80.66048719353455,7.333557894961502],[80.66048071405078,7.333581284880639],[80.6604742715552,7.333605243615357],[80.66038343744415,7.333708250073832],[80.66035715179892,7.333728085494778],[80.66032122778404,7.333748757619283],[80.6603134741877,7.333767499092749],[80.66015406954791,7.333885151061481],[80.66012614475359,7.333907358934119],[80.66009250350726,7.333919941741309],[80.66007822894592,7.333929796753624],[80.65984530287868,7.333870280381328],[80.65967064818321,7.333739699045338],[80.65965139155314,7.333740682449609],[80.65948762517384,7.333526287704216],[80.65947363046259,7.333307032348863],[80.65949838453744,7.333207114279152],[80.65949984491155,7.333160814378841],[80.65949215591833,7.333129704379823],[80.65948255988782,7.333100222533513],[80.6594661715766,7.333077791575234],[80.6594586768624,7.333072761705747],[80.65945487735519,7.333013214217072],[80.6594568489422,7.332975937578303],[80.65950674606502,7.332621515569309],[80.65950306399579,7.332281722996615],[80.65949587549531,7.332269528419595],[80.6594369332691,7.332222232552652],[80.65935408300795,7.33227477719633],[80.65923987602497,7.332315111002575],[80.65915235641444,7.332624563074944],[80.65900328287495,7.33257632578321],[80.65892843434679,7.332547751991997],[80.65880010164372,7.332617178827513],[80.65864699754823,7.332782754513083],[80.65863871230188,7.332856369788165],[80.65862590710552,7.332906733362265],[80.65862158318228,7.332937202696958],[80.65852585576036,7.333244015535712],[80.65851101973874,7.333308529999891],[80.65842695267037,7.333457718741974],[80.65841857195609,7.333443035195886],[80.65836651061505,7.333365161108818],[80.65832720786352,7.333335038430892],[80.65830565796604,7.33331161134377],[80.65827560040623,7.3332637658593],[80.65825568783193,7.333210496319523],[80.65817678259293,7.333242913814776],[80.65820744265766,7.333300346877017],[80.65821126309517,7.333352028757153],[80.65820357539533,7.333422848075421],[80.65819205918113,7.333472612421219],[80.65818437187713,7.333545345242468],[80.65817860771074,7.33359319669145],[80.65817859469118,7.333639135244042],[80.65818178758038,7.333803631380812],[80.65818390354846,7.333889042382521],[80.65818415806864,7.33389933702649],[80.65818747742149,7.334003311861103],[80.65818629354918,7.33400693056761],[80.65818410282164,7.334112281205769],[80.65816245550972,7.334406570737469],[80.65815042807822,7.334581229032743],[80.65813841397423,7.334698465041884],[80.65810534919058,7.334818931106443],[80.65807364808296,7.334930535364658],[80.65805925779901,7.334973598067172],[80.65802330085336,7.335011871333593],[80.6581826691647,7.335210729527524],[80.658473673607,7.335674041983072],[80.65875397800818,7.335975099740304],[80.65912129659276,7.336753612704243],[80.65942329600938,7.337363534688147],[80.65948226633445,7.337586877396524],[80.65951031729755,7.33769312391787],[80.65952646273529,7.337761834280957],[80.65954059508795,7.337821972239872],[80.65957353509481,7.337866842327453],[80.65957951256433,7.337917687365218],[80.65955552835013,7.337992452450683],[80.65949259140838,7.338103095540374],[80.65936373131542,7.338285500442649],[80.65922466782582,7.338533101923629],[80.65917910994482,7.338628795954892],[80.65914554291085,7.338688602262681],[80.65909040713856,7.33875079572225],[80.65904078428278,7.338811316750941],[80.65901009675783,7.338853419373032],[80.65898899877115,7.338887867772122],[80.65898515663528,7.338918493671812],[80.65899281321974,7.338966346817243],[80.65902347286453,7.33902377981658],[80.65906372366523,7.339063986554378],[80.65913081696972,7.339100371478017],[80.65918832665311,7.339125269255943],[80.65926500620915,7.339159743156381],[80.65933401714754,7.339192302447586],[80.65944712786593,7.339215300263935],[80.65963117275044,7.339242145301862],[80.65969252207832,7.339245989147477],[80.65983056157889,7.339240283557021],[80.6599455929206,7.339247969198884],[80.66003186425847,7.339259477085296],[80.66006828752101,7.339274798157775],[80.66012579587753,7.339301612032469],[80.66014496419173,7.339320758353921],[80.6601775494646,7.339347563966001],[80.66019776296467,7.339373979335899],[80.66057053566665,7.339512278246501],[80.660929018401,7.339650186137709],[80.66104212398028,7.339690412317749],[80.66119548957762,7.339732561390663],[80.66141403375005,7.339801526086386],[80.66164983770902,7.339855181631507],[80.66173801986527,7.339893485961252],[80.66181278510713,7.339920302215885],[80.66191247495503,7.339941383394182],[80.66211895991819,7.339985574937058],[80.66219260884249,7.340010601231108],[80.66222735590769,7.340024966760974],[80.66225371435426,7.34003693646981],[80.66228845899433,7.340057282144484],[80.66233039242073,7.340078826032988],[80.66236638070161,7.34010979395041],[80.66244420543569,7.340162597807993],[80.66250770187635,7.340208073173732],[80.66254604063344,7.340228420643866],[80.66259875695518,7.340258342885845],[80.66265506677523,7.340287067830884],[80.66271257947948,7.340305027356179],[80.66276769431302,7.340324183563896],[80.66283119930259,7.340336162630516],[80.66296047751517,7.340355849386172],[80.66305167504842,7.340351769579298],[80.66310559761953,7.340350587689462],[80.66315232747384,7.340352991347316],[80.66319546323119,7.340366162525066],[80.66324099112727,7.340386509938769],[80.66328172690204,7.340405662462777],[80.66330448858791,7.340424809555656],[80.66335001770265,7.340447549742225],[80.66338236877652,7.340452344350935],[80.66344108288202,7.340454751897059],[80.66349620319585,7.340455961236517],[80.66357529017293,7.340449999140794],[80.66366755700501,7.340447630417263],[80.66371668504745,7.340447642738917],[80.66377420383601,7.340445265278947],[80.66380895037531,7.340451255040532],[80.66383770615849,7.340460832474249],[80.66386404988413,7.340473990338705],[80.66386646074058,7.340475195472961],[80.66391438114402,7.34051588298261],[80.66398386614705,7.340570929870795],[80.66401837556526,7.340597871334178],[80.66409049500315,7.340636755367744],[80.66414321087298,7.340665479229631],[80.66417675761522,7.340684628068599],[80.66420550952547,7.340709759475497],[80.66425462771339,7.340749249047892],[80.66428817267,7.340775576228882],[80.66431572745564,7.340795921763004],[80.66434927691674,7.340807892239201],[80.66438761790516,7.340819864811649],[80.66444393150127,7.340834235546873],[80.66448946339757,7.340842621631139],[80.66452061828973,7.340846217660076],[80.66455536698095,7.34085101187746],[80.66459131160858,7.340861787444386],[80.66464522916584,7.340880941316867],[80.66468117230583,7.340897699739535],[80.66470992755131,7.340913258172399],[80.6647518623698,7.34093001717439],[80.6647985881454,7.340956348496714],[80.66481895146731,7.340982672364506],[80.66484770045406,7.341019764935023],[80.66486806288799,7.341049677975746],[80.66489921182895,7.341073612637587],[80.66492916571377,7.341084385786836],[80.66496271579531,7.341090376971745],[80.66500705238181,7.341090387060677],[80.66503341482111,7.3410832152444],[80.66508015252283,7.341061694486074],[80.66516883518278,7.341019845447122],[80.66526110923837,7.34098517382087],[80.66535218199488,7.340966054972104],[80.66541809211893,7.340944538915725],[80.66556309369837,7.340895525353078],[80.66563259790057,7.340874008342751],[80.66569850504163,7.340864454353728],[80.66579796607782,7.340841748304748],[80.66586867188252,7.340814251402731],[80.66595615339129,7.340775989277604],[80.66602925491746,7.340744903763185],[80.66606521163435,7.34070304159128],[80.66608802685222,7.340645134773218],[80.6661143727653,7.340579832532242],[80.66614313918676,7.340542754156272],[80.66618029307818,7.34051285437822],[80.66620785558737,7.340502095419411],[80.66624500388146,7.34049492527141],[80.66630012534134,7.340484173061439],[80.66637921082398,7.340484192430591],[80.66645230285248,7.340487799495138],[80.66650382732814,7.340496185032924],[80.66655534911368,7.34050816154839],[80.66659728367296,7.340526115866355],[80.66666318251107,7.340546470625405],[80.66670391818543,7.340570406600145],[80.66674465386417,7.340594342571228],[80.66679257890992,7.340613495629008],[80.6668357127283,7.340631451121724],[80.6668656660187,7.340641028654553],[80.66690281109723,7.340647019666506],[80.66694474974787,7.34064463619548],[80.66700825785375,7.340648241739779],[80.66704660211589,7.340647053776118],[80.6670921358272,7.340651851326133],[80.66711969304045,7.340659035475483],[80.66714605373214,7.340666219332267],[80.66718559046495,7.340685369404624],[80.66720715607273,7.34069973134812],[80.66721901449478,7.340721713295983],[80.66727185203067,7.340746403635001],[80.66732216880027,7.340782304895493],[80.66735931214983,7.340795473316559],[80.66743599840196,7.340806259445335],[80.6675042957024,7.34081584532773],[80.66755222374587,7.340826625371085],[80.66760614084951,7.34084817167362],[80.66765167074385,7.34086134119673],[80.66770319006054,7.340891262555041],[80.66776308949724,7.340943914666848],[80.6678086139664,7.340986993066166],[80.66785294152287,7.341020500940862],[80.66789367350101,7.341056400726841],[80.66796435307589,7.341129392268757],[80.6680494115041,7.341203585467546],[80.66809732886209,7.341255038253871],[80.66813685944092,7.341311275486362],[80.66815961415551,7.341360330323194],[80.66821112745703,7.341411783059343],[80.66826024896876,7.341439310993293],[80.66830697818466,7.341452482547966],[80.66836569076594,7.341465655170576],[80.66842800116208,7.341459689092604],[80.66849151512226,7.341435778320738],[80.66856701700343,7.341389139874875],[80.66867368271083,7.34130542254759],[80.66868845216118,7.341286848102147],[80.66872336288995,7.341254710331635],[80.66875020844648,7.341234619549875],[80.66877513623882,7.3412193120662],[80.66880581271631,7.341208792429697],[80.66883553291429,7.341201142817601],[80.66886908518694,7.341198278784031],[80.6688997602696,7.341197329371846],[80.66893810381684,7.341203080862961],[80.6689639841676,7.341211701435199],[80.66901478633723,7.341229896385073],[80.66905887627361,7.341253833854023],[80.66908954492787,7.341283510433212],[80.66913362891425,7.341332330675389],[80.66918154635466,7.341384022987777],[80.66921892337034,7.341424227237559],[80.66928601535493,7.341471140353113],[80.66934543933543,7.341509436343942],[80.66942020029052,7.341557306209971],[80.66946045751868,7.341575500407785],[80.66952144076204,7.341612121074507],[80.66957954783145,7.34164264243458],[80.66965546254188,7.341702946692617],[80.66966698001437,7.341692929759278],[80.66971468606435,7.341651433613649],[80.67005944531245,7.341500346739907]]]]}},{"type":"Feature","properties":{"GND_N":"Wattegama North","GND_NO":"595","GND_C":"075","PROVINCE_N":"CENTRAL","PROVINCE_C":"2","DISTRICT_N":"KANDY","DISTRICT_C":"1","DSD_N":"PATHADUMBARA","DSD_C":"12","Admin_Code":"2112075","GND_NO_Cen":"595","GND_NAME_C":"Wattegama North","GND_NO_Gaz":"595","GND_NAME_G":"වත්තේගම a","shape_1":"Polygon","Area__Ha_":168.166769707,"MWS_ID":"107-3","Alt_MWS":null,"Total_Pop":3402.0,"Density":2022.99182938,"Area_sqkm":1.68166769168},"geometry":{"type":"MultiPolygon","coordinates":[[[[80.68423741226115,7.363856375245176],[80.68435616328831,7.363310735817116],[80.6844278860971,7.363063201541454],[80.68454960602952,7.362887088406981],[80.68454959386688,7.362866946890048],[80.68461252099019,7.362540257235534],[80.68467307063986,7.362273451756797],[80.68466972269444,7.362057585176439],[80.68464303978232,7.361944619752146],[80.6846397045844,7.361931348439533],[80.68463302669781,7.361914816434286],[80.68460294669055,7.361746064833691],[80.684599594051,7.361729523561573],[80.68459624007363,7.361666601550549],[80.68459624008501,7.361640100079918],[80.68459623964681,7.361606970980731],[80.6845962403332,7.36159040778776],[80.68459624011382,7.361573844594598],[80.68459288431487,7.361550645851247],[80.68458952874202,7.361530755948482],[80.68458938227897,7.361494140735502],[80.68459267018225,7.361477472412442],[80.68459936823182,7.361461966815734],[80.68494184880541,7.361347080163912],[80.68505265414196,7.361280670933506],[80.68506952305941,7.361267521299875],[80.68513430421724,7.36119576819164],[80.68513779835385,7.361189285962732],[80.68513825634605,7.361173257304756],[80.68515825059976,7.361056676964829],[80.68522234278291,7.360880914513388],[80.6853105368508,7.36079792385766],[80.68536383523163,7.360755808684213],[80.68539670879117,7.360707628726706],[80.6854202222267,7.360670157419031],[80.68542837752682,7.360646534186191],[80.68543290819392,7.360616378444803],[80.6854371278629,7.360569920789237],[80.68543890205663,7.360540202170449],[80.68538782283024,7.360129314980722],[80.68476076141914,7.359616098069278],[80.68472308972292,7.359518969241489],[80.68474167763806,7.359444825706968],[80.68461900794247,7.358979981260088],[80.68448361122272,7.358804735971943],[80.68433931513736,7.358782981417193],[80.68415777677234,7.358673573303821],[80.68413793886768,7.358659543498521],[80.68412998011418,7.358652375267607],[80.68411406126594,7.358622605987437],[80.68406524843331,7.358529541455475],[80.684056827165,7.358503149476423],[80.68405263743188,7.358491820422562],[80.68403442884488,7.358369385938849],[80.68403387545007,7.35833845055804],[80.68403352981477,7.35831906767795],[80.684040524651,7.358256744625377],[80.68412004254004,7.358178431262188],[80.68419456103834,7.357982637173939],[80.68436805335153,7.357693753745057],[80.68443998293267,7.357550475514544],[80.68478152109421,7.357157774487198],[80.68478296139905,7.357073436858538],[80.68477657630189,7.357056175140682],[80.6847376536969,7.356924682571463],[80.68475134347378,7.356869883759687],[80.68477907203456,7.356816355647021],[80.68478016755776,7.356814370927783],[80.68479492313833,7.356787644581291],[80.68483581180229,7.356748859276379],[80.68484367251892,7.356734833347375],[80.68489507693046,7.356703495302478],[80.6849066895992,7.356697744501807],[80.68504358208331,7.356634449558092],[80.6850611075078,7.356625846884658],[80.68507567852014,7.35662012109816],[80.68519373760874,7.35656074332644],[80.68533832244113,7.356513503930713],[80.68537409042827,7.35650190809119],[80.68538477514595,7.356498110382145],[80.68552204881728,7.356426042732923],[80.68556033917758,7.356411345633208],[80.6855707439778,7.356407650049118],[80.68568759635872,7.356344094025226],[80.68571497104138,7.356333070692366],[80.68573198529555,7.356325815299072],[80.68579598396862,7.356294017596372],[80.68580598994127,7.356287183997853],[80.68591451175188,7.35622284853117],[80.68596943424502,7.356186643212181],[80.68598869243111,7.356173576311653],[80.68621177201257,7.356023276472053],[80.68622098103116,7.356020120500584],[80.68664641823018,7.355671864122698],[80.68667047420955,7.355641709554125],[80.68668281849182,7.355632559581107],[80.68682654054146,7.355549185419537],[80.68688001406665,7.35552420660823],[80.68690823920927,7.355508698032126],[80.68691132860152,7.355505643915733],[80.68708747802629,7.355436906842035],[80.68716291412515,7.355418206417365],[80.68729180037077,7.355387062551112],[80.68734530547997,7.355371550829497],[80.68753905172916,7.355284800657024],[80.6880206171055,7.355242527426005],[80.68804032665504,7.35523673021004],[80.68809284634011,7.355215975964574],[80.68812888082167,7.355197956696412],[80.68827834948007,7.355129828825024],[80.6883263774924,7.355107992124026],[80.68835177983658,7.355093752542003],[80.68848551558975,7.355025616086416],[80.68849815778215,7.355016691292208],[80.68853306226269,7.354996283507424],[80.68854255347834,7.354990428200798],[80.68866295027647,7.354927361309993],[80.68868502546249,7.354899958034649],[80.68869908862196,7.354887562800458],[80.68887288200632,7.35476096910782],[80.68908542722771,7.354740876236333],[80.68925879944075,7.354594713208499],[80.68923381679599,7.354477527059105],[80.68928607786691,7.354397962227468],[80.68929083041151,7.35438029217956],[80.68933400614304,7.354292240509364],[80.68934211707375,7.354271517283752],[80.68935043606697,7.354247529567084],[80.68935862035165,7.354226878699516],[80.68937067826135,7.354199352268658],[80.68937503870313,7.354185754216776],[80.68937938101779,7.354172212228054],[80.68943697064871,7.353963195729139],[80.68944176776591,7.353935184991091],[80.68944653314402,7.35390735691588],[80.68945054791946,7.353891940244116],[80.68946055092282,7.353774021162832],[80.68946447864577,7.353759089180005],[80.68946620270161,7.353729468187859],[80.68946774498973,7.353702975142109],[80.68946876742785,7.353685401129236],[80.689469778077,7.353667896745324],[80.68947069903635,7.353650473731244],[80.6894742428872,7.353527397065076],[80.68942277987554,7.35340713297057],[80.68947631138258,7.353268196388635],[80.68948116801451,7.353255491881815],[80.68951120674477,7.353209868413005],[80.68951874712793,7.353188463228455],[80.68961385928348,7.353058126453585],[80.68966663202949,7.353019894615837],[80.68972618299873,7.352966803680681],[80.68974747054766,7.352950494177812],[80.68988963043338,7.352853325383032],[80.69008108252264,7.352747869052544],[80.69016257809727,7.352666644910642],[80.69026879485716,7.352593490971742],[80.69035632875936,7.352477429703439],[80.69036467189707,7.352473438808081],[80.69049204941737,7.352350153443018],[80.6905213128677,7.352289104164424],[80.6905485523321,7.352268066259868],[80.6905357884404,7.352241543341797],[80.69052351276187,7.352012209906643],[80.69051882703071,7.351889858704197],[80.69051367505065,7.351832342276962],[80.69049339498264,7.351777086422921],[80.69046258539714,7.351658850219238],[80.69043591858575,7.351556516060146],[80.69011536899224,7.351426829127472],[80.69010513463617,7.351421121915894],[80.6899104302117,7.35123720358506],[80.68991034500165,7.35120006296422],[80.68991030078793,7.351180443210501],[80.68993640548697,7.351083222165768],[80.69000931007324,7.350965396555536],[80.69017140331643,7.350913688966203],[80.69021410053988,7.350875981425338],[80.69023546214103,7.350864918673457],[80.69042516157889,7.350759016019007],[80.69048115908429,7.350732410407666],[80.69054531703517,7.350714311314745],[80.69056670211154,7.35070828009014],[80.6908116560532,7.350604547306881],[80.69086006499532,7.350581657787975],[80.69089463378673,7.35056647118881],[80.6909352208925,7.350535793223067],[80.69163353962938,7.350401061586233],[80.69191592991302,7.350405353290427],[80.69201598763689,7.350244389989751],[80.69207209109976,7.350120939729448],[80.69218574622745,7.349816617150812],[80.69224330732659,7.349585499071495],[80.6922922140151,7.349496503164551],[80.69230948071868,7.349440518316223],[80.6923468767565,7.349384537236289],[80.69239865415982,7.349322817427287],[80.6924662516554,7.349243872702148],[80.69254967883958,7.349106072582681],[80.6925870832538,7.349009894329734],[80.69260004154854,7.348922327705664],[80.69260005848524,7.348831885696234],[80.6925770670812,7.348748617745168],[80.69254975667879,7.348695495721025],[80.69250519111202,7.348632321861036],[80.69240598352239,7.348576315227159],[80.69233984742947,7.348533235439636],[80.69227801830674,7.34851456086298],[80.69223056685505,7.348514551969922],[80.69218742785405,7.348514544785028],[80.69214573040588,7.348507357704084],[80.69210259781445,7.348482945194454],[80.69206521506717,7.348454227471883],[80.69204796974941,7.348396801018917],[80.69204941977362,7.348335070884652],[80.69205805875261,7.348274777228837],[80.69207533075192,7.348185775395711],[80.69210410460333,7.348105387394505],[80.6921789170411,7.347898677860737],[80.6922007794518,7.347819674851403],[80.69219620268056,7.347732152874406],[80.69218327559967,7.347663242591558],[80.69214015326243,7.347579969934952],[80.69211571776698,7.347532592552555],[80.69201795119777,7.347459358234712],[80.69195900442541,7.347411973452955],[80.69191443347083,7.347383253461461],[80.69185979337813,7.347376065728088],[80.69178788877502,7.347413376371039],[80.69168889998834,7.347476228442258],[80.69164839242471,7.347509535306576],[80.69159806104408,7.347526752768716],[80.69154054280637,7.347526740998264],[80.69146577308742,7.347516678251553],[80.69138669257653,7.347483645390359],[80.6912961127946,7.347433382467297],[80.6912306925435,7.347404606006905],[80.69117677939875,7.347347225012751],[80.69106751813516,7.347233792057129],[80.69094388355336,7.347084468186862],[80.69079005220651,7.346943751104756],[80.69069803889016,7.346869083373997],[80.6906635362416,7.346828881441561],[80.69061465558592,7.346777190308405],[80.69052408677577,7.346670940953687],[80.69042057839063,7.346553201747438],[80.69035156823097,7.346498637379177],[80.69025380265442,7.34641822522955],[80.69014741087068,7.346344989756246],[80.69008271169562,7.346307652235292],[80.69001513430742,7.34627318531225],[80.68997200287986,7.346244467214484],[80.68993318174242,7.346231538161802],[80.68988748602362,7.346221730338526],[80.68982964633386,7.346250180309141],[80.6897663716171,7.346280316652447],[80.68962256505789,7.346350630971017],[80.68956360671247,7.346364976282988],[80.68943418964223,7.346377871011806],[80.68934791324352,7.346376420072505],[80.68930621569552,7.346366362473258],[80.68912126594135,7.346333125097996],[80.68905026782346,7.346343343478272],[80.68893667416191,7.346336142111622],[80.68879494566322,7.346298264902396],[80.68872419921894,7.346276788378873],[80.68858276879796,7.346243335009382],[80.68852237821956,7.346230881801623],[80.68847540865124,7.346213645644232],[80.68844952878487,7.346194499204012],[80.68840160576252,7.34615716563162],[80.68834988792358,7.346113186494779],[80.6883151110431,7.346100860361132],[80.68825999041931,7.346087955096286],[80.68820222537894,7.346091088920279],[80.68813799745028,7.346094904215189],[80.6880756880049,7.34609393430896],[80.68801146049172,7.346091051416631],[80.68796065375884,7.346089127910298],[80.68790793209517,7.346078589634581],[80.68781591020385,7.346046031973721],[80.68773347473963,7.346015389691042],[80.68748742784572,7.345953401747298],[80.68743727349266,7.34595503674169],[80.6873922188718,7.345951198093438],[80.68735100085321,7.34593970528015],[80.6872915682874,7.345929167410241],[80.68722063382636,7.345910968710345],[80.68714586443538,7.345896598054239],[80.68707780565046,7.345879356655458],[80.68696086817495,7.345812339936481],[80.68683165552488,7.345741119349683],[80.68677491492254,7.345712769900972],[80.68669056219326,7.34568595586228],[80.68653047785044,7.345660082508343],[80.68638670014933,7.345585402635237],[80.68630426448505,7.345556675404333],[80.68619211178925,7.345528898942856],[80.68611172448858,7.345520790186481],[80.68604257269048,7.345498241964433],[80.68585024908054,7.345409322950794],[80.6858451146245,7.345407281809062],[80.68579718900088,7.345384303763294],[80.68571763314227,7.345336434729671],[80.6856361610583,7.345286650886317],[80.6855748177525,7.345238786411881],[80.6855374457982,7.3451736980068],[80.68548665991274,7.345074154764691],[80.68546270671932,7.345010984381851],[80.68545121692888,7.344943988608682],[80.68544356402764,7.344863593656584],[80.68543303307466,7.344798512485289],[80.68538129212035,7.344678870007957],[80.68534200588826,7.34459368397747],[80.68526535704024,7.344393643032614],[80.68525195475925,7.344306547835737],[80.68525005826885,7.344203186569431],[80.68525391977032,7.344064413077054],[80.68526065697513,7.343935212210213],[80.68525588028679,7.343857690804796],[80.68524345264255,7.343681589819261],[80.68523868277902,7.343570570332466],[80.68522431838554,7.343497831645081],[80.68521570093033,7.343452848075215],[80.68519941680302,7.343395421553372],[80.68518983396632,7.34337627733003],[80.68516779362523,7.343332249594497],[80.68514575041964,7.343311189335306],[80.68511412145799,7.343285342462224],[80.68500867685634,7.343270008468178],[80.68491377424937,7.343265203583097],[80.68485434170837,7.343256577089794],[80.6848102563147,7.343209673683511],[80.68469523375636,7.343156054916365],[80.6846319664509,7.34314168528941],[80.68456391070602,7.343125401170432],[80.68455911951263,7.34312364493965],[80.68451694071364,7.343108165506211],[80.68441821363169,7.343056464409599],[80.6844073237978,7.343050566126869],[80.68433865825634,7.343013380702751],[80.68420173977694,7.342928067846193],[80.68411628601555,7.342885089597455],[80.68399166987419,7.342861137040824],[80.6836092054948,7.342755782920555],[80.68354977216828,7.342755770641959],[80.68352101282257,7.342760549362702],[80.68349800137463,7.342783513891268],[80.68348991527547,7.342797795678822],[80.68340551681017,7.342946865161537],[80.68339539173023,7.342961505533297],[80.6833905933099,7.34299021524306],[80.68338579000715,7.343038067229007],[80.68338098352237,7.343101232674184],[80.68337905486227,7.343154827576411],[80.68336274791643,7.343208418596827],[80.68334635575651,7.34324925621948],[80.68332822114844,7.343288804849295],[80.68327740251,7.343341431058632],[80.68321124636994,7.343402669371352],[80.68307510425602,7.343495475003643],[80.68299456924773,7.343546183309983],[80.68293513102304,7.343569139328542],[80.68285077183094,7.343571992930201],[80.68275279832838,7.343568515368937],[80.68273851016843,7.343570620319495],[80.68268301486492,7.343567172396211],[80.68261303878705,7.343555674054732],[80.6825708616986,7.343545137357225],[80.68249705217542,7.343525981467351],[80.68243091146594,7.343508740673801],[80.68235422671826,7.343486712094256],[80.68228232880834,7.343491481701992],[80.68219317424564,7.343512517891154],[80.68215290472975,7.343545048963176],[80.68207823716422,7.343630473604764],[80.68203976000757,7.343680928318801],[80.68196879605155,7.343805330062356],[80.68191893469367,7.343870400422385],[80.68187098641368,7.343947911668862],[80.68183549939104,7.344035953423054],[80.68178754975159,7.344132604221993],[80.6817162031914,7.344279476853727],[80.68167916029401,7.344438839699222],[80.68166572337938,7.344514444692718],[80.68165707720767,7.344602491185338],[80.68165034795804,7.344693411050785],[80.68163883200813,7.344752746237439],[80.68161773070834,7.344805379423954],[80.68158320938016,7.344858009776559],[80.68154294211801,7.34488767053436],[80.68148254240758,7.344911582905127],[80.68140116273538,7.344928348649944],[80.68128026458673,7.34496322280823],[80.68120453124878,7.344972776092105],[80.68109141571364,7.344972752103762],[80.68097062394381,7.344992824578155],[80.68091693254446,7.345033010315756],[80.68084022850012,7.345104772105625],[80.68072803764599,7.34524926479531],[80.68068393121547,7.3453018921299],[80.68067337662369,7.345342086123702],[80.68066473544266,7.345410035375238],[80.68065703128659,7.345577518681299],[80.68064932048608,7.345771800082294],[80.68064148890657,7.345899748160992],[80.68062240965108,7.346098148944717],[80.68060897885385,7.346144086450728],[80.68058117184158,7.346175662375541],[80.68049104780569,7.346241679819579],[80.68031080409028,7.346348831868331],[80.6801794585307,7.346415797178067],[80.68004235935965,7.346491375598564],[80.6799829209264,7.346508588896561],[80.67994361618453,7.346513366023967],[80.67989376941803,7.34650378508243],[80.67968597964358,7.346430941325992],[80.679497881969,7.346398424565981],[80.67947679367876,7.34639363444685],[80.67945954143055,7.346380230770552],[80.67944804227398,7.346356302256189],[80.67944804787084,7.346330462721667],[80.67944997225214,7.346298880377041],[80.67946052192602,7.346277826878169],[80.6794739679299,7.346162225574249],[80.67947818099746,7.346073100250231],[80.67947701593428,7.345919374020318],[80.67946747357298,7.345718389851441],[80.67945412094112,7.345658038349304],[80.67940119026987,7.345509715902258],[80.67939322978427,7.345486885068924],[80.67937885518657,7.345469536539633],[80.67936567634791,7.34545577654014],[80.67934231395279,7.345441414787163],[80.6793255394238,7.345434831457545],[80.67929797873227,7.345433031363732],[80.67927161638558,7.345435418447487],[80.67923925983882,7.34544498168108],[80.6792194871661,7.345455145379242],[80.67919851160252,7.345482058305106],[80.67917154078776,7.345529307692821],[80.67913857368856,7.345589116540344],[80.67912494087766,7.345605363901648],[80.67910096650887,7.345643640541135],[80.6790686081134,7.345669952346102],[80.67903745196492,7.345678320337186],[80.67901707680313,7.345689081639397],[80.67898831279781,7.345714198730073],[80.67896314175026,7.345748886830402],[80.67892838078757,7.345797928648127],[80.67887204105712,7.345898406113247],[80.67883472673901,7.345947155278937],[80.67883935468099,7.345954066058713],[80.67884290237765,7.345959363328332],[80.67886144402894,7.345987048955442],[80.67887154473402,7.346002131295312],[80.67888690812973,7.346025071356613],[80.67890024097612,7.346047041564446],[80.67900765713522,7.346224041365808],[80.67900968898103,7.346227390438079],[80.67913627473915,7.346427358219206],[80.67917275677762,7.346511465333765],[80.67922372372647,7.346651552799563],[80.6792309542514,7.346673973827945],[80.67927712897551,7.346817142112474],[80.67931659088451,7.346952344749744],[80.67932715175343,7.346992535132981],[80.67932792103461,7.346995461621653],[80.67935677450639,7.347105271864682],[80.67944086526387,7.347366271682011],[80.67952622050261,7.347648612384845],[80.67957366296051,7.347744116942482],[80.67965026087474,7.34788140744933],[80.67969481345597,7.347941371386182],[80.67972813683653,7.347993829000389],[80.6797535777838,7.348035070662545],[80.67979333167449,7.348081831647253],[80.67980401287645,7.348093597109781],[80.67983815740784,7.34813121438737],[80.67992011571593,7.348214790443947],[80.67995390198233,7.348254720841049],[80.67996557187362,7.34826851576646],[80.6800128444452,7.34831663480014],[80.6800500652537,7.348353357462812],[80.68032898693237,7.348635017874996],[80.68059777130856,7.348883214958032],[80.68065147195648,7.348937574982233],[80.68067917427297,7.348964312969783],[80.68070001214015,7.348984427286709],[80.68074230330538,7.349031280063021],[80.68080225255169,7.349092061946926],[80.68082996250797,7.349125526127244],[80.68089942187545,7.349189476889349],[80.68096761913769,7.349233892634513],[80.68105211283253,7.349310504088037],[80.68109259505117,7.34934532832259],[80.68114176978149,7.34939028167944],[80.68119357026697,7.349435871312333],[80.68131908766927,7.349552913726677],[80.68154567541904,7.349748562247058],[80.68168767194662,7.349891652850688],[80.68173684823813,7.349934075905239],[80.68194196828955,7.350125196378747],[80.68203542860095,7.350202444355161],[80.68206757994926,7.350230937539127],[80.68212564844119,7.350290624646065],[80.68219816479969,7.350365163421229],[80.68223484381689,7.350395553865361],[80.68235211853477,7.35051512721349],[80.68241270273397,7.350582240036415],[80.68253567494284,7.350745130608168],[80.6825986937195,7.35085230450526],[80.68260902147239,7.350869965878098],[80.68261128151757,7.350873829529616],[80.68265845433783,7.350959746290599],[80.68269557759774,7.351031827836874],[80.68273275179223,7.351128916965074],[80.68273712980712,7.351140353685024],[80.68274998258899,7.351181229020241],[80.68276735993054,7.351243139369295],[80.68277876621622,7.35128378380471],[80.68280526876737,7.35145705454658],[80.68280643872443,7.351501907277328],[80.68280642067656,7.351510240418677],[80.68280633772169,7.351547394563071],[80.68280633159041,7.351550723298335],[80.68280623737891,7.351594056537483],[80.68280604272933,7.351658532341803],[80.68280594251877,7.351704561304432],[80.68280330633362,7.351749413240884],[80.68280320267854,7.351811901407421],[80.68280300632459,7.35188451773935],[80.6827965628882,7.351947636690431],[80.68279104452836,7.351987857997755],[80.68278876025391,7.352004514768104],[80.6827430317037,7.352227339760506],[80.68274260735957,7.352229405098165],[80.6827397477751,7.35224667124767],[80.68273827490431,7.352255558422343],[80.68273734891858,7.352261145008089],[80.68273245073975,7.352289720839678],[80.68270381030608,7.352376797353965],[80.68268912706182,7.352417217500422],[80.68267072939034,7.352465141674409],[80.68265160875781,7.352513699612271],[80.68262867965271,7.35256035591011],[80.68260394135764,7.35261714182158],[80.68252012794238,7.35274761419498],[80.68243441247182,7.35286868231478],[80.68234625562164,7.352982152862711],[80.68228711331818,7.353047617364235],[80.6822828306896,7.353073566320815],[80.68227639089123,7.353118960034127],[80.68226995155243,7.353149253709903],[80.68224638671556,7.353225028382045],[80.68220175171736,7.353388829730823],[80.68233367859801,7.353400108736485],[80.68233426934765,7.353420830039786],[80.68234298558554,7.353555484265328],[80.68236551273885,7.353650311397048],[80.68236549410419,7.353652778329392],[80.68236281823121,7.353692251461239],[80.68236274550834,7.353702098391987],[80.68236229056029,7.353763532062324],[80.68236225510854,7.353768436989667],[80.68235975057742,7.353785674272025],[80.68235701381124,7.353834728471934],[80.68237621270622,7.353991646097207],[80.68218445822846,7.354012323430957],[80.68218137307024,7.353973686474876],[80.68217323071572,7.353931363425452],[80.68214561978783,7.353847347958117],[80.68215565800533,7.353928194676957],[80.68215953986953,7.353985889967838],[80.68215545504202,7.354031646797099],[80.68215061839285,7.354060254282895],[80.68214738428411,7.35407939134919],[80.68212934669644,7.354133012674865],[80.68209328217839,7.354202546832032],[80.68206999264783,7.35424811785776],[80.68204208154644,7.354307434206433],[80.682021054401,7.354362954836872],[80.6820019298921,7.354429144822646],[80.68199656393791,7.354450612729661],[80.6819850687005,7.354496603115252],[80.68195695653893,7.3546457175174],[80.68194091473546,7.354693369955685],[80.6819149076816,7.354735052804967],[80.68190839339674,7.35474257070471],[80.68186498687562,7.354792647234731],[80.68182321795759,7.354847348706404],[80.681787965574,7.354922398345108],[80.68176403910662,7.354985513582834],[80.68173286313845,7.35506752629809],[80.68171092942863,7.35512630130302],[80.68168890886025,7.355176033267684],[80.6816609056212,7.355233633204093],[80.68163182035609,7.355280740293164],[80.68158507128362,7.355326848914579],[80.68154367062564,7.355353155351331],[80.68147944444483,7.355376382327612],[80.68140570936988,7.355390113013761],[80.68136395224097,7.355393087461071],[80.68132210227529,7.355393893368506],[80.68128632498846,7.355393794449101],[80.68119764820212,7.355384461325975],[80.68114583782366,7.355373599606506],[80.68109819624999,7.355361290074955],[80.68108451930047,7.35535830297218],[80.68101051799528,7.355346170498343],[80.68094593682324,7.355339192730035],[80.68088334582741,7.355340082803973],[80.68085417762897,7.35534251911174],[80.68080879617844,7.355350738591436],[80.68075480533494,7.35537053129684],[80.6807061586431,7.355399097769805],[80.68066756388023,7.355430649675219],[80.68063639339864,7.355481735181733],[80.68061699699648,7.355543224482113],[80.68061273010844,7.355583916257573],[80.68061833083055,7.355650835802958],[80.68063335715986,7.355705821478347],[80.68064964948302,7.355753842489287],[80.68067672383313,7.355800599777918],[80.68071185562476,7.355850035517858],[80.6807258949419,7.355869790277288],[80.68074174008105,7.355899634718934],[80.68074345230305,7.355936531510383],[80.68073520004627,7.355980749214235],[80.68071164120556,7.356022342985337],[80.68066915024045,7.356059500730514],[80.68063563206785,7.356075862345733],[80.68058118971025,7.356097191341128],[80.68053499064075,7.356107761802359],[80.68047991600442,7.356116521756747],[80.68025038474369,7.356117195147312],[80.68018072945529,7.356121522667777],[80.68010210298725,7.35613479812806],[80.68003588410099,7.356152689989208],[80.67998651323317,7.35617429129204],[80.67993070904683,7.356209908790613],[80.67989772946862,7.356244537365822],[80.67987109338691,7.35627419093005],[80.67983811079083,7.356322746654683],[80.67981880816276,7.356368771468672],[80.67981196639383,7.356386665226929],[80.67979678381033,7.356426369856306],[80.67976044011972,7.356527734276633],[80.67972663220455,7.356627019345461],[80.67966490994064,7.356798371256273],[80.67964442682687,7.356853619686495],[80.67962230624707,7.356937081982813],[80.67961423001266,7.357008610523291],[80.67960986782055,7.357074805387855],[80.67961030538463,7.357141451630488],[80.67961048457241,7.35715474581186],[80.67961227955024,7.357227360739958],[80.67961195033014,7.357262732438838],[80.67961153676833,7.357306940053538],[80.67960735417186,7.357384527351541],[80.6796020925153,7.357421422638515],[80.67958523448324,7.35746789830934],[80.67954926241971,7.357521516549663],[80.67949354208065,7.357587248165238],[80.67943555726842,7.357648547300204],[80.67939806191625,7.357704918797456],[80.67939460061143,7.357710121401856],[80.67935771898964,7.357780828021944],[80.67932746895518,7.357854795178312],[80.679327358388,7.357855066444945],[80.6792972658641,7.357946121321568],[80.67928454543524,7.358001233958383],[80.67928067490486,7.35801801063304],[80.67927160189143,7.358086826041425],[80.6792714026666,7.358165772457038],[80.67927135251544,7.35819647349506],[80.67927129823003,7.358229525717023],[80.67927120004506,7.358268681967113],[80.67926973599293,7.358332434932306],[80.67926899487735,7.358408214364503],[80.67926879793308,7.358480829762089],[80.679268601757,7.358554077266608],[80.6792683966909,7.358655722560354],[80.67925361230243,7.358754829936871],[80.67923548121342,7.358819392256287],[80.67921282481905,7.358870934360029],[80.67919343318255,7.358904751045423],[80.67915148573483,7.358952398656313],[80.67911932245794,7.358980875378353],[80.67910158170295,7.358991542290449],[80.67908597983931,7.359000922844563],[80.67907242174533,7.359009073086968],[80.67905359025275,7.359020395379178],[80.67908304357032,7.359040863411037],[80.67919365587747,7.359096908906034],[80.6792310387286,7.359117014213757],[80.67925979313746,7.359139990615913],[80.67928423381001,7.359160093114904],[80.67929142037045,7.359177321621643],[80.67929671733883,7.359224081504229],[80.67931363665517,7.359308727820546],[80.67931661263933,7.359369406213905],[80.67931080375637,7.359427461133688],[80.67928343216145,7.359501879245833],[80.67924508843072,7.359555758283865],[80.6792390339655,7.359564267356218],[80.6792220058162,7.359580227305575],[80.67918385895207,7.359615981459268],[80.67912306873625,7.359655576692473],[80.67908057855155,7.359695266320386],[80.67905837807159,7.359736859383969],[80.67903461264716,7.359885158815619],[80.67902871215367,7.359947735218996],[80.67903051256005,7.359995031498672],[80.67908248078672,7.360115133158235],[80.67911670815643,7.360171387254923],[80.67914387391549,7.360210640751795],[80.67916207052461,7.360257397102136],[80.67916196606816,7.36032115035596],[80.67913840159126,7.36037856931179],[80.67908883837391,7.360449183620471],[80.67896398861524,7.360586519036087],[80.67895824360942,7.360592289041203],[80.67890691001571,7.360643840262206],[80.678824364799,7.360757945184512],[80.6787539643249,7.360848722655216],[80.67870702749548,7.360916806350281],[80.6786845568329,7.36095496208204],[80.6786790272317,7.360969792329614],[80.67868074388669,7.360985708414745],[80.67868219136174,7.360998187190193],[80.67868988686921,7.361011843824283],[80.67869794645807,7.361021612040064],[80.6787711249218,7.361076699961845],[80.67884693154441,7.361121751598623],[80.67894293743903,7.361164274665871],[80.67900061386752,7.361186210190211],[80.67901811451961,7.361192866036494],[80.67907943445654,7.361204997902722],[80.6790997223055,7.361215763498186],[80.67915239672824,7.361271560400741],[80.67918041248078,7.361301237523183],[80.67926055556043,7.361399280305182],[80.67929523725111,7.361445407209682],[80.67937792783539,7.36149615734969],[80.67946134424382,7.36153741155885],[80.67966033478713,7.361618027839389],[80.67973750296817,7.361646620424284],[80.67973796579129,7.361646839365125],[80.67983097328081,7.361691040885147],[80.6799036133251,7.361719633370254],[80.68000115682459,7.361777980919844],[80.68010016180695,7.361775742353314],[80.68015396669216,7.361777743374691],[80.68025514595897,7.36178237612558],[80.6803360330129,7.361792070403193],[80.68039173806886,7.361803566971846],[80.6805296008219,7.361808931863166],[80.68062000164338,7.36180596699552],[80.68069591171118,7.361796667998847],[80.68080162522733,7.361772908327511],[80.68086367570665,7.361762340323383],[80.6809149482219,7.361746074721929],[80.6809560759364,7.361724108044513],[80.68101740177404,7.361713450338739],[80.68104213001128,7.36171987614323],[80.68106169193027,7.361736971608497],[80.68109944750269,7.361815925183703],[80.68112081403375,7.361865938519173],[80.681158033948,7.361908267753376],[80.68120540339648,7.361929890629684],[80.68132486956117,7.361980014307076],[80.68140629379553,7.362011139553912],[80.68144632984864,7.362019738000552],[80.68146759869462,7.362022424665269],[80.6814886311296,7.362025082341235],[80.68154732777796,7.362029797136906],[80.68162377257808,7.36205332515556],[80.68167557951362,7.362075581932074],[80.6817089996989,7.362096117549151],[80.68173752988133,7.362118640690557],[80.68181006900137,7.362192718322365],[80.68184798255392,7.362240783632338],[80.68186050841787,7.362256662196865],[80.68190080153961,7.362326212406014],[80.68193485379908,7.362369173015159],[80.68198031729348,7.362404631225567],[80.68206500212408,7.362446518231625],[80.68218418875134,7.362526120956346],[80.68220144166693,7.362518205612426],[80.68226963939166,7.362566330605193],[80.6822930767441,7.36258643363443],[80.68230876172153,7.3625998884168],[80.68235032682813,7.362655965660532],[80.68240520056102,7.362744687368866],[80.68241361806662,7.362758728419355],[80.68243290788402,7.36279090390442],[80.68252012751779,7.36284038839581],[80.68255030866851,7.36285198877048],[80.68256659482488,7.362858247236246],[80.68257945184011,7.362863189224428],[80.68264447992473,7.362912669045244],[80.68269745701625,7.362975259616998],[80.68270072318631,7.362980540518005],[80.68272833396239,7.363025182625749],[80.68287589583699,7.363172648998531],[80.68288736016714,7.363184104372952],[80.68296623959277,7.363257551034437],[80.68300662936214,7.363303677939913],[80.68306848644689,7.363348092948723],[80.68308397504094,7.363356596610994],[80.68309656372057,7.363362658958483],[80.68310969806126,7.363367002341553],[80.68311712553108,7.363368089954229],[80.68313666099863,7.363369437812931],[80.68315000620423,7.363370357552241],[80.68321522589163,7.363366121805517],[80.68329494060622,7.363356824067005],[80.68349159005011,7.363368623518364],[80.68354974252213,7.363373248414974],[80.6836976528761,7.363423469595666],[80.68379365871364,7.363462194467148],[80.68386195046743,7.36349521468597],[80.68391638164546,7.363540262864834],[80.68395423366448,7.363585303095509],[80.68397017153531,7.363607100960468],[80.68397950022448,7.363617412829187],[80.68398846504536,7.363630798344412],[80.68406381246471,7.363706594366044],[80.68416180297551,7.363793882382123],[80.68422628469841,7.363845620808202],[80.68423741226115,7.363856375245176]]]]}},{"type":"Feature","properties":{"GND_N":"Puwakgahadeniya","GND_NO":"599","GND_C":"065","PROVINCE_N":"CENTRAL","PROVINCE_C":"2","DISTRICT_N":"KANDY","DISTRICT_C":"1","DSD_N":"PATHADUMBARA","DSD_C":"12","Admin_Code":"2112065","GND_NO_Cen":"599","GND_NAME_C":"Puwakgahadeniya","GND_NO_Gaz":"599","GND_NAME_G":"පුවක්ගහha","shape_1":"Polygon","Area__Ha_":86.2128488208,"MWS_ID":"107-3","Alt_MWS":null,"Total_Pop":1152.0,"Density":1336.22774268,"Area_sqkm":0.86212848544},"geometry":{"type":"MultiPolygon","coordinates":[[[[80.66827015779995,7.358675275375042],[80.6683071380701,7.358657372791145],[80.66836773645218,7.35865774821342],[80.66839400164596,7.358667250612361],[80.66843375791959,7.358706777262488],[80.6684593922089,7.358706964295198],[80.66848194826174,7.358700911808913],[80.66851973136562,7.358655524058531],[80.66860344902302,7.35856800870613],[80.66866677474523,7.358530946657828],[80.66874449973764,7.358502751117984],[80.66883291533361,7.358462078767482],[80.668876855144,7.358427997137046],[80.66890340512202,7.358387038640972],[80.66891745801577,7.3583334178294],[80.66891846716983,7.358280335567204],[80.66891959826727,7.358096852137774],[80.6689189672048,7.358084372624261],[80.66891217696895,7.35807062651629],[80.66889823374183,7.358044940103386],[80.66889561006025,7.358031827100943],[80.66889823991961,7.35801925884334],[80.66891337524433,7.357984446859704],[80.66893196297828,7.357906590041581],[80.66893424177059,7.357850976942369],[80.66894375810244,7.357824844001856],[80.6689588893731,7.357806852025485],[80.66900463785697,7.35778091043283],[80.6690705935692,7.357730104473622],[80.66910402805965,7.357687247673694],[80.66912287385664,7.357666181954793],[80.66916490792633,7.357646478233579],[80.66921373058737,7.357643596141681],[80.66926817055457,7.357638997213425],[80.66929072911755,7.357625981563222],[80.66932968686797,7.357588190154382],[80.66935106862108,7.357568301527563],[80.66935940888501,7.357543434319026],[80.6693596940978,7.357487187728938],[80.6693495673309,7.357407245045594],[80.66933636472915,7.357314821360285],[80.66936228280524,7.357268165582203],[80.66937814002573,7.357244567093752],[80.66942198537087,7.357226039371813],[80.66949590333398,7.357207790106317],[80.66951755786462,7.357179672390738],[80.6695348883438,7.357131532404684],[80.66959623386062,7.356961121422137],[80.66961282844767,7.356884169301292],[80.6696376632873,7.356817889901209],[80.6696687442077,7.356768160706894],[80.6696784843853,7.356756452318108],[80.66972011888103,7.356706408221487],[80.66979949248282,7.356600443841828],[80.66983676997823,7.356539261318208],[80.66984483614047,7.356527900683935],[80.6698518759053,7.356513255381867],[80.66991439525786,7.356399354440935],[80.66991941472752,7.35638618628696],[80.66994494077886,7.356319240561112],[80.66998880413621,7.356224570581266],[80.67002214306969,7.356152297653916],[80.67003347585323,7.356158658487211],[80.67005239596983,7.356167409380306],[80.6701179769574,7.356197744354581],[80.6701987662694,7.356232306009993],[80.6702891568964,7.356263888439954],[80.67033661972461,7.356276559891298],[80.6703738463562,7.356280458095393],[80.67041814005059,7.356280558090624],[80.67047575156784,7.356273790342629],[80.67049948584996,7.356264209445031],[80.6705187820869,7.356253001563903],[80.67056000081418,7.356225338755943],[80.67056693806529,7.356218893625997],[80.67060747618099,7.356181220937035],[80.67064996826025,7.356142888564715],[80.67068548073964,7.356113868850998],[80.67071084945785,7.356091175951968],[80.67073829947807,7.356073277245333],[80.67076402667819,7.356062974265859],[80.67079998875884,7.356059366432052],[80.67081341408566,7.356061331023393],[80.67084374762501,7.35604958495384],[80.67099077828891,7.356014801204013],[80.67116468774128,7.355922049831671],[80.67121715758418,7.355901115798201],[80.67134679372295,7.35584083377522],[80.67136297566954,7.355830080895635],[80.67143267774809,7.355746166253312],[80.67144870808086,7.355725285155141],[80.67149131286388,7.355657806176438],[80.67150195333494,7.355642240205652],[80.67152188952856,7.355586375295024],[80.67154120608384,7.355530790572003],[80.6715968316717,7.355459630500601],[80.67163178662209,7.35539343834967],[80.67169381336473,7.355357524018789],[80.67174085128596,7.355331643027698],[80.67175659893847,7.355326417124573],[80.67180379388286,7.355310754773753],[80.67183521309174,7.355300327360879],[80.67184569169505,7.355295136398275],[80.6718769092044,7.355295065904011],[80.67190786792138,7.355289980089447],[80.67192863368784,7.355284817746039],[80.67196533466013,7.355289694149317],[80.67210100141381,7.355298974010988],[80.67215292167697,7.355303701110625],[80.67216846613817,7.355303588972474],[80.67220470732548,7.355318592525393],[80.672348893475,7.355322558805089],[80.67238988616732,7.355327302332605],[80.67245629822258,7.355351986177045],[80.67247666466888,7.355361804379625],[80.67258324923942,7.355365848683504],[80.67263376776343,7.355380447666175],[80.672668979687,7.355385019822137],[80.67271421467916,7.355329337044608],[80.6727500805358,7.355209111171264],[80.67275624864357,7.355058411599868],[80.6727564830149,7.355028149192965],[80.67275192732181,7.354967478529778],[80.6727471647052,7.354931985390509],[80.67274239304875,7.354896417192021],[80.67274250618686,7.35488116435895],[80.67270779043189,7.354783930322212],[80.67270301698584,7.3547326652512],[80.67270311866008,7.354712169273253],[80.67272360824758,7.35462053025085],[80.67276875537961,7.354423781779822],[80.6727988387495,7.354369068518229],[80.67282383099761,7.354324459652342],[80.67283380299173,7.354304636040419],[80.67292401257997,7.354256576031245],[80.67297522174417,7.354225785509829],[80.6730110870326,7.354205247134058],[80.67335162225177,7.354328808813898],[80.6736878613503,7.354267527233617],[80.67369086339805,7.354274398806778],[80.67393182130981,7.35428127053784],[80.67400831224529,7.354277693402997],[80.6740506068416,7.354265087138669],[80.67420146685059,7.354149048955906],[80.67421427397612,7.354144864051152],[80.67435891279908,7.354056985262771],[80.67448693971588,7.354006763211359],[80.67465899601075,7.353958737712332],[80.6747872516102,7.354017997652893],[80.67480329217281,7.354022890846388],[80.67492938480184,7.354101947234747],[80.67505853169177,7.354113656391195],[80.67509935258836,7.35366490034313],[80.67509870365633,7.353582618665676],[80.6751281225338,7.353456806157868],[80.67556195658513,7.352737134651458],[80.67570216218265,7.352715632899296],[80.67574532812749,7.35259361697506],[80.67560874283987,7.352507452452397],[80.67577779757406,7.352076814743962],[80.67557770693084,7.351783150194029],[80.67557734732269,7.35178318718963],[80.67553938196025,7.351786997525716],[80.67551851514001,7.351787290350612],[80.67546347535706,7.351788065621076],[80.6754096711516,7.351788504762482],[80.67531873104784,7.351781792452273],[80.67523322693788,7.351773634465933],[80.67514835437892,7.351768550328456],[80.67509056480515,7.35176446792651],[80.67501511625848,7.351754776663858],[80.67495488379905,7.351742554069964],[80.67492658741115,7.351735990578348],[80.67462396528947,7.351446857381376],[80.67451054900104,7.351396131047624],[80.6744985129841,7.351391496479779],[80.67439496334929,7.351329592471293],[80.67404721627398,7.351032313528235],[80.67393884460466,7.350965354171556],[80.67381596351613,7.350920273773264],[80.67379840100558,7.350916866869999],[80.6737702824781,7.35091708651632],[80.67376324627936,7.350917140973965],[80.67365745926351,7.350935372818073],[80.67363634075986,7.350935287500043],[80.6736081987576,7.350935172539047],[80.67360116620088,7.350935143799201],[80.67358357947238,7.350938586065555],[80.6735659972732,7.350942025619331],[80.67343955243541,7.350969570606002],[80.67341148490392,7.350976464894684],[80.67339395342883,7.3509798936017],[80.67330972414535,7.351018096394988],[80.67301443700568,7.351135857210987],[80.67282462309639,7.351217291053506],[80.67282101984064,7.351217359853131],[80.67277759476103,7.35124695034556],[80.67269752498497,7.35129205018945],[80.67265428102293,7.351310034899797],[80.67262924144606,7.351313348803107],[80.67262208389107,7.351313291081265],[80.67260062875603,7.351327352536662],[80.67217874260261,7.351373712366639],[80.67177969140717,7.351524549319183],[80.67176151591764,7.351531690875537],[80.67171426475292,7.351553191390154],[80.67168527160602,7.351574850796127],[80.67137897281043,7.35169670805725],[80.67134961711086,7.351703836128387],[80.67133511191541,7.351714681642838],[80.67069228657971,7.352092429402552],[80.66998002366147,7.35236412674495],[80.66975565511486,7.35237441687976],[80.66972107977072,7.352375585157569],[80.66923405456664,7.352532936992704],[80.6692068503458,7.352542573969282],[80.66918358997762,7.352552106987601],[80.66915257764164,7.352562382392279],[80.66909436455876,7.352579116144327],[80.66904343610098,7.352591118515978],[80.66874398220635,7.352655288368481],[80.66871146710253,7.352661958834716],[80.66867884239154,7.352668650071218],[80.66864610716706,7.35267536479064],[80.66860475247606,7.35267800446151],[80.66857572402819,7.3526798567311],[80.66841999614428,7.352668783181345],[80.66835231573896,7.352662677319909],[80.66831005633888,7.352664572505367],[80.66826769820582,7.352666472184525],[80.66823373869093,7.352667996790617],[80.66795112316638,7.352680673799762],[80.66789064915884,7.352678753814903],[80.66781718259357,7.352679906208273],[80.66779121696506,7.352680398194028],[80.6677172997303,7.352687290969741],[80.66765166929099,7.352702940287464],[80.66760786904776,7.352708889922419],[80.66732209869565,7.352713756219366],[80.66726029784321,7.352711242604946],[80.66717548377133,7.352714897048641],[80.66714402876153,7.352716466492557],[80.66712152220641,7.352717589580117],[80.66708130005595,7.352718968789493],[80.66707705359946,7.352723046155876],[80.66705421660787,7.3527641863217],[80.6670100919484,7.352822503030315],[80.66696243926087,7.35285468545696],[80.66682872407931,7.35293567735549],[80.66672952344022,7.353001214995529],[80.66667381466091,7.353010878307724],[80.66661946719218,7.353009869376791],[80.6665580534643,7.353005785891984],[80.66649900277338,7.352976652010575],[80.66648161625778,7.352961003331107],[80.66645309358341,7.352920845344678],[80.66643190228784,7.352907004334408],[80.66638190247029,7.35290672169045],[80.66638024033958,7.352906708622656],[80.66636212905577,7.3529762902006],[80.66638044764613,7.35299555903311],[80.66639369457037,7.353052136302773],[80.66639086254935,7.35307259814824],[80.66636685350817,7.353135293830496],[80.66636579327266,7.35313714196322],[80.66637903000674,7.353168877157457],[80.66638036768113,7.35325062636253],[80.66637944913629,7.353302443530985],[80.66635162943237,7.353350273365219],[80.6663497568756,7.353355077460995],[80.66640572694294,7.353520663407553],[80.66640558609537,7.353533536108076],[80.66640548328546,7.353774727820474],[80.66640537393663,7.353784747456649],[80.66640733810644,7.353834662679946],[80.66640692223535,7.353871932468746],[80.66640604048307,7.353950930241324],[80.66640339645936,7.353965665189363],[80.66639565703893,7.35399261238678],[80.66639305258245,7.354004833385689],[80.66639291401435,7.354019483039324],[80.66636211854207,7.354145333484478],[80.6663595790401,7.354154934736968],[80.66635208637342,7.354169285975524],[80.66634210191302,7.354190768830072],[80.66633462860219,7.354207437798268],[80.66627809937711,7.354278136699986],[80.66626106506027,7.354285015158133],[80.66623435996749,7.354301183844927],[80.6662029269657,7.354319575046508],[80.6661692364931,7.354342531510325],[80.66596398495012,7.354410335303152],[80.66577946673233,7.354472171201793],[80.6657698604672,7.354476943545572],[80.66573610053369,7.354491291007199],[80.66572134206737,7.354496143465963],[80.66555667897885,7.354539322096916],[80.66555191026946,7.354541689284575],[80.6655375987065,7.354548789941608],[80.66540384826071,7.354600917889464],[80.6653918959782,7.354605660706833],[80.6653703860272,7.354612773141473],[80.66533214842323,7.35462462449568],[80.66532259166026,7.35462699411249],[80.6652483951923,7.354662601600892],[80.66524127204157,7.354669689560667],[80.66508319491233,7.354607346689269],[80.66485469627686,7.354549675060484],[80.66482231835965,7.35455029821046],[80.66461190285739,7.354508265427272],[80.66459581580074,7.35450858425361],[80.66453955729862,7.354509697892043],[80.66451546928594,7.354510176590221],[80.66436322105473,7.354513192416497],[80.66433123715971,7.354513825576783],[80.66421149799577,7.354524182454097],[80.66417171267048,7.354603360386075],[80.6641717368467,7.354618910762751],[80.66413198441205,7.354729367587328],[80.66411608390754,7.354776708318159],[80.66410814029837,7.354808185068587],[80.66403657093734,7.354943054581665],[80.66402862838045,7.354966706408872],[80.66398097353793,7.355038123442044],[80.66380668439017,7.355213456357779],[80.66376716052658,7.355260992802938],[80.66368038841023,7.355340514275365],[80.66367252117432,7.355356324915431],[80.6636019797499,7.355404746094137],[80.66349272527556,7.355492785820691],[80.66344607119368,7.355524796296219],[80.66335305505011,7.355573017349134],[80.6633144051534,7.355581366969241],[80.66324492231573,7.355605609142274],[80.66320589210089,7.35561347395138],[80.66309627556167,7.355667837297783],[80.66303373950895,7.355691192264111],[80.66294831060708,7.35573810029485],[80.66288308835826,7.355866783081174],[80.66274913980855,7.356022006877184],[80.66272415988433,7.356035219625819],[80.66269911923402,7.35605569570742],[80.66267426714661,7.356071988536565],[80.66257030796658,7.356137418218545],[80.66254580402804,7.356145302029035],[80.66251697472508,7.356157374368707],[80.66250436567573,7.356165630152297],[80.66242232903492,7.356215386586605],[80.66239506840108,7.356235234501252],[80.66238614043367,7.35624029903288],[80.66235805969778,7.356265062519649],[80.66234783669981,7.356279730403083],[80.66230560017507,7.356314800227495],[80.66227872755562,7.35633330715442],[80.66225646846142,7.356347177091604],[80.66215914127082,7.356427442525108],[80.66213137049039,7.35647624331378],[80.66211414823641,7.356480714313136],[80.66209953210956,7.356495285215008],[80.66206742469566,7.356510813834107],[80.66203699757216,7.356607650433651],[80.66202232782251,7.356640598533675],[80.66192258542252,7.356686410315595],[80.66189125138726,7.356695480597991],[80.66192326124398,7.356979575978986],[80.66200514211674,7.356990629352437],[80.66210577911676,7.356985319635532],[80.6621533338469,7.356981532783319],[80.66219219432648,7.356975574292624],[80.66225279438481,7.356971973421029],[80.66231729012944,7.356961950278989],[80.66236230994453,7.356952920524045],[80.6624142181643,7.356934123346715],[80.66245914965421,7.35691622959646],[80.66261880132996,7.356833367391327],[80.66255298647391,7.356976090153933],[80.66247157200002,7.357171437478946],[80.66239466758732,7.357334296190456],[80.66233425359673,7.357527870063459],[80.6622243984837,7.357666428108379],[80.66213547360515,7.357752355689873],[80.66204613745116,7.357845385531392],[80.66197184119271,7.357928019726437],[80.66192463593758,7.357974486960906],[80.66188558236469,7.358026656988335],[80.66184345208174,7.358066978068917],[80.66182832061332,7.358088134855533],[80.66182794331193,7.35814302585452],[80.66183642449772,7.358177856286043],[80.66181883473682,7.35820227968498],[80.6615331211344,7.358413139397658],[80.6616193143429,7.35874334541898],[80.66174148592351,7.358958713446007],[80.66200746741065,7.359131051710176],[80.66191736310894,7.359876957053953],[80.66213644978441,7.360002698180555],[80.66234679712434,7.360196671939442],[80.66248472578478,7.3603418916896],[80.66250749512882,7.360537313376682],[80.66248840094863,7.360724393999775],[80.66244884932217,7.36094219305668],[80.66231559673166,7.361266943491923],[80.6621143740883,7.361572017042239],[80.6619112253705,7.361831303420595],[80.66194362160242,7.362125352483149],[80.66195998135242,7.362454700460952],[80.66206076678482,7.362695268508355],[80.66226151477437,7.36297364823312],[80.66236466742426,7.363249515307328],[80.66245733335738,7.363401935339956],[80.66288032017928,7.3638060356594],[80.6630058677877,7.364210859800296],[80.66298463115946,7.364580659352399],[80.66298447140319,7.364599797037821],[80.66297313752544,7.364839769475256],[80.66316158764288,7.364908116305991],[80.66315658555547,7.364826581439083],[80.6632030949537,7.364754674121079],[80.66321150497522,7.36473881209047],[80.66321794583823,7.364729731821041],[80.66322867386592,7.364713804361742],[80.6632717367197,7.364645000631183],[80.66328476041905,7.364624191428017],[80.66328911282805,7.364617237546525],[80.6633353613763,7.364477092483861],[80.66334200649456,7.364466225364846],[80.66337761704587,7.364404948953811],[80.66340036795125,7.364378419782771],[80.66340925329507,7.364356260314312],[80.66347819475746,7.364257396881396],[80.66349450252928,7.364234596323652],[80.66350374946488,7.364211732493535],[80.66350812085004,7.364172686773069],[80.66351476911603,7.364117087488181],[80.66351459870215,7.3640960651549],[80.66351453041985,7.364086684821184],[80.66361522339632,7.364027425097475],[80.66365363819712,7.364013134146845],[80.6636632377489,7.364010742877161],[80.66370186261466,7.363953708369147],[80.66370672895522,7.363941793615933],[80.66371401352816,7.363927476742554],[80.66382951189058,7.363847191167675],[80.66385112619027,7.363805293991467],[80.6638607686196,7.36379808008973],[80.66387282177789,7.363793071479673],[80.66389934664662,7.363743420246804],[80.66390417853137,7.363731613094421],[80.66389220661185,7.363655070935422],[80.66388978983264,7.36364811896487],[80.66388736884078,7.363643506420572],[80.66384347784262,7.36359538928324],[80.6638361183153,7.363590871353908],[80.66382874218493,7.363583944361795],[80.6637668836323,7.363527811497581],[80.66373693359829,7.363506731939976],[80.66372691070727,7.363499677678471],[80.66366905531092,7.363449416531251],[80.66364662076168,7.363432253578593],[80.663636645959,7.363424894577678],[80.66362918355962,7.363422434808746],[80.66361673888483,7.363417520416324],[80.66360674024631,7.363407705326562],[80.66357671535337,7.363378235632537],[80.66354166019354,7.363346265180869],[80.66351664590928,7.363329026514962],[80.66350911682188,7.363321638285458],[80.66349143580479,7.363294531017657],[80.6634863566713,7.363284665619708],[80.66348119517052,7.363267391260834],[80.66347613715584,7.36325998285459],[80.66346299944225,7.36319813980674],[80.6634628036452,7.363180788024989],[80.66346271947464,7.3631733465088],[80.66346732256503,7.363138577285843],[80.6634696817359,7.36312614373822],[80.66347190727947,7.363101249789904],[80.66347427098619,7.363088788210049],[80.66348147916005,7.3630613426749],[80.66349130805797,7.363043851443928],[80.66349864143793,7.363026342402216],[80.66352819492653,7.362971190183807],[80.66353063347358,7.362963657968566],[80.66353809748705,7.362956114358926],[80.66361576974212,7.362925836206512],[80.66363581409205,7.36291321630131],[80.66364083204043,7.362910690946343],[80.6637161945339,7.362883678531187],[80.66377023645562,7.362847443201741],[80.6637756499224,7.362842600220505],[80.66379990436236,7.36282331214404],[80.66380799149196,7.36281607705306],[80.66384053510993,7.362774957607026],[80.66388480909406,7.362726373384098],[80.66391610389121,7.362680421032579],[80.66393012313354,7.362655454984441],[80.6640692400557,7.362464262711394],[80.66408850659403,7.362435976474517],[80.66412049824442,7.36239594293419],[80.66413031131809,7.362379985379149],[80.66418846117328,7.362285424496238],[80.66420280606916,7.362262097114254],[80.6642737690253,7.362151526059432],[80.664288747374,7.362130620551842],[80.66430752876443,7.362097144398078],[80.6643357306397,7.362045511324443],[80.66434642572993,7.362019640129346],[80.6643936550331,7.361899689130725],[80.66441912613216,7.3618541928617],[80.66442573505988,7.361835668091653],[80.6645044258374,7.361672656683829],[80.66451312689408,7.361658914380112],[80.66451857137267,7.361642277498917],[80.66452897937215,7.361612500549517],[80.6645515243751,7.361550079541792],[80.66462221464872,7.361478652850062],[80.66468518359994,7.361425959537542],[80.66483239186128,7.361294688936603],[80.66485682726983,7.361275656762057],[80.66489131330101,7.361203256124227],[80.66489954360145,7.361195621346758],[80.66497909952396,7.361140019362696],[80.66499404705797,7.361137072343027],[80.66507933228019,7.361073946168675],[80.66510535284948,7.36105122572843],[80.66518504277488,7.360995648156088],[80.66519753527517,7.36098654313219],[80.6652248404098,7.360974195340424],[80.66529323097794,7.360905011539458],[80.66532079691412,7.360881994858447],[80.66532848279233,7.360878069382207],[80.6654082357309,7.360809258237809],[80.6654289035603,7.360787627039993],[80.66546124578275,7.360757479307343],[80.66549728196217,7.360723423191279],[80.66551846171569,7.360690242378191],[80.66553904616921,7.360661433714086],[80.66555870447928,7.360637896897153],[80.66563686787929,7.360568128566225],[80.6656442855572,7.36056084082544],[80.66566751535015,7.360519508234028],[80.6656797928689,7.360515193227691],[80.66575895979855,7.360442041226423],[80.66576401745742,7.360432626888364],[80.665807566399,7.360398483978893],[80.66582049924705,7.360388759599122],[80.6658457877076,7.360373911781737],[80.66592619708914,7.360312829767476],[80.66595425504228,7.360299869903463],[80.66597067330302,7.360287040102572],[80.66602732760232,7.360248707153742],[80.66604355198048,7.360236020182001],[80.66618981664496,7.360151910918129],[80.66620978499762,7.36013812523013],[80.66631743482418,7.360043450518439],[80.6664206430032,7.359972555105748],[80.66666156044388,7.359824131464356],[80.66672973394877,7.35977780812327],[80.66674040359126,7.359769945119186],[80.66677917598876,7.359717648900089],[80.66679669886489,7.35969917287959],[80.66680368627033,7.359691803626522],[80.66686646772311,7.359648105941396],[80.66689436835294,7.359637389550741],[80.66690834221897,7.35963387703984],[80.66697043875315,7.359598021275084],[80.6669945675711,7.359587383535852],[80.66700479589919,7.359580241145869],[80.6670115115074,7.359573073482364],[80.66707855338721,7.359512743084506],[80.66712666022855,7.359445016300595],[80.66720508552906,7.359387722589162],[80.667237250622,7.359354997420857],[80.66726632862719,7.359322636836414],[80.6672806548228,7.359308067504817],[80.66733185970634,7.359250522982402],[80.66736269875582,7.359213764297215],[80.66738764857436,7.359183052146355],[80.66746041526375,7.359106981904106],[80.66749441153019,7.359086761842941],[80.66751527508308,7.359071540281469],[80.6675459648299,7.359056339191017],[80.66807219743382,7.358794481451652],[80.66817307039771,7.358691522142881],[80.66822814383582,7.358686200054749],[80.66825504807817,7.358682589338946],[80.66827015779995,7.358675275375042]]]]}},{"type":"Feature","properties":{"GND_N":"Eriyagasthenna","GND_NO":"597","GND_C":"085","PROVINCE_N":"CENTRAL","PROVINCE_C":"2","DISTRICT_N":"KANDY","DISTRICT_C":"1","DSD_N":"PATHADUMBARA","DSD_C":"12","Admin_Code":"2112085","GND_NO_Cen":"597","GND_NAME_C":"Eriyagasthenna","GND_NO_Gaz":"597","GND_NAME_G":"ඊරියගස්st","shape_1":"Polygon","Area__Ha_":128.234856261,"MWS_ID":"107-3","Alt_MWS":null,"Total_Pop":1995.0,"Density":1555.73926198,"Area_sqkm":1.2823485585},"geometry":{"type":"MultiPolygon","coordinates":[[[[80.69462944810869,7.350185291889258],[80.69468624330186,7.350173546298166],[80.69483596962895,7.350177913276202],[80.69484364081954,7.350177621675952],[80.69529430847223,7.349653629235278],[80.69540062623129,7.34949934818266],[80.69561283660211,7.349191404462932],[80.69566793946704,7.349155469250195],[80.69591988710907,7.348878780698119],[80.69597147600231,7.348794442922568],[80.69599948115182,7.348764120340735],[80.69591648306216,7.348692973024503],[80.69582754541179,7.348628751585392],[80.69572792562323,7.348535590524889],[80.69571289247916,7.348519401710521],[80.69570492577084,7.348501042030751],[80.69570139580237,7.348481598889395],[80.69569777554905,7.348460527987021],[80.69569696792517,7.348428516432373],[80.69569878498537,7.348393066286455],[80.69570322791421,7.348372721179627],[80.69570902781783,7.348356806495289],[80.69571908241396,7.348349755645708],[80.69580387094734,7.348316400296595],[80.69591619151807,7.348289382698727],[80.6960625686096,7.348283260558829],[80.69625431780716,7.348315577526784],[80.69639082055402,7.34831153250907],[80.69642444925002,7.348308918735276],[80.69654054913646,7.348299893659827],[80.69665323562727,7.348267629177913],[80.69675478756743,7.348187888610487],[80.69683152280427,7.348102716902096],[80.69691803879675,7.348027133424177],[80.69702891092648,7.348010060810659],[80.6971612546045,7.347957724153971],[80.69726108268955,7.347893264976439],[80.69727097780478,7.347881249441634],[80.69730249355486,7.347866750883155],[80.69731459762895,7.347866404858541],[80.69733441627858,7.347866061096379],[80.69741566164029,7.347865966878202],[80.69742733451123,7.347865899299955],[80.69751743051404,7.347880032205762],[80.69752906534254,7.347879963713899],[80.69754844917513,7.34787984955878],[80.6976307879284,7.34790488968323],[80.69764623340241,7.34790479563198],[80.69766579983252,7.347911946671816],[80.69774760992263,7.347940416702408],[80.69775924049588,7.347943954563068],[80.69777863665249,7.347951044979887],[80.69784680061372,7.347997730685393],[80.69823256279265,7.348066592833599],[80.69835789262797,7.348186947483128],[80.69864956417102,7.348076235467514],[80.69881125963043,7.347778593201324],[80.69878120456232,7.34767006715689],[80.69868988441623,7.347423625247489],[80.69867078345179,7.347364960726512],[80.69852675060875,7.347060136007476],[80.69856085642992,7.347032156462599],[80.69856819151707,7.347031875591442],[80.69858594671507,7.347026542377638],[80.69859790319427,7.347020575146637],[80.6986083209033,7.347013704250299],[80.69864410531443,7.346984682328635],[80.69870353228278,7.346915101994206],[80.6987089726193,7.346908733026667],[80.69876550714896,7.346830157987791],[80.69888382165978,7.346714157282275],[80.69902976285006,7.346606570416194],[80.69913150037826,7.346501778333021],[80.69920144166127,7.346447208452179],[80.69922906450506,7.346425653716215],[80.69929237075222,7.34634042862417],[80.69855708884211,7.345820957975313],[80.69865778625989,7.345581711358509],[80.69884799235405,7.345517600230539],[80.6989227754531,7.345438980387272],[80.69917104028045,7.345253474665895],[80.69938334047788,7.34489670033696],[80.69948361224927,7.344537240846632],[80.69948848031912,7.344139318566132],[80.69941216809863,7.343741329925297],[80.69892690381874,7.343288360758572],[80.69873693198359,7.3429682200995],[80.6985968988411,7.342651416746918],[80.69858696715038,7.342457750412759],[80.69856049741554,7.342313437163314],[80.69852455214135,7.342201838141977],[80.69852132525016,7.342189221652187],[80.69851811973426,7.34217348622514],[80.6984827264777,7.342070117356892],[80.69840365518107,7.341971019164024],[80.69836652566049,7.341924488139146],[80.69836288377995,7.34193353686649],[80.69835250274309,7.341959330305724],[80.6982959607391,7.342083934334266],[80.69825763475029,7.342151298241509],[80.69823035957367,7.342216491931952],[80.69816077088134,7.342366142863181],[80.69813340174419,7.342445355938974],[80.69808447765614,7.34251027636577],[80.69799452012617,7.342601142218713],[80.69791490064034,7.342611799093389],[80.69783618816297,7.342615403453944],[80.69775828854758,7.34262714395639],[80.69768455568301,7.342653266304622],[80.69762530564027,7.342708057582473],[80.69756986296741,7.342770806481582],[80.69753208668081,7.342791508389269],[80.69746913567727,7.342794481535023],[80.69743734398443,7.342788688410594],[80.6974246632931,7.342782626448141],[80.69740021231443,7.342764807382524],[80.69738961433283,7.342762002180056],[80.69734441595692,7.342763079393559],[80.69731778699065,7.342763527763361],[80.69719559492626,7.342775261274327],[80.69712530306174,7.342801293706228],[80.6970417876457,7.342817827706941],[80.69684613448541,7.342849805431293],[80.69675419681863,7.342858017396083],[80.69664550284637,7.342858089450613],[80.69659274858691,7.342848405851263],[80.69658469199993,7.342826474170753],[80.69639308932858,7.342635939646957],[80.6961707139151,7.342314598463274],[80.69592816233352,7.342252472888513],[80.6957613375225,7.342173220621893],[80.69556672711334,7.342215187812901],[80.6953582787638,7.342209263255342],[80.69513102394752,7.342252628750621],[80.69494661776068,7.342280422569533],[80.69479132179212,7.342375253051022],[80.69445657833022,7.342365515185761],[80.69427119541784,7.342226536109196],[80.69411452552787,7.342083299331503],[80.69394098574801,7.342043155357257],[80.69369570471952,7.341970752486348],[80.69351053801054,7.341894171843851],[80.69330068205025,7.341713703864162],[80.69281412647338,7.341629329886179],[80.69255103726614,7.341403134622516],[80.69231919011531,7.34106163739225],[80.69215816308622,7.340786240680243],[80.69214207995253,7.340758734197369],[80.69181947529643,7.340546519622535],[80.69156872880012,7.340437516526999],[80.69154383250019,7.340367337923309],[80.6914762053688,7.340188454038745],[80.69144371134244,7.340071340673122],[80.69144203116667,7.340028210533152],[80.69106691795461,7.339997571322092],[80.69035363589614,7.339461630450341],[80.68999407777707,7.339155052531832],[80.68987914636867,7.338889455652228],[80.68919377023013,7.338755335367056],[80.68889430844685,7.338202470478341],[80.68778644414714,7.33714611357946],[80.68696727075398,7.336668528274731],[80.68688525444297,7.336806598107406],[80.68688163474019,7.336807969214332],[80.68687903562525,7.336833050442785],[80.68684287813704,7.336929907649959],[80.6868340314399,7.336953107587788],[80.68683251651969,7.336973658474144],[80.68677923482988,7.337069588970513],[80.68677415390361,7.337076611678452],[80.6867687075588,7.337099200079492],[80.68663915701974,7.337303105391624],[80.68662281481625,7.337395578855969],[80.68662010584318,7.337408306378294],[80.68661137595168,7.337422548309855],[80.68662080210937,7.338047116020878],[80.68658438209107,7.338088254526756],[80.68650611181208,7.338148736744395],[80.68643780940353,7.338182454482485],[80.68635936605503,7.338207034911569],[80.68627594477587,7.338203763609576],[80.68619733096557,7.338175170968225],[80.68610630778579,7.338139522258711],[80.68601592066821,7.338102881638516],[80.68594808607502,7.338066965363427],[80.68586494271516,7.338042172537786],[80.685746349732,7.338034230563665],[80.68572002220472,7.338032466384971],[80.68572232984535,7.338261979816751],[80.68574967190999,7.338326100402341],[80.68578317469074,7.338373853442397],[80.68583360926684,7.338455973399138],[80.6858700979735,7.338528144115024],[80.68588847048076,7.338595699236143],[80.68589298465332,7.338663795052388],[80.68588971108065,7.338731707535552],[80.6858785482727,7.338844471849827],[80.6858651354183,7.338877114480393],[80.68581875024299,7.338930550336555],[80.68575224775509,7.339016354363339],[80.68565032669551,7.339130547242768],[80.68561064945557,7.339153328565524],[80.68552396102218,7.339189662211882],[80.68549908978844,7.33919292533321],[80.68549518491983,7.339193436378908],[80.68540339505998,7.339506884420732],[80.6854980781995,7.340138565395737],[80.68500566009305,7.33999222440413],[80.6850026018964,7.340069264046591],[80.68498776081965,7.340193763622032],[80.68498608771614,7.340207798964656],[80.6849698574216,7.340295603459479],[80.68494448561766,7.340350217278409],[80.68491974258141,7.340421743493422],[80.68490323992428,7.340508101044946],[80.68489379969049,7.340536146976402],[80.68487858800422,7.340581345450752],[80.68485276668817,7.34062375018086],[80.68481598398844,7.340656028102408],[80.68475583217415,7.340702676956324],[80.68473544195103,7.340748974001309],[80.68468497705133,7.340819136691583],[80.68465217502857,7.340878724449023],[80.68462335809042,7.340948619355636],[80.68456599701926,7.34106978510397],[80.68451117589089,7.341163532905641],[80.68448435835379,7.341209392749541],[80.68446049211325,7.3412229153313],[80.68445229120633,7.341227563577806],[80.68439793583173,7.341271682424041],[80.68436169178494,7.341331358979489],[80.684300356081,7.341408392096982],[80.68424319114413,7.341456036223981],[80.68418638747306,7.341513087878305],[80.6840881872179,7.341587943072588],[80.68401943088209,7.341623287176858],[80.68396018272377,7.341679160896936],[80.68392185396362,7.34174534706069],[80.68390164133334,7.341812624826572],[80.68387010241332,7.341904223287422],[80.68388050694277,7.341961649552379],[80.68389200416568,7.34198679062886],[80.68391147386696,7.342008227513857],[80.68396563364848,7.342034733821889],[80.68404651504152,7.342055007736805],[80.68409325478474,7.342054926006511],[80.68417904376598,7.342043935545945],[80.68425731902654,7.341950876253572],[80.68427864004163,7.34192437370572],[80.68428793176487,7.341905293920175],[80.68429251690266,7.341895932614638],[80.68434381786007,7.341808897666125],[80.68434916109962,7.341790858826874],[80.68435694622968,7.341781990116775],[80.68442831102504,7.34167687321377],[80.68443915579151,7.341668299026758],[80.68444661930799,7.341659724147553],[80.68461155432479,7.341575069922847],[80.68468583029531,7.341518047101237],[80.68470266430052,7.341499256414009],[80.68471270436504,7.341488047822266],[80.68473238725657,7.341476963278351],[80.68487721683651,7.341378473542442],[80.68488348812788,7.341370954638474],[80.68509847140564,7.34121956564724],[80.68510130718721,7.341216054815952],[80.6851097846342,7.341205556679467],[80.6851270333982,7.341191481998615],[80.68524366835003,7.341104332700014],[80.68524916670351,7.341098311159224],[80.68526610341807,7.341086475463086],[80.68538011708645,7.341007880300168],[80.68538898725853,7.341008115406759],[80.6854846087295,7.341016627068691],[80.68549948594594,7.341017021641309],[80.68552115519309,7.341023603921917],[80.68553351105052,7.341026942393169],[80.68559186604116,7.341054953209653],[80.6855791895943,7.341087082332339],[80.68556495558258,7.341157614163416],[80.6855261762173,7.341213944382522],[80.68547897692031,7.34126068728577],[80.6853650082735,7.341367100641347],[80.6853365139617,7.341383075705403],[80.68531808483107,7.341393406341751],[80.68522812830317,7.341454518962278],[80.68517377178198,7.341508947857342],[80.68516691652741,7.341515204240251],[80.68507420795622,7.34159980914994],[80.6850137808043,7.341668072622148],[80.68493786042774,7.341745013333982],[80.6848284190636,7.341862368627707],[80.68481926650192,7.341883166628211],[80.68481725778835,7.341952615759705],[80.68481893266576,7.341996411479363],[80.68482122379376,7.342056340084109],[80.68481133194416,7.342148848230498],[80.68480153038367,7.34221617246989],[80.68479616610085,7.342253017188116],[80.68478085330966,7.34235818898635],[80.68476327479432,7.342403218769334],[80.68476139502121,7.342413496689885],[80.68475166698727,7.342466699352084],[80.68476641512274,7.342544834108806],[80.68476686673317,7.342555501354921],[80.6847717326614,7.342670080205026],[80.68475643874648,7.34269175864586],[80.6847501698725,7.34270064123626],[80.68469219183896,7.342741866510346],[80.6846469583589,7.342781581481273],[80.68463792525128,7.342789511274852],[80.6845984889837,7.342827951453668],[80.68453548878549,7.342889357002451],[80.68452522520514,7.342899361916601],[80.68449885740677,7.342942401328717],[80.68448445151463,7.342962201704852],[80.68445645949133,7.342979559491859],[80.6844250292669,7.342983079838866],[80.68441954598568,7.343003750169888],[80.68441351609762,7.343026483103155],[80.6844073237978,7.343050566126869],[80.68441821363169,7.343056464409599],[80.68451694071364,7.343108165506211],[80.68455911951263,7.34312364493965],[80.68456391070602,7.343125401170432],[80.6846319664509,7.34314168528941],[80.68469523375636,7.343156054916365],[80.6848102563147,7.343209673683511],[80.68485434170837,7.343256577089794],[80.68491377424937,7.343265203583097],[80.68500867685634,7.343270008468178],[80.68511412145799,7.343285342462224],[80.68514575041964,7.343311189335306],[80.68516779362523,7.343332249594497],[80.68518983396632,7.34337627733003],[80.68519941680302,7.343395421553372],[80.68521570093033,7.343452848075215],[80.68522431838554,7.343497831645081],[80.68523868277902,7.343570570332466],[80.68524345264255,7.343681589819261],[80.68525588028679,7.343857690804796],[80.68526065697513,7.343935212210213],[80.68525391977032,7.344064413077054],[80.68525005826885,7.344203186569431],[80.68525195475925,7.344306547835737],[80.68526535704024,7.344393643032614],[80.68534200588826,7.34459368397747],[80.68538129212035,7.344678870007957],[80.68543303307466,7.344798512485289],[80.68544356402764,7.344863593656584],[80.68545121692888,7.344943988608682],[80.68546270671932,7.345010984381851],[80.68548665991274,7.345074154764691],[80.6855374457982,7.3451736980068],[80.6855748177525,7.345238786411881],[80.6856361610583,7.345286650886317],[80.68571763314227,7.345336434729671],[80.68579718900088,7.345384303763294],[80.6858451146245,7.345407281809062],[80.68585024908054,7.345409322950794],[80.68604257269048,7.345498241964433],[80.68611172448858,7.345520790186481],[80.68619211178925,7.345528898942856],[80.68630426448505,7.345556675404333],[80.68638670014933,7.345585402635237],[80.68653047785044,7.345660082508343],[80.68669056219326,7.34568595586228],[80.68677491492254,7.345712769900972],[80.68683165552488,7.345741119349683],[80.68696086817495,7.345812339936481],[80.68707780565046,7.345879356655458],[80.68714586443538,7.345896598054239],[80.68722063382636,7.345910968710345],[80.6872915682874,7.345929167410241],[80.68735100085321,7.34593970528015],[80.6873922188718,7.345951198093438],[80.68743727349266,7.34595503674169],[80.68748742784572,7.345953401747298],[80.68773347473963,7.346015389691042],[80.68781591020385,7.346046031973721],[80.68790793209517,7.346078589634581],[80.68796065375884,7.346089127910298],[80.68801146049172,7.346091051416631],[80.6880756880049,7.34609393430896],[80.68813799745028,7.346094904215189],[80.68820222537894,7.346091088920279],[80.68825999041931,7.346087955096286],[80.6883151110431,7.346100860361132],[80.68834988792358,7.346113186494779],[80.68840160576252,7.34615716563162],[80.68844952878487,7.346194499204012],[80.68847540865124,7.346213645644232],[80.68852237821956,7.346230881801623],[80.68858276879796,7.346243335009382],[80.68872419921894,7.346276788378873],[80.68879494566322,7.346298264902396],[80.68893667416191,7.346336142111622],[80.68905026782346,7.346343343478272],[80.68912126594135,7.346333125097996],[80.68930621569552,7.346366362473258],[80.68934791324352,7.346376420072505],[80.68943418964223,7.346377871011806],[80.68956360671247,7.346364976282988],[80.68962256505789,7.346350630971017],[80.6897663716171,7.346280316652447],[80.68982964633386,7.346250180309141],[80.68988748602362,7.346221730338526],[80.68993318174242,7.346231538161802],[80.68997200287986,7.346244467214484],[80.69001513430742,7.34627318531225],[80.69008271169562,7.346307652235292],[80.69014741087068,7.346344989756246],[80.69025380265442,7.34641822522955],[80.69035156823097,7.346498637379177],[80.69042057839063,7.346553201747438],[80.69052408677577,7.346670940953687],[80.69061465558592,7.346777190308405],[80.6906635362416,7.346828881441561],[80.69069803889016,7.346869083373997],[80.69079005220651,7.346943751104756],[80.69094388355336,7.347084468186862],[80.69106751813516,7.347233792057129],[80.69117677939875,7.347347225012751],[80.6912306925435,7.347404606006905],[80.6912961127946,7.347433382467297],[80.69138669257653,7.347483645390359],[80.69146577308742,7.347516678251553],[80.69154054280637,7.347526740998264],[80.69159806104408,7.347526752768716],[80.69164839242471,7.347509535306576],[80.69168889998834,7.347476228442258],[80.69178788877502,7.347413376371039],[80.69185979337813,7.347376065728088],[80.69191443347083,7.347383253461461],[80.69195900442541,7.347411973452955],[80.69201795119777,7.347459358234712],[80.69211571776698,7.347532592552555],[80.69214015326243,7.347579969934952],[80.69218327559967,7.347663242591558],[80.69219620268056,7.347732152874406],[80.6922007794518,7.347819674851403],[80.6921789170411,7.347898677860737],[80.69210410460333,7.348105387394505],[80.69207533075192,7.348185775395711],[80.69205805875261,7.348274777228837],[80.69204941977362,7.348335070884652],[80.69204796974941,7.348396801018917],[80.69206521506717,7.348454227471883],[80.69210259781445,7.348482945194454],[80.69214573040588,7.348507357704084],[80.69218742785405,7.348514544785028],[80.69223056685505,7.348514551969922],[80.69227801830674,7.34851456086298],[80.69233984742947,7.348533235439636],[80.69240598352239,7.348576315227159],[80.69250519111202,7.348632321861036],[80.69254975667879,7.348695495721025],[80.6925770670812,7.348748617745168],[80.69260005848524,7.348831885696234],[80.69260004154854,7.348922327705664],[80.6925870832538,7.349009894329734],[80.69254967883958,7.349106072582681],[80.6924662516554,7.349243872702148],[80.69239865415982,7.349322817427287],[80.6923468767565,7.349384537236289],[80.69230948071868,7.349440518316223],[80.6922922140151,7.349496503164551],[80.69224330732659,7.349585499071495],[80.69218574622745,7.349816617150812],[80.69207209109976,7.350120939729448],[80.69201598763689,7.350244389989751],[80.69191592991302,7.350405353290427],[80.69175037807584,7.350704725800567],[80.6917108178705,7.350794442325148],[80.69170361343005,7.3508698082464],[80.69170000226174,7.35095953245553],[80.69169999342857,7.351006187226516],[80.69173952920461,7.35104567381808],[80.69184376458674,7.351124650827828],[80.69189468612926,7.351159682243781],[80.69248355807423,7.351627225767828],[80.69263811065615,7.351763634300612],[80.69272796333422,7.351871319119711],[80.69275784295785,7.351942860438858],[80.69289687867698,7.352102982226226],[80.69297163306818,7.352209229058717],[80.69300182364314,7.352240818337216],[80.69309240442495,7.352296822333911],[80.69317579636757,7.352345648435147],[80.69327683304846,7.35238559030519],[80.69329703986114,7.352398358276514],[80.69329504970548,7.35236977833364],[80.69329494581517,7.352368292545494],[80.69329164485602,7.3523208531324],[80.69328652719483,7.35224731250129],[80.69331651610375,7.352057835040426],[80.69350917718293,7.351854698319336],[80.69359173032738,7.351781186533771],[80.69384345170484,7.351543049582054],[80.69411884266428,7.351065335439147],[80.69439225295748,7.350716182727268],[80.69462187317986,7.350441918913244],[80.69460051955451,7.350375370110942],[80.69458668417852,7.350243429847345],[80.69460036786155,7.350209251513094],[80.69462944810869,7.350185291889258]]]]}},{"type":"Feature","properties":{"GND_N":"Meegammana","GND_NO":"601","GND_C":"100","PROVINCE_N":"CENTRAL","PROVINCE_C":"2","DISTRICT_N":"KANDY","DISTRICT_C":"1","DSD_N":"PATHADUMBARA","DSD_C":"12","Admin_Code":"2112100","GND_NO_Cen":"601","GND_NAME_C":"Meegammana","GND_NO_Gaz":"601","GND_NAME_G":"මීගම්මන","shape_1":"Polygon","Area__Ha_":171.37608034,"MWS_ID":"107-3","Alt_MWS":null,"Total_Pop":2165.0,"Density":1263.30349174,"Area_sqkm":1.7137607979},"geometry":{"type":"MultiPolygon","coordinates":[[[[80.66708130005595,7.352718968789493],[80.66712152220641,7.352717589580117],[80.66714402876153,7.352716466492557],[80.66717548377133,7.352714897048641],[80.66726029784321,7.352711242604946],[80.66732209869565,7.352713756219366],[80.66760786904776,7.352708889922419],[80.66765166929099,7.352702940287464],[80.6677172997303,7.352687290969741],[80.66779121696506,7.352680398194028],[80.66781718259357,7.352679906208273],[80.66789064915884,7.352678753814903],[80.66795112316638,7.352680673799762],[80.66823373869093,7.352667996790617],[80.66826769820582,7.352666472184525],[80.66831005633888,7.352664572505367],[80.66835231573896,7.352662677319909],[80.66841999614428,7.352668783181345],[80.66857572402819,7.3526798567311],[80.66860475247606,7.35267800446151],[80.66864610716706,7.35267536479064],[80.66867884239154,7.352668650071218],[80.66871146710253,7.352661958834716],[80.66874398220635,7.352655288368481],[80.66904343610098,7.352591118515978],[80.66909436455876,7.352579116144327],[80.66915257764164,7.352562382392279],[80.66918358997762,7.352552106987601],[80.6692068503458,7.352542573969282],[80.66923405456664,7.352532936992704],[80.66972107977072,7.352375585157569],[80.66975565511486,7.35237441687976],[80.66998002366147,7.35236412674495],[80.67069228657971,7.352092429402552],[80.67133511191541,7.351714681642838],[80.67134961711086,7.351703836128387],[80.67137897281043,7.35169670805725],[80.67168527160602,7.351574850796127],[80.67171426475292,7.351553191390154],[80.67176151591764,7.351531690875537],[80.67177969140717,7.351524549319183],[80.67217874260261,7.351373712366639],[80.67260062875603,7.351327352536662],[80.67262208389107,7.351313291081265],[80.67262924144606,7.351313348803107],[80.67265428102293,7.351310034899797],[80.67269752498497,7.35129205018945],[80.67277759476103,7.35124695034556],[80.67282101984064,7.351217359853131],[80.67282462309639,7.351217291053506],[80.67301443700568,7.351135857210987],[80.67330972414535,7.351018096394988],[80.67339395342883,7.3509798936017],[80.67341148490392,7.350976464894684],[80.67343955243541,7.350969570606002],[80.6735659972732,7.350942025619331],[80.67358357947238,7.350938586065555],[80.67360116620088,7.350935143799201],[80.6736081987576,7.350935172539047],[80.67363634075986,7.350935287500043],[80.67365745926351,7.350935372818073],[80.67376324627936,7.350917140973965],[80.6737702824781,7.35091708651632],[80.67379840100558,7.350916866869999],[80.67381596351613,7.350920273773264],[80.67393884460466,7.350965354171556],[80.67404721627398,7.351032313528235],[80.67409175596696,7.350992207941233],[80.67411479105016,7.35096490598311],[80.67426201273544,7.35074761131401],[80.67427117879748,7.350734114883158],[80.67449514981284,7.350488776193528],[80.67451341156013,7.350476373315061],[80.67462037260383,7.35025393384645],[80.67462610761775,7.350112565601918],[80.67466328828577,7.350073545257079],[80.67485067538088,7.34982182817817],[80.67487752732163,7.349782684301165],[80.67490436475944,7.349743564835301],[80.67506316861859,7.34958339816927],[80.67509681295354,7.349556611291569],[80.67570829254545,7.349070130323664],[80.67581276682614,7.348958023894489],[80.67591859064765,7.348825881118575],[80.67594487469903,7.348806052037039],[80.67670058355495,7.348383810094465],[80.67674598227971,7.34835209815665],[80.67677284722214,7.348346986672866],[80.67689935298445,7.348248985654501],[80.67695244634385,7.348192767001617],[80.67697933415035,7.348174383970843],[80.67771270676907,7.347609599216214],[80.6777083495491,7.34758675015735],[80.67770399949107,7.347568392769407],[80.67768242079406,7.347441965663635],[80.67767387024658,7.347388332328595],[80.67766532389288,7.347356755831074],[80.67764446389741,7.347150546811619],[80.6776445366163,7.347124756126414],[80.67763188869621,7.347040660466185],[80.67762344152354,7.346994771596967],[80.67761500339336,7.346969479118496],[80.67759397503717,7.346816265788527],[80.67757720284256,7.346741564919214],[80.6775688316844,7.346716558213974],[80.67753546926289,7.346616887713226],[80.6775230039745,7.346591870158335],[80.67746098641996,7.346212744032015],[80.67744855988413,7.34616409796802],[80.67743616144193,7.346123592439278],[80.67758841525365,7.345306682847274],[80.67763565354153,7.345290028753723],[80.67760971271173,7.345192418981735],[80.6775962918152,7.345130669359788],[80.6776058911364,7.345065592447244],[80.67760400317046,7.34493160335826],[80.67759564886961,7.344781105710425],[80.67758607293246,7.344732053338415],[80.67757170557839,7.344678216152316],[80.67753649208161,7.344610497857731],[80.67751277488487,7.34456670631537],[80.6774430495012,7.344502808326093],[80.67741153008011,7.344466601252121],[80.67737117160792,7.344420245954526],[80.67732947981281,7.344382194568067],[80.67728922603501,7.344349884910927],[80.67723818891417,7.344309677405647],[80.6771864330923,7.34426731568758],[80.67715480314712,7.344243622307746],[80.6771296457338,7.344220647467968],[80.67710089036586,7.344202695231211],[80.67704697345295,7.344180432044361],[80.67697723703904,7.344166777925879],[80.67691325327377,7.344148819687081],[80.6768607708139,7.344140194580012],[80.67683560932349,7.344131575523396],[80.67675293841654,7.344081312342521],[80.67666954786114,7.344045402978554],[80.67658615417301,7.344019544015207],[80.67645818474458,7.343996546281175],[80.67638413207669,7.343992224415588],[80.6762906681809,7.343985742355344],[80.67619145308434,7.343977107657354],[80.67612603158955,7.343960583209778],[80.67604695222562,7.343930418821948],[80.67600741219591,7.343918925346737],[80.67597146574852,7.343913892103343],[80.67591179150537,7.343913161646228],[80.67587872086277,7.343900233574754],[80.67585643744289,7.343885871883257],[80.67582768402129,7.34386361418246],[80.675796054922,7.34384063872402],[80.67577448872169,7.343826995205217],[80.67574932678653,7.343820529231936],[80.67572416307681,7.343821958720867],[80.67570403079577,7.343824108256644],[80.67567886708574,7.343825537743024],[80.6756508278567,7.343825532359525],[80.6756278211244,7.343825526294643],[80.67558755998898,7.343822646100926],[80.67555161238923,7.343814743472397],[80.67549050564311,7.343796066757429],[80.67541717813124,7.343769491823198],[80.6753618223355,7.343750098367535],[80.67531724910071,7.343737887492291],[80.67526908165193,7.343722084818835],[80.6752432033956,7.343707004271772],[80.67515622619003,7.343630899389499],[80.67499305448301,7.343481561360405],[80.67497005550318,7.343451410344471],[80.67495712394948,7.343410492263957],[80.67494380482917,7.343357126373422],[80.67492623932667,7.343276258783849],[80.67491618180804,7.343235341351128],[80.67488599075439,7.343210213010037],[80.67484933114385,7.343182928252211],[80.6747695971616,7.343116706244758],[80.67469118226228,7.343085272129882],[80.67460923123174,7.343037879880558],[80.67456178673449,7.343001979175603],[80.6745287229987,7.342971106935132],[80.6744525284169,7.342902899826401],[80.67438280209736,7.342846178813829],[80.67429725948469,7.342788017259799],[80.67423184102036,7.342759291691602],[80.67416857666952,7.342737744052051],[80.67409956352996,7.342707580710264],[80.6739866960023,7.342667358755339],[80.67384148040021,7.34260415920463],[80.67376312234543,7.342562509038122],[80.6736718244979,7.34252444507564],[80.67358627783827,7.342480640995136],[80.67355967895942,7.34247632861959],[80.67350000813389,7.342457651964789],[80.67346334314486,7.342450465213661],[80.67344105533918,7.34245189523453],[80.67339792082241,7.342438966484054],[80.67336988688686,7.342412401600016],[80.67332390180813,7.342356607352373],[80.67330304355465,7.34232553345018],[80.67327860637994,7.342295380209709],[80.67324266374085,7.342266660358569],[80.67320384477108,7.34224798935615],[80.67317437173341,7.342236497945619],[80.6731247638383,7.342230744225431],[80.67303633524074,7.342217803218278],[80.67297306804213,7.342209175178755],[80.67291483688325,7.342189063650317],[80.67286738778732,7.342181874366875],[80.67280052698638,7.342171092331114],[80.6727559509919,7.342171799162298],[80.67269724784902,7.342175550227525],[80.67262581393801,7.342195457323579],[80.6725913019715,7.342204062830918],[80.6725524783745,7.342205489891263],[80.67253378651942,7.342199024330257],[80.67251006301963,7.342188970237608],[80.67247555480965,7.342177477617179],[80.67241229294005,7.342153776588518],[80.67238497333655,7.34215233332827],[80.67237059385012,7.34215376693553],[80.67233248770155,7.34215878241476],[80.67223686627611,7.342158041336116],[80.67217504131287,7.342132905479541],[80.67211228537052,7.342099351247886],[80.67207799747973,7.34206756339071],[80.67204061737738,7.342043149398345],[80.67201473725136,7.342033094778789],[80.6719622524628,7.342035953742056],[80.67190832856765,7.342038094348435],[80.67182924242931,7.342047407444756],[80.67174001412488,7.342065413935959],[80.67163583240641,7.342091146899196],[80.6715876578118,7.342103338319265],[80.67153589186067,7.342107633432341],[80.67145321052068,7.342117663639067],[80.67142157689315,7.342115502200856],[80.6713913798222,7.34211334200048],[80.671322362656,7.342105430401132],[80.67125765686802,7.342101825183479],[80.67118432257884,7.342102526032257],[80.67112321169954,7.342103230637638],[80.67106785191254,7.342102499646629],[80.67101320972839,7.342104639976965],[80.67097582382893,7.342108938398148],[80.67091830530661,7.342113230281496],[80.67087732405314,7.342118963882406],[80.6707781024904,7.342136167527033],[80.67072705628017,7.342141897843675],[80.67068247955164,7.34214188735716],[80.67065228355871,7.342139008187013],[80.67060411453336,7.342138997751504],[80.6705882955994,7.342141147170097],[80.67055450148418,7.342159085089257],[80.67052142717236,7.34217056103121],[80.67049122467103,7.342191369143059],[80.67045887106723,7.342196386723227],[80.67042364066984,7.342197814446718],[80.67037475398415,7.342191342577364],[80.67031652096415,7.342183433368284],[80.67024750279285,7.342168342347755],[80.67017776674271,7.342155406099308],[80.67013751045172,7.34213673449377],[80.67007209406171,7.342100829068211],[80.67001746232893,7.342062773043136],[80.66998152099752,7.342033334918043],[80.66995492651336,7.342003180988542],[80.66990101888369,7.341940721619395],[80.66983489348664,7.341866055786806],[80.66973139016147,7.341754772202733],[80.66969113536334,7.34172246277508],[80.6696556228334,7.34170307333304],[80.66965546254188,7.341702946692617],[80.66957954783145,7.34164264243458],[80.66952144076204,7.341612121074507],[80.66946045751868,7.341575500407785],[80.66942020029052,7.341557306209971],[80.66934543933543,7.341509436343942],[80.66928601535493,7.341471140353113],[80.66921892337034,7.341424227237559],[80.66918154635466,7.341384022987777],[80.66913362891425,7.341332330675389],[80.66908954492787,7.341283510433212],[80.66905887627361,7.341253833854023],[80.66901478633723,7.341229896385073],[80.6689639841676,7.341211701435199],[80.66893810381684,7.341203080862961],[80.6688997602696,7.341197329371846],[80.66886908518694,7.341198278784031],[80.66883553291429,7.341201142817601],[80.66880581271631,7.341208792429697],[80.66877513623882,7.3412193120662],[80.66875020844648,7.341234619549875],[80.66872336288995,7.341254710331635],[80.66868845216118,7.341286848102147],[80.66867368271083,7.34130542254759],[80.66856701700343,7.341389139874875],[80.66849151512226,7.341435778320738],[80.66842800116208,7.341459689092604],[80.66836569076594,7.341465655170576],[80.66830697818466,7.341452482547966],[80.66826024896876,7.341439310993293],[80.66821112745703,7.341411783059343],[80.66815961415551,7.341360330323194],[80.66813685944092,7.341311275486362],[80.66809732886209,7.341255038253871],[80.6680494115041,7.341203585467546],[80.66796435307589,7.341129392268757],[80.66789367350101,7.341056400726841],[80.66785294152287,7.341020500940862],[80.6678086139664,7.340986993066166],[80.66776308949724,7.340943914666848],[80.66770319006054,7.340891262555041],[80.66765167074385,7.34086134119673],[80.66760614084951,7.34084817167362],[80.66755222374587,7.340826625371085],[80.6675042957024,7.34081584532773],[80.66743599840196,7.340806259445335],[80.66735931214983,7.340795473316559],[80.66732216880027,7.340782304895493],[80.66727185203067,7.340746403635001],[80.66721901449478,7.340721713295983],[80.66720715607273,7.34069973134812],[80.66718559046495,7.340685369404624],[80.66714605373214,7.340666219332267],[80.66711969304045,7.340659035475483],[80.6670921358272,7.340651851326133],[80.66704660211589,7.340647053776118],[80.66700825785375,7.340648241739779],[80.66694474974787,7.34064463619548],[80.66690281109723,7.340647019666506],[80.6668656660187,7.340641028654553],[80.6668357127283,7.340631451121724],[80.66679257890992,7.340613495629008],[80.66674465386417,7.340594342571228],[80.66670391818543,7.340570406600145],[80.66666318251107,7.340546470625405],[80.66659728367296,7.340526115866355],[80.66655534911368,7.34050816154839],[80.66650382732814,7.340496185032924],[80.66645230285248,7.340487799495138],[80.66637921082398,7.340484192430591],[80.66630012534134,7.340484173061439],[80.66624500388146,7.34049492527141],[80.66620785558737,7.340502095419411],[80.66618029307818,7.34051285437822],[80.66614313918676,7.340542754156272],[80.6661143727653,7.340579832532242],[80.66608802685222,7.340645134773218],[80.66606521163435,7.34070304159128],[80.66602925491746,7.340744903763185],[80.66595615339129,7.340775989277604],[80.66586867188252,7.340814251402731],[80.66579796607782,7.340841748304748],[80.66569850504163,7.340864454353728],[80.66563259790057,7.340874008342751],[80.66556309369837,7.340895525353078],[80.66541809211893,7.340944538915725],[80.66535218199488,7.340966054972104],[80.66526110923837,7.34098517382087],[80.66516883518278,7.341019845447122],[80.66508015252283,7.341061694486074],[80.66503341482111,7.3410832152444],[80.66500705238181,7.341090387060677],[80.66496271579531,7.341090376971745],[80.66492916571377,7.341084385786836],[80.66489921182895,7.341073612637587],[80.66486806288799,7.341049677975746],[80.66484770045406,7.341019764935023],[80.66481895146731,7.340982672364506],[80.6647985881454,7.340956348496714],[80.6647518623698,7.34093001717439],[80.66470992755131,7.340913258172399],[80.66468117230583,7.340897699739535],[80.66464522916584,7.340880941316867],[80.66459131160858,7.340861787444386],[80.66455536698095,7.34085101187746],[80.66452061828973,7.340846217660076],[80.66448946339757,7.340842621631139],[80.66444393150127,7.340834235546873],[80.66438761790516,7.340819864811649],[80.66434927691674,7.340807892239201],[80.66431572745564,7.340795921763004],[80.66428817267,7.340775576228882],[80.66425462771339,7.340749249047892],[80.66420550952547,7.340709759475497],[80.66417675761522,7.340684628068599],[80.66414321087298,7.340665479229631],[80.66409049500315,7.340636755367744],[80.66401837556526,7.340597871334178],[80.66398386614705,7.340570929870795],[80.66391438114402,7.34051588298261],[80.66386646074058,7.340475195472961],[80.66386404988413,7.340473990338705],[80.663821742346,7.340545812985151],[80.66379872143568,7.340584894774407],[80.66352471521328,7.34089368139073],[80.66353057641375,7.341095127017909],[80.66351706978182,7.341266732137683],[80.66352298181748,7.3413706949091],[80.66352255992184,7.341402270320629],[80.66354622793015,7.341512931195799],[80.66353413276018,7.341607957650771],[80.66355783928134,7.341670070170595],[80.6635513099919,7.341704339772471],[80.66354423510661,7.341739878877346],[80.66353344764778,7.341771074590671],[80.66352075989988,7.341802178491734],[80.66349620842281,7.341825773703783],[80.66346613154424,7.341839331580791],[80.66346144229858,7.341843165547361],[80.66342907780677,7.3418696172906],[80.66340588638784,7.341891223374855],[80.6633873095285,7.341917806088791],[80.6633703642464,7.34195044622785],[80.66335631312758,7.341996562099993],[80.66334733355788,7.342045753874855],[80.6633450567593,7.342091150171613],[80.66334484089796,7.342131755090044],[80.66289849002497,7.341775796965489],[80.66287433208025,7.341758280860618],[80.6628652611751,7.341749536680218],[80.66282631302474,7.341735009170859],[80.66272774945955,7.341728414490778],[80.66254939401006,7.341702780295966],[80.66253293097888,7.341698095456453],[80.66251235576377,7.341693325473934],[80.66230044419049,7.341628620440924],[80.66228808766054,7.341628569374881],[80.66223866697493,7.341628366917283],[80.66219322788895,7.341632401217275],[80.66198180139753,7.34166533455764],[80.66197316089392,7.341673766782657],[80.66189247644189,7.341720124263151],[80.66186725668693,7.341728527844317],[80.66182455389524,7.341753925132009],[80.66166173056989,7.341806482310659],[80.66148264802109,7.341833017596853],[80.66143159879343,7.341839646635586],[80.6614124942158,7.341839740315531],[80.66126528816307,7.341916885701076],[80.66125251330665,7.34192330478034],[80.66108764726094,7.342042995703723],[80.66106856447394,7.342074507539988],[80.66099238655532,7.342175250736155],[80.66097966663263,7.342200433184209],[80.66091597057346,7.342313894059094],[80.66090947418725,7.34233917305632],[80.66090288144997,7.342383323003064],[80.66086378797092,7.342584557224405],[80.66080589706893,7.343072922379688],[80.66000942835352,7.343062298263554],[80.66001074269627,7.343069023897757],[80.66001706945327,7.343125092258321],[80.66001678686122,7.343166871839772],[80.6600175916805,7.343203315417064],[80.66000897421885,7.343258745085452],[80.65999745669525,7.343306309287987],[80.65997779397539,7.343338226051173],[80.65996130447684,7.343358569475344],[80.65992443179323,7.343380896174079],[80.65986292570476,7.343402944284866],[80.65980549324713,7.343427074243234],[80.65975005134565,7.34345943476298],[80.6597159861446,7.343490261707146],[80.65967186188985,7.343536551406385],[80.65962655984427,7.343587360495905],[80.65959249042506,7.343634285812023],[80.65956222403146,7.343685913580233],[80.65954300482042,7.343750112208358],[80.65953783531036,7.343775340886943],[80.65953374335977,7.343836472440389],[80.65953552663454,7.343944807369059],[80.65953568915063,7.344019684513614],[80.6595352130257,7.344105232254226],[80.65953483475805,7.344166361155769],[80.65953391724884,7.344211304721433],[80.65953463431651,7.34424024347306],[80.65953408048712,7.34427994218223],[80.65954439020354,7.34434179820993],[80.65955447792561,7.344372733384919],[80.65956276278256,7.344398140997507],[80.65958630067288,7.34444191533141],[80.65961473196593,7.344487680400646],[80.65962831036668,7.344515899054365],[80.65964107656035,7.344539594178463],[80.65965429312526,7.344566002324927],[80.65967339413129,7.344611314622684],[80.65967954817756,7.344627955376749],[80.65968307414369,7.344656622662851],[80.65968297786043,7.344678505839129],[80.65968288322756,7.344694058902651],[80.65968088135736,7.344725709852614],[80.65967625280078,7.344757087925015],[80.65966727690387,7.344793891582991],[80.65966337676494,7.34481071058421],[80.65965684511,7.344856194366563],[80.65965447028299,7.344873083395392],[80.65965421256479,7.344874912731104],[80.65964904035835,7.34491045045026],[80.65964431759659,7.344959191997769],[80.65964095509197,7.345005310519018],[80.65963803908846,7.345068972612464],[80.65963829796712,7.345118256227168],[80.6596381072913,7.345158226320014],[80.65964036343628,7.345190058332158],[80.65964497189508,7.345232290427212],[80.65965048502548,7.345278772976082],[80.65965572070604,7.345343703210555],[80.65966141401375,7.345397420220761],[80.65966611008263,7.345451047445715],[80.6596667365253,7.345476728876841],[80.65966673710089,7.345477994899577],[80.65966663853257,7.345501687582467],[80.65966645218398,7.345528545298962],[80.65966626231638,7.345558476736518],[80.65966607407088,7.345589134328832],[80.65968308578705,7.345602026860503],[80.65995407526765,7.345807402668006],[80.65999812990972,7.345869340680039],[80.65996812421952,7.345962955271033],[80.6599681242853,7.345973148561403],[80.65996213306923,7.345995506775246],[80.65997927149462,7.346367548227281],[80.65998337294961,7.346377703695834],[80.65999568415621,7.346430625725956],[80.66013215256056,7.34645617776736],[80.66022001228251,7.346498849191321],[80.66022842721188,7.346504997908037],[80.66024315907049,7.346511123842599],[80.66026208741478,7.346517259000798],[80.66031482036192,7.346548169917418],[80.66031692992898,7.346548166845575],[80.66033596007887,7.346556424423426],[80.66034868182008,7.346566777446013],[80.66037851730614,7.34661246415437],[80.66038493515983,7.346624946986446],[80.66038716016632,7.34664784267498],[80.66038721761461,7.346660338332451],[80.66036849650517,7.346745739376503],[80.6603643049269,7.346758237553076],[80.66036435022816,7.346768671399191],[80.66036016716554,7.346783259419431],[80.66042311416811,7.347039765519943],[80.66046537510638,7.347155839049987],[80.6604654271039,7.347157915340358],[80.6604679432281,7.347172448120111],[80.66046967081738,7.347241372641252],[80.6604699344,7.347251863514543],[80.66047030196067,7.347266572982614],[80.6604690300149,7.34730240923034],[80.6605017489927,7.347532213424813],[80.66051948546344,7.347646428606493],[80.66061847880044,7.347796271632842],[80.66061977904371,7.34780156303791],[80.66062107803899,7.347808177436175],[80.66062499406148,7.347817459295284],[80.66078298251753,7.347825638725634],[80.66096779923033,7.347743238375235],[80.66105233573964,7.347730549236615],[80.66106862353733,7.347730617626494],[80.66119631582376,7.347750818149877],[80.66120954944026,7.347757445556217],[80.66124908156871,7.347764209927642],[80.66126237949152,7.347770859052168],[80.66137732044972,7.347758233715426],[80.66140031279623,7.347755046515818],[80.66143026717049,7.347761779480204],[80.66157185177444,7.347780914569715],[80.66187841178777,7.347766934597265],[80.66189963343788,7.34777391760297],[80.6620202614173,7.347815953171433],[80.66204888969065,7.347837045165597],[80.6621137548122,7.347897060300277],[80.66213186417063,7.347914782895618],[80.6621571355614,7.347932544389193],[80.66222617170055,7.34798959988499],[80.66224805452232,7.348007499774194],[80.66228082214434,7.348029031392603],[80.66241330545729,7.348144513647161],[80.66242839663018,7.348166305726836],[80.66246589316312,7.348210025577695],[80.66248058133138,7.348217330638103],[80.66254707747642,7.348257596172799],[80.66256906445918,7.348264933827599],[80.66258563168158,7.348270464216585],[80.66261180733132,7.348308626963283],[80.66261640015098,7.348313837810204],[80.66265874478862,7.348324273332286],[80.66276177506943,7.348342583503326],[80.66277454483614,7.348342584022706],[80.66279967181225,7.348347826289412],[80.66282757749829,7.34835045039961],[80.66285038632853,7.348353074123209],[80.66285805471047,7.348353074254176],[80.66289295685272,7.348358612886004],[80.66290044767415,7.348358717870343],[80.66298297739073,7.348362470782167],[80.66300329775282,7.348362610656468],[80.66301360831801,7.348362587036029],[80.66303937522041,7.348362527529318],[80.66307286304509,7.348362450075646],[80.66309852693534,7.348364990407331],[80.66315508357346,7.348367458953039],[80.66318589323687,7.348369986108929],[80.66324499875931,7.348372447147407],[80.6632527160589,7.348372428293619],[80.66328357529319,7.348372354683227],[80.66333503457712,7.348369632133568],[80.66341472606393,7.34836424628104],[80.66342759431943,7.348361620714075],[80.66344308885324,7.348353800593459],[80.66349968398322,7.348332955299422],[80.66360956811778,7.348237333104874],[80.66361980160683,7.34821966471323],[80.66362747705566,7.348209586388575],[80.66365563653467,7.348153993365733],[80.66366587897494,7.348143923823748],[80.66370174168469,7.34810096040331],[80.66370686192333,7.348090827177606],[80.66371710501184,7.348078173139784],[80.66376575398412,7.348019980862362],[80.66378112290414,7.348007338056306],[80.66384097167001,7.347968029498521],[80.66384358252293,7.347962915421688],[80.66386900662408,7.34792479461936],[80.66387662049016,7.347914631270339],[80.66391729267566,7.347868871127051],[80.66393766450953,7.347858741719461],[80.66395040990925,7.347851125264309],[80.66399382138208,7.347833384689503],[80.66401941325648,7.347823228551695],[80.66403222349587,7.347820710564466],[80.66405017522594,7.347820776549714],[80.6641273421808,7.347808191694159],[80.66414024002403,7.347803084709414],[80.6642179702719,7.347780058005059],[80.66464525205058,7.347792435944281],[80.66464576623474,7.347826285901197],[80.66465191660262,7.347858571010064],[80.66479922990553,7.348090652425899],[80.66485048037664,7.34816237630371],[80.66489974435089,7.34820552374236],[80.66495018584638,7.348241436148501],[80.66499663747354,7.348306014833392],[80.6650389285761,7.348346176330254],[80.66506220366895,7.348360650933622],[80.66508321508016,7.348368343614561],[80.66509707486831,7.348366899263728],[80.6651344855517,7.348359946317156],[80.66513517756638,7.348359969096218],[80.6651988845678,7.348362132598275],[80.66525015376374,7.348362506111426],[80.66527261489222,7.34837200774629],[80.66529190286735,7.348389555977298],[80.66532857844653,7.348428449130378],[80.66533962234577,7.348455400059311],[80.66534930274997,7.348505410349079],[80.66539203800724,7.348573696616165],[80.66544473828161,7.348640175834213],[80.66550260462509,7.348694267386398],[80.6655547630039,7.348754506774675],[80.6656156175883,7.348808507715782],[80.6656709463719,7.348871912929686],[80.66569874301855,7.348916412342771],[80.66573541915712,7.348949698791206],[80.6657623194757,7.348952327897546],[80.66581657139933,7.348971422035568],[80.66586917732987,7.349057253241365],[80.66590185831319,7.349129877633333],[80.66591968935003,7.34918242105769],[80.66598669476444,7.349267713212258],[80.66602083426979,7.349306607493891],[80.66604329392368,7.349322346964708],[80.66607445234409,7.349328775167407],[80.6661307010495,7.349331683659251],[80.66620066479706,7.349361948834845],[80.66620369886306,7.349363261721755],[80.66624481616793,7.349389134848042],[80.66626791220725,7.349391762990841],[80.66631981466935,7.349392137443101],[80.66633605420535,7.349404548447304],[80.66636337488157,7.349425426433211],[80.66639561166056,7.349463143723473],[80.6663992285204,7.349488736353295],[80.6663889814635,7.349536118356536],[80.66638340631464,7.349587777043847],[80.66638298960761,7.349591641023665],[80.66636967149759,7.349626023838212],[80.6663530786921,7.349668861071984],[80.6663258944639,7.349715516383187],[80.66632389589935,7.349739209506536],[80.66633573285213,7.349856589888173],[80.66635445657187,7.349959051881018],[80.66635960018858,7.350041526376598],[80.66638076786234,7.350150860756727],[80.66641072333881,7.350260922539203],[80.66643705971074,7.350343491751988],[80.66646856547409,7.350414847982012],[80.66650260933572,7.350471194324824],[80.66656400402834,7.350544005653107],[80.6665999404079,7.350580678460641],[80.66660113581068,7.350585348567847],[80.66660460011443,7.350656867935654],[80.66659851747038,7.35070221175927],[80.6666054523947,7.351417320874605],[80.66660876775808,7.351486762117786],[80.66659894741835,7.35164805279442],[80.66658614754255,7.351939991742592],[80.66658872402725,7.351986284486215],[80.6665849898993,7.35208033548012],[80.66658093984002,7.352166225072644],[80.66658108215498,7.352328101456536],[80.66658393571583,7.352378481711271],[80.66657979142803,7.35246815035664],[80.66660174376847,7.352791100880447],[80.66687372029139,7.352739937755858],[80.66689695187019,7.352729838758314],[80.66693329469555,7.352723973282261],[80.66695576855088,7.352723225481407],[80.6670051411045,7.352721582649686],[80.66708130005595,7.352718968789493]]]]}},{"type":"Feature","properties":{"GND_N":"Walpaladeniya","GND_NO":"602","GND_C":"060","PROVINCE_N":"CENTRAL","PROVINCE_C":"2","DISTRICT_N":"KANDY","DISTRICT_C":"1","DSD_N":"PATHADUMBARA","DSD_C":"12","Admin_Code":"2112060","GND_NO_Cen":"602","GND_NAME_C":"Walpaladeniya","GND_NO_Gaz":"602","GND_NAME_G":"වල්පලදෙde","shape_1":"Polygon","Area__Ha_":116.893938651,"MWS_ID":"107-3","Alt_MWS":"106","Total_Pop":1484.0,"Density":1269.5269078,"Area_sqkm":1.16893938276},"geometry":{"type":"MultiPolygon","coordinates":[[[[80.66274913980855,7.356022006877184],[80.66288308835826,7.355866783081174],[80.66294831060708,7.35573810029485],[80.66303373950895,7.355691192264111],[80.66309627556167,7.355667837297783],[80.66320589210089,7.35561347395138],[80.66324492231573,7.355605609142274],[80.6633144051534,7.355581366969241],[80.66335305505011,7.355573017349134],[80.66344607119368,7.355524796296219],[80.66349272527556,7.355492785820691],[80.6636019797499,7.355404746094137],[80.66367252117432,7.355356324915431],[80.66368038841023,7.355340514275365],[80.66376716052658,7.355260992802938],[80.66380668439017,7.355213456357779],[80.66398097353793,7.355038123442044],[80.66402862838045,7.354966706408872],[80.66403657093734,7.354943054581665],[80.66410814029837,7.354808185068587],[80.66411608390754,7.354776708318159],[80.66413198441205,7.354729367587328],[80.6641717368467,7.354618910762751],[80.66417171267048,7.354603360386075],[80.66421149799577,7.354524182454097],[80.66433123715971,7.354513825576783],[80.66436322105473,7.354513192416497],[80.66451546928594,7.354510176590221],[80.66453955729862,7.354509697892043],[80.66459581580074,7.35450858425361],[80.66461190285739,7.354508265427272],[80.66482231835965,7.35455029821046],[80.66485469627686,7.354549675060484],[80.66508319491233,7.354607346689269],[80.66524127204157,7.354669689560667],[80.6652483951923,7.354662601600892],[80.66532259166026,7.35462699411249],[80.66533214842323,7.35462462449568],[80.6653703860272,7.354612773141473],[80.6653918959782,7.354605660706833],[80.66540384826071,7.354600917889464],[80.6655375987065,7.354548789941608],[80.66555191026946,7.354541689284575],[80.66555667897885,7.354539322096916],[80.66572134206737,7.354496143465963],[80.66573610053369,7.354491291007199],[80.6657698604672,7.354476943545572],[80.66577946673233,7.354472171201793],[80.66596398495012,7.354410335303152],[80.6661692364931,7.354342531510325],[80.6662029269657,7.354319575046508],[80.66623435996749,7.354301183844927],[80.66626106506027,7.354285015158133],[80.66627809937711,7.354278136699986],[80.66633462860219,7.354207437798268],[80.66634210191302,7.354190768830072],[80.66635208637342,7.354169285975524],[80.6663595790401,7.354154934736968],[80.66636211854207,7.354145333484478],[80.66639291401435,7.354019483039324],[80.66639305258245,7.354004833385689],[80.66639565703893,7.35399261238678],[80.66640339645936,7.353965665189363],[80.66640604048307,7.353950930241324],[80.66640692223535,7.353871932468746],[80.66640733810644,7.353834662679946],[80.66640537393663,7.353784747456649],[80.66640548328546,7.353774727820474],[80.66640558609537,7.353533536108076],[80.66640572694294,7.353520663407553],[80.6663497568756,7.353355077460995],[80.66635162943237,7.353350273365219],[80.66637944913629,7.353302443530985],[80.66638036768113,7.35325062636253],[80.66637903000674,7.353168877157457],[80.66636579327266,7.35313714196322],[80.66636685350817,7.353135293830496],[80.66639086254935,7.35307259814824],[80.66639369457037,7.353052136302773],[80.66638044764613,7.35299555903311],[80.66636212905577,7.3529762902006],[80.66638024033958,7.352906708622656],[80.66638190247029,7.35290672169045],[80.66643190228784,7.352907004334408],[80.66645309358341,7.352920845344678],[80.66648161625778,7.352961003331107],[80.66649900277338,7.352976652010575],[80.6665580534643,7.353005785891984],[80.66661946719218,7.353009869376791],[80.66667381466091,7.353010878307724],[80.66672952344022,7.353001214995529],[80.66682872407931,7.35293567735549],[80.66696243926087,7.35285468545696],[80.6670100919484,7.352822503030315],[80.66705421660787,7.3527641863217],[80.66707705359946,7.352723046155876],[80.66708130005595,7.352718968789493],[80.6670051411045,7.352721582649686],[80.66695576855088,7.352723225481407],[80.66693329469555,7.352723973282261],[80.66689695187019,7.352729838758314],[80.66687372029139,7.352739937755858],[80.66660174376847,7.352791100880447],[80.66657979142803,7.35246815035664],[80.66658393571583,7.352378481711271],[80.66658108215498,7.352328101456536],[80.66658093984002,7.352166225072644],[80.6665849898993,7.35208033548012],[80.66658872402725,7.351986284486215],[80.66658614754255,7.351939991742592],[80.66659894741835,7.35164805279442],[80.66660876775808,7.351486762117786],[80.6666054523947,7.351417320874605],[80.66659851747038,7.35070221175927],[80.66660460011443,7.350656867935654],[80.66660113581068,7.350585348567847],[80.6665999404079,7.350580678460641],[80.66656400402834,7.350544005653107],[80.66650260933572,7.350471194324824],[80.66646856547409,7.350414847982012],[80.66643705971074,7.350343491751988],[80.66641072333881,7.350260922539203],[80.66638076786234,7.350150860756727],[80.66635960018858,7.350041526376598],[80.66635445657187,7.349959051881018],[80.66633573285213,7.349856589888173],[80.66632389589935,7.349739209506536],[80.6663258944639,7.349715516383187],[80.6663530786921,7.349668861071984],[80.66636967149759,7.349626023838212],[80.66638298960761,7.349591641023665],[80.66638340631464,7.349587777043847],[80.6663889814635,7.349536118356536],[80.6663992285204,7.349488736353295],[80.66639561166056,7.349463143723473],[80.66636337488157,7.349425426433211],[80.66633605420535,7.349404548447304],[80.66631981466935,7.349392137443101],[80.66626791220725,7.349391762990841],[80.66624481616793,7.349389134848042],[80.66620369886306,7.349363261721755],[80.66620066479706,7.349361948834845],[80.6661307010495,7.349331683659251],[80.66607445234409,7.349328775167407],[80.66604329392368,7.349322346964708],[80.66602083426979,7.349306607493891],[80.66598669476444,7.349267713212258],[80.66591968935003,7.34918242105769],[80.66590185831319,7.349129877633333],[80.66586917732987,7.349057253241365],[80.66581657139933,7.348971422035568],[80.6657623194757,7.348952327897546],[80.66573541915712,7.348949698791206],[80.66569874301855,7.348916412342771],[80.6656709463719,7.348871912929686],[80.6656156175883,7.348808507715782],[80.6655547630039,7.348754506774675],[80.66550260462509,7.348694267386398],[80.66544473828161,7.348640175834213],[80.66539203800724,7.348573696616165],[80.66534930274997,7.348505410349079],[80.66533962234577,7.348455400059311],[80.66532857844653,7.348428449130378],[80.66529190286735,7.348389555977298],[80.66527261489222,7.34837200774629],[80.66525015376374,7.348362506111426],[80.6651988845678,7.348362132598275],[80.66513517756638,7.348359969096218],[80.6651344855517,7.348359946317156],[80.66509707486831,7.348366899263728],[80.66508321508016,7.348368343614561],[80.66506220366895,7.348360650933622],[80.6650389285761,7.348346176330254],[80.66499663747354,7.348306014833392],[80.66495018584638,7.348241436148501],[80.66489974435089,7.34820552374236],[80.66485048037664,7.34816237630371],[80.66479922990553,7.348090652425899],[80.66465191660262,7.347858571010064],[80.66464576623474,7.347826285901197],[80.66464525205058,7.347792435944281],[80.6642179702719,7.347780058005059],[80.66414024002403,7.347803084709414],[80.6641273421808,7.347808191694159],[80.66405017522594,7.347820776549714],[80.66403222349587,7.347820710564466],[80.66401941325648,7.347823228551695],[80.66399382138208,7.347833384689503],[80.66395040990925,7.347851125264309],[80.66393766450953,7.347858741719461],[80.66391729267566,7.347868871127051],[80.66387662049016,7.347914631270339],[80.66386900662408,7.34792479461936],[80.66384358252293,7.347962915421688],[80.66384097167001,7.347968029498521],[80.66378112290414,7.348007338056306],[80.66376575398412,7.348019980862362],[80.66371710501184,7.348078173139784],[80.66370686192333,7.348090827177606],[80.66370174168469,7.34810096040331],[80.66366587897494,7.348143923823748],[80.66365563653467,7.348153993365733],[80.66362747705566,7.348209586388575],[80.66361980160683,7.34821966471323],[80.66360956811778,7.348237333104874],[80.66349968398322,7.348332955299422],[80.66344308885324,7.348353800593459],[80.66342759431943,7.348361620714075],[80.66341472606393,7.34836424628104],[80.66333503457712,7.348369632133568],[80.66328357529319,7.348372354683227],[80.6632527160589,7.348372428293619],[80.66324499875931,7.348372447147407],[80.66318589323687,7.348369986108929],[80.66315508357346,7.348367458953039],[80.66309852693534,7.348364990407331],[80.66307286304509,7.348362450075646],[80.66303937522041,7.348362527529318],[80.66301360831801,7.348362587036029],[80.66300329775282,7.348362610656468],[80.66298297739073,7.348362470782167],[80.66290044767415,7.348358717870343],[80.66289295685272,7.348358612886004],[80.66285805471047,7.348353074254176],[80.66285038632853,7.348353074123209],[80.66282757749829,7.34835045039961],[80.66279967181225,7.348347826289412],[80.66277454483614,7.348342584022706],[80.66276177506943,7.348342583503326],[80.66265874478862,7.348324273332286],[80.66261640015098,7.348313837810204],[80.66261180733132,7.348308626963283],[80.66258563168158,7.348270464216585],[80.66256906445918,7.348264933827599],[80.66254707747642,7.348257596172799],[80.66248058133138,7.348217330638103],[80.66246589316312,7.348210025577695],[80.66242839663018,7.348166305726836],[80.66241330545729,7.348144513647161],[80.66228082214434,7.348029031392603],[80.66224805452232,7.348007499774194],[80.66222617170055,7.34798959988499],[80.6621571355614,7.347932544389193],[80.66213186417063,7.347914782895618],[80.6621137548122,7.347897060300277],[80.66204888969065,7.347837045165597],[80.6620202614173,7.347815953171433],[80.66189963343788,7.34777391760297],[80.66187841178777,7.347766934597265],[80.66157185177444,7.347780914569715],[80.66143026717049,7.347761779480204],[80.66140031279623,7.347755046515818],[80.66137732044972,7.347758233715426],[80.66126237949152,7.347770859052168],[80.66124908156871,7.347764209927642],[80.66120954944026,7.347757445556217],[80.66119631582376,7.347750818149877],[80.66106862353733,7.347730617626494],[80.66105233573964,7.347730549236615],[80.66096779923033,7.347743238375235],[80.66078298251753,7.347825638725634],[80.66062499406148,7.347817459295284],[80.66062107803899,7.347808177436175],[80.66061977904371,7.34780156303791],[80.66061847880044,7.347796271632842],[80.66051948546344,7.347646428606493],[80.6605017489927,7.347532213424813],[80.6604690300149,7.34730240923034],[80.66047030196067,7.347266572982614],[80.6604699344,7.347251863514543],[80.66046967081738,7.347241372641252],[80.6604679432281,7.347172448120111],[80.6604654271039,7.347157915340358],[80.66046537510638,7.347155839049987],[80.66042311416811,7.347039765519943],[80.66036016716554,7.346783259419431],[80.66036435022816,7.346768671399191],[80.6603643049269,7.346758237553076],[80.66036849650517,7.346745739376503],[80.66038721761461,7.346660338332451],[80.66038716016632,7.34664784267498],[80.66038493515983,7.346624946986446],[80.66037851730614,7.34661246415437],[80.66034868182008,7.346566777446013],[80.66033596007887,7.346556424423426],[80.66031692992898,7.346548166845575],[80.66031482036192,7.346548169917418],[80.66026208741478,7.346517259000798],[80.66024315907049,7.346511123842599],[80.66022842721188,7.346504997908037],[80.66022001228251,7.346498849191321],[80.66013215256056,7.34645617776736],[80.65999568415621,7.346430625725956],[80.65998337294961,7.346377703695834],[80.65997927149462,7.346367548227281],[80.65996213306923,7.345995506775246],[80.6599681242853,7.345973148561403],[80.65996812421952,7.345962955271033],[80.65999812990972,7.345869340680039],[80.65995407526765,7.345807402668006],[80.65968308578705,7.345602026860503],[80.65966607407088,7.345589134328832],[80.65937998690214,7.345645215207065],[80.65915469063212,7.345716935400128],[80.65907318176582,7.34582219021713],[80.65900366807854,7.345969024334465],[80.65879111366709,7.346080360612018],[80.65876611611513,7.346093414895164],[80.6587550430399,7.346099934723165],[80.65872101296225,7.346113273300897],[80.65867525662574,7.346130112067075],[80.65839080410615,7.346199268034464],[80.65836413949307,7.346210425535929],[80.65830698502926,7.346226327124095],[80.65826761302273,7.346238181207226],[80.65820037794079,7.346258159434883],[80.65814472245526,7.346270928895421],[80.65790739614984,7.34634548840906],[80.65789110978432,7.346353893213125],[80.65786832436396,7.346359148426598],[80.65783536300385,7.346376130650253],[80.65779221589537,7.34639398735374],[80.65775224644824,7.346404321102058],[80.6574863685636,7.346473186595929],[80.65743032113745,7.34648820214876],[80.65732426980982,7.346510825891837],[80.65723824844996,7.346528456850021],[80.6572275364485,7.346529302242144],[80.65690550428447,7.346653098758653],[80.65658283202153,7.346775160419214],[80.65651482482113,7.346799413723921],[80.65626514374226,7.346888458685995],[80.65624692649696,7.346895751525993],[80.65619606277055,7.346917518017904],[80.65615983930904,7.346935523816937],[80.65605597970024,7.346988868780867],[80.65604175791711,7.34699593208637],[80.65600612693355,7.347010167997864],[80.65597391251589,7.347027936120935],[80.6558959268242,7.347070184970133],[80.6558818671901,7.347077177778462],[80.65586788276556,7.347080696279496],[80.65585384575886,7.347091112779109],[80.6558190599701,7.347101568921425],[80.65565437469725,7.347163259528405],[80.65564760124444,7.347166641603565],[80.65544131389915,7.347269684602356],[80.65520511495076,7.347385442050707],[80.65481065733431,7.347494565085182],[80.65471426730014,7.347548417260267],[80.65469661376605,7.347547707119794],[80.65464471120363,7.347548597348615],[80.65460847972938,7.347549039672091],[80.65457967516512,7.347551383041319],[80.65453121393486,7.347557971290887],[80.65448700747854,7.347570076930394],[80.65445430667428,7.347584085628527],[80.65440828460923,7.347607674493079],[80.65438672501602,7.347621414922924],[80.65431859628126,7.347668600945553],[80.65413052023601,7.347797683125659],[80.65401972570585,7.347860229702086],[80.65391843189151,7.347955969423347],[80.65385862456402,7.348006234078074],[80.65379032625185,7.348063635866372],[80.65364093320008,7.348166505461057],[80.65354106999177,7.348240554003403],[80.65353194506535,7.348247319298788],[80.65357550024959,7.348294987909457],[80.65372191786142,7.348472904965426],[80.65388081895449,7.348707705044174],[80.65393813804748,7.348767132392223],[80.65398568082888,7.348810643168519],[80.6540659097934,7.348894040738414],[80.65408184614688,7.348910808118987],[80.6541422456507,7.348974364417185],[80.65417084974936,7.349046353705262],[80.65417228463825,7.349095637625433],[80.65417307394658,7.349193755461055],[80.65417402913607,7.349341157774639],[80.65417592027137,7.349381488329001],[80.65371659782282,7.34938590622847],[80.65355462120529,7.349702816888258],[80.65353547722866,7.349723127685392],[80.65351078251572,7.34974696916352],[80.65346919224547,7.349790170724931],[80.65338479863632,7.349877277953929],[80.65335115062875,7.349912684793245],[80.65332525475209,7.349953233805357],[80.65329291364507,7.350041819350666],[80.65328795737221,7.350060826408019],[80.65326986842292,7.350098278516756],[80.65326484687786,7.350117480884996],[80.6531564760005,7.350369044986016],[80.65304584975662,7.35067581332602],[80.65302339571612,7.350795515864252],[80.65283332242069,7.352006864819042],[80.65283268314657,7.352035588871856],[80.65281968023625,7.352075841170658],[80.65278059368315,7.352307681517963],[80.65277372765053,7.352331045869062],[80.65274186375974,7.352389603261435],[80.65271628836051,7.352436599987738],[80.65265730211719,7.352584093359377],[80.65265038343979,7.352607811275424],[80.65264529373572,7.352699627204148],[80.65261507650163,7.352758306216471],[80.65259529333123,7.352754009847904],[80.65256477059836,7.352748123465449],[80.65254185337369,7.352747122407871],[80.65251812109247,7.352752089512864],[80.65250263030705,7.35275823448436],[80.65245998511281,7.352779275744947],[80.6525879804932,7.352810926364573],[80.65274562776594,7.35284990724941],[80.65298183840954,7.352930998595649],[80.65319705273883,7.352936754846485],[80.65320276017583,7.352936665983649],[80.65330230688333,7.35293714545888],[80.6534363562366,7.352967204119881],[80.65360618516084,7.352991576341191],[80.65376550090882,7.353044340687645],[80.65382202206322,7.353045984780875],[80.65388117090485,7.353047718206131],[80.65411231593247,7.353091730317138],[80.65424609875669,7.353106417350021],[80.65434763559787,7.353113316771161],[80.65441076679875,7.35312328125699],[80.65444255951495,7.353125821944623],[80.65444697060477,7.353126307849262],[80.65487477095806,7.352850976441595],[80.65508295697907,7.352844292121723],[80.6555715773095,7.352953787482429],[80.6555838399905,7.352953674129952],[80.65559153546671,7.352960959445887],[80.65569177221609,7.353015831403138],[80.65569487094868,7.353015801490592],[80.65571319738402,7.353034486575432],[80.6558253130475,7.353071504458232],[80.6558378212049,7.353071381217505],[80.65585113227878,7.353086640359476],[80.6559108181464,7.353176249152749],[80.65593577437821,7.353204037802974],[80.6559491647797,7.353224106038339],[80.65603262509713,7.353357474013756],[80.65606483751075,7.35370898190294],[80.65607843760255,7.353885648969279],[80.65607844114497,7.353889315008104],[80.65610816980686,7.354123448421662],[80.65623285183355,7.354551645035315],[80.65623677193817,7.354589420562743],[80.65623683841167,7.354608337661086],[80.65628022492638,7.354828631671096],[80.65628043427334,7.354848458534708],[80.6562808105197,7.354884276204098],[80.65631790677658,7.355085955288949],[80.65649692549626,7.355372282385043],[80.65651173491061,7.355377194891694],[80.65651914030772,7.355382145208145],[80.65653396511979,7.355387063144004],[80.65668200860621,7.355398820622198],[80.65671398519409,7.355398660956424],[80.65672627419605,7.355398601838856],[80.65674592554954,7.355398503087301],[80.65686044029732,7.355385285608391],[80.6568798227775,7.355377851086613],[80.65689667238584,7.355367982414119],[80.65698097014739,7.355335922063012],[80.65700246739912,7.355326094413186],[80.65712574329568,7.355298249410588],[80.6571683442805,7.355266475448398],[80.65718812192186,7.355237751050679],[80.6571966243876,7.355231985676268],[80.65719910834378,7.355231033202778],[80.65711796813218,7.354835739685474],[80.65717108261452,7.354841562135194],[80.65722289352502,7.354844470573197],[80.65727914335592,7.354845480246881],[80.65732261822741,7.354844893143118],[80.65734481309312,7.354844593380951],[80.65740985032657,7.354841265628147],[80.65745677485032,7.354829070005032],[80.6574668792088,7.354821605867658],[80.65757107486748,7.354904047896935],[80.65757665944771,7.354909620777385],[80.65771751265456,7.354948382968671],[80.65774241665827,7.354931441140559],[80.65790996939694,7.354849915638002],[80.6586474910448,7.354597444419983],[80.65936570016875,7.354393792885064],[80.65973382336523,7.35437759959694],[80.65975742044134,7.354384019944078],[80.65977802854204,7.354393311574453],[80.65979272634905,7.354402462405083],[80.65980446375254,7.354405650405988],[80.6599211507264,7.354463693470812],[80.65995012898408,7.35448468440662],[80.65996459237664,7.354496619515126],[80.66004531845667,7.354602789180686],[80.66027863301633,7.355377193057137],[80.66040378804354,7.356132126354019],[80.66174834889522,7.35587406795646],[80.6617395255443,7.356527103398562],[80.66184805408014,7.356707982384869],[80.66189125138726,7.356695480597991],[80.66192258542252,7.356686410315595],[80.66202232782251,7.356640598533675],[80.66203699757216,7.356607650433651],[80.66206742469566,7.356510813834107],[80.66209953210956,7.356495285215008],[80.66211414823641,7.356480714313136],[80.66213137049039,7.35647624331378],[80.66215914127082,7.356427442525108],[80.66225646846142,7.356347177091604],[80.66227872755562,7.35633330715442],[80.66230560017507,7.356314800227495],[80.66234783669981,7.356279730403083],[80.66235805969778,7.356265062519649],[80.66238614043367,7.35624029903288],[80.66239506840108,7.356235234501252],[80.66242232903492,7.356215386586605],[80.66250436567573,7.356165630152297],[80.66251697472508,7.356157374368707],[80.66254580402804,7.356145302029035],[80.66257030796658,7.356137418218545],[80.66267426714661,7.356071988536565],[80.66269911923402,7.35605569570742],[80.66272415988433,7.356035219625819],[80.66274913980855,7.356022006877184]]]]}},{"type":"Feature","properties":{"GND_N":"Wattegama","GND_NO":"594","GND_C":"070","PROVINCE_N":"CENTRAL","PROVINCE_C":"2","DISTRICT_N":"KANDY","DISTRICT_C":"1","DSD_N":"PATHADUMBARA","DSD_C":"12","Admin_Code":"2112070","GND_NO_Cen":"594","GND_NAME_C":"Wattegama","GND_NO_Gaz":"594","GND_NAME_G":"වත්තේගම","shape_1":"Polygon","Area__Ha_":81.7348395199,"MWS_ID":"107-3","Alt_MWS":null,"Total_Pop":2897.0,"Density":3544.38820251,"Area_sqkm":0.81734839258},"geometry":{"type":"MultiPolygon","coordinates":[[[[80.67928454543524,7.358001233958383],[80.6792972658641,7.357946121321568],[80.679327358388,7.357855066444945],[80.67932746895518,7.357854795178312],[80.67935771898964,7.357780828021944],[80.67939460061143,7.357710121401856],[80.67939806191625,7.357704918797456],[80.67943555726842,7.357648547300204],[80.67949354208065,7.357587248165238],[80.67954926241971,7.357521516549663],[80.67958523448324,7.35746789830934],[80.6796020925153,7.357421422638515],[80.67960735417186,7.357384527351541],[80.67961153676833,7.357306940053538],[80.67961195033014,7.357262732438838],[80.67961227955024,7.357227360739958],[80.67961048457241,7.35715474581186],[80.67961030538463,7.357141451630488],[80.67960986782055,7.357074805387855],[80.67961423001266,7.357008610523291],[80.67962230624707,7.356937081982813],[80.67964442682687,7.356853619686495],[80.67966490994064,7.356798371256273],[80.67972663220455,7.356627019345461],[80.67976044011972,7.356527734276633],[80.67979678381033,7.356426369856306],[80.67981196639383,7.356386665226929],[80.67981880816276,7.356368771468672],[80.67983811079083,7.356322746654683],[80.67987109338691,7.35627419093005],[80.67989772946862,7.356244537365822],[80.67993070904683,7.356209908790613],[80.67998651323317,7.35617429129204],[80.68003588410099,7.356152689989208],[80.68010210298725,7.35613479812806],[80.68018072945529,7.356121522667777],[80.68025038474369,7.356117195147312],[80.68047991600442,7.356116521756747],[80.68053499064075,7.356107761802359],[80.68058118971025,7.356097191341128],[80.68063563206785,7.356075862345733],[80.68066915024045,7.356059500730514],[80.68071164120556,7.356022342985337],[80.68073520004627,7.355980749214235],[80.68074345230305,7.355936531510383],[80.68074174008105,7.355899634718934],[80.6807258949419,7.355869790277288],[80.68071185562476,7.355850035517858],[80.68067672383313,7.355800599777918],[80.68064964948302,7.355753842489287],[80.68063335715986,7.355705821478347],[80.68061833083055,7.355650835802958],[80.68061273010844,7.355583916257573],[80.68061699699648,7.355543224482113],[80.68063639339864,7.355481735181733],[80.68066756388023,7.355430649675219],[80.6807061586431,7.355399097769805],[80.68075480533494,7.35537053129684],[80.68080879617844,7.355350738591436],[80.68085417762897,7.35534251911174],[80.68088334582741,7.355340082803973],[80.68094593682324,7.355339192730035],[80.68101051799528,7.355346170498343],[80.68108451930047,7.35535830297218],[80.68109819624999,7.355361290074955],[80.68114583782366,7.355373599606506],[80.68119764820212,7.355384461325975],[80.68128632498846,7.355393794449101],[80.68132210227529,7.355393893368506],[80.68136395224097,7.355393087461071],[80.68140570936988,7.355390113013761],[80.68147944444483,7.355376382327612],[80.68154367062564,7.355353155351331],[80.68158507128362,7.355326848914579],[80.68163182035609,7.355280740293164],[80.6816609056212,7.355233633204093],[80.68168890886025,7.355176033267684],[80.68171092942863,7.35512630130302],[80.68173286313845,7.35506752629809],[80.68176403910662,7.354985513582834],[80.681787965574,7.354922398345108],[80.68182321795759,7.354847348706404],[80.68186498687562,7.354792647234731],[80.68190839339674,7.35474257070471],[80.6819149076816,7.354735052804967],[80.68194091473546,7.354693369955685],[80.68195695653893,7.3546457175174],[80.6819850687005,7.354496603115252],[80.68199656393791,7.354450612729661],[80.6820019298921,7.354429144822646],[80.682021054401,7.354362954836872],[80.68204208154644,7.354307434206433],[80.68206999264783,7.35424811785776],[80.68209328217839,7.354202546832032],[80.68212934669644,7.354133012674865],[80.68214738428411,7.35407939134919],[80.68215061839285,7.354060254282895],[80.68215545504202,7.354031646797099],[80.68215953986953,7.353985889967838],[80.68215565800533,7.353928194676957],[80.68214561978783,7.353847347958117],[80.68217323071572,7.353931363425452],[80.68218137307024,7.353973686474876],[80.68218445822846,7.354012323430957],[80.68237621270622,7.353991646097207],[80.68235701381124,7.353834728471934],[80.68235975057742,7.353785674272025],[80.68236225510854,7.353768436989667],[80.68236229056029,7.353763532062324],[80.68236274550834,7.353702098391987],[80.68236281823121,7.353692251461239],[80.68236549410419,7.353652778329392],[80.68236551273885,7.353650311397048],[80.68234298558554,7.353555484265328],[80.68233426934765,7.353420830039786],[80.68233367859801,7.353400108736485],[80.68220175171736,7.353388829730823],[80.68224638671556,7.353225028382045],[80.68226995155243,7.353149253709903],[80.68227639089123,7.353118960034127],[80.6822828306896,7.353073566320815],[80.68228711331818,7.353047617364235],[80.68234625562164,7.352982152862711],[80.68243441247182,7.35286868231478],[80.68252012794238,7.35274761419498],[80.68260394135764,7.35261714182158],[80.68262867965271,7.35256035591011],[80.68265160875781,7.352513699612271],[80.68267072939034,7.352465141674409],[80.68268912706182,7.352417217500422],[80.68270381030608,7.352376797353965],[80.68273245073975,7.352289720839678],[80.68273734891858,7.352261145008089],[80.68273827490431,7.352255558422343],[80.6827397477751,7.35224667124767],[80.68274260735957,7.352229405098165],[80.6827430317037,7.352227339760506],[80.68278876025391,7.352004514768104],[80.68279104452836,7.351987857997755],[80.6827965628882,7.351947636690431],[80.68280300632459,7.35188451773935],[80.68280320267854,7.351811901407421],[80.68280330633362,7.351749413240884],[80.68280594251877,7.351704561304432],[80.68280604272933,7.351658532341803],[80.68280623737891,7.351594056537483],[80.68280633159041,7.351550723298335],[80.68280633772169,7.351547394563071],[80.68280642067656,7.351510240418677],[80.68280643872443,7.351501907277328],[80.68280526876737,7.35145705454658],[80.68277876621622,7.35128378380471],[80.68276735993054,7.351243139369295],[80.68274998258899,7.351181229020241],[80.68273712980712,7.351140353685024],[80.68273275179223,7.351128916965074],[80.68269557759774,7.351031827836874],[80.68265845433783,7.350959746290599],[80.68261128151757,7.350873829529616],[80.68260902147239,7.350869965878098],[80.6825986937195,7.35085230450526],[80.68253567494284,7.350745130608168],[80.68241270273397,7.350582240036415],[80.68235211853477,7.35051512721349],[80.68223484381689,7.350395553865361],[80.68219816479969,7.350365163421229],[80.68212564844119,7.350290624646065],[80.68206757994926,7.350230937539127],[80.68203542860095,7.350202444355161],[80.68194196828955,7.350125196378747],[80.68173684823813,7.349934075905239],[80.68168767194662,7.349891652850688],[80.68154567541904,7.349748562247058],[80.68131908766927,7.349552913726677],[80.68119357026697,7.349435871312333],[80.68114176978149,7.34939028167944],[80.68109259505117,7.34934532832259],[80.68105211283253,7.349310504088037],[80.68096761913769,7.349233892634513],[80.68089942187545,7.349189476889349],[80.68082996250797,7.349125526127244],[80.68080225255169,7.349092061946926],[80.68074230330538,7.349031280063021],[80.68070001214015,7.348984427286709],[80.68067917427297,7.348964312969783],[80.68065147195648,7.348937574982233],[80.68059777130856,7.348883214958032],[80.68032898693237,7.348635017874996],[80.6800500652537,7.348353357462812],[80.6800128444452,7.34831663480014],[80.67996557187362,7.34826851576646],[80.67995390198233,7.348254720841049],[80.67992011571593,7.348214790443947],[80.67983815740784,7.34813121438737],[80.67980401287645,7.348093597109781],[80.67979333167449,7.348081831647253],[80.6797535777838,7.348035070662545],[80.67972813683653,7.347993829000389],[80.67969481345597,7.347941371386182],[80.67965026087474,7.34788140744933],[80.67957366296051,7.347744116942482],[80.67952622050261,7.347648612384845],[80.67944086526387,7.347366271682011],[80.67935677450639,7.347105271864682],[80.67932792103461,7.346995461621653],[80.67932715175343,7.346992535132981],[80.67931659088451,7.346952344749744],[80.67927712897551,7.346817142112474],[80.6792309542514,7.346673973827945],[80.67922372372647,7.346651552799563],[80.67917275677762,7.346511465333765],[80.67913627473915,7.346427358219206],[80.67900968898103,7.346227390438079],[80.67900765713522,7.346224041365808],[80.67890024097612,7.346047041564446],[80.67888690812973,7.346025071356613],[80.67887154473402,7.346002131295312],[80.67886144402894,7.345987048955442],[80.67884290237765,7.345959363328332],[80.67883935468099,7.345954066058713],[80.67883472673901,7.345947155278937],[80.67881813369755,7.345922381023451],[80.67881656086797,7.345920030399856],[80.67878982185434,7.345880104161089],[80.67875389216069,7.345826456751291],[80.67872232996918,7.345777794803179],[80.67868208879551,7.345715754523876],[80.67863862469379,7.345646204212477],[80.67855452598604,7.345528750479329],[80.67829118389903,7.345160969320891],[80.67818342592032,7.345025121360318],[80.67808152322014,7.344904600772495],[80.67808073630243,7.344903670073085],[80.67804913282039,7.344866295570743],[80.67751024013582,7.344330583360047],[80.67741153008011,7.344466601252121],[80.6774430495012,7.344502808326093],[80.67751277488487,7.34456670631537],[80.67753649208161,7.344610497857731],[80.67757170557839,7.344678216152316],[80.67758607293246,7.344732053338415],[80.67759564886961,7.344781105710425],[80.67760400317046,7.34493160335826],[80.6776058911364,7.345065592447244],[80.6775962918152,7.345130669359788],[80.67760971271173,7.345192418981735],[80.67763565354153,7.345290028753723],[80.67758841525365,7.345306682847274],[80.67743616144193,7.346123592439278],[80.67744855988413,7.34616409796802],[80.67746098641996,7.346212744032015],[80.6775230039745,7.346591870158335],[80.67753546926289,7.346616887713226],[80.6775688316844,7.346716558213974],[80.67757720284256,7.346741564919214],[80.67759397503717,7.346816265788527],[80.67761500339336,7.346969479118496],[80.67762344152354,7.346994771596967],[80.67763188869621,7.347040660466185],[80.6776445366163,7.347124756126414],[80.67764446389741,7.347150546811619],[80.67766532389288,7.347356755831074],[80.67767387024658,7.347388332328595],[80.67768242079406,7.347441965663635],[80.67770399949107,7.347568392769407],[80.6777083495491,7.34758675015735],[80.67771270676907,7.347609599216214],[80.67697933415035,7.348174383970843],[80.67695244634385,7.348192767001617],[80.67689935298445,7.348248985654501],[80.67677284722214,7.348346986672866],[80.67674598227971,7.34835209815665],[80.67670058355495,7.348383810094465],[80.67594487469903,7.348806052037039],[80.67591859064765,7.348825881118575],[80.67581276682614,7.348958023894489],[80.67570829254545,7.349070130323664],[80.67509681295354,7.349556611291569],[80.67506316861859,7.34958339816927],[80.67490436475944,7.349743564835301],[80.67487752732163,7.349782684301165],[80.67485067538088,7.34982182817817],[80.67466328828577,7.350073545257079],[80.67462610761775,7.350112565601918],[80.67462037260383,7.35025393384645],[80.67451341156013,7.350476373315061],[80.67449514981284,7.350488776193528],[80.67427117879748,7.350734114883158],[80.67426201273544,7.35074761131401],[80.67411479105016,7.35096490598311],[80.67409175596696,7.350992207941233],[80.67404721627398,7.351032313528235],[80.67439496334929,7.351329592471293],[80.6744985129841,7.351391496479779],[80.67451054900104,7.351396131047624],[80.67462396528947,7.351446857381376],[80.67492658741115,7.351735990578348],[80.67495488379905,7.351742554069964],[80.67501511625848,7.351754776663858],[80.67509056480515,7.35176446792651],[80.67514835437892,7.351768550328456],[80.67523322693788,7.351773634465933],[80.67531873104784,7.351781792452273],[80.6754096711516,7.351788504762482],[80.67546347535706,7.351788065621076],[80.67551851514001,7.351787290350612],[80.67553938196025,7.351786997525716],[80.67557734732269,7.35178318718963],[80.67557770693084,7.351783150194029],[80.67577779757406,7.352076814743962],[80.67560874283987,7.352507452452397],[80.67574532812749,7.35259361697506],[80.67570216218265,7.352715632899296],[80.67556195658513,7.352737134651458],[80.6751281225338,7.353456806157868],[80.67509870365633,7.353582618665676],[80.67509935258836,7.35366490034313],[80.67505853169177,7.354113656391195],[80.67505259751732,7.354178891392332],[80.6750644388107,7.354267710986005],[80.6755101446334,7.354529805802309],[80.67560225991178,7.354726278870012],[80.67559453317007,7.354884183622812],[80.6754646559815,7.355145238135361],[80.67525816366334,7.355432833778083],[80.67502265436843,7.355641781052807],[80.67499492280412,7.355675806376428],[80.67474616007102,7.35642029433527],[80.67435479491112,7.356755992617215],[80.67442968870037,7.356941818354384],[80.67447265677411,7.356971924191006],[80.67447995392051,7.356983870772077],[80.67448422547241,7.35698879747479],[80.67449748871194,7.356998681794692],[80.6745211975831,7.35701693508767],[80.67452554792298,7.357021939577868],[80.67452990822434,7.357026954921904],[80.67453598811878,7.357030313071283],[80.67465475001701,7.357140975028169],[80.6746686833874,7.357167534820354],[80.67473366361925,7.357280484191931],[80.67475241631554,7.357313081288587],[80.67476182480823,7.357329435006306],[80.67480645887393,7.357394709485768],[80.67487627369658,7.357570385017089],[80.67537357607985,7.357549562745993],[80.67587384768495,7.357645379245361],[80.67651486107974,7.358007409611985],[80.67710881425319,7.35793363746053],[80.67738282125607,7.358060730756618],[80.67750054537265,7.357990425566123],[80.67756813188142,7.357978954930219],[80.67770617787743,7.357977549304347],[80.67784853103183,7.358000549881015],[80.67799663634125,7.358026422833406],[80.67806709589172,7.358032181511675],[80.67815912484687,7.358032201683996],[80.67823965062,7.3580379616362],[80.6783187351404,7.358056641019435],[80.67837336968667,7.358093978026133],[80.67840499740095,7.358128439744628],[80.67843375327743,7.358144236947314],[80.67845243947274,7.358175824676379],[80.67848406307253,7.358233253847079],[80.67853293918255,7.358300738096606],[80.67858181656479,7.358362477311378],[80.67865944072202,7.35848595405001],[80.67868819007427,7.358527593469182],[80.67871550596074,7.358554874973677],[80.6787629515609,7.358586468050181],[80.67886359646725,7.35864965634418],[80.67888803615527,7.358674066054165],[80.67891247518595,7.358705653206485],[80.67893978678048,7.358744420234286],[80.67897598562908,7.358785627189407],[80.67898287730576,7.358971252013961],[80.67905359025275,7.359020395379178],[80.67907242174533,7.359009073086968],[80.67908597983931,7.359000922844563],[80.67910158170295,7.358991542290449],[80.67911932245794,7.358980875378353],[80.67915148573483,7.358952398656313],[80.67919343318255,7.358904751045423],[80.67921282481905,7.358870934360029],[80.67923548121342,7.358819392256287],[80.67925361230243,7.358754829936871],[80.6792683966909,7.358655722560354],[80.679268601757,7.358554077266608],[80.67926879793308,7.358480829762089],[80.67926899487735,7.358408214364503],[80.67926973599293,7.358332434932306],[80.67927120004506,7.358268681967113],[80.67927129823003,7.358229525717023],[80.67927135251544,7.35819647349506],[80.6792714026666,7.358165772457038],[80.67927160189143,7.358086826041425],[80.67928067490486,7.35801801063304],[80.67928454543524,7.358001233958383]]]]}}]}