{"type":"FeatureCollection","name":"SED_PPL_MWS_122","crs":{"type":"name","properties":{"name":"urn:ogc:def:crs:OGC:1.3:CRS84"}},"features":[{"type":"Feature","properties":{"GND_N":"Pilapitiya1","GND_NO":"64","GND_C":"480","PROVINCE_N":"CENTRAL","PROVINCE_C":"2","DISTRICT_N":"KANDY","DISTRICT_C":"1","DSD_N":"UDUNUWARA","DSD_C":"39","Admin_Code":"2139480","GND_NO_Cen":"64","GND_NAME_C":"Pilapitiya","GND_NO_Gaz":"64","GND_NAME_G":"පිලපිටිiy","shape_1":"Polygon","Area__Ha_":29.3205824623,"MWS_ID":"122","Alt_MWS":null,"Area":0.29320582462,"Density":2332.83223783,"Total_Pop":684.0},"geometry":{"type":"MultiPolygon","coordinates":[[[[80.56179445183744,7.208076896295387],[80.56258708703623,7.208070540540412],[80.56401370043375,7.208131366037054],[80.5643940016064,7.208113627387011],[80.56458058547436,7.207990601119225],[80.56478284452747,7.207995976811616],[80.56494548053432,7.208120858566121],[80.56495659655879,7.208124543316938],[80.56496789207391,7.208135605456474],[80.56519926646736,7.208268474965496],[80.56520305065212,7.208272174409611],[80.565370848592,7.208357141551145],[80.56566957178939,7.208299705057979],[80.56608330341979,7.208240386981569],[80.56683222444497,7.208330036257916],[80.5668370638756,7.208238457866847],[80.56684358899997,7.207877681796248],[80.56675064384874,7.207548988213589],[80.56674483912523,7.207530320730337],[80.56659279329146,7.207112683478699],[80.56658102505955,7.207085942349376],[80.56644489035358,7.20700391923155],[80.56644487238606,7.206972138385163],[80.56643308305422,7.206928315855881],[80.56620600466773,7.206644083029846],[80.56618868619218,7.206626251249571],[80.56582706935458,7.206089061608168],[80.56567155265206,7.205972375534382],[80.56548711897584,7.205753949179324],[80.5654136060246,7.205721287102354],[80.56524314677489,7.205442877421614],[80.56522437328206,7.205362387561964],[80.56522473405992,7.205308729983071],[80.56520664678987,7.205144460347787],[80.56522588367845,7.205074776375966],[80.56535029308965,7.204922265152949],[80.56537451364308,7.204907698052566],[80.56557213871493,7.204793826154384],[80.56558703287136,7.204776861956683],[80.56561127865471,7.204756651097194],[80.56563602899051,7.204732098908045],[80.56575835598743,7.204613912155796],[80.56576624399501,7.204597670881104],[80.5657881210043,7.204583314285607],[80.56586353460398,7.204501800725438],[80.56615014852248,7.204270017596467],[80.5661554409894,7.204270317544784],[80.56629427164904,7.204155164928112],[80.56629905763367,7.204136476077471],[80.56630143066901,7.204127209865216],[80.56631617760941,7.204103416274343],[80.56630081469649,7.203980245796027],[80.56629331959314,7.203971162242325],[80.56627609604944,7.203955817344236],[80.56627868490858,7.203523112020061],[80.56625724375792,7.203462210894929],[80.56597665139844,7.20294702772243],[80.56555807539307,7.202967765126471],[80.56536411884973,7.202896525106253],[80.56533920329186,7.202896731550438],[80.56515394400124,7.202929256139672],[80.56509587217597,7.202986035858863],[80.5650986796596,7.202988944491099],[80.56514898359191,7.20304103751421],[80.56546224916528,7.203365444479124],[80.56547668483475,7.203380394749545],[80.56550014265373,7.203442717498868],[80.56548448907448,7.20363741947918],[80.56545646045358,7.203674716308419],[80.56536741122258,7.203793215857638],[80.5651385620255,7.204111414189043],[80.56501599800806,7.204016058458846],[80.5649004599622,7.203877279486359],[80.56484257016132,7.203754014248796],[80.56460292040674,7.203661507065206],[80.56454688174054,7.203645067106916],[80.56449510415098,7.20363679226244],[80.5642552717448,7.203619979531192],[80.56423586251609,7.203623920527622],[80.56398032254968,7.203616881313252],[80.56389558163612,7.203748234525776],[80.5638846736497,7.203758888482573],[80.56384345498807,7.203867260943015],[80.56384387091397,7.203878268316788],[80.5630968370645,7.204169604548936],[80.56309237898255,7.204181958870588],[80.56306702895138,7.204210720171896],[80.56247929510093,7.204667405515909],[80.56246700905925,7.204679648557563],[80.5624546604431,7.204695955508395],[80.56204817254104,7.205056661769287],[80.56203586546488,7.205069300873458],[80.56203175978412,7.205073517523773],[80.56201531272926,7.205086281289518],[80.5611318980685,7.205337894761144],[80.56079203359762,7.205546202772793],[80.56077914778804,7.205558999821765],[80.56076196700988,7.205576061347487],[80.56072749266416,7.20560167485136],[80.56071890272621,7.205610205613504],[80.56058370854059,7.205700464538431],[80.56057042672498,7.205717711469839],[80.56012898159541,7.205944710893571],[80.56010195397731,7.205953153345574],[80.5600838997747,7.20596169408782],[80.55980435373093,7.206109551880193],[80.559655963586,7.20618803838279],[80.55962331731317,7.206209877200863],[80.55949755867631,7.206386328479866],[80.55949732174938,7.206395190537045],[80.55949672806601,7.206417361956808],[80.55949036151712,7.206484007877844],[80.55948964615432,7.206510707084963],[80.55949189591502,7.206776203375921],[80.55949517411545,7.206807940540354],[80.55949414913245,7.206830704073575],[80.55956547472726,7.20717254725044],[80.55956887688241,7.20720831585552],[80.55959272807047,7.207338974530253],[80.5596017941319,7.207348055317831],[80.55956216200036,7.207457183182379],[80.55955241920218,7.207475452716631],[80.5595424465677,7.207502904434037],[80.5594912475132,7.207682576000823],[80.55949089771805,7.207696474971458],[80.55948915419683,7.20774307920616],[80.55948616805051,7.207917815345991],[80.55948544244357,7.207950811207951],[80.55948966756354,7.207969724900082],[80.55953801858824,7.208102891072444],[80.5595655361486,7.208126971242255],[80.55962507238048,7.208194471325588],[80.55964356572845,7.208209042083862],[80.55978299381744,7.208321352959795],[80.55981581244819,7.208341105824077],[80.55984857575285,7.208370588959704],[80.56017516903137,7.208561423049915],[80.560320232659,7.208485706523083],[80.56032643272653,7.208485487899125],[80.56034501753518,7.208484832923741],[80.56069317575607,7.208384438826388],[80.56070271298755,7.208377641158766],[80.56130664657107,7.208179947523152],[80.56179445183744,7.208076896295387]]]]}},{"type":"Feature","properties":{"GND_N":"Siyambalagoda1","GND_NO":"72","GND_C":"365","PROVINCE_N":"CENTRAL","PROVINCE_C":"2","DISTRICT_N":"KANDY","DISTRICT_C":"1","DSD_N":"UDUNUWARA","DSD_C":"39","Admin_Code":"2139365","GND_NO_Cen":"72","GND_NAME_C":"Siyambalagoda","GND_NO_Gaz":"72","GND_NAME_G":"සියඹලාගla","shape_1":"Polygon","Area__Ha_":41.6362905801,"MWS_ID":"122","Alt_MWS":null,"Area":0.4163629058,"Density":1959.82876628,"Total_Pop":816.0},"geometry":{"type":"MultiPolygon","coordinates":[[[[80.56208344662969,7.218519873702853],[80.56217285306289,7.218493281233958],[80.562179677966,7.218493296192054],[80.56221050772297,7.218486678499857],[80.56231305005274,7.218466883478383],[80.56234381797479,7.218456957808813],[80.562442631982,7.218433909137372],[80.56246306181454,7.218427317300634],[80.56247316062688,7.218420585881516],[80.56263110617961,7.218335477253948],[80.56264122199704,7.218325304062769],[80.56265809054158,7.218318432024528],[80.56282430423549,7.218254765503142],[80.56282769968068,7.218251450108942],[80.56291577682025,7.218195665977205],[80.56292930369803,7.218185545919384],[80.56305459958412,7.21814117970374],[80.56306817381667,7.218134344091392],[80.5630749631966,7.218130926286114],[80.56317324681596,7.218120665855052],[80.56317691166628,7.218120216319375],[80.56318198945071,7.218109407751029],[80.56321614892468,7.218036686108039],[80.56340346090965,7.217771981911992],[80.5634230167063,7.217705723725032],[80.56372334695216,7.217507340298582],[80.56416013393527,7.217468545459305],[80.56437068963982,7.217422015609521],[80.5646123608209,7.217398672854401],[80.56469117616032,7.217404746527166],[80.56481524499375,7.217414308253835],[80.5650568419683,7.217554729960633],[80.56531694870218,7.217748144110742],[80.56539205196579,7.217803991492915],[80.56550900816343,7.217920898640737],[80.56570391615321,7.218053383990202],[80.56596123530235,7.218154813518938],[80.56607045917393,7.21816263452003],[80.56638234708214,7.218053696539847],[80.56655402319717,7.217944835901994],[80.56666690566718,7.21782413257318],[80.56688172818302,7.217594426102235],[80.56707515227106,7.217220672329839],[80.5671315319208,7.217111728751735],[80.56742801118993,7.216667908693364],[80.5675214430184,7.216564060578763],[80.56756461563306,7.216516075394061],[80.56771671791016,7.216504558989421],[80.56784528662261,7.21660197227596],[80.56791832494436,7.216556038089338],[80.56795058422614,7.216535750305827],[80.56813403773872,7.216345083922421],[80.56810745156982,7.216242540103048],[80.56810677905241,7.216239944446403],[80.56817705275307,7.216029585848518],[80.56830968266603,7.215905021567602],[80.56834761173737,7.215854080460445],[80.56851255747587,7.215632551557039],[80.56866690091414,7.215302614422653],[80.56878575323388,7.215048551124251],[80.5687822978853,7.214978801552608],[80.56877804220811,7.214892838364891],[80.56870040646699,7.214782912147142],[80.56859097608081,7.21462796247524],[80.5686300858123,7.214495584849857],[80.56877051489508,7.214332026785965],[80.5689317233141,7.214240639701633],[80.56911370676944,7.214137473487989],[80.56917610734708,7.214129731119141],[80.56943353835328,7.213981909227573],[80.56960944935994,7.213842547127915],[80.56979808636345,7.21369310592128],[80.56989831540471,7.213613700954589],[80.56987864260813,7.21358496596337],[80.56984288952243,7.213532746179099],[80.56983288494013,7.213513858898449],[80.5698295379725,7.21350630554823],[80.56977753010179,7.213465990797001],[80.56971611622518,7.213362830843766],[80.56971291493869,7.213355518103327],[80.56970769531583,7.213340115456667],[80.56932859969201,7.213535045427585],[80.56901331307638,7.213654971288188],[80.56892442594773,7.213751095443954],[80.56859328006949,7.214087161265429],[80.56768303023959,7.213606429295804],[80.56752633677704,7.213521819807329],[80.56636302662713,7.213478493966876],[80.5663455836296,7.213404149518115],[80.56628323066973,7.213310723516322],[80.56624102538144,7.213280045516274],[80.56611166586791,7.213186019859544],[80.5657919570685,7.213076791040819],[80.56547251714474,7.213022813236669],[80.56501572582883,7.212945626051706],[80.56454429102178,7.212865963781877],[80.56424804999034,7.21280351352273],[80.56418948890503,7.212768445490936],[80.56409191374415,7.212967063781633],[80.56399055544352,7.213083728733173],[80.5638423867613,7.213153742406118],[80.56368629040843,7.213153670666081],[80.56364741957816,7.213153652568024],[80.56345246601933,7.213122475429728],[80.56326532085647,7.213036761530931],[80.56320339020351,7.212996346467769],[80.56303834172891,7.212888634766821],[80.56270393520566,7.212670399506479],[80.56255581304086,7.212639245700541],[80.56242321920239,7.212685809487494],[80.5624096138715,7.212707137430868],[80.56231391165468,7.212857152628949],[80.56231388497584,7.212912013961694],[80.56231386731986,7.212951523852203],[80.56231378360512,7.213129715797839],[80.56236044096508,7.213503609937324],[80.56236038485513,7.213621133115364],[80.56236030837619,7.213783943771902],[80.56232909725247,7.21396309325277],[80.56230244482396,7.21399499089897],[80.56222827699553,7.214083753251393],[80.56221202296518,7.214103206228889],[80.56213127759496,7.214131992114646],[80.56207932617286,7.214157828094422],[80.56206560078571,7.21441690803906],[80.56196895513469,7.214631068514711],[80.56191159340274,7.214775734558904],[80.56190466910766,7.214779229150957],[80.56190104698219,7.21479669134624],[80.56189711852808,7.214845487490353],[80.56193700361473,7.21496681482351],[80.56194027054798,7.214980620539792],[80.56194019214227,7.214987520333462],[80.56184759380695,7.215011642534247],[80.56182702543977,7.215018526373277],[80.56175170556267,7.215018823769907],[80.56173801596763,7.215018901437072],[80.56172434882978,7.215015519251877],[80.56152290460224,7.214992474235699],[80.56150243414015,7.214985680526356],[80.56135375791669,7.215092931403344],[80.56125786614483,7.215326120402276],[80.56119833037168,7.215506323513494],[80.56121646559669,7.215672080804358],[80.56127060621463,7.215727963279858],[80.56132118193008,7.21578363788948],[80.56133124999675,7.215790150897247],[80.56139158959681,7.215898265187438],[80.5614112838169,7.216013037711068],[80.56134915490628,7.216253983438238],[80.56084191846917,7.216588248598949],[80.56070567679454,7.216715115814867],[80.56056241466989,7.216830302409012],[80.56025989203589,7.217101556830848],[80.5601614490291,7.217184688887332],[80.5599899558571,7.217300560043912],[80.55986245768241,7.217449730332786],[80.55984297814568,7.217463104773805],[80.55966810107446,7.217373038273868],[80.55955874831882,7.217497792777334],[80.55950430974714,7.217559897031916],[80.55939505935112,7.217606473680089],[80.55939503336187,7.217661014868403],[80.55930143708677,7.217816821498995],[80.55908885738738,7.218025545538976],[80.55911247498256,7.218103707507716],[80.55912591611892,7.218148196545338],[80.55912981887629,7.21815206248717],[80.55913882043512,7.218218940846754],[80.55914657962384,7.218232672755379],[80.55915621304155,7.218256310381224],[80.55915999419031,7.218272131144357],[80.55916554795756,7.218305853419346],[80.55916542639659,7.218315807923728],[80.55916532660952,7.218323777494406],[80.55916710102905,7.218341699806066],[80.55916707653343,7.218343695590087],[80.5591901645679,7.218421563404294],[80.55919607012667,7.218431570512506],[80.5591893531301,7.218491992811586],[80.55933672418509,7.218491381957108],[80.55934681172172,7.218491304461177],[80.5593609677797,7.218491190918322],[80.55941591950425,7.218490759459567],[80.55943436140636,7.218490614492002],[80.55945286669487,7.218490469553832],[80.55946730346379,7.218490357045355],[80.55947350177605,7.218490307540722],[80.55955472496976,7.218479309110879],[80.55955892207447,7.218479274027806],[80.55962636576879,7.21842872750754],[80.55968577938886,7.218377980027506],[80.55969857065759,7.218378216695688],[80.5597070871151,7.218376233984891],[80.55971135751268,7.218376311068667],[80.55978618908891,7.218360505003977],[80.55979904398103,7.218356435410723],[80.55981399174615,7.218348104831897],[80.5598669201499,7.21829323153549],[80.55987336752369,7.21829118092188],[80.55991498502597,7.218219239874474],[80.55992571197906,7.21821508968995],[80.55995747078741,7.218185656132361],[80.55997039181393,7.218181506986802],[80.56006390741366,7.218160901554284],[80.56007485975172,7.218158840411929],[80.56018535357363,7.218144521570614],[80.56019644899371,7.218142437885478],[80.56020512599564,7.218136063947809],[80.56021175721376,7.21813395554099],[80.56034134073744,7.218088161500211],[80.56037744176577,7.218128749213212],[80.56043976818896,7.218276858247319],[80.56065022323997,7.218440439374097],[80.56080614666577,7.218432740544877],[80.56100898500732,7.218549689358315],[80.56126989383203,7.218530099474432],[80.5614222848036,7.218518657670941],[80.56145451989114,7.218544754744443],[80.5615191358125,7.218597062895586],[80.5615859241691,7.218651130928671],[80.56172626794027,7.218674651835942],[80.5617565539589,7.218667054559557],[80.56178867206222,7.21865899785225],[80.56180670190835,7.218643593392217],[80.56182730755896,7.218630962733966],[80.56188978440049,7.218597399960246],[80.56191023626971,7.218594038328216],[80.56197133224249,7.218573805220001],[80.56197808992444,7.218570428110255],[80.56199494395105,7.21856365827653],[80.56200512608697,7.218556914246974],[80.56206610752773,7.218529894280375],[80.56208344662969,7.218519873702853]]]]}},{"type":"Feature","properties":{"GND_N":"Hathnagoda","GND_NO":"62","GND_C":"450","PROVINCE_N":"CENTRAL","PROVINCE_C":"2","DISTRICT_N":"KANDY","DISTRICT_C":"1","DSD_N":"UDUNUWARA","DSD_C":"39","Admin_Code":"2139450","GND_NO_Cen":"62","GND_NAME_C":"Hathnagoda","GND_NO_Gaz":"62","GND_NAME_G":"හත්නාගොod","shape_1":"Polygon","Area__Ha_":22.1942022517,"MWS_ID":"122","Alt_MWS":null,"Area":0.22194202252,"Density":6542.24911323,"Total_Pop":1452.0},"geometry":{"type":"MultiPolygon","coordinates":[[[[80.57831777335,7.210013835960848],[80.57840352818008,7.209982787667904],[80.5787310553819,7.210006243282199],[80.57901971779431,7.209928511974255],[80.57926940706416,7.209679370041035],[80.57944838603218,7.209436862222304],[80.57977374525919,7.208996017530991],[80.5797922156324,7.208970990722379],[80.57998726600123,7.208776365246361],[80.58008080731906,7.208729635723901],[80.5801591499903,7.208722351730786],[80.58023664326413,7.208715146938482],[80.58033039729173,7.208706428971964],[80.58050452149882,7.208614316146276],[80.58052922740016,7.208601247781977],[80.58064253713339,7.208317147692623],[80.58066216150205,7.20823619917511],[80.5807344334304,7.207938090994747],[80.58075961015923,7.207834241536571],[80.58083130682854,7.207665242395231],[80.58080653191453,7.20762401271151],[80.58080212889274,7.207616686868898],[80.58075973285358,7.207546136626183],[80.58053367808462,7.207460413100399],[80.58032321307512,7.207312242195189],[80.58004247857534,7.207055104032085],[80.57994125210236,7.20687603546916],[80.57991777629235,7.206852570447166],[80.57971921707164,7.206326858324663],[80.5796763934495,7.206221713646944],[80.5794970322001,7.206128097952614],[80.57920073841933,7.206190282266232],[80.57898355711865,7.206170514526384],[80.57893855296378,7.20616641849424],[80.57891241047842,7.206164039737816],[80.57877177601121,7.206151239150342],[80.57861141627085,7.206255220859843],[80.57863852767464,7.206332707026804],[80.57868613650145,7.20654674744618],[80.57868990419554,7.206695249365692],[80.5786729583968,7.206704306782763],[80.57865103542137,7.206704207777016],[80.57864185060767,7.206705003209896],[80.57863896518478,7.20670408047625],[80.57781230832639,7.206625867990089],[80.57767977785252,7.20653227102044],[80.57762534066339,7.206454392212724],[80.5774647097503,7.206481720063001],[80.57730556394645,7.206508794393468],[80.57713131101939,7.206531219388795],[80.57706375345843,7.206539915575036],[80.57686506467292,7.206661852988627],[80.57655667957242,7.206851113029892],[80.57641625559512,7.207014674583911],[80.57638510863222,7.207061288679856],[80.57639274793975,7.20738839592804],[80.57633512589882,7.207532139666887],[80.57633028432471,7.207544219952808],[80.57622880521693,7.207622030677955],[80.57599490695628,7.207676469501491],[80.57586227560951,7.207816577545037],[80.57573737965966,7.208057999910555],[80.5755969584961,7.208213649433675],[80.57512897364565,7.208431464972965],[80.57498846155157,7.208470400289837],[80.57496918527515,7.208468257640468],[80.5748463799449,7.208454602788882],[80.57488776374441,7.208514785266156],[80.57493299618018,7.208580566171912],[80.57511528316402,7.208653463718194],[80.57518119072374,7.208682880795596],[80.57527025939918,7.208767325896567],[80.57530515650504,7.208904980806509],[80.57534587531576,7.20900520190581],[80.57533794108491,7.209083721826837],[80.57536693793823,7.209209138001813],[80.5753615463513,7.2092938372441],[80.57536574393211,7.209401377086259],[80.5754122173137,7.209507668588021],[80.57541918694241,7.209515959596394],[80.57547354004639,7.209694153036053],[80.57547596550266,7.209697090376502],[80.57551082545834,7.209841251717949],[80.57551972224664,7.209953804369534],[80.57556212272947,7.210012883984054],[80.57557159383413,7.210057125780867],[80.57562246879499,7.210209083821839],[80.57569611138798,7.210304425258336],[80.57570028057049,7.210312115479538],[80.5757916150085,7.210448503782163],[80.57586432505856,7.21051696254556],[80.57599233793137,7.210610277730988],[80.57599566398207,7.210612047103205],[80.57602066908869,7.210722220349996],[80.57611288009242,7.210904267271526],[80.57611687896147,7.210912163595682],[80.57617011279719,7.211017259782184],[80.57617476397394,7.211026441407259],[80.57622314458399,7.211095881477617],[80.57619279229007,7.211128193424204],[80.57614013416578,7.211184252558782],[80.5760479357627,7.211282403257944],[80.5758996084888,7.211399192335803],[80.57602432980329,7.211554955477816],[80.57619590705947,7.211656342534607],[80.5763595391338,7.211812123537323],[80.57646881747989,7.212008689220649],[80.5764764539476,7.212022425318028],[80.57655837434844,7.212158871750741],[80.5765700496045,7.212178317577965],[80.57660197252883,7.21213469255173],[80.57671827510113,7.211975759556003],[80.57686621108118,7.211828181214029],[80.57687633289106,7.211815684538295],[80.57704686118322,7.211645356480015],[80.57706007535664,7.211634786411568],[80.57706325507641,7.211631615500901],[80.5770804672366,7.21161444485384],[80.57722402656684,7.211471232265927],[80.57736585191034,7.211329749711985],[80.57751406314821,7.211158419725207],[80.57760766972093,7.210963751177275],[80.57774041869622,7.210558851690105],[80.57791215539201,7.210294133470399],[80.57810719698102,7.210122825411271],[80.57815729989026,7.210096892718105],[80.57831777335,7.210013835960848]]]]}},{"type":"Feature","properties":{"GND_N":"Lunugama","GND_NO":"50","GND_C":"585","PROVINCE_N":"CENTRAL","PROVINCE_C":"2","DISTRICT_N":"KANDY","DISTRICT_C":"1","DSD_N":"UDUNUWARA","DSD_C":"39","Admin_Code":"2139585","GND_NO_Cen":"50","GND_NAME_C":"Lunugama","GND_NO_Gaz":"50","GND_NAME_G":"ලුණුගම","shape_1":"Polygon","Area__Ha_":39.097905795,"MWS_ID":"122","Alt_MWS":null,"Area":0.39097905795,"Density":1874.78072059,"Total_Pop":733.0},"geometry":{"type":"MultiPolygon","coordinates":[[[[80.58004430072928,7.203200423219289],[80.58004609103136,7.203200084873552],[80.5801378000871,7.2032001233198],[80.58070701316338,7.203138056059268],[80.58082017606205,7.203188688518534],[80.58085821002386,7.20305415062532],[80.58086311163368,7.203036810876476],[80.5808632059723,7.202816651701259],[80.58086323508662,7.202748705904281],[80.58076997273878,7.201813983406473],[80.58054416809948,7.201151907993386],[80.58050396000462,7.201090559957041],[80.58047387225946,7.201044654534341],[80.58039613369623,7.20092605066608],[80.58077520703667,7.200667569143809],[80.58086415268646,7.20060691838144],[80.58098239392125,7.200549529276403],[80.58109912083877,7.200492877406137],[80.58107331097972,7.200393148742906],[80.58100225664485,7.200098997015226],[80.58095581254499,7.199857768445827],[80.58099839385956,7.199489694021309],[80.58104981955866,7.199092693755129],[80.58112034967267,7.19877887412534],[80.58148001334537,7.19832161300236],[80.58157183688384,7.19822507779035],[80.58175339210032,7.198002460979136],[80.58194141795605,7.197828158404977],[80.58216341045213,7.197801931949786],[80.58222851684575,7.197853958888723],[80.58249369910936,7.197893500767116],[80.58250686947909,7.197893150048982],[80.5826671006519,7.197991385569904],[80.58281328671796,7.198096629788258],[80.58311678991316,7.198155779272173],[80.58337570056507,7.198102279520152],[80.58351267385933,7.19812535813321],[80.58366699940639,7.198306012764936],[80.58368663090536,7.198328067072093],[80.58373151305528,7.198460809850801],[80.58378425405975,7.198588910518809],[80.58390676647727,7.19894820520452],[80.58416354233819,7.199354997891483],[80.58426301317331,7.199562022323554],[80.58436041088996,7.199895206305827],[80.58436702586991,7.199913600828405],[80.5844204447331,7.199946443164734],[80.58448279791139,7.200039867703085],[80.58456064438123,7.200304692484419],[80.58456059617927,7.200421544896594],[80.58451374478666,7.200468294985579],[80.58448166462216,7.200480490550725],[80.58435002390266,7.200530537421682],[80.58404572692992,7.200795203571536],[80.58415496113615,7.200771793618278],[80.58456281617836,7.20081643394021],[80.58458391486316,7.200818743334661],[80.58470076241343,7.20085778952534],[80.58485283163887,7.200916209782744],[80.58491921436699,7.200850110288292],[80.58504409603016,7.200624227439669],[80.58514552875965,7.200312708860476],[80.58524267251423,7.200077956690297],[80.58532114429084,7.199888323311287],[80.58534587322184,7.199721403514321],[80.585356331228,7.199650816952483],[80.58535262989632,7.19936666660027],[80.58541137281198,7.198622900497213],[80.5853959429616,7.198303560550535],[80.5854271080183,7.198210035887874],[80.58545068700968,7.197984251681468],[80.58551312750413,7.197875195055251],[80.58585634727267,7.197571691474863],[80.585899072081,7.197520291388004],[80.58555919462613,7.197238499604774],[80.5848953804016,7.195419488288108],[80.58487996898185,7.195420000914536],[80.58485206091139,7.195420927911423],[80.58481842820315,7.195431008598152],[80.5846095064752,7.195468378364032],[80.58431309449942,7.195491568923954],[80.5842009787728,7.195452001958728],[80.58394097734019,7.195360242386988],[80.58391545123919,7.195351234731321],[80.58361938650711,7.195427130583296],[80.58336956030954,7.195491172211153],[80.58309546042734,7.19550293283431],[80.58283150024317,7.195514258086779],[80.5825585692489,7.1955453700981],[80.5819501006336,7.195786447555996],[80.5816693563834,7.19589541091702],[80.58157233593664,7.195932438002814],[80.58135351982158,7.196015945107675],[80.58118792820373,7.196042925917657],[80.58113901997106,7.196050895501973],[80.58108737590112,7.196076714886941],[80.58107661290838,7.196082094525961],[80.58093626485615,7.196082035547],[80.58064779865735,7.196050685788862],[80.58032399579129,7.19618916449032],[80.57999262154763,7.196330880737027],[80.57957137951595,7.196455324787498],[80.57949296153838,7.196482543194653],[80.57890698947615,7.196685935692996],[80.57886556667582,7.196700313448297],[80.578565287956,7.196828623077345],[80.57851067337023,7.19683637016586],[80.5782299319815,7.196937559784331],[80.57812768143874,7.196979845105121],[80.57795278391761,7.197052175183088],[80.5779101263745,7.197069817758094],[80.57792562207673,7.197225533030879],[80.57786314103728,7.197428125286685],[80.57786310199978,7.197513752946646],[80.57791274052289,7.19759266326899],[80.57803460100347,7.197786390949525],[80.57803456404967,7.19787562949725],[80.57803452745638,7.197957783724419],[80.57807339021149,7.198058969611721],[80.57814888706234,7.198164056252609],[80.57824056327614,7.198291667967809],[80.57829170568077,7.198362854333444],[80.57829165161088,7.198487477398071],[80.5782824454583,7.198521138856631],[80.57822136521885,7.198744467454161],[80.57815112948208,7.198884605119369],[80.57813154203726,7.199028579971525],[80.57810415091957,7.199227230201847],[80.578196597194,7.199556679364344],[80.57820016923587,7.19956940718562],[80.57822874466686,7.19967124241457],[80.57827529218513,7.199998366612914],[80.57832207814991,7.200099554097151],[80.57836900515034,7.200155374499898],[80.57844397597273,7.200244550536088],[80.57848583037355,7.200294334310716],[80.57852468415341,7.200418974189548],[80.57852464148026,7.200517417640462],[80.57852459884494,7.200613683526266],[80.57846212009036,7.200808364071531],[80.57826750591683,7.201062311585179],[80.57825926312624,7.201073068332748],[80.57823755609711,7.201116378724723],[80.57818123761253,7.201228743074798],[80.57818117330382,7.201376823770492],[80.57825126742779,7.201563791898302],[80.57825309079388,7.201606166575539],[80.57825897147079,7.201742818533932],[80.57818081817274,7.202194512674742],[80.57817675102017,7.202439803426939],[80.57820402818413,7.202506083558884],[80.57836779721036,7.20266186480019],[80.57877837110833,7.202891451638058],[80.57882778897633,7.202919084101051],[80.57925654558063,7.203098434324105],[80.57936820158669,7.203115456213478],[80.57938346806826,7.203117784136809],[80.57951363472979,7.203137627252199],[80.5796153228588,7.203153129178141],[80.57982268929891,7.203193331451437],[80.57985709600187,7.203200003721537],[80.58003355812754,7.203200079494503],[80.58004430072928,7.203200423219289]]]]}},{"type":"Feature","properties":{"GND_N":"Wegiriya West","GND_NO":"47","GND_C":"595","PROVINCE_N":"CENTRAL","PROVINCE_C":"2","DISTRICT_N":"KANDY","DISTRICT_C":"1","DSD_N":"UDUNUWARA","DSD_C":"39","Admin_Code":"2139595","GND_NO_Cen":"47","GND_NAME_C":"Wegiriya West","GND_NO_Gaz":"47","GND_NAME_G":"වේගිරිය","shape_1":"Polygon","Area__Ha_":65.504994035,"MWS_ID":"122","Alt_MWS":null,"Area":0.65504994035,"Density":1476.2233235,"Total_Pop":967.0},"geometry":{"type":"MultiPolygon","coordinates":[[[[80.57453191252313,7.200425003917069],[80.5746568378746,7.200113498206584],[80.57481297956907,7.199919000547919],[80.57539835243338,7.199362331418481],[80.57547609990516,7.199288397087495],[80.57557729026728,7.19914251573499],[80.57568675830089,7.198984701171541],[80.57579610098874,7.198712185481623],[80.57581970954877,7.198112529988417],[80.57573413657421,7.197738618750989],[80.57562500295954,7.197536091758948],[80.57562212159942,7.197532252628156],[80.5753911288194,7.197224427391598],[80.5747831729014,7.196608950166683],[80.57468194133673,7.196453197053174],[80.57464296308495,7.196289555975005],[80.57464303277075,7.196133846569091],[80.57473667438505,7.195861325083472],[80.57513476768453,7.195292918880164],[80.57528304704618,7.194950337680742],[80.57535338244134,7.194584266370297],[80.57536128744287,7.19430393548777],[80.57533801976777,7.194132531563558],[80.57527173951125,7.193965065085318],[80.57525229787723,7.193774304391521],[80.57526801406021,7.19372105590279],[80.5752659385516,7.193707034656295],[80.57526438124549,7.193696508773782],[80.57524511593226,7.193666759551817],[80.5752290139996,7.193641899483506],[80.57520135035212,7.193447838081226],[80.57515905514151,7.193151141647099],[80.5751203110733,7.192458059393346],[80.57506575871702,7.192325639830397],[80.57491480320265,7.192165806391578],[80.57480075105147,7.192045047860072],[80.57476188678767,7.19194386170081],[80.57476192805723,7.191850322277276],[80.57479307843666,7.191795936646731],[80.57483277128071,7.191771704281675],[80.57493346383387,7.19171023054275],[80.57504274426009,7.191577882075718],[80.57505390695404,7.191497533199419],[80.57505673736962,7.191477154133433],[80.57507411043127,7.19135210369354],[80.57495720292266,7.191134029933971],[80.57490477049771,7.191087791497779],[80.57462584671943,7.190841821845003],[80.57427870055304,7.191063507404966],[80.57399859397518,7.191274929513865],[80.57373698751364,7.191472384505118],[80.57367027747651,7.191522736506342],[80.57264852241106,7.192137635278037],[80.57237534919473,7.192402304866165],[80.57229727197897,7.192674832825365],[80.57229713191471,7.192986394518964],[80.57230182318828,7.193004573124484],[80.57239502498169,7.19336585343921],[80.57242170199812,7.193469262561295],[80.57254215136959,7.193704891954855],[80.5726009430836,7.193819902207292],[80.57263992122562,7.193975629885002],[80.5726398274588,7.194185880577034],[80.5726007233474,7.194310487154125],[80.57253674399396,7.194374327881781],[80.57248366685374,7.194427288343753],[80.57219511977125,7.194582868316811],[80.57208584912904,7.194691901279717],[80.57190632919976,7.1949643865791],[80.57194533244342,7.195065713186295],[80.57191395398989,7.195314806937303],[80.57188428945054,7.195374045507529],[80.57183592822197,7.195470622581182],[80.57175315415162,7.195569696429552],[80.57172742691864,7.195567561626535],[80.57162710484353,7.195561243623382],[80.57128642491148,7.195751028489783],[80.5710971689253,7.195814834578691],[80.57109132171739,7.195812024093203],[80.57107532338439,7.195818909526417],[80.57074065650939,7.196028360760797],[80.57057847204784,7.196092686100765],[80.57017040864643,7.196664964029562],[80.5697754785564,7.19735249740037],[80.56933702774806,7.198044691373005],[80.56929945673627,7.198086410716639],[80.56884726418254,7.198588511465204],[80.56818121295888,7.199141987474214],[80.56721303780492,7.20013113647025],[80.56685085244872,7.200580157416137],[80.5667938874846,7.200649105283356],[80.56675773468125,7.200770210250872],[80.56677080379427,7.200838705482537],[80.56681934308448,7.200862787616177],[80.56689805460785,7.200885723336308],[80.56701138006615,7.200893067504423],[80.56701662883862,7.20092142344268],[80.56712185592434,7.201009120301652],[80.56724656789397,7.201137039522202],[80.567323419486,7.201162240505723],[80.56738557221368,7.201187676212509],[80.56754710407668,7.201331527913604],[80.56769987434558,7.201355021788033],[80.56784977369804,7.201455001213221],[80.56786790366831,7.201571264947558],[80.56775384784154,7.201742970066765],[80.56766257652953,7.201853731864561],[80.56765477263131,7.201933800775817],[80.56767687086841,7.201950082896053],[80.5679905873797,7.202088559026675],[80.56799986879265,7.202094167223699],[80.56810668124072,7.202173275510348],[80.56816194060481,7.202190905645555],[80.56882290662494,7.201808719862125],[80.56892296345328,7.201766006142048],[80.56909602036046,7.201692131518586],[80.5694624938897,7.201614300288373],[80.56953487184536,7.201555226814548],[80.56953582205325,7.201554451351479],[80.56971994675105,7.201404166915526],[80.57011771020919,7.201279721567889],[80.57025807822102,7.201240928692657],[80.57035954803455,7.201178661525154],[80.57054634798345,7.20101843693496],[80.57080425866044,7.2007972181729],[80.57094464842716,7.200711654493874],[80.5709913389773,7.200705457458468],[80.570997468573,7.200704654474751],[80.5714969612865,7.200639215062544],[80.5715373519517,7.200633923975865],[80.57177904439816,7.200540634685217],[80.57207554027066,7.200338288069188],[80.57220032350764,7.200346113538759],[80.5722156291781,7.200922473968152],[80.57234131508798,7.20141495064872],[80.57240248230121,7.201654619364156],[80.57265957835638,7.20223885817047],[80.572764176589,7.20239566039011],[80.57284663598419,7.202519275636397],[80.57303373801933,7.202698524048411],[80.57324410749753,7.203049035272008],[80.57329084934331,7.203251535095604],[80.57334507394779,7.203804597968918],[80.57339183144755,7.20396809968094],[80.57344182249243,7.204050182918472],[80.57350097679023,7.204147312405854],[80.57380488315358,7.204466779410979],[80.57408566774494,7.204599300103575],[80.57424156911388,7.204630454477157],[80.57449115614357,7.204607250855001],[80.57477191427085,7.20448274895439],[80.57492010513185,7.204350419631269],[80.57509963910448,7.204046709511455],[80.57523235902039,7.203711891469275],[80.57522464154277,7.203563950272635],[80.57518303208958,7.203435251323511],[80.57513901914054,7.203299121551538],[80.57512646475918,7.203267749339992],[80.57511361099145,7.20323563004126],[80.57507669406743,7.203143383832572],[80.57492073448262,7.202925151837951],[80.57471821343711,7.202418935415128],[80.57473331716967,7.202203402113818],[80.57475750954512,7.201858142262237],[80.5747572951391,7.201853602561473],[80.5747366368947,7.201418073395197],[80.57473424156696,7.201367547967783],[80.57461767130314,7.200975472635024],[80.57453970805405,7.200713253375523],[80.57453771774912,7.200639645763368],[80.57453661746663,7.200598958829145],[80.57453191252313,7.200425003917069]]]]}},{"type":"Feature","properties":{"GND_N":"Ganhatha","GND_NO":"93","GND_C":"525","PROVINCE_N":"CENTRAL","PROVINCE_C":"2","DISTRICT_N":"KANDY","DISTRICT_C":"1","DSD_N":"UDUNUWARA","DSD_C":"39","Admin_Code":"2139525","GND_NO_Cen":"93","GND_NAME_C":"Ganhatha","GND_NO_Gaz":"93","GND_NAME_G":"ගංහත","shape_1":"Polygon","Area__Ha_":67.1772604323,"MWS_ID":"122","Alt_MWS":"133-1","Area":0.67177260432,"Density":1204.27655846,"Total_Pop":809.0},"geometry":{"type":"MultiPolygon","coordinates":[[[[80.56389558163612,7.203748234525776],[80.56398032254968,7.203616881313252],[80.56423586251609,7.203623920527622],[80.5642552717448,7.203619979531192],[80.56449510415098,7.20363679226244],[80.56454688174054,7.203645067106916],[80.56460292040674,7.203661507065206],[80.56484257016132,7.203754014248796],[80.5649004599622,7.203877279486359],[80.56501599800806,7.204016058458846],[80.5651385620255,7.204111414189043],[80.56536741122258,7.203793215857638],[80.56545646045358,7.203674716308419],[80.56548448907448,7.20363741947918],[80.56550014265373,7.203442717498868],[80.56547668483475,7.203380394749545],[80.56546224916528,7.203365444479124],[80.56514898359191,7.20304103751421],[80.5650986796596,7.202988944491099],[80.56509587217597,7.202986035858863],[80.56515394400124,7.202929256139672],[80.56533920329186,7.202896731550438],[80.56536411884973,7.202896525106253],[80.56555807539307,7.202967765126471],[80.56597665139844,7.20294702772243],[80.5659641112167,7.202923571556052],[80.56595469138034,7.202905950486581],[80.56594653994667,7.202890703797068],[80.56618052246257,7.202821311115648],[80.56650111933358,7.20262045332786],[80.5667902136778,7.202457666525135],[80.56720053797537,7.202254092102554],[80.56722045350115,7.202227963215772],[80.56727350888279,7.202182342741926],[80.56749909407692,7.202077730138294],[80.56767687086841,7.201950082896053],[80.56765477263131,7.201933800775817],[80.56766257652953,7.201853731864561],[80.56775384784154,7.201742970066765],[80.56786790366831,7.201571264947558],[80.56784977369804,7.201455001213221],[80.56769987434558,7.201355021788033],[80.56754710407668,7.201331527913604],[80.56738557221368,7.201187676212509],[80.567323419486,7.201162240505723],[80.56724656789397,7.201137039522202],[80.56712185592434,7.201009120301652],[80.56701662883862,7.20092142344268],[80.56701138006615,7.200893067504423],[80.56689805460785,7.200885723336308],[80.56681934308448,7.200862787616177],[80.56677080379427,7.200838705482537],[80.56675773468125,7.200770210250872],[80.5667938874846,7.200649105283356],[80.56685085244872,7.200580157416137],[80.56721303780492,7.20013113647025],[80.56818121295888,7.199141987474214],[80.56884726418254,7.198588511465204],[80.56929945673627,7.198086410716639],[80.56908674115334,7.197927002323979],[80.5687840520601,7.197755059182113],[80.56844058551121,7.197615628752938],[80.56843560718873,7.197613629788791],[80.5681947249352,7.197546572889951],[80.56804026255911,7.197424067117451],[80.56787272393603,7.196895701057208],[80.56773533404427,7.196762633457764],[80.56754959276071,7.196720366621523],[80.56741604266735,7.19667739828146],[80.56731719197802,7.19665296860366],[80.56722102298106,7.196583816879291],[80.56716800265583,7.196481223802152],[80.56720690610867,7.196145969116073],[80.56732742756614,7.19599608062775],[80.56728717590941,7.195829085253335],[80.56717641108384,7.195630850140006],[80.56663386032268,7.195718937068833],[80.56661870335397,7.195689817872669],[80.5665829622621,7.195621154890754],[80.56618206357574,7.195818480043356],[80.56597925754171,7.195958553993215],[80.56572956357333,7.196223231097],[80.5655549407242,7.196397467034989],[80.56551894319693,7.196433384777239],[80.56530862310501,7.196573312976865],[80.56526150929942,7.196604659743585],[80.56521861880371,7.196655224002797],[80.56492014823428,7.196834703579079],[80.5646297511189,7.197009326958837],[80.56425913560007,7.197063146852342],[80.56425536855595,7.19706369401937],[80.56418519670494,7.197055889012688],[80.56414583512293,7.197072419525056],[80.56403942607146,7.197117101566204],[80.56388873588084,7.19718037631401],[80.56374511207264,7.197268785794638],[80.5635221971206,7.197405999807721],[80.56332527676406,7.197498087492209],[80.5632725690899,7.197522735979534],[80.56306973867456,7.197709579152889],[80.56306227099574,7.197729365452449],[80.56307589967354,7.19783338389373],[80.56308082693118,7.197870990748603],[80.56264550354773,7.198043899441575],[80.56217131048493,7.198249186195717],[80.56176683739382,7.198392483484258],[80.56149740496711,7.198579663650657],[80.56140802208411,7.198954903987634],[80.56130423304066,7.199141313551513],[80.56125197780034,7.199235163826226],[80.56119426393347,7.199300952802048],[80.56120724562807,7.199359030555989],[80.5613301306797,7.200000632781669],[80.56141398566189,7.200408420756912],[80.56139800242114,7.200719060441594],[80.56140433016274,7.201012751298047],[80.56134156599859,7.201240376554011],[80.56128356742134,7.201335277631379],[80.56067165807414,7.201642838834304],[80.56034493669637,7.201875895457452],[80.56001672763175,7.201987873069774],[80.55982682974658,7.202012412833987],[80.55949671674551,7.202048991078277],[80.55922323591344,7.202031706730435],[80.55891951038875,7.20197940498382],[80.55872894438559,7.201937130439613],[80.55854006872639,7.201882077914115],[80.55835276592929,7.201830852167877],[80.55801908591306,7.201915459706878],[80.5579694845254,7.201928037496243],[80.55809211482118,7.202645238215645],[80.55793114647682,7.20286370702104],[80.55784149497399,7.203058214155432],[80.55774266812574,7.203367851841731],[80.5577349939971,7.20343418784444],[80.55772907746368,7.203485324257232],[80.55769889295898,7.203606173545416],[80.55771667207235,7.203629266187589],[80.55791203158178,7.203883025572241],[80.55906899614382,7.205059880539332],[80.55980435373093,7.206109551880193],[80.5600838997747,7.20596169408782],[80.56010195397731,7.205953153345574],[80.56012898159541,7.205944710893571],[80.56057042672498,7.205717711469839],[80.56058370854059,7.205700464538431],[80.56071890272621,7.205610205613504],[80.56072749266416,7.20560167485136],[80.56076196700988,7.205576061347487],[80.56077914778804,7.205558999821765],[80.56079203359762,7.205546202772793],[80.5611318980685,7.205337894761144],[80.56201531272926,7.205086281289518],[80.56203175978412,7.205073517523773],[80.56203586546488,7.205069300873458],[80.56204817254104,7.205056661769287],[80.5624546604431,7.204695955508395],[80.56246700905925,7.204679648557563],[80.56247929510093,7.204667405515909],[80.56306702895138,7.204210720171896],[80.56309237898255,7.204181958870588],[80.5630968370645,7.204169604548936],[80.56384387091397,7.203878268316788],[80.56384345498807,7.203867260943015],[80.5638846736497,7.203758888482573],[80.56389558163612,7.203748234525776]]]]}},{"type":"Feature","properties":{"GND_N":"Eladetta East","GND_NO":"52","GND_C":"445","PROVINCE_N":"CENTRAL","PROVINCE_C":"2","DISTRICT_N":"KANDY","DISTRICT_C":"1","DSD_N":"UDUNUWARA","DSD_C":"39","Admin_Code":"2139445","GND_NO_Cen":"52","GND_NAME_C":"Eladetta East","GND_NO_Gaz":"52","GND_NAME_G":"එලදැත්ත","shape_1":"Polygon","Area__Ha_":73.7594200839,"MWS_ID":"122","Alt_MWS":null,"Area":0.73759420084,"Density":2237.00240339,"Total_Pop":1650.0},"geometry":{"type":"MultiPolygon","coordinates":[[[[80.57726860173717,7.217266642762787],[80.57740768998087,7.217176386074247],[80.57755156695768,7.217269786440686],[80.57769094786595,7.217384454931064],[80.57772546628276,7.217457067441714],[80.57779798868262,7.217516727862556],[80.57796203541727,7.217333688555024],[80.5780250607988,7.217272643794892],[80.57831551195338,7.217146740699496],[80.57835047671917,7.217225958393053],[80.57850167814205,7.217568524418068],[80.57850831901152,7.217596104939053],[80.57853921664525,7.217724427254738],[80.57856279369582,7.217822341900517],[80.57860293996403,7.21798906947101],[80.57868083308311,7.218144955411108],[80.57869462448404,7.218160912394115],[80.57872040620624,7.218190742968011],[80.57882889655552,7.218316271093038],[80.57890092588794,7.218365126511075],[80.57904714816058,7.218464304125282],[80.57907401067304,7.218493067164467],[80.57915632697696,7.218581204511949],[80.5792218702874,7.218564878491702],[80.5792492009789,7.218558070940474],[80.57927421600135,7.218551838429203],[80.57944194305517,7.218510058738286],[80.57960518998217,7.218469393868834],[80.57978633553577,7.218424270292364],[80.5798114845751,7.218418006158329],[80.57992852203377,7.218355744587805],[80.58010007992223,7.218184424799026],[80.58020537966952,7.217857917858126],[80.58031103560452,7.217530307786827],[80.58033986481334,7.217458390944194],[80.58046712276419,7.217140958091235],[80.58047490483534,7.217071402386876],[80.58047686649141,7.217053860640318],[80.5805063239867,7.216790558113549],[80.58054528254195,7.216673722500834],[80.58054621679244,7.216672184680805],[80.58068619742099,7.216442022516349],[80.58078617650581,7.216277633080853],[80.58083412127624,7.216198803749046],[80.58088867713387,7.216004119647719],[80.58099798194084,7.215825001232492],[80.58122859199406,7.215617056599158],[80.5813409483492,7.2155157429866],[80.58140363968047,7.215459213687791],[80.58155995972427,7.214851701234745],[80.58165791716519,7.214701816656232],[80.58166785415588,7.214689393948277],[80.58177793626079,7.214522778557154],[80.5818017605395,7.214484134236118],[80.58183086943036,7.214436920267755],[80.58191688593303,7.214343729491901],[80.58193907675029,7.21431968716715],[80.58195087306083,7.214302278912068],[80.58207484530045,7.214151085022595],[80.58215867718765,7.213990895197607],[80.58216858613783,7.213971959668705],[80.58221548049299,7.213824040902982],[80.5822428167944,7.213422910517713],[80.58221951160058,7.213329501386339],[80.58224976224224,7.213080336897548],[80.58226253401486,7.212975146450151],[80.58226597280375,7.212967445954161],[80.58229383115328,7.212905075283175],[80.58228608994489,7.212811533502172],[80.58232506001427,7.212663610442865],[80.58250040887204,7.21229871140022],[80.58259822889542,7.212095146130816],[80.58260482800308,7.212070163913093],[80.58263893185517,7.211941034713924],[80.58268569423953,7.211763981857709],[80.58271274999483,7.211661547431385],[80.58271349098936,7.211658737168419],[80.58275453942242,7.2115033164504],[80.5827817391454,7.210970219918016],[80.58278592757785,7.210888120827716],[80.5830042562476,7.210512206326214],[80.58319824491858,7.21017819953212],[80.58322683537816,7.21012897406357],[80.583347862267,7.20999267331023],[80.58342584060071,7.209945936530192],[80.5837300133961,7.209992834550579],[80.58383911841949,7.209946111722428],[80.58387320004545,7.209894106884325],[80.5838931765838,7.209863622160377],[80.58403754814543,7.20964332299424],[80.58405486710446,7.209616898374196],[80.58410443190358,7.209541263327887],[80.58422927465764,7.209416692758021],[80.58427993161018,7.209405127200538],[80.58441290433277,7.209328966496154],[80.5844633403767,7.209300078877346],[80.58473628007107,7.209261194368789],[80.58492341903609,7.209370354494371],[80.58521966104722,7.209432791378854],[80.58539120564997,7.209619658896038],[80.58550041016605,7.209674245819041],[80.58573426842635,7.209713341545788],[80.58582001773087,7.209689920555481],[80.58597607832131,7.209682214906943],[80.58602394569192,7.209695982983441],[80.58603068636384,7.209697921906241],[80.5861475762421,7.209643429265133],[80.58601504637835,7.20954206397018],[80.58596840046766,7.209433104808192],[80.58591401643137,7.208887814674918],[80.58592968992109,7.208623029138088],[80.58606241779958,7.208249352605567],[80.58613755922799,7.208153432666029],[80.585745959209,7.207790771898574],[80.5857456093878,7.207789318535594],[80.58571955468128,7.207680627466893],[80.58567276963288,7.207571527142973],[80.58559484823209,7.207485867860765],[80.58548564096797,7.207439052558684],[80.58542417814319,7.20743519806742],[80.5853608545651,7.207431228848157],[80.58526550791484,7.207464142757528],[80.58495530201255,7.207571226401396],[80.58438341242183,7.207820820555688],[80.58433138274397,7.20784352839088],[80.58399603451493,7.207913470073964],[80.58373090196909,7.207890045462228],[80.58353596315493,7.207827650381918],[80.58337956010087,7.207749534786685],[80.58336437897186,7.207741951212374],[80.5833404730883,7.207713586659256],[80.58323965100249,7.207593960692235],[80.58319282699298,7.207578257560542],[80.58309934233608,7.207492590384212],[80.58297456017822,7.207476994434301],[80.58287327813487,7.207430182772032],[80.58275631577419,7.207321052459765],[80.58266271646626,7.207173072256005],[80.58254588971872,7.207079625297528],[80.58253100723219,7.20706827268279],[80.58245277575226,7.207008588888285],[80.58238474595495,7.206956688234269],[80.58224957622352,7.20685356550273],[80.58211699490248,7.206876964131917],[80.58202343519983,7.206970322720415],[80.58197962626984,7.207072244501361],[80.58197655811097,7.207079385391488],[80.58191122985586,7.207221910316225],[80.58185740123973,7.207339352011276],[80.58185165230522,7.207351893168756],[80.5817034548542,7.207499769733579],[80.58150847320968,7.2075386847856],[80.58148712054108,7.207532496573585],[80.58147868413718,7.207530050451697],[80.58142735226679,7.207515174466117],[80.58121209996298,7.20745279054318],[80.58099494097864,7.207558907409123],[80.58084552751195,7.207631919444542],[80.58083254862021,7.207662312981003],[80.58083130682854,7.207665242395231],[80.58075961015923,7.207834241536571],[80.5807344334304,7.207938090994747],[80.58066216150205,7.20823619917511],[80.58064253713339,7.208317147692623],[80.58052922740016,7.208601247781977],[80.58050452149882,7.208614316146276],[80.58033039729173,7.208706428971964],[80.58023664326413,7.208715146938482],[80.5801591499903,7.208722351730786],[80.58008080731906,7.208729635723901],[80.57998726600123,7.208776365246361],[80.5797922156324,7.208970990722379],[80.57977374525919,7.208996017530991],[80.57944838603218,7.209436862222304],[80.57926940706416,7.209679370041035],[80.57901971779431,7.209928511974255],[80.5787310553819,7.210006243282199],[80.57840352818008,7.209982787667904],[80.57831777335,7.210013835960848],[80.57815729989026,7.210096892718105],[80.57810719698102,7.210122825411271],[80.57791215539201,7.210294133470399],[80.57774041869622,7.210558851690105],[80.57760766972093,7.210963751177275],[80.57751406314821,7.211158419725207],[80.57736585191034,7.211329749711985],[80.57722402656684,7.211471232265927],[80.5770804672366,7.21161444485384],[80.57706325507641,7.211631615500901],[80.57706007535664,7.211634786411568],[80.57704686118322,7.211645356480015],[80.57687633289106,7.211815684538295],[80.57686621108118,7.211828181214029],[80.57671827510113,7.211975759556003],[80.57660197252883,7.21213469255173],[80.5765700496045,7.212178317577965],[80.57655837434844,7.212158871750741],[80.5764764539476,7.212022425318028],[80.57646881747989,7.212008689220649],[80.57640165013035,7.212180726219551],[80.57639423201077,7.212199728724021],[80.57638615356382,7.212208894827781],[80.57624868877068,7.212349934953859],[80.57611802733283,7.21253757588223],[80.57602528254812,7.212644130018197],[80.57594591045164,7.212723562698972],[80.57579590109364,7.212836344919483],[80.57564595353242,7.212983398414922],[80.57553886780136,7.212989677860481],[80.57552743875203,7.212988985565299],[80.57539905250025,7.212964908991892],[80.57538420338274,7.212955905542581],[80.57529552700726,7.212922468780043],[80.57527004102597,7.212908991576806],[80.5751727565562,7.21292962112387],[80.5751215234538,7.213059291069688],[80.57508638111868,7.213238452495837],[80.575197272993,7.213274744926703],[80.57556970159143,7.213387705284936],[80.57556434032213,7.213580227360604],[80.57556903598582,7.213813107499661],[80.5757457810457,7.214062042279895],[80.57566624899829,7.214403131457074],[80.57562090509306,7.21466276150508],[80.57548995286717,7.214881385331186],[80.575242844953,7.215111746477903],[80.57504250717298,7.21528971014835],[80.57487181910226,7.215398833139036],[80.57469577311369,7.215515914280899],[80.57455313704327,7.215636862450311],[80.57450409019563,7.21568700339132],[80.57449795698103,7.215677139250809],[80.57442933075872,7.215725910551355],[80.57461868939448,7.215985850370793],[80.57486816555206,7.216227295606653],[80.57508643797405,7.216320930309342],[80.5754918990661,7.216414506222354],[80.57560887134751,7.216500183450363],[80.57564041622582,7.216559151576542],[80.57578812942026,7.216835279547243],[80.57584249800864,7.217068867839093],[80.57585026789442,7.217419287948438],[80.5757799288761,7.217785359789559],[80.57553001859435,7.218525083168719],[80.57547968056012,7.21880438044902],[80.57549613101894,7.218806799465328],[80.57558668633142,7.218816199748728],[80.57571250873701,7.218818025699174],[80.57586485047062,7.218860510798533],[80.57600993951081,7.218903892446376],[80.5761268387675,7.218945198967627],[80.57626375490794,7.218963193153207],[80.57628626176354,7.218868202324851],[80.57636670768522,7.218711035274334],[80.5763744858416,7.218707544453522],[80.57649028262549,7.218597221315185],[80.57649852942417,7.218578174869105],[80.5765746841734,7.218484474437447],[80.57659101255396,7.218469992833071],[80.57668575103953,7.218323160927777],[80.5766905944256,7.218317530139817],[80.57680530408953,7.218222395121151],[80.57689136688931,7.218217648968684],[80.57699278705971,7.218118385374066],[80.57704706925917,7.218023586523004],[80.57713747072142,7.217753146084303],[80.57720828673065,7.217511366214109],[80.57726860173717,7.217266642762787]]]]}},{"type":"Feature","properties":{"GND_N":"Dodamdeniya","GND_NO":"60","GND_C":"465","PROVINCE_N":"CENTRAL","PROVINCE_C":"2","DISTRICT_N":"KANDY","DISTRICT_C":"1","DSD_N":"UDUNUWARA","DSD_C":"39","Admin_Code":"2139465","GND_NO_Cen":"60","GND_NAME_C":"Dodamdeniya","GND_NO_Gaz":"60","GND_NAME_G":"දොඩම්දෙni","shape_1":"Polygon","Area__Ha_":23.5965457309,"MWS_ID":"122","Alt_MWS":null,"Area":0.23596545731,"Density":2296.94636741,"Total_Pop":542.0},"geometry":{"type":"MultiPolygon","coordinates":[[[[80.5705022245547,7.219216628508932],[80.57057393671333,7.219162113280784],[80.57058529073997,7.219184858910253],[80.57071784002139,7.219239458072678],[80.57083477686665,7.219403133542104],[80.57094396601974,7.219488810254817],[80.57100919380329,7.219315679118453],[80.57096579825796,7.218916674712149],[80.57091386694117,7.218654991221845],[80.5710425560746,7.218496312263839],[80.57143186102925,7.218479054943921],[80.57151568861683,7.218475337901159],[80.57198248414757,7.218337689719384],[80.57210599667535,7.218250083651798],[80.57216300518077,7.218230720893813],[80.57243235501726,7.218069097612712],[80.57253306848149,7.217942423476323],[80.57289742005655,7.217782118287861],[80.57309886401947,7.217639727797758],[80.57327558062718,7.217438935349116],[80.57359057820764,7.217081024578435],[80.57377574843574,7.216833108806815],[80.57386718364886,7.216563137934685],[80.57396465308074,7.216258608140215],[80.57403442640224,7.216120877476404],[80.57388631995886,7.216043772411559],[80.57369942069643,7.215904816529696],[80.5734591041004,7.215756045949221],[80.57327707835853,7.215595235051267],[80.57292496457922,7.215748185935457],[80.5724829741537,7.215875534479806],[80.57216328807178,7.215790592402286],[80.57188450816655,7.215616278037039],[80.57174630806729,7.215473858896321],[80.57152565906877,7.215365740043996],[80.57139433281576,7.21528190917445],[80.57128314574167,7.215253318541846],[80.57117339755689,7.215246812520318],[80.57110072943692,7.215254072167211],[80.57101248352967,7.215271847271576],[80.5710004951785,7.215244262438667],[80.57098487331791,7.215057318737795],[80.57105526042623,7.214909411787596],[80.57107864056934,7.214831568110831],[80.57114106923095,7.214757625962692],[80.57104708479972,7.214643655067507],[80.57107631458707,7.214547637522057],[80.57113675209415,7.214397077376562],[80.57113919405492,7.214252823098931],[80.5710892657292,7.214132604278515],[80.57095215970587,7.213908902091879],[80.57081905199371,7.213704506732848],[80.5707237959445,7.213461406107823],[80.57059226151989,7.213280658021948],[80.57060329653872,7.213209457241283],[80.57058019376413,7.21324259407461],[80.57046327661178,7.213351482817077],[80.57028830943412,7.213425135388771],[80.56996401845392,7.213561648201462],[80.56989831540471,7.213613700954589],[80.56979808636345,7.21369310592128],[80.56960944935994,7.213842547127915],[80.56943353835328,7.213981909227573],[80.56917610734708,7.214129731119141],[80.56911370676944,7.214137473487989],[80.5689317233141,7.214240639701633],[80.56877051489508,7.214332026785965],[80.5686300858123,7.214495584849857],[80.56859097608081,7.21462796247524],[80.56870040646699,7.214782912147142],[80.56877804220811,7.214892838364891],[80.5687822978853,7.214978801552608],[80.56878575323388,7.215048551124251],[80.56866690091414,7.215302614422653],[80.56851255747587,7.215632551557039],[80.56834761173737,7.215854080460445],[80.56830968266603,7.215905021567602],[80.56817705275307,7.216029585848518],[80.56810677905241,7.216239944446403],[80.56810745156982,7.216242540103048],[80.56813403773872,7.216345083922421],[80.56795058422614,7.216535750305827],[80.56791832494436,7.216556038089338],[80.56784528662261,7.21660197227596],[80.56798953042481,7.216761562613774],[80.56809467391813,7.217030357704721],[80.56812192909058,7.217143266949472],[80.56810624484382,7.217408052394629],[80.5682861742635,7.217606020359575],[80.56841792723107,7.21775098048587],[80.5687297913522,7.218000228986642],[80.56877060909669,7.218018954866801],[80.56891694227117,7.21808608269195],[80.56908855135694,7.218117246058175],[80.56923670317654,7.218086227880448],[80.56943951918807,7.217946151966939],[80.56953311767504,7.217809925847577],[80.56968280049767,7.217976625051356],[80.56974694093451,7.218102939112069],[80.56981215495594,7.218240109808801],[80.56984240963025,7.218369156700629],[80.56982624640861,7.218621932855076],[80.5698471438922,7.218865777694754],[80.56982069008322,7.219130986067613],[80.56978802711006,7.219272383490329],[80.5698792470191,7.219511362437627],[80.57000725120099,7.219578567543275],[80.57013933236658,7.219613177946887],[80.57029834309256,7.21963940040007],[80.57039406938348,7.219613875341849],[80.57044385049973,7.219451814131662],[80.5705022245547,7.219216628508932]]]]}},{"type":"Feature","properties":{"GND_N":"Werawala West","GND_NO":"67","GND_C":"360","PROVINCE_N":"CENTRAL","PROVINCE_C":"2","DISTRICT_N":"KANDY","DISTRICT_C":"1","DSD_N":"UDUNUWARA","DSD_C":"39","Admin_Code":"2139360","GND_NO_Cen":"67","GND_NAME_C":"Werawala West","GND_NO_Gaz":"67","GND_NAME_G":"වේරවල බට","shape_1":"Polygon","Area__Ha_":39.88453149,"MWS_ID":"122","Alt_MWS":null,"Area":0.3988453149,"Density":1241.08264911,"Total_Pop":495.0},"geometry":{"type":"MultiPolygon","coordinates":[[[[80.55726547502499,7.218906097669975],[80.55742918351353,7.218890633066353],[80.55760076759273,7.218976341010373],[80.55765832016904,7.218979388054088],[80.5577489008035,7.218984183552938],[80.5578659374698,7.218929840372152],[80.55798790116346,7.2188186279372],[80.55804528196792,7.218766303506638],[80.55829490999446,7.218673026466135],[80.55840368289819,7.218608886503445],[80.55846658272982,7.218571798531851],[80.55880203619368,7.218307167903497],[80.55891750613948,7.218193789923716],[80.55908885738738,7.218025545538976],[80.55930143708677,7.217816821498995],[80.55939503336187,7.217661014868403],[80.55939505935112,7.217606473680089],[80.55950430974714,7.217559897031916],[80.55955874831882,7.217497792777334],[80.55966810107446,7.217373038273868],[80.55984297814568,7.217463104773805],[80.55986245768241,7.217449730332786],[80.5599899558571,7.217300560043912],[80.5601614490291,7.217184688887332],[80.56025989203589,7.217101556830848],[80.56056241466989,7.216830302409012],[80.56070567679454,7.216715115814867],[80.56084191846917,7.216588248598949],[80.56134915490628,7.216253983438238],[80.5614112838169,7.216013037711068],[80.56139158959681,7.215898265187438],[80.56133124999675,7.215790150897247],[80.56132118193008,7.21578363788948],[80.56127060621463,7.215727963279858],[80.56121646559669,7.215672080804358],[80.56119833037168,7.215506323513494],[80.56125786614483,7.215326120402276],[80.56135375791669,7.215092931403344],[80.56150243414015,7.214985680526356],[80.56152290460224,7.214992474235699],[80.56172434882978,7.215015519251877],[80.56173801596763,7.215018901437072],[80.56175170556267,7.215018823769907],[80.56182702543977,7.215018526373277],[80.56184759380695,7.215011642534247],[80.56194019214227,7.214987520333462],[80.56194027054798,7.214980620539792],[80.56193700361473,7.21496681482351],[80.56189711852808,7.214845487490353],[80.56190104698219,7.21479669134624],[80.56190466910766,7.214779229150957],[80.56191159340274,7.214775734558904],[80.56196895513469,7.214631068514711],[80.56206560078571,7.21441690803906],[80.56207932617286,7.214157828094422],[80.56213127759496,7.214131992114646],[80.56221202296518,7.214103206228889],[80.56222827699553,7.214083753251393],[80.56230244482396,7.21399499089897],[80.56232909725247,7.21396309325277],[80.56236030837619,7.213783943771902],[80.56236038485513,7.213621133115364],[80.56236044096508,7.213503609937324],[80.56231378360512,7.213129715797839],[80.56231386731986,7.212951523852203],[80.5622094891258,7.212947845967016],[80.56187137307316,7.21306436140601],[80.56138181069326,7.21316463912201],[80.56036597795865,7.213271157052679],[80.5598171196814,7.213344440534937],[80.55981045513997,7.213344408438002],[80.55955215204709,7.213241467599321],[80.55954120571282,7.213234964084455],[80.55951715508797,7.213224125451908],[80.55941047250063,7.21317449097561],[80.55921201406996,7.213017869113389],[80.55830633884887,7.212714734146067],[80.55825777150156,7.21269847782469],[80.55818865446116,7.212761803886491],[80.5577922426011,7.21297106627442],[80.55765808996549,7.213041884025372],[80.55750987834797,7.213197522204887],[80.55742406906327,7.213345419571707],[80.55740846212628,7.213431179769194],[80.5571273671373,7.213945084908044],[80.55699473775233,7.214061732330905],[80.556932331281,7.214085158155586],[80.55676659474966,7.21413549608721],[80.55675304178152,7.214139611382341],[80.55669840142873,7.214193984332686],[80.5564655710078,7.214379205488733],[80.5564085271777,7.214424583956316],[80.55617587475683,7.214523946040655],[80.55607437507581,7.214622926360763],[80.5559157802614,7.214777589561235],[80.55583685470226,7.214854559145693],[80.55549027272116,7.215023523357299],[80.55515639977197,7.21509844328845],[80.55501380842776,7.21511544652802],[80.55465079265616,7.215107754787985],[80.55439685234279,7.215315635455931],[80.55435029577811,7.215353748161085],[80.55428082716003,7.215645917083495],[80.55427673700142,7.215655097380488],[80.55425380509858,7.215706562734699],[80.55415986645427,7.215917401245775],[80.55414823595852,7.215943503699016],[80.55410253706775,7.216046073653726],[80.55410147554653,7.216048455973688],[80.55409584159727,7.216061099899492],[80.55407934614692,7.216151342146057],[80.55407671312368,7.216165740974456],[80.55403840711728,7.216375295290892],[80.55403398907059,7.216399476896358],[80.55393290424774,7.216539023909387],[80.55357172146851,7.217037632018201],[80.5533904580024,7.217364364694253],[80.55350223800738,7.217352973515879],[80.55357919575218,7.217376042747185],[80.55386423027129,7.21721467878201],[80.5541415389117,7.216937870354704],[80.5541655376003,7.21691051422936],[80.55430334789754,7.216753415339774],[80.55447891679648,7.216638102669777],[80.55493514769616,7.216338449338095],[80.55532029926505,7.216000229708126],[80.55533020438327,7.215995281638318],[80.55541271139815,7.215954071812069],[80.55548203944853,7.215954104446126],[80.55556675666737,7.216023380616057],[80.55559751548137,7.21620029964548],[80.55545294505524,7.216589187368537],[80.55539613794583,7.216961440368554],[80.55533790597696,7.217172168890693],[80.55532745449392,7.217185221052803],[80.55522420712427,7.217536235694176],[80.55486555049619,7.217783353248659],[80.55485553469846,7.217803525182192],[80.5547206191549,7.218079773788355],[80.55471046000433,7.218094915014892],[80.55468148198037,7.21830050310906],[80.55468163044051,7.218315473905159],[80.55467721463691,7.218385285704303],[80.5552043319488,7.219202675240299],[80.55563898382684,7.219474298389804],[80.55610365056363,7.219798589527985],[80.55611085814438,7.219786280026108],[80.55611603540217,7.219783617545565],[80.55616525956019,7.2197332255385],[80.55617295107722,7.219725726252932],[80.55623057739751,7.219670070730666],[80.5563556137222,7.219546565340355],[80.55636686249872,7.219540167397487],[80.556403818856,7.219502332017472],[80.55640607365054,7.219502241769495],[80.55653200054377,7.219497638948215],[80.55665681869928,7.219443159667406],[80.55675054415437,7.219318720319339],[80.55702359772798,7.219061833504695],[80.55726547502499,7.218906097669975]]]]}},{"type":"Feature","properties":{"GND_N":"Wegiriya East","GND_NO":"48","GND_C":"535","PROVINCE_N":"CENTRAL","PROVINCE_C":"2","DISTRICT_N":"KANDY","DISTRICT_C":"1","DSD_N":"UDUNUWARA","DSD_C":"39","Admin_Code":"2139535","GND_NO_Cen":"48","GND_NAME_C":"Wegiriya East","GND_NO_Gaz":"48","GND_NAME_G":"වේගිරිය","shape_1":"Polygon","Area__Ha_":41.4472381115,"MWS_ID":"122","Alt_MWS":null,"Area":0.41447238112,"Density":2135.2448084,"Total_Pop":885.0},"geometry":{"type":"MultiPolygon","coordinates":[[[[80.57864185060767,7.206705003209896],[80.57865103542137,7.206704207777016],[80.5786729583968,7.206704306782763],[80.57868990419554,7.206695249365692],[80.57868613650145,7.20654674744618],[80.57863852767464,7.206332707026804],[80.57861141627085,7.206255220859843],[80.57877177601121,7.206151239150342],[80.57891241047842,7.206164039737816],[80.57899560873034,7.206012787391452],[80.5790591521502,7.205897270071107],[80.57913545883694,7.205734931570127],[80.57914383110291,7.205715978253982],[80.57914897110335,7.205700387554951],[80.5792336777343,7.205574300783697],[80.57923926239938,7.205569021150771],[80.57924825884673,7.205555653988058],[80.57930279842938,7.20548498623202],[80.57930392581122,7.205474416306843],[80.57936375595685,7.205383317166302],[80.57936685236868,7.205375819105988],[80.57937255040275,7.205365915813043],[80.5793808237869,7.205353636213781],[80.57946683736303,7.205262175763003],[80.57946977986195,7.205254622473059],[80.57950968959406,7.205095125827489],[80.57951134707187,7.205073168227346],[80.57950829957711,7.205036571534752],[80.57950316673536,7.204907646297834],[80.57950218026538,7.204887561277673],[80.57948953408743,7.204768072836858],[80.5794819686028,7.204751471981206],[80.57944449392544,7.204516291546288],[80.5794781975586,7.204436011079937],[80.57947755603487,7.204428625351501],[80.57957686802034,7.20430025780299],[80.57957859195824,7.204292144223222],[80.57963966550975,7.204204366176412],[80.57964497190348,7.204195497234587],[80.57970059471019,7.204132111344456],[80.57970406389975,7.204129442425825],[80.5797121275947,7.20412249631517],[80.5796305026892,7.204040908346008],[80.57920468864323,7.203864038419932],[80.57921119573172,7.20376715407346],[80.57924449644278,7.203697258477094],[80.57926224513417,7.203611015399444],[80.5793060348631,7.203531059411501],[80.57936897114918,7.203419769385133],[80.57945948948239,7.203373748528666],[80.57950888792308,7.203312319605445],[80.57953618285974,7.203235129994681],[80.57954158681515,7.203193192498146],[80.57954610402892,7.203158165312889],[80.57951363472979,7.203137627252199],[80.57938346806826,7.203117784136809],[80.57936820158669,7.203115456213478],[80.57925654558063,7.203098434324105],[80.57882778897633,7.202919084101051],[80.57877837110833,7.202891451638058],[80.57836779721036,7.20266186480019],[80.57820402818413,7.202506083558884],[80.57817675102017,7.202439803426939],[80.57818081817274,7.202194512674742],[80.57825897147079,7.201742818533932],[80.57825309079388,7.201606166575539],[80.57825126742779,7.201563791898302],[80.57818117330382,7.201376823770492],[80.57818123761253,7.201228743074798],[80.57823755609711,7.201116378724723],[80.57825926312624,7.201073068332748],[80.57826750591683,7.201062311585179],[80.57846212009036,7.200808364071531],[80.57852459884494,7.200613683526266],[80.57852464148026,7.200517417640462],[80.57852468415341,7.200418974189548],[80.57848583037355,7.200294334310716],[80.57844397597273,7.200244550536088],[80.57836900515034,7.200155374499898],[80.57832207814991,7.200099554097151],[80.57827529218513,7.199998366612914],[80.57822874466686,7.19967124241457],[80.57820016923587,7.19956940718562],[80.578196597194,7.199556679364344],[80.57810415091957,7.199227230201847],[80.57813154203726,7.199028579971525],[80.57815112948208,7.198884605119369],[80.57822136521885,7.198744467454161],[80.5782824454583,7.198521138856631],[80.57829165161088,7.198487477398071],[80.57829170568077,7.198362854333444],[80.57824056327614,7.198291667967809],[80.57814888706234,7.198164056252609],[80.57807339021149,7.198058969611721],[80.57803452745638,7.197957783724419],[80.57803456404967,7.19787562949725],[80.57803460100347,7.197786390949525],[80.57791274052289,7.19759266326899],[80.57786310199978,7.197513752946646],[80.57786314103728,7.197428125286685],[80.57792562207673,7.197225533030879],[80.5779101263745,7.197069817758094],[80.57790896296811,7.197057008686343],[80.57787900822397,7.196727155192452],[80.57773098492852,7.196477843902071],[80.57754714969086,7.196294084511056],[80.57754388776893,7.196290824885827],[80.57750381001225,7.196229397976927],[80.57742696093817,7.196111608785983],[80.57738032697156,7.195987107402866],[80.57738589791002,7.195865551416449],[80.57739092633666,7.195862751162261],[80.57749175738054,7.195808972577679],[80.57749847294632,7.195805626855162],[80.5775307700855,7.195764731957804],[80.57753005894097,7.195750967231352],[80.57752952647633,7.195740670589957],[80.57752593473394,7.195669310367945],[80.57752219807314,7.19566252013193],[80.57742853593439,7.195607717485641],[80.57741497795247,7.195604219171326],[80.57737805155818,7.195600453879533],[80.57732137900624,7.195599775435681],[80.57721480107537,7.195572241857426],[80.57708019389946,7.195547351094446],[80.57706394707057,7.195547058263037],[80.57690247596022,7.195589175562492],[80.57688632089264,7.1955985398314],[80.57677054200305,7.19564454198367],[80.57674182725877,7.195647259560971],[80.57655201463744,7.195706026186283],[80.57654906787295,7.195702674452655],[80.57653648186401,7.195702418467809],[80.57635177832475,7.195689904542564],[80.57630547423356,7.195598599309727],[80.57628130688003,7.19548537074758],[80.57628149418795,7.195475323103587],[80.57632167315101,7.195377514819763],[80.57630970536674,7.195315755549727],[80.57624242668825,7.195295169504575],[80.57617078715563,7.195297513797744],[80.57613580879574,7.195342590737267],[80.57610631606565,7.195341631033423],[80.57598871276417,7.195337805924479],[80.57589547255442,7.195357907589301],[80.57584116110449,7.195356113180949],[80.57582892490625,7.195351079890207],[80.57571685128241,7.195304116389966],[80.57571759696339,7.195294791530269],[80.57571965965549,7.195154589991956],[80.5757249481861,7.195140958112426],[80.57572629248268,7.195123167417572],[80.57584084605901,7.194768180465672],[80.5758693790222,7.194601881436051],[80.57587031472349,7.194582526114694],[80.57590092802316,7.194545099506093],[80.57591994005269,7.194483671196359],[80.57567334435066,7.194093821572475],[80.57542493139087,7.193855131832382],[80.57527185265207,7.193708044648059],[80.57526438124549,7.193696508773782],[80.5752659385516,7.193707034656295],[80.57526801406021,7.19372105590279],[80.57525229787723,7.193774304391521],[80.57527173951125,7.193965065085318],[80.57533801976777,7.194132531563558],[80.57536128744287,7.19430393548777],[80.57535338244134,7.194584266370297],[80.57528304704618,7.194950337680742],[80.57513476768453,7.195292918880164],[80.57473667438505,7.195861325083472],[80.57464303277075,7.196133846569091],[80.57464296308495,7.196289555975005],[80.57468194133673,7.196453197053174],[80.5747831729014,7.196608950166683],[80.5753911288194,7.197224427391598],[80.57562212159942,7.197532252628156],[80.57562500295954,7.197536091758948],[80.57573413657421,7.197738618750989],[80.57581970954877,7.198112529988417],[80.57579610098874,7.198712185481623],[80.57568675830089,7.198984701171541],[80.57557729026728,7.19914251573499],[80.57547609990516,7.199288397087495],[80.57539835243338,7.199362331418481],[80.57481297956907,7.199919000547919],[80.5746568378746,7.200113498206584],[80.57453191252313,7.200425003917069],[80.57453661746663,7.200598958829145],[80.57453771774912,7.200639645763368],[80.57453970805405,7.200713253375523],[80.57461767130314,7.200975472635024],[80.57473424156696,7.201367547967783],[80.5747366368947,7.201418073395197],[80.5747572951391,7.201853602561473],[80.57475750954512,7.201858142262237],[80.57473331716967,7.202203402113818],[80.57471821343711,7.202418935415128],[80.57492073448262,7.202925151837951],[80.57507669406743,7.203143383832572],[80.57511361099145,7.20323563004126],[80.57512646475918,7.203267749339992],[80.57513901914054,7.203299121551538],[80.57522476171211,7.203291387673968],[80.5753417511876,7.203330436308145],[80.57541968019669,7.203392783425561],[80.57552090664872,7.203564079551782],[80.57559891277938,7.203774364479431],[80.57560651288003,7.204187240466147],[80.57573122625558,7.204358547759777],[80.57580917257593,7.204382036879196],[80.57600414053687,7.204374209672898],[80.57616002987285,7.204428818322288],[80.57623796440167,7.204483393719079],[80.57634623391122,7.20462879890998],[80.57648739432315,7.204818377425897],[80.57670576978283,7.204989866460542],[80.57677956072575,7.205015935391954],[80.57683831916323,7.205036694914459],[80.5770097997725,7.205028856134357],[80.57713457597585,7.205060137937125],[80.57722820115731,7.205145804552113],[80.57726707447787,7.20522367662983],[80.57726700395791,7.205387299562407],[80.57720890964025,7.205670321424414],[80.57719667752806,7.205729914252948],[80.5772198997104,7.206010260418299],[80.57752675775434,7.206370320519768],[80.57757851939948,7.206431057093166],[80.57762534066339,7.206454392212724],[80.57767977785252,7.20653227102044],[80.57781230832639,7.206625867990089],[80.57863896518478,7.20670408047625],[80.57864185060767,7.206705003209896]]]]}},{"type":"Feature","properties":{"GND_N":"Meddegoda","GND_NO":"71","GND_C":"370","PROVINCE_N":"CENTRAL","PROVINCE_C":"2","DISTRICT_N":"KANDY","DISTRICT_C":"1","DSD_N":"UDUNUWARA","DSD_C":"39","Admin_Code":"2139370","GND_NO_Cen":"71","GND_NAME_C":"Meddegoda","GND_NO_Gaz":"71","GND_NAME_G":"මැද්දේගda","shape_1":"Polygon","Area__Ha_":18.1642643551,"MWS_ID":"122","Alt_MWS":null,"Area":0.18164264355,"Density":1684.62644023,"Total_Pop":306.0},"geometry":{"type":"MultiPolygon","coordinates":[[[[80.56318711169793,7.224870106815429],[80.56336926476416,7.224635103101903],[80.56394267587798,7.224420941375973],[80.56402848303443,7.224526160757881],[80.56417376142417,7.224586072393627],[80.56434719601755,7.224474104526504],[80.56467341769654,7.223873097370462],[80.56486581959278,7.223485538299336],[80.56491016336834,7.223425292509675],[80.56493223512753,7.223395305212051],[80.56526195477161,7.223074109426408],[80.56552732409698,7.222868675092526],[80.56579968339518,7.222965606480036],[80.56603128959516,7.222895681397987],[80.56616462778858,7.2228313402172],[80.56618122803464,7.222784126984318],[80.56605755311126,7.222718413996622],[80.5658390978338,7.222546036342711],[80.56570782569825,7.222325670425257],[80.56562300020235,7.222003274457031],[80.56557952178652,7.221607271955798],[80.56539499099777,7.220801917727707],[80.56525051173837,7.220266871718747],[80.56514250843139,7.220033778396379],[80.56499642466702,7.220227052510855],[80.56476705137605,7.220331025143784],[80.56436414448206,7.220599470336875],[80.5642005964087,7.220283425536072],[80.56422539090786,7.219934923306415],[80.56437673983578,7.219795604399702],[80.56439063362045,7.219769600392089],[80.56441629322633,7.219758387197977],[80.56450222104695,7.219665029796878],[80.56464806440849,7.219283879585201],[80.56466612073876,7.219236691492401],[80.56485339894463,7.219042070158489],[80.56497832900858,7.218746252802812],[80.56499205493513,7.218666218410003],[80.5650330910365,7.218426946215295],[80.56496522336703,7.21825877685856],[80.56493021839093,7.218263260458512],[80.56472422280206,7.218318980386213],[80.56447889512256,7.21845025274383],[80.56422603009153,7.218557465199134],[80.56407603664425,7.218637575478898],[80.56409504205705,7.218650453449796],[80.56401803640009,7.218757517831953],[80.56400232500053,7.218762693082405],[80.56398696587402,7.218789165731011],[80.56353627086445,7.219265164364646],[80.5635092302235,7.219292129819352],[80.56346595361416,7.219346088370793],[80.56325836583595,7.21961184655085],[80.56323689997629,7.21962824871795],[80.56320481295596,7.219666516484786],[80.5629750069211,7.219856999034694],[80.56295292068657,7.21986775533597],[80.5629087179721,7.219905483876685],[80.5627325430074,7.220061571807151],[80.56272709010199,7.220067019486922],[80.56266202476577,7.220122566563201],[80.56264673169,7.220399596135425],[80.5626126415623,7.220503384165915],[80.56260953297657,7.220512852567163],[80.56258457018592,7.220573017693384],[80.56258149472646,7.220660403537321],[80.56257521663872,7.220676000721022],[80.56253119613596,7.220797870143422],[80.5625280459313,7.22080725532855],[80.56249652719347,7.220873019531172],[80.56247760010253,7.220891854518678],[80.56245232444344,7.220970258368278],[80.56244600283473,7.2209859550026],[80.56243651583532,7.221004807073364],[80.56243335145865,7.221017364544539],[80.56240801956227,7.221095937469057],[80.56240801899133,7.221099078111713],[80.56240484917024,7.221111656379017],[80.56239848073784,7.221130636513282],[80.56239210266327,7.221152789840692],[80.56237935514648,7.221184510415703],[80.56237933710635,7.221193990211343],[80.56232209804197,7.221555633760453],[80.56231901367644,7.221571335527918],[80.56230967471119,7.221602704116454],[80.56226586637794,7.221746728111888],[80.5622658981884,7.22175610303154],[80.56226597302191,7.221777966389785],[80.56225674361893,7.221874768552932],[80.5622567781589,7.221884115440428],[80.56225685483393,7.221905912785313],[80.56225696606081,7.221937031697171],[80.56225704274938,7.221958800104351],[80.56239281008796,7.222552435326291],[80.56239315986764,7.222567318501565],[80.56242643767547,7.222716422849258],[80.56242690962839,7.222735315759151],[80.56242795221215,7.222777006403541],[80.56243580875856,7.222926862060133],[80.56244012268206,7.222946163707497],[80.56244444564413,7.222965501531141],[80.56244911984842,7.222996616251252],[80.56247847398816,7.223093821736407],[80.56248286383143,7.223113438116211],[80.56249520602218,7.223144650477983],[80.56251789525928,7.223259660361322],[80.56257999589992,7.22339011249734],[80.56258394627947,7.223400706443917],[80.56259918940779,7.223428908834914],[80.56268929916487,7.223649777202696],[80.56269763404288,7.223668270475819],[80.56273936965471,7.223757655909163],[80.56274372992262,7.223768940029143],[80.56274332889798,7.223814956179014],[80.56251917799266,7.223977184308217],[80.56250499500031,7.223989921994298],[80.56188355594035,7.224268009794369],[80.56187557881196,7.224272476010494],[80.56172280231068,7.224336936073861],[80.56171473840665,7.224337228890523],[80.5617053785397,7.224339750202671],[80.56177879408366,7.224444461369214],[80.56194840581126,7.224569257999645],[80.56202775965315,7.224663033476857],[80.56213693799543,7.224797559061392],[80.56222769960625,7.224847560773158],[80.56234699995575,7.224809191146366],[80.56248637668554,7.224871349546019],[80.56263132748406,7.224909381013429],[80.56277420206327,7.224943248958879],[80.56298291304425,7.224960703828691],[80.56318711169793,7.224870106815429]]]]}},{"type":"Feature","properties":{"GND_N":"Daskara","GND_NO":"61","GND_C":"530","PROVINCE_N":"CENTRAL","PROVINCE_C":"2","DISTRICT_N":"KANDY","DISTRICT_C":"1","DSD_N":"UDUNUWARA","DSD_C":"39","Admin_Code":"2139530","GND_NO_Cen":"61","GND_NAME_C":"Daskara","GND_NO_Gaz":"61","GND_NAME_G":"දස්කර","shape_1":"Polygon","Area__Ha_":62.6508927477,"MWS_ID":"122","Alt_MWS":null,"Area":0.62650892748,"Density":1422.16648626,"Total_Pop":891.0},"geometry":{"type":"MultiPolygon","coordinates":[[[[80.5755969584961,7.208213649433675],[80.57573737965966,7.208057999910555],[80.57586227560951,7.207816577545037],[80.57599490695628,7.207676469501491],[80.57622880521693,7.207622030677955],[80.57633028432471,7.207544219952808],[80.57633512589882,7.207532139666887],[80.57639274793975,7.20738839592804],[80.57638510863222,7.207061288679856],[80.57641625559512,7.207014674583911],[80.57655667957242,7.206851113029892],[80.57686506467292,7.206661852988627],[80.57706375345843,7.206539915575036],[80.57713131101939,7.206531219388795],[80.57730556394645,7.206508794393468],[80.5774647097503,7.206481720063001],[80.57762534066339,7.206454392212724],[80.57757851939948,7.206431057093166],[80.57752675775434,7.206370320519768],[80.5772198997104,7.206010260418299],[80.57719667752806,7.205729914252948],[80.57720890964025,7.205670321424414],[80.57726700395791,7.205387299562407],[80.57726707447787,7.20522367662983],[80.57722820115731,7.205145804552113],[80.57713457597585,7.205060137937125],[80.5770097997725,7.205028856134357],[80.57683831916323,7.205036694914459],[80.57677956072575,7.205015935391954],[80.57670576978283,7.204989866460542],[80.57648739432315,7.204818377425897],[80.57634623391122,7.20462879890998],[80.57623796440167,7.204483393719079],[80.57616002987285,7.204428818322288],[80.57600414053687,7.204374209672898],[80.57580917257593,7.204382036879196],[80.57573122625558,7.204358547759777],[80.57560651288003,7.204187240466147],[80.57559891277938,7.203774364479431],[80.57552090664872,7.203564079551782],[80.57541968019669,7.203392783425561],[80.5753417511876,7.203330436308145],[80.57522476171211,7.203291387673968],[80.57513901914054,7.203299121551538],[80.57518303208958,7.203435251323511],[80.57522464154277,7.203563950272635],[80.57523235902039,7.203711891469275],[80.57509963910448,7.204046709511455],[80.57492010513185,7.204350419631269],[80.57477191427085,7.20448274895439],[80.57449115614357,7.204607250855001],[80.57424156911388,7.204630454477157],[80.57408566774494,7.204599300103575],[80.57380488315358,7.204466779410979],[80.57350097679023,7.204147312405854],[80.57344182249243,7.204050182918472],[80.57339183144755,7.20396809968094],[80.57334507394779,7.203804597968918],[80.57329084934331,7.203251535095604],[80.57324410749753,7.203049035272008],[80.57303373801933,7.202698524048411],[80.57284663598419,7.202519275636397],[80.572764176589,7.20239566039011],[80.57265957835638,7.20223885817047],[80.57240248230121,7.201654619364156],[80.57234131508798,7.20141495064872],[80.5722156291781,7.200922473968152],[80.57220032350764,7.200346113538759],[80.57207554027066,7.200338288069188],[80.57177904439816,7.200540634685217],[80.5715373519517,7.200633923975865],[80.5714969612865,7.200639215062544],[80.570997468573,7.200704654474751],[80.5709913389773,7.200705457458468],[80.57094464842716,7.200711654493874],[80.57080425866044,7.2007972181729],[80.57054634798345,7.20101843693496],[80.57035954803455,7.201178661525154],[80.57025807822102,7.201240928692657],[80.57011771020919,7.201279721567889],[80.56971994675105,7.201404166915526],[80.56953582205325,7.201554451351479],[80.56953487184536,7.201555226814548],[80.5694624938897,7.201614300288373],[80.56909602036046,7.201692131518586],[80.56892296345328,7.201766006142048],[80.56882290662494,7.201808719862125],[80.56816194060481,7.202190905645555],[80.56810668124072,7.202173275510348],[80.56799986879265,7.202094167223699],[80.5679905873797,7.202088559026675],[80.56767687086841,7.201950082896053],[80.56749909407692,7.202077730138294],[80.56727350888279,7.202182342741926],[80.56722045350115,7.202227963215772],[80.56720053797537,7.202254092102554],[80.5667902136778,7.202457666525135],[80.56650111933358,7.20262045332786],[80.56618052246257,7.202821311115648],[80.56594653994667,7.202890703797068],[80.56595469138034,7.202905950486581],[80.5659641112167,7.202923571556052],[80.56597665139844,7.20294702772243],[80.56625724375792,7.203462210894929],[80.56627868490858,7.203523112020061],[80.56627609604944,7.203955817344236],[80.56629331959314,7.203971162242325],[80.56630081469649,7.203980245796027],[80.56631617760941,7.204103416274343],[80.56630143066901,7.204127209865216],[80.56629905763367,7.204136476077471],[80.56629427164904,7.204155164928112],[80.5661554409894,7.204270317544784],[80.56615014852248,7.204270017596467],[80.56586353460398,7.204501800725438],[80.5657881210043,7.204583314285607],[80.56576624399501,7.204597670881104],[80.56575835598743,7.204613912155796],[80.56563602899051,7.204732098908045],[80.56561127865471,7.204756651097194],[80.56558703287136,7.204776861956683],[80.56557213871493,7.204793826154384],[80.56537451364308,7.204907698052566],[80.56535029308965,7.204922265152949],[80.56522588367845,7.205074776375966],[80.56520664678987,7.205144460347787],[80.56522473405992,7.205308729983071],[80.56522437328206,7.205362387561964],[80.56524314677489,7.205442877421614],[80.5654136060246,7.205721287102354],[80.56548711897584,7.205753949179324],[80.56567155265206,7.205972375534382],[80.56582706935458,7.206089061608168],[80.56618868619218,7.206626251249571],[80.56620600466773,7.206644083029846],[80.56643308305422,7.206928315855881],[80.56644487238606,7.206972138385163],[80.56644489035358,7.20700391923155],[80.56658102505955,7.207085942349376],[80.56661629802707,7.207107196097972],[80.56674815464065,7.206841824532235],[80.56706372995804,7.206401340021878],[80.56731734357854,7.206280411407895],[80.567789846713,7.206093418277636],[80.56782866353724,7.206093414278715],[80.56803847942815,7.206102040213731],[80.56854926976877,7.206394666530176],[80.56870039535822,7.20647832901015],[80.56888910740038,7.206587639173564],[80.56912475680619,7.206890456227836],[80.56911509146843,7.206908499032341],[80.56910954306564,7.206931328372862],[80.56907017710232,7.207218890803134],[80.56919764364498,7.207224019914295],[80.5694219854867,7.207242001405478],[80.56952137413482,7.207283500560974],[80.56962877961512,7.207312066354002],[80.56963918692483,7.207327140374317],[80.56964451342822,7.207330344921657],[80.56967225208238,7.207323243307156],[80.56986545152652,7.207206471080072],[80.57003126783022,7.207045366492458],[80.57016199231624,7.206918358155253],[80.57041940126794,7.206809534528823],[80.57049151330541,7.206809567005021],[80.57070788654526,7.206809664382093],[80.57097840604345,7.206905843828541],[80.57098210118026,7.206906291310141],[80.57099065999995,7.206910200842192],[80.57105885302444,7.206934445103192],[80.5710899760237,7.206942231567576],[80.57113680657689,7.206942252591071],[80.57118349677796,7.206942273546781],[80.57149551448066,7.206841102517541],[80.57160474107879,7.206841151447317],[80.57197113105867,7.206958168605422],[80.57224414351445,7.207075143794491],[80.57233763899313,7.207129726796252],[80.57265328122148,7.207468556414715],[80.5729849544703,7.207075473938585],[80.57320317797966,7.207270278409449],[80.5734135608847,7.207597474792578],[80.57340572354722,7.207722095219736],[80.5733510486304,7.207862239829431],[80.57337180384519,7.2080488041912],[80.57337444097952,7.208072499023949],[80.57341796194787,7.208084955236426],[80.57352502468243,7.208115595349978],[80.57353811746286,7.208119341359559],[80.5735966606673,7.208158337395932],[80.57367842853729,7.208212802795521],[80.57377996455399,7.208156927470219],[80.57390471692054,7.208088277358112],[80.57412303293611,7.208080603313985],[80.57418962917413,7.20810039271366],[80.57441162241231,7.208166357614183],[80.57459330209812,7.208305540561649],[80.57464038940499,7.208341614126391],[80.57477794278725,7.208446993643076],[80.5748463799449,7.208454602788882],[80.57496918527515,7.208468257640468],[80.57498846155157,7.208470400289837],[80.57512897364565,7.208431464972965],[80.5755969584961,7.208213649433675]]]]}},{"type":"Feature","properties":{"GND_N":"Ambagasthenna","GND_NO":"68","GND_C":"490","PROVINCE_N":"CENTRAL","PROVINCE_C":"2","DISTRICT_N":"KANDY","DISTRICT_C":"1","DSD_N":"UDUNUWARA","DSD_C":"39","Admin_Code":"2139490","GND_NO_Cen":"68","GND_NAME_C":"Ambagasthenna","GND_NO_Gaz":"68","GND_NAME_G":"අඹගස්තැth","shape_1":"Polygon","Area__Ha_":22.5805556736,"MWS_ID":"122","Alt_MWS":null,"Area":0.22580555674,"Density":4654.44701712,"Total_Pop":1051.0},"geometry":{"type":"MultiPolygon","coordinates":[[[[80.5557115906877,7.210503065313993],[80.55571301991226,7.210352730211953],[80.55570898592829,7.210333948611288],[80.55572922875004,7.210211788905848],[80.55573256082629,7.210189709252426],[80.55573582493933,7.210163991556551],[80.55578201969008,7.2100619777694],[80.5557853616566,7.210043777578504],[80.55578522211295,7.210036491544637],[80.55578002303098,7.209801937340831],[80.55570253843356,7.209704231632209],[80.55584987101835,7.209584413909221],[80.55599079007916,7.209443522790847],[80.55601401001921,7.209426372129322],[80.55628831442537,7.209207644946751],[80.55634890647464,7.209139308831134],[80.55636613959466,7.209119480341378],[80.55637192169426,7.209110999860446],[80.55643731459584,7.20899405344049],[80.55645720141929,7.20895797771209],[80.55646567641705,7.208949620606228],[80.55647985689377,7.208930176780333],[80.55658561061898,7.208858367223172],[80.55659654896671,7.208852956613197],[80.55661841890976,7.208844870905021],[80.55668703844213,7.208804071905823],[80.55668985301192,7.208790353177016],[80.55669263595571,7.208782133498054],[80.55670389646933,7.208720736751904],[80.5567561858001,7.20864687129732],[80.55676168119004,7.208641429130467],[80.55676718243896,7.208633222512772],[80.55685238410997,7.208551574149059],[80.55686062713147,7.208537893293438],[80.55700095327848,7.208393405141703],[80.55700370319323,7.208387946281058],[80.55701753501332,7.208379791585621],[80.55709202380233,7.208273285983463],[80.5571030189353,7.208251431545705],[80.55710851926167,7.208243237583241],[80.5571846461182,7.208049956755819],[80.55713257902563,7.207705228735225],[80.55713619258168,7.207649334605872],[80.55713576507283,7.207630737413138],[80.5570848023591,7.207316977763645],[80.55707427814544,7.207280386431496],[80.55698739307688,7.206790601456572],[80.55700114746499,7.206781428477492],[80.55703328678247,7.206731430522003],[80.5570424645818,7.206713267480015],[80.55725798589654,7.206499619834645],[80.55738785578696,7.206358322325188],[80.55746495348525,7.206178872296163],[80.55767059397841,7.206147558828317],[80.55790391764455,7.206064421136609],[80.55793645080041,7.206021781612924],[80.55801532490189,7.205855372377661],[80.55802591045784,7.205833910184305],[80.55818548595367,7.205563145801902],[80.55818303204111,7.205523440304737],[80.55818205351446,7.20550764256917],[80.55813714468454,7.205253861064542],[80.55813283537923,7.205242627565107],[80.55774056529725,7.205152003578426],[80.55734880302353,7.205048884748935],[80.55679846008933,7.204921201862806],[80.55679944365089,7.204918914448609],[80.55681120787933,7.204903746797731],[80.55682557943943,7.204861374444715],[80.55686705985435,7.204779072946566],[80.55687874950797,7.204760803498838],[80.55689401117448,7.204739095796552],[80.55697061933532,7.204613338588129],[80.55697507316107,7.204598888155016],[80.55699796093566,7.204556348967076],[80.55700578288725,7.204538768547954],[80.55700981104849,7.204528252532343],[80.55719371610806,7.204288099956234],[80.55720648883337,7.204273331574786],[80.5572551689004,7.20416797285532],[80.5571499341866,7.20397250074925],[80.55713831665562,7.203940620309862],[80.55712606195264,7.203923204795175],[80.55704066718046,7.20375866843173],[80.55703535415016,7.203748435504532],[80.55702978912431,7.203734995798079],[80.55699370043148,7.203652851503587],[80.55692956608588,7.2036646218947],[80.55661765713135,7.203827952948317],[80.5565006062995,7.203921434178568],[80.55641356261269,7.20398653017434],[80.55628097407958,7.204026172528788],[80.5559575731503,7.203964411167386],[80.55581905909791,7.203972115074741],[80.5557804103738,7.204018160722783],[80.55577441585646,7.204190773880665],[80.55577266285658,7.204241264786907],[80.55571704004305,7.204492621496665],[80.55567227421831,7.204694921386783],[80.55567226740457,7.204707133089356],[80.5556061619146,7.204714558971263],[80.55557731976847,7.204722831175543],[80.55551660114168,7.204780570534013],[80.5554275829969,7.204903991102015],[80.55531021152957,7.205069459784053],[80.55508812417486,7.205238543820266],[80.55485964406421,7.205392304852643],[80.55464492501712,7.205411100727336],[80.55462637489944,7.205396529745593],[80.55449291097506,7.205360121084284],[80.55444293843749,7.20533059305451],[80.55444746620783,7.205540275933048],[80.5543972851496,7.205736372237593],[80.55429320272835,7.205924812758003],[80.55417769123532,7.206047825917029],[80.55387704023538,7.206263553063579],[80.55386504274075,7.206272161613253],[80.55373865642218,7.206362847775126],[80.5536692913298,7.206439819891841],[80.55361531867267,7.206578123877144],[80.5536023967081,7.206666327785316],[80.55356789813116,7.206901816708649],[80.55356123408285,7.206947306214738],[80.5534533317647,7.20713178923438],[80.55323757755855,7.207400854187306],[80.5531927687674,7.207440137829366],[80.55317483859079,7.207459463970544],[80.55314193654503,7.207486918811584],[80.55308938529939,7.2075307708164],[80.55295184270365,7.207645541913164],[80.55272781605649,7.2078004822899],[80.55230542474116,7.208092614774084],[80.55253630064352,7.208146561909194],[80.55264351216809,7.208149511775597],[80.55304257137016,7.208160491610384],[80.55307131607209,7.208161281543452],[80.55310619182949,7.208162241765026],[80.55330637263253,7.208200772345656],[80.55363749703847,7.208385468498274],[80.55369896120087,7.208554771227635],[80.55369164904454,7.208583070528316],[80.55366877723006,7.208671588801202],[80.55356783938873,7.209062248967893],[80.55354464933869,7.209323778241676],[80.55369121477558,7.2094702915209],[80.55376398526437,7.209543037415334],[80.55378083495305,7.209550254721369],[80.55384489763433,7.20957769351723],[80.55396029004608,7.209700820740204],[80.55431444804843,7.209947131443124],[80.55446555168503,7.210011244828546],[80.55456850157074,7.210054924688944],[80.5546917360515,7.210054984478726],[80.55481493884699,7.210116508763294],[80.55496114416837,7.210301112509462],[80.5551150154088,7.210432030572472],[80.55551557180569,7.210409191732215],[80.55557710685845,7.210432254053282],[80.55560870794078,7.21047736146584],[80.55563097610793,7.210509144895034],[80.55570949933472,7.210723020546047],[80.5557115906877,7.210503065313993]]]]}},{"type":"Feature","properties":{"GND_N":"Ambanwala","GND_NO":"105","GND_C":"350","PROVINCE_N":"CENTRAL","PROVINCE_C":"2","DISTRICT_N":"KANDY","DISTRICT_C":"1","DSD_N":"UDUNUWARA","DSD_C":"39","Admin_Code":"2139350","GND_NO_Cen":"105","GND_NAME_C":"Ambanwala","GND_NO_Gaz":"105","GND_NAME_G":"අඹන්වල","shape_1":"Polygon","Area__Ha_":109.734403364,"MWS_ID":"122","Alt_MWS":null,"Area":1.09734403364,"Density":832.008897858,"Total_Pop":913.0},"geometry":{"type":"MultiPolygon","coordinates":[[[[80.5443144245402,7.222098253164491],[80.54438021312919,7.221998293478197],[80.5443832260821,7.221990667226801],[80.54442715859646,7.221896540016761],[80.54442920886983,7.221894446696596],[80.54440765646372,7.221853526949562],[80.5444077240019,7.221843605891998],[80.54440994174647,7.221671059960165],[80.54444893551941,7.221539548218741],[80.54445304550775,7.22153459654374],[80.54445612178354,7.221530640883657],[80.54446225280266,7.221518782276276],[80.54452021252538,7.221384210965341],[80.5445635012069,7.221329028060128],[80.54456544102506,7.221325113419786],[80.54473930572011,7.22130159219642],[80.5447501140186,7.221301694442515],[80.54503162223638,7.221397288977169],[80.54505040218285,7.221409264215337],[80.54556754851772,7.2216364958137],[80.54560166904899,7.221639457475761],[80.54572947179965,7.221697586389314],[80.5465036775672,7.221697844103661],[80.54690551022242,7.221767987745535],[80.54694165610829,7.221785972585747],[80.54731621478886,7.22185725966271],[80.54764115910297,7.2212686697872],[80.54779158599708,7.221068337422333],[80.5478028118305,7.221050228072192],[80.54784189022328,7.221006029095441],[80.54786831183002,7.22095512832785],[80.54809879262781,7.220365968072626],[80.54816571709874,7.219504512989498],[80.54817813262534,7.21933667896693],[80.54819698028285,7.219265959324253],[80.548319674198,7.218406717734402],[80.54850925719613,7.218211805118676],[80.54855516585727,7.218172526164303],[80.54856818344382,7.21815293643752],[80.5487632544268,7.217856885700763],[80.54878812796659,7.217817336699039],[80.54896432789214,7.217479121516618],[80.54928616639508,7.217338906900657],[80.54940157562136,7.217186129108204],[80.549581851036,7.21695244124041],[80.5496008836013,7.216933435030071],[80.54960637918026,7.216922530972623],[80.54984300510232,7.216769901861751],[80.5498596407571,7.216756336540517],[80.55011570006535,7.216646909100849],[80.55022128121301,7.216625541199059],[80.55024441490158,7.216613669221898],[80.55026456389157,7.216602029979888],[80.55026741725591,7.216601864096845],[80.55031873818271,7.21655466775517],[80.55034683673131,7.216533832979497],[80.55039400385114,7.216492491737341],[80.55040776781678,7.216484948530288],[80.55053690763258,7.2163304644732],[80.55056216301723,7.216298310032198],[80.55063724558387,7.216174243444305],[80.55064691019928,7.216157702205741],[80.55065406604362,7.216143982053832],[80.55070282033,7.215991430486651],[80.55071374366271,7.215960151552309],[80.55076240744269,7.215756239187575],[80.55076842561455,7.215741369103314],[80.55080497498408,7.215666237840479],[80.5509232638556,7.215381448304586],[80.55097920242291,7.21526160523617],[80.55098221108074,7.215258681303416],[80.55109771064703,7.215087618994296],[80.55111261218825,7.215070303531285],[80.55111574823351,7.215058805971372],[80.55134969272157,7.214780810381542],[80.55158563083243,7.214528562934274],[80.5515868541241,7.214525005107008],[80.55158805364562,7.214514566432326],[80.55163696715715,7.214418195499425],[80.551642281016,7.21440838100871],[80.55164534467238,7.214400411996032],[80.55172640098927,7.214225331023631],[80.55163107616423,7.214158842334096],[80.55154769313809,7.213554941713301],[80.55152639617046,7.213144470236831],[80.55152644662215,7.213111961498787],[80.55143453187489,7.21247200301225],[80.55133229177513,7.212327304991137],[80.55132705824035,7.212284524392822],[80.55130571364593,7.212225783965868],[80.55119382313673,7.211911696295665],[80.55117771804096,7.211869038748601],[80.55116697552648,7.211837038333922],[80.55086059846991,7.211274643599173],[80.55085003908526,7.21126423348553],[80.5506942510321,7.211096632762456],[80.55069423453021,7.211089727501815],[80.55040939902749,7.210628908926558],[80.55038533308732,7.210598563109811],[80.55009803576736,7.21032270912747],[80.54997185068983,7.210122977590257],[80.54994365958116,7.210084838239057],[80.54992955412675,7.210067473167785],[80.54988009926187,7.210028992302496],[80.54976350467915,7.209938269158942],[80.54960554517812,7.209883513984071],[80.549478224287,7.20992158431926],[80.54923552199133,7.210033089033673],[80.54915477511253,7.209952226882554],[80.5489930904665,7.209882910379769],[80.54887612501611,7.209873497168775],[80.54880053848468,7.209867412470476],[80.54877964282234,7.209871597123964],[80.54868507532395,7.209890528614856],[80.5486286040614,7.209918674919938],[80.54857824736649,7.209943772245319],[80.54850913755251,7.209978217935344],[80.54845397414091,7.210005712868234],[80.54833068586214,7.210113318496541],[80.54823823488132,7.210236341558377],[80.54813027661989,7.210528492110612],[80.54805311741869,7.210628490189062],[80.5479452665523,7.210671590498229],[80.5479387791251,7.210674182602765],[80.54793764248937,7.210674636898609],[80.54792120615495,7.210673875398868],[80.54776814777564,7.210666781476432],[80.54773349673262,7.210639917219462],[80.54767257757915,7.210619146567889],[80.54723013317222,7.210440082918224],[80.54679919974598,7.210232528263533],[80.54679064247514,7.210224061505841],[80.54656055418756,7.210126803926747],[80.54643733281405,7.210169067810637],[80.54640308515798,7.210270795416398],[80.54638999400395,7.210396995941204],[80.54638569591886,7.210405292558529],[80.54635136675262,7.210498016885962],[80.5463214061212,7.21057021936921],[80.54620989917392,7.210624916906624],[80.54610380743988,7.210698689779092],[80.54596872060486,7.210818853171905],[80.5458682295964,7.210931497520186],[80.54582224448129,7.211040612726176],[80.54572372196664,7.211155024133929],[80.5455292590097,7.211287863761473],[80.54551608732218,7.211300781391576],[80.54548297699321,7.211400113088756],[80.54537974701326,7.211547633053907],[80.54516625521457,7.211738113050862],[80.54494442819681,7.211817750239419],[80.54478628626457,7.21190456991487],[80.54471985703013,7.212035315481249],[80.54467172455897,7.212103484483658],[80.54468693944115,7.212234193666903],[80.54463090644008,7.212414440547819],[80.54462728637584,7.212415915436685],[80.5441562496652,7.212347955824202],[80.54365426506962,7.212357248943795],[80.54314104159589,7.212213836274913],[80.54312926115728,7.212201042529488],[80.54293600506044,7.212043806928584],[80.54223549165305,7.211997516308354],[80.54220934868887,7.211997672920219],[80.541645995997,7.211939395520488],[80.54162399389388,7.211930810532683],[80.54141395117958,7.211675392877714],[80.54135147263354,7.211560363409673],[80.54120747240536,7.211604937413334],[80.54119819313915,7.211609508404452],[80.54117531796845,7.211618827216034],[80.5411166781437,7.211659501458367],[80.54109985650359,7.211703459946657],[80.54109489426855,7.211729889226253],[80.54113269856063,7.211857330226214],[80.54115179774601,7.21187439790153],[80.54116579284438,7.211896242183299],[80.54118944495708,7.211913236239375],[80.54121633815222,7.211966552335988],[80.54121578731264,7.21199870359528],[80.54121363135032,7.212012646817986],[80.54120652700972,7.212087586260838],[80.5411952784624,7.21210228532127],[80.54116506743652,7.212122748586838],[80.54112475087416,7.212148622510353],[80.5411056670541,7.212154391172279],[80.54110028934855,7.212159458822857],[80.54107387382956,7.212159595334485],[80.54097176465136,7.212176521003948],[80.54094135971091,7.212176187024277],[80.5409022873065,7.212175759050058],[80.54084776132224,7.212193234610194],[80.54084218237303,7.212202227727424],[80.5408142188757,7.212215525536839],[80.54078428336007,7.212242491751693],[80.54072286600751,7.212322118204975],[80.5407161570408,7.212336248979713],[80.54070872666591,7.212355088080995],[80.5406802747039,7.21244615738061],[80.54068444062929,7.212471275603686],[80.54070779821421,7.212499254989192],[80.54073426814718,7.212628572926018],[80.54073379999409,7.212668857514377],[80.54068226010317,7.212788269282029],[80.54065047214371,7.212811208579501],[80.54060582803105,7.212842402940235],[80.54056240312329,7.212867581606923],[80.54052108949922,7.212987917401834],[80.54050371682767,7.213064081375635],[80.54049340957557,7.213097018857665],[80.54044064389943,7.213180706428722],[80.54041347556762,7.213198862529655],[80.5403618816541,7.213270196127148],[80.54035264134568,7.213274645038853],[80.54029715873403,7.213301356569929],[80.54026000320059,7.213323640158523],[80.54021408914369,7.213364232227915],[80.54020128802222,7.213400795566526],[80.54017645509082,7.213546241445949],[80.54018542063592,7.213568767712109],[80.54019456604817,7.213609399092957],[80.54022147716118,7.213677014973745],[80.54022598501805,7.213690550177096],[80.54022186716404,7.213717720502133],[80.54020944408171,7.213790097090651],[80.54020533712546,7.213817202311296],[80.54020147516967,7.213925417178883],[80.54020120218061,7.21395244932439],[80.54019102502959,7.214069707558886],[80.54018199407744,7.21408774099265],[80.54009162805784,7.214368200460266],[80.54001006226648,7.214469527750206],[80.54000033472344,7.214482782489854],[80.53997211642391,7.214513893040842],[80.53987417916552,7.214585109441987],[80.53984519272119,7.21460276086735],[80.53982130075902,7.214611548252852],[80.53976258061152,7.2146559570238],[80.53974798004691,7.214664850500026],[80.53973490751986,7.21473216535751],[80.53974313234818,7.21475470571629],[80.53974191630965,7.214777243896978],[80.53971333754866,7.214867676421965],[80.53962134900611,7.214922208770978],[80.5396191150646,7.215054701345258],[80.53956552545598,7.215215847215952],[80.53956064296014,7.215229723903455],[80.53954144913483,7.215262174756774],[80.53953194456072,7.215271477803214],[80.53948217496172,7.215379211267368],[80.5394814640204,7.215421216605803],[80.5394712251825,7.215477312348882],[80.53946096001329,7.215533540105871],[80.5394605548069,7.215557021891532],[80.53945418108455,7.215655891288688],[80.53945352304436,7.21569367447045],[80.53943818230066,7.215769359255908],[80.53942662070337,7.215892933283883],[80.53942628026628,7.215912010250386],[80.53942107587491,7.215940629594892],[80.53941142375861,7.215968936456145],[80.5394433658524,7.216153310249029],[80.53944344074596,7.216162521502246],[80.53945281806199,7.216185526369781],[80.53948122067158,7.216291279261445],[80.53948136505043,7.216309656549893],[80.53951393403038,7.216364760773625],[80.53953241114749,7.216378538346071],[80.53955545716146,7.216387734383246],[80.53957391040466,7.216396927133466],[80.53960157001681,7.216406130986516],[80.53967072064725,7.216419973709179],[80.53968920829622,7.216429180941478],[80.53972617149203,7.21644300787647],[80.53974469659573,7.216456815307391],[80.5398418942125,7.216502929873619],[80.53986042441693,7.216512157920159],[80.53989753076165,7.216539810780491],[80.5399995807699,7.216595228567188],[80.54000421609736,7.216595242722445],[80.54002742146844,7.216604505737169],[80.54006456509906,7.216609198389887],[80.54009700722325,7.216614025156502],[80.5401525692685,7.216628763269234],[80.54018513771719,7.216643188350655],[80.54021312539396,7.216662407475763],[80.54025061903752,7.216681899187924],[80.54031677843277,7.216754126491636],[80.54033580295851,7.216768809521356],[80.54034058272246,7.216778423812225],[80.54035978009271,7.216826519060672],[80.54092470799296,7.217052662707038],[80.54145337329552,7.217255855736892],[80.54148907608698,7.217271532989198],[80.54153121495946,7.217349320072658],[80.54153415707219,7.217364954246077],[80.54167521116935,7.217403891841978],[80.54226047957069,7.217678859429927],[80.54233661398452,7.217732945852196],[80.54245520764054,7.217818020015441],[80.54265341163335,7.217931659292972],[80.54277226159445,7.218004512776478],[80.54280056033357,7.218077921273878],[80.54280331619529,7.218101917421375],[80.54279961006449,7.218119261837871],[80.54281396703341,7.218211122709228],[80.54281685692223,7.218228040052539],[80.54285205969947,7.218293724821791],[80.5429021521859,7.218387188303953],[80.54291121723435,7.218399758209799],[80.54300176378281,7.21847742251557],[80.54301342099953,7.218495953996125],[80.54301618699505,7.218505503930132],[80.54315741065356,7.218744714121697],[80.54313348801502,7.21896684448034],[80.54311003614212,7.219309304150484],[80.54310999834534,7.219322983500447],[80.54309207461266,7.219368624386515],[80.54308309370238,7.21939149681682],[80.54307860779629,7.21941437606572],[80.542993097284,7.219775306007509],[80.54299313012999,7.219803084357947],[80.54298866002203,7.219872845316194],[80.5429795605795,7.219891976587575],[80.54297047126174,7.219939043545809],[80.54296133800317,7.219967608472639],[80.54295220148283,7.220014893342762],[80.54295223273385,7.220047542259864],[80.5429476490257,7.220089829575016],[80.542942988928,7.220150408157157],[80.5429244410285,7.220351834539225],[80.54292443036466,7.220379689732215],[80.54292441108706,7.220426105708578],[80.54292439362595,7.220472510834177],[80.54310589315801,7.221629772200839],[80.54316077222236,7.221814198165186],[80.54331197953502,7.221959542400092],[80.54332491775891,7.221957656305074],[80.54356156556015,7.221879373261903],[80.54372014186804,7.221885440613745],[80.5437386541273,7.221886073115386],[80.54373487916668,7.221931779108573],[80.54378334351823,7.222056455440829],[80.54378371519971,7.222057414189831],[80.54378871618805,7.222070278618607],[80.54386566241281,7.222116381140046],[80.5440119698835,7.222101054507276],[80.54418756801223,7.222020865430446],[80.54419679657359,7.222016652463919],[80.54425070139105,7.222024309479502],[80.54425787944366,7.222035075222935],[80.5442815191544,7.222070529535704],[80.54429660444204,7.222118244537824],[80.5443144245402,7.222098253164491]]]]}},{"type":"Feature","properties":{"GND_N":"Rangoda","GND_NO":"66","GND_C":"485","PROVINCE_N":"CENTRAL","PROVINCE_C":"2","DISTRICT_N":"KANDY","DISTRICT_C":"1","DSD_N":"UDUNUWARA","DSD_C":"39","Admin_Code":"2139485","GND_NO_Cen":"66","GND_NAME_C":"Rangoda","GND_NO_Gaz":"66","GND_NAME_G":"රංගොඩ","shape_1":"Polygon","Area__Ha_":38.7321568985,"MWS_ID":"122","Alt_MWS":null,"Area":0.38732156899,"Density":2333.97794595,"Total_Pop":904.0},"geometry":{"type":"MultiPolygon","coordinates":[[[[80.56187137307316,7.21306436140601],[80.5622094891258,7.212947845967016],[80.56231386731986,7.212951523852203],[80.56231388497584,7.212912013961694],[80.56231391165468,7.212857152628949],[80.5624096138715,7.212707137430868],[80.56242321920239,7.212685809487494],[80.56233978522938,7.212524621817631],[80.5623063163021,7.21245996294654],[80.56223633058946,7.212054971538235],[80.56214290677379,7.211844677309745],[80.56182330004964,7.211336221379436],[80.56180006133201,7.211299249797608],[80.56141812909866,7.210831800689196],[80.56141713816663,7.210832455842724],[80.56137162275759,7.210748364098968],[80.561332267323,7.210708825734338],[80.5613155360842,7.210692015912329],[80.56125669280779,7.210501914589154],[80.56124993879563,7.210426775590316],[80.56122018098908,7.210308274382643],[80.56113072898943,7.21026977587503],[80.56111100965492,7.210270126500083],[80.56110828114359,7.210262936910729],[80.56102602243251,7.210228390862121],[80.56101357865076,7.210221448090633],[80.56095169288379,7.210186923384525],[80.56094553345692,7.210183487747236],[80.5609368555156,7.210173038957614],[80.56092207698126,7.210159207007574],[80.56089976038359,7.210096941558795],[80.56091989839292,7.210017327177573],[80.56087100995579,7.209903006565271],[80.56078791704054,7.20976191510818],[80.56078076607052,7.209754700823378],[80.56072818236953,7.20966136642059],[80.56072298260632,7.209650651594441],[80.56072120866548,7.209648864759131],[80.56068279602974,7.209590146520127],[80.56063428685974,7.209560523077383],[80.56062045223585,7.209553609481172],[80.560603091633,7.209548505538878],[80.56056853876159,7.209536575939008],[80.56052338238396,7.209494195257443],[80.56044583785933,7.20946739126367],[80.56043754770988,7.209416351201662],[80.56043596957194,7.209398823256329],[80.5604209541326,7.209330843326663],[80.56041754910432,7.209323912948708],[80.5603749834457,7.209258510828234],[80.5603252630233,7.209241726074763],[80.56032010979033,7.209241767045556],[80.56026203741638,7.209233694913619],[80.56025016060627,7.209230385879463],[80.56023830190466,7.20922708047078],[80.56018132463078,7.209195369463234],[80.56017299818689,7.209190381911457],[80.56016699277916,7.209160080400751],[80.5601654331759,7.209155045408547],[80.56016786613006,7.209124770496722],[80.56017303625046,7.209119667247703],[80.56019898773715,7.20908572023301],[80.56021610383189,7.209043080495849],[80.56021611459636,7.209041384932897],[80.56019528804502,7.208947831273399],[80.56018677001582,7.208854210185639],[80.56018677313686,7.208845718782332],[80.56018508647432,7.208789737109903],[80.56018168208317,7.208779569325936],[80.56017146197861,7.208769411882926],[80.5601189066548,7.208696924322489],[80.56011553141894,7.208690201041811],[80.56011217114525,7.208676751562781],[80.56011049010189,7.208670029083574],[80.56010881347675,7.208661628220158],[80.56010216486436,7.208599527494538],[80.56017516903137,7.208561423049915],[80.55984857575285,7.208370588959704],[80.55981581244819,7.208341105824077],[80.55978299381744,7.208321352959795],[80.55964356572845,7.208209042083862],[80.55962507238048,7.208194471325588],[80.5595655361486,7.208126971242255],[80.55953801858824,7.208102891072444],[80.55948966756354,7.207969724900082],[80.55948544244357,7.207950811207951],[80.55948616805051,7.207917815345991],[80.55948915419683,7.20774307920616],[80.55949089771805,7.207696474971458],[80.5594912475132,7.207682576000823],[80.5595424465677,7.207502904434037],[80.55955241920218,7.207475452716631],[80.55956216200036,7.207457183182379],[80.5596017941319,7.207348055317831],[80.55959272807047,7.207338974530253],[80.55956887688241,7.20720831585552],[80.55956547472726,7.20717254725044],[80.55949414913245,7.206830704073575],[80.55949517411545,7.206807940540354],[80.55949189591502,7.206776203375921],[80.55948964615432,7.206510707084963],[80.55949036151712,7.206484007877844],[80.55949672806601,7.206417361956808],[80.55949732174938,7.206395190537045],[80.55949755867631,7.206386328479866],[80.55962331731317,7.206209877200863],[80.559655963586,7.20618803838279],[80.55980435373093,7.206109551880193],[80.55906899614382,7.205059880539332],[80.55791203158178,7.203883025572241],[80.55771667207235,7.203629266187589],[80.55769335158556,7.203628360683913],[80.55754668922252,7.203622668495187],[80.5572259974632,7.203610222779658],[80.55699370043148,7.203652851503587],[80.55702978912431,7.203734995798079],[80.55703535415016,7.203748435504532],[80.55704066718046,7.20375866843173],[80.55712606195264,7.203923204795175],[80.55713831665562,7.203940620309862],[80.5571499341866,7.20397250074925],[80.5572551689004,7.20416797285532],[80.55720648883337,7.204273331574786],[80.55719371610806,7.204288099956234],[80.55700981104849,7.204528252532343],[80.55700578288725,7.204538768547954],[80.55699796093566,7.204556348967076],[80.55697507316107,7.204598888155016],[80.55697061933532,7.204613338588129],[80.55689401117448,7.204739095796552],[80.55687874950797,7.204760803498838],[80.55686705985435,7.204779072946566],[80.55682557943943,7.204861374444715],[80.55681120787933,7.204903746797731],[80.55679944365089,7.204918914448609],[80.55679846008933,7.204921201862806],[80.55734880302353,7.205048884748935],[80.55774056529725,7.205152003578426],[80.55813283537923,7.205242627565107],[80.55813714468454,7.205253861064542],[80.55818205351446,7.20550764256917],[80.55818303204111,7.205523440304737],[80.55818548595367,7.205563145801902],[80.55802591045784,7.205833910184305],[80.55801532490189,7.205855372377661],[80.55793645080041,7.206021781612924],[80.55790391764455,7.206064421136609],[80.55767059397841,7.206147558828317],[80.55746495348525,7.206178872296163],[80.55738785578696,7.206358322325188],[80.55725798589654,7.206499619834645],[80.5570424645818,7.206713267480015],[80.55703328678247,7.206731430522003],[80.55700114746499,7.206781428477492],[80.55698739307688,7.206790601456572],[80.55707427814544,7.207280386431496],[80.5570848023591,7.207316977763645],[80.55713576507283,7.207630737413138],[80.55713619258168,7.207649334605872],[80.55713257902563,7.207705228735225],[80.5571846461182,7.208049956755819],[80.55710851926167,7.208243237583241],[80.5571030189353,7.208251431545705],[80.55709202380233,7.208273285983463],[80.55701753501332,7.208379791585621],[80.55700370319323,7.208387946281058],[80.55700095327848,7.208393405141703],[80.55686062713147,7.208537893293438],[80.55685238410997,7.208551574149059],[80.55676718243896,7.208633222512772],[80.55676168119004,7.208641429130467],[80.5567561858001,7.20864687129732],[80.55670389646933,7.208720736751904],[80.55669263595571,7.208782133498054],[80.55668985301192,7.208790353177016],[80.55668703844213,7.208804071905823],[80.55661841890976,7.208844870905021],[80.55659654896671,7.208852956613197],[80.55658561061898,7.208858367223172],[80.55647985689377,7.208930176780333],[80.55646567641705,7.208949620606228],[80.55645720141929,7.20895797771209],[80.55643731459584,7.20899405344049],[80.55637192169426,7.209110999860446],[80.55636613959466,7.209119480341378],[80.55634890647464,7.209139308831134],[80.55628831442537,7.209207644946751],[80.55601401001921,7.209426372129322],[80.55599079007916,7.209443522790847],[80.55584987101835,7.209584413909221],[80.55570253843356,7.209704231632209],[80.55578002303098,7.209801937340831],[80.55578522211295,7.210036491544637],[80.5557853616566,7.210043777578504],[80.55578201969008,7.2100619777694],[80.55573582493933,7.210163991556551],[80.55573256082629,7.210189709252426],[80.55572922875004,7.210211788905848],[80.55570898592829,7.210333948611288],[80.55571301991226,7.210352730211953],[80.5557115906877,7.210503065313993],[80.55570949933472,7.210723020546047],[80.55585408636448,7.2111168309357],[80.55611618587544,7.211647149968289],[80.55621135878818,7.211764152908508],[80.55622279169033,7.211771712961028],[80.55636289235643,7.211849226724766],[80.55656294101937,7.211970466096632],[80.55662149776607,7.212005535989408],[80.55665629913052,7.212005552725447],[80.55669167549227,7.212005569735273],[80.55680856836247,7.211951085619939],[80.55693334683535,7.21197460136439],[80.55696952613714,7.212007096767939],[80.55701141310682,7.212044720496333],[80.5570737527436,7.212161462433723],[80.55719835258432,7.212262833054648],[80.55731533892803,7.212309658786484],[80.5576447456614,7.2123171097999],[80.55766636081431,7.212317598523112],[80.55771739845778,7.212352449455415],[80.55798587259892,7.212535771497587],[80.5582120627748,7.212629421533198],[80.55827528882249,7.212671472857018],[80.55828003414832,7.212678081957749],[80.55825777150156,7.21269847782469],[80.55830633884887,7.212714734146067],[80.55921201406996,7.213017869113389],[80.55941047250063,7.21317449097561],[80.55951715508797,7.213224125451908],[80.55954120571282,7.213234964084455],[80.55955215204709,7.213241467599321],[80.55981045513997,7.213344408438002],[80.5598171196814,7.213344440534937],[80.56036597795865,7.213271157052679],[80.56138181069326,7.21316463912201],[80.56187137307316,7.21306436140601]]]]}},{"type":"Feature","properties":{"GND_N":"Ketakumbura1","GND_NO":"56","GND_C":"455","PROVINCE_N":"CENTRAL","PROVINCE_C":"2","DISTRICT_N":"KANDY","DISTRICT_C":"1","DSD_N":"UDUNUWARA","DSD_C":"39","Admin_Code":"2139455","GND_NO_Cen":"56","GND_NAME_C":"Ketakumbura","GND_NO_Gaz":"56","GND_NAME_G":"කැටකුඹුbu","shape_1":"Polygon","Area__Ha_":30.0842442722,"MWS_ID":"122","Alt_MWS":null,"Area":0.30084244272,"Density":4826.44665049,"Total_Pop":1452.0},"geometry":{"type":"MultiPolygon","coordinates":[[[[80.57483823061966,7.213213266752581],[80.5748661055693,7.213154570755025],[80.57490543730921,7.213179213193306],[80.57506908383102,7.213232792072355],[80.57508638111868,7.213238452495837],[80.5751215234538,7.213059291069688],[80.5751727565562,7.21292962112387],[80.57527004102597,7.212908991576806],[80.57529552700726,7.212922468780043],[80.57538420338274,7.212955905542581],[80.57539905250025,7.212964908991892],[80.57552743875203,7.212988985565299],[80.57553886780136,7.212989677860481],[80.57564595353242,7.212983398414922],[80.57579590109364,7.212836344919483],[80.57594591045164,7.212723562698972],[80.57602528254812,7.212644130018197],[80.57611802733283,7.21253757588223],[80.57624868877068,7.212349934953859],[80.57638615356382,7.212208894827781],[80.57639423201077,7.212199728724021],[80.57640165013035,7.212180726219551],[80.57646881747989,7.212008689220649],[80.5763595391338,7.211812123537323],[80.57619590705947,7.211656342534607],[80.57602432980329,7.211554955477816],[80.5758996084888,7.211399192335803],[80.5760479357627,7.211282403257944],[80.57614013416578,7.211184252558782],[80.57619279229007,7.211128193424204],[80.57622314458399,7.211095881477617],[80.57617476397394,7.211026441407259],[80.57617011279719,7.211017259782184],[80.57611687896147,7.210912163595682],[80.57611288009242,7.210904267271526],[80.57602066908869,7.210722220349996],[80.57599566398207,7.210612047103205],[80.57599233793137,7.210610277730988],[80.57586432505856,7.21051696254556],[80.5757916150085,7.210448503782163],[80.57570028057049,7.210312115479538],[80.57569611138798,7.210304425258336],[80.57562246879499,7.210209083821839],[80.57557159383413,7.210057125780867],[80.57556212272947,7.210012883984054],[80.57551972224664,7.209953804369534],[80.57551082545834,7.209841251717949],[80.57547596550266,7.209697090376502],[80.57547354004639,7.209694153036053],[80.57541918694241,7.209515959596394],[80.5754122173137,7.209507668588021],[80.57536574393211,7.209401377086259],[80.5753615463513,7.2092938372441],[80.57536693793823,7.209209138001813],[80.57533794108491,7.209083721826837],[80.57534587531576,7.20900520190581],[80.57530515650504,7.208904980806509],[80.57527025939918,7.208767325896567],[80.57518119072374,7.208682880795596],[80.57511528316402,7.208653463718194],[80.57493299618018,7.208580566171912],[80.57488776374441,7.208514785266156],[80.5748463799449,7.208454602788882],[80.57477794278725,7.208446993643076],[80.57464038940499,7.208341614126391],[80.57459330209812,7.208305540561649],[80.57441162241231,7.208166357614183],[80.57418962917413,7.20810039271366],[80.57412303293611,7.208080603313985],[80.57390471692054,7.208088277358112],[80.57377996455399,7.208156927470219],[80.57367842853729,7.208212802795521],[80.57357707365908,7.208329610162473],[80.5731167958062,7.208711050835134],[80.57307438010807,7.208626158551216],[80.57303890704614,7.208555164882072],[80.57292187215268,7.208617424757504],[80.57279703099235,7.208734221487996],[80.57256287563484,7.209045678689107],[80.57241467468864,7.209193550327904],[80.572281285139,7.209280348245786],[80.57223521964283,7.209310323425352],[80.57220653388751,7.209315088048938],[80.57204357828759,7.209342147956405],[80.57190765757623,7.209364717372091],[80.5717595271123,7.209356880403559],[80.5712683504801,7.209224123722681],[80.57121204846503,7.20923141155799],[80.57117993112281,7.209235569597657],[80.57072592983913,7.209294340621606],[80.57061032929157,7.209309304556515],[80.57056150896094,7.209315623552807],[80.5704884414618,7.209325083120401],[80.57041474503694,7.209319624097855],[80.56974765168611,7.20927020939479],[80.56951362833091,7.209285644903141],[80.56943799166059,7.209303628008376],[80.5693499129363,7.20932456886815],[80.56912359795382,7.209503630521899],[80.56896761206262,7.209651498379987],[80.56890241433959,7.209776077278338],[80.56887386885641,7.209830621848528],[80.56884190172777,7.21030622751314],[80.56883854126934,7.210356231251367],[80.56890477877533,7.210617238759779],[80.56902942744452,7.210928855877222],[80.56912286496768,7.211115693879957],[80.56912645312615,7.211120476559204],[80.56929065695138,7.211339298368721],[80.56935673887975,7.211427359531004],[80.56973863138096,7.211692324170345],[80.5699512475507,7.211755750444911],[80.57018311771563,7.211824920403005],[80.5703391060872,7.21198084293687],[80.57037018368123,7.212089796571359],[80.57035454322245,7.212261182141559],[80.57021566499716,7.212476076934012],[80.57015972420824,7.212562639640753],[80.57012814871156,7.21261149846342],[80.57029192897859,7.212743968711571],[80.57029940044328,7.212749746962998],[80.57048608573874,7.212894129011208],[80.5705031395899,7.212907318726592],[80.57066127699494,7.21302962283804],[80.57070506486896,7.213063487010982],[80.57071439497653,7.213021961078513],[80.57082230940107,7.212541725973248],[80.57084574566123,7.212339258461677],[80.5708453027621,7.21233346891198],[80.5710802053675,7.212239044968968],[80.57174309482816,7.212206950185081],[80.5723602314391,7.212306633532247],[80.57300855096291,7.212455912896033],[80.57319191476368,7.212531138482666],[80.57359303297079,7.212669246492438],[80.57402558186006,7.212904835724446],[80.57418413671878,7.213192556747805],[80.57434440963495,7.213529049377047],[80.57435799422079,7.21356762302692],[80.5744872071301,7.213524672376367],[80.57455536131589,7.213481855683832],[80.57469779713928,7.213392369021656],[80.57481511799425,7.213242744087358],[80.57482576466164,7.213229164336021],[80.57483823061966,7.213213266752581]]]]}},{"type":"Feature","properties":{"GND_N":"Davulagala","GND_NO":"55","GND_C":"315","PROVINCE_N":"CENTRAL","PROVINCE_C":"2","DISTRICT_N":"KANDY","DISTRICT_C":"1","DSD_N":"UDUNUWARA","DSD_C":"39","Admin_Code":"2139315","GND_NO_Cen":"55","GND_NAME_C":"Davulagala","GND_NO_Gaz":"55","GND_NAME_G":"දවුලගල","shape_1":"Polygon","Area__Ha_":70.36665529,"MWS_ID":"122","Alt_MWS":null,"Area":0.7036665529,"Density":3584.08395227,"Total_Pop":2522.0},"geometry":{"type":"MultiPolygon","coordinates":[[[[80.57765294847589,7.229902866724267],[80.57766038821761,7.229886776085662],[80.57826253873598,7.229928864920669],[80.57835937294887,7.229704760094755],[80.5784946616576,7.229501960137965],[80.57863903656526,7.229292682936665],[80.5787711630312,7.229118676337658],[80.57885208503743,7.228922795931772],[80.57895048472504,7.228643762450636],[80.57898872596171,7.228470170879833],[80.5789869192556,7.228412113831637],[80.5789473865443,7.228392167680355],[80.57891121866045,7.22826835290785],[80.57891624586942,7.228160742098368],[80.57895470134135,7.228021316098922],[80.57895862606499,7.227950148230153],[80.5789605399514,7.227924015599874],[80.57896130858872,7.227820111491579],[80.57896351265619,7.22773880563784],[80.57896572592627,7.227657157961125],[80.57897354132332,7.227593226201344],[80.57897962143247,7.227563296396223],[80.57898254620832,7.227503071066326],[80.57898619191258,7.22744465555909],[80.57921752704468,7.227188519504446],[80.57922048702594,7.227115935977844],[80.57912756972142,7.226978056464448],[80.57899866024039,7.226775038859811],[80.57888047869038,7.226682743333185],[80.5788289247467,7.226578174502107],[80.57875613923233,7.226439006865086],[80.57859344041974,7.226272390799298],[80.5785630689719,7.225980287667851],[80.57856696131628,7.225712970069292],[80.57858088458791,7.225534462115021],[80.57870451391193,7.225167356810181],[80.57879198996439,7.225055784690585],[80.57888193999722,7.224985689496445],[80.57918621168682,7.224840890247143],[80.57932997709919,7.224759212392957],[80.57954652944673,7.224668791449663],[80.57973072908338,7.224567234427561],[80.57984009682968,7.224468518065414],[80.57992191389194,7.224289612461377],[80.57991687599295,7.223923610660877],[80.579780996477,7.224009134496366],[80.57960344309511,7.224072292265579],[80.57952253004441,7.22416872211445],[80.57945667245559,7.224275377979704],[80.57918427680642,7.224328507503196],[80.57904439570764,7.224298694528994],[80.5789690235948,7.224232037367146],[80.57892781141834,7.224149637493649],[80.57877182362793,7.223978175524483],[80.57871792157002,7.223897417776514],[80.57870946758892,7.223884752057689],[80.57860050764447,7.223588827620625],[80.57856939451564,7.223230483914867],[80.5785079412854,7.223126985064241],[80.57842136352711,7.222981171088352],[80.57837460582483,7.22280989834345],[80.57837465329054,7.2227008167662],[80.57820850147702,7.222446520531054],[80.57799104556221,7.222037889792931],[80.57796600028493,7.221683104396048],[80.57797737559524,7.221672563355304],[80.57832073971075,7.221088589450449],[80.57839873060759,7.221018540675868],[80.57846113695673,7.220995252087477],[80.57846862606684,7.220996403800635],[80.57835037288831,7.220799725278511],[80.57834194786507,7.220791416499657],[80.57827507990821,7.220654739085355],[80.57814872807471,7.220630189355651],[80.57814445581273,7.220634326497033],[80.57797983372504,7.220597377469566],[80.5778964010126,7.22052325974957],[80.57771128898572,7.220543871482181],[80.57761701805768,7.220677202535752],[80.57742873972454,7.220711422539399],[80.57732650749709,7.220889837722624],[80.57723187581617,7.220988370937158],[80.57692257707728,7.221169848924791],[80.5767646394322,7.221320954074852],[80.57671780822989,7.22141808651646],[80.57652027284836,7.22159133149032],[80.57648816270238,7.221839033241386],[80.57642789217059,7.221924409243311],[80.57627148900919,7.222030116139285],[80.57608380512814,7.222098929048074],[80.57596606285563,7.222142099431336],[80.57578680514912,7.222216355300205],[80.57567830385426,7.222322923138148],[80.57556451437142,7.222474285092037],[80.5754536497075,7.22269119491512],[80.57535541484523,7.222851679036124],[80.57530116547514,7.222904873376966],[80.57512929021573,7.223130492691868],[80.57504438837141,7.22310431725418],[80.574896269727,7.223057483115295],[80.5747326153175,7.222948469409479],[80.57452994370092,7.222761444045171],[80.57441735772622,7.222725914793286],[80.57423356636076,7.222667915498389],[80.57415041257268,7.222669720716755],[80.57388267110206,7.222675531487709],[80.57375004235804,7.2227921837821],[80.57370557836865,7.222809922738925],[80.57369088560753,7.222821292345883],[80.57364692129211,7.222833323557345],[80.57343800369392,7.222916669828195],[80.57293879540448,7.222994442751754],[80.57289462204047,7.222991933506859],[80.57281744021961,7.222987548476324],[80.57279844177137,7.222986468400558],[80.57262693954125,7.223025390820042],[80.572530464614,7.223077321642081],[80.57236423639317,7.223121736341401],[80.57215479991505,7.223129671949954],[80.57207620703369,7.223125801614753],[80.57204718994916,7.223124372481845],[80.57188435891439,7.222967977183107],[80.5717602989347,7.222902700514637],[80.57160014577347,7.222866938535653],[80.57127214213403,7.222850528220072],[80.5710256192208,7.222956050776586],[80.5709867097043,7.223126106431752],[80.57091233002429,7.223335348547708],[80.57086161986035,7.223484661396895],[80.57076540760173,7.223638000489355],[80.57064290096746,7.223782174347161],[80.57054422542173,7.223941742923613],[80.57034707540771,7.224016359297718],[80.57028660057199,7.224085820426577],[80.57029412401774,7.224241121573694],[80.5702827637798,7.224413756005477],[80.57035032602106,7.2245427898557],[80.5703708190483,7.224708974716478],[80.57032700318716,7.225038411459384],[80.57034133061084,7.225550072497228],[80.57030299799766,7.225844765671564],[80.57025124108685,7.22619466588426],[80.5702157469988,7.226681594302477],[80.57014098799306,7.227022257484237],[80.57011261573636,7.227495270968862],[80.57010413494524,7.228093061898977],[80.57013911970297,7.228530030480283],[80.57096021791014,7.228627101881743],[80.57185953949732,7.228553984564704],[80.57236560034104,7.228489484913103],[80.57237852515006,7.22848944276832],[80.57303183085372,7.228387651479672],[80.5737752383916,7.228353202039997],[80.5740318065596,7.228364699344587],[80.57427085435825,7.228296692369679],[80.57439059311399,7.228247814502152],[80.57440436808457,7.228244000828702],[80.57456659450514,7.228230439391767],[80.57474844462406,7.228333881679339],[80.57478005297104,7.228283880466642],[80.57478203659147,7.228280742508015],[80.57482971165831,7.228215038843567],[80.57485497719179,7.228180217164188],[80.57487264296809,7.228162771019725],[80.57499128113464,7.228016342626129],[80.57544437412078,7.228908864435819],[80.57556142295931,7.229002583714776],[80.57574272359696,7.229357171118602],[80.57600947431202,7.229761147451867],[80.57621195344159,7.230301093542312],[80.57624704397045,7.230817892783842],[80.57781954492091,7.231229977843304],[80.57783646412518,7.231246643380397],[80.57784808884713,7.231227493497383],[80.57787092659694,7.231186358560972],[80.57787186040318,7.231090553486074],[80.5778718746408,7.231089055062114],[80.57788171846558,7.231015263699269],[80.57789495197201,7.23091607284359],[80.57789872603657,7.230775636222428],[80.5779010613464,7.230595427724994],[80.57790125531747,7.230580488722799],[80.577898491601,7.230480923751424],[80.5778751170574,7.230420096477942],[80.57786050186375,7.230382066881542],[80.5778181528895,7.230310065910856],[80.57771965532031,7.230253232760207],[80.577624878698,7.23017560224069],[80.57759004188479,7.230112557125515],[80.57758906765054,7.2300646286379],[80.57762234292579,7.229969057408909],[80.57765294847589,7.229902866724267]]]]}},{"type":"Feature","properties":{"GND_N":"Aravuwawala","GND_NO":"75","GND_C":"320","PROVINCE_N":"CENTRAL","PROVINCE_C":"2","DISTRICT_N":"KANDY","DISTRICT_C":"1","DSD_N":"UDUNUWARA","DSD_C":"39","Admin_Code":"2139320","GND_NO_Cen":"75","GND_NAME_C":"Aravuwawala","GND_NO_Gaz":"75","GND_NAME_G":"ඇරව්වාවwa","shape_1":"Polygon","Area__Ha_":70.9273119004,"MWS_ID":"122","Alt_MWS":null,"Area":0.709273119,"Density":2045.75636821,"Total_Pop":1451.0},"geometry":{"type":"MultiPolygon","coordinates":[[[[80.5651013650835,7.230031709861549],[80.56547766502067,7.229984316907812],[80.56646691042363,7.230011109526439],[80.56676132639804,7.229944143955974],[80.5668761416044,7.229882367768551],[80.56719713402639,7.22989065028687],[80.56734002714714,7.229860833159584],[80.56747047954002,7.229843604507143],[80.56767825894735,7.229802847814757],[80.56776670103518,7.229768514853082],[80.56787830201087,7.229808048665796],[80.56803498568547,7.22979975731432],[80.56826322007839,7.229844654390566],[80.56851984764171,7.229868212813034],[80.56875448938385,7.229870296551701],[80.5691375219493,7.229881744792333],[80.56924872773232,7.229904558442412],[80.5694140975171,7.229923867167684],[80.56955969822225,7.229927614667407],[80.56972523295575,7.229938702339801],[80.56979706793862,7.229803221529087],[80.56984247710498,7.229532651233721],[80.5699421080216,7.22916496438565],[80.5701223354911,7.228528046986069],[80.57013911970297,7.228530030480283],[80.57010413494524,7.228093061898977],[80.57011261573636,7.227495270968862],[80.57014098799306,7.227022257484237],[80.5702157469988,7.226681594302477],[80.57025124108685,7.22619466588426],[80.57030299799766,7.225844765671564],[80.57034133061084,7.225550072497228],[80.57032700318716,7.225038411459384],[80.5703708190483,7.224708974716478],[80.57035032602106,7.2245427898557],[80.5702827637798,7.224413756005477],[80.57029412401774,7.224241121573694],[80.57028660057199,7.224085820426577],[80.57034707540771,7.224016359297718],[80.57037587272582,7.223983283858389],[80.57019035865862,7.223774388366189],[80.57010805830821,7.223706904633411],[80.57002331968108,7.223596842488896],[80.56994597746178,7.223414953990328],[80.56990799373573,7.223265999918699],[80.56980391705979,7.223059466989615],[80.56970035834799,7.222839179824501],[80.56960277756947,7.222733513934271],[80.56926486770195,7.222629437278941],[80.56902632903767,7.222578838995856],[80.56881603999895,7.222532703515454],[80.56863839240569,7.222489004524511],[80.56847721846258,7.22244678246366],[80.56618122803464,7.222784126984318],[80.56616462778858,7.2228313402172],[80.56603128959516,7.222895681397987],[80.56579968339518,7.222965606480036],[80.56552732409698,7.222868675092526],[80.56526195477161,7.223074109426408],[80.56493223512753,7.223395305212051],[80.56491016336834,7.223425292509675],[80.56486581959278,7.223485538299336],[80.56467341769654,7.223873097370462],[80.56434719601755,7.224474104526504],[80.56417376142417,7.224586072393627],[80.56402848303443,7.224526160757881],[80.56394267587798,7.224420941375973],[80.56336926476416,7.224635103101903],[80.56318711169793,7.224870106815429],[80.56298291304425,7.224960703828691],[80.56277420206327,7.224943248958879],[80.56263132748406,7.224909381013429],[80.56248637668554,7.224871349546019],[80.56234699995575,7.224809191146366],[80.56222769960625,7.224847560773158],[80.56213693799543,7.224797559061392],[80.56202775965315,7.224663033476857],[80.56194840581126,7.224569257999645],[80.56177879408366,7.224444461369214],[80.5617053785397,7.224339750202671],[80.5616782697922,7.224347053251481],[80.56165797082981,7.224352051724229],[80.56131746192123,7.224424311476297],[80.56130137520397,7.224427997967381],[80.56112358894937,7.224501431182066],[80.56111960556419,7.2245013189775],[80.56097406663544,7.224610131901177],[80.5608986374099,7.224795883390446],[80.56082509698392,7.224918739718946],[80.56081734910303,7.224926671310779],[80.56078258093476,7.224950041042281],[80.5606528827645,7.225057840384545],[80.56063666286681,7.225082613310319],[80.56062869217874,7.225090628893464],[80.5605562934987,7.225167701790789],[80.5605436979732,7.225256447678996],[80.56054425140864,7.225275207692722],[80.56058416156618,7.225432480229545],[80.56059021945656,7.225438492184532],[80.56060250345608,7.225456688037232],[80.56062083901394,7.225480885893878],[80.56078610573962,7.225602481475701],[80.56080151899411,7.225611727113632],[80.56081399051891,7.225624050510159],[80.56083868477523,7.225642485531952],[80.56084799565238,7.225651688495216],[80.56095813909897,7.225730909486774],[80.56096419297839,7.225733937237374],[80.56098240208611,7.225746039976618],[80.56100965645547,7.225764155171143],[80.56112686938276,7.225830171221387],[80.5611358282432,7.225833154221337],[80.5611507892833,7.225845089933839],[80.5611955405747,7.225889675973451],[80.56118389500223,7.225957482302758],[80.56118391305581,7.225963344903346],[80.56112553255697,7.226056498474835],[80.56112261941979,7.226062299103673],[80.56111095060174,7.226079695990195],[80.56104699498638,7.226177956226901],[80.56104638294322,7.226281031029285],[80.56105520633137,7.226287100350861],[80.56115346420513,7.226283382120666],[80.56126252742885,7.226337973858775],[80.56138741996295,7.226471951788183],[80.56119813910249,7.226883790307182],[80.56119604509415,7.226892303325295],[80.56118541848919,7.226913614524705],[80.56116412041442,7.226947705713576],[80.56114290137423,7.226977429158531],[80.56100220168707,7.227256527173261],[80.56098966602339,7.227285836923528],[80.56098383292677,7.22737871324613],[80.56113749906811,7.227512853140099],[80.56143044930522,7.227757380829246],[80.56175260252775,7.227986730709574],[80.56198659775968,7.228370497373326],[80.56209503100636,7.228756251359806],[80.56219850895826,7.22911582524907],[80.56230044787449,7.230409443136073],[80.56230591857911,7.230545304454251],[80.56217460828681,7.231056356178062],[80.56226310302829,7.231198011483879],[80.56230897685103,7.23127734123945],[80.56236696870046,7.231391310550703],[80.56238473134289,7.231455962029059],[80.56240421338838,7.231526882936705],[80.56243606001767,7.231474174357146],[80.56248450827773,7.231393988205872],[80.5625053934059,7.23136211502459],[80.56252727897139,7.231328717658111],[80.56258263587402,7.231269149209722],[80.56265193704502,7.231215829691503],[80.56269372357642,7.231188640639942],[80.56269985509262,7.231184652828956],[80.56279395796972,7.230985442985273],[80.56280500212416,7.230962062904914],[80.56393465178756,7.2303236397743],[80.56395359307136,7.230302300736981],[80.56465839815937,7.230107973950527],[80.5651013650835,7.230031709861549]]]]}},{"type":"Feature","properties":{"GND_N":"Rangama","GND_NO":"73","GND_C":"325","PROVINCE_N":"CENTRAL","PROVINCE_C":"2","DISTRICT_N":"KANDY","DISTRICT_C":"1","DSD_N":"UDUNUWARA","DSD_C":"39","Admin_Code":"2139325","GND_NO_Cen":"73","GND_NAME_C":"Rangama","GND_NO_Gaz":"73","GND_NAME_G":"රංගම","shape_1":"Polygon","Area__Ha_":59.1908585978,"MWS_ID":"122","Alt_MWS":null,"Area":0.59190858598,"Density":1221.47239815,"Total_Pop":723.0},"geometry":{"type":"MultiPolygon","coordinates":[[[[80.56098142779042,7.227417004789675],[80.56098383292677,7.22737871324613],[80.56098966602339,7.227285836923528],[80.56100220168707,7.227256527173261],[80.56114290137423,7.226977429158531],[80.56116412041442,7.226947705713576],[80.56118541848919,7.226913614524705],[80.56119604509415,7.226892303325295],[80.56119813910249,7.226883790307182],[80.56138741996295,7.226471951788183],[80.56126252742885,7.226337973858775],[80.56115346420513,7.226283382120666],[80.56105520633137,7.226287100350861],[80.56104638294322,7.226281031029285],[80.56104699498638,7.226177956226901],[80.56111095060174,7.226079695990195],[80.56112261941979,7.226062299103673],[80.56112553255697,7.226056498474835],[80.56118391305581,7.225963344903346],[80.56118389500223,7.225957482302758],[80.5611955405747,7.225889675973451],[80.5611507892833,7.225845089933839],[80.5611358282432,7.225833154221337],[80.56112686938276,7.225830171221387],[80.56100965645547,7.225764155171143],[80.56098240208611,7.225746039976618],[80.56096419297839,7.225733937237374],[80.56095813909897,7.225730909486774],[80.56084799565238,7.225651688495216],[80.56083868477523,7.225642485531952],[80.56081399051891,7.225624050510159],[80.56080151899411,7.225611727113632],[80.56078610573962,7.225602481475701],[80.56062083901394,7.225480885893878],[80.56060250345608,7.225456688037232],[80.56059021945656,7.225438492184532],[80.56058416156618,7.225432480229545],[80.56054425140864,7.225275207692722],[80.5605436979732,7.225256447678996],[80.5605562934987,7.225167701790789],[80.56062869217874,7.225090628893464],[80.56063666286681,7.225082613310319],[80.5606528827645,7.225057840384545],[80.56078258093476,7.224950041042281],[80.56081734910303,7.224926671310779],[80.56082509698392,7.224918739718946],[80.5608986374099,7.224795883390446],[80.56097406663544,7.224610131901177],[80.56111960556419,7.2245013189775],[80.56112358894937,7.224501431182066],[80.56130137520397,7.224427997967381],[80.56131746192123,7.224424311476297],[80.56165797082981,7.224352051724229],[80.5616782697922,7.224347053251481],[80.5617053785397,7.224339750202671],[80.56171473840665,7.224337228890523],[80.56172280231068,7.224336936073861],[80.56187557881196,7.224272476010494],[80.56188355594035,7.224268009794369],[80.56250499500031,7.223989921994298],[80.56251917799266,7.223977184308217],[80.56274332889798,7.223814956179014],[80.56274372992262,7.223768940029143],[80.56273936965471,7.223757655909163],[80.56269763404288,7.223668270475819],[80.56268929916487,7.223649777202696],[80.56259918940779,7.223428908834914],[80.56258394627947,7.223400706443917],[80.56257999589992,7.22339011249734],[80.56251789525928,7.223259660361322],[80.56249520602218,7.223144650477983],[80.56248286383143,7.223113438116211],[80.56247847398816,7.223093821736407],[80.56244911984842,7.222996616251252],[80.56244444564413,7.222965501531141],[80.56244012268206,7.222946163707497],[80.56243580875856,7.222926862060133],[80.56242795221215,7.222777006403541],[80.56242690962839,7.222735315759151],[80.56242643767547,7.222716422849258],[80.56239315986764,7.222567318501565],[80.56239281008796,7.222552435326291],[80.56225704274938,7.221958800104351],[80.56225696606081,7.221937031697171],[80.56225685483393,7.221905912785313],[80.5622567781589,7.221884115440428],[80.56225674361893,7.221874768552932],[80.56226597302191,7.221777966389785],[80.5622658981884,7.22175610303154],[80.56226586637794,7.221746728111888],[80.56230967471119,7.221602704116454],[80.56231901367644,7.221571335527918],[80.56232209804197,7.221555633760453],[80.56237933710635,7.221193990211343],[80.56237935514648,7.221184510415703],[80.56239210266327,7.221152789840692],[80.56239848073784,7.221130636513282],[80.56240484917024,7.221111656379017],[80.56240801899133,7.221099078111713],[80.56240801956227,7.221095937469057],[80.56243335145865,7.221017364544539],[80.56243651583532,7.221004807073364],[80.56244600283473,7.2209859550026],[80.56245232444344,7.220970258368278],[80.56247760010253,7.220891854518678],[80.56249652719347,7.220873019531172],[80.5625280459313,7.22080725532855],[80.56253119613596,7.220797870143422],[80.56257521663872,7.220676000721022],[80.56258149472646,7.220660403537321],[80.56258457018592,7.220573017693384],[80.56260953297657,7.220512852567163],[80.5626126415623,7.220503384165915],[80.56264673169,7.220399596135425],[80.56266202476577,7.220122566563201],[80.56272709010199,7.220067019486922],[80.5627325430074,7.220061571807151],[80.5629087179721,7.219905483876685],[80.56295292068657,7.21986775533597],[80.5629750069211,7.219856999034694],[80.56320481295596,7.219666516484786],[80.56323689997629,7.21962824871795],[80.56325836583595,7.21961184655085],[80.56346595361416,7.219346088370793],[80.5635092302235,7.219292129819352],[80.56353627086445,7.219265164364646],[80.56398696587402,7.218789165731011],[80.56400232500053,7.218762693082405],[80.56401803640009,7.218757517831953],[80.56409504205705,7.218650453449796],[80.56407603664425,7.218637575478898],[80.56387786444179,7.218503273893501],[80.56350084255509,7.21829241017127],[80.56350048766129,7.218284512729684],[80.56332644670931,7.218206940032621],[80.56318198945071,7.218109407751029],[80.56317691166628,7.218120216319375],[80.56317324681596,7.218120665855052],[80.5630749631966,7.218130926286114],[80.56306817381667,7.218134344091392],[80.56305459958412,7.21814117970374],[80.56292930369803,7.218185545919384],[80.56291577682025,7.218195665977205],[80.56282769968068,7.218251450108942],[80.56282430423549,7.218254765503142],[80.56265809054158,7.218318432024528],[80.56264122199704,7.218325304062769],[80.56263110617961,7.218335477253948],[80.56247316062688,7.218420585881516],[80.56246306181454,7.218427317300634],[80.562442631982,7.218433909137372],[80.56234381797479,7.218456957808813],[80.56231305005274,7.218466883478383],[80.56221050772297,7.218486678499857],[80.562179677966,7.218493296192054],[80.56217285306289,7.218493281233958],[80.56208344662969,7.218519873702853],[80.56206610752773,7.218529894280375],[80.56200512608697,7.218556914246974],[80.56199494395105,7.21856365827653],[80.56197808992444,7.218570428110255],[80.56197133224249,7.218573805220001],[80.56191023626971,7.218594038328216],[80.56188978440049,7.218597399960246],[80.56182730755896,7.218630962733966],[80.56180670190835,7.218643593392217],[80.56178867206222,7.21865899785225],[80.5617565539589,7.218667054559557],[80.56172626794027,7.218674651835942],[80.5615859241691,7.218651130928671],[80.5615191358125,7.218597062895586],[80.56145451989114,7.218544754744443],[80.5614222848036,7.218518657670941],[80.56126989383203,7.218530099474432],[80.56100898500732,7.218549689358315],[80.56080614666577,7.218432740544877],[80.56065022323997,7.218440439374097],[80.56043976818896,7.218276858247319],[80.56037744176577,7.218128749213212],[80.56034134073744,7.218088161500211],[80.56021175721376,7.21813395554099],[80.56020512599564,7.218136063947809],[80.56019644899371,7.218142437885478],[80.56018535357363,7.218144521570614],[80.56007485975172,7.218158840411929],[80.56006390741366,7.218160901554284],[80.55997039181393,7.218181506986802],[80.55995747078741,7.218185656132361],[80.55992571197906,7.21821508968995],[80.55991498502597,7.218219239874474],[80.55987336752369,7.21829118092188],[80.5598669201499,7.21829323153549],[80.55981399174615,7.218348104831897],[80.55979904398103,7.218356435410723],[80.55978618908891,7.218360505003977],[80.55971135751268,7.218376311068667],[80.5597070871151,7.218376233984891],[80.55969857065759,7.218378216695688],[80.55968577938886,7.218377980027506],[80.55962636576879,7.21842872750754],[80.55955892207447,7.218479274027806],[80.55955472496976,7.218479309110879],[80.55947350177605,7.218490307540722],[80.55946730346379,7.218490357045355],[80.55945286669487,7.218490469553832],[80.55943436140636,7.218490614492002],[80.55941591950425,7.218490759459567],[80.5593609677797,7.218491190918322],[80.55934681172172,7.218491304461177],[80.55933672418509,7.218491381957108],[80.5591893531301,7.218491992811586],[80.55919607012667,7.218431570512506],[80.5591901645679,7.218421563404294],[80.55916707653343,7.218343695590087],[80.55916710102905,7.218341699806066],[80.55916532660952,7.218323777494406],[80.55916542639659,7.218315807923728],[80.55916554795756,7.218305853419346],[80.55915999419031,7.218272131144357],[80.55915621304155,7.218256310381224],[80.55914657962384,7.218232672755379],[80.55913882043512,7.218218940846754],[80.55912981887629,7.21815206248717],[80.55912591611892,7.218148196545338],[80.55911247498256,7.218103707507716],[80.55908885738738,7.218025545538976],[80.55891750613948,7.218193789923716],[80.55880203619368,7.218307167903497],[80.55846658272982,7.218571798531851],[80.55840368289819,7.218608886503445],[80.55829490999446,7.218673026466135],[80.55804528196792,7.218766303506638],[80.55798790116346,7.2188186279372],[80.5578659374698,7.218929840372152],[80.5577489008035,7.218984183552938],[80.55765832016904,7.218979388054088],[80.55760076759273,7.218976341010373],[80.55742918351353,7.218890633066353],[80.55726547502499,7.218906097669975],[80.55702359772798,7.219061833504695],[80.55675054415437,7.219318720319339],[80.55665681869928,7.219443159667406],[80.55653200054377,7.219497638948215],[80.55640607365054,7.219502241769495],[80.556403818856,7.219502332017472],[80.55636686249872,7.219540167397487],[80.5563556137222,7.219546565340355],[80.55623057739751,7.219670070730666],[80.55617295107722,7.219725726252932],[80.55616525956019,7.2197332255385],[80.55611603540217,7.219783617545565],[80.55611085814438,7.219786280026108],[80.55610365056363,7.219798589527985],[80.55564664671407,7.220579096298996],[80.55632918209679,7.220811659745374],[80.55631579296787,7.220837954016698],[80.55631043297285,7.220845842373744],[80.55615369283973,7.221111748284192],[80.55615374020367,7.221122405508975],[80.55615121205491,7.221159671488637],[80.55614324595288,7.221186267694817],[80.55601711984505,7.221524677187079],[80.55600861587055,7.221549351488144],[80.55600342651488,7.22193226309195],[80.55600080815397,7.221948217335477],[80.5560017538438,7.222252358131779],[80.55599798442715,7.222266705778395],[80.55599791299917,7.222272090863433],[80.5560038335667,7.222352030418805],[80.55598505689497,7.222407380921045],[80.55598117059274,7.222425613393112],[80.55597715954087,7.222437796023264],[80.5559752737737,7.222449957976699],[80.55594668654452,7.222511029779401],[80.5559446760312,7.222517133752099],[80.55593655715981,7.222537496523369],[80.5559366321606,7.222541561397874],[80.55588310810882,7.222633286938634],[80.55587904096805,7.222643480075828],[80.5558732778312,7.222651682024289],[80.555838998849,7.222693186491042],[80.55582740659807,7.222703718720959],[80.55582356501486,7.222710004476978],[80.55579223285716,7.222758480725263],[80.55490637218554,7.223541479244782],[80.55502244184174,7.2236724405347],[80.5549804266687,7.223714122037336],[80.55497831519449,7.223765767512431],[80.55498288919267,7.223774739504351],[80.5549851673234,7.223776980566122],[80.55503075619298,7.223832989836979],[80.55504669478837,7.22385089642071],[80.55505124562197,7.223855370402253],[80.55511943101848,7.223913475042803],[80.55517458068698,7.223991485180291],[80.5551968868461,7.22400037443329],[80.55529851610916,7.224025280246167],[80.55530702003904,7.224025106219662],[80.55533687492773,7.224033552398699],[80.55541401450346,7.224050186424466],[80.5554183140066,7.22405010440684],[80.55554816547408,7.224070486045432],[80.55556560575313,7.22407474832436],[80.55565320275062,7.224086975281756],[80.55567520463258,7.224086599789552],[80.55579553081428,7.224103293527551],[80.55582852740075,7.224103455977995],[80.55592640493036,7.224108171294198],[80.55594916562198,7.224117196375929],[80.55596730990705,7.224126236407885],[80.55607841248701,7.224135201066702],[80.55609683243348,7.224139723333334],[80.55622624149086,7.224166901301666],[80.55624928105918,7.224176001560297],[80.55633241474442,7.22421254201459],[80.55634635047403,7.224217124505123],[80.55636956387325,7.224226299898754],[80.55647216723176,7.224253862762794],[80.55650024464951,7.224258459299933],[80.5565938148904,7.22430007877702],[80.55659849062747,7.224304718291099],[80.55663608248317,7.224318671696529],[80.55665021239773,7.224318687545665],[80.5567207629706,7.2243512655477],[80.55674902512933,7.22436523344188],[80.55677259887577,7.224374555485828],[80.55686229189085,7.224393212810906],[80.55688117767205,7.224393210142511],[80.55691426085063,7.224397878694388],[80.55696149975357,7.224397872480548],[80.55699930119965,7.224397866244891],[80.55716011785934,7.224402522940459],[80.55717904257877,7.224402521182798],[80.55720270051638,7.224402517176964],[80.55736979074835,7.224416498359778],[80.55738416607672,7.224416491696557],[80.55748989197807,7.224421144433315],[80.55749949152822,7.224421139996357],[80.55764021348922,7.224454149415036],[80.55766436041544,7.224454150141339],[80.557719592726,7.224506344908819],[80.55752489085168,7.224629979973442],[80.55741099951473,7.224725448564855],[80.5573393669738,7.224773213777762],[80.55720183917703,7.224953586744274],[80.55720215542405,7.225088458135748],[80.55722894909468,7.225246686808183],[80.55723127913389,7.225255876541694],[80.55723595903333,7.225265067404194],[80.55727718002863,7.225336127374272],[80.55728396741824,7.225352193753492],[80.5573043931818,7.225377405560732],[80.55731802147736,7.225398077218711],[80.55732148617935,7.225401572201859],[80.55735586835644,7.225409204745731],[80.55747282806794,7.225518341435557],[80.55762082941659,7.22580665965679],[80.55787802756296,7.226164971600403],[80.55807293014303,7.226313002436749],[80.55814897397433,7.226393047867667],[80.5583690603766,7.226624705121726],[80.55847825804958,7.226694840727231],[80.5585541558854,7.2267188744521],[80.5589278958973,7.226837226118517],[80.55894215614286,7.22684891288496],[80.55904373270852,7.226893043324067],[80.55905553779313,7.226897681690098],[80.55906737435298,7.226904673065091],[80.55908390704272,7.22691163773984],[80.55909098361674,7.226913952508118],[80.55922082563508,7.226978992086291],[80.55923260196465,7.22698127743984],[80.55924672997985,7.226983553061216],[80.55927030053518,7.226990471343704],[80.55943610245217,7.227074401671833],[80.55944792383981,7.227079051791584],[80.55945732605905,7.227079007431895],[80.55967921192884,7.22717180842413],[80.55968392979065,7.227171788962806],[80.56000953126824,7.227179561413458],[80.5600169837806,7.227179697881909],[80.56011576465161,7.227221035179297],[80.56012306938095,7.227223456747678],[80.56016700851065,7.22726787882265],[80.56017182667038,7.227270222345584],[80.56018632587357,7.227284131058102],[80.56019117355258,7.22729104945983],[80.56020084719273,7.227304855506578],[80.56023921087389,7.227355129384277],[80.560241608391,7.227359672830769],[80.56025341157229,7.227366463404785],[80.5602932519854,7.227386692536448],[80.56029791082435,7.227388926562023],[80.56031180000326,7.227388860799214],[80.56032564843251,7.22738879592099],[80.56051514006883,7.227401128107282],[80.56052176500567,7.227401090549805],[80.56053939407552,7.227400989474057],[80.56055038009777,7.227400925947033],[80.5607646588381,7.227406069706748],[80.56078130178537,7.227405950973609],[80.56079580765469,7.22740584750697],[80.56080407343775,7.227405788113593],[80.56098142779042,7.227417004789675]]]]}},{"type":"Feature","properties":{"GND_N":"Wathupola","GND_NO":"65","GND_C":"330","PROVINCE_N":"CENTRAL","PROVINCE_C":"2","DISTRICT_N":"KANDY","DISTRICT_C":"1","DSD_N":"UDUNUWARA","DSD_C":"39","Admin_Code":"2139330","GND_NO_Cen":"65","GND_NAME_C":"Wathupola","GND_NO_Gaz":"65","GND_NAME_G":"වතුපොල","shape_1":"Polygon","Area__Ha_":89.7692438686,"MWS_ID":"122","Alt_MWS":null,"Area":0.89769243869,"Density":471.208157461,"Total_Pop":423.0},"geometry":{"type":"MultiPolygon","coordinates":[[[[80.55407457450798,7.224896382849928],[80.55444095671032,7.224116986914401],[80.55447986062914,7.22405846132614],[80.55450363050944,7.224007124809478],[80.55464385359953,7.223773515007377],[80.55490637218554,7.223541479244782],[80.55579223285716,7.222758480725263],[80.55582356501486,7.222710004476978],[80.55582740659807,7.222703718720959],[80.555838998849,7.222693186491042],[80.5558732778312,7.222651682024289],[80.55587904096805,7.222643480075828],[80.55588310810882,7.222633286938634],[80.5559366321606,7.222541561397874],[80.55593655715981,7.222537496523369],[80.5559446760312,7.222517133752099],[80.55594668654452,7.222511029779401],[80.5559752737737,7.222449957976699],[80.55597715954087,7.222437796023264],[80.55598117059274,7.222425613393112],[80.55598505689497,7.222407380921045],[80.5560038335667,7.222352030418805],[80.55599791299917,7.222272090863433],[80.55599798442715,7.222266705778395],[80.5560017538438,7.222252358131779],[80.55600080815397,7.221948217335477],[80.55600342651488,7.22193226309195],[80.55600861587055,7.221549351488144],[80.55601711984505,7.221524677187079],[80.55614324595288,7.221186267694817],[80.55615121205491,7.221159671488637],[80.55615374020367,7.221122405508975],[80.55615369283973,7.221111748284192],[80.55631043297285,7.220845842373744],[80.55631579296787,7.220837954016698],[80.55632918209679,7.220811659745374],[80.55564664671407,7.220579096298996],[80.55610365056363,7.219798589527985],[80.55563898382684,7.219474298389804],[80.5552043319488,7.219202675240299],[80.55467721463691,7.218385285704303],[80.55468163044051,7.218315473905159],[80.55468148198037,7.21830050310906],[80.55471046000433,7.218094915014892],[80.5547206191549,7.218079773788355],[80.55485553469846,7.217803525182192],[80.55486555049619,7.217783353248659],[80.55522420712427,7.217536235694176],[80.55532745449392,7.217185221052803],[80.55533790597696,7.217172168890693],[80.55539613794583,7.216961440368554],[80.55545294505524,7.216589187368537],[80.55559751548137,7.21620029964548],[80.55556675666737,7.216023380616057],[80.55548203944853,7.215954104446126],[80.55541271139815,7.215954071812069],[80.55533020438327,7.215995281638318],[80.55532029926505,7.216000229708126],[80.55493514769616,7.216338449338095],[80.55447891679648,7.216638102669777],[80.55430334789754,7.216753415339774],[80.5541655376003,7.21691051422936],[80.5541415389117,7.216937870354704],[80.55386423027129,7.21721467878201],[80.55357919575218,7.217376042747185],[80.55350223800738,7.217352973515879],[80.5533904580024,7.217364364694253],[80.55357172146851,7.217037632018201],[80.55393290424774,7.216539023909387],[80.55403398907059,7.216399476896358],[80.55403840711728,7.216375295290892],[80.55407671312368,7.216165740974456],[80.55407934614692,7.216151342146057],[80.55409584159727,7.216061099899492],[80.55410147554653,7.216048455973688],[80.55410253706775,7.216046073653726],[80.5536565789656,7.215723648046029],[80.55345468468398,7.215564123761252],[80.55325451761635,7.215381893203399],[80.55292096848459,7.215129632360407],[80.55273980610166,7.214974511917998],[80.55247483346899,7.214828032536641],[80.55216975170602,7.214555675243411],[80.55189113482285,7.214340233076169],[80.55172640098927,7.214225331023631],[80.55164534467238,7.214400411996032],[80.551642281016,7.21440838100871],[80.55163696715715,7.214418195499425],[80.55158805364562,7.214514566432326],[80.5515868541241,7.214525005107008],[80.55158563083243,7.214528562934274],[80.55134969272157,7.214780810381542],[80.55111574823351,7.215058805971372],[80.55111261218825,7.215070303531285],[80.55109771064703,7.215087618994296],[80.55098221108074,7.215258681303416],[80.55097920242291,7.21526160523617],[80.5509232638556,7.215381448304586],[80.55080497498408,7.215666237840479],[80.55076842561455,7.215741369103314],[80.55076240744269,7.215756239187575],[80.55071374366271,7.215960151552309],[80.55070282033,7.215991430486651],[80.55065406604362,7.216143982053832],[80.55064691019928,7.216157702205741],[80.55063724558387,7.216174243444305],[80.55056216301723,7.216298310032198],[80.55053690763258,7.2163304644732],[80.55040776781678,7.216484948530288],[80.55039400385114,7.216492491737341],[80.55034683673131,7.216533832979497],[80.55031873818271,7.21655466775517],[80.55026741725591,7.216601864096845],[80.55026456389157,7.216602029979888],[80.55024441490158,7.216613669221898],[80.55022128121301,7.216625541199059],[80.55011570006535,7.216646909100849],[80.5498596407571,7.216756336540517],[80.54984300510232,7.216769901861751],[80.54960637918026,7.216922530972623],[80.5496008836013,7.216933435030071],[80.549581851036,7.21695244124041],[80.54940157562136,7.217186129108204],[80.54928616639508,7.217338906900657],[80.54896432789214,7.217479121516618],[80.54878812796659,7.217817336699039],[80.5487632544268,7.217856885700763],[80.54856818344382,7.21815293643752],[80.54855516585727,7.218172526164303],[80.54850925719613,7.218211805118676],[80.548319674198,7.218406717734402],[80.54819698028285,7.219265959324253],[80.54817813262534,7.21933667896693],[80.54816571709874,7.219504512989498],[80.54809879262781,7.220365968072626],[80.54786831183002,7.22095512832785],[80.54784189022328,7.221006029095441],[80.5478028118305,7.221050228072192],[80.54779158599708,7.221068337422333],[80.54764115910297,7.2212686697872],[80.54731621478886,7.22185725966271],[80.54723683093744,7.222001049894875],[80.54706791353783,7.222212133950068],[80.54700936760584,7.222402513376838],[80.54700693202264,7.222414521278417],[80.54700449644501,7.222419331843161],[80.54700206267536,7.222431334319804],[80.54696079635416,7.222694597378783],[80.54698850903097,7.223188789542383],[80.54723138700875,7.223834997113698],[80.54732018130963,7.224047657480786],[80.54757790568021,7.224232532917467],[80.54758100986,7.224232496493674],[80.54760531854308,7.2242511128818],[80.54762074298594,7.224257268963333],[80.54796231809726,7.224440211234247],[80.54797874610685,7.224456739241814],[80.54802840580476,7.224486745318962],[80.54833268676066,7.224686248116705],[80.54834307891326,7.224696560541896],[80.54835709180621,7.224724098105785],[80.54908399514242,7.225046929435123],[80.54975311482443,7.225302287201658],[80.5497615707601,7.225309431769096],[80.54981192352228,7.225328296100425],[80.55203067345428,7.227464487312526],[80.5525544239639,7.227998070228106],[80.55264803201491,7.227748267537824],[80.55265398055529,7.227733427247188],[80.55277418843012,7.227482282930725],[80.55278569640485,7.227470426847096],[80.55280295896239,7.22744958753777],[80.5530526181783,7.226924759958848],[80.55319000301122,7.226536496493982],[80.55318996159377,7.226521250848766],[80.55318992773931,7.226509046374366],[80.553539063809,7.225861668226804],[80.55354577765527,7.225848300499111],[80.55373094722297,7.225496083944975],[80.55404327966842,7.224967857189365],[80.5540555889208,7.224933810794131],[80.55406838643175,7.224910517691134],[80.55407457450798,7.224896382849928]]]]}},{"type":"Feature","properties":{"GND_N":"Batupitiya","GND_NO":"57","GND_C":"470","PROVINCE_N":"CENTRAL","PROVINCE_C":"2","DISTRICT_N":"KANDY","DISTRICT_C":"1","DSD_N":"UDUNUWARA","DSD_C":"39","Admin_Code":"2139470","GND_NO_Cen":"57","GND_NAME_C":"Batupitiya","GND_NO_Gaz":"57","GND_NAME_G":"බටුපිටිiy","shape_1":"Polygon","Area__Ha_":29.2077193472,"MWS_ID":"122","Alt_MWS":null,"Area":0.29207719347,"Density":5296.54500446,"Total_Pop":1547.0},"geometry":{"type":"MultiPolygon","coordinates":[[[[80.57029192897859,7.212743968711571],[80.57012814871156,7.21261149846342],[80.57015972420824,7.212562639640753],[80.57021566499716,7.212476076934012],[80.57035454322245,7.212261182141559],[80.57037018368123,7.212089796571359],[80.5703391060872,7.21198084293687],[80.57018311771563,7.211824920403005],[80.5699512475507,7.211755750444911],[80.56973863138096,7.211692324170345],[80.56935673887975,7.211427359531004],[80.56929065695138,7.211339298368721],[80.56912645312615,7.211120476559204],[80.56912286496768,7.211115693879957],[80.56902942744452,7.210928855877222],[80.56890477877533,7.210617238759779],[80.56883854126934,7.210356231251367],[80.56884190172777,7.21030622751314],[80.56887386885641,7.209830621848528],[80.56890241433959,7.209776077278338],[80.56896761206262,7.209651498379987],[80.56912359795382,7.209503630521899],[80.5693499129363,7.20932456886815],[80.56943799166059,7.209303628008376],[80.56951362833091,7.209285644903141],[80.56974765168611,7.20927020939479],[80.57041474503694,7.209319624097855],[80.5704884414618,7.209325083120401],[80.57056150896094,7.209315623552807],[80.57061032929157,7.209309304556515],[80.57072592983913,7.209294340621606],[80.57117993112281,7.209235569597657],[80.57121204846503,7.20923141155799],[80.5712683504801,7.209224123722681],[80.5717595271123,7.209356880403559],[80.57190765757623,7.209364717372091],[80.57204357828759,7.209342147956405],[80.57220653388751,7.209315088048938],[80.57223521964283,7.209310323425352],[80.572281285139,7.209280348245786],[80.57241467468864,7.209193550327904],[80.57256287563484,7.209045678689107],[80.57279703099235,7.208734221487996],[80.57292187215268,7.208617424757504],[80.57303890704614,7.208555164882072],[80.57307438010807,7.208626158551216],[80.5731167958062,7.208711050835134],[80.57357707365908,7.208329610162473],[80.57367842853729,7.208212802795521],[80.5735966606673,7.208158337395932],[80.57353811746286,7.208119341359559],[80.57352502468243,7.208115595349978],[80.57341796194787,7.208084955236426],[80.57337444097952,7.208072499023949],[80.57337180384519,7.2080488041912],[80.5733510486304,7.207862239829431],[80.57340572354722,7.207722095219736],[80.5734135608847,7.207597474792578],[80.57320317797966,7.207270278409449],[80.5729849544703,7.207075473938585],[80.57265328122148,7.207468556414715],[80.57233763899313,7.207129726796252],[80.57224414351445,7.207075143794491],[80.57197113105867,7.206958168605422],[80.57160474107879,7.206841151447317],[80.57149551448066,7.206841102517541],[80.57118349677796,7.206942273546781],[80.57113680657689,7.206942252591071],[80.5710899760237,7.206942231567576],[80.57105885302444,7.206934445103192],[80.57099065999995,7.206910200842192],[80.57098210118026,7.206906291310141],[80.57097840604345,7.206905843828541],[80.57070788654526,7.206809664382093],[80.57049151330541,7.206809567005021],[80.57041940126794,7.206809534528823],[80.57016199231624,7.206918358155253],[80.57003126783022,7.207045366492458],[80.56986545152652,7.207206471080072],[80.56967225208238,7.207323243307156],[80.56964451342822,7.207330344921657],[80.56963918692483,7.207327140374317],[80.56962877961512,7.207312066354002],[80.56952137413482,7.207283500560974],[80.5694219854867,7.207242001405478],[80.56919764364498,7.207224019914295],[80.56907017710232,7.207218890803134],[80.56910954306564,7.206931328372862],[80.56911509146843,7.206908499032341],[80.56912475680619,7.206890456227836],[80.56888910740038,7.206587639173564],[80.56870039535822,7.20647832901015],[80.56854926976877,7.206394666530176],[80.56803847942815,7.206102040213731],[80.56782866353724,7.206093414278715],[80.567789846713,7.206093418277636],[80.56731734357854,7.206280411407895],[80.56706372995804,7.206401340021878],[80.56674815464065,7.206841824532235],[80.56661629802707,7.207107196097972],[80.56658102505955,7.207085942349376],[80.56659279329146,7.207112683478699],[80.56674483912523,7.207530320730337],[80.56675064384874,7.207548988213589],[80.56684358899997,7.207877681796248],[80.5668370638756,7.208238457866847],[80.56683222444497,7.208330036257916],[80.56679520884346,7.209030486323776],[80.56692731569072,7.209272020279234],[80.5670962207655,7.209513008571411],[80.56709584986197,7.209535908978844],[80.56709768290317,7.209572725814841],[80.5670910430476,7.209582151041013],[80.56708251873954,7.209605599339987],[80.56700034460843,7.209798144850074],[80.56693448696171,7.209834397133256],[80.56690093407987,7.209835142275772],[80.56663219551467,7.209958068481543],[80.56647714566392,7.210204719265024],[80.56646190315342,7.210498018502704],[80.56654162675294,7.210672616387034],[80.56657394607166,7.210743398380028],[80.56657781081582,7.210747232591419],[80.56671139327821,7.210781666463062],[80.5667210550757,7.210785491576897],[80.56673264381531,7.210791229271576],[80.56673651213788,7.210791224715994],[80.56683492604438,7.210850484532439],[80.56683492156591,7.210854316967562],[80.56681358249212,7.210936862834945],[80.56688266990008,7.211098371420989],[80.56688604411715,7.211103627873973],[80.5669052447591,7.211130590338191],[80.56691005363484,7.211141026393316],[80.56692590846879,7.211187615224977],[80.56693195309745,7.211198626983149],[80.56693397792516,7.211202317468418],[80.56693715096196,7.211221713514361],[80.56694670079041,7.211280055397662],[80.5669219876957,7.211406165434958],[80.56686740841556,7.211514170287048],[80.56687423588501,7.211514289168138],[80.56689814325317,7.211519834464215],[80.56691073254977,7.21153552989632],[80.56691708862232,7.21154863073787],[80.5669211790957,7.211561775755987],[80.56692975038416,7.211631265440565],[80.56693509632814,7.21163952056216],[80.56706356768413,7.211785908352034],[80.56707967251246,7.211806783430325],[80.56728927907587,7.211852997047851],[80.56744505192704,7.211821085808142],[80.56746250902825,7.211821487161904],[80.56758420188483,7.211841580336057],[80.56760425203083,7.211844680405898],[80.56765924997111,7.211860260451417],[80.56769857005038,7.211901330161094],[80.56770093593246,7.211907721952699],[80.5678031507048,7.211982634080345],[80.56783195175261,7.212037042876116],[80.5678366408489,7.212040182044257],[80.56792919719727,7.212103923399734],[80.56794452688113,7.212107156946983],[80.56794977701865,7.212107157533282],[80.56810154872825,7.212084600167795],[80.56812244967402,7.212084597034251],[80.56813290105204,7.212084596371842],[80.56822990220417,7.212040155179062],[80.56823826886827,7.212030751523278],[80.56833719167784,7.212009695561165],[80.56850167275708,7.212021531789272],[80.56851713713928,7.212021286523826],[80.56860809850834,7.21206819341286],[80.56862121040099,7.212198993282703],[80.56862164368212,7.212219858469701],[80.56861268509155,7.212258456390988],[80.56866486622826,7.212293579743812],[80.56867183414879,7.21229947354308],[80.56876614757012,7.212334923498736],[80.56878160101662,7.212340817534796],[80.56879598047186,7.212352802469439],[80.56891281459518,7.212400700414108],[80.56892302053059,7.212406792818046],[80.5689294820321,7.212419191037243],[80.5690234759836,7.212488186831342],[80.56903394259058,7.212494539790544],[80.56911008286211,7.212551114093323],[80.56912380215128,7.212557269579342],[80.56914817648615,7.212607413402278],[80.56915052974462,7.212613740071283],[80.56926397372989,7.212683587449493],[80.56927560141244,7.212683514045994],[80.56936715441545,7.212712210196328],[80.56943409474464,7.21271504205332],[80.56945742255517,7.21271488894009],[80.56946908374368,7.212714812833936],[80.56956226401317,7.212717472076851],[80.56962889804535,7.212756749903917],[80.56963409205424,7.21284056037396],[80.56963406606475,7.212843956021189],[80.56964233213102,7.21294049052451],[80.5696509328577,7.213021898897175],[80.56965348915291,7.213123599813813],[80.56967494494839,7.213233990593316],[80.56967806806206,7.21324794721511],[80.56968120111887,7.213261942726415],[80.56970769531583,7.213340115456667],[80.56971291493869,7.213355518103327],[80.56971611622518,7.213362830843766],[80.56977753010179,7.213465990797001],[80.5698295379725,7.21350630554823],[80.56983288494013,7.213513858898449],[80.56984288952243,7.213532746179099],[80.56987864260813,7.21358496596337],[80.56989831540471,7.213613700954589],[80.56996401845392,7.213561648201462],[80.57028830943412,7.213425135388771],[80.57046327661178,7.213351482817077],[80.57058019376413,7.21324259407461],[80.57060329653872,7.213209457241283],[80.57070506486896,7.213063487010982],[80.57066127699494,7.21302962283804],[80.5705031395899,7.212907318726592],[80.57048608573874,7.212894129011208],[80.57029940044328,7.212749746962998],[80.57029192897859,7.212743968711571]]]]}},{"type":"Feature","properties":{"GND_N":"Bambaradeniya","GND_NO":"63","GND_C":"475","PROVINCE_N":"CENTRAL","PROVINCE_C":"2","DISTRICT_N":"KANDY","DISTRICT_C":"1","DSD_N":"UDUNUWARA","DSD_C":"39","Admin_Code":"2139475","GND_NO_Cen":"63","GND_NAME_C":"Bambaradeniya","GND_NO_Gaz":"63","GND_NAME_G":"බඹරදෙණිde","shape_1":"Polygon","Area__Ha_":37.9073571341,"MWS_ID":"122","Alt_MWS":null,"Area":0.37907357134,"Density":1419.24956176,"Total_Pop":538.0},"geometry":{"type":"MultiPolygon","coordinates":[[[[80.56963409205424,7.21284056037396],[80.56962889804535,7.212756749903917],[80.56956226401317,7.212717472076851],[80.56946908374368,7.212714812833936],[80.56945742255517,7.21271488894009],[80.56943409474464,7.21271504205332],[80.56936715441545,7.212712210196328],[80.56927560141244,7.212683514045994],[80.56926397372989,7.212683587449493],[80.56915052974462,7.212613740071283],[80.56914817648615,7.212607413402278],[80.56912380215128,7.212557269579342],[80.56911008286211,7.212551114093323],[80.56903394259058,7.212494539790544],[80.5690234759836,7.212488186831342],[80.5689294820321,7.212419191037243],[80.56892302053059,7.212406792818046],[80.56891281459518,7.212400700414108],[80.56879598047186,7.212352802469439],[80.56878160101662,7.212340817534796],[80.56876614757012,7.212334923498736],[80.56867183414879,7.21229947354308],[80.56866486622826,7.212293579743812],[80.56861268509155,7.212258456390988],[80.56862164368212,7.212219858469701],[80.56862121040099,7.212198993282703],[80.56860809850834,7.21206819341286],[80.56851713713928,7.212021286523826],[80.56850167275708,7.212021531789272],[80.56833719167784,7.212009695561165],[80.56823826886827,7.212030751523278],[80.56822990220417,7.212040155179062],[80.56813290105204,7.212084596371842],[80.56812244967402,7.212084597034251],[80.56810154872825,7.212084600167795],[80.56794977701865,7.212107157533282],[80.56794452688113,7.212107156946983],[80.56792919719727,7.212103923399734],[80.5678366408489,7.212040182044257],[80.56783195175261,7.212037042876116],[80.5678031507048,7.211982634080345],[80.56770093593246,7.211907721952699],[80.56769857005038,7.211901330161094],[80.56765924997111,7.211860260451417],[80.56760425203083,7.211844680405898],[80.56758420188483,7.211841580336057],[80.56746250902825,7.211821487161904],[80.56744505192704,7.211821085808142],[80.56728927907587,7.211852997047851],[80.56707967251246,7.211806783430325],[80.56706356768413,7.211785908352034],[80.56693509632814,7.21163952056216],[80.56692975038416,7.211631265440565],[80.5669211790957,7.211561775755987],[80.56691708862232,7.21154863073787],[80.56691073254977,7.21153552989632],[80.56689814325317,7.211519834464215],[80.56687423588501,7.211514289168138],[80.56686740841556,7.211514170287048],[80.5669219876957,7.211406165434958],[80.56694670079041,7.211280055397662],[80.56693715096196,7.211221713514361],[80.56693397792516,7.211202317468418],[80.56693195309745,7.211198626983149],[80.56692590846879,7.211187615224977],[80.56691005363484,7.211141026393316],[80.5669052447591,7.211130590338191],[80.56688604411715,7.211103627873973],[80.56688266990008,7.211098371420989],[80.56681358249212,7.210936862834945],[80.56683492156591,7.210854316967562],[80.56683492604438,7.210850484532439],[80.56673651213788,7.210791224715994],[80.56673264381531,7.210791229271576],[80.5667210550757,7.210785491576897],[80.56671139327821,7.210781666463062],[80.56657781081582,7.210747232591419],[80.56657394607166,7.210743398380028],[80.56654162675294,7.210672616387034],[80.56646190315342,7.210498018502704],[80.56647714566392,7.210204719265024],[80.56663219551467,7.209958068481543],[80.56690093407987,7.209835142275772],[80.56693448696171,7.209834397133256],[80.56700034460843,7.209798144850074],[80.56708251873954,7.209605599339987],[80.5670910430476,7.209582151041013],[80.56709768290317,7.209572725814841],[80.56709584986197,7.209535908978844],[80.5670962207655,7.209513008571411],[80.56692731569072,7.209272020279234],[80.56679520884346,7.209030486323776],[80.56683222444497,7.208330036257916],[80.56608330341979,7.208240386981569],[80.56566957178939,7.208299705057979],[80.565370848592,7.208357141551145],[80.56520305065212,7.208272174409611],[80.56519926646736,7.208268474965496],[80.56496789207391,7.208135605456474],[80.56495659655879,7.208124543316938],[80.56494548053432,7.208120858566121],[80.56478284452747,7.207995976811616],[80.56458058547436,7.207990601119225],[80.5643940016064,7.208113627387011],[80.56401370043375,7.208131366037054],[80.56258708703623,7.208070540540412],[80.56179445183744,7.208076896295387],[80.56130664657107,7.208179947523152],[80.56070271298755,7.208377641158766],[80.56069317575607,7.208384438826388],[80.56034501753518,7.208484832923741],[80.56032643272653,7.208485487899125],[80.560320232659,7.208485706523083],[80.56017516903137,7.208561423049915],[80.56010216486436,7.208599527494538],[80.56010881347675,7.208661628220158],[80.56011049010189,7.208670029083574],[80.56011217114525,7.208676751562781],[80.56011553141894,7.208690201041811],[80.5601189066548,7.208696924322489],[80.56017146197861,7.208769411882926],[80.56018168208317,7.208779569325936],[80.56018508647432,7.208789737109903],[80.56018677313686,7.208845718782332],[80.56018677001582,7.208854210185639],[80.56019528804502,7.208947831273399],[80.56021611459636,7.209041384932897],[80.56021610383189,7.209043080495849],[80.56019898773715,7.20908572023301],[80.56017303625046,7.209119667247703],[80.56016786613006,7.209124770496722],[80.5601654331759,7.209155045408547],[80.56016699277916,7.209160080400751],[80.56017299818689,7.209190381911457],[80.56018132463078,7.209195369463234],[80.56023830190466,7.20922708047078],[80.56025016060627,7.209230385879463],[80.56026203741638,7.209233694913619],[80.56032010979033,7.209241767045556],[80.5603252630233,7.209241726074763],[80.5603749834457,7.209258510828234],[80.56041754910432,7.209323912948708],[80.5604209541326,7.209330843326663],[80.56043596957194,7.209398823256329],[80.56043754770988,7.209416351201662],[80.56044583785933,7.20946739126367],[80.56052338238396,7.209494195257443],[80.56056853876159,7.209536575939008],[80.560603091633,7.209548505538878],[80.56062045223585,7.209553609481172],[80.56063428685974,7.209560523077383],[80.56068279602974,7.209590146520127],[80.56072120866548,7.209648864759131],[80.56072298260632,7.209650651594441],[80.56072818236953,7.20966136642059],[80.56078076607052,7.209754700823378],[80.56078791704054,7.20976191510818],[80.56087100995579,7.209903006565271],[80.56091989839292,7.210017327177573],[80.56089976038359,7.210096941558795],[80.56092207698126,7.210159207007574],[80.5609368555156,7.210173038957614],[80.56094553345692,7.210183487747236],[80.56095169288379,7.210186923384525],[80.56101357865076,7.210221448090633],[80.56102602243251,7.210228390862121],[80.56110828114359,7.210262936910729],[80.56111100965492,7.210270126500083],[80.56113072898943,7.21026977587503],[80.56122018098908,7.210308274382643],[80.56124993879563,7.210426775590316],[80.56125669280779,7.210501914589154],[80.5613155360842,7.210692015912329],[80.561332267323,7.210708825734338],[80.56137162275759,7.210748364098968],[80.56141713816663,7.210832455842724],[80.56141812909866,7.210831800689196],[80.56180006133201,7.211299249797608],[80.56182330004964,7.211336221379436],[80.56214290677379,7.211844677309745],[80.56223633058946,7.212054971538235],[80.5623063163021,7.21245996294654],[80.56233978522938,7.212524621817631],[80.56242321920239,7.212685809487494],[80.56255581304086,7.212639245700541],[80.56270393520566,7.212670399506479],[80.56303834172891,7.212888634766821],[80.56320339020351,7.212996346467769],[80.56326532085647,7.213036761530931],[80.56345246601933,7.213122475429728],[80.56364741957816,7.213153652568024],[80.56368629040843,7.213153670666081],[80.5638423867613,7.213153742406118],[80.56399055544352,7.213083728733173],[80.56409191374415,7.212967063781633],[80.56418948890503,7.212768445490936],[80.56424804999034,7.21280351352273],[80.56454429102178,7.212865963781877],[80.56501572582883,7.212945626051706],[80.56547251714474,7.213022813236669],[80.5657919570685,7.213076791040819],[80.56611166586791,7.213186019859544],[80.56624102538144,7.213280045516274],[80.56628323066973,7.213310723516322],[80.5663455836296,7.213404149518115],[80.56636302662713,7.213478493966876],[80.56752633677704,7.213521819807329],[80.56768303023959,7.213606429295804],[80.56859328006949,7.214087161265429],[80.56892442594773,7.213751095443954],[80.56901331307638,7.213654971288188],[80.56932859969201,7.213535045427585],[80.56970769531583,7.213340115456667],[80.56968120111887,7.213261942726415],[80.56967806806206,7.21324794721511],[80.56967494494839,7.213233990593316],[80.56965348915291,7.213123599813813],[80.5696509328577,7.213021898897175],[80.56964233213102,7.21294049052451],[80.56963406606475,7.212843956021189],[80.56963409205424,7.21284056037396]]]]}},{"type":"Feature","properties":{"GND_N":"Hondiyadeniya","GND_NO":"51","GND_C":"590","PROVINCE_N":"CENTRAL","PROVINCE_C":"2","DISTRICT_N":"KANDY","DISTRICT_C":"1","DSD_N":"UDUNUWARA","DSD_C":"39","Admin_Code":"2139590","GND_NO_Cen":"51","GND_NAME_C":"Hondiyadeniya","GND_NO_Gaz":"51","GND_NAME_G":"හොඬියාදde","shape_1":"Polygon","Area__Ha_":76.1118982222,"MWS_ID":"122","Alt_MWS":null,"Area":0.76111898222,"Density":1648.88805734,"Total_Pop":1255.0},"geometry":{"type":"MultiPolygon","coordinates":[[[[80.58032399579129,7.19618916449032],[80.58064779865735,7.196050685788862],[80.58093626485615,7.196082035547],[80.58107661290838,7.196082094525961],[80.58108737590112,7.196076714886941],[80.58113901997106,7.196050895501973],[80.58118792820373,7.196042925917657],[80.58135351982158,7.196015945107675],[80.58157233593664,7.195932438002814],[80.5816693563834,7.19589541091702],[80.5819501006336,7.195786447555996],[80.5825585692489,7.1955453700981],[80.58283150024317,7.195514258086779],[80.58309546042734,7.19550293283431],[80.58336956030954,7.195491172211153],[80.58361938650711,7.195427130583296],[80.58391545123919,7.195351234731321],[80.58394097734019,7.195360242386988],[80.5842009787728,7.195452001958728],[80.58431309449942,7.195491568923954],[80.5846095064752,7.195468378364032],[80.58481842820315,7.195431008598152],[80.58485206091139,7.195420927911423],[80.58487996898185,7.195420000914536],[80.5848953804016,7.195419488288108],[80.58436474288598,7.194405905742845],[80.58409151661299,7.193884007226448],[80.58408698397629,7.193872867000856],[80.58394744053197,7.193591451127858],[80.58393793792607,7.19357562451377],[80.58392427138867,7.193543954537771],[80.58369999943177,7.193217652176904],[80.58366067499824,7.193075485242696],[80.58365744246761,7.193060452527555],[80.5836593910358,7.193045440982583],[80.5836587565104,7.19301059604122],[80.58365920584197,7.192791114207954],[80.58366155524436,7.192757464203962],[80.58358726191369,7.192565160548415],[80.58353864304192,7.19229610577012],[80.58354049398201,7.192278563034741],[80.5834594003327,7.191885519802541],[80.58345746872713,7.191873219538467],[80.58345666142944,7.191848725196438],[80.58335376152068,7.19176867709773],[80.58318005146788,7.191722448158332],[80.5831737394446,7.191722449113829],[80.58316320336573,7.191718270399341],[80.58300405191322,7.191653895421917],[80.58298532850478,7.191645639354313],[80.5828702184808,7.191572013794535],[80.58286410375983,7.191567955404609],[80.58285405009939,7.19155784102978],[80.58318639830097,7.190903279014013],[80.58325264388087,7.19086091674302],[80.58339350588544,7.190823748571059],[80.58340670830174,7.190824218039752],[80.5835425205323,7.19083202691756],[80.58355838825186,7.190835572140321],[80.58370844746128,7.190846839600415],[80.58382619942297,7.190847812393417],[80.58384852029975,7.190851618044856],[80.58385984119208,7.190852004418193],[80.58401083444002,7.190866418248979],[80.58403108309489,7.190867146576159],[80.58405104852427,7.190865282141269],[80.5842079502767,7.190846635189355],[80.58423142665173,7.190848005109248],[80.58449252774464,7.190818546465893],[80.58472410703716,7.190717650604763],[80.58473705449337,7.1907150489087],[80.5849399650457,7.190620042438891],[80.58494985983776,7.190613909958884],[80.58497647203166,7.190601837752141],[80.58501000826075,7.190589924880301],[80.58504403075031,7.190584437296125],[80.58507793917165,7.190572408823594],[80.58519063563506,7.19045268789223],[80.58520680600287,7.190453539259567],[80.58558393305154,7.190251089605341],[80.58559854355741,7.190242635914507],[80.58565112482295,7.19022322428675],[80.58608434336114,7.190005335742327],[80.58609631602229,7.189999554065593],[80.5864190059045,7.189777128506338],[80.58679352665807,7.189605716112584],[80.58680698166565,7.1895930957701],[80.5868565019689,7.189574572570414],[80.58857120057995,7.188593594531606],[80.58829180845603,7.188518256236836],[80.58809521307919,7.188459895760126],[80.58800294950537,7.188421699786458],[80.58782190281126,7.188420416287877],[80.58754288559884,7.188446378871826],[80.58688360957106,7.188603011874364],[80.58566697377815,7.188641817407265],[80.58497941802533,7.188637079818275],[80.58460408291397,7.188738470058246],[80.58424306980592,7.18888187276815],[80.58369017483119,7.189081970441515],[80.5832701745677,7.189065017004624],[80.5832135308505,7.189066521410291],[80.58245611693843,7.189040975975963],[80.58213597980348,7.189097748318666],[80.58211626014193,7.189098870341892],[80.58163253842494,7.189061711541582],[80.58109850293188,7.189066915567645],[80.5796212653051,7.189360227138885],[80.57912216872042,7.189266615096925],[80.57869332730603,7.189313200060125],[80.57825651398171,7.189468720953729],[80.57817358427852,7.18947303751432],[80.57810838396216,7.189476428487881],[80.57808462283684,7.189457497440389],[80.57804395251311,7.189469087496734],[80.57794451299877,7.18956212543848],[80.57743764842056,7.189764384932479],[80.57705550668067,7.189779762072482],[80.57687626723596,7.189752810858944],[80.57674356653881,7.189732856561299],[80.57644731287523,7.189724956723541],[80.57626392053932,7.18980668730795],[80.57547225905962,7.190324196353828],[80.57528227458077,7.190401686071112],[80.57512897161793,7.190464213823407],[80.5747584605563,7.190732798488502],[80.57466998793277,7.190805533453867],[80.57462584671943,7.190841821845003],[80.57490477049771,7.191087791497779],[80.57495720292266,7.191134029933971],[80.57507411043127,7.19135210369354],[80.57505673736962,7.191477154133433],[80.57505390695404,7.191497533199419],[80.57504274426009,7.191577882075718],[80.57493346383387,7.19171023054275],[80.57483277128071,7.191771704281675],[80.57479307843666,7.191795936646731],[80.57476192805723,7.191850322277276],[80.57476188678767,7.19194386170081],[80.57480075105147,7.192045047860072],[80.57491480320265,7.192165806391578],[80.57506575871702,7.192325639830397],[80.5751203110733,7.192458059393346],[80.57515905514151,7.193151141647099],[80.57520135035212,7.193447838081226],[80.5752290139996,7.193641899483506],[80.57524511593226,7.193666759551817],[80.57526438124549,7.193696508773782],[80.57527185265207,7.193708044648059],[80.57542493139087,7.193855131832382],[80.57567334435066,7.194093821572475],[80.57591994005269,7.194483671196359],[80.57590092802316,7.194545099506093],[80.57587031472349,7.194582526114694],[80.5758693790222,7.194601881436051],[80.57584084605901,7.194768180465672],[80.57572629248268,7.195123167417572],[80.5757249481861,7.195140958112426],[80.57571965965549,7.195154589991956],[80.57571759696339,7.195294791530269],[80.57571685128241,7.195304116389966],[80.57582892490625,7.195351079890207],[80.57584116110449,7.195356113180949],[80.57589547255442,7.195357907589301],[80.57598871276417,7.195337805924479],[80.57610631606565,7.195341631033423],[80.57613580879574,7.195342590737267],[80.57617078715563,7.195297513797744],[80.57624242668825,7.195295169504575],[80.57630970536674,7.195315755549727],[80.57632167315101,7.195377514819763],[80.57628149418795,7.195475323103587],[80.57628130688003,7.19548537074758],[80.57630547423356,7.195598599309727],[80.57635177832475,7.195689904542564],[80.57653648186401,7.195702418467809],[80.57654906787295,7.195702674452655],[80.57655201463744,7.195706026186283],[80.57674182725877,7.195647259560971],[80.57677054200305,7.19564454198367],[80.57688632089264,7.1955985398314],[80.57690247596022,7.195589175562492],[80.57706394707057,7.195547058263037],[80.57708019389946,7.195547351094446],[80.57721480107537,7.195572241857426],[80.57732137900624,7.195599775435681],[80.57737805155818,7.195600453879533],[80.57741497795247,7.195604219171326],[80.57742853593439,7.195607717485641],[80.57752219807314,7.19566252013193],[80.57752593473394,7.195669310367945],[80.57752952647633,7.195740670589957],[80.57753005894097,7.195750967231352],[80.5775307700855,7.195764731957804],[80.57749847294632,7.195805626855162],[80.57749175738054,7.195808972577679],[80.57739092633666,7.195862751162261],[80.57738589791002,7.195865551416449],[80.57738032697156,7.195987107402866],[80.57742696093817,7.196111608785983],[80.57750381001225,7.196229397976927],[80.57754388776893,7.196290824885827],[80.57754714969086,7.196294084511056],[80.57773098492852,7.196477843902071],[80.57787900822397,7.196727155192452],[80.57790896296811,7.197057008686343],[80.5779101263745,7.197069817758094],[80.57795278391761,7.197052175183088],[80.57812768143874,7.196979845105121],[80.5782299319815,7.196937559784331],[80.57851067337023,7.19683637016586],[80.578565287956,7.196828623077345],[80.57886556667582,7.196700313448297],[80.57890698947615,7.196685935692996],[80.57949296153838,7.196482543194653],[80.57957137951595,7.196455324787498],[80.57999262154763,7.196330880737027],[80.58032399579129,7.19618916449032]]]]}},{"type":"Feature","properties":{"GND_N":"Ambarapola","GND_NO":"59","GND_C":"380","PROVINCE_N":"CENTRAL","PROVINCE_C":"2","DISTRICT_N":"KANDY","DISTRICT_C":"1","DSD_N":"UDUNUWARA","DSD_C":"39","Admin_Code":"2139380","GND_NO_Cen":"59","GND_NAME_C":"Ambarapola","GND_NO_Gaz":"59","GND_NAME_G":"අඹරපොල","shape_1":"Polygon","Area__Ha_":24.7747137915,"MWS_ID":"122","Alt_MWS":null,"Area":0.24774713792,"Density":5550.0136614,"Total_Pop":1375.0},"geometry":{"type":"MultiPolygon","coordinates":[[[[80.57262693954125,7.223025390820042],[80.57279844177137,7.222986468400558],[80.57281744021961,7.222987548476324],[80.57289462204047,7.222991933506859],[80.57290138479893,7.222914407000527],[80.57291453711677,7.222763656494378],[80.57293967981347,7.22234493195331],[80.5729361117617,7.2218573680901],[80.57293420534504,7.221843815353169],[80.57302670898613,7.221559357384386],[80.57326208800714,7.221419742847637],[80.57359411876703,7.221338030269922],[80.57382928159639,7.221309176202639],[80.57422128038921,7.221067110690074],[80.57470662047608,7.220692035940077],[80.57487269076574,7.220455745207969],[80.57497992900443,7.220000285914122],[80.57497578173617,7.219470105503315],[80.5751251805346,7.218910644536289],[80.57516407771844,7.218757957395362],[80.57547968056012,7.21880438044902],[80.57553001859435,7.218525083168719],[80.5757799288761,7.217785359789559],[80.57585026789442,7.217419287948438],[80.57584249800864,7.217068867839093],[80.57578812942026,7.216835279547243],[80.57564041622582,7.216559151576542],[80.57560887134751,7.216500183450363],[80.5754918990661,7.216414506222354],[80.57508643797405,7.216320930309342],[80.57486816555206,7.216227295606653],[80.57461868939448,7.215985850370793],[80.57442933075872,7.215725910551355],[80.57425745399613,7.215848060172063],[80.57408539583021,7.216015532428867],[80.57408535475379,7.216020348730814],[80.57403442640224,7.216120877476404],[80.57396465308074,7.216258608140215],[80.57386718364886,7.216563137934685],[80.57377574843574,7.216833108806815],[80.57359057820764,7.217081024578435],[80.57327558062718,7.217438935349116],[80.57309886401947,7.217639727797758],[80.57289742005655,7.217782118287861],[80.57253306848149,7.217942423476323],[80.57243235501726,7.218069097612712],[80.57216300518077,7.218230720893813],[80.57210599667535,7.218250083651798],[80.57198248414757,7.218337689719384],[80.57151568861683,7.218475337901159],[80.57143186102925,7.218479054943921],[80.5710425560746,7.218496312263839],[80.57091386694117,7.218654991221845],[80.57096579825796,7.218916674712149],[80.57100919380329,7.219315679118453],[80.57111245577222,7.219344332289733],[80.57115224590699,7.219509834039656],[80.57119797875882,7.219710070932086],[80.57118696084295,7.219809416339363],[80.57110557357407,7.219921175124398],[80.57104289905368,7.220070791014613],[80.57101255857043,7.22023132191342],[80.57092272855903,7.220470385556201],[80.57090459586804,7.220557648971992],[80.57090645467953,7.22062436024781],[80.57096676750915,7.220695924101191],[80.57094803600138,7.220739629681561],[80.57092002666062,7.220804984621716],[80.57091990011591,7.221085318518665],[80.57093409752359,7.221224494439591],[80.57095089046324,7.221389121328893],[80.57097037240037,7.221486483748475],[80.57100542205396,7.221576082497246],[80.57100538261089,7.221661482147097],[80.571005301063,7.221840183244693],[80.57100067239031,7.221861399728171],[80.5708725581292,7.222214686703879],[80.57087663413975,7.222334499646977],[80.57088023827751,7.222440482870928],[80.57095811359302,7.222627454551824],[80.57096585705894,7.222713084681437],[80.57096163983212,7.222721496418065],[80.57100068203766,7.222815142813994],[80.57103327790654,7.222922577830606],[80.5710256192208,7.222956050776586],[80.57127214213403,7.222850528220072],[80.57160014577347,7.222866938535653],[80.5717602989347,7.222902700514637],[80.57188435891439,7.222967977183107],[80.57204718994916,7.223124372481845],[80.57207620703369,7.223125801614753],[80.57215479991505,7.223129671949954],[80.57236423639317,7.223121736341401],[80.572530464614,7.223077321642081],[80.57262693954125,7.223025390820042]]]]}},{"type":"Feature","properties":{"GND_N":"Embekka","GND_NO":"70","GND_C":"375","PROVINCE_N":"CENTRAL","PROVINCE_C":"2","DISTRICT_N":"KANDY","DISTRICT_C":"1","DSD_N":"UDUNUWARA","DSD_C":"39","Admin_Code":"2139375","GND_NO_Cen":"70","GND_NAME_C":"Embekka","GND_NO_Gaz":"70","GND_NAME_G":"ඇම්බැක්","shape_1":"Polygon","Area__Ha_":36.638281558,"MWS_ID":"122","Alt_MWS":null,"Area":0.36638281558,"Density":2628.39838292,"Total_Pop":963.0},"geometry":{"type":"MultiPolygon","coordinates":[[[[80.57095811359302,7.222627454551824],[80.57088023827751,7.222440482870928],[80.57087663413975,7.222334499646977],[80.5708725581292,7.222214686703879],[80.57100067239031,7.221861399728171],[80.571005301063,7.221840183244693],[80.57100538261089,7.221661482147097],[80.57100542205396,7.221576082497246],[80.57097037240037,7.221486483748475],[80.57095089046324,7.221389121328893],[80.57093409752359,7.221224494439591],[80.57091990011591,7.221085318518665],[80.57092002666062,7.220804984621716],[80.57094803600138,7.220739629681561],[80.57096676750915,7.220695924101191],[80.57090645467953,7.22062436024781],[80.57090459586804,7.220557648971992],[80.57092272855903,7.220470385556201],[80.57101255857043,7.22023132191342],[80.57104289905368,7.220070791014613],[80.57110557357407,7.219921175124398],[80.57118696084295,7.219809416339363],[80.57119797875882,7.219710070932086],[80.57115224590699,7.219509834039656],[80.57111245577222,7.219344332289733],[80.57100919380329,7.219315679118453],[80.57094396601974,7.219488810254817],[80.57083477686665,7.219403133542104],[80.57071784002139,7.219239458072678],[80.57058529073997,7.219184858910253],[80.57057393671333,7.219162113280784],[80.5705022245547,7.219216628508932],[80.57044385049973,7.219451814131662],[80.57039406938348,7.219613875341849],[80.57029834309256,7.21963940040007],[80.57013933236658,7.219613177946887],[80.57000725120099,7.219578567543275],[80.5698792470191,7.219511362437627],[80.56978802711006,7.219272383490329],[80.56982069008322,7.219130986067613],[80.5698471438922,7.218865777694754],[80.56982624640861,7.218621932855076],[80.56984240963025,7.218369156700629],[80.56981215495594,7.218240109808801],[80.56974694093451,7.218102939112069],[80.56968280049767,7.217976625051356],[80.56953311767504,7.217809925847577],[80.56943951918807,7.217946151966939],[80.56923670317654,7.218086227880448],[80.56908855135694,7.218117246058175],[80.56891694227117,7.21808608269195],[80.56877060909669,7.218018954866801],[80.5687297913522,7.218000228986642],[80.56841792723107,7.21775098048587],[80.5682861742635,7.217606020359575],[80.56810624484382,7.217408052394629],[80.56812192909058,7.217143266949472],[80.56809467391813,7.217030357704721],[80.56798953042481,7.216761562613774],[80.56784528662261,7.21660197227596],[80.56771671791016,7.216504558989421],[80.56756461563306,7.216516075394061],[80.5675214430184,7.216564060578763],[80.56742801118993,7.216667908693364],[80.5671315319208,7.217111728751735],[80.56707515227106,7.217220672329839],[80.56688172818302,7.217594426102235],[80.56666690566718,7.21782413257318],[80.56655402319717,7.217944835901994],[80.56638234708214,7.218053696539847],[80.56607045917393,7.21816263452003],[80.56596123530235,7.218154813518938],[80.56570391615321,7.218053383990202],[80.56550900816343,7.217920898640737],[80.56539205196579,7.217803991492915],[80.56531694870218,7.217748144110742],[80.5650568419683,7.217554729960633],[80.56481524499375,7.217414308253835],[80.56469117616032,7.217404746527166],[80.5646123608209,7.217398672854401],[80.56437068963982,7.217422015609521],[80.56416013393527,7.217468545459305],[80.56372334695216,7.217507340298582],[80.5634230167063,7.217705723725032],[80.56340346090965,7.217771981911992],[80.56321614892468,7.218036686108039],[80.56318198945071,7.218109407751029],[80.56332644670931,7.218206940032621],[80.56350048766129,7.218284512729684],[80.56350084255509,7.21829241017127],[80.56387786444179,7.218503273893501],[80.56407603664425,7.218637575478898],[80.56422603009153,7.218557465199134],[80.56447889512256,7.21845025274383],[80.56472422280206,7.218318980386213],[80.56493021839093,7.218263260458512],[80.56496522336703,7.21825877685856],[80.5650330910365,7.218426946215295],[80.56499205493513,7.218666218410003],[80.56497832900858,7.218746252802812],[80.56485339894463,7.219042070158489],[80.56466612073876,7.219236691492401],[80.56464806440849,7.219283879585201],[80.56450222104695,7.219665029796878],[80.56441629322633,7.219758387197977],[80.56439063362045,7.219769600392089],[80.56437673983578,7.219795604399702],[80.56422539090786,7.219934923306415],[80.5642005964087,7.220283425536072],[80.56436414448206,7.220599470336875],[80.56476705137605,7.220331025143784],[80.56499642466702,7.220227052510855],[80.56514250843139,7.220033778396379],[80.56525051173837,7.220266871718747],[80.56539499099777,7.220801917727707],[80.56557952178652,7.221607271955798],[80.56562300020235,7.222003274457031],[80.56570782569825,7.222325670425257],[80.5658390978338,7.222546036342711],[80.56605755311126,7.222718413996622],[80.56618122803464,7.222784126984318],[80.56847721846258,7.22244678246366],[80.56863839240569,7.222489004524511],[80.56881603999895,7.222532703515454],[80.56902632903767,7.222578838995856],[80.56926486770195,7.222629437278941],[80.56960277756947,7.222733513934271],[80.56970035834799,7.222839179824501],[80.56980391705979,7.223059466989615],[80.56990799373573,7.223265999918699],[80.56994597746178,7.223414953990328],[80.57002331968108,7.223596842488896],[80.57010805830821,7.223706904633411],[80.57019035865862,7.223774388366189],[80.57037587272582,7.223983283858389],[80.57034707540771,7.224016359297718],[80.57054422542173,7.223941742923613],[80.57064290096746,7.223782174347161],[80.57076540760173,7.223638000489355],[80.57086161986035,7.223484661396895],[80.57091233002429,7.223335348547708],[80.5709867097043,7.223126106431752],[80.5710256192208,7.222956050776586],[80.57103327790654,7.222922577830606],[80.57100068203766,7.222815142813994],[80.57096163983212,7.222721496418065],[80.57096585705894,7.222713084681437],[80.57095811359302,7.222627454551824]]]]}},{"type":"Feature","properties":{"GND_N":"Eladetta West","GND_NO":"53","GND_C":"385","PROVINCE_N":"CENTRAL","PROVINCE_C":"2","DISTRICT_N":"KANDY","DISTRICT_C":"1","DSD_N":"UDUNUWARA","DSD_C":"39","Admin_Code":"2139385","GND_NO_Cen":"53","GND_NAME_C":"Eladetta West","GND_NO_Gaz":"53","GND_NAME_G":"එලදැත්ත","shape_1":"Polygon","Area__Ha_":29.5423870098,"MWS_ID":"122","Alt_MWS":null,"Area":0.2954238701,"Density":5206.07897896,"Total_Pop":1538.0},"geometry":{"type":"MultiPolygon","coordinates":[[[[80.58040746241674,7.221064748537129],[80.58054540345375,7.220864081291345],[80.58071151742197,7.220683720459669],[80.58079178757161,7.220486131971844],[80.5808301766618,7.220437114366129],[80.5808573428423,7.220402428778919],[80.58074262698909,7.220369299291088],[80.58027861403751,7.220209434510621],[80.57991606418288,7.220010614857454],[80.57953792530671,7.219874240309856],[80.57910118483701,7.219796197552025],[80.5791012106879,7.21973654608331],[80.57910131648633,7.219492408582985],[80.57919515496822,7.219095261813822],[80.57921081170299,7.218877245501409],[80.57915632697696,7.218581204511949],[80.57907401067304,7.218493067164467],[80.57904714816058,7.218464304125282],[80.57890092588794,7.218365126511075],[80.57882889655552,7.218316271093038],[80.57872040620624,7.218190742968011],[80.57869462448404,7.218160912394115],[80.57868083308311,7.218144955411108],[80.57860293996403,7.21798906947101],[80.57856279369582,7.217822341900517],[80.57853921664525,7.217724427254738],[80.57850831901152,7.217596104939053],[80.57850167814205,7.217568524418068],[80.57835047671917,7.217225958393053],[80.57831551195338,7.217146740699496],[80.5780250607988,7.217272643794892],[80.57796203541727,7.217333688555024],[80.57779798868262,7.217516727862556],[80.57772546628276,7.217457067441714],[80.57769094786595,7.217384454931064],[80.57755156695768,7.217269786440686],[80.57740768998087,7.217176386074247],[80.57726860173717,7.217266642762787],[80.57720828673065,7.217511366214109],[80.57713747072142,7.217753146084303],[80.57704706925917,7.218023586523004],[80.57699278705971,7.218118385374066],[80.57689136688931,7.218217648968684],[80.57680530408953,7.218222395121151],[80.5766905944256,7.218317530139817],[80.57668575103953,7.218323160927777],[80.57659101255396,7.218469992833071],[80.5765746841734,7.218484474437447],[80.57649852942417,7.218578174869105],[80.57649028262549,7.218597221315185],[80.5763744858416,7.218707544453522],[80.57636670768522,7.218711035274334],[80.57628626176354,7.218868202324851],[80.57626375490794,7.218963193153207],[80.5761268387675,7.218945198967627],[80.57600993951081,7.218903892446376],[80.57586485047062,7.218860510798533],[80.57571250873701,7.218818025699174],[80.57558668633142,7.218816199748728],[80.57549613101894,7.218806799465328],[80.57547968056012,7.21880438044902],[80.57516407771844,7.218757957395362],[80.5751251805346,7.218910644536289],[80.57497578173617,7.219470105503315],[80.57497992900443,7.220000285914122],[80.57487269076574,7.220455745207969],[80.57470662047608,7.220692035940077],[80.57422128038921,7.221067110690074],[80.57382928159639,7.221309176202639],[80.57359411876703,7.221338030269922],[80.57326208800714,7.221419742847637],[80.57302670898613,7.221559357384386],[80.57293420534504,7.221843815353169],[80.5729361117617,7.2218573680901],[80.57293967981347,7.22234493195331],[80.57291453711677,7.222763656494378],[80.57290138479893,7.222914407000527],[80.57289462204047,7.222991933506859],[80.57293879540448,7.222994442751754],[80.57343800369392,7.222916669828195],[80.57364692129211,7.222833323557345],[80.57369088560753,7.222821292345883],[80.57370557836865,7.222809922738925],[80.57375004235804,7.2227921837821],[80.57388267110206,7.222675531487709],[80.57415041257268,7.222669720716755],[80.57423356636076,7.222667915498389],[80.57441735772622,7.222725914793286],[80.57452994370092,7.222761444045171],[80.5747326153175,7.222948469409479],[80.574896269727,7.223057483115295],[80.57504438837141,7.22310431725418],[80.57512929021573,7.223130492691868],[80.57530116547514,7.222904873376966],[80.57535541484523,7.222851679036124],[80.5754536497075,7.22269119491512],[80.57556451437142,7.222474285092037],[80.57567830385426,7.222322923138148],[80.57578680514912,7.222216355300205],[80.57596606285563,7.222142099431336],[80.57608380512814,7.222098929048074],[80.57627148900919,7.222030116139285],[80.57642789217059,7.221924409243311],[80.57648816270238,7.221839033241386],[80.57652027284836,7.22159133149032],[80.57671780822989,7.22141808651646],[80.5767646394322,7.221320954074852],[80.57692257707728,7.221169848924791],[80.57723187581617,7.220988370937158],[80.57732650749709,7.220889837722624],[80.57742873972454,7.220711422539399],[80.57761701805768,7.220677202535752],[80.57771128898572,7.220543871482181],[80.5778964010126,7.22052325974957],[80.57797983372504,7.220597377469566],[80.57814445581273,7.220634326497033],[80.57814872807471,7.220630189355651],[80.57827507990821,7.220654739085355],[80.57834194786507,7.220791416499657],[80.57835037288831,7.220799725278511],[80.57846862606684,7.220996403800635],[80.57846113695673,7.220995252087477],[80.57839873060759,7.221018540675868],[80.57832073971075,7.221088589450449],[80.57797737559524,7.221672563355304],[80.57796600028493,7.221683104396048],[80.57799104556221,7.222037889792931],[80.57820850147702,7.222446520531054],[80.57837465329054,7.2227008167662],[80.57837460582483,7.22280989834345],[80.57842136352711,7.222981171088352],[80.5785079412854,7.223126985064241],[80.57856939451564,7.223230483914867],[80.57860050764447,7.223588827620625],[80.57870946758892,7.223884752057689],[80.57871792157002,7.223897417776514],[80.57877182362793,7.223978175524483],[80.57892781141834,7.224149637493649],[80.5789690235948,7.224232037367146],[80.57904439570764,7.224298694528994],[80.57918427680642,7.224328507503196],[80.57945667245559,7.224275377979704],[80.57952253004441,7.22416872211445],[80.57960344309511,7.224072292265579],[80.579780996477,7.224009134496366],[80.57991687599295,7.223923610660877],[80.5799131024165,7.223649416998061],[80.5798919120261,7.223423039919705],[80.57988116844561,7.223233051083534],[80.57992009090323,7.223109286786904],[80.5799575083631,7.222937237458026],[80.57998413284555,7.222739854842194],[80.57994269399362,7.222601361915065],[80.5799603767509,7.222333830433987],[80.57997978999995,7.222141715893253],[80.57999411035514,7.221937433562639],[80.58017408144042,7.221721116571163],[80.58032415385229,7.221582078387],[80.58039931733137,7.221409330817937],[80.58040746241674,7.221064748537129]]]]}},{"type":"Feature","properties":{"GND_N":"Werawala East","GND_NO":"69","GND_C":"355","PROVINCE_N":"CENTRAL","PROVINCE_C":"2","DISTRICT_N":"KANDY","DISTRICT_C":"1","DSD_N":"UDUNUWARA","DSD_C":"39","Admin_Code":"2139355","GND_NO_Cen":"69","GND_NAME_C":"Werawala East","GND_NO_Gaz":"69","GND_NAME_G":"වේරවල නැ","shape_1":"Polygon","Area__Ha_":39.7354099309,"MWS_ID":"122","Alt_MWS":null,"Area":0.39735409931,"Density":1437.00543418,"Total_Pop":571.0},"geometry":{"type":"MultiPolygon","coordinates":[[[[80.55439685234279,7.215315635455931],[80.55465079265616,7.215107754787985],[80.55501380842776,7.21511544652802],[80.55515639977197,7.21509844328845],[80.55549027272116,7.215023523357299],[80.55583685470226,7.214854559145693],[80.5559157802614,7.214777589561235],[80.55607437507581,7.214622926360763],[80.55617587475683,7.214523946040655],[80.5564085271777,7.214424583956316],[80.5564655710078,7.214379205488733],[80.55669840142873,7.214193984332686],[80.55675304178152,7.214139611382341],[80.55676659474966,7.21413549608721],[80.556932331281,7.214085158155586],[80.55699473775233,7.214061732330905],[80.5571273671373,7.213945084908044],[80.55740846212628,7.213431179769194],[80.55742406906327,7.213345419571707],[80.55750987834797,7.213197522204887],[80.55765808996549,7.213041884025372],[80.5577922426011,7.21297106627442],[80.55818865446116,7.212761803886491],[80.55825777150156,7.21269847782469],[80.55828003414832,7.212678081957749],[80.55827528882249,7.212671472857018],[80.5582120627748,7.212629421533198],[80.55798587259892,7.212535771497587],[80.55771739845778,7.212352449455415],[80.55766636081431,7.212317598523112],[80.5576447456614,7.2123171097999],[80.55731533892803,7.212309658786484],[80.55719835258432,7.212262833054648],[80.5570737527436,7.212161462433723],[80.55701141310682,7.212044720496333],[80.55696952613714,7.212007096767939],[80.55693334683535,7.21197460136439],[80.55680856836247,7.211951085619939],[80.55669167549227,7.212005569735273],[80.55665629913052,7.212005552725447],[80.55662149776607,7.212005535989408],[80.55656294101937,7.211970466096632],[80.55636289235643,7.211849226724766],[80.55622279169033,7.211771712961028],[80.55621135878818,7.211764152908508],[80.55611618587544,7.211647149968289],[80.55585408636448,7.2111168309357],[80.55570949933472,7.210723020546047],[80.55563097610793,7.210509144895034],[80.55560870794078,7.21047736146584],[80.55557710685845,7.210432254053282],[80.55551557180569,7.210409191732215],[80.5551150154088,7.210432030572472],[80.55496114416837,7.210301112509462],[80.55481493884699,7.210116508763294],[80.5546917360515,7.210054984478726],[80.55456850157074,7.210054924688944],[80.55446555168503,7.210011244828546],[80.55431444804843,7.209947131443124],[80.55396029004608,7.209700820740204],[80.55384489763433,7.20957769351723],[80.55378083495305,7.209550254721369],[80.55376398526437,7.209543037415334],[80.55369121477558,7.2094702915209],[80.55354464933869,7.209323778241676],[80.55356783938873,7.209062248967893],[80.55366877723006,7.208671588801202],[80.55369164904454,7.208583070528316],[80.55369896120087,7.208554771227635],[80.55363749703847,7.208385468498274],[80.55330637263253,7.208200772345656],[80.55310619182949,7.208162241765026],[80.55307131607209,7.208161281543452],[80.55304257137016,7.208160491610384],[80.55264351216809,7.208149511775597],[80.55253630064352,7.208146561909194],[80.55230542474116,7.208092614774084],[80.5520566895199,7.208254440714152],[80.55159664402753,7.208553743238524],[80.55140797533332,7.208695936091053],[80.55104969745048,7.209061014615249],[80.55084156252214,7.209368516761577],[80.55063348999558,7.209553087967081],[80.55035624319898,7.209706681452103],[80.55024139689255,7.209731423329681],[80.55019232517328,7.209741995663639],[80.55013142994483,7.209755114081064],[80.54991017203025,7.209802781511146],[80.54978628235907,7.209829471180617],[80.54972397359477,7.209848101469114],[80.54960554517812,7.209883513984071],[80.54976350467915,7.209938269158942],[80.54988009926187,7.210028992302496],[80.54992955412675,7.210067473167785],[80.54994365958116,7.210084838239057],[80.54997185068983,7.210122977590257],[80.55009803576736,7.21032270912747],[80.55038533308732,7.210598563109811],[80.55040939902749,7.210628908926558],[80.55069423453021,7.211089727501815],[80.5506942510321,7.211096632762456],[80.55085003908526,7.21126423348553],[80.55086059846991,7.211274643599173],[80.55116697552648,7.211837038333922],[80.55117771804096,7.211869038748601],[80.55119382313673,7.211911696295665],[80.55130571364593,7.212225783965868],[80.55132705824035,7.212284524392822],[80.55133229177513,7.212327304991137],[80.55143453187489,7.21247200301225],[80.55152644662215,7.213111961498787],[80.55152639617046,7.213144470236831],[80.55154769313809,7.213554941713301],[80.55163107616423,7.214158842334096],[80.55172640098927,7.214225331023631],[80.55189113482285,7.214340233076169],[80.55216975170602,7.214555675243411],[80.55247483346899,7.214828032536641],[80.55273980610166,7.214974511917998],[80.55292096848459,7.215129632360407],[80.55325451761635,7.215381893203399],[80.55345468468398,7.215564123761252],[80.5536565789656,7.215723648046029],[80.55410253706775,7.216046073653726],[80.55414823595852,7.215943503699016],[80.55415986645427,7.215917401245775],[80.55425380509858,7.215706562734699],[80.55427673700142,7.215655097380488],[80.55428082716003,7.215645917083495],[80.55435029577811,7.215353748161085],[80.55439685234279,7.215315635455931]]]]}},{"type":"Feature","properties":{"GND_N":"Boowelikada1","GND_NO":"58","GND_C":"460","PROVINCE_N":"CENTRAL","PROVINCE_C":"2","DISTRICT_N":"KANDY","DISTRICT_C":"1","DSD_N":"UDUNUWARA","DSD_C":"39","Admin_Code":"2139460","GND_NO_Cen":"58","GND_NAME_C":"Boowelikada","GND_NO_Gaz":"58","GND_NAME_G":"බුවැලිකka","shape_1":"Polygon","Area__Ha_":16.5310069677,"MWS_ID":"122","Alt_MWS":null,"Area":0.16531006968,"Density":6787.24533957,"Total_Pop":1122.0},"geometry":{"type":"MultiPolygon","coordinates":[[[[80.57442933075872,7.215725910551355],[80.57449795698103,7.215677139250809],[80.57450409019563,7.21568700339132],[80.57455313704327,7.215636862450311],[80.57469577311369,7.215515914280899],[80.57487181910226,7.215398833139036],[80.57504250717298,7.21528971014835],[80.575242844953,7.215111746477903],[80.57548995286717,7.214881385331186],[80.57562090509306,7.21466276150508],[80.57566624899829,7.214403131457074],[80.5757457810457,7.214062042279895],[80.57556903598582,7.213813107499661],[80.57556434032213,7.213580227360604],[80.57556970159143,7.213387705284936],[80.575197272993,7.213274744926703],[80.57508638111868,7.213238452495837],[80.57506908383102,7.213232792072355],[80.57490543730921,7.213179213193306],[80.5748661055693,7.213154570755025],[80.57483823061966,7.213213266752581],[80.57482576466164,7.213229164336021],[80.57481511799425,7.213242744087358],[80.57469779713928,7.213392369021656],[80.57455536131589,7.213481855683832],[80.5744872071301,7.213524672376367],[80.57435799422079,7.21356762302692],[80.57434440963495,7.213529049377047],[80.57418413671878,7.213192556747805],[80.57402558186006,7.212904835724446],[80.57359303297079,7.212669246492438],[80.57319191476368,7.212531138482666],[80.57300855096291,7.212455912896033],[80.5723602314391,7.212306633532247],[80.57174309482816,7.212206950185081],[80.5710802053675,7.212239044968968],[80.5708453027621,7.21233346891198],[80.57084574566123,7.212339258461677],[80.57082230940107,7.212541725973248],[80.57071439497653,7.213021961078513],[80.57070506486896,7.213063487010982],[80.57060329653872,7.213209457241283],[80.57059226151989,7.213280658021948],[80.5707237959445,7.213461406107823],[80.57081905199371,7.213704506732848],[80.57095215970587,7.213908902091879],[80.5710892657292,7.214132604278515],[80.57113919405492,7.214252823098931],[80.57113675209415,7.214397077376562],[80.57107631458707,7.214547637522057],[80.57104708479972,7.214643655067507],[80.57114106923095,7.214757625962692],[80.57107864056934,7.214831568110831],[80.57105526042623,7.214909411787596],[80.57098487331791,7.215057318737795],[80.5710004951785,7.215244262438667],[80.57101248352967,7.215271847271576],[80.57110072943692,7.215254072167211],[80.57117339755689,7.215246812520318],[80.57128314574167,7.215253318541846],[80.57139433281576,7.21528190917445],[80.57152565906877,7.215365740043996],[80.57174630806729,7.215473858896321],[80.57188450816655,7.215616278037039],[80.57216328807178,7.215790592402286],[80.5724829741537,7.215875534479806],[80.57292496457922,7.215748185935457],[80.57327707835853,7.215595235051267],[80.5734591041004,7.215756045949221],[80.57369942069643,7.215904816529696],[80.57388631995886,7.216043772411559],[80.57403442640224,7.216120877476404],[80.57408535475379,7.216020348730814],[80.57408539583021,7.216015532428867],[80.57425745399613,7.215848060172063],[80.57442933075872,7.215725910551355]]]]}}]}