{
"type": "FeatureCollection",
"name": "SED_PPL_MWS_112_2",
"crs": { "type": "name", "properties": { "name": "urn:ogc:def:crs:OGC:1.3:CRS84" } },
"xy_coordinate_resolution": 1e-15,
"features": [
{ "type": "Feature", "properties": { "GND_N": "Wegiriya", "GND_NO": "421", "GND_C": "365", "PROVINCE_N": "CENTRAL", "PROVINCE_C": "2", "DISTRICT_N": "KANDY", "DISTRICT_C": "1", "DSD_N": "HARISPATTUWA", "DSD_C": "33", "Admin_Code": "2133365", "GND_NO_Cen": "421", "GND_NAME_C": "Wegiriya", "GND_NO_Gaz": "421", "GND_NAME_G": "වේගිරිය", "shape_1": "Polygon", "Area__Ha_": 46.7238818915, "MWS_ID": "112-2", "Alt_MWS": null, "Area": 0.46723881892000002, "Tot_Pop": 1442.0, "Density": 3086.21617388 }, "geometry": { "type": "MultiPolygon", "coordinates": [ [ [ [ 80.619299190581231, 7.315888353020032 ], [ 80.619333982340066, 7.315853549532621 ], [ 80.619547368408774, 7.315854437705823 ], [ 80.619627565440709, 7.315846120709309 ], [ 80.619669916558706, 7.315841729679054 ], [ 80.61977491951437, 7.315799317353312 ], [ 80.61971917703346, 7.315648769742005 ], [ 80.620021183224466, 7.315469426801686 ], [ 80.620062381236664, 7.315277840370308 ], [ 80.620060163400893, 7.315277075466256 ], [ 80.619981329269635, 7.31524985938599 ], [ 80.619955699643839, 7.315241010943727 ], [ 80.619852373597553, 7.315194222679084 ], [ 80.619709106984345, 7.31513783400875 ], [ 80.619599900435929, 7.315077298258095 ], [ 80.61948671196086, 7.314997228179986 ], [ 80.619438202423964, 7.314956454418032 ], [ 80.619377787123838, 7.314905674928178 ], [ 80.619269492285525, 7.314825697835479 ], [ 80.61914725391081, 7.314727809777158 ], [ 80.618994581740537, 7.314624688719836 ], [ 80.618985440700058, 7.314618513669593 ], [ 80.618861845093406, 7.31451972075986 ], [ 80.618700846030052, 7.314413679418148 ], [ 80.618593643068422, 7.314317515548891 ], [ 80.618492685599691, 7.314230124663624 ], [ 80.618370905310883, 7.314123464833575 ], [ 80.618263888692056, 7.314012919844013 ], [ 80.618199968981372, 7.313945437423546 ], [ 80.618115779311736, 7.313826765310756 ], [ 80.618028689140104, 7.313714509992472 ], [ 80.617955651869181, 7.313564279831628 ], [ 80.617879355328, 7.313405367217407 ], [ 80.617789911765755, 7.313268823292981 ], [ 80.618217552528151, 7.313067786286211 ], [ 80.619681850293915, 7.312945574781209 ], [ 80.619857817924341, 7.312827564840679 ], [ 80.620022604679704, 7.312643789223781 ], [ 80.620197129828782, 7.312526877371459 ], [ 80.620219353430628, 7.312356983946738 ], [ 80.620310217188646, 7.312182023966676 ], [ 80.620429840161606, 7.312071608506052 ], [ 80.620599068951947, 7.312039313794294 ], [ 80.62078126949315, 7.312071905341233 ], [ 80.621040199151636, 7.31213079955166 ], [ 80.621606498050312, 7.311680037030357 ], [ 80.62201278192785, 7.311615592856644 ], [ 80.623591448821841, 7.31111822544262 ], [ 80.623574153573415, 7.310837904962672 ], [ 80.623428072943298, 7.310515160711152 ], [ 80.623247236432746, 7.310052860868863 ], [ 80.62310700436386, 7.309467242425608 ], [ 80.623022144718021, 7.308754108137759 ], [ 80.622920446524788, 7.308778797172418 ], [ 80.621444194287548, 7.309137165722129 ], [ 80.621244720836941, 7.309328999083437 ], [ 80.621138690296561, 7.309532490225237 ], [ 80.620995068923293, 7.309668710031298 ], [ 80.619798313747026, 7.309875396690151 ], [ 80.618453403081134, 7.310205379586121 ], [ 80.6176684641039, 7.310581942885387 ], [ 80.617328590647929, 7.310516098508138 ], [ 80.617233364392291, 7.310611199267428 ], [ 80.616867884452432, 7.310709767453224 ], [ 80.616646249119086, 7.310631927204605 ], [ 80.616580389150741, 7.310521245379973 ], [ 80.616421051456172, 7.310463167092484 ], [ 80.616533137162932, 7.310073733126734 ], [ 80.616551046989471, 7.310011507237642 ], [ 80.616334069919418, 7.310043605355626 ], [ 80.616190762201001, 7.309958475970208 ], [ 80.615925484889232, 7.309814935015532 ], [ 80.615839267093861, 7.309731214832465 ], [ 80.61575722273966, 7.309688298212183 ], [ 80.615161872509304, 7.308886970378233 ], [ 80.614983992965577, 7.30869803522432 ], [ 80.614799087304988, 7.308460695640783 ], [ 80.613195810540446, 7.309311022989173 ], [ 80.612917977627674, 7.309731362046934 ], [ 80.613245412515028, 7.310012196597645 ], [ 80.613436551396276, 7.310381008221699 ], [ 80.613894369673091, 7.31120423612537 ], [ 80.613861818818435, 7.31127349389576 ], [ 80.613622451520129, 7.311536646133698 ], [ 80.613404353495355, 7.311847656133282 ], [ 80.61336256701712, 7.311876874384335 ], [ 80.613143619222413, 7.312190009047085 ], [ 80.613200846602396, 7.312284714647452 ], [ 80.613223656424154, 7.312326049479321 ], [ 80.613261499341704, 7.312367118458085 ], [ 80.613327957236777, 7.312428363705117 ], [ 80.613391611195112, 7.312476766847925 ], [ 80.613478630019671, 7.312534584063502 ], [ 80.61349963316583, 7.3125579226294 ], [ 80.61350594655174, 7.312628821242368 ], [ 80.613507353310681, 7.312748279976688 ], [ 80.613493105386084, 7.312826224713121 ], [ 80.613468082343687, 7.312883772653035 ], [ 80.613459294137385, 7.312903983328514 ], [ 80.613416321313053, 7.313019990581735 ], [ 80.613415398826234, 7.313063757535013 ], [ 80.613418712245348, 7.313170285445083 ], [ 80.613431792026091, 7.313311632490587 ], [ 80.613452066631751, 7.313353508975163 ], [ 80.613499855950124, 7.313440249656414 ], [ 80.613540666519427, 7.313545162462669 ], [ 80.613578032970906, 7.313656766756476 ], [ 80.613596931381636, 7.313739878883571 ], [ 80.613619110139211, 7.313770904430749 ], [ 80.613653428011077, 7.31378990714938 ], [ 80.613732317011184, 7.313793823209199 ], [ 80.613816100735804, 7.313777034325553 ], [ 80.613896451788165, 7.313737726178424 ], [ 80.61389694551174, 7.313737423415371 ], [ 80.61396285535622, 7.31369696701409 ], [ 80.614039671084171, 7.313668509184692 ], [ 80.61408069623144, 7.313663685038207 ], [ 80.614105608949785, 7.313660755026159 ], [ 80.61419264876028, 7.313658797787786 ], [ 80.614231954004893, 7.313663876014223 ], [ 80.61426736000881, 7.313684417294742 ], [ 80.61431407599467, 7.313736700003038 ], [ 80.614375183089564, 7.31381856215375 ], [ 80.614434473024033, 7.313911364787137 ], [ 80.614526994952783, 7.314025701720156 ], [ 80.614562314290453, 7.314040544943367 ], [ 80.614628339578971, 7.314044186748053 ], [ 80.614655326874171, 7.314055046239366 ], [ 80.614709011452788, 7.314120085675554 ], [ 80.614746664949124, 7.314190002585956 ], [ 80.614779875851326, 7.314265160136376 ], [ 80.614851196657966, 7.31440300214646 ], [ 80.614887143773458, 7.314430234499968 ], [ 80.614946999859569, 7.314465342836137 ], [ 80.615038144034997, 7.314505123133704 ], [ 80.61505503479583, 7.314512496522886 ], [ 80.615127220745535, 7.314511344949911 ], [ 80.615244604754494, 7.314499722339439 ], [ 80.615279844868084, 7.314478031698954 ], [ 80.61530820500893, 7.314446663475754 ], [ 80.615324940886708, 7.314406042806445 ], [ 80.615338936402139, 7.314372068677719 ], [ 80.615358601051298, 7.314342413708818 ], [ 80.615429988767602, 7.314293970450337 ], [ 80.615615072591154, 7.314164810902365 ], [ 80.615678585643892, 7.314102074117784 ], [ 80.615739370511619, 7.314070175746456 ], [ 80.615810748968997, 7.314047412776842 ], [ 80.615913464207338, 7.314027283425439 ], [ 80.615999153776613, 7.313999641386756 ], [ 80.616150693168692, 7.313964789232348 ], [ 80.616225050747417, 7.313969246731681 ], [ 80.616304923132901, 7.313999388341029 ], [ 80.61638289092491, 7.314039387051689 ], [ 80.61647570524994, 7.314102178510298 ], [ 80.616506666953455, 7.314138270219103 ], [ 80.616586154380798, 7.314237408947211 ], [ 80.616688360276527, 7.314373723408085 ], [ 80.616737160668961, 7.314426011130945 ], [ 80.616809509856523, 7.314472698706802 ], [ 80.616921346068466, 7.314533234246014 ], [ 80.616998150851188, 7.314532991021661 ], [ 80.617099769822872, 7.314534473821343 ], [ 80.617125761082448, 7.314544882472252 ], [ 80.617144050258958, 7.314562612339426 ], [ 80.617172652628653, 7.314609013112226 ], [ 80.617230513978086, 7.314650813180476 ], [ 80.617295622219018, 7.31468935940906 ], [ 80.617319249703797, 7.314717310665162 ], [ 80.617349750623404, 7.314783787591637 ], [ 80.617376371926923, 7.314802878649971 ], [ 80.617453984610734, 7.314823250996684 ], [ 80.617510758973438, 7.314860439612747 ], [ 80.617562729172008, 7.314913720384188 ], [ 80.617629729664415, 7.31499031933778 ], [ 80.617646202526757, 7.315009153601826 ], [ 80.617715097228313, 7.315095087410825 ], [ 80.617790152332304, 7.315176771351005 ], [ 80.617837854824685, 7.315255824993051 ], [ 80.617859943763506, 7.315285764239384 ], [ 80.6178910978646, 7.315295631177491 ], [ 80.617966360880061, 7.315299005359326 ], [ 80.618020058962628, 7.315332662438061 ], [ 80.618053647295923, 7.31536920802088 ], [ 80.61809374942311, 7.315429268633836 ], [ 80.618103055519398, 7.315496551938381 ], [ 80.618104297753817, 7.315569710371141 ], [ 80.618108285565768, 7.315819299001494 ], [ 80.618111732011855, 7.315921614697853 ], [ 80.618116173416851, 7.316053426346585 ], [ 80.618136255644146, 7.316121073344906 ], [ 80.61816729788687, 7.316188998193194 ], [ 80.618206039307296, 7.316257920473194 ], [ 80.618297999506495, 7.316430944718577 ], [ 80.618294077356126, 7.316509255855713 ], [ 80.618273672280793, 7.316584214390208 ], [ 80.618244845402415, 7.316655192850199 ], [ 80.618242373842065, 7.31672681266361 ], [ 80.61821636389584, 7.316797347193177 ], [ 80.618216717161445, 7.316797248748287 ], [ 80.61828954582208, 7.316772406010683 ], [ 80.618412935679729, 7.316687535365316 ], [ 80.618440760118204, 7.316652009684499 ], [ 80.618491314740268, 7.316587457556347 ], [ 80.618561350265509, 7.316520925493879 ], [ 80.618618339154452, 7.316471660108317 ], [ 80.618722329205795, 7.316430822068493 ], [ 80.61882677585794, 7.3163818463541 ], [ 80.618927964085103, 7.316326628891441 ], [ 80.619004536395423, 7.316215245682765 ], [ 80.619038597263582, 7.31615981936695 ], [ 80.619058819907877, 7.316126914370435 ], [ 80.619125143330621, 7.316053507323691 ], [ 80.619207598349391, 7.315954607300271 ], [ 80.619299190581231, 7.315888353020032 ] ] ] ] } },
{ "type": "Feature", "properties": { "GND_N": "Bogahakanda", "GND_NO": "438", "GND_C": "400", "PROVINCE_N": "CENTRAL", "PROVINCE_C": "2", "DISTRICT_N": "KANDY", "DISTRICT_C": "1", "DSD_N": "HARISPATTUWA", "DSD_C": "33", "Admin_Code": "2133400", "GND_NO_Cen": "438", "GND_NAME_C": "Bogahakanda", "GND_NO_Gaz": "438", "GND_NAME_G": "බෝගහකන්n", "shape_1": "Polygon", "Area__Ha_": 37.8692163933, "MWS_ID": "112-2", "Alt_MWS": null, "Area": 0.37869216393, "Tot_Pop": 630.0, "Density": 1663.6203756 }, "geometry": { "type": "MultiPolygon", "coordinates": [ [ [ [ 80.60113115298401, 7.297663332180863 ], [ 80.601853136991409, 7.297379531655554 ], [ 80.602979800234323, 7.297567183943966 ], [ 80.603261012251608, 7.297230533472449 ], [ 80.603511755075317, 7.296261109559145 ], [ 80.603680161457149, 7.295847629543982 ], [ 80.603751444663217, 7.295672612902881 ], [ 80.604361236503621, 7.293676776445108 ], [ 80.604433619579879, 7.293133556399556 ], [ 80.604556242494439, 7.292669423963471 ], [ 80.604658282787454, 7.292386210058227 ], [ 80.604720450335748, 7.292213668445715 ], [ 80.604633836034012, 7.292226922458925 ], [ 80.603830544677649, 7.292086882054335 ], [ 80.603722713951569, 7.292140853030288 ], [ 80.603315939197458, 7.292195808371089 ], [ 80.602708280002943, 7.292218732714944 ], [ 80.602058869967962, 7.292453200644464 ], [ 80.601440384212566, 7.292799949557486 ], [ 80.600963476987275, 7.292964451663012 ], [ 80.600522102817763, 7.293100434553804 ], [ 80.599317306975038, 7.293380575383475 ], [ 80.59922027957856, 7.293456590037843 ], [ 80.59919011439429, 7.293472583448819 ], [ 80.599159046467378, 7.293483423793188 ], [ 80.599138033036098, 7.293485765834144 ], [ 80.599125626567798, 7.293482596818031 ], [ 80.599115486360631, 7.293476443590681 ], [ 80.599078272421593, 7.29345074592557 ], [ 80.599060796198003, 7.293444771584158 ], [ 80.599040960533713, 7.293446119350866 ], [ 80.598976922411822, 7.293464090729468 ], [ 80.598927556911732, 7.293477906263108 ], [ 80.598912705572772, 7.293475910969171 ], [ 80.598292916204002, 7.293965327521025 ], [ 80.597699669917432, 7.294447872845041 ], [ 80.597427834240847, 7.294530477233245 ], [ 80.597420093041791, 7.294549722225335 ], [ 80.597410650105701, 7.294609944965337 ], [ 80.59741597142515, 7.294665743378453 ], [ 80.597417833717913, 7.294763228720038 ], [ 80.597408021545675, 7.294843255515477 ], [ 80.59740583577954, 7.294851031642607 ], [ 80.597455893556045, 7.294964567523118 ], [ 80.598020882485386, 7.295972294833067 ], [ 80.598864517238425, 7.297377262230364 ], [ 80.59831905596981, 7.297592226106401 ], [ 80.598404688806255, 7.298163409380094 ], [ 80.59844627000642, 7.29844197771627 ], [ 80.59867096593301, 7.298708955347021 ], [ 80.598908352516929, 7.298978350531403 ], [ 80.599045593607968, 7.299168907274364 ], [ 80.599754272998752, 7.299391247008527 ], [ 80.600121550894713, 7.299506475496257 ], [ 80.600127939459099, 7.299490625585394 ], [ 80.600135311726945, 7.299395767243094 ], [ 80.600142877167968, 7.299274773760049 ], [ 80.600175448955795, 7.299124944624566 ], [ 80.60020873149189, 7.299012644272295 ], [ 80.600252063313263, 7.298910021147701 ], [ 80.600300836235334, 7.298791758436749 ], [ 80.600355756407495, 7.298700264533728 ], [ 80.600451792344884, 7.298612132553321 ], [ 80.600542931919762, 7.298543079406553 ], [ 80.600566850310358, 7.298521655866909 ], [ 80.600597204480309, 7.298486310396125 ], [ 80.600635441365952, 7.298442556177551 ], [ 80.600696878470373, 7.29835866180122 ], [ 80.600736837365702, 7.298311744092097 ], [ 80.600760031530143, 7.298291768046609 ], [ 80.600781410330768, 7.298277397963515 ], [ 80.600872721032232, 7.298231404501321 ], [ 80.600901528734497, 7.298213420092441 ], [ 80.600918745103797, 7.298194164253267 ], [ 80.600956258303285, 7.298148059444982 ], [ 80.601007733829235, 7.298061538680263 ], [ 80.601032945545626, 7.29797482595104 ], [ 80.601045109938156, 7.297904566444033 ], [ 80.60106270934871, 7.297827255493639 ], [ 80.601101503838223, 7.297744436526506 ], [ 80.60113115298401, 7.297663332180863 ] ] ] ] } },
{ "type": "Feature", "properties": { "GND_N": "Pallemulla", "GND_NO": "432", "GND_C": "390", "PROVINCE_N": "CENTRAL", "PROVINCE_C": "2", "DISTRICT_N": "KANDY", "DISTRICT_C": "1", "DSD_N": "HARISPATTUWA", "DSD_C": "33", "Admin_Code": "2133390", "GND_NO_Cen": "432", "GND_NAME_C": "Pallemulla", "GND_NO_Gaz": "432", "GND_NAME_G": "පල්ලෙමුl", "shape_1": "Polygon", "Area__Ha_": 41.496647246899997, "MWS_ID": "112-2", "Alt_MWS": null, "Area": 0.41496647247000001, "Tot_Pop": 1149.0, "Density": 2768.8983959699999 }, "geometry": { "type": "MultiPolygon", "coordinates": [ [ [ [ 80.611396391849624, 7.30192888122166 ], [ 80.611456372846973, 7.301731509417212 ], [ 80.61203387334163, 7.301961942569455 ], [ 80.612185244784527, 7.301833345326994 ], [ 80.612211784949025, 7.301801539828969 ], [ 80.612751912747825, 7.301383804622555 ], [ 80.613127723908363, 7.301236469799879 ], [ 80.613212533792776, 7.301203219428404 ], [ 80.613258474135833, 7.301185207862336 ], [ 80.613272251320794, 7.300948143755019 ], [ 80.613141779630794, 7.300843378446717 ], [ 80.613100777671193, 7.300839919137768 ], [ 80.613019062659703, 7.300833025029406 ], [ 80.612994750996492, 7.300836292520134 ], [ 80.613016094660566, 7.300506208328349 ], [ 80.613814877187792, 7.300521861562716 ], [ 80.613822749254638, 7.300517310331518 ], [ 80.613941296226315, 7.300427671549338 ], [ 80.613956176926479, 7.300414400843794 ], [ 80.61397142199246, 7.300405374158029 ], [ 80.61405869548048, 7.300356075860053 ], [ 80.614399682724141, 7.300281456821792 ], [ 80.61462166585531, 7.30027848165109 ], [ 80.614831803994875, 7.300243853371637 ], [ 80.615136957947897, 7.300114987245687 ], [ 80.615467575546745, 7.299888575682416 ], [ 80.615753931443251, 7.299706752830308 ], [ 80.61537915253119, 7.298654837368187 ], [ 80.614707757256042, 7.297191917821408 ], [ 80.61433645585457, 7.296860628454769 ], [ 80.614275727517324, 7.29674422388832 ], [ 80.614235274953018, 7.296654683459991 ], [ 80.614230089898172, 7.296644727041133 ], [ 80.614229737832332, 7.296644050496778 ], [ 80.614026686855553, 7.296685148651735 ], [ 80.613992939576576, 7.296682197542597 ], [ 80.613480939171708, 7.296593855543413 ], [ 80.613439395620986, 7.296591440546428 ], [ 80.612901852206036, 7.296421737665767 ], [ 80.612308921266461, 7.296352194439497 ], [ 80.611808183287579, 7.29637164474136 ], [ 80.611387301711176, 7.296425715919532 ], [ 80.610949305224779, 7.296500056697624 ], [ 80.610815243643927, 7.29624439577719 ], [ 80.610693636199386, 7.295966555046506 ], [ 80.610681250835967, 7.295947440794591 ], [ 80.610449629878303, 7.295689597170464 ], [ 80.61020623584362, 7.295440329119196 ], [ 80.610017238966137, 7.295303499274939 ], [ 80.609902674889995, 7.295371019299644 ], [ 80.609794350327391, 7.295454770198376 ], [ 80.609753849439642, 7.295503519752998 ], [ 80.609749509314241, 7.295508743209736 ], [ 80.609746447668613, 7.295512427111515 ], [ 80.609802014866659, 7.295565556350327 ], [ 80.609854115347588, 7.295640189511111 ], [ 80.609652195848241, 7.295739513221568 ], [ 80.609643961075477, 7.295806537047167 ], [ 80.609608830560987, 7.295868189340688 ], [ 80.609385340237665, 7.296209758421235 ], [ 80.609013327270119, 7.29659998984784 ], [ 80.608596355549565, 7.297185134666777 ], [ 80.607981539644612, 7.298699486712546 ], [ 80.608059447328628, 7.299787719964815 ], [ 80.60810756646103, 7.299848168764817 ], [ 80.608264507587904, 7.300009978762131 ], [ 80.608223875721535, 7.300259946101132 ], [ 80.608090185805253, 7.300591101338397 ], [ 80.607859901733136, 7.301008336238626 ], [ 80.607854645738229, 7.301304272434766 ], [ 80.60785274260418, 7.301411476690244 ], [ 80.608047316856556, 7.301647323324906 ], [ 80.608059281877075, 7.301657125894015 ], [ 80.60808180788851, 7.301672454065302 ], [ 80.608229287895554, 7.301834237941547 ], [ 80.608281066953197, 7.301803068759853 ], [ 80.608344460460046, 7.301764910929314 ], [ 80.608500726109853, 7.301670830342732 ], [ 80.608524038171595, 7.301654862710953 ], [ 80.608631089914851, 7.301581534686304 ], [ 80.608793424975701, 7.301481217471991 ], [ 80.60895067996141, 7.30141010725998 ], [ 80.609128946611364, 7.301334844082318 ], [ 80.609285288958375, 7.301284623687949 ], [ 80.609298177128835, 7.301281591811505 ], [ 80.609387005775019, 7.301260697318199 ], [ 80.609409320507993, 7.301252361577378 ], [ 80.609459560584199, 7.301233594186177 ], [ 80.609581452857611, 7.301267370586862 ], [ 80.609723814925061, 7.301305222963744 ], [ 80.609822949027347, 7.301334269540615 ], [ 80.609877402198833, 7.301350223419441 ], [ 80.609992882691316, 7.301377930385331 ], [ 80.610038962777821, 7.301388987078296 ], [ 80.6101632124399, 7.301418422639048 ], [ 80.610279479214697, 7.301485112463543 ], [ 80.610374097207028, 7.301554597635916 ], [ 80.610495430472085, 7.301633586868612 ], [ 80.610585752252376, 7.301653035400646 ], [ 80.610615335161953, 7.301659404407576 ], [ 80.610714505593478, 7.301666403926492 ], [ 80.610876907672818, 7.30165118077952 ], [ 80.610880077880211, 7.301655308270645 ], [ 80.610962355731957, 7.301762441213537 ], [ 80.611052482388871, 7.301881749822374 ], [ 80.611086375854043, 7.301926617409601 ], [ 80.611182706351102, 7.302056353959622 ], [ 80.611206824740748, 7.302088837165441 ], [ 80.611223233210183, 7.302103442216043 ], [ 80.611278606194233, 7.30206153632193 ], [ 80.611396391849624, 7.30192888122166 ] ] ] ] } },
{ "type": "Feature", "properties": { "GND_N": "Mapamadulla", "GND_NO": "450", "GND_C": "215", "PROVINCE_N": "CENTRAL", "PROVINCE_C": "2", "DISTRICT_N": "KANDY", "DISTRICT_C": "1", "DSD_N": "HARISPATTUWA", "DSD_C": "33", "Admin_Code": "2133215", "GND_NO_Cen": "450", "GND_NAME_C": "Mapamadulla", "GND_NO_Gaz": "450", "GND_NAME_G": "මාපාමඩුul", "shape_1": "Polygon", "Area__Ha_": 43.112767531300001, "MWS_ID": "112-2", "Alt_MWS": null, "Area": 0.43112767531000001, "Tot_Pop": 1050.0, "Density": 2435.47343426 }, "geometry": { "type": "MultiPolygon", "coordinates": [ [ [ [ 80.591212817330145, 7.32560219021484 ], [ 80.591300418696704, 7.325283051762979 ], [ 80.591303262332147, 7.325266396631071 ], [ 80.591309056872021, 7.325236526368296 ], [ 80.591308566017645, 7.325223217583854 ], [ 80.591320601415873, 7.325161781678892 ], [ 80.59132859212184, 7.325088569220735 ], [ 80.59133944589415, 7.32505260334221 ], [ 80.591369404058284, 7.32498658638396 ], [ 80.591377454025348, 7.324956342666475 ], [ 80.59141129727729, 7.324845406199557 ], [ 80.591418979974748, 7.324820627919243 ], [ 80.591421374273992, 7.324804176068941 ], [ 80.591429170365856, 7.324787754471206 ], [ 80.591490762757914, 7.324715997342118 ], [ 80.591542361759167, 7.324680387302134 ], [ 80.591558386946446, 7.324662753701334 ], [ 80.591572158695357, 7.324662638178858 ], [ 80.591580419932356, 7.324662571034732 ], [ 80.59163238279686, 7.32465611847855 ], [ 80.591678730072928, 7.324649738669305 ], [ 80.591689675030409, 7.32464960389744 ], [ 80.591708820554231, 7.324649368494838 ], [ 80.591834219408554, 7.324623328148849 ], [ 80.591991574326769, 7.324551147192391 ], [ 80.591999601424035, 7.324545581800461 ], [ 80.592090806717792, 7.324511247605125 ], [ 80.592160977759306, 7.324482207599726 ], [ 80.592180033316026, 7.3244716513637 ], [ 80.592192170298944, 7.324469108011911 ], [ 80.592276139023156, 7.324416429803897 ], [ 80.592297108289998, 7.324406121219258 ], [ 80.59235803145269, 7.324362351778768 ], [ 80.592366817504953, 7.324354681479726 ], [ 80.592380093397921, 7.324344520764606 ], [ 80.592445611228158, 7.324294381491309 ], [ 80.592523038824012, 7.324259033282267 ], [ 80.592588921354022, 7.324267087654316 ], [ 80.59261282355348, 7.324209891388856 ], [ 80.59267196977585, 7.324068356392938 ], [ 80.592702426431643, 7.324007509423789 ], [ 80.592730625293257, 7.323935086490112 ], [ 80.592767516761612, 7.323870805800141 ], [ 80.592823872848541, 7.323821002748502 ], [ 80.592889106513397, 7.323776627299493 ], [ 80.592932767243312, 7.323741526596328 ], [ 80.592963422985846, 7.323711992888285 ], [ 80.59299968547289, 7.323517779367542 ], [ 80.593003286467365, 7.323478363296224 ], [ 80.593006918503121, 7.323462728522039 ], [ 80.593013347054836, 7.323148738240978 ], [ 80.593013285521153, 7.323126430035884 ], [ 80.593013204799121, 7.323093447464153 ], [ 80.593013129806025, 7.32306417795107 ], [ 80.593009492891568, 7.323027469118783 ], [ 80.592978840819057, 7.322919575437068 ], [ 80.592811670516028, 7.322869441645446 ], [ 80.592753609246259, 7.322294403351975 ], [ 80.592787197002608, 7.321389422367991 ], [ 80.592886680412235, 7.320702400929219 ], [ 80.592901575388041, 7.320672868934285 ], [ 80.592931371639963, 7.320591719220669 ], [ 80.592946248942013, 7.320319430530258 ], [ 80.592522514105937, 7.320323432022983 ], [ 80.592492832066284, 7.320309127441628 ], [ 80.592122895615432, 7.320200465668929 ], [ 80.592056357934112, 7.320163753700108 ], [ 80.591974937469274, 7.320023155047187 ], [ 80.591816476310811, 7.319886331925608 ], [ 80.591784254791833, 7.319858509682817 ], [ 80.591635885980509, 7.319946883992534 ], [ 80.591606286859886, 7.319946908928695 ], [ 80.591458469481978, 7.319910138205719 ], [ 80.59143628767454, 7.319902777138735 ], [ 80.59140670609284, 7.319895412127921 ], [ 80.591362320747592, 7.319880682744548 ], [ 80.591229001548541, 7.319777549502669 ], [ 80.591184510006926, 7.319748039272 ], [ 80.591169664012284, 7.319733284032431 ], [ 80.591125128318311, 7.319593465432887 ], [ 80.591110438042236, 7.319534980107045 ], [ 80.5911030790148, 7.319513062269752 ], [ 80.590959615823394, 7.319315717497894 ], [ 80.59078676336766, 7.31958191931598 ], [ 80.590582428363845, 7.319844312727932 ], [ 80.590362165924091, 7.320030201096152 ], [ 80.590077685959528, 7.320204109756405 ], [ 80.589947145999005, 7.320316311944444 ], [ 80.589758134055117, 7.320315273308082 ], [ 80.58861821195427, 7.319818327105851 ], [ 80.588222407354593, 7.320166352733812 ], [ 80.58813151384561, 7.320443603886819 ], [ 80.588126528485887, 7.320448501300716 ], [ 80.588138881916151, 7.320748252975511 ], [ 80.588132906515881, 7.320777098552245 ], [ 80.588092312935288, 7.320949406798547 ], [ 80.588087335591808, 7.32095893151809 ], [ 80.588063702068013, 7.320992226101366 ], [ 80.587846108870224, 7.32116340134605 ], [ 80.587782937612687, 7.321220334039524 ], [ 80.58775860886189, 7.321244032787567 ], [ 80.587568084774034, 7.321432804242675 ], [ 80.587529125355374, 7.321470407689517 ], [ 80.587338899410014, 7.321572308498674 ], [ 80.587320315959005, 7.321586679066638 ], [ 80.587064862917927, 7.32174235550148 ], [ 80.587072728006234, 7.321755863622333 ], [ 80.587073704153497, 7.321767145173893 ], [ 80.587007226910742, 7.321864617031305 ], [ 80.586880721537725, 7.321964191440286 ], [ 80.586850416534446, 7.321979692856006 ], [ 80.586835296814058, 7.321991317597559 ], [ 80.586824054698283, 7.322006811661328 ], [ 80.58672068485518, 7.322092202773934 ], [ 80.586701252801404, 7.32209988927726 ], [ 80.586693555494278, 7.322111593101202 ], [ 80.586675376946687, 7.322136479010503 ], [ 80.585961653100583, 7.322093292270932 ], [ 80.585824649123623, 7.323611649528324 ], [ 80.585818391935604, 7.32369362346201 ], [ 80.585766528301505, 7.324070059684966 ], [ 80.585683907008246, 7.324354211739487 ], [ 80.585658246934216, 7.32478618213109 ], [ 80.585638686888615, 7.324911415735632 ], [ 80.585629534999853, 7.324963353023936 ], [ 80.585460315823042, 7.325047883950027 ], [ 80.585506597726351, 7.325146482189639 ], [ 80.585576673718393, 7.325263342895525 ], [ 80.585592276638309, 7.325289360784934 ], [ 80.585645889906871, 7.325378769007194 ], [ 80.585737912076439, 7.325495365888711 ], [ 80.585763117833764, 7.325527304672112 ], [ 80.585957491150623, 7.325731127469314 ], [ 80.585968279426822, 7.325741696062046 ], [ 80.586068578003491, 7.325839962607302 ], [ 80.586207980017591, 7.325972432703512 ], [ 80.586257901330939, 7.325936605544356 ], [ 80.586334726029023, 7.325855215747485 ], [ 80.586422778516976, 7.325830877517489 ], [ 80.586638554669349, 7.325602471882954 ], [ 80.586674316256904, 7.325595133190644 ], [ 80.586847125204088, 7.325411148435776 ], [ 80.587585596323478, 7.325480447795209 ], [ 80.588044866370552, 7.325283964022003 ], [ 80.58849150181571, 7.325351623188793 ], [ 80.589208997131806, 7.326109393489238 ], [ 80.589218695400106, 7.326142855711525 ], [ 80.589272290698915, 7.326275174346685 ], [ 80.589290331745545, 7.326328148495647 ], [ 80.589308437959474, 7.326389931455529 ], [ 80.589371073535403, 7.326522142607414 ], [ 80.5893975274181, 7.326530900890554 ], [ 80.589424233840035, 7.32656613265439 ], [ 80.589539705052189, 7.326671773887262 ], [ 80.589584395886092, 7.326698214270234 ], [ 80.589602250675711, 7.326707023230564 ], [ 80.589629120206283, 7.326733433605495 ], [ 80.589736194595872, 7.32680377196126 ], [ 80.589771696858605, 7.326803771309883 ], [ 80.589930886028682, 7.326786199822347 ], [ 80.58994858236214, 7.326786199918763 ], [ 80.590134384896857, 7.326759803468523 ], [ 80.59016980204953, 7.326750996678471 ], [ 80.59022299339874, 7.326750987936668 ], [ 80.590453767905188, 7.326671561009822 ], [ 80.590471544873807, 7.326662749620921 ], [ 80.590542678359938, 7.32655690989889 ], [ 80.590542687485438, 7.326539252543245 ], [ 80.590587114350114, 7.326415860175675 ], [ 80.590613748603431, 7.326371854372374 ], [ 80.59061373604581, 7.326327807728174 ], [ 80.590702607516931, 7.326177961213063 ], [ 80.590862159023871, 7.326052346498294 ], [ 80.590893164503484, 7.326025420182154 ], [ 80.590934379401574, 7.325998622863598 ], [ 80.591010459763851, 7.325976201339737 ], [ 80.591021680047277, 7.325976188778778 ], [ 80.591035690003764, 7.32597617374908 ], [ 80.591044086196135, 7.325976163641853 ], [ 80.591102283660874, 7.325973494596209 ], [ 80.591106209513441, 7.325961593816508 ], [ 80.591109226645443, 7.325941562102071 ], [ 80.591136156541879, 7.32588110355373 ], [ 80.591142536404888, 7.325857338464126 ], [ 80.59117949142717, 7.325714634341402 ], [ 80.591201059964234, 7.325648265790566 ], [ 80.5912098906891, 7.32561366096007 ], [ 80.591212817330145, 7.32560219021484 ] ] ] ] } },
{ "type": "Feature", "properties": { "GND_N": "Senarathgama North", "GND_NO": "425", "GND_C": "195", "PROVINCE_N": "CENTRAL", "PROVINCE_C": "2", "DISTRICT_N": "KANDY", "DISTRICT_C": "1", "DSD_N": "HARISPATTUWA", "DSD_C": "33", "Admin_Code": "2133195", "GND_NO_Cen": "425", "GND_NAME_C": "Senarathgama North", "GND_NO_Gaz": "425", "GND_NAME_G": "සෙනරත්ගhg", "shape_1": "Polygon", "Area__Ha_": 45.521017658799998, "MWS_ID": "112-2", "Alt_MWS": null, "Area": 0.45521017659000002, "Tot_Pop": 1183.0, "Density": 2598.7995454500001 }, "geometry": { "type": "MultiPolygon", "coordinates": [ [ [ [ 80.608472816885481, 7.328315078324218 ], [ 80.608824585869755, 7.328106395574284 ], [ 80.609342824060178, 7.327840646975394 ], [ 80.609608015474663, 7.327660269519029 ], [ 80.610082968524765, 7.327581838940496 ], [ 80.610084794502015, 7.327581834189463 ], [ 80.6100900450908, 7.327581824373748 ], [ 80.610109815401458, 7.327509111430277 ], [ 80.610145141276675, 7.327379191836343 ], [ 80.610217101073118, 7.327133431273832 ], [ 80.610123636363866, 7.327119849426047 ], [ 80.609996127255286, 7.327075395710669 ], [ 80.609886436694779, 7.327028808976229 ], [ 80.609797229996985, 7.326978391945385 ], [ 80.609713486461771, 7.326945806113929 ], [ 80.609634606707516, 7.326857326335608 ], [ 80.609618539813852, 7.326842615548141 ], [ 80.609526630916392, 7.326790958571424 ], [ 80.609377282944095, 7.326758172917718 ], [ 80.609115617409884, 7.326738573598162 ], [ 80.608998994486996, 7.326660443873267 ], [ 80.609027311269429, 7.32632121954614 ], [ 80.609103945849654, 7.326046733975587 ], [ 80.609172928242842, 7.325921621562465 ], [ 80.609194486467771, 7.325905036555474 ], [ 80.609179493305106, 7.325726446957182 ], [ 80.609267974395479, 7.325418808654517 ], [ 80.609347418925111, 7.3253104269437 ], [ 80.60945377048813, 7.325123205591106 ], [ 80.609570603892152, 7.324809701579306 ], [ 80.609657850140891, 7.324762557428661 ], [ 80.609924457382462, 7.325084330362868 ], [ 80.610142874125984, 7.32490302912176 ], [ 80.610037266849162, 7.324769247633495 ], [ 80.610037266446938, 7.324770332794371 ], [ 80.609893849867646, 7.324630111339341 ], [ 80.609835181853654, 7.324573659457909 ], [ 80.609818352223215, 7.324552114594042 ], [ 80.609852434254393, 7.324459081878839 ], [ 80.610022362368269, 7.324296838069909 ], [ 80.610336733517173, 7.324033712134619 ], [ 80.610283806012532, 7.323864829793028 ], [ 80.610165390987618, 7.323767620770743 ], [ 80.610036037908188, 7.323647224115043 ], [ 80.609842100521774, 7.323536959743026 ], [ 80.609839216832, 7.323534071243672 ], [ 80.609756275984125, 7.323470917642971 ], [ 80.609596346177597, 7.323395135891984 ], [ 80.609450454914665, 7.323337410944084 ], [ 80.609202691159354, 7.32319755208712 ], [ 80.609033449228633, 7.322972435861136 ], [ 80.608855878216403, 7.322907866052096 ], [ 80.608606227314155, 7.322821394285981 ], [ 80.608448694872067, 7.322744635478371 ], [ 80.608214042137703, 7.322694476770113 ], [ 80.608014188099432, 7.322725280347318 ], [ 80.607548655447204, 7.32269169484454 ], [ 80.607286569500857, 7.322739169058348 ], [ 80.607180323913269, 7.322762173446971 ], [ 80.606803382385479, 7.322760714992533 ], [ 80.606662883579034, 7.322870540935928 ], [ 80.606612064684469, 7.322880321686831 ], [ 80.606467854937648, 7.322887448346892 ], [ 80.606332505796786, 7.322828075124371 ], [ 80.606278499633305, 7.322804384654106 ], [ 80.606114059425906, 7.32269942180984 ], [ 80.606034646151457, 7.322648297878575 ], [ 80.605966164224597, 7.322568398698897 ], [ 80.605883457776088, 7.32247190020473 ], [ 80.605801960027236, 7.32239098415998 ], [ 80.605769834091845, 7.32235908905801 ], [ 80.60570654940004, 7.32228617843648 ], [ 80.605616000826444, 7.322224108173579 ], [ 80.605504687081833, 7.322222616356103 ], [ 80.605352329431909, 7.322256289841543 ], [ 80.605039068970441, 7.322407818376663 ], [ 80.604861978882312, 7.322463998466154 ], [ 80.604707375361244, 7.322529604445472 ], [ 80.604651631227142, 7.32255325959176 ], [ 80.604361384466799, 7.322680109915086 ], [ 80.604193434893929, 7.322750307175822 ], [ 80.60404567978027, 7.322822051221372 ], [ 80.603851815642727, 7.322919638742999 ], [ 80.603730311214392, 7.322989141934955 ], [ 80.603565993312841, 7.323083137923728 ], [ 80.603545338969354, 7.323094954631351 ], [ 80.603303997772173, 7.323223449861326 ], [ 80.603180604894646, 7.323308946539117 ], [ 80.60283909519643, 7.323537233233995 ], [ 80.602807644534494, 7.323558256950968 ], [ 80.602779856697083, 7.323576831423349 ], [ 80.602898568141697, 7.323690118218176 ], [ 80.603151409515348, 7.32405281206716 ], [ 80.603100265406937, 7.324402357003278 ], [ 80.603011103662581, 7.324583609616494 ], [ 80.602860077184886, 7.324835622491841 ], [ 80.603044919380793, 7.324977330676108 ], [ 80.602985177911378, 7.325057064262645 ], [ 80.602917664842238, 7.325144755403348 ], [ 80.602828673897875, 7.325263184470374 ], [ 80.602793039026707, 7.325362732407473 ], [ 80.602778767594955, 7.325497829398658 ], [ 80.602648242914654, 7.325738234349624 ], [ 80.602541188992618, 7.325953956398037 ], [ 80.602514258577543, 7.326031353211987 ], [ 80.602494538729104, 7.326066702838067 ], [ 80.602482988880709, 7.326087405952235 ], [ 80.602462675139762, 7.326152417306577 ], [ 80.602441988520795, 7.326240037835526 ], [ 80.602425568046513, 7.326306316712621 ], [ 80.602384054159018, 7.326545186096899 ], [ 80.601922263672336, 7.326881076114721 ], [ 80.602158227421555, 7.327990251257341 ], [ 80.602612911326588, 7.328297894621871 ], [ 80.602777927085896, 7.328224649396326 ], [ 80.602961162176513, 7.328166843017024 ], [ 80.603102058638527, 7.328150327798661 ], [ 80.603185152460696, 7.328117260584765 ], [ 80.603318940360708, 7.32800989473309 ], [ 80.603561065675748, 7.327886463963869 ], [ 80.603777415101618, 7.327796392765911 ], [ 80.603869072323249, 7.32770516591024 ], [ 80.603964341078026, 7.3274621345942 ], [ 80.604061754009962, 7.327277025424499 ], [ 80.604232830971114, 7.327133796344989 ], [ 80.604350648481216, 7.327014183448916 ], [ 80.604535904570312, 7.327041311799532 ], [ 80.604653821415624, 7.327068904515468 ], [ 80.604761780921123, 7.326991387457997 ], [ 80.6049129804221, 7.326977867921138 ], [ 80.604981042283356, 7.327020532521697 ], [ 80.604980902802708, 7.327027635749285 ], [ 80.605086220804324, 7.327093234018607 ], [ 80.605092130794858, 7.327225989395259 ], [ 80.605065531910313, 7.327396738339565 ], [ 80.605004192446657, 7.327621846024753 ], [ 80.605030847223077, 7.327670040923237 ], [ 80.605076619934991, 7.327707604906898 ], [ 80.605250225361644, 7.327837977950725 ], [ 80.605377100167544, 7.328048739053623 ], [ 80.605520643442901, 7.328128815132034 ], [ 80.605528540355408, 7.328162783657777 ], [ 80.605542714931147, 7.328161189331798 ], [ 80.605612707386015, 7.328153324068484 ], [ 80.60599795444125, 7.328333904284198 ], [ 80.606425819867951, 7.328585915601233 ], [ 80.606980275384814, 7.328727406272318 ], [ 80.607402670465021, 7.328779048739527 ], [ 80.607851719781934, 7.328657425950713 ], [ 80.608472816885481, 7.328315078324218 ] ] ] ] } },
{ "type": "Feature", "properties": { "GND_N": "Warathenna", "GND_NO": "439", "GND_C": "420", "PROVINCE_N": "CENTRAL", "PROVINCE_C": "2", "DISTRICT_N": "KANDY", "DISTRICT_C": "1", "DSD_N": "HARISPATTUWA", "DSD_C": "33", "Admin_Code": "2133420", "GND_NO_Cen": "439", "GND_NAME_C": "Warathenna", "GND_NO_Gaz": "439", "GND_NAME_G": "වරතැන්න", "shape_1": "Polygon", "Area__Ha_": 73.340290674299993, "MWS_ID": "112-2", "Alt_MWS": null, "Area": 0.73340290673999997, "Tot_Pop": 1337.0, "Density": 1823.0088641699999 }, "geometry": { "type": "MultiPolygon", "coordinates": [ [ [ [ 80.60245019804097, 7.287308048032338 ], [ 80.602483650478305, 7.287218626327303 ], [ 80.602500234167138, 7.287192407038672 ], [ 80.602513642885526, 7.287177219918153 ], [ 80.602547958193028, 7.287163518460312 ], [ 80.602668626067413, 7.287115334765239 ], [ 80.602836809849521, 7.287108255325553 ], [ 80.602982142078091, 7.287178756180639 ], [ 80.60311739706475, 7.287308214528069 ], [ 80.603213177836196, 7.2874098034162 ], [ 80.603300409654793, 7.287599921992337 ], [ 80.603359192165129, 7.287822674070455 ], [ 80.603379107890262, 7.28787401620089 ], [ 80.603425149677477, 7.287992707170929 ], [ 80.603451152670189, 7.288036182389277 ], [ 80.603532763005461, 7.288172614881476 ], [ 80.603647081586203, 7.288348726154712 ], [ 80.603733671318935, 7.288475829020286 ], [ 80.603756152633153, 7.288508828346966 ], [ 80.603898036905363, 7.288592983465905 ], [ 80.60391142448141, 7.288590443864856 ], [ 80.60402312618686, 7.288569252526631 ], [ 80.604062155844545, 7.288561847598978 ], [ 80.60411344767175, 7.288534427899612 ], [ 80.604190785332037, 7.288493086432725 ], [ 80.604212436903623, 7.288481511469532 ], [ 80.604218053206139, 7.288476013642168 ], [ 80.6043011869818, 7.28839460202507 ], [ 80.604354316694995, 7.288342575129032 ], [ 80.604390276409717, 7.288298821487915 ], [ 80.60439633556247, 7.288293360902952 ], [ 80.604410347956275, 7.288274400303245 ], [ 80.604483524092672, 7.288185365215297 ], [ 80.604555613205079, 7.288077839437054 ], [ 80.604602505136853, 7.288007895915947 ], [ 80.604617595780923, 7.287970896700673 ], [ 80.604678106995948, 7.287822543594789 ], [ 80.604813765811073, 7.287606466863061 ], [ 80.604935710340044, 7.287496911678183 ], [ 80.605076691424628, 7.287338259157483 ], [ 80.605185417112466, 7.287215948235192 ], [ 80.605186348512092, 7.287214944812281 ], [ 80.605242497055372, 7.287154422123186 ], [ 80.605293687784226, 7.287099244690364 ], [ 80.605369613786635, 7.287013273357573 ], [ 80.605415754178765, 7.286959009154667 ], [ 80.60536664091839, 7.286909467389101 ], [ 80.605353446879747, 7.286896160116839 ], [ 80.605337647607342, 7.286767291990262 ], [ 80.605335635550148, 7.286644645248201 ], [ 80.605335632924024, 7.286644405607134 ], [ 80.605363000364576, 7.286631848865355 ], [ 80.605570889503312, 7.286587427591819 ], [ 80.606087784937031, 7.286538155300589 ], [ 80.606092896942911, 7.286536919234918 ], [ 80.606420166689446, 7.286491479928939 ], [ 80.606440834798718, 7.286486492326902 ], [ 80.606718103371833, 7.286447438289007 ], [ 80.607094296900087, 7.286362814428199 ], [ 80.607497895555099, 7.286164398560339 ], [ 80.607947904040174, 7.286039449747735 ], [ 80.60787307897229, 7.285921997328894 ], [ 80.607218918494254, 7.284809093355444 ], [ 80.605607829066628, 7.282980268459081 ], [ 80.604586762364477, 7.281646654728009 ], [ 80.604232239047434, 7.280964404812662 ], [ 80.604215626136565, 7.280545687515726 ], [ 80.604352402721844, 7.280036106330628 ], [ 80.604388463565186, 7.279727470768924 ], [ 80.604467590083075, 7.279591119350787 ], [ 80.604640221900311, 7.279311246280573 ], [ 80.604654698183452, 7.279052846444527 ], [ 80.604813023492667, 7.278586342448811 ], [ 80.605136698776931, 7.278084010966933 ], [ 80.605366914818219, 7.277603178108304 ], [ 80.60567630577475, 7.276849613786691 ], [ 80.605875465077062, 7.276117540988589 ], [ 80.60596512562627, 7.275767932442706 ], [ 80.6055856895658, 7.275818960436776 ], [ 80.605562045792027, 7.275836511271439 ], [ 80.605480244760756, 7.275997513205618 ], [ 80.605201397441434, 7.276149497163237 ], [ 80.605065875297143, 7.276289713215394 ], [ 80.604776179870697, 7.276565792047293 ], [ 80.604131948869835, 7.277312130665922 ], [ 80.603170488864592, 7.278347732005852 ], [ 80.601110850914878, 7.280897311681163 ], [ 80.60011548446559, 7.282746160729524 ], [ 80.598927057655004, 7.28430484056292 ], [ 80.597359697005899, 7.286432787986096 ], [ 80.596901202745471, 7.287009139418404 ], [ 80.597559005073194, 7.287246491552036 ], [ 80.597575065515571, 7.287245549287412 ], [ 80.597899344875458, 7.287344866585703 ], [ 80.598237223050532, 7.287491890930157 ], [ 80.598583206825623, 7.287772897760966 ], [ 80.599009170566021, 7.288061721740248 ], [ 80.599876016639868, 7.288633021623793 ], [ 80.600067656001727, 7.288813224249719 ], [ 80.600251156814139, 7.288931868705089 ], [ 80.600300089829787, 7.28910114231646 ], [ 80.600343578385022, 7.28927645996517 ], [ 80.600411782871305, 7.289362788552536 ], [ 80.600417673833817, 7.289366094259144 ], [ 80.600432385212315, 7.289375977671492 ], [ 80.600547325946096, 7.28945224687866 ], [ 80.600553596386277, 7.289455547305246 ], [ 80.600713747940247, 7.289531828619296 ], [ 80.600716690804518, 7.289533230525895 ], [ 80.600716802801188, 7.289531690543338 ], [ 80.600734137489383, 7.289438011604658 ], [ 80.600747659808192, 7.289343086864945 ], [ 80.600750393333044, 7.289323895023934 ], [ 80.600774969760721, 7.289239351438973 ], [ 80.600834779283048, 7.289147679352374 ], [ 80.600882427442556, 7.28912138265911 ], [ 80.600967940079798, 7.289075206006054 ], [ 80.601065763220717, 7.289045763692958 ], [ 80.601185785155721, 7.288990466019261 ], [ 80.601308895655635, 7.288911116886593 ], [ 80.601388894578477, 7.288836813323951 ], [ 80.60147628106499, 7.288748254474835 ], [ 80.601509757570938, 7.288714327159242 ], [ 80.601549453966641, 7.288643536568919 ], [ 80.601571222551726, 7.288556911954163 ], [ 80.601575191575108, 7.288506791649678 ], [ 80.601577502365174, 7.288477607102357 ], [ 80.601586693193696, 7.288365025968313 ], [ 80.601627037916671, 7.288254716720743 ], [ 80.601668906654808, 7.288184650397954 ], [ 80.601740304577618, 7.288102656877849 ], [ 80.601821661991124, 7.288025460893605 ], [ 80.601915879482263, 7.287953695665639 ], [ 80.602020883759565, 7.287852816051478 ], [ 80.602063557564662, 7.287810782455884 ], [ 80.602121990881827, 7.287763780361852 ], [ 80.602184133941378, 7.287723381997202 ], [ 80.602335329770909, 7.287619536798666 ], [ 80.602408838686429, 7.287464476376527 ], [ 80.60245019804097, 7.287308048032338 ] ] ] ] } },
{ "type": "Feature", "properties": { "GND_N": "Ranawana West", "GND_NO": "409", "GND_C": "180", "PROVINCE_N": "CENTRAL", "PROVINCE_C": "2", "DISTRICT_N": "KANDY", "DISTRICT_C": "1", "DSD_N": "HARISPATTUWA", "DSD_C": "33", "Admin_Code": "2133180", "GND_NO_Cen": "409", "GND_NAME_C": "Ranawana West", "GND_NO_Gaz": "409", "GND_NAME_G": "රණවන බටහ", "shape_1": "Polygon", "Area__Ha_": 71.511593971699995, "MWS_ID": "112-2", "Alt_MWS": null, "Area": 0.71511593971999998, "Tot_Pop": 1749.0, "Density": 2445.75725818 }, "geometry": { "type": "MultiPolygon", "coordinates": [ [ [ [ 80.619008754397669, 7.341499965274046 ], [ 80.61902981216862, 7.341248746197944 ], [ 80.619053861849125, 7.341012482584075 ], [ 80.6190659263698, 7.340776214769215 ], [ 80.619060033476529, 7.340495077406432 ], [ 80.619045207003339, 7.340064398144917 ], [ 80.61901838899864, 7.339654650139654 ], [ 80.619006538882772, 7.339280796348659 ], [ 80.61900956486933, 7.339191074506576 ], [ 80.619051533945736, 7.33910734734527 ], [ 80.619102497360132, 7.339002686958676 ], [ 80.619165438915616, 7.338909993749748 ], [ 80.619261332596807, 7.33880834139114 ], [ 80.619492064411773, 7.338617012296143 ], [ 80.619818686067589, 7.33833898139504 ], [ 80.619899592090576, 7.338270221226597 ], [ 80.620028422115467, 7.33821942356674 ], [ 80.620136295299446, 7.338132727791607 ], [ 80.620268145769955, 7.338007159908289 ], [ 80.620361053659337, 7.337884568989229 ], [ 80.620521672934728, 7.337675395746879 ], [ 80.620554299481128, 7.337633528891258 ], [ 80.620624808430605, 7.337482819051779 ], [ 80.620683825041425, 7.337303390955182 ], [ 80.620747170797031, 7.337078027675092 ], [ 80.620857671743906, 7.3365852545303 ], [ 80.620945893797824, 7.336232538990216 ], [ 80.621042356533025, 7.335876547277181 ], [ 80.62117767055436, 7.335437307253297 ], [ 80.621245350864228, 7.335148779047843 ], [ 80.621279713303281, 7.33505250003872 ], [ 80.621178572637803, 7.334922239474347 ], [ 80.62087580284647, 7.334532294351193 ], [ 80.620729496534395, 7.334335249910695 ], [ 80.620729252882896, 7.334324826853984 ], [ 80.620669238327181, 7.334053912786252 ], [ 80.620574016342132, 7.333886951275974 ], [ 80.620420687259028, 7.333715620812723 ], [ 80.620290429497558, 7.333601994515215 ], [ 80.620132051455258, 7.333611362326842 ], [ 80.619928079625751, 7.333597135479527 ], [ 80.619760918119795, 7.333610126350843 ], [ 80.619737011066405, 7.333609172124691 ], [ 80.619338971868444, 7.333642796269259 ], [ 80.619296197640793, 7.333454053733037 ], [ 80.619286462743574, 7.33332699696068 ], [ 80.619284333891372, 7.333196134833525 ], [ 80.61928389323613, 7.333169015599773 ], [ 80.619278997697663, 7.333143003482599 ], [ 80.619255776671906, 7.33301961345827 ], [ 80.619234515880166, 7.332931903309836 ], [ 80.619218244010554, 7.332864782218356 ], [ 80.619209641291391, 7.332699100432158 ], [ 80.619208440224384, 7.332675961664743 ], [ 80.619203247106924, 7.33250929628502 ], [ 80.619202831947021, 7.332476640929085 ], [ 80.619201485240197, 7.332370305520476 ], [ 80.619199715973224, 7.332255005628496 ], [ 80.619197571901594, 7.332123703095458 ], [ 80.619197535528613, 7.332121527334662 ], [ 80.619197235819925, 7.332103172633659 ], [ 80.619187964116605, 7.331941661244102 ], [ 80.619152856882152, 7.331839282105222 ], [ 80.619094740767821, 7.33175271837611 ], [ 80.619094386847181, 7.331752068964269 ], [ 80.619041606518721, 7.331655216149355 ], [ 80.618971801874466, 7.331578596530521 ], [ 80.618951176323847, 7.331596101099927 ], [ 80.618871052407258, 7.331664106322231 ], [ 80.618802809972777, 7.331701554841938 ], [ 80.618773391862774, 7.331717697158023 ], [ 80.61873302917968, 7.331765851506669 ], [ 80.618686403310193, 7.331821479511368 ], [ 80.618618245348145, 7.331943083180334 ], [ 80.618576357944065, 7.332064154379379 ], [ 80.618552135825894, 7.332165970163389 ], [ 80.618493200734221, 7.332337313596042 ], [ 80.61846753237667, 7.332371475402468 ], [ 80.618414814634235, 7.332441642394985 ], [ 80.618295861552866, 7.332515479268373 ], [ 80.618154706408703, 7.33262331362892 ], [ 80.618133907043159, 7.332635206005969 ], [ 80.618031587990089, 7.332693712621105 ], [ 80.617986188321041, 7.332718591132153 ], [ 80.617887453942785, 7.332772698648018 ], [ 80.617773677266584, 7.332815247488958 ], [ 80.617639710966841, 7.332825598777096 ], [ 80.61747168229769, 7.332860714929231 ], [ 80.617461823109807, 7.332860909487221 ], [ 80.617350037944149, 7.332863113541414 ], [ 80.617348948295799, 7.332863191830262 ], [ 80.617221237516347, 7.332872379561523 ], [ 80.617111435701645, 7.332936455616448 ], [ 80.617008792273552, 7.332997276889111 ], [ 80.61692927029334, 7.333059759398235 ], [ 80.616880410271719, 7.333098149535219 ], [ 80.616804258008699, 7.333139293526071 ], [ 80.616779217264749, 7.333152822022619 ], [ 80.616641076815569, 7.3331894884908 ], [ 80.616586198731014, 7.333203027175577 ], [ 80.616553711932696, 7.333211041300043 ], [ 80.616513715775937, 7.333220909282153 ], [ 80.616375676707506, 7.333227189388975 ], [ 80.616358644981759, 7.333229551692354 ], [ 80.616250133058927, 7.333244596802536 ], [ 80.61616545157753, 7.333297449245216 ], [ 80.61614848393198, 7.33330804160468 ], [ 80.616048614521446, 7.333364060899738 ], [ 80.616035059914736, 7.333371663044737 ], [ 80.615928803555988, 7.333401105348659 ], [ 80.615829144561175, 7.333403104454849 ], [ 80.615809697884814, 7.333403501733761 ], [ 80.615652003417395, 7.333406067869324 ], [ 80.615523744446307, 7.333417865634575 ], [ 80.61550398015531, 7.333422458742045 ], [ 80.615388141783313, 7.333449375394253 ], [ 80.615266486154596, 7.333482699615604 ], [ 80.615179983126367, 7.333492508310414 ], [ 80.615139313114682, 7.333497121035939 ], [ 80.61508107100606, 7.333498003544615 ], [ 80.614999644863616, 7.333499873361091 ], [ 80.614911290046308, 7.333500790254853 ], [ 80.614898652014091, 7.33350092136173 ], [ 80.614801192151731, 7.333502965339963 ], [ 80.614710072902056, 7.333511612971827 ], [ 80.614661059760721, 7.333536930235957 ], [ 80.614623646052166, 7.333556253440809 ], [ 80.614541839983559, 7.33360188938226 ], [ 80.614526449303071, 7.333612216382467 ], [ 80.614451603182559, 7.333662445042341 ], [ 80.61436699332485, 7.333696777087119 ], [ 80.61423781473782, 7.333741582934709 ], [ 80.614106022413694, 7.333755551148639 ], [ 80.614104879345206, 7.33375556882214 ], [ 80.613994161100962, 7.333757317558717 ], [ 80.613877036523448, 7.333783860781106 ], [ 80.613757929648273, 7.33378680010451 ], [ 80.613664270951347, 7.333794450969251 ], [ 80.613550590990897, 7.333815842647369 ], [ 80.613470237906085, 7.333853159350338 ], [ 80.613458691770447, 7.333864451690507 ], [ 80.613369300035814, 7.33395187239767 ], [ 80.613329687038714, 7.334033515476926 ], [ 80.613283630365132, 7.334150334413056 ], [ 80.613222716433626, 7.334277454266329 ], [ 80.613167952201479, 7.334427910914915 ], [ 80.61311611484652, 7.334505118461417 ], [ 80.613060215808289, 7.334538286895855 ], [ 80.612940738548346, 7.334562836839103 ], [ 80.61270846834833, 7.334649474770846 ], [ 80.612650318872781, 7.334669113093085 ], [ 80.612584907953078, 7.33469120574693 ], [ 80.612555841928767, 7.334701953620741 ], [ 80.612484840055075, 7.334728209430925 ], [ 80.612454663418404, 7.334739368349955 ], [ 80.612419624928066, 7.334752325052026 ], [ 80.612430430430763, 7.334804785658896 ], [ 80.612433595861532, 7.334820155401031 ], [ 80.612583597430259, 7.33554832935946 ], [ 80.61248654654527, 7.335589941548768 ], [ 80.612313122371688, 7.335566532867746 ], [ 80.612210977751204, 7.335471414709022 ], [ 80.612128412846829, 7.335344417141139 ], [ 80.61201953479717, 7.335355811324331 ], [ 80.61184034963577, 7.335417604454567 ], [ 80.611660379526555, 7.335665597216346 ], [ 80.611329029314135, 7.335897608708167 ], [ 80.611058766442127, 7.336201722395659 ], [ 80.610849311374636, 7.336447038085172 ], [ 80.610533579258913, 7.336517112597305 ], [ 80.610315188990185, 7.336643624073891 ], [ 80.610048456844297, 7.336964004074345 ], [ 80.609784256226362, 7.336971775447815 ], [ 80.609511150587792, 7.336951655641681 ], [ 80.609315500798289, 7.336978494036318 ], [ 80.609044989645312, 7.33701560174851 ], [ 80.608875863153173, 7.337059522109735 ], [ 80.608719939462048, 7.337126413846303 ], [ 80.608615201249819, 7.337231855967054 ], [ 80.608490994268678, 7.337364640447382 ], [ 80.608456373040795, 7.337532190736607 ], [ 80.608538291828879, 7.337617134227739 ], [ 80.608630503786884, 7.337692249089514 ], [ 80.608723325814154, 7.337819377703295 ], [ 80.608862728018124, 7.337991529783505 ], [ 80.608953764542775, 7.338146307570169 ], [ 80.609024457045493, 7.338419160386626 ], [ 80.60914857664352, 7.338239391006359 ], [ 80.609206143250191, 7.3380697268079 ], [ 80.60937014011391, 7.338022683685379 ], [ 80.609477177061962, 7.33791995424282 ], [ 80.609708636173394, 7.337733536341677 ], [ 80.6099787561498, 7.337777639689706 ], [ 80.610263364410343, 7.337793374000214 ], [ 80.610375901297047, 7.337672437377974 ], [ 80.61060316139806, 7.337565183523186 ], [ 80.610917137209356, 7.337568296981161 ], [ 80.611046430796961, 7.337652598229267 ], [ 80.611030112660657, 7.337883064027249 ], [ 80.611097623194681, 7.337881924121881 ], [ 80.611222420861523, 7.337924022681823 ], [ 80.611234689982425, 7.337942146657077 ], [ 80.611241523863356, 7.337952243873336 ], [ 80.611272655550636, 7.338016913692723 ], [ 80.611277864153905, 7.338037766059943 ], [ 80.611295718476399, 7.338109251233086 ], [ 80.611338086589228, 7.338165422039021 ], [ 80.61136479250284, 7.338201243949188 ], [ 80.61140590958847, 7.338213648864521 ], [ 80.611456181923941, 7.33821185962028 ], [ 80.611503010741004, 7.338207082202897 ], [ 80.611569414495548, 7.338176362156251 ], [ 80.61161870498897, 7.338135145037005 ], [ 80.611670075604607, 7.338092570415276 ], [ 80.61172787852216, 7.338056059669602 ], [ 80.611735088035502, 7.338052111422549 ], [ 80.611764841998436, 7.338035816881853 ], [ 80.611842310033339, 7.337966939369538 ], [ 80.611904178988041, 7.337947430032219 ], [ 80.612051112348013, 7.337906519878496 ], [ 80.612052992839594, 7.337906170601849 ], [ 80.612057554100076, 7.337904139402311 ], [ 80.612088444051565, 7.337865117472702 ], [ 80.612105122855681, 7.337820411339869 ], [ 80.613037691498974, 7.3378129335727 ], [ 80.613287140684605, 7.337936354471754 ], [ 80.613414724433341, 7.338009096564067 ], [ 80.614335977803066, 7.337911490322933 ], [ 80.614215998896938, 7.338336139113468 ], [ 80.614120041714756, 7.338605274939312 ], [ 80.614125986936216, 7.338730891655419 ], [ 80.614291433691506, 7.338856561411274 ], [ 80.614291424841241, 7.338903544338828 ], [ 80.614415147727556, 7.339404675399983 ], [ 80.614594796944843, 7.339598818371009 ], [ 80.614593152658486, 7.339659882475388 ], [ 80.614629457931485, 7.33971911908723 ], [ 80.614690435902745, 7.339766904376091 ], [ 80.614823088582284, 7.339853563277771 ], [ 80.614895552941832, 7.33988790391306 ], [ 80.614865496782869, 7.33997858630581 ], [ 80.614826033639389, 7.340234076781274 ], [ 80.614767222583964, 7.340428644804748 ], [ 80.616248008535536, 7.340417926443949 ], [ 80.616237752590635, 7.340493726680845 ], [ 80.616212459817106, 7.340552262077635 ], [ 80.616207196568666, 7.340564445650161 ], [ 80.616192750299334, 7.340633289416371 ], [ 80.616212096501542, 7.340701958944865 ], [ 80.616310278413891, 7.340833100325241 ], [ 80.616421508789685, 7.340946782480145 ], [ 80.616475770475816, 7.340990523821188 ], [ 80.616535860932217, 7.341038963262197 ], [ 80.616667644762572, 7.341107988365376 ], [ 80.616814723989535, 7.341150106881391 ], [ 80.61696595003994, 7.341166273397314 ], [ 80.617109713208279, 7.341208631184773 ], [ 80.617250136987181, 7.341265843592302 ], [ 80.61739839896174, 7.341283291211789 ], [ 80.617551189933181, 7.341279929716337 ], [ 80.617700128358152, 7.34130043582006 ], [ 80.617844037192455, 7.341348701221258 ], [ 80.617990904433313, 7.341376115354256 ], [ 80.61814180203028, 7.341358356526463 ], [ 80.618432246217864, 7.341255694028914 ], [ 80.618500739262458, 7.341261855593809 ], [ 80.618567788788695, 7.341290361907785 ], [ 80.618641943547317, 7.341343545451671 ], [ 80.618686814022055, 7.341375725367217 ], [ 80.618692707343357, 7.341341206666734 ], [ 80.61871021887859, 7.341340398942903 ], [ 80.618863776651594, 7.341464350128444 ], [ 80.618986166733521, 7.341563143553111 ], [ 80.618996759348576, 7.34153585095217 ], [ 80.619008754397669, 7.341499965274046 ] ] ] ] } },
{ "type": "Feature", "properties": { "GND_N": "Bulathgolla", "GND_NO": "444", "GND_C": "340", "PROVINCE_N": "CENTRAL", "PROVINCE_C": "2", "DISTRICT_N": "KANDY", "DISTRICT_C": "1", "DSD_N": "HARISPATTUWA", "DSD_C": "33", "Admin_Code": "2133340", "GND_NO_Cen": "444", "GND_NAME_C": "Bulathgolla", "GND_NO_Gaz": "444", "GND_NAME_G": "බුලත්ගොl", "shape_1": "Polygon", "Area__Ha_": 67.065629755299994, "MWS_ID": "112-2", "Alt_MWS": null, "Area": 0.67065629755, "Tot_Pop": 831.0, "Density": 1239.0847637300001 }, "geometry": { "type": "MultiPolygon", "coordinates": [ [ [ [ 80.586416295931045, 7.303403522018082 ], [ 80.586958986262459, 7.303350408976094 ], [ 80.586990663902881, 7.303360785551845 ], [ 80.587286792821644, 7.303276060965401 ], [ 80.587480107270466, 7.303148788328945 ], [ 80.587679679459455, 7.303057219108408 ], [ 80.587992007330627, 7.302974466770245 ], [ 80.587939362568363, 7.302856823312104 ], [ 80.588004611656103, 7.302739019255552 ], [ 80.58801541905099, 7.30272221281451 ], [ 80.588166951491019, 7.302571734357019 ], [ 80.588173092040307, 7.302571809260838 ], [ 80.588310869497789, 7.302397880116654 ], [ 80.588316981819034, 7.30239180937889 ], [ 80.5884010404299, 7.301965261304115 ], [ 80.588449773809359, 7.30177855523818 ], [ 80.588504820953673, 7.301591242292738 ], [ 80.588508935186397, 7.301587643983134 ], [ 80.588527689355018, 7.301593965613629 ], [ 80.58858356843372, 7.30159851036083 ], [ 80.588639001005376, 7.301585691436101 ], [ 80.588686833712089, 7.301558220577089 ], [ 80.588800617047909, 7.301486738569769 ], [ 80.588896999919413, 7.301444366890085 ], [ 80.588938843571896, 7.301444473787091 ], [ 80.589037142373897, 7.301440262557805 ], [ 80.589039950057384, 7.301440141642056 ], [ 80.589074699212887, 7.301438653109341 ], [ 80.589148974803393, 7.301416618068423 ], [ 80.589214195346187, 7.301387979674581 ], [ 80.589275254986902, 7.301351018170832 ], [ 80.589485742333892, 7.301230955406214 ], [ 80.589501005880578, 7.301222248784585 ], [ 80.589681177656374, 7.301146542899975 ], [ 80.589708771125331, 7.30111623852547 ], [ 80.589727842721899, 7.301095288332141 ], [ 80.589766268485434, 7.301033720420194 ], [ 80.589831605296325, 7.30094720763115 ], [ 80.589905797131451, 7.300908443765892 ], [ 80.589972284662707, 7.300884054187645 ], [ 80.590068669246079, 7.300836978982668 ], [ 80.590128787190579, 7.300823225852866 ], [ 80.590142929924639, 7.300819990671172 ], [ 80.590144029532382, 7.300819739728994 ], [ 80.590224816111316, 7.300819230457376 ], [ 80.590290663988014, 7.300808496415578 ], [ 80.590363671943166, 7.300785285961016 ], [ 80.590494744907971, 7.300738858865368 ], [ 80.59052278233203, 7.300729893409979 ], [ 80.59063061494308, 7.300695416992754 ], [ 80.590761683520199, 7.300657309384847 ], [ 80.590806624280461, 7.300611932851808 ], [ 80.590858711309181, 7.300587537222832 ], [ 80.590911833445659, 7.300569946877309 ], [ 80.590932353665835, 7.300563151343896 ], [ 80.591037060506679, 7.30054230588082 ], [ 80.591182528897463, 7.300505469175104 ], [ 80.591268671440275, 7.300476839056202 ], [ 80.591284379953805, 7.300469523369769 ], [ 80.591345307167785, 7.300441150573708 ], [ 80.591407640275406, 7.300385651124587 ], [ 80.591437553914346, 7.300322361403158 ], [ 80.591456781358218, 7.300259069112553 ], [ 80.591485609903742, 7.300191529632641 ], [ 80.591534183148354, 7.300119927973287 ], [ 80.591575226400664, 7.300079481821904 ], [ 80.591586281141417, 7.300068585901109 ], [ 80.591678519823191, 7.299971320845072 ], [ 80.591725823674935, 7.299907498345522 ], [ 80.591834930883067, 7.299752273552264 ], [ 80.59191404111202, 7.299647226090761 ], [ 80.591944617550439, 7.299614989394439 ], [ 80.591976288524492, 7.299581597446037 ], [ 80.592005950223523, 7.29951394342187 ], [ 80.592006930183516, 7.299511708389722 ], [ 80.592082526669742, 7.299357012429812 ], [ 80.592114873649052, 7.299318232016527 ], [ 80.592180111812496, 7.299251972454583 ], [ 80.592245441689528, 7.299176220471728 ], [ 80.592302351813046, 7.299095037432472 ], [ 80.592327009835032, 7.299037713888663 ], [ 80.592343143193474, 7.299007878526931 ], [ 80.59239107197881, 7.298967927944627 ], [ 80.592393275274148, 7.2989662793969 ], [ 80.592472516880889, 7.298907010314593 ], [ 80.592518637081554, 7.298855756122446 ], [ 80.592537212939106, 7.29883062411287 ], [ 80.592537049038015, 7.298812808410483 ], [ 80.592536693471146, 7.298774195513631 ], [ 80.592522404855004, 7.298720113397302 ], [ 80.592480578933163, 7.29867940282249 ], [ 80.592421362179124, 7.298642934472854 ], [ 80.592383166171544, 7.29858911390601 ], [ 80.592373594554559, 7.298516855445894 ], [ 80.592373719391091, 7.298430766937066 ], [ 80.59236126899556, 7.298315462571454 ], [ 80.592348492691684, 7.298275195168999 ], [ 80.592343449105741, 7.298259297309614 ], [ 80.592338676190366, 7.298197171688161 ], [ 80.592342428377563, 7.298099779083605 ], [ 80.592341806853838, 7.298069302978815 ], [ 80.592332850363604, 7.298045427589396 ], [ 80.592286220917487, 7.298015475319173 ], [ 80.592201383659017, 7.297949697145202 ], [ 80.592167242977155, 7.297938922042062 ], [ 80.592155299175189, 7.297913778505301 ], [ 80.592174521896496, 7.297857087568619 ], [ 80.592227796565922, 7.297811079456971 ], [ 80.59226875323057, 7.297771297857884 ], [ 80.592327278013002, 7.297714450207228 ], [ 80.592336268528797, 7.297659473265931 ], [ 80.592335731170152, 7.297649100713142 ], [ 80.59233449200822, 7.297625186869436 ], [ 80.592333393945168, 7.297603948005889 ], [ 80.592319635308314, 7.297582870375923 ], [ 80.592310136344722, 7.297556732203376 ], [ 80.592305345773184, 7.297533401091086 ], [ 80.592312872066529, 7.297513237338057 ], [ 80.592328063616918, 7.297494103089413 ], [ 80.592315306932733, 7.297467940077911 ], [ 80.592171008697846, 7.297471922588098 ], [ 80.59214563372602, 7.297479853813724 ], [ 80.592126626500274, 7.297485794555217 ], [ 80.591938519983174, 7.297559608244555 ], [ 80.591914420332543, 7.297569429062604 ], [ 80.591676360497203, 7.297675225457427 ], [ 80.591651727849367, 7.297683923805546 ], [ 80.591480672178534, 7.297736285206808 ], [ 80.591108613953224, 7.297782599386447 ], [ 80.590098284365453, 7.297706060768286 ], [ 80.589806807092032, 7.297647648342806 ], [ 80.589776364071128, 7.297628894131463 ], [ 80.589673954512335, 7.297418512312808 ], [ 80.5896690080029, 7.297398088439076 ], [ 80.589686670339148, 7.297269736540098 ], [ 80.589813957913563, 7.296977409608989 ], [ 80.589741036084106, 7.296929718306729 ], [ 80.589710466832216, 7.296909725147074 ], [ 80.589605263129172, 7.296822416621842 ], [ 80.589537186322829, 7.296749501813256 ], [ 80.589451721038415, 7.296675313779931 ], [ 80.589381217079236, 7.29655872020503 ], [ 80.589339521636887, 7.296423056889418 ], [ 80.589296743215513, 7.296341463088477 ], [ 80.589294092584808, 7.296336406948276 ], [ 80.589240969047793, 7.296240709901497 ], [ 80.589196164576194, 7.296176756356631 ], [ 80.589146551345493, 7.296133691073051 ], [ 80.589135614573109, 7.29612452145033 ], [ 80.588970429048146, 7.295897918330397 ], [ 80.588931502833702, 7.295861438958879 ], [ 80.588749097776684, 7.295582892800547 ], [ 80.588736704956219, 7.295570929178049 ], [ 80.588702177003356, 7.295542544203588 ], [ 80.588387785948925, 7.295336439075327 ], [ 80.588352147330355, 7.295326248149347 ], [ 80.587793394670726, 7.29524093416741 ], [ 80.587771426034266, 7.295242294111138 ], [ 80.58773894450232, 7.295232392022596 ], [ 80.587249842440656, 7.295176597504963 ], [ 80.587157428643394, 7.295238139907959 ], [ 80.586643926497771, 7.295735909568688 ], [ 80.585693514845715, 7.296934473185384 ], [ 80.584844004312131, 7.297833389426475 ], [ 80.583830287528528, 7.299005350867647 ], [ 80.582963986101234, 7.299480480091115 ], [ 80.582398673957258, 7.29925056340197 ], [ 80.581751282946641, 7.299584634655494 ], [ 80.581741963971851, 7.29958973179896 ], [ 80.581051457015931, 7.300286763311927 ], [ 80.581035398357059, 7.300317962870585 ], [ 80.580804655459744, 7.300679832766733 ], [ 80.580456267367268, 7.301326155256885 ], [ 80.580263523944041, 7.301678536220455 ], [ 80.580204528881026, 7.302003536033609 ], [ 80.580948298526394, 7.302291716370303 ], [ 80.581330006088422, 7.302462591638522 ], [ 80.581657252406742, 7.302653648792609 ], [ 80.582118970618836, 7.302982953357922 ], [ 80.582282732778594, 7.303086641247178 ], [ 80.582406269547121, 7.303186343726609 ], [ 80.582522082144763, 7.303306104760956 ], [ 80.582714573912071, 7.303399392718653 ], [ 80.583106108102271, 7.30333396436985 ], [ 80.583454882379073, 7.303239655753595 ], [ 80.583790956160456, 7.303144988768836 ], [ 80.5840441565486, 7.303121920394724 ], [ 80.584059024933097, 7.303120617301799 ], [ 80.584402174638214, 7.303187403970972 ], [ 80.584903068440269, 7.303233632028028 ], [ 80.58492415460222, 7.303227593008989 ], [ 80.585490537391863, 7.3033055583887 ], [ 80.58607117513121, 7.303359841822362 ], [ 80.586416295931045, 7.303403522018082 ] ] ] ] } },
{ "type": "Feature", "properties": { "GND_N": "Yatihalagala Udagama", "GND_NO": "445", "GND_C": "345", "PROVINCE_N": "CENTRAL", "PROVINCE_C": "2", "DISTRICT_N": "KANDY", "DISTRICT_C": "1", "DSD_N": "HARISPATTUWA", "DSD_C": "33", "Admin_Code": "2133345", "GND_NO_Cen": "445", "GND_NAME_C": "Yatihalagala Udagama", "GND_NO_Gaz": "445", "GND_NAME_G": "යටිහලගල g", "shape_1": "Polygon", "Area__Ha_": 71.733968026, "MWS_ID": "112-2", "Alt_MWS": null, "Area": 0.71733968025999995, "Tot_Pop": 767.0, "Density": 1069.2284577400001 }, "geometry": { "type": "MultiPolygon", "coordinates": [ [ [ [ 80.591691128639781, 7.303172601048545 ], [ 80.591978730946693, 7.302741795726568 ], [ 80.592202243055439, 7.302307292599043 ], [ 80.592410881549739, 7.301990114522741 ], [ 80.592601402538506, 7.301781175600108 ], [ 80.592857121020003, 7.301645875002944 ], [ 80.593957624899332, 7.301380722299658 ], [ 80.594576811308272, 7.301259733273004 ], [ 80.595085560925995, 7.299986222425987 ], [ 80.595664755985595, 7.29923218053196 ], [ 80.596440667932569, 7.298396361585726 ], [ 80.596463796009729, 7.298349586770339 ], [ 80.597817022959035, 7.297790077200005 ], [ 80.59831905596981, 7.297592226106401 ], [ 80.598864517238425, 7.297377262230364 ], [ 80.598020882485386, 7.295972294833067 ], [ 80.597455893556045, 7.294964567523118 ], [ 80.59740583577954, 7.294851031642607 ], [ 80.597408021545675, 7.294843255515477 ], [ 80.597417833717913, 7.294763228720038 ], [ 80.59741597142515, 7.294665743378453 ], [ 80.597410650105701, 7.294609944965337 ], [ 80.597420093041791, 7.294549722225335 ], [ 80.597427834240847, 7.294530477233245 ], [ 80.597283803712997, 7.294574239919751 ], [ 80.597275103656344, 7.294576884266908 ], [ 80.596811414223453, 7.294629872299298 ], [ 80.596263091041195, 7.294837287146319 ], [ 80.596249167622886, 7.294836206382748 ], [ 80.595969049420347, 7.294883991879236 ], [ 80.595797147750744, 7.294865852570803 ], [ 80.594847760679642, 7.294196822755677 ], [ 80.594247132987078, 7.293919485103152 ], [ 80.592997018863926, 7.293433787627707 ], [ 80.592049028128571, 7.292964609547094 ], [ 80.591297053566976, 7.292539655082589 ], [ 80.590880262200031, 7.292425400322776 ], [ 80.590827239304616, 7.292472668997909 ], [ 80.590787682006521, 7.292396516924813 ], [ 80.590490858757818, 7.292789257796559 ], [ 80.589623531604786, 7.293464023545495 ], [ 80.588925905807429, 7.294010922864919 ], [ 80.588911796524414, 7.294019151579075 ], [ 80.588048573460881, 7.294644683898705 ], [ 80.587249842440656, 7.295176597504963 ], [ 80.58773894450232, 7.295232392022596 ], [ 80.587771426034266, 7.295242294111138 ], [ 80.587793394670726, 7.29524093416741 ], [ 80.588352147330355, 7.295326248149347 ], [ 80.588387785948925, 7.295336439075327 ], [ 80.588702177003356, 7.295542544203588 ], [ 80.588736704956219, 7.295570929178049 ], [ 80.588749097776684, 7.295582892800547 ], [ 80.588931502833702, 7.295861438958879 ], [ 80.588970429048146, 7.295897918330397 ], [ 80.589135614573109, 7.29612452145033 ], [ 80.589146551345493, 7.296133691073051 ], [ 80.589196164576194, 7.296176756356631 ], [ 80.589240969047793, 7.296240709901497 ], [ 80.589294092584808, 7.296336406948276 ], [ 80.589296743215513, 7.296341463088477 ], [ 80.589339521636887, 7.296423056889418 ], [ 80.589381217079236, 7.29655872020503 ], [ 80.589451721038415, 7.296675313779931 ], [ 80.589537186322829, 7.296749501813256 ], [ 80.589605263129172, 7.296822416621842 ], [ 80.589710466832216, 7.296909725147074 ], [ 80.589741036084106, 7.296929718306729 ], [ 80.589813957913563, 7.296977409608989 ], [ 80.589686670339148, 7.297269736540098 ], [ 80.5896690080029, 7.297398088439076 ], [ 80.589673954512335, 7.297418512312808 ], [ 80.589776364071128, 7.297628894131463 ], [ 80.589806807092032, 7.297647648342806 ], [ 80.590098284365453, 7.297706060768286 ], [ 80.591108613953224, 7.297782599386447 ], [ 80.591480672178534, 7.297736285206808 ], [ 80.591651727849367, 7.297683923805546 ], [ 80.591676360497203, 7.297675225457427 ], [ 80.591914420332543, 7.297569429062604 ], [ 80.591938519983174, 7.297559608244555 ], [ 80.592126626500274, 7.297485794555217 ], [ 80.59214563372602, 7.297479853813724 ], [ 80.592171008697846, 7.297471922588098 ], [ 80.592315306932733, 7.297467940077911 ], [ 80.592328063616918, 7.297494103089413 ], [ 80.592312872066529, 7.297513237338057 ], [ 80.592305345773184, 7.297533401091086 ], [ 80.592310136344722, 7.297556732203376 ], [ 80.592319635308314, 7.297582870375923 ], [ 80.592333393945168, 7.297603948005889 ], [ 80.59233449200822, 7.297625186869436 ], [ 80.592335731170152, 7.297649100713142 ], [ 80.592336268528797, 7.297659473265931 ], [ 80.592327278013002, 7.297714450207228 ], [ 80.59226875323057, 7.297771297857884 ], [ 80.592227796565922, 7.297811079456971 ], [ 80.592174521896496, 7.297857087568619 ], [ 80.592155299175189, 7.297913778505301 ], [ 80.592167242977155, 7.297938922042062 ], [ 80.592201383659017, 7.297949697145202 ], [ 80.592286220917487, 7.298015475319173 ], [ 80.592332850363604, 7.298045427589396 ], [ 80.592341806853838, 7.298069302978815 ], [ 80.592342428377563, 7.298099779083605 ], [ 80.592338676190366, 7.298197171688161 ], [ 80.592343449105741, 7.298259297309614 ], [ 80.592348492691684, 7.298275195168999 ], [ 80.59236126899556, 7.298315462571454 ], [ 80.592373719391091, 7.298430766937066 ], [ 80.592373594554559, 7.298516855445894 ], [ 80.592383166171544, 7.29858911390601 ], [ 80.592421362179124, 7.298642934472854 ], [ 80.592480578933163, 7.29867940282249 ], [ 80.592522404855004, 7.298720113397302 ], [ 80.592536693471146, 7.298774195513631 ], [ 80.592537049038015, 7.298812808410483 ], [ 80.592537212939106, 7.29883062411287 ], [ 80.592518637081554, 7.298855756122446 ], [ 80.592472516880889, 7.298907010314593 ], [ 80.592393275274148, 7.2989662793969 ], [ 80.59239107197881, 7.298967927944627 ], [ 80.592343143193474, 7.299007878526931 ], [ 80.592327009835032, 7.299037713888663 ], [ 80.592302351813046, 7.299095037432472 ], [ 80.592245441689528, 7.299176220471728 ], [ 80.592180111812496, 7.299251972454583 ], [ 80.592114873649052, 7.299318232016527 ], [ 80.592082526669742, 7.299357012429812 ], [ 80.592006930183516, 7.299511708389722 ], [ 80.592005950223523, 7.29951394342187 ], [ 80.591976288524492, 7.299581597446037 ], [ 80.591944617550439, 7.299614989394439 ], [ 80.59191404111202, 7.299647226090761 ], [ 80.591834930883067, 7.299752273552264 ], [ 80.591725823674935, 7.299907498345522 ], [ 80.591678519823191, 7.299971320845072 ], [ 80.591586281141417, 7.300068585901109 ], [ 80.591575226400664, 7.300079481821904 ], [ 80.591534183148354, 7.300119927973287 ], [ 80.591485609903742, 7.300191529632641 ], [ 80.591456781358218, 7.300259069112553 ], [ 80.591437553914346, 7.300322361403158 ], [ 80.591407640275406, 7.300385651124587 ], [ 80.591345307167785, 7.300441150573708 ], [ 80.591284379953805, 7.300469523369769 ], [ 80.591268671440275, 7.300476839056202 ], [ 80.591182528897463, 7.300505469175104 ], [ 80.591037060506679, 7.30054230588082 ], [ 80.590932353665835, 7.300563151343896 ], [ 80.590911833445659, 7.300569946877309 ], [ 80.590858711309181, 7.300587537222832 ], [ 80.590806624280461, 7.300611932851808 ], [ 80.590761683520199, 7.300657309384847 ], [ 80.59063061494308, 7.300695416992754 ], [ 80.59052278233203, 7.300729893409979 ], [ 80.590494744907971, 7.300738858865368 ], [ 80.590363671943166, 7.300785285961016 ], [ 80.590290663988014, 7.300808496415578 ], [ 80.590224816111316, 7.300819230457376 ], [ 80.590144029532382, 7.300819739728994 ], [ 80.590142929924639, 7.300819990671172 ], [ 80.590128787190579, 7.300823225852866 ], [ 80.590068669246079, 7.300836978982668 ], [ 80.589972284662707, 7.300884054187645 ], [ 80.589905797131451, 7.300908443765892 ], [ 80.589831605296325, 7.30094720763115 ], [ 80.589766268485434, 7.301033720420194 ], [ 80.589727842721899, 7.301095288332141 ], [ 80.589708771125331, 7.30111623852547 ], [ 80.589681177656374, 7.301146542899975 ], [ 80.589501005880578, 7.301222248784585 ], [ 80.589485742333892, 7.301230955406214 ], [ 80.589275254986902, 7.301351018170832 ], [ 80.589214195346187, 7.301387979674581 ], [ 80.589148974803393, 7.301416618068423 ], [ 80.589074699212887, 7.301438653109341 ], [ 80.589039950057384, 7.301440141642056 ], [ 80.589037142373897, 7.301440262557805 ], [ 80.588938843571896, 7.301444473787091 ], [ 80.588896999919413, 7.301444366890085 ], [ 80.588800617047909, 7.301486738569769 ], [ 80.588686833712089, 7.301558220577089 ], [ 80.588639001005376, 7.301585691436101 ], [ 80.58858356843372, 7.30159851036083 ], [ 80.588527689355018, 7.301593965613629 ], [ 80.588508935186397, 7.301587643983134 ], [ 80.588504820953673, 7.301591242292738 ], [ 80.588449773809359, 7.30177855523818 ], [ 80.5884010404299, 7.301965261304115 ], [ 80.588316981819034, 7.30239180937889 ], [ 80.588310869497789, 7.302397880116654 ], [ 80.588173092040307, 7.302571809260838 ], [ 80.588166951491019, 7.302571734357019 ], [ 80.58801541905099, 7.30272221281451 ], [ 80.588004611656103, 7.302739019255552 ], [ 80.587939362568363, 7.302856823312104 ], [ 80.587992007330627, 7.302974466770245 ], [ 80.587999238849775, 7.302990628736918 ], [ 80.588249990034143, 7.303021660381336 ], [ 80.588376372475992, 7.303037878308273 ], [ 80.588571663487812, 7.302999978961152 ], [ 80.588705125656134, 7.303111932633705 ], [ 80.588887391701562, 7.303205022027105 ], [ 80.58932261705101, 7.303129369717889 ], [ 80.589900574753131, 7.3033005976289 ], [ 80.590260628511132, 7.303463726536262 ], [ 80.590290564507228, 7.303474315579393 ], [ 80.590549957101032, 7.303503781460536 ], [ 80.590643328699443, 7.303514387545856 ], [ 80.59067816612162, 7.303514472413387 ], [ 80.591113708695801, 7.303464758378177 ], [ 80.591691128639781, 7.303172601048545 ] ] ] ] } },
{ "type": "Feature", "properties": { "GND_N": "Udadoolwala", "GND_NO": "442", "GND_C": "320", "PROVINCE_N": "CENTRAL", "PROVINCE_C": "2", "DISTRICT_N": "KANDY", "DISTRICT_C": "1", "DSD_N": "HARISPATTUWA", "DSD_C": "33", "Admin_Code": "2133320", "GND_NO_Cen": "442", "GND_NAME_C": "Udadoolwala", "GND_NO_Gaz": "442", "GND_NAME_G": "උඩ දුල්වa", "shape_1": "Polygon", "Area__Ha_": 56.785879816399998, "MWS_ID": "112-2", "Alt_MWS": null, "Area": 0.56785879815999996, "Tot_Pop": 752.0, "Density": 1324.2728693 }, "geometry": { "type": "MultiPolygon", "coordinates": [ [ [ [ 80.598166405668351, 7.312566829715136 ], [ 80.598180526807965, 7.312566325270476 ], [ 80.598467868565507, 7.312597290769693 ], [ 80.598484978782537, 7.312600781791625 ], [ 80.598747572506241, 7.312632836978668 ], [ 80.598751050431375, 7.312632851009002 ], [ 80.598803846208014, 7.312646445360065 ], [ 80.598826946763083, 7.312276287951855 ], [ 80.598921268682318, 7.311600916331289 ], [ 80.599088154368459, 7.310896500825612 ], [ 80.599192814491616, 7.310526054388491 ], [ 80.599217956656148, 7.310437065679849 ], [ 80.598963843051664, 7.310421953493356 ], [ 80.59883983058711, 7.310342658091973 ], [ 80.598826587770517, 7.310332409862445 ], [ 80.598812909632343, 7.310325931491678 ], [ 80.59889793301339, 7.309490210928118 ], [ 80.599391591327716, 7.309466477087945 ], [ 80.599473066705087, 7.309466509952792 ], [ 80.599507121596574, 7.308671044979768 ], [ 80.599515463433534, 7.308638012325269 ], [ 80.599506867544363, 7.308423482526666 ], [ 80.599586727904523, 7.308250610566135 ], [ 80.599634609446937, 7.308119807711477 ], [ 80.59951670044137, 7.307977467926206 ], [ 80.599262919879806, 7.307858394004104 ], [ 80.599255071264906, 7.307841800615996 ], [ 80.599198149886618, 7.307604603613628 ], [ 80.599261100846547, 7.307376359230923 ], [ 80.599261542562274, 7.307363234378706 ], [ 80.598764275958217, 7.306885836529407 ], [ 80.598854556694292, 7.306813158112406 ], [ 80.598932844232934, 7.306721854496997 ], [ 80.598966925887083, 7.306654767853734 ], [ 80.599012876327492, 7.306572585853229 ], [ 80.599063997695453, 7.306471233791837 ], [ 80.599115297935157, 7.306375577986527 ], [ 80.599183816604707, 7.306254067732843 ], [ 80.599266477297164, 7.306099102067957 ], [ 80.59933399068295, 7.306000289351663 ], [ 80.599393982035309, 7.305915760727787 ], [ 80.599463298671253, 7.305835214675849 ], [ 80.599517228650214, 7.305730968988551 ], [ 80.599547512485401, 7.30564561573189 ], [ 80.599581710029497, 7.305511340409224 ], [ 80.59961156495217, 7.305367296929329 ], [ 80.599641211364315, 7.30528827261822 ], [ 80.599682180795782, 7.305206901554731 ], [ 80.599703998765392, 7.305184478001105 ], [ 80.59976345453245, 7.30512337503325 ], [ 80.599748880496094, 7.305103836424569 ], [ 80.59969545068968, 7.305087899811149 ], [ 80.599617576656499, 7.305047628821677 ], [ 80.599578558171814, 7.305006648695895 ], [ 80.599529118402913, 7.304975792656758 ], [ 80.5993864175217, 7.304882322409596 ], [ 80.599251772688902, 7.30480079205521 ], [ 80.599174532820257, 7.304762599323785 ], [ 80.599095552905311, 7.3047318591461 ], [ 80.599077547727802, 7.304724852782772 ], [ 80.598998487898598, 7.304701580275939 ], [ 80.598918339181324, 7.304690426771357 ], [ 80.598868160989269, 7.304694928545972 ], [ 80.598699789409807, 7.304704447889957 ], [ 80.598622448105459, 7.304693927544625 ], [ 80.598565941682978, 7.304666685823392 ], [ 80.598385288894832, 7.304584594507197 ], [ 80.598329775818002, 7.304569379449373 ], [ 80.598252345408966, 7.304555242705936 ], [ 80.598178712430709, 7.30455521364181 ], [ 80.598019945361756, 7.304549815556428 ], [ 80.597927750270912, 7.304538113631809 ], [ 80.597818895607574, 7.304513292732284 ], [ 80.597778784248945, 7.304485785204758 ], [ 80.597694302519898, 7.304436467358801 ], [ 80.597550966778158, 7.304346614399327 ], [ 80.597492468104775, 7.30432579139004 ], [ 80.59741160776916, 7.304277831379076 ], [ 80.597371953799779, 7.304239022042365 ], [ 80.597325500620826, 7.304216576046565 ], [ 80.59730002945598, 7.30421512810345 ], [ 80.597269439423897, 7.304213389655732 ], [ 80.597190648761966, 7.304199250383804 ], [ 80.597118656835207, 7.304174534379787 ], [ 80.597075646753524, 7.30414847342594 ], [ 80.597037352230885, 7.30410749337362 ], [ 80.597010460916877, 7.304090211442322 ], [ 80.596943352616108, 7.304078880103183 ], [ 80.596838844658492, 7.304056051065184 ], [ 80.596793851099875, 7.304021001447628 ], [ 80.596781492885228, 7.304018792749161 ], [ 80.596756938046809, 7.304015700216584 ], [ 80.596743855053219, 7.304014053703961 ], [ 80.596720299077461, 7.30401352526046 ], [ 80.596657451743894, 7.304012119375072 ], [ 80.596603564065461, 7.304011646670773 ], [ 80.596578838013386, 7.304008652629188 ], [ 80.596566070555653, 7.304003854747876 ], [ 80.59653438234443, 7.303978430359636 ], [ 80.596494726162916, 7.303943147721047 ], [ 80.596487393804409, 7.303931478410941 ], [ 80.596486609731031, 7.303926303687764 ], [ 80.59639093400493, 7.304021606915019 ], [ 80.596288823586761, 7.30417725698854 ], [ 80.596139364217294, 7.304380612619297 ], [ 80.59584878585855, 7.304653532101837 ], [ 80.59562700872371, 7.304796889898669 ], [ 80.595372245466066, 7.305022675857605 ], [ 80.595191053955446, 7.305123524047963 ], [ 80.595052118379769, 7.305199995623765 ], [ 80.594553637444562, 7.305481048943563 ], [ 80.594331965919352, 7.305647904380743 ], [ 80.594323191891732, 7.305651482777258 ], [ 80.594150171691496, 7.305829128871318 ], [ 80.594144438481507, 7.305836199093459 ], [ 80.593956501795702, 7.30606399794085 ], [ 80.593730772469002, 7.306205741704285 ], [ 80.593718299992176, 7.306210475192443 ], [ 80.593512325870108, 7.30626244965997 ], [ 80.593309647526155, 7.306347838380369 ], [ 80.593039939170239, 7.306489046684185 ], [ 80.593104941419227, 7.306664010983702 ], [ 80.593403909617294, 7.307058796311844 ], [ 80.593464686912441, 7.30825398826728 ], [ 80.592713396837198, 7.308487534299738 ], [ 80.592193674073613, 7.308748223105496 ], [ 80.592148549626728, 7.308831278260625 ], [ 80.591805056772898, 7.309372914312185 ], [ 80.591765625794622, 7.309435268694621 ], [ 80.591361973668739, 7.30993184376731 ], [ 80.59124363246967, 7.310103252407122 ], [ 80.592622537729923, 7.310850014415069 ], [ 80.593708418320801, 7.311362530255473 ], [ 80.594883854436944, 7.311733525779436 ], [ 80.595434443798155, 7.311988495784792 ], [ 80.595948415676858, 7.312043278089688 ], [ 80.596198718421405, 7.312626549048516 ], [ 80.597069964886515, 7.312813803571022 ], [ 80.597097915476709, 7.312810690326591 ], [ 80.597230609673446, 7.312791934517892 ], [ 80.597268528898951, 7.312787872090523 ], [ 80.597310495920894, 7.31278337539459 ], [ 80.597422899915372, 7.312774828260205 ], [ 80.597504055304185, 7.312763375843694 ], [ 80.597603688210654, 7.312751659448924 ], [ 80.597744896991443, 7.312730555681815 ], [ 80.597805405967847, 7.312711770194145 ], [ 80.597868724654788, 7.312687921726205 ], [ 80.597931051504816, 7.312652859526869 ], [ 80.597981916962624, 7.312612248515925 ], [ 80.598166405668351, 7.312566829715136 ] ] ] ] } },
{ "type": "Feature", "properties": { "GND_N": "Mahathenna", "GND_NO": "458", "GND_C": "335", "PROVINCE_N": "CENTRAL", "PROVINCE_C": "2", "DISTRICT_N": "KANDY", "DISTRICT_C": "1", "DSD_N": "HARISPATTUWA", "DSD_C": "33", "Admin_Code": "2133335", "GND_NO_Cen": "458", "GND_NAME_C": "Mahathenna", "GND_NO_Gaz": "458", "GND_NAME_G": "මහතැන්න", "shape_1": "Polygon", "Area__Ha_": 122.721398259, "MWS_ID": "112-2", "Alt_MWS": null, "Area": 1.2272139825899999, "Tot_Pop": 1075.0, "Density": 875.96785503599995 }, "geometry": { "type": "MultiPolygon", "coordinates": [ [ [ [ 80.577852805227451, 7.312700078800623 ], [ 80.57793861788781, 7.312623630898985 ], [ 80.577947439501045, 7.312623637494264 ], [ 80.57802674802808, 7.312588691360622 ], [ 80.578186803970226, 7.312558391737369 ], [ 80.578258189827991, 7.312520233623887 ], [ 80.578344016568181, 7.312495882361039 ], [ 80.578429529032817, 7.312469441106687 ], [ 80.578433902800214, 7.312465112334914 ], [ 80.578508201627358, 7.312436692055875 ], [ 80.578525645721996, 7.312432292153182 ], [ 80.578547431793012, 7.31242788239893 ], [ 80.578686469029009, 7.312395101017598 ], [ 80.578710219491228, 7.312395014669931 ], [ 80.578718847295249, 7.312394983184419 ], [ 80.578913980094129, 7.312390018166569 ], [ 80.578928736753227, 7.312396359249243 ], [ 80.579025920012199, 7.312341331741843 ], [ 80.579239684036779, 7.312291166976836 ], [ 80.579277331447443, 7.312289591866996 ], [ 80.579287799606064, 7.312287597939968 ], [ 80.579472320500187, 7.312312871446153 ], [ 80.579495453588891, 7.312272756856873 ], [ 80.579507077815535, 7.312257478359722 ], [ 80.579731302747362, 7.312070549798839 ], [ 80.57976202107875, 7.312055361912429 ], [ 80.579815626029955, 7.312025077670807 ], [ 80.580081267003521, 7.311894055428263 ], [ 80.580103718198274, 7.311886716859672 ], [ 80.580129834777651, 7.311879418770055 ], [ 80.580266982684833, 7.311769241559451 ], [ 80.580289274671586, 7.311732362145415 ], [ 80.580344285185845, 7.311714593056934 ], [ 80.580814147875245, 7.31157047440972 ], [ 80.581063743579392, 7.311495984162319 ], [ 80.581319779377182, 7.311334548112637 ], [ 80.581544173566925, 7.311239145605049 ], [ 80.581782006435191, 7.311242350042833 ], [ 80.581953889077838, 7.311147664383027 ], [ 80.58205369661006, 7.311031496702599 ], [ 80.582065330670773, 7.311014146388349 ], [ 80.58243530432685, 7.310691806907538 ], [ 80.582464540643088, 7.31066844512964 ], [ 80.582764943693405, 7.310302080336251 ], [ 80.583192988961969, 7.310140421280011 ], [ 80.583221547402644, 7.310134702056584 ], [ 80.583238704823401, 7.310128984279534 ], [ 80.583472327733702, 7.310032238230547 ], [ 80.583494803400598, 7.310026631234106 ], [ 80.583771850600272, 7.309821182292997 ], [ 80.583982585805998, 7.30952611225282 ], [ 80.584112840355999, 7.309350755247008 ], [ 80.584370692090573, 7.30918818959853 ], [ 80.584741958403285, 7.308925979214065 ], [ 80.584824983984461, 7.308992390118646 ], [ 80.584950571473854, 7.309069038569512 ], [ 80.585097099062153, 7.309102649362846 ], [ 80.585173003037468, 7.309137450080691 ], [ 80.585253846674107, 7.309174517246888 ], [ 80.585365696197044, 7.309185958806608 ], [ 80.585465050688967, 7.309190884992678 ], [ 80.585543378934958, 7.309228627459792 ], [ 80.585626540724789, 7.309181458156615 ], [ 80.58570926330512, 7.309106344867179 ], [ 80.585745779590027, 7.309067566719954 ], [ 80.585843973621536, 7.309032430921963 ], [ 80.585936719737134, 7.309025326113206 ], [ 80.586021154231076, 7.30897110282506 ], [ 80.58605597899691, 7.308862963195558 ], [ 80.586091987203787, 7.308740537020024 ], [ 80.58618900408122, 7.308702416456162 ], [ 80.586300855898358, 7.308706079895267 ], [ 80.586413879340526, 7.308727741186401 ], [ 80.586537780043159, 7.308728516783548 ], [ 80.586625737607108, 7.308695727684714 ], [ 80.586714431400026, 7.308633096964431 ], [ 80.586798770622195, 7.308589635564809 ], [ 80.586886193787933, 7.308535323839279 ], [ 80.586950231012977, 7.308523504397147 ], [ 80.58698553404993, 7.308569457680868 ], [ 80.587094931413802, 7.308598892454223 ], [ 80.587209216662799, 7.308633123851883 ], [ 80.587213884508714, 7.308639927957055 ], [ 80.587219747975823, 7.308635742600376 ], [ 80.587355134063614, 7.308539096171476 ], [ 80.58766139296381, 7.308443686854043 ], [ 80.587851646996853, 7.308436186553116 ], [ 80.587872498081083, 7.308442646545673 ], [ 80.587875894471168, 7.308442629878816 ], [ 80.588086112933311, 7.308484793864136 ], [ 80.588249815303769, 7.308559833191481 ], [ 80.588256480713042, 7.308563338326797 ], [ 80.588457179947554, 7.308645451976023 ], [ 80.588457248737683, 7.308695408276788 ], [ 80.588454886314253, 7.308715754958041 ], [ 80.588453595734819, 7.308767661268533 ], [ 80.588477484031444, 7.308820934517951 ], [ 80.588506270798106, 7.308879700718713 ], [ 80.588672775549114, 7.308694540351457 ], [ 80.588729074792298, 7.30863193372873 ], [ 80.588871953678037, 7.308471722148114 ], [ 80.589030294578592, 7.308305052095272 ], [ 80.589259345197746, 7.307555176335796 ], [ 80.590007663888514, 7.30615393038984 ], [ 80.59000757567523, 7.306152614595933 ], [ 80.589992494933384, 7.305662840928445 ], [ 80.59012587868375, 7.305078696939999 ], [ 80.59024864925631, 7.304864312563524 ], [ 80.590405289317999, 7.304684383303427 ], [ 80.590483167006823, 7.304395679386961 ], [ 80.590491085294488, 7.303887482794697 ], [ 80.590548432399544, 7.30367807938605 ], [ 80.590549957101032, 7.303503781460536 ], [ 80.590290564507228, 7.303474315579393 ], [ 80.590260628511132, 7.303463726536262 ], [ 80.589900574753131, 7.3033005976289 ], [ 80.58932261705101, 7.303129369717889 ], [ 80.588887391701562, 7.303205022027105 ], [ 80.588705125656134, 7.303111932633705 ], [ 80.588571663487812, 7.302999978961152 ], [ 80.588376372475992, 7.303037878308273 ], [ 80.588249990034143, 7.303021660381336 ], [ 80.587999238849775, 7.302990628736918 ], [ 80.587992007330627, 7.302974466770245 ], [ 80.587679679459455, 7.303057219108408 ], [ 80.587480107270466, 7.303148788328945 ], [ 80.587286792821644, 7.303276060965401 ], [ 80.586990663902881, 7.303360785551845 ], [ 80.586958986262459, 7.303350408976094 ], [ 80.586416295931045, 7.303403522018082 ], [ 80.58607117513121, 7.303359841822362 ], [ 80.585490537391863, 7.3033055583887 ], [ 80.58492415460222, 7.303227593008989 ], [ 80.584903068440269, 7.303233632028028 ], [ 80.584402174638214, 7.303187403970972 ], [ 80.584059024933097, 7.303120617301799 ], [ 80.5840441565486, 7.303121920394724 ], [ 80.583790956160456, 7.303144988768836 ], [ 80.583454882379073, 7.303239655753595 ], [ 80.583106108102271, 7.30333396436985 ], [ 80.582714573912071, 7.303399392718653 ], [ 80.582522082144763, 7.303306104760956 ], [ 80.582406269547121, 7.303186343726609 ], [ 80.582282732778594, 7.303086641247178 ], [ 80.582118970618836, 7.302982953357922 ], [ 80.581657252406742, 7.302653648792609 ], [ 80.581330006088422, 7.302462591638522 ], [ 80.580948298526394, 7.302291716370303 ], [ 80.580204528881026, 7.302003536033609 ], [ 80.580179618779681, 7.302140760020904 ], [ 80.579896169991144, 7.303233694376339 ], [ 80.579362945523314, 7.303739766126649 ], [ 80.579053708947214, 7.303931248655116 ], [ 80.578970470495307, 7.30394332988374 ], [ 80.578950719655396, 7.303958693444948 ], [ 80.57891428454802, 7.304018543085354 ], [ 80.578887011611812, 7.30404493671966 ], [ 80.578854672469177, 7.304058396642628 ], [ 80.578790277321332, 7.304059272759983 ], [ 80.578726874694098, 7.304070729614918 ], [ 80.578659701074571, 7.304095896712701 ], [ 80.578639038443328, 7.304104488460625 ], [ 80.578538272952599, 7.304149592398044 ], [ 80.578505099100198, 7.304160181680856 ], [ 80.578460192156683, 7.304174515949602 ], [ 80.57839224908399, 7.304209031324352 ], [ 80.578268501953261, 7.304277975131541 ], [ 80.578229000155261, 7.304308794427749 ], [ 80.57822708491021, 7.304336916417281 ], [ 80.578277448088144, 7.304338326624098 ], [ 80.578206923597236, 7.304397869151853 ], [ 80.577995526322425, 7.304568962113951 ], [ 80.577850484836105, 7.304700455019036 ], [ 80.577706637576185, 7.304877754817436 ], [ 80.577289902739722, 7.305185618295162 ], [ 80.576710304556116, 7.305668278360719 ], [ 80.576701097355794, 7.305670081982841 ], [ 80.576212820871447, 7.306247020672821 ], [ 80.575712378059208, 7.306606105717375 ], [ 80.575529740150984, 7.306576388745738 ], [ 80.575521789215529, 7.306701738356302 ], [ 80.575519987787033, 7.306730125337199 ], [ 80.575494583039912, 7.306829316632053 ], [ 80.575474000430049, 7.306881395142736 ], [ 80.575405042779167, 7.306957506486083 ], [ 80.575344157598678, 7.307009295747667 ], [ 80.575313942171221, 7.30704872422851 ], [ 80.575298573461907, 7.307068779272839 ], [ 80.575259056702535, 7.307132061748264 ], [ 80.57522714480946, 7.307202039429169 ], [ 80.575210065232895, 7.307321309871998 ], [ 80.575206876233935, 7.307363908208347 ], [ 80.575206803670014, 7.307364149624061 ], [ 80.575200074801643, 7.307387381704642 ], [ 80.575194725617706, 7.307397782385187 ], [ 80.575117968383793, 7.307493176204805 ], [ 80.575031220214271, 7.307596950219852 ], [ 80.575025629051609, 7.307603640447871 ], [ 80.574979862674311, 7.307667373160219 ], [ 80.574966336107266, 7.30773600347992 ], [ 80.574963231823219, 7.307791616534153 ], [ 80.574985663330352, 7.307854252928411 ], [ 80.575001224637262, 7.307897706959949 ], [ 80.575026277080312, 7.307972865457537 ], [ 80.575026431895665, 7.308035714364923 ], [ 80.575013287173036, 7.30806265753748 ], [ 80.574971601446137, 7.308113097956 ], [ 80.574928841762997, 7.308136772424687 ], [ 80.574869033051826, 7.308213249479405 ], [ 80.574822805955051, 7.308288285713712 ], [ 80.574770335357556, 7.308344201350368 ], [ 80.574763107124326, 7.308351906371668 ], [ 80.574759105635962, 7.308356170165565 ], [ 80.574665781809571, 7.308439775275569 ], [ 80.574601361726138, 7.308492829769422 ], [ 80.574558954393424, 7.308542546383993 ], [ 80.574512004528586, 7.308615412844575 ], [ 80.574483533060686, 7.308687653655666 ], [ 80.574464409095725, 7.308722098917919 ], [ 80.574451649483578, 7.308809018117893 ], [ 80.574447417780462, 7.308837841683096 ], [ 80.574445580035899, 7.308898519374781 ], [ 80.57445448892723, 7.308931913727134 ], [ 80.574460226860566, 7.308953416022385 ], [ 80.574474417857587, 7.309018984106968 ], [ 80.574490980479439, 7.309045126687159 ], [ 80.574549112497039, 7.309076531901843 ], [ 80.574639845693497, 7.309119164102981 ], [ 80.574726769088741, 7.309170839389489 ], [ 80.574776837709109, 7.309208208445023 ], [ 80.574833163401891, 7.309230389863292 ], [ 80.574851541876029, 7.309246675470247 ], [ 80.574855851588183, 7.309328697384868 ], [ 80.574855279676896, 7.309392269403086 ], [ 80.57487671847835, 7.309453137450491 ], [ 80.57488060030542, 7.309479454307708 ], [ 80.575853684556876, 7.309993468737402 ], [ 80.575874738209251, 7.310014583549842 ], [ 80.575884155385509, 7.310019411271115 ], [ 80.575898267677417, 7.310052807909641 ], [ 80.576190180788046, 7.310297085852944 ], [ 80.576209407601638, 7.31031630352273 ], [ 80.576310758331701, 7.310669360908766 ], [ 80.576199210075458, 7.310804951857835 ], [ 80.576184572995828, 7.310829270120596 ], [ 80.576140538478967, 7.310902431935489 ], [ 80.576022338496017, 7.311064681353006 ], [ 80.5760074418221, 7.311094284221741 ], [ 80.575997497409105, 7.311114046891721 ], [ 80.575937114957867, 7.311327067653816 ], [ 80.57598816594485, 7.311658517101606 ], [ 80.576025607070974, 7.311682764449495 ], [ 80.576030559748176, 7.311708588024605 ], [ 80.576041092763219, 7.311727710504888 ], [ 80.576077964784361, 7.311811644091206 ], [ 80.576125842526622, 7.311943377515965 ], [ 80.576179870974983, 7.312162535033996 ], [ 80.576185367987406, 7.312188379647784 ], [ 80.576209278629591, 7.312233301404334 ], [ 80.576167347546956, 7.312327670880279 ], [ 80.576159153971304, 7.312357324655645 ], [ 80.576157061397382, 7.312571687069062 ], [ 80.576097805231441, 7.31279346466988 ], [ 80.576054309198611, 7.313108895824127 ], [ 80.576052306930947, 7.313128634892223 ], [ 80.576014034327997, 7.31360397385793 ], [ 80.575945358823873, 7.313977408234244 ], [ 80.57600160777865, 7.313925339249765 ], [ 80.576124200965424, 7.313832844983697 ], [ 80.57615396509965, 7.313813173409042 ], [ 80.576271128993767, 7.313731730848748 ], [ 80.576425767020737, 7.313627134912378 ], [ 80.576503633067759, 7.313583978279301 ], [ 80.576537752576343, 7.313554485201609 ], [ 80.576652707995081, 7.313483715912326 ], [ 80.57666390943649, 7.313472389999283 ], [ 80.576732765537784, 7.313443229701737 ], [ 80.576944588053891, 7.313281745892448 ], [ 80.577128206726769, 7.313187344938388 ], [ 80.577363601579094, 7.313053220077619 ], [ 80.577499666804727, 7.312970722974869 ], [ 80.577607369649044, 7.312906669180617 ], [ 80.577642276578032, 7.312871992011752 ], [ 80.577646644021286, 7.312867653297893 ], [ 80.577679445086687, 7.31283725615287 ], [ 80.57773431404388, 7.312798069891464 ], [ 80.577747538449032, 7.312793682629208 ], [ 80.577754127605687, 7.312789326806988 ], [ 80.577767325794113, 7.312782778256089 ], [ 80.577835244919186, 7.312715333840311 ], [ 80.577852805227451, 7.312700078800623 ] ] ] ] } },
{ "type": "Feature", "properties": { "GND_N": "Gohagoda", "GND_NO": "429", "GND_C": "360", "PROVINCE_N": "CENTRAL", "PROVINCE_C": "2", "DISTRICT_N": "KANDY", "DISTRICT_C": "1", "DSD_N": "HARISPATTUWA", "DSD_C": "33", "Admin_Code": "2133360", "GND_NO_Cen": "429", "GND_NAME_C": "Gohagoda", "GND_NO_Gaz": "429", "GND_NAME_G": "ගොහාගොඩ", "shape_1": "Polygon", "Area__Ha_": 42.433325054400001, "MWS_ID": "112-2", "Alt_MWS": null, "Area": 0.42433325053999998, "Tot_Pop": 2145.0, "Density": 5054.9892030600004 }, "geometry": { "type": "MultiPolygon", "coordinates": [ [ [ [ 80.616533137162932, 7.310073733126734 ], [ 80.616661465388944, 7.30999598060473 ], [ 80.617074490146067, 7.309745730034773 ], [ 80.617073620948304, 7.309744939368057 ], [ 80.616970987765868, 7.309651471556385 ], [ 80.616859963345917, 7.309590959840416 ], [ 80.616790515484212, 7.309553109237633 ], [ 80.616781963765391, 7.309545581517161 ], [ 80.616965209777277, 7.309049893616998 ], [ 80.617464752626859, 7.308802409639585 ], [ 80.61760757301299, 7.308646241788536 ], [ 80.617709521201277, 7.308632434604308 ], [ 80.617873599462214, 7.308557808707448 ], [ 80.617889798715936, 7.308547992776453 ], [ 80.618156448259199, 7.308330606300548 ], [ 80.618491647080162, 7.308189180595471 ], [ 80.618518828641569, 7.308174832506195 ], [ 80.618631225297136, 7.307984261259651 ], [ 80.618633141608385, 7.307956298202341 ], [ 80.618622274939099, 7.307620741428334 ], [ 80.618624046913084, 7.307593716985489 ], [ 80.618626257777208, 7.307560014426494 ], [ 80.618628021554912, 7.307533116582973 ], [ 80.61862199192818, 7.307526425353606 ], [ 80.618596594017589, 7.307258532404771 ], [ 80.618640071478751, 7.306847341625444 ], [ 80.618992424731303, 7.306581882027113 ], [ 80.619178262358474, 7.306533220301521 ], [ 80.619620488491577, 7.30635093573419 ], [ 80.619879352760265, 7.306244232036885 ], [ 80.619875325079988, 7.306241732053635 ], [ 80.61984082600712, 7.30621594838497 ], [ 80.619803959424033, 7.30623185040626 ], [ 80.619774885698021, 7.306234100168567 ], [ 80.619691380182573, 7.306234252946964 ], [ 80.619647909589489, 7.306225738316913 ], [ 80.619590408961031, 7.306190811381412 ], [ 80.619567507543479, 7.306154178288828 ], [ 80.619539637931311, 7.306079836787918 ], [ 80.619503163908519, 7.306006304357456 ], [ 80.619467057791127, 7.305916674571955 ], [ 80.619445980126955, 7.305844684803166 ], [ 80.619412677041097, 7.305773594179096 ], [ 80.61938289268744, 7.305730811238152 ], [ 80.619291718818843, 7.305647674157617 ], [ 80.619185146933475, 7.305565345567945 ], [ 80.619134441000213, 7.305530331416421 ], [ 80.619091615403462, 7.305485373587948 ], [ 80.619024002621231, 7.305362907527613 ], [ 80.618961103695838, 7.305231038360446 ], [ 80.618931510326519, 7.305162933191938 ], [ 80.618895757994224, 7.305098082264054 ], [ 80.618828588449418, 7.305003378401202 ], [ 80.61876703469342, 7.304907410466767 ], [ 80.618730014905239, 7.304841202630319 ], [ 80.618682870555119, 7.304722723501169 ], [ 80.618643784747846, 7.304607863486992 ], [ 80.618616093014282, 7.304540935459206 ], [ 80.618553094394215, 7.304435741301578 ], [ 80.618526480272692, 7.30439775311859 ], [ 80.61849542899445, 7.304355057394314 ], [ 80.61842400205272, 7.304267858594139 ], [ 80.618343335176448, 7.304180836504175 ], [ 80.618285480415651, 7.304123755691602 ], [ 80.618225356888587, 7.304079604691611 ], [ 80.618161153423429, 7.304052904378556 ], [ 80.618095314261552, 7.304039135906232 ], [ 80.617995598659405, 7.304035212431527 ], [ 80.617899050142341, 7.30403680538474 ], [ 80.617830944379449, 7.304032350389019 ], [ 80.617734041663269, 7.304013598195898 ], [ 80.617676985397509, 7.304006525488722 ], [ 80.617626354575648, 7.304011029195498 ], [ 80.61755941318242, 7.304046091661665 ], [ 80.617498351925946, 7.304092913017577 ], [ 80.617441825517972, 7.304121650826032 ], [ 80.617362477907449, 7.304146399851088 ], [ 80.617296713791916, 7.304176580365543 ], [ 80.617257779995299, 7.304206705219221 ], [ 80.617164528116831, 7.30413165687081 ], [ 80.61715892274978, 7.304126598941311 ], [ 80.617131639156611, 7.3041227315646 ], [ 80.616984220802735, 7.304056879808678 ], [ 80.616502524981968, 7.304391705404979 ], [ 80.616482716027235, 7.304319173372401 ], [ 80.616474326380199, 7.304222861338696 ], [ 80.616466013274078, 7.304171133226451 ], [ 80.616445291370411, 7.304116506047107 ], [ 80.616443183995116, 7.304116009742983 ], [ 80.616423014052529, 7.304111252297939 ], [ 80.616372192397236, 7.304145508234315 ], [ 80.616353102280556, 7.304157909394074 ], [ 80.616329343132023, 7.304173345543465 ], [ 80.616288512833762, 7.304187952722706 ], [ 80.616260410072314, 7.30419800673131 ], [ 80.616212486067539, 7.304205820983957 ], [ 80.616180159938992, 7.304211092444561 ], [ 80.61615154449899, 7.304203485247517 ], [ 80.616134433979667, 7.3041809620554 ], [ 80.616110649376907, 7.304082202935342 ], [ 80.616101878085232, 7.304043044451327 ], [ 80.616093558871128, 7.304003508129411 ], [ 80.616088406948208, 7.30397901418621 ], [ 80.616057001386096, 7.303914617639256 ], [ 80.616012013912609, 7.303848044132 ], [ 80.615861452268135, 7.303690463029594 ], [ 80.61581419128018, 7.303642427788806 ], [ 80.615759684758515, 7.303599452247564 ], [ 80.615696025573229, 7.303565879990981 ], [ 80.615593788091843, 7.303525511722418 ], [ 80.615528951981702, 7.3034957389002 ], [ 80.615450629555312, 7.303437110412404 ], [ 80.615408438999509, 7.303393327156658 ], [ 80.615392996720573, 7.303358463523352 ], [ 80.615344512470571, 7.303248995854569 ], [ 80.61534346271398, 7.303246628017619 ], [ 80.615308802543097, 7.303168754351317 ], [ 80.615273242030483, 7.30308102527846 ], [ 80.615196302633422, 7.302954304209048 ], [ 80.615136559762334, 7.302862677992909 ], [ 80.615092293099494, 7.302802164380754 ], [ 80.615038784309888, 7.302750508716496 ], [ 80.615010712564128, 7.302737386305693 ], [ 80.614184352248358, 7.302832273393476 ], [ 80.614164262800074, 7.302059046433449 ], [ 80.61353521578981, 7.302100690084607 ], [ 80.613472559643427, 7.301418766863077 ], [ 80.613205962475078, 7.301439605194991 ], [ 80.613127723908363, 7.301236469799879 ], [ 80.612751912747825, 7.301383804622555 ], [ 80.612211784949025, 7.301801539828969 ], [ 80.612185244784527, 7.301833345326994 ], [ 80.61203387334163, 7.301961942569455 ], [ 80.612176866327601, 7.302222927275287 ], [ 80.612441618661038, 7.302374889221601 ], [ 80.612366742205452, 7.303026790403741 ], [ 80.612371401136897, 7.303260281921571 ], [ 80.612505425865493, 7.303376368792287 ], [ 80.612446177256032, 7.303423551835753 ], [ 80.612434124422734, 7.30344308037789 ], [ 80.612405467882752, 7.303543627426588 ], [ 80.612365507857874, 7.303595610263763 ], [ 80.612332974345406, 7.303648048851099 ], [ 80.61229218991744, 7.303675750878411 ], [ 80.612266842329205, 7.30369296861336 ], [ 80.612159246368634, 7.303768666567911 ], [ 80.612202939334367, 7.303834377272443 ], [ 80.612241832781876, 7.30388092859445 ], [ 80.61228509521149, 7.303932707461362 ], [ 80.61230270328042, 7.303953781380475 ], [ 80.612424482274832, 7.304055016997733 ], [ 80.612434167554184, 7.30406307151422 ], [ 80.612423608254616, 7.304084916514462 ], [ 80.612329755525664, 7.30427907037065 ], [ 80.61225518350038, 7.30437046726694 ], [ 80.612235379136536, 7.304394006274916 ], [ 80.612166568993501, 7.304475785288462 ], [ 80.61212414699726, 7.304553070471402 ], [ 80.612245730594779, 7.304591914670492 ], [ 80.612405972299385, 7.304562885140718 ], [ 80.612465015932969, 7.304603947417319 ], [ 80.612558024437035, 7.304639026494256 ], [ 80.612637451547741, 7.304807394705914 ], [ 80.612379003513624, 7.305332913600666 ], [ 80.612380985610883, 7.305344152078508 ], [ 80.612337281329459, 7.305579787277697 ], [ 80.612343010394454, 7.305844140263104 ], [ 80.612318507835951, 7.306126738298658 ], [ 80.612316656723152, 7.306220743404076 ], [ 80.612833511462071, 7.307046487023499 ], [ 80.61300001284684, 7.307088546728301 ], [ 80.613246109631206, 7.30718894633786 ], [ 80.61344908497216, 7.307299967547103 ], [ 80.613683817481132, 7.307484830022629 ], [ 80.61390767399395, 7.307708750678691 ], [ 80.614083255439667, 7.307966547090973 ], [ 80.614214509826255, 7.308104727275988 ], [ 80.614358758142998, 7.308205946949672 ], [ 80.61438329288832, 7.308220591882983 ], [ 80.614631255862818, 7.30836770493497 ], [ 80.614799087304988, 7.308460695640783 ], [ 80.614983992965577, 7.30869803522432 ], [ 80.615161872509304, 7.308886970378233 ], [ 80.61575722273966, 7.309688298212183 ], [ 80.615839267093861, 7.309731214832465 ], [ 80.615925484889232, 7.309814935015532 ], [ 80.616190762201001, 7.309958475970208 ], [ 80.616334069919418, 7.310043605355626 ], [ 80.616551046989471, 7.310011507237642 ], [ 80.616533137162932, 7.310073733126734 ] ] ] ] } },
{ "type": "Feature", "properties": { "GND_N": "Kurundugahamada", "GND_NO": "448", "GND_C": "325", "PROVINCE_N": "CENTRAL", "PROVINCE_C": "2", "DISTRICT_N": "KANDY", "DISTRICT_C": "1", "DSD_N": "HARISPATTUWA", "DSD_C": "33", "Admin_Code": "2133325", "GND_NO_Cen": "448", "GND_NAME_C": "Kurundugahamada", "GND_NO_Gaz": "448", "GND_NAME_G": "කුරුඳුගga", "shape_1": "Polygon", "Area__Ha_": 21.738960524100001, "MWS_ID": "112-2", "Alt_MWS": null, "Area": 0.21738960524000001, "Tot_Pop": 411.0, "Density": 1890.6147768400001 }, "geometry": { "type": "MultiPolygon", "coordinates": [ [ [ [ 80.593403909617294, 7.307058796311844 ], [ 80.593104941419227, 7.306664010983702 ], [ 80.593039939170239, 7.306489046684185 ], [ 80.59297721793709, 7.306521885296752 ], [ 80.592962671303965, 7.30652684037855 ], [ 80.592739223470019, 7.306664958311226 ], [ 80.592725332233968, 7.30667735695161 ], [ 80.59247327790888, 7.306775203634367 ], [ 80.592302328416551, 7.306767848883386 ], [ 80.59169095034224, 7.30648660117808 ], [ 80.591676978027948, 7.306601564637659 ], [ 80.59166424903529, 7.306719208952328 ], [ 80.591617468851481, 7.306831503950415 ], [ 80.591556150670911, 7.306905563675326 ], [ 80.591527577075496, 7.30694007365048 ], [ 80.591514838498, 7.306950890198417 ], [ 80.591410159262168, 7.307039768997022 ], [ 80.59137880186708, 7.307060237648252 ], [ 80.591302441756937, 7.307110079421961 ], [ 80.591241975786687, 7.307129035888084 ], [ 80.591173092058298, 7.307150629448932 ], [ 80.591048624385337, 7.307210171757681 ], [ 80.59098134907353, 7.307260538988094 ], [ 80.590954581908136, 7.307280579047728 ], [ 80.590865975349189, 7.307353338829691 ], [ 80.590779105989384, 7.307381969435842 ], [ 80.590712062437319, 7.307436831998253 ], [ 80.590603073173867, 7.30751799333441 ], [ 80.590508491616831, 7.307584150092316 ], [ 80.5904360134451, 7.30763548450467 ], [ 80.59043306924967, 7.307637101085136 ], [ 80.590373143545222, 7.307670001970083 ], [ 80.590295859601767, 7.307736888348417 ], [ 80.590219844888793, 7.307800701518651 ], [ 80.59012516653668, 7.307879426122433 ], [ 80.590025141847462, 7.307962400518446 ], [ 80.590023514419499, 7.307964303399001 ], [ 80.589977207021406, 7.308018446449127 ], [ 80.589885622063591, 7.308063173288621 ], [ 80.58980001191027, 7.308116852442826 ], [ 80.589673622450718, 7.308223055473474 ], [ 80.589621393405025, 7.308251265215372 ], [ 80.589567723058025, 7.308280252957005 ], [ 80.589481605208704, 7.308372004700082 ], [ 80.589473036189773, 7.308381134585693 ], [ 80.589377176033281, 7.308467637327962 ], [ 80.589321447366999, 7.308532722054829 ], [ 80.589314858251015, 7.308539569399291 ], [ 80.589236455731324, 7.308621037872624 ], [ 80.58918136685071, 7.308719978049311 ], [ 80.58916117915085, 7.308747264174527 ], [ 80.589089555995898, 7.308828151255352 ], [ 80.589014942635316, 7.308934040086731 ], [ 80.589013431934646, 7.30893618446008 ], [ 80.588947011526031, 7.309013835377024 ], [ 80.588891184202666, 7.309098003458361 ], [ 80.58882050690498, 7.309177913336941 ], [ 80.58875094441693, 7.309258030752036 ], [ 80.5887503354909, 7.309258733140245 ], [ 80.588736053829066, 7.309275181851227 ], [ 80.588723969882665, 7.309286142372067 ], [ 80.588670184217889, 7.309334928707825 ], [ 80.588589903738338, 7.309418994333432 ], [ 80.588538339716678, 7.309489508300268 ], [ 80.588484442005978, 7.309511551688177 ], [ 80.588394015418217, 7.309598597241646 ], [ 80.588341362670604, 7.309630167031619 ], [ 80.588322261990029, 7.309765099685393 ], [ 80.588186322728916, 7.310228698616488 ], [ 80.58805834475902, 7.310609124168632 ], [ 80.588037472748965, 7.310855608748831 ], [ 80.587898046474038, 7.311356635090791 ], [ 80.587753928911056, 7.311877796368292 ], [ 80.587717537927418, 7.31243143449189 ], [ 80.587776081836424, 7.312799082376001 ], [ 80.587851357770333, 7.31297066776192 ], [ 80.587909799086574, 7.313103879350176 ], [ 80.58811687309624, 7.313382165709526 ], [ 80.588232068964501, 7.313570023403057 ], [ 80.588494330250057, 7.313529942053322 ], [ 80.588756426026876, 7.313487020977931 ], [ 80.588937510710707, 7.31320427818255 ], [ 80.588937684463531, 7.313195936084189 ], [ 80.589239774775479, 7.312873737277273 ], [ 80.589252497723848, 7.312868368300754 ], [ 80.589585724502683, 7.312754439833911 ], [ 80.589898984680104, 7.312470335225153 ], [ 80.58991551401617, 7.312428557956031 ], [ 80.590192355415454, 7.311756806063868 ], [ 80.590678772015337, 7.311140270986618 ], [ 80.590894636305492, 7.310844583016086 ], [ 80.590989095792466, 7.310577419132902 ], [ 80.591129933430238, 7.310271231098454 ], [ 80.591141389747506, 7.310251342999931 ], [ 80.59124363246967, 7.310103252407122 ], [ 80.591361973668739, 7.30993184376731 ], [ 80.591765625794622, 7.309435268694621 ], [ 80.591805056772898, 7.309372914312185 ], [ 80.592148549626728, 7.308831278260625 ], [ 80.592193674073613, 7.308748223105496 ], [ 80.592713396837198, 7.308487534299738 ], [ 80.593464686912441, 7.30825398826728 ], [ 80.593403909617294, 7.307058796311844 ] ] ] ] } },
{ "type": "Feature", "properties": { "GND_N": "Hamangoda North", "GND_NO": "436", "GND_C": "305", "PROVINCE_N": "CENTRAL", "PROVINCE_C": "2", "DISTRICT_N": "KANDY", "DISTRICT_C": "1", "DSD_N": "HARISPATTUWA", "DSD_C": "33", "Admin_Code": "2133305", "GND_NO_Cen": "436", "GND_NAME_C": "Hamangoda North", "GND_NO_Gaz": "436", "GND_NAME_G": "හමංගොඩ උa", "shape_1": "Polygon", "Area__Ha_": 67.582506607699997, "MWS_ID": "112-2", "Alt_MWS": null, "Area": 0.67582506608000004, "Tot_Pop": 2526.0, "Density": 3737.6536130300001 }, "geometry": { "type": "MultiPolygon", "coordinates": [ [ [ [ 80.609329461990981, 7.313893044676761 ], [ 80.60956955225069, 7.313519877800263 ], [ 80.609566872390431, 7.313499963190198 ], [ 80.609757994777183, 7.313212599889086 ], [ 80.609793481169874, 7.31319152469567 ], [ 80.610049539953749, 7.31296581067071 ], [ 80.610441982222042, 7.31278224555017 ], [ 80.610928986962449, 7.312492449428255 ], [ 80.611260770008315, 7.312213476505357 ], [ 80.611275972748331, 7.312192704842884 ], [ 80.611661212410553, 7.311913129021812 ], [ 80.612096685439695, 7.311887555982045 ], [ 80.612457982796485, 7.311866344138311 ], [ 80.612496095897342, 7.311864106280447 ], [ 80.612548366768934, 7.31188503272404 ], [ 80.612574859945468, 7.311929097203497 ], [ 80.612608360153715, 7.311959493900861 ], [ 80.612648295306983, 7.311975333678555 ], [ 80.612732890048605, 7.311974008838302 ], [ 80.612762771485947, 7.311970863669226 ], [ 80.612814224148451, 7.311965447483312 ], [ 80.612896102876348, 7.311961045193568 ], [ 80.612935950249238, 7.311971730395685 ], [ 80.612973074083115, 7.312000048486457 ], [ 80.613026038967263, 7.312055320497437 ], [ 80.613112412691152, 7.312138365751329 ], [ 80.613143619222413, 7.312190009047085 ], [ 80.61336256701712, 7.311876874384335 ], [ 80.613404353495355, 7.311847656133282 ], [ 80.613622451520129, 7.311536646133698 ], [ 80.613861818818435, 7.31127349389576 ], [ 80.613894369673091, 7.31120423612537 ], [ 80.613436551396276, 7.310381008221699 ], [ 80.613245412515028, 7.310012196597645 ], [ 80.612917977627674, 7.309731362046934 ], [ 80.613195810540446, 7.309311022989173 ], [ 80.614799087304988, 7.308460695640783 ], [ 80.614631255862818, 7.30836770493497 ], [ 80.61438329288832, 7.308220591882983 ], [ 80.614358758142998, 7.308205946949672 ], [ 80.614214509826255, 7.308104727275988 ], [ 80.614083255439667, 7.307966547090973 ], [ 80.61390767399395, 7.307708750678691 ], [ 80.613683817481132, 7.307484830022629 ], [ 80.61344908497216, 7.307299967547103 ], [ 80.613246109631206, 7.30718894633786 ], [ 80.61300001284684, 7.307088546728301 ], [ 80.612833511462071, 7.307046487023499 ], [ 80.612316656723152, 7.306220743404076 ], [ 80.612318507835951, 7.306126738298658 ], [ 80.612343010394454, 7.305844140263104 ], [ 80.612337281329459, 7.305579787277697 ], [ 80.612380985610883, 7.305344152078508 ], [ 80.612379003513624, 7.305332913600666 ], [ 80.612637451547741, 7.304807394705914 ], [ 80.612558024437035, 7.304639026494256 ], [ 80.612465015932969, 7.304603947417319 ], [ 80.612405972299385, 7.304562885140718 ], [ 80.612245730594779, 7.304591914670492 ], [ 80.61212414699726, 7.304553070471402 ], [ 80.612166568993501, 7.304475785288462 ], [ 80.612235379136536, 7.304394006274916 ], [ 80.61225518350038, 7.30437046726694 ], [ 80.612329755525664, 7.30427907037065 ], [ 80.612423608254616, 7.304084916514462 ], [ 80.612214464868316, 7.304118310519313 ], [ 80.612105829528602, 7.304135656199266 ], [ 80.611941708085538, 7.304164352333819 ], [ 80.611776142042402, 7.304180660756063 ], [ 80.611632612306693, 7.304113237914469 ], [ 80.611555939138213, 7.304006321458178 ], [ 80.611539242547749, 7.303912678532348 ], [ 80.611531445143171, 7.303868948173692 ], [ 80.611555496269801, 7.303773828932799 ], [ 80.611458309027583, 7.303751453566486 ], [ 80.611343930516611, 7.303720032494499 ], [ 80.611332831759697, 7.303716145365057 ], [ 80.611276981179188, 7.303696588406885 ], [ 80.611217511916607, 7.303675764999802 ], [ 80.611051692929053, 7.30364143126564 ], [ 80.610962825006766, 7.303625171920143 ], [ 80.610912043470051, 7.303615878790861 ], [ 80.610764674849733, 7.303651726433133 ], [ 80.61059346633445, 7.303737300058101 ], [ 80.610446084214189, 7.303809590044403 ], [ 80.610348454463775, 7.303850165432072 ], [ 80.610281946400463, 7.303877805363052 ], [ 80.610092627775487, 7.303955143888262 ], [ 80.609893157751486, 7.304052914902035 ], [ 80.609801610464075, 7.304103493988532 ], [ 80.609718957990765, 7.304149159651876 ], [ 80.609669318033312, 7.304175366069749 ], [ 80.609582265560036, 7.304221325788952 ], [ 80.609559433962303, 7.304233381640088 ], [ 80.609543331004431, 7.304237474888062 ], [ 80.609398566500403, 7.304274287024602 ], [ 80.609229537344177, 7.30434566338965 ], [ 80.609050723569709, 7.304425267016303 ], [ 80.608895635410846, 7.304514373637113 ], [ 80.608789011655986, 7.30457727345345 ], [ 80.608701131957702, 7.304650398815432 ], [ 80.608588246566086, 7.304748654448662 ], [ 80.608511300422805, 7.304887164840482 ], [ 80.608488313928234, 7.304967082081446 ], [ 80.608458611121591, 7.305070356740233 ], [ 80.608427304451382, 7.305231491630793 ], [ 80.608418151524319, 7.305277473767719 ], [ 80.608396451996072, 7.305386477436024 ], [ 80.608367323539184, 7.305537755338749 ], [ 80.608337473515547, 7.305678543975909 ], [ 80.608277916181677, 7.305820407611456 ], [ 80.608192631273624, 7.305977543441442 ], [ 80.608112328593322, 7.306132148162102 ], [ 80.608041895738182, 7.306292726746594 ], [ 80.607909149185218, 7.306457440941004 ], [ 80.607796262010964, 7.3065587700746 ], [ 80.607770244487426, 7.306584016590092 ], [ 80.607664071470566, 7.306687041954017 ], [ 80.60754193437171, 7.306819476436482 ], [ 80.607427337204015, 7.306920428643087 ], [ 80.607421162815612, 7.30692586751305 ], [ 80.607299655673927, 7.307066259109781 ], [ 80.607187301344794, 7.307197341607238 ], [ 80.607119608603028, 7.307295432924162 ], [ 80.607091609636697, 7.307327072065662 ], [ 80.607148858527466, 7.307304215619335 ], [ 80.607299481377893, 7.307262501499181 ], [ 80.607305379009162, 7.307260867827813 ], [ 80.607466335300828, 7.307227920204083 ], [ 80.607607076942074, 7.307241628725079 ], [ 80.607733697922626, 7.307228472363087 ], [ 80.607883603418173, 7.307196335234681 ], [ 80.608004536025547, 7.307138686848396 ], [ 80.607950519377667, 7.307237234643929 ], [ 80.607887466927636, 7.307281521874871 ], [ 80.607787369019945, 7.307327061278357 ], [ 80.607694344152549, 7.307354517274518 ], [ 80.607613004294166, 7.307373206802278 ], [ 80.607490524900754, 7.307454276812979 ], [ 80.607434898264188, 7.307496034714092 ], [ 80.607389411585288, 7.307550547056012 ], [ 80.607346253529499, 7.307672339386677 ], [ 80.607326846788183, 7.307735724549293 ], [ 80.60730092778185, 7.307778126573315 ], [ 80.60719456935216, 7.307857755657344 ], [ 80.60712843709625, 7.307900323449868 ], [ 80.607091292130278, 7.307934853827401 ], [ 80.607035356963053, 7.308071743162402 ], [ 80.607010603662204, 7.308147515231023 ], [ 80.607010590381691, 7.308182782075702 ], [ 80.607017075172834, 7.308279093511476 ], [ 80.607013321983814, 7.308384804029159 ], [ 80.607000135714813, 7.308522253791444 ], [ 80.606987422465281, 7.308615752875056 ], [ 80.606987584307703, 7.308664585209425 ], [ 80.606973517988536, 7.308712243843668 ], [ 80.606942513305711, 7.308817305687345 ], [ 80.606912321511658, 7.308901846522923 ], [ 80.606881141577745, 7.308964773278195 ], [ 80.606822968447105, 7.309036192127133 ], [ 80.606769330860587, 7.309086541547859 ], [ 80.606705084753784, 7.309172877260373 ], [ 80.606633397881168, 7.309291404194353 ], [ 80.606587543944286, 7.309360747752632 ], [ 80.6065467582347, 7.309437507580394 ], [ 80.606484842626315, 7.309585608818966 ], [ 80.606443052964138, 7.309680182993157 ], [ 80.606373787873238, 7.309867979366684 ], [ 80.606349580105146, 7.309937601440943 ], [ 80.606239993590535, 7.31016182773805 ], [ 80.606187786042824, 7.310262086008858 ], [ 80.606177002103877, 7.310282799481475 ], [ 80.60614110597777, 7.310360012357464 ], [ 80.606058458180826, 7.310484956492186 ], [ 80.606020307769541, 7.310538114092648 ], [ 80.605960940732103, 7.310652124955209 ], [ 80.60590845609606, 7.310771020732519 ], [ 80.605879986960716, 7.310847513854692 ], [ 80.605866563864055, 7.310896611432101 ], [ 80.605863546644045, 7.310973838519934 ], [ 80.605855648634773, 7.311022215648909 ], [ 80.605835165245793, 7.31105774603698 ], [ 80.605801555493073, 7.311081154727414 ], [ 80.605778094480456, 7.311087114241108 ], [ 80.605725651538592, 7.311093514938325 ], [ 80.605650483354651, 7.311078746378723 ], [ 80.605599320392116, 7.311053587433762 ], [ 80.605561289595556, 7.311046717523299 ], [ 80.605580660300291, 7.31113407854733 ], [ 80.605745331714814, 7.311246135873703 ], [ 80.605879570904179, 7.311435904516502 ], [ 80.605935815418249, 7.3114861172074 ], [ 80.606109866813156, 7.311712334219902 ], [ 80.606275154245225, 7.312057118025335 ], [ 80.606277514585145, 7.312095258722873 ], [ 80.606309943992017, 7.312323895477512 ], [ 80.606408926347257, 7.312726468001691 ], [ 80.606503370770383, 7.31299851557821 ], [ 80.606527553204501, 7.313070634568112 ], [ 80.606647874680235, 7.313415190589574 ], [ 80.606735349830913, 7.313802642404204 ], [ 80.606916329471503, 7.313930214218897 ], [ 80.607290389226407, 7.313875316190727 ], [ 80.60770937405492, 7.313919531601441 ], [ 80.607943282721706, 7.313990036084836 ], [ 80.608346587917595, 7.314252499952136 ], [ 80.608448271670937, 7.314325063703174 ], [ 80.608601938806203, 7.314410214760232 ], [ 80.608686130102129, 7.314454873351521 ], [ 80.608806319196844, 7.314518626065917 ], [ 80.608936180838995, 7.314566783145906 ], [ 80.609329461990981, 7.313893044676761 ] ] ] ] } },
{ "type": "Feature", "properties": { "GND_N": "Yatiwawala", "GND_NO": "415", "GND_C": "285", "PROVINCE_N": "CENTRAL", "PROVINCE_C": "2", "DISTRICT_N": "KANDY", "DISTRICT_C": "1", "DSD_N": "HARISPATTUWA", "DSD_C": "33", "Admin_Code": "2133285", "GND_NO_Cen": "415", "GND_NAME_C": "Yatiwawala", "GND_NO_Gaz": "415", "GND_NAME_G": "යටිවාවල", "shape_1": "Polygon", "Area__Ha_": 46.240251453299997, "MWS_ID": "112-2", "Alt_MWS": null, "Area": 0.46240251452999998, "Tot_Pop": 1896.0, "Density": 4100.3237231800003 }, "geometry": { "type": "MultiPolygon", "coordinates": [ [ [ [ 80.61378986902109, 7.327845001261552 ], [ 80.613906845756986, 7.327799729897302 ], [ 80.613994750661689, 7.327815052450225 ], [ 80.61407041562542, 7.32786721450312 ], [ 80.614216308419358, 7.327891401083296 ], [ 80.614354419119863, 7.327825229780328 ], [ 80.614476702310156, 7.327773070308402 ], [ 80.614603062257217, 7.327740895510044 ], [ 80.614770970457229, 7.327738717695997 ], [ 80.614890063919589, 7.327745924321309 ], [ 80.615048289338617, 7.327757445801184 ], [ 80.615144658865404, 7.327708591117605 ], [ 80.615265822849494, 7.327703203281532 ], [ 80.615484232086288, 7.327772909884803 ], [ 80.61564004822803, 7.327776936353539 ], [ 80.615779990292353, 7.327662168127026 ], [ 80.615884833828517, 7.327681712207414 ], [ 80.61595365392499, 7.327780514447275 ], [ 80.616168784640479, 7.327844825396832 ], [ 80.616318389994433, 7.327836571725471 ], [ 80.616448082678076, 7.327736625657598 ], [ 80.616610944712889, 7.327666566720592 ], [ 80.616640323368443, 7.327666566298297 ], [ 80.616755386211253, 7.32764347510655 ], [ 80.616767989590514, 7.327643541069365 ], [ 80.616919313472224, 7.32764432900771 ], [ 80.617163361751068, 7.327578932266947 ], [ 80.617301772859648, 7.327522371969456 ], [ 80.617325538960799, 7.327513756955009 ], [ 80.617510337912492, 7.327489558929507 ], [ 80.617623079971906, 7.327464436538651 ], [ 80.617739885015112, 7.327414159704314 ], [ 80.618272650208141, 7.327214501171757 ], [ 80.618370870150983, 7.327318685834004 ], [ 80.618382534385958, 7.327503577906127 ], [ 80.618388622443106, 7.327522546854683 ], [ 80.618443252212089, 7.327664213945135 ], [ 80.61864317655629, 7.327680117473433 ], [ 80.618892163808283, 7.327676145270111 ], [ 80.618914222313649, 7.327675985693458 ], [ 80.619157015953022, 7.327675010743057 ], [ 80.61932643790874, 7.32766170885306 ], [ 80.619331953879254, 7.327661709873767 ], [ 80.619407348371581, 7.327626633921674 ], [ 80.619407270199588, 7.327601544963767 ], [ 80.61941977963717, 7.327577585346952 ], [ 80.619471415329144, 7.327551015995852 ], [ 80.619583564459575, 7.327498789191271 ], [ 80.619593882016559, 7.327492892220963 ], [ 80.61967243549519, 7.32744799842185 ], [ 80.619718278336819, 7.327415370919659 ], [ 80.619729335649467, 7.327394574937819 ], [ 80.619734555808549, 7.327349422285209 ], [ 80.619735241717436, 7.327343483073953 ], [ 80.619751472573427, 7.327294295644383 ], [ 80.619796529854838, 7.327179376454118 ], [ 80.61983666754179, 7.327141137573552 ], [ 80.619851801245147, 7.327118715264002 ], [ 80.619855988011594, 7.327104502010009 ], [ 80.619867943461713, 7.327063921131194 ], [ 80.619876828051687, 7.327040052478428 ], [ 80.619898574203432, 7.327013473585351 ], [ 80.619924123271332, 7.326998108443495 ], [ 80.619981731230595, 7.326989991564349 ], [ 80.620045231900761, 7.326963789796713 ], [ 80.620105024980973, 7.326930893095172 ], [ 80.620213548733332, 7.326879747317175 ], [ 80.620326693573958, 7.326831137870972 ], [ 80.620340918698687, 7.326829795394278 ], [ 80.620385930959046, 7.326825550834866 ], [ 80.620459291898527, 7.32683461926796 ], [ 80.62052994116253, 7.326835551656464 ], [ 80.62062603687329, 7.326850506796722 ], [ 80.620697225402537, 7.326850441901403 ], [ 80.620762099177568, 7.326847563338927 ], [ 80.620806460324872, 7.326845596447051 ], [ 80.620837257265876, 7.326837921435412 ], [ 80.620851346077899, 7.326830040797605 ], [ 80.620889438954976, 7.32680873234534 ], [ 80.620918695786742, 7.32680467038366 ], [ 80.620949216739859, 7.326809294669927 ], [ 80.62100853075593, 7.326841327413599 ], [ 80.621040503773699, 7.326842877570826 ], [ 80.621070305863853, 7.326836195122536 ], [ 80.621118774658981, 7.326805105691701 ], [ 80.621170045179269, 7.326783690532003 ], [ 80.621173088091695, 7.326782159695068 ], [ 80.621212442122896, 7.326762365450204 ], [ 80.62122603595374, 7.326742656369557 ], [ 80.62122751408279, 7.326721818161258 ], [ 80.621229404517607, 7.326695180811201 ], [ 80.621227710130157, 7.32661849548142 ], [ 80.621221431382466, 7.326550851583552 ], [ 80.621220224005938, 7.326537828325025 ], [ 80.621224398387952, 7.326506903565558 ], [ 80.621259916619337, 7.326471287243024 ], [ 80.621292256190614, 7.326463068341734 ], [ 80.621345331236739, 7.326464262218357 ], [ 80.621403483080513, 7.326454607125994 ], [ 80.621448841309657, 7.326426693397069 ], [ 80.62145503064005, 7.326422884802012 ], [ 80.621528770221971, 7.326392346603404 ], [ 80.62159479993133, 7.326391283249744 ], [ 80.621625228602795, 7.326392922359596 ], [ 80.621647144482395, 7.326406947468389 ], [ 80.62167429746701, 7.326460039286957 ], [ 80.621691048606266, 7.326477316294374 ], [ 80.621740590895641, 7.326479595880405 ], [ 80.621803359731345, 7.326473920343818 ], [ 80.621869576610479, 7.326455406712554 ], [ 80.621914454533112, 7.326446595231534 ], [ 80.621923834104464, 7.32644475458008 ], [ 80.622008979945349, 7.326431763661318 ], [ 80.622051554443416, 7.32641541040803 ], [ 80.622094230524652, 7.32636966739349 ], [ 80.622103022685764, 7.326358711179846 ], [ 80.622159744481905, 7.326288032343085 ], [ 80.622174185968319, 7.326260594459476 ], [ 80.622195816472725, 7.326219498662526 ], [ 80.622212221604855, 7.326186768574637 ], [ 80.622248281726812, 7.326160647520834 ], [ 80.622294111443665, 7.326157406823099 ], [ 80.622356337970317, 7.326150917151427 ], [ 80.622464486593827, 7.326141190404768 ], [ 80.622536586822022, 7.326131357265107 ], [ 80.622605337591878, 7.326121615208268 ], [ 80.622654530418103, 7.326088988542464 ], [ 80.622756094001559, 7.326000763407693 ], [ 80.622760662730968, 7.325994943074969 ], [ 80.62283309457608, 7.325902635909542 ], [ 80.622838100966618, 7.325896256867046 ], [ 80.622893132083618, 7.325824089780493 ], [ 80.622902528574556, 7.325812454626111 ], [ 80.622910904980728, 7.325804118015061 ], [ 80.6229364147366, 7.325778731216948 ], [ 80.6229637768229, 7.325753058385111 ], [ 80.622982622129271, 7.325738324695591 ], [ 80.622999834014067, 7.325732633462249 ], [ 80.623014599427265, 7.325724500685338 ], [ 80.623070307729648, 7.325711407292606 ], [ 80.623098929898575, 7.325708976330668 ], [ 80.623116952909996, 7.32570979633878 ], [ 80.623147659842161, 7.325708087716037 ], [ 80.623170572071061, 7.325711441430141 ], [ 80.623208793893539, 7.32571245188227 ], [ 80.623246930226799, 7.325703872186064 ], [ 80.623285064651341, 7.325687609541531 ], [ 80.62333081268811, 7.325666102725883 ], [ 80.623384170968251, 7.325641255289989 ], [ 80.623414794173172, 7.32561413303887 ], [ 80.62346045304615, 7.325583133727828 ], [ 80.623506388213229, 7.325549328458645 ], [ 80.6235444399085, 7.325512628552173 ], [ 80.623597803980033, 7.325470684370092 ], [ 80.623613306640237, 7.325441281750262 ], [ 80.623620733958646, 7.325427196159417 ], [ 80.623651365178986, 7.325379100431864 ], [ 80.623666505777294, 7.325330362818931 ], [ 80.623681830742044, 7.3252828026683 ], [ 80.623712279538381, 7.325238409988314 ], [ 80.623742818641091, 7.325192122825258 ], [ 80.62378087672532, 7.325144479043741 ], [ 80.623826815160342, 7.325098193477122 ], [ 80.623872478239434, 7.32505724499921 ], [ 80.623910711071005, 7.325025697830407 ], [ 80.623956459671717, 7.324999579011536 ], [ 80.623994680930849, 7.324999411995129 ], [ 80.624032719891375, 7.325005303733332 ], [ 80.624063329737893, 7.325019962869987 ], [ 80.624093666743832, 7.325035257636218 ], [ 80.624124279186177, 7.325039608637701 ], [ 80.624135288847114, 7.32504369618644 ], [ 80.624147189640738, 7.32504811681921 ], [ 80.624177800980377, 7.325055723301853 ], [ 80.624200528972821, 7.325073455293555 ], [ 80.624246360671833, 7.325072024806533 ], [ 80.624286425139033, 7.325069108407715 ], [ 80.62429210334659, 7.325068694347431 ], [ 80.62433032896665, 7.325061021602203 ], [ 80.624376070742755, 7.325049643755753 ], [ 80.624398989366838, 7.325036720887523 ], [ 80.624421908484919, 7.325027684705848 ], [ 80.624437037540631, 7.325018104217178 ], [ 80.624452348648518, 7.325008524693743 ], [ 80.624475268523682, 7.324991893281706 ], [ 80.624505711254059, 7.324965135326 ], [ 80.624528634901168, 7.324934668100269 ], [ 80.624559261683473, 7.324904658334807 ], [ 80.624589613687561, 7.32487564139746 ], [ 80.624620236492262, 7.32484933474072 ], [ 80.624650678561579, 7.324824477616105 ], [ 80.624673598828608, 7.324803958601694 ], [ 80.624688912837044, 7.324791120872678 ], [ 80.624704221489438, 7.324780728372467 ], [ 80.624719351020161, 7.32476970008747 ], [ 80.624749880749931, 7.324753432944983 ], [ 80.624757587657498, 7.324732004500283 ], [ 80.624780511051284, 7.324704882271897 ], [ 80.62481856297839, 7.324672341135405 ], [ 80.624849189378196, 7.324637988893316 ], [ 80.624879544511003, 7.32460227829691 ], [ 80.624910169995331, 7.324567926954358 ], [ 80.624947316915538, 7.324541214629239 ], [ 80.624951274131703, 7.324538369219224 ], [ 80.624915745998692, 7.324462404082052 ], [ 80.62493981391107, 7.324154360067676 ], [ 80.62494286064549, 7.324001829845782 ], [ 80.624891988985482, 7.323849282389084 ], [ 80.624736204447188, 7.3239000733947 ], [ 80.624652418748482, 7.323636855450341 ], [ 80.624843223501557, 7.323580463259573 ], [ 80.624825634294609, 7.323354684900885 ], [ 80.624760315719001, 7.323396892887679 ], [ 80.624698951862456, 7.323414101877198 ], [ 80.624682052887479, 7.323418841054231 ], [ 80.624607326374715, 7.323431746479597 ], [ 80.624580404736335, 7.323433243066298 ], [ 80.624482784699353, 7.323438667604513 ], [ 80.62436929554778, 7.323437995389466 ], [ 80.624314679044431, 7.323442858367094 ], [ 80.624276982998182, 7.323491857871547 ], [ 80.62427544279069, 7.32349321380348 ], [ 80.62425551333196, 7.323502973526776 ], [ 80.624231128974031, 7.32355695208682 ], [ 80.62418492235166, 7.323601427199585 ], [ 80.624162633653185, 7.323623935867776 ], [ 80.624161096444013, 7.323627131149542 ], [ 80.624135712545907, 7.323679903931954 ], [ 80.624107899075696, 7.323701777718072 ], [ 80.624116405157636, 7.323730176565467 ], [ 80.624134594239351, 7.323775216929894 ], [ 80.624169712418905, 7.323841607244707 ], [ 80.624183472350339, 7.323862951602478 ], [ 80.624061376007901, 7.324272933257474 ], [ 80.623484740858828, 7.324733847426208 ], [ 80.623430308901277, 7.324704336050327 ], [ 80.623092932179844, 7.324268940341263 ], [ 80.622833921821282, 7.323434555343304 ], [ 80.622816810098584, 7.323243041973796 ], [ 80.622837341525369, 7.323003985130347 ], [ 80.622705594789906, 7.32283645632349 ], [ 80.622607798330293, 7.32273853320951 ], [ 80.622528211211375, 7.322665708853266 ], [ 80.6224389521295, 7.322533829387377 ], [ 80.622400842493875, 7.32247060568598 ], [ 80.622387383079158, 7.322368325492425 ], [ 80.622369213650231, 7.322266673985485 ], [ 80.622290979258679, 7.322211304877775 ], [ 80.622248719656199, 7.322211257861309 ], [ 80.622171420939992, 7.322211171714832 ], [ 80.622024330402979, 7.322210440383916 ], [ 80.621975423705365, 7.322210197542929 ], [ 80.621822982732837, 7.322223438482063 ], [ 80.621702332039888, 7.322276057244217 ], [ 80.621685834376748, 7.322283253434092 ], [ 80.621640808720429, 7.322304064931535 ], [ 80.62153119952967, 7.322354727819439 ], [ 80.621469777439827, 7.322372790914862 ], [ 80.621420325805587, 7.322387334962681 ], [ 80.621313830721832, 7.322335028778246 ], [ 80.621194107826057, 7.322294746124049 ], [ 80.621111075142409, 7.322233766683321 ], [ 80.621007922236487, 7.322199907520233 ], [ 80.620850776982905, 7.322202384415615 ], [ 80.620752183052957, 7.32220394192487 ], [ 80.620693994926626, 7.322204862285963 ], [ 80.620527141812019, 7.32224974563895 ], [ 80.620322595867748, 7.322276026145397 ], [ 80.620284304357341, 7.322280945838395 ], [ 80.62019295651821, 7.322214084485324 ], [ 80.620183071166409, 7.322206848454308 ], [ 80.620151726179387, 7.322171393488756 ], [ 80.620117974711789, 7.322133214834617 ], [ 80.620068592042344, 7.322084917046135 ], [ 80.620061677329019, 7.322078153184606 ], [ 80.61998619832616, 7.322114268287885 ], [ 80.619918162820085, 7.322149782795337 ], [ 80.619815067026536, 7.322217388707407 ], [ 80.619677088160884, 7.322323049928053 ], [ 80.619627079089355, 7.322359386342246 ], [ 80.619574632989611, 7.322366330299576 ], [ 80.619479891478136, 7.322371993494658 ], [ 80.619415038221192, 7.32238019913224 ], [ 80.619365849322094, 7.322399534033124 ], [ 80.619317924476704, 7.32243279470571 ], [ 80.619276789257626, 7.322475643335895 ], [ 80.619249059653782, 7.322516234982286 ], [ 80.619238101738702, 7.322556101804246 ], [ 80.619232010177782, 7.322578265008366 ], [ 80.619203207900554, 7.322578256764849 ], [ 80.619091525301727, 7.322592321253156 ], [ 80.619090198281739, 7.322592670754251 ], [ 80.6189959599199, 7.322617516965911 ], [ 80.618927297627963, 7.322639740584251 ], [ 80.618888953314254, 7.322647888494797 ], [ 80.618858910653998, 7.322654272301319 ], [ 80.618783101193969, 7.322653342379456 ], [ 80.618727853568785, 7.322647534608246 ], [ 80.61867169640027, 7.322652579031696 ], [ 80.618624590466041, 7.32267236582595 ], [ 80.618594218646706, 7.322695271988377 ], [ 80.618545135771626, 7.322732292255485 ], [ 80.618521102302708, 7.322755075840766 ], [ 80.618501464004879, 7.322773693041029 ], [ 80.618473291943801, 7.32278444434827 ], [ 80.61844494198094, 7.322785969909564 ], [ 80.618415329098013, 7.322775560961977 ], [ 80.618388569176417, 7.322768001562501 ], [ 80.618348038966062, 7.322756546120631 ], [ 80.618285269899033, 7.322766833122468 ], [ 80.618272298294187, 7.322773710300909 ], [ 80.618212162727104, 7.322805600166014 ], [ 80.618177095340585, 7.322831700450939 ], [ 80.618166863313149, 7.322839315594276 ], [ 80.618132270985697, 7.322884663190723 ], [ 80.618118383307163, 7.322902871841861 ], [ 80.618082400467401, 7.322974477141244 ], [ 80.618081843971552, 7.323008930823787 ], [ 80.618117594290041, 7.323080475428817 ], [ 80.618118745265704, 7.323153001698779 ], [ 80.618080048439296, 7.323218004643724 ], [ 80.618030649664846, 7.323254171984693 ], [ 80.618142500277216, 7.323362690379584 ], [ 80.618239088205925, 7.323456399975505 ], [ 80.618364512177692, 7.323559976555572 ], [ 80.618397192224563, 7.323621002133099 ], [ 80.618311231511697, 7.323719303872455 ], [ 80.618235830696491, 7.323776544079866 ], [ 80.618193567577791, 7.323855463879662 ], [ 80.618191867750227, 7.323929316659815 ], [ 80.618182530425315, 7.323988716022575 ], [ 80.618177773279371, 7.32405873439504 ], [ 80.618138432137357, 7.324124490397474 ], [ 80.618064475610893, 7.324167085922721 ], [ 80.61810767983809, 7.324280798000483 ], [ 80.618109911710221, 7.324362586499596 ], [ 80.618104859913615, 7.324428234278479 ], [ 80.618107082197085, 7.324508960219803 ], [ 80.618147457662474, 7.324587247107408 ], [ 80.618223904263843, 7.324675314926488 ], [ 80.618176571509778, 7.324744350735232 ], [ 80.618134416903814, 7.324797785545912 ], [ 80.618019696907538, 7.324862845848386 ], [ 80.617914358421189, 7.32490247956973 ], [ 80.617778056569051, 7.324885251656394 ], [ 80.617717429354116, 7.324864529030439 ], [ 80.617634819785579, 7.324828817992231 ], [ 80.617584608833127, 7.324771474824075 ], [ 80.617552342319414, 7.324691161497375 ], [ 80.617559990543768, 7.324611294507135 ], [ 80.617569954696847, 7.324526407653238 ], [ 80.617357693569716, 7.324631483963216 ], [ 80.617180389216855, 7.324708538293434 ], [ 80.616970870514848, 7.324775284773622 ], [ 80.616737030950816, 7.324813923181691 ], [ 80.616496496763531, 7.324886414315236 ], [ 80.616243349485714, 7.324950520673498 ], [ 80.616113931265048, 7.324996772121802 ], [ 80.616069790976681, 7.324910875833972 ], [ 80.615966218971025, 7.324913727277401 ], [ 80.615755728105, 7.32506662831654 ], [ 80.61561389748519, 7.325156130623355 ], [ 80.615382478870373, 7.325269903943076 ], [ 80.614761341645618, 7.325384934532918 ], [ 80.614768807847568, 7.325542792000605 ], [ 80.614275992524071, 7.325582151742634 ], [ 80.614356428120757, 7.326092087094645 ], [ 80.614223081848252, 7.326113975607957 ], [ 80.61411819107154, 7.326131119525962 ], [ 80.613991108843123, 7.326148073649176 ], [ 80.613874805162041, 7.3261643072828 ], [ 80.613744912958722, 7.326194734405765 ], [ 80.613627612551028, 7.326212053680335 ], [ 80.61342710362149, 7.326259475018812 ], [ 80.613394362862479, 7.326267219353337 ], [ 80.613342459915373, 7.326275972274742 ], [ 80.613354125025054, 7.326328062425119 ], [ 80.613355275589072, 7.326399593949707 ], [ 80.613353976516805, 7.32648251696986 ], [ 80.613327042458849, 7.326569954016724 ], [ 80.613259349862702, 7.326658008397474 ], [ 80.613179970596505, 7.326758174353131 ], [ 80.613146436298265, 7.326818388632178 ], [ 80.613116955098349, 7.326938559528216 ], [ 80.613105682973227, 7.327046075911018 ], [ 80.613101117357559, 7.327145003867651 ], [ 80.613078436817631, 7.327244198349843 ], [ 80.613054229396781, 7.327310475724135 ], [ 80.613052034464189, 7.327366088527238 ], [ 80.613033708260119, 7.327444123945596 ], [ 80.613018026368692, 7.327481104158934 ], [ 80.613091417183142, 7.32786077619243 ], [ 80.61320918752206, 7.327919803743499 ], [ 80.613333971744154, 7.327954518059661 ], [ 80.613468368256619, 7.327975308683915 ], [ 80.613615291977879, 7.327949038556134 ], [ 80.613721202244705, 7.327906678704492 ], [ 80.61378986902109, 7.327845001261552 ] ] ], [ [ [ 80.625605729626358, 7.320403362393477 ], [ 80.625594604635708, 7.319661401743047 ], [ 80.625554134800893, 7.319661894604344 ], [ 80.625193861610825, 7.319666280878911 ], [ 80.62510998682292, 7.319666252722367 ], [ 80.625021313485632, 7.319687755265253 ], [ 80.62494941490057, 7.319704480578057 ], [ 80.624877501978247, 7.319769056997314 ], [ 80.624807984682008, 7.319833635114864 ], [ 80.624748047017334, 7.319914964112462 ], [ 80.624683322689478, 7.31997715104068 ], [ 80.62456663437132, 7.32016968547873 ], [ 80.624558638678252, 7.320182876544898 ], [ 80.624525597976628, 7.320235743541688 ], [ 80.624473615494097, 7.320318919052025 ], [ 80.624441728388504, 7.320369939847049 ], [ 80.624431561523068, 7.320386207516776 ], [ 80.624348594048413, 7.320514861642495 ], [ 80.624291041419056, 7.3206296885187 ], [ 80.624221405224048, 7.320675646024425 ], [ 80.624199672907821, 7.320769969095764 ], [ 80.624310711357921, 7.32088037479971 ], [ 80.624315643828723, 7.320888777426847 ], [ 80.624377240149983, 7.320919649371543 ], [ 80.624616419151209, 7.320953179236624 ], [ 80.624602713917554, 7.3210676284559 ], [ 80.624585163882927, 7.321273078961062 ], [ 80.624576595604026, 7.321425994377043 ], [ 80.624575733125994, 7.321563267971698 ], [ 80.624572613586778, 7.321681730427528 ], [ 80.624567657931507, 7.321798098805615 ], [ 80.625625793195951, 7.321741674052796 ], [ 80.625625791430352, 7.321741537502668 ], [ 80.625609814459011, 7.320675802723991 ], [ 80.625605729626358, 7.320403362393477 ] ] ] ] } },
{ "type": "Feature", "properties": { "GND_N": "Banwelgolla", "GND_NO": "431", "GND_C": "380", "PROVINCE_N": "CENTRAL", "PROVINCE_C": "2", "DISTRICT_N": "KANDY", "DISTRICT_C": "1", "DSD_N": "HARISPATTUWA", "DSD_C": "33", "Admin_Code": "2133380", "GND_NO_Cen": "431", "GND_NAME_C": "Banwelgolla", "GND_NO_Gaz": "431", "GND_NAME_G": "බාන්වැලol", "shape_1": "Polygon", "Area__Ha_": 49.348058348599999, "MWS_ID": "112-2", "Alt_MWS": null, "Area": 0.49348058349000001, "Tot_Pop": 1161.0, "Density": 2352.6761515100002 }, "geometry": { "type": "MultiPolygon", "coordinates": [ [ [ [ 80.62108047237308, 7.307882879626383 ], [ 80.621753667016975, 7.307604985519681 ], [ 80.622312745883917, 7.30749691011136 ], [ 80.622872458293543, 7.307442479228119 ], [ 80.622859177617784, 7.306469600283336 ], [ 80.622811532562011, 7.305646516300856 ], [ 80.622810558542398, 7.305626443174532 ], [ 80.622792495597423, 7.30525411864677 ], [ 80.6224793853725, 7.303291173434432 ], [ 80.621661626123412, 7.300929285990398 ], [ 80.620921636291484, 7.29962480007005 ], [ 80.619181269762407, 7.297454673421896 ], [ 80.619010025307659, 7.297579140757764 ], [ 80.618276439743809, 7.298112333454087 ], [ 80.618114327931423, 7.298024800819024 ], [ 80.617852191627193, 7.298045586535027 ], [ 80.617831285178539, 7.298044653192729 ], [ 80.617601557345083, 7.298056454136904 ], [ 80.617582456982362, 7.298070494854386 ], [ 80.617466607462575, 7.298160420433899 ], [ 80.617508292717858, 7.298498475024585 ], [ 80.616731338474438, 7.299551238374727 ], [ 80.616731266233842, 7.299591506019487 ], [ 80.616733265491604, 7.299605678045087 ], [ 80.616743698649955, 7.299798238404944 ], [ 80.61675892571742, 7.299982842598651 ], [ 80.615991345841238, 7.300485560671605 ], [ 80.615923392150904, 7.300411756335298 ], [ 80.615853690381741, 7.300310359302559 ], [ 80.61584824300644, 7.300306886654937 ], [ 80.615757347194261, 7.300248922937008 ], [ 80.615582999251856, 7.300260435962902 ], [ 80.615399765514638, 7.300295005456711 ], [ 80.615406322428129, 7.30088088700618 ], [ 80.616489964357015, 7.30157831976966 ], [ 80.617033156364471, 7.302041129208703 ], [ 80.617220284379371, 7.302587684836792 ], [ 80.617213453281778, 7.30293961055746 ], [ 80.617201698267877, 7.303300779215747 ], [ 80.617079916637707, 7.303606172401122 ], [ 80.616984220802735, 7.304056879808678 ], [ 80.617131639156611, 7.3041227315646 ], [ 80.61715892274978, 7.304126598941311 ], [ 80.617164528116831, 7.30413165687081 ], [ 80.617257779995299, 7.304206705219221 ], [ 80.617296713791916, 7.304176580365543 ], [ 80.617362477907449, 7.304146399851088 ], [ 80.617441825517972, 7.304121650826032 ], [ 80.617498351925946, 7.304092913017577 ], [ 80.61755941318242, 7.304046091661665 ], [ 80.617626354575648, 7.304011029195498 ], [ 80.617676985397509, 7.304006525488722 ], [ 80.617734041663269, 7.304013598195898 ], [ 80.617830944379449, 7.304032350389019 ], [ 80.617899050142341, 7.30403680538474 ], [ 80.617995598659405, 7.304035212431527 ], [ 80.618095314261552, 7.304039135906232 ], [ 80.618161153423429, 7.304052904378556 ], [ 80.618225356888587, 7.304079604691611 ], [ 80.618285480415651, 7.304123755691602 ], [ 80.618343335176448, 7.304180836504175 ], [ 80.61842400205272, 7.304267858594139 ], [ 80.61849542899445, 7.304355057394314 ], [ 80.618526480272692, 7.30439775311859 ], [ 80.618553094394215, 7.304435741301578 ], [ 80.618616093014282, 7.304540935459206 ], [ 80.618643784747846, 7.304607863486992 ], [ 80.618682870555119, 7.304722723501169 ], [ 80.618730014905239, 7.304841202630319 ], [ 80.61876703469342, 7.304907410466767 ], [ 80.618828588449418, 7.305003378401202 ], [ 80.618895757994224, 7.305098082264054 ], [ 80.618931510326519, 7.305162933191938 ], [ 80.618961103695838, 7.305231038360446 ], [ 80.619024002621231, 7.305362907527613 ], [ 80.619091615403462, 7.305485373587948 ], [ 80.619134441000213, 7.305530331416421 ], [ 80.619185146933475, 7.305565345567945 ], [ 80.619291718818843, 7.305647674157617 ], [ 80.61938289268744, 7.305730811238152 ], [ 80.619412677041097, 7.305773594179096 ], [ 80.619445980126955, 7.305844684803166 ], [ 80.619467057791127, 7.305916674571955 ], [ 80.619503163908519, 7.306006304357456 ], [ 80.619539637931311, 7.306079836787918 ], [ 80.619567507543479, 7.306154178288828 ], [ 80.619590408961031, 7.306190811381412 ], [ 80.619647909589489, 7.306225738316913 ], [ 80.619691380182573, 7.306234252946964 ], [ 80.619774885698021, 7.306234100168567 ], [ 80.619803959424033, 7.30623185040626 ], [ 80.61984082600712, 7.30621594838497 ], [ 80.619875325079988, 7.306241732053635 ], [ 80.619879352760265, 7.306244232036885 ], [ 80.619919060910433, 7.306268875375292 ], [ 80.619958260269144, 7.306316366628502 ], [ 80.619985685697188, 7.306366021410027 ], [ 80.62003501054653, 7.306468947165921 ], [ 80.6200587107503, 7.306550163505247 ], [ 80.620124031213635, 7.306757360812954 ], [ 80.620157426948182, 7.30683342507828 ], [ 80.620175981217315, 7.306867070631502 ], [ 80.620197258367071, 7.306884078873963 ], [ 80.620269079967642, 7.306885369749885 ], [ 80.620487282679335, 7.306904999813192 ], [ 80.620518286559317, 7.306907789443328 ], [ 80.620518320975336, 7.306907791263842 ], [ 80.620599925959652, 7.306906464799114 ], [ 80.620661242255338, 7.306905399896308 ], [ 80.620689858009456, 7.306915447522856 ], [ 80.620711860520842, 7.306935439284074 ], [ 80.620764645622984, 7.306985285436307 ], [ 80.620790840479984, 7.307026659052109 ], [ 80.620798319294693, 7.307038470910844 ], [ 80.620814605053127, 7.307084594119956 ], [ 80.620826975003197, 7.307194924134303 ], [ 80.620833626022602, 7.307332422834506 ], [ 80.620835338234343, 7.307367830465433 ], [ 80.620838114920105, 7.307457447751041 ], [ 80.620848317640892, 7.307551769062241 ], [ 80.620850561821129, 7.307609826023949 ], [ 80.620833414254108, 7.307695999188359 ], [ 80.620811830585367, 7.307774214773242 ], [ 80.620806190615937, 7.307845381394788 ], [ 80.620833451379781, 7.307850544410821 ], [ 80.620920140627902, 7.307811418917057 ], [ 80.621039437483034, 7.30776552146471 ], [ 80.621061449699383, 7.307749703757854 ], [ 80.621065884423558, 7.30776164297513 ], [ 80.621077837070189, 7.307769241417629 ], [ 80.621078609621691, 7.307769277855636 ], [ 80.62108047237308, 7.307882879626383 ] ] ] ] } },
{ "type": "Feature", "properties": { "GND_N": "Haloluwa", "GND_NO": "435", "GND_C": "410", "PROVINCE_N": "CENTRAL", "PROVINCE_C": "2", "DISTRICT_N": "KANDY", "DISTRICT_C": "1", "DSD_N": "HARISPATTUWA", "DSD_C": "33", "Admin_Code": "2133410", "GND_NO_Cen": "435", "GND_NAME_C": "Haloluwa", "GND_NO_Gaz": "435", "GND_NAME_G": "හල්ඔළුව", "shape_1": "Polygon", "Area__Ha_": 77.212862026600007, "MWS_ID": "112-2", "Alt_MWS": null, "Area": 0.77212862026999995, "Tot_Pop": 2152.0, "Density": 2787.1004176199999 }, "geometry": { "type": "MultiPolygon", "coordinates": [ [ [ [ 80.609385340237665, 7.296209758421235 ], [ 80.609608830560987, 7.295868189340688 ], [ 80.609643961075477, 7.295806537047167 ], [ 80.609652195848241, 7.295739513221568 ], [ 80.609854115347588, 7.295640189511111 ], [ 80.609802014866659, 7.295565556350327 ], [ 80.609746447668613, 7.295512427111515 ], [ 80.609749509314241, 7.295508743209736 ], [ 80.609753849439642, 7.295503519752998 ], [ 80.609794350327391, 7.295454770198376 ], [ 80.609902674889995, 7.295371019299644 ], [ 80.610017238966137, 7.295303499274939 ], [ 80.61020623584362, 7.295440329119196 ], [ 80.610449629878303, 7.295689597170464 ], [ 80.610681250835967, 7.295947440794591 ], [ 80.610693636199386, 7.295966555046506 ], [ 80.610815243643927, 7.29624439577719 ], [ 80.610949305224779, 7.296500056697624 ], [ 80.611387301711176, 7.296425715919532 ], [ 80.611808183287579, 7.29637164474136 ], [ 80.612308921266461, 7.296352194439497 ], [ 80.612901852206036, 7.296421737665767 ], [ 80.613439395620986, 7.296591440546428 ], [ 80.613480939171708, 7.296593855543413 ], [ 80.613992939576576, 7.296682197542597 ], [ 80.614026686855553, 7.296685148651735 ], [ 80.614229737832332, 7.296644050496778 ], [ 80.614229885468816, 7.296644020707795 ], [ 80.61443722692664, 7.29660205405971 ], [ 80.614489072748597, 7.296578828455396 ], [ 80.614506368577779, 7.296571079356498 ], [ 80.615143358764612, 7.296261173953552 ], [ 80.615187172945753, 7.296227841632606 ], [ 80.61519593566355, 7.2962194790586 ], [ 80.615777201482672, 7.295677670767798 ], [ 80.615820858341039, 7.295643304708965 ], [ 80.615856096928354, 7.295613997035283 ], [ 80.616364867173772, 7.295118164948267 ], [ 80.616877859933524, 7.294697766124849 ], [ 80.616903385027115, 7.294673516317441 ], [ 80.61686470867491, 7.294615730408751 ], [ 80.616223724021481, 7.29373646668809 ], [ 80.61556011761563, 7.293170925455867 ], [ 80.614717469136835, 7.292531394373321 ], [ 80.614402919085919, 7.292215014701457 ], [ 80.614378126151095, 7.292195407777784 ], [ 80.613563744624031, 7.291708250617893 ], [ 80.613548669924597, 7.291697744430539 ], [ 80.612849214511584, 7.291476673123073 ], [ 80.612830291540277, 7.291466465748709 ], [ 80.612275680314212, 7.291337830360718 ], [ 80.611628546751859, 7.291264994931018 ], [ 80.611230347099337, 7.291190193185525 ], [ 80.611221059448425, 7.291185303848155 ], [ 80.611188646387731, 7.291170719177059 ], [ 80.611165523718327, 7.291160962350791 ], [ 80.611142467262752, 7.291155877172955 ], [ 80.610848295639286, 7.291041435028266 ], [ 80.610830037386762, 7.291036451064434 ], [ 80.610793538919495, 7.291021760874905 ], [ 80.610775325026793, 7.291021760534723 ], [ 80.610761658461456, 7.29101691841663 ], [ 80.61037712860599, 7.290867865060679 ], [ 80.610350250033633, 7.290853549131262 ], [ 80.610305436460635, 7.290834487165708 ], [ 80.61028296135072, 7.290829728611156 ], [ 80.609977156354958, 7.290711772037278 ], [ 80.609924794352494, 7.290687049942107 ], [ 80.609903523833268, 7.290667463968965 ], [ 80.609886494548959, 7.290652802577688 ], [ 80.609811370476109, 7.290613223446034 ], [ 80.609385417688387, 7.290259341306147 ], [ 80.60926329575922, 7.290022425082233 ], [ 80.609070691430134, 7.289585379666739 ], [ 80.608985874180647, 7.289597281453522 ], [ 80.608474735295346, 7.289669012939759 ], [ 80.608366159342481, 7.289601658170656 ], [ 80.608354594375669, 7.289593352380068 ], [ 80.608262679449794, 7.289495840776902 ], [ 80.608239857008641, 7.289475560550641 ], [ 80.608142311124652, 7.289335666708212 ], [ 80.608127457492273, 7.289315782812038 ], [ 80.608024607635159, 7.289211112254698 ], [ 80.608010098474125, 7.289202526834523 ], [ 80.607877795880682, 7.289160026001829 ], [ 80.607741432912377, 7.289166781860836 ], [ 80.607593415312493, 7.289184658054742 ], [ 80.60755504697336, 7.289230268491745 ], [ 80.607483291490595, 7.289304394478786 ], [ 80.607376376785851, 7.289427882214289 ], [ 80.607281147711888, 7.289544410261121 ], [ 80.607173687866478, 7.289672238391322 ], [ 80.607037512353614, 7.289816062794188 ], [ 80.606991330273942, 7.289858055758183 ], [ 80.606924085164607, 7.28991920027415 ], [ 80.606874962100292, 7.289947447635907 ], [ 80.606798984756566, 7.28999113582879 ], [ 80.60668122396801, 7.290055477964335 ], [ 80.606548950961255, 7.290176967414583 ], [ 80.606437513017624, 7.290285712186294 ], [ 80.606370618744052, 7.290434445637087 ], [ 80.60631096253006, 7.290602351193206 ], [ 80.606278774068656, 7.290753959793816 ], [ 80.606273582615614, 7.290778405646757 ], [ 80.60625899641434, 7.290837136385828 ], [ 80.60623412611973, 7.290937276670818 ], [ 80.606195571032046, 7.291112153270586 ], [ 80.606089199214694, 7.291230125540898 ], [ 80.605985910340252, 7.291343033950533 ], [ 80.605890681163714, 7.291460195593409 ], [ 80.605811173018679, 7.291544980091035 ], [ 80.605762929388831, 7.291596425715201 ], [ 80.605610572174115, 7.291661297079424 ], [ 80.605473432634398, 7.291714869464705 ], [ 80.60532471070033, 7.291743932651076 ], [ 80.605216646089829, 7.291792000618374 ], [ 80.605088822170742, 7.291883738857882 ], [ 80.604963440768401, 7.291977919601013 ], [ 80.604962932444877, 7.291978557845467 ], [ 80.604903972833185, 7.292056066718312 ], [ 80.604898029207362, 7.292060075043069 ], [ 80.604845828608234, 7.292125637025476 ], [ 80.604720450335748, 7.292213668445715 ], [ 80.604658282787454, 7.292386210058227 ], [ 80.604556242494439, 7.292669423963471 ], [ 80.604433619579879, 7.293133556399556 ], [ 80.604361236503621, 7.293676776445108 ], [ 80.603751444663217, 7.295672612902881 ], [ 80.603680161457149, 7.295847629543982 ], [ 80.604236023963296, 7.296020197933545 ], [ 80.605111771703747, 7.295894667266296 ], [ 80.606408741850728, 7.29598894482277 ], [ 80.60728883029816, 7.296144759764153 ], [ 80.607671524077276, 7.2962261724176 ], [ 80.607668833500028, 7.296397356664547 ], [ 80.60765319549914, 7.296447185997897 ], [ 80.607624763998928, 7.296537777385542 ], [ 80.607539215253823, 7.296680626026622 ], [ 80.6074596230834, 7.296828373670892 ], [ 80.607454564964229, 7.296837762050325 ], [ 80.607345075097143, 7.297065786028102 ], [ 80.607301466950375, 7.297117925319833 ], [ 80.607252833633154, 7.297176075428842 ], [ 80.607200466621237, 7.297228234943122 ], [ 80.607131697902261, 7.297299195976427 ], [ 80.607072445019398, 7.297307856882153 ], [ 80.607012596163983, 7.297316604369648 ], [ 80.606891854261292, 7.297353183314342 ], [ 80.606813506794595, 7.297369341823011 ], [ 80.606770009674847, 7.297434253461057 ], [ 80.606791185989309, 7.297478391338377 ], [ 80.606835718085776, 7.297551204347151 ], [ 80.606838706038772, 7.297574970519749 ], [ 80.606847381844872, 7.297643990088688 ], [ 80.606859285804475, 7.297738675857853 ], [ 80.606903878003479, 7.297894955937783 ], [ 80.606953895607319, 7.298069595373931 ], [ 80.606977284574441, 7.298250916652421 ], [ 80.606978368477257, 7.298306826420571 ], [ 80.606981282559133, 7.298457189386435 ], [ 80.606990952077027, 7.298508976948937 ], [ 80.60701120039711, 7.298617442877941 ], [ 80.607026138568642, 7.298675692746651 ], [ 80.607505588399903, 7.298687632685921 ], [ 80.607981539644612, 7.298699486712546 ], [ 80.608596355549565, 7.297185134666777 ], [ 80.609013327270119, 7.29659998984784 ], [ 80.609385340237665, 7.296209758421235 ] ] ] ] } },
{ "type": "Feature", "properties": { "GND_N": "Katugasthota", "GND_NO": "413", "GND_C": "290", "PROVINCE_N": "CENTRAL", "PROVINCE_C": "2", "DISTRICT_N": "KANDY", "DISTRICT_C": "1", "DSD_N": "HARISPATTUWA", "DSD_C": "33", "Admin_Code": "2133290", "GND_NO_Cen": "413", "GND_NAME_C": "Katugasthota", "GND_NO_Gaz": "413", "GND_NAME_G": "කටුගස්තth", "shape_1": "Polygon", "Area__Ha_": 8.1262508954099992, "MWS_ID": "112-2", "Alt_MWS": null, "Area": 0.08126250895000001, "Tot_Pop": 1421.0, "Density": 17486.538605400001 }, "geometry": { "type": "MultiPolygon", "coordinates": [ [ [ [ 80.623599453120548, 7.327482125133181 ], [ 80.623700566077972, 7.327390374673749 ], [ 80.62370062678265, 7.327390315914756 ], [ 80.623817778530423, 7.327421207692582 ], [ 80.62398487115837, 7.327465268512976 ], [ 80.623990627961845, 7.32745754501617 ], [ 80.624245050288224, 7.327187000834186 ], [ 80.624543507477853, 7.326892807598843 ], [ 80.624813190047234, 7.326648848354579 ], [ 80.625190762325602, 7.326254191712113 ], [ 80.625474854151662, 7.325916925640834 ], [ 80.625596780617954, 7.325716280304507 ], [ 80.625823729157872, 7.325342808319938 ], [ 80.625678357537808, 7.325250450390141 ], [ 80.625484551236042, 7.325151282164578 ], [ 80.625257660544733, 7.325008201628049 ], [ 80.625071676835546, 7.324915764760662 ], [ 80.625039704736182, 7.324726524408854 ], [ 80.625005323903707, 7.324653950795021 ], [ 80.624986239311241, 7.324613140486293 ], [ 80.624952603697565, 7.324541216407496 ], [ 80.624951274131703, 7.324538369219224 ], [ 80.624947316915538, 7.324541214629239 ], [ 80.624910169995331, 7.324567926954358 ], [ 80.624879544511003, 7.32460227829691 ], [ 80.624849189378196, 7.324637988893316 ], [ 80.62481856297839, 7.324672341135405 ], [ 80.624780511051284, 7.324704882271897 ], [ 80.624757587657498, 7.324732004500283 ], [ 80.624749880749931, 7.324753432944983 ], [ 80.624719351020161, 7.32476970008747 ], [ 80.624704221489438, 7.324780728372467 ], [ 80.624688912837044, 7.324791120872678 ], [ 80.624673598828608, 7.324803958601694 ], [ 80.624650678561579, 7.324824477616105 ], [ 80.624620236492262, 7.32484933474072 ], [ 80.624589613687561, 7.32487564139746 ], [ 80.624559261683473, 7.324904658334807 ], [ 80.624528634901168, 7.324934668100269 ], [ 80.624505711254059, 7.324965135326 ], [ 80.624475268523682, 7.324991893281706 ], [ 80.624452348648518, 7.325008524693743 ], [ 80.624437037540631, 7.325018104217178 ], [ 80.624421908484919, 7.325027684705848 ], [ 80.624398989366838, 7.325036720887523 ], [ 80.624376070742755, 7.325049643755753 ], [ 80.62433032896665, 7.325061021602203 ], [ 80.62429210334659, 7.325068694347431 ], [ 80.624286425139033, 7.325069108407715 ], [ 80.624246360671833, 7.325072024806533 ], [ 80.624200528972821, 7.325073455293555 ], [ 80.624177800980377, 7.325055723301853 ], [ 80.624147189640738, 7.32504811681921 ], [ 80.624135288847114, 7.32504369618644 ], [ 80.624124279186177, 7.325039608637701 ], [ 80.624093666743832, 7.325035257636218 ], [ 80.624063329737893, 7.325019962869987 ], [ 80.624032719891375, 7.325005303733332 ], [ 80.623994680930849, 7.324999411995129 ], [ 80.623956459671717, 7.324999579011536 ], [ 80.623910711071005, 7.325025697830407 ], [ 80.623872478239434, 7.32505724499921 ], [ 80.623826815160342, 7.325098193477122 ], [ 80.62378087672532, 7.325144479043741 ], [ 80.623742818641091, 7.325192122825258 ], [ 80.623712279538381, 7.325238409988314 ], [ 80.623681830742044, 7.3252828026683 ], [ 80.623666505777294, 7.325330362818931 ], [ 80.623651365178986, 7.325379100431864 ], [ 80.623620733958646, 7.325427196159417 ], [ 80.623613306640237, 7.325441281750262 ], [ 80.623597803980033, 7.325470684370092 ], [ 80.6235444399085, 7.325512628552173 ], [ 80.623506388213229, 7.325549328458645 ], [ 80.62346045304615, 7.325583133727828 ], [ 80.623414794173172, 7.32561413303887 ], [ 80.623384170968251, 7.325641255289989 ], [ 80.62333081268811, 7.325666102725883 ], [ 80.623285064651341, 7.325687609541531 ], [ 80.623246930226799, 7.325703872186064 ], [ 80.623208793893539, 7.32571245188227 ], [ 80.623170572071061, 7.325711441430141 ], [ 80.623147659842161, 7.325708087716037 ], [ 80.623116952909996, 7.32570979633878 ], [ 80.623098929898575, 7.325708976330668 ], [ 80.623070307729648, 7.325711407292606 ], [ 80.623014599427265, 7.325724500685338 ], [ 80.622999834014067, 7.325732633462249 ], [ 80.622982622129271, 7.325738324695591 ], [ 80.6229637768229, 7.325753058385111 ], [ 80.6229364147366, 7.325778731216948 ], [ 80.622910904980728, 7.325804118015061 ], [ 80.622902528574556, 7.325812454626111 ], [ 80.622893132083618, 7.325824089780493 ], [ 80.622838100966618, 7.325896256867046 ], [ 80.62283309457608, 7.325902635909542 ], [ 80.622760662730968, 7.325994943074969 ], [ 80.622756094001559, 7.326000763407693 ], [ 80.622654530418103, 7.326088988542464 ], [ 80.622605337591878, 7.326121615208268 ], [ 80.622536586822022, 7.326131357265107 ], [ 80.622464486593827, 7.326141190404768 ], [ 80.622356337970317, 7.326150917151427 ], [ 80.622294111443665, 7.326157406823099 ], [ 80.622248281726812, 7.326160647520834 ], [ 80.622212221604855, 7.326186768574637 ], [ 80.622195816472725, 7.326219498662526 ], [ 80.622174185968319, 7.326260594459476 ], [ 80.622159744481905, 7.326288032343085 ], [ 80.622103022685764, 7.326358711179846 ], [ 80.622094230524652, 7.32636966739349 ], [ 80.622051554443416, 7.32641541040803 ], [ 80.622008979945349, 7.326431763661318 ], [ 80.621923834104464, 7.32644475458008 ], [ 80.621914454533112, 7.326446595231534 ], [ 80.621869576610479, 7.326455406712554 ], [ 80.621803359731345, 7.326473920343818 ], [ 80.621740590895641, 7.326479595880405 ], [ 80.621691048606266, 7.326477316294374 ], [ 80.62167429746701, 7.326460039286957 ], [ 80.621647144482395, 7.326406947468389 ], [ 80.621625228602795, 7.326392922359596 ], [ 80.62159479993133, 7.326391283249744 ], [ 80.621528770221971, 7.326392346603404 ], [ 80.62145503064005, 7.326422884802012 ], [ 80.621448841309657, 7.326426693397069 ], [ 80.621463806566709, 7.32642489265857 ], [ 80.621543729604994, 7.326460053168562 ], [ 80.621552355833728, 7.326460166460756 ], [ 80.621579348368442, 7.326508372289845 ], [ 80.621628213922463, 7.326532094447199 ], [ 80.621625970367546, 7.326532200383338 ], [ 80.621693028841619, 7.326584190011943 ], [ 80.621758247890156, 7.326641094780543 ], [ 80.621818011462395, 7.326696002777803 ], [ 80.621861647147, 7.326770146952951 ], [ 80.621847780807286, 7.326842178830955 ], [ 80.621806920828803, 7.326926881550375 ], [ 80.621747778523272, 7.326979837914623 ], [ 80.621688976412045, 7.327007542679502 ], [ 80.621613426983501, 7.327027822790297 ], [ 80.621619645052689, 7.327037872619687 ], [ 80.621666081881301, 7.327112923885768 ], [ 80.621741518571639, 7.327120192360966 ], [ 80.621754867441609, 7.327325006710582 ], [ 80.621967635867492, 7.327428441396158 ], [ 80.6220586074746, 7.327471184557069 ], [ 80.622127294356872, 7.327442407014934 ], [ 80.622136532445182, 7.327438535250411 ], [ 80.622154358203858, 7.327431067309774 ], [ 80.622166820178137, 7.327431445056719 ], [ 80.622253898211738, 7.327434087413721 ], [ 80.62234074379964, 7.327477976663348 ], [ 80.622354093327615, 7.327489124936926 ], [ 80.62236594699921, 7.327499023858153 ], [ 80.622440615812963, 7.327561387413335 ], [ 80.622542660888442, 7.327654928867116 ], [ 80.622645258401946, 7.327719712802581 ], [ 80.622755656712343, 7.327756558277711 ], [ 80.622858543281239, 7.327773503822727 ], [ 80.62286289627005, 7.327773535149674 ], [ 80.622988517942318, 7.327774453350218 ], [ 80.623100466071079, 7.327781997195518 ], [ 80.623199171516077, 7.327778413599765 ], [ 80.623221004948277, 7.327771633345749 ], [ 80.623308925324494, 7.32773733327053 ], [ 80.62331863431038, 7.327731056200451 ], [ 80.623391745205183, 7.327671884594475 ], [ 80.62340483589233, 7.327661288824812 ], [ 80.623492811537659, 7.327581651585948 ], [ 80.623599453120548, 7.327482125133181 ] ] ] ] } },
{ "type": "Feature", "properties": { "GND_N": "Kumburegedara", "GND_NO": "441", "GND_C": "415", "PROVINCE_N": "CENTRAL", "PROVINCE_C": "2", "DISTRICT_N": "KANDY", "DISTRICT_C": "1", "DSD_N": "HARISPATTUWA", "DSD_C": "33", "Admin_Code": "2133415", "GND_NO_Cen": "441", "GND_NAME_C": "Kumburegedara", "GND_NO_Gaz": "441", "GND_NAME_G": "කුඹුරෙගge", "shape_1": "Polygon", "Area__Ha_": 32.406775897199999, "MWS_ID": "112-2", "Alt_MWS": null, "Area": 0.32406775897000001, "Tot_Pop": 902.0, "Density": 2783.3685241100002 }, "geometry": { "type": "MultiPolygon", "coordinates": [ [ [ [ 80.606437513017624, 7.290285712186294 ], [ 80.606548950961255, 7.290176967414583 ], [ 80.60668122396801, 7.290055477964335 ], [ 80.606798984756566, 7.28999113582879 ], [ 80.606874962100292, 7.289947447635907 ], [ 80.606924085164607, 7.28991920027415 ], [ 80.606991330273942, 7.289858055758183 ], [ 80.607037512353614, 7.289816062794188 ], [ 80.607173687866478, 7.289672238391322 ], [ 80.607281147711888, 7.289544410261121 ], [ 80.607376376785851, 7.289427882214289 ], [ 80.607483291490595, 7.289304394478786 ], [ 80.60755504697336, 7.289230268491745 ], [ 80.607593415312493, 7.289184658054742 ], [ 80.607741432912377, 7.289166781860836 ], [ 80.607877795880682, 7.289160026001829 ], [ 80.608010098474125, 7.289202526834523 ], [ 80.608024607635159, 7.289211112254698 ], [ 80.608127457492273, 7.289315782812038 ], [ 80.608142311124652, 7.289335666708212 ], [ 80.608239857008641, 7.289475560550641 ], [ 80.608262679449794, 7.289495840776902 ], [ 80.608354594375669, 7.289593352380068 ], [ 80.608366159342481, 7.289601658170656 ], [ 80.608474735295346, 7.289669012939759 ], [ 80.608985874180647, 7.289597281453522 ], [ 80.609070691430134, 7.289585379666739 ], [ 80.60899753726278, 7.289419382394935 ], [ 80.60884214863043, 7.288790710922941 ], [ 80.608839622909457, 7.288780489563479 ], [ 80.608803815875419, 7.28841440299385 ], [ 80.608646007085369, 7.287488393241999 ], [ 80.60850943598237, 7.286994800620754 ], [ 80.608473280867443, 7.286864125469116 ], [ 80.607947904040174, 7.286039449747735 ], [ 80.607497895555099, 7.286164398560339 ], [ 80.607094296900087, 7.286362814428199 ], [ 80.606718103371833, 7.286447438289007 ], [ 80.606440834798718, 7.286486492326902 ], [ 80.606420166689446, 7.286491479928939 ], [ 80.606092896942911, 7.286536919234918 ], [ 80.606087784937031, 7.286538155300589 ], [ 80.605570889503312, 7.286587427591819 ], [ 80.605363000364576, 7.286631848865355 ], [ 80.605335632924024, 7.286644405607134 ], [ 80.605335635550148, 7.286644645248201 ], [ 80.605337647607342, 7.286767291990262 ], [ 80.605353446879747, 7.286896160116839 ], [ 80.60536664091839, 7.286909467389101 ], [ 80.605415754178765, 7.286959009154667 ], [ 80.605369613786635, 7.287013273357573 ], [ 80.605293687784226, 7.287099244690364 ], [ 80.605242497055372, 7.287154422123186 ], [ 80.605186348512092, 7.287214944812281 ], [ 80.605185417112466, 7.287215948235192 ], [ 80.605076691424628, 7.287338259157483 ], [ 80.604935710340044, 7.287496911678183 ], [ 80.604813765811073, 7.287606466863061 ], [ 80.604678106995948, 7.287822543594789 ], [ 80.604617595780923, 7.287970896700673 ], [ 80.604602505136853, 7.288007895915947 ], [ 80.604555613205079, 7.288077839437054 ], [ 80.604483524092672, 7.288185365215297 ], [ 80.604410347956275, 7.288274400303245 ], [ 80.60439633556247, 7.288293360902952 ], [ 80.604390276409717, 7.288298821487915 ], [ 80.604354316694995, 7.288342575129032 ], [ 80.6043011869818, 7.28839460202507 ], [ 80.604218053206139, 7.288476013642168 ], [ 80.604212436903623, 7.288481511469532 ], [ 80.604190785332037, 7.288493086432725 ], [ 80.60411344767175, 7.288534427899612 ], [ 80.604062155844545, 7.288561847598978 ], [ 80.60402312618686, 7.288569252526631 ], [ 80.60391142448141, 7.288590443864856 ], [ 80.603898036905363, 7.288592983465905 ], [ 80.603756152633153, 7.288508828346966 ], [ 80.603733671318935, 7.288475829020286 ], [ 80.603647081586203, 7.288348726154712 ], [ 80.603532763005461, 7.288172614881476 ], [ 80.603451152670189, 7.288036182389277 ], [ 80.603425149677477, 7.287992707170929 ], [ 80.603379107890262, 7.28787401620089 ], [ 80.603359192165129, 7.287822674070455 ], [ 80.603300409654793, 7.287599921992337 ], [ 80.603213177836196, 7.2874098034162 ], [ 80.60311739706475, 7.287308214528069 ], [ 80.602982142078091, 7.287178756180639 ], [ 80.602836809849521, 7.287108255325553 ], [ 80.602668626067413, 7.287115334765239 ], [ 80.602547958193028, 7.287163518460312 ], [ 80.602513642885526, 7.287177219918153 ], [ 80.602500234167138, 7.287192407038672 ], [ 80.602483650478305, 7.287218626327303 ], [ 80.60245019804097, 7.287308048032338 ], [ 80.602408838686429, 7.287464476376527 ], [ 80.602335329770909, 7.287619536798666 ], [ 80.602184133941378, 7.287723381997202 ], [ 80.602121990881827, 7.287763780361852 ], [ 80.602063557564662, 7.287810782455884 ], [ 80.602020883759565, 7.287852816051478 ], [ 80.601915879482263, 7.287953695665639 ], [ 80.601821661991124, 7.288025460893605 ], [ 80.601740304577618, 7.288102656877849 ], [ 80.601668906654808, 7.288184650397954 ], [ 80.601627037916671, 7.288254716720743 ], [ 80.601586693193696, 7.288365025968313 ], [ 80.601577502365174, 7.288477607102357 ], [ 80.601575191575108, 7.288506791649678 ], [ 80.601571222551726, 7.288556911954163 ], [ 80.601549453966641, 7.288643536568919 ], [ 80.601509757570938, 7.288714327159242 ], [ 80.60147628106499, 7.288748254474835 ], [ 80.601388894578477, 7.288836813323951 ], [ 80.601308895655635, 7.288911116886593 ], [ 80.601185785155721, 7.288990466019261 ], [ 80.601065763220717, 7.289045763692958 ], [ 80.600967940079798, 7.289075206006054 ], [ 80.600882427442556, 7.28912138265911 ], [ 80.600834779283048, 7.289147679352374 ], [ 80.600774969760721, 7.289239351438973 ], [ 80.600750393333044, 7.289323895023934 ], [ 80.600747659808192, 7.289343086864945 ], [ 80.600734137489383, 7.289438011604658 ], [ 80.600716802801188, 7.289531690543338 ], [ 80.600716690804518, 7.289533230525895 ], [ 80.600716662570008, 7.289533638355054 ], [ 80.600716101650832, 7.289541415133042 ], [ 80.600713979986139, 7.289570845716734 ], [ 80.600714732484676, 7.289585073389892 ], [ 80.600716767913156, 7.289623567596937 ], [ 80.600716034946657, 7.289640568186848 ], [ 80.600706223924547, 7.289717158741621 ], [ 80.600733757679905, 7.289715540788412 ], [ 80.600788276995644, 7.289717641853587 ], [ 80.600820154773487, 7.28972416520259 ], [ 80.600855972698525, 7.289736376328566 ], [ 80.600859455424342, 7.289737564124255 ], [ 80.60093561299459, 7.289758031800867 ], [ 80.601015482621165, 7.28978618656559 ], [ 80.601076342012632, 7.289824508248011 ], [ 80.601090635345869, 7.289833510687392 ], [ 80.601126987758789, 7.289859370627194 ], [ 80.601138078188356, 7.289867259532647 ], [ 80.601157276106093, 7.289875223923294 ], [ 80.601187520696996, 7.289884822144544 ], [ 80.601217044149593, 7.28989034982183 ], [ 80.60123905107983, 7.289892257378932 ], [ 80.601282886160831, 7.289890013598262 ], [ 80.601299548830795, 7.289891737318547 ], [ 80.601325719609946, 7.289899344489408 ], [ 80.601336675640326, 7.289903508518689 ], [ 80.601343467035306, 7.289908665667874 ], [ 80.601349803358076, 7.2899172589879 ], [ 80.601358671682974, 7.289935800608183 ], [ 80.601364104708381, 7.289949960460663 ], [ 80.60136627068016, 7.289955606855388 ], [ 80.601377122470879, 7.290002002644362 ], [ 80.601387867601417, 7.290085202572897 ], [ 80.601390393785479, 7.290107811096717 ], [ 80.601402974636784, 7.290130513941159 ], [ 80.601413747041974, 7.290143449625584 ], [ 80.601438826975837, 7.290159193276217 ], [ 80.601472967282533, 7.290167706919306 ], [ 80.601528479517739, 7.290180841667493 ], [ 80.601594410099764, 7.290188101569403 ], [ 80.601664596939614, 7.290191655468515 ], [ 80.601733097932581, 7.290196251365749 ], [ 80.601787945459236, 7.2901999313496 ], [ 80.601834042842853, 7.290202572523962 ], [ 80.601887204177373, 7.290205848526357 ], [ 80.602015902287491, 7.290200561881439 ], [ 80.602044333665617, 7.290194050113372 ], [ 80.602073054881629, 7.290187472441185 ], [ 80.60208021868884, 7.290185160189568 ], [ 80.603259394994652, 7.290867053467738 ], [ 80.603266298767707, 7.291209373265083 ], [ 80.603304131246759, 7.291501876055301 ], [ 80.603827736352642, 7.29195634862241 ], [ 80.603830544677649, 7.292086882054335 ], [ 80.604633836034012, 7.292226922458925 ], [ 80.604720450335748, 7.292213668445715 ], [ 80.604845828608234, 7.292125637025476 ], [ 80.604898029207362, 7.292060075043069 ], [ 80.604903972833185, 7.292056066718312 ], [ 80.604962932444877, 7.291978557845467 ], [ 80.604963440768401, 7.291977919601013 ], [ 80.605088822170742, 7.291883738857882 ], [ 80.605216646089829, 7.291792000618374 ], [ 80.60532471070033, 7.291743932651076 ], [ 80.605473432634398, 7.291714869464705 ], [ 80.605610572174115, 7.291661297079424 ], [ 80.605762929388831, 7.291596425715201 ], [ 80.605811173018679, 7.291544980091035 ], [ 80.605890681163714, 7.291460195593409 ], [ 80.605985910340252, 7.291343033950533 ], [ 80.606089199214694, 7.291230125540898 ], [ 80.606195571032046, 7.291112153270586 ], [ 80.60623412611973, 7.290937276670818 ], [ 80.60625899641434, 7.290837136385828 ], [ 80.606273582615614, 7.290778405646757 ], [ 80.606278774068656, 7.290753959793816 ], [ 80.60631096253006, 7.290602351193206 ], [ 80.606370618744052, 7.290434445637087 ], [ 80.606437513017624, 7.290285712186294 ] ] ] ] } },
{ "type": "Feature", "properties": { "GND_N": "Yatihalagala Pallegama", "GND_NO": "440", "GND_C": "405", "PROVINCE_N": "CENTRAL", "PROVINCE_C": "2", "DISTRICT_N": "KANDY", "DISTRICT_C": "1", "DSD_N": "HARISPATTUWA", "DSD_C": "33", "Admin_Code": "2133405", "GND_NO_Cen": "440", "GND_NAME_C": "Yatihalagala Pallegama", "GND_NO_Gaz": "440", "GND_NAME_G": "යටිහලගල g", "shape_1": "Polygon", "Area__Ha_": 62.570499697300001, "MWS_ID": "112-2", "Alt_MWS": null, "Area": 0.62570499697000004, "Tot_Pop": 914.0, "Density": 1460.7522785000001 }, "geometry": { "type": "MultiPolygon", "coordinates": [ [ [ [ 80.595969049420347, 7.294883991879236 ], [ 80.596249167622886, 7.294836206382748 ], [ 80.596263091041195, 7.294837287146319 ], [ 80.596811414223453, 7.294629872299298 ], [ 80.597275103656344, 7.294576884266908 ], [ 80.597283803712997, 7.294574239919751 ], [ 80.597427834240847, 7.294530477233245 ], [ 80.597699669917432, 7.294447872845041 ], [ 80.598292916204002, 7.293965327521025 ], [ 80.598912705572772, 7.293475910969171 ], [ 80.598927556911732, 7.293477906263108 ], [ 80.598976922411822, 7.293464090729468 ], [ 80.599040960533713, 7.293446119350866 ], [ 80.599060796198003, 7.293444771584158 ], [ 80.599078272421593, 7.29345074592557 ], [ 80.599115486360631, 7.293476443590681 ], [ 80.599125626567798, 7.293482596818031 ], [ 80.599138033036098, 7.293485765834144 ], [ 80.599159046467378, 7.293483423793188 ], [ 80.59919011439429, 7.293472583448819 ], [ 80.59922027957856, 7.293456590037843 ], [ 80.599317306975038, 7.293380575383475 ], [ 80.600522102817763, 7.293100434553804 ], [ 80.600963476987275, 7.292964451663012 ], [ 80.601440384212566, 7.292799949557486 ], [ 80.602058869967962, 7.292453200644464 ], [ 80.602708280002943, 7.292218732714944 ], [ 80.603315939197458, 7.292195808371089 ], [ 80.603722713951569, 7.292140853030288 ], [ 80.603830544677649, 7.292086882054335 ], [ 80.603827736352642, 7.29195634862241 ], [ 80.603304131246759, 7.291501876055301 ], [ 80.603266298767707, 7.291209373265083 ], [ 80.603259394994652, 7.290867053467738 ], [ 80.60208021868884, 7.290185160189568 ], [ 80.602073054881629, 7.290187472441185 ], [ 80.602044333665617, 7.290194050113372 ], [ 80.602015902287491, 7.290200561881439 ], [ 80.601887204177373, 7.290205848526357 ], [ 80.601834042842853, 7.290202572523962 ], [ 80.601787945459236, 7.2901999313496 ], [ 80.601733097932581, 7.290196251365749 ], [ 80.601664596939614, 7.290191655468515 ], [ 80.601594410099764, 7.290188101569403 ], [ 80.601528479517739, 7.290180841667493 ], [ 80.601472967282533, 7.290167706919306 ], [ 80.601438826975837, 7.290159193276217 ], [ 80.601413747041974, 7.290143449625584 ], [ 80.601402974636784, 7.290130513941159 ], [ 80.601390393785479, 7.290107811096717 ], [ 80.601387867601417, 7.290085202572897 ], [ 80.601377122470879, 7.290002002644362 ], [ 80.60136627068016, 7.289955606855388 ], [ 80.601364104708381, 7.289949960460663 ], [ 80.601358671682974, 7.289935800608183 ], [ 80.601349803358076, 7.2899172589879 ], [ 80.601343467035306, 7.289908665667874 ], [ 80.601336675640326, 7.289903508518689 ], [ 80.601325719609946, 7.289899344489408 ], [ 80.601299548830795, 7.289891737318547 ], [ 80.601282886160831, 7.289890013598262 ], [ 80.60123905107983, 7.289892257378932 ], [ 80.601217044149593, 7.28989034982183 ], [ 80.601187520696996, 7.289884822144544 ], [ 80.601157276106093, 7.289875223923294 ], [ 80.601138078188356, 7.289867259532647 ], [ 80.601126987758789, 7.289859370627194 ], [ 80.601090635345869, 7.289833510687392 ], [ 80.601076342012632, 7.289824508248011 ], [ 80.601015482621165, 7.28978618656559 ], [ 80.60093561299459, 7.289758031800867 ], [ 80.600859455424342, 7.289737564124255 ], [ 80.600855972698525, 7.289736376328566 ], [ 80.600820154773487, 7.28972416520259 ], [ 80.600788276995644, 7.289717641853587 ], [ 80.600733757679905, 7.289715540788412 ], [ 80.600706223924547, 7.289717158741621 ], [ 80.600716034946657, 7.289640568186848 ], [ 80.600716767913156, 7.289623567596937 ], [ 80.600714732484676, 7.289585073389892 ], [ 80.600713979986139, 7.289570845716734 ], [ 80.600716101650832, 7.289541415133042 ], [ 80.600716662570008, 7.289533638355054 ], [ 80.600716690804518, 7.289533230525895 ], [ 80.600713747940247, 7.289531828619296 ], [ 80.600553596386277, 7.289455547305246 ], [ 80.600547325946096, 7.28945224687866 ], [ 80.600432385212315, 7.289375977671492 ], [ 80.600417673833817, 7.289366094259144 ], [ 80.600411782871305, 7.289362788552536 ], [ 80.600343578385022, 7.28927645996517 ], [ 80.600300089829787, 7.28910114231646 ], [ 80.600251156814139, 7.288931868705089 ], [ 80.600067656001727, 7.288813224249719 ], [ 80.599876016639868, 7.288633021623793 ], [ 80.599009170566021, 7.288061721740248 ], [ 80.598583206825623, 7.287772897760966 ], [ 80.598237223050532, 7.287491890930157 ], [ 80.597899344875458, 7.287344866585703 ], [ 80.597575065515571, 7.287245549287412 ], [ 80.597559005073194, 7.287246491552036 ], [ 80.596901202745471, 7.287009139418404 ], [ 80.595942545591186, 7.288214226616272 ], [ 80.595838808548422, 7.288433206182806 ], [ 80.59575517900673, 7.288391952917355 ], [ 80.595358279685598, 7.288843446798118 ], [ 80.593969147445662, 7.28990451338476 ], [ 80.592747596821866, 7.290890414750819 ], [ 80.591594157640998, 7.291788966894449 ], [ 80.590880262200031, 7.292425400322776 ], [ 80.591297053566976, 7.292539655082589 ], [ 80.592049028128571, 7.292964609547094 ], [ 80.592997018863926, 7.293433787627707 ], [ 80.594247132987078, 7.293919485103152 ], [ 80.594847760679642, 7.294196822755677 ], [ 80.595797147750744, 7.294865852570803 ], [ 80.595969049420347, 7.294883991879236 ] ] ] ] } },
{ "type": "Feature", "properties": { "GND_N": "Uggalla", "GND_NO": "427", "GND_C": "315", "PROVINCE_N": "CENTRAL", "PROVINCE_C": "2", "DISTRICT_N": "KANDY", "DISTRICT_C": "1", "DSD_N": "HARISPATTUWA", "DSD_C": "33", "Admin_Code": "2133315", "GND_NO_Cen": "427", "GND_NAME_C": "Uggalla", "GND_NO_Gaz": "427", "GND_NAME_G": "උග්ගල්ල", "shape_1": "Polygon", "Area__Ha_": 17.477241801000002, "MWS_ID": "112-2", "Alt_MWS": null, "Area": 0.17477241801000001, "Tot_Pop": 1022.0, "Density": 5847.6046256999998 }, "geometry": { "type": "MultiPolygon", "coordinates": [ [ [ [ 80.602135442544252, 7.316082383098699 ], [ 80.601815896418955, 7.315671270990056 ], [ 80.602005723075791, 7.311181950558521 ], [ 80.601381512220129, 7.311196663198677 ], [ 80.601321473526141, 7.310964553756165 ], [ 80.601286276472464, 7.310642157683718 ], [ 80.601302671249769, 7.310398790416038 ], [ 80.601289603452528, 7.310036619105828 ], [ 80.601104976721814, 7.310128191074901 ], [ 80.600740405567109, 7.310292720662695 ], [ 80.600365493405107, 7.310344626075956 ], [ 80.599996607011306, 7.310396069625578 ], [ 80.599699956176181, 7.310465729379192 ], [ 80.599217956656148, 7.310437065679849 ], [ 80.599192814491616, 7.310526054388491 ], [ 80.599088154368459, 7.310896500825612 ], [ 80.598921268682318, 7.311600916331289 ], [ 80.598826946763083, 7.312276287951855 ], [ 80.598803846208014, 7.312646445360065 ], [ 80.598944324033866, 7.312682613916419 ], [ 80.599251553484876, 7.312844721218988 ], [ 80.599519217994228, 7.312974724586731 ], [ 80.599725513994244, 7.313225398079681 ], [ 80.599734826042891, 7.313238156891672 ], [ 80.599740306027982, 7.313250902446242 ], [ 80.599820874353568, 7.313389819241918 ], [ 80.599907191456595, 7.313530614698005 ], [ 80.599999194524784, 7.313837969204333 ], [ 80.600003347410038, 7.313862875274166 ], [ 80.600063985280613, 7.314210598142333 ], [ 80.600119583123501, 7.314518584050624 ], [ 80.600064678830577, 7.314779049140101 ], [ 80.599912319373516, 7.315090384592846 ], [ 80.600018886442001, 7.315432920274663 ], [ 80.600069765778215, 7.315703516013687 ], [ 80.600146279436203, 7.315903220068318 ], [ 80.600153049991292, 7.315920890943972 ], [ 80.600277230661419, 7.315975285245232 ], [ 80.600300240497347, 7.316019011751525 ], [ 80.600408529967211, 7.316074481352379 ], [ 80.600612679215786, 7.316210103945419 ], [ 80.600620314943882, 7.316213400386688 ], [ 80.600762848741297, 7.316220397362663 ], [ 80.600777430402815, 7.316212165768621 ], [ 80.600974523400353, 7.316131973164398 ], [ 80.600996231867967, 7.316119829618603 ], [ 80.601003261434499, 7.316112133137109 ], [ 80.601010291906192, 7.316104437560147 ], [ 80.601053411881367, 7.316065913940932 ], [ 80.601710565237255, 7.317138580333932 ], [ 80.602030783562171, 7.317173613063818 ], [ 80.602439910895797, 7.316839562384727 ], [ 80.602747127197262, 7.316659705095042 ], [ 80.602135442544252, 7.316082383098699 ] ] ] ] } },
{ "type": "Feature", "properties": { "GND_N": "Narangaskumbura", "GND_NO": "430", "GND_C": "385", "PROVINCE_N": "CENTRAL", "PROVINCE_C": "2", "DISTRICT_N": "KANDY", "DISTRICT_C": "1", "DSD_N": "HARISPATTUWA", "DSD_C": "33", "Admin_Code": "2133385", "GND_NO_Cen": "430", "GND_NAME_C": "Narangaskumbura", "GND_NO_Gaz": "430", "GND_NAME_G": "නාරංගස්k", "shape_1": "Polygon", "Area__Ha_": 27.160275559, "MWS_ID": "112-2", "Alt_MWS": null, "Area": 0.27160275559000002, "Tot_Pop": 600.0, "Density": 2209.10866201 }, "geometry": { "type": "MultiPolygon", "coordinates": [ [ [ [ 80.616502524981968, 7.304391705404979 ], [ 80.616984220802735, 7.304056879808678 ], [ 80.617079916637707, 7.303606172401122 ], [ 80.617201698267877, 7.303300779215747 ], [ 80.617213453281778, 7.30293961055746 ], [ 80.617220284379371, 7.302587684836792 ], [ 80.617033156364471, 7.302041129208703 ], [ 80.616489964357015, 7.30157831976966 ], [ 80.615406322428129, 7.30088088700618 ], [ 80.615399765514638, 7.300295005456711 ], [ 80.615582999251856, 7.300260435962902 ], [ 80.615757347194261, 7.300248922937008 ], [ 80.61584824300644, 7.300306886654937 ], [ 80.615853690381741, 7.300310359302559 ], [ 80.615923392150904, 7.300411756335298 ], [ 80.615991345841238, 7.300485560671605 ], [ 80.61675892571742, 7.299982842598651 ], [ 80.616743698649955, 7.299798238404944 ], [ 80.616733265491604, 7.299605678045087 ], [ 80.616731266233842, 7.299591506019487 ], [ 80.616731338474438, 7.299551238374727 ], [ 80.617508292717858, 7.298498475024585 ], [ 80.617466607462575, 7.298160420433899 ], [ 80.617582456982362, 7.298070494854386 ], [ 80.617601557345083, 7.298056454136904 ], [ 80.617831285178539, 7.298044653192729 ], [ 80.617852191627193, 7.298045586535027 ], [ 80.618114327931423, 7.298024800819024 ], [ 80.618276439743809, 7.298112333454087 ], [ 80.619010025307659, 7.297579140757764 ], [ 80.619181269762407, 7.297454673421896 ], [ 80.618845942989523, 7.297011917815417 ], [ 80.618342932047156, 7.296419564295745 ], [ 80.616903385027115, 7.294673516317441 ], [ 80.616877859933524, 7.294697766124849 ], [ 80.616364867173772, 7.295118164948267 ], [ 80.615856096928354, 7.295613997035283 ], [ 80.615820858341039, 7.295643304708965 ], [ 80.615777201482672, 7.295677670767798 ], [ 80.61519593566355, 7.2962194790586 ], [ 80.615187172945753, 7.296227841632606 ], [ 80.615143358764612, 7.296261173953552 ], [ 80.614506368577779, 7.296571079356498 ], [ 80.614489072748597, 7.296578828455396 ], [ 80.61443722692664, 7.29660205405971 ], [ 80.614229885468816, 7.296644020707795 ], [ 80.614229737832332, 7.296644050496778 ], [ 80.614230089898172, 7.296644727041133 ], [ 80.614235274953018, 7.296654683459991 ], [ 80.614275727517324, 7.29674422388832 ], [ 80.61433645585457, 7.296860628454769 ], [ 80.614707757256042, 7.297191917821408 ], [ 80.61537915253119, 7.298654837368187 ], [ 80.615753931443251, 7.299706752830308 ], [ 80.615467575546745, 7.299888575682416 ], [ 80.615136957947897, 7.300114987245687 ], [ 80.614831803994875, 7.300243853371637 ], [ 80.61462166585531, 7.30027848165109 ], [ 80.614399682724141, 7.300281456821792 ], [ 80.61405869548048, 7.300356075860053 ], [ 80.61397142199246, 7.300405374158029 ], [ 80.613956176926479, 7.300414400843794 ], [ 80.613941296226315, 7.300427671549338 ], [ 80.613822749254638, 7.300517310331518 ], [ 80.613814877187792, 7.300521861562716 ], [ 80.613016094660566, 7.300506208328349 ], [ 80.612994750996492, 7.300836292520134 ], [ 80.613019062659703, 7.300833025029406 ], [ 80.613100777671193, 7.300839919137768 ], [ 80.613141779630794, 7.300843378446717 ], [ 80.613272251320794, 7.300948143755019 ], [ 80.613258474135833, 7.301185207862336 ], [ 80.613212533792776, 7.301203219428404 ], [ 80.613127723908363, 7.301236469799879 ], [ 80.613205962475078, 7.301439605194991 ], [ 80.613472559643427, 7.301418766863077 ], [ 80.61353521578981, 7.302100690084607 ], [ 80.614164262800074, 7.302059046433449 ], [ 80.614184352248358, 7.302832273393476 ], [ 80.615010712564128, 7.302737386305693 ], [ 80.615038784309888, 7.302750508716496 ], [ 80.615092293099494, 7.302802164380754 ], [ 80.615136559762334, 7.302862677992909 ], [ 80.615196302633422, 7.302954304209048 ], [ 80.615273242030483, 7.30308102527846 ], [ 80.615308802543097, 7.303168754351317 ], [ 80.61534346271398, 7.303246628017619 ], [ 80.615344512470571, 7.303248995854569 ], [ 80.615392996720573, 7.303358463523352 ], [ 80.615408438999509, 7.303393327156658 ], [ 80.615450629555312, 7.303437110412404 ], [ 80.615528951981702, 7.3034957389002 ], [ 80.615593788091843, 7.303525511722418 ], [ 80.615696025573229, 7.303565879990981 ], [ 80.615759684758515, 7.303599452247564 ], [ 80.61581419128018, 7.303642427788806 ], [ 80.615861452268135, 7.303690463029594 ], [ 80.616012013912609, 7.303848044132 ], [ 80.616057001386096, 7.303914617639256 ], [ 80.616088406948208, 7.30397901418621 ], [ 80.616093558871128, 7.304003508129411 ], [ 80.616101878085232, 7.304043044451327 ], [ 80.616110649376907, 7.304082202935342 ], [ 80.616134433979667, 7.3041809620554 ], [ 80.61615154449899, 7.304203485247517 ], [ 80.616180159938992, 7.304211092444561 ], [ 80.616212486067539, 7.304205820983957 ], [ 80.616260410072314, 7.30419800673131 ], [ 80.616288512833762, 7.304187952722706 ], [ 80.616329343132023, 7.304173345543465 ], [ 80.616353102280556, 7.304157909394074 ], [ 80.616372192397236, 7.304145508234315 ], [ 80.616423014052529, 7.304111252297939 ], [ 80.616443183995116, 7.304116009742983 ], [ 80.616445291370411, 7.304116506047107 ], [ 80.616466013274078, 7.304171133226451 ], [ 80.616474326380199, 7.304222861338696 ], [ 80.616482716027235, 7.304319173372401 ], [ 80.616502524981968, 7.304391705404979 ] ] ] ] } },
{ "type": "Feature", "properties": { "GND_N": "Pahala Doolwala", "GND_NO": "443", "GND_C": "350", "PROVINCE_N": "CENTRAL", "PROVINCE_C": "2", "DISTRICT_N": "KANDY", "DISTRICT_C": "1", "DSD_N": "HARISPATTUWA", "DSD_C": "33", "Admin_Code": "2133350", "GND_NO_Cen": "443", "GND_NAME_C": "Pahala Doolwala", "GND_NO_Gaz": "443", "GND_NAME_G": "පහළ දුල්o", "shape_1": "Polygon", "Area__Ha_": 51.0661175734, "MWS_ID": "112-2", "Alt_MWS": null, "Area": 0.51066117573000003, "Tot_Pop": 672.0, "Density": 1315.9410425799999 }, "geometry": { "type": "MultiPolygon", "coordinates": [ [ [ [ 80.600957306571132, 7.309573818830906 ], [ 80.600711631913668, 7.309417056683027 ], [ 80.600663579845374, 7.309388995591933 ], [ 80.600652994562225, 7.309380524497726 ], [ 80.600397323064783, 7.30929291199688 ], [ 80.600384077985709, 7.309283800518006 ], [ 80.59983314326108, 7.308303640323212 ], [ 80.599829813989643, 7.308164972592361 ], [ 80.599848953227507, 7.308100515171962 ], [ 80.599868532175151, 7.308083375475621 ], [ 80.599907771899993, 7.308027503211407 ], [ 80.599935601473376, 7.307962677517889 ], [ 80.599963621898482, 7.30787307133455 ], [ 80.599968263268423, 7.307818544698733 ], [ 80.599957517806658, 7.307735976904331 ], [ 80.599935169832435, 7.307677732080003 ], [ 80.599925235801734, 7.307602309484703 ], [ 80.599923728056979, 7.307523182550027 ], [ 80.599921551906732, 7.307296292554994 ], [ 80.599909919123476, 7.307169233701216 ], [ 80.599908868895056, 7.307075909416652 ], [ 80.599904080287246, 7.307046335993395 ], [ 80.59988516155758, 7.307019832571438 ], [ 80.599838529591182, 7.30699033411326 ], [ 80.599812089053032, 7.306975312369429 ], [ 80.599793257795113, 7.306954415644829 ], [ 80.5997890558927, 7.306911500391472 ], [ 80.599787936408532, 7.306900065065885 ], [ 80.599782999684948, 7.306786393388857 ], [ 80.59980339474329, 7.30674353749743 ], [ 80.599842635170759, 7.306685587149365 ], [ 80.599894364510732, 7.306647807597126 ], [ 80.599980708123809, 7.306572369290441 ], [ 80.599987672390753, 7.306564553425229 ], [ 80.599994940055964, 7.306540594999014 ], [ 80.599989514885337, 7.306515273351061 ], [ 80.599953850979972, 7.306464979361983 ], [ 80.599909862560978, 7.306385295040995 ], [ 80.599907246909794, 7.306359881347691 ], [ 80.599927733127558, 7.306317749829986 ], [ 80.599947210977561, 7.30630184174563 ], [ 80.600006538879242, 7.306292279345017 ], [ 80.600069840683389, 7.306306592039326 ], [ 80.600125635509158, 7.306299200373961 ], [ 80.600176003188281, 7.306269195436688 ], [ 80.600209894346847, 7.306225441397109 ], [ 80.600237266541853, 7.306174086872012 ], [ 80.600290279892178, 7.306097423726962 ], [ 80.600397490313114, 7.305927817743785 ], [ 80.60042259954686, 7.30587076522599 ], [ 80.60043847259189, 7.305811088441019 ], [ 80.600448185061026, 7.305760722651574 ], [ 80.600431630004479, 7.305711613547675 ], [ 80.600415074272547, 7.305659608870495 ], [ 80.600425862053541, 7.305631761504297 ], [ 80.600460567227316, 7.305592980512603 ], [ 80.600506043497987, 7.30556668216774 ], [ 80.600586844976277, 7.305532621493144 ], [ 80.600611806909981, 7.305534885638314 ], [ 80.600621894204949, 7.305535800198081 ], [ 80.600684743346449, 7.305551740370497 ], [ 80.600768415084346, 7.305589301435822 ], [ 80.600798300575917, 7.305595734506505 ], [ 80.600846393093363, 7.305593402031048 ], [ 80.600894221215427, 7.30557696144447 ], [ 80.6009550101884, 7.305534121199607 ], [ 80.600973355153386, 7.305513023748088 ], [ 80.60098762899672, 7.305496605376756 ], [ 80.601094809673853, 7.305399977215889 ], [ 80.601136666719924, 7.305366716993754 ], [ 80.601153185021815, 7.305345254391748 ], [ 80.601200189998934, 7.305284178047447 ], [ 80.601269608516489, 7.305171167331054 ], [ 80.601334402645591, 7.305078773781977 ], [ 80.60140897936094, 7.304981227689296 ], [ 80.601515627820575, 7.304857560607211 ], [ 80.601614666000799, 7.304737688616693 ], [ 80.601625411944951, 7.304724034210833 ], [ 80.601695494800637, 7.304634990375895 ], [ 80.601827254211742, 7.304448757090785 ], [ 80.601863050081775, 7.304397134423351 ], [ 80.601915724044872, 7.304262503416508 ], [ 80.601935673758206, 7.304197130141851 ], [ 80.601984624346727, 7.304085921802938 ], [ 80.602041183614205, 7.303972453834326 ], [ 80.602150120718775, 7.303782320418589 ], [ 80.602271470652283, 7.30358179229487 ], [ 80.602416008441821, 7.303375486445884 ], [ 80.60243319186992, 7.303341057271036 ], [ 80.602447733153738, 7.30331192718783 ], [ 80.602488800675275, 7.303209304802124 ], [ 80.602516123092613, 7.303126219071438 ], [ 80.602523528580846, 7.303103695775883 ], [ 80.602530599158939, 7.303080663229528 ], [ 80.602573495067347, 7.302940939860719 ], [ 80.602587261928051, 7.302883751714458 ], [ 80.600640914113441, 7.301708174303081 ], [ 80.600833983014667, 7.301205438850299 ], [ 80.601133682909264, 7.300373716421012 ], [ 80.601382673768185, 7.299533730480524 ], [ 80.603791104996489, 7.299069649034569 ], [ 80.604339600548727, 7.299207935186146 ], [ 80.604974465464394, 7.299169605369541 ], [ 80.605039248080217, 7.299165046947398 ], [ 80.605003699852489, 7.299453311262405 ], [ 80.606052084313106, 7.299441743915275 ], [ 80.606148405941241, 7.299074587617784 ], [ 80.606584719010954, 7.299082542399597 ], [ 80.606851454904174, 7.299084629338858 ], [ 80.606909332472469, 7.299041793484882 ], [ 80.607001130855338, 7.298906815665368 ], [ 80.607035394119265, 7.298804762685482 ], [ 80.607048913908841, 7.298764496483438 ], [ 80.607026138568642, 7.298675692746651 ], [ 80.60701120039711, 7.298617442877941 ], [ 80.606990952077027, 7.298508976948937 ], [ 80.606981282559133, 7.298457189386435 ], [ 80.606978368477257, 7.298306826420571 ], [ 80.606977284574441, 7.298250916652421 ], [ 80.606953895607319, 7.298069595373931 ], [ 80.606903878003479, 7.297894955937783 ], [ 80.606859285804475, 7.297738675857853 ], [ 80.606847381844872, 7.297643990088688 ], [ 80.606838706038772, 7.297574970519749 ], [ 80.606835718085776, 7.297551204347151 ], [ 80.606791185989309, 7.297478391338377 ], [ 80.606770009674847, 7.297434253461057 ], [ 80.606813506794595, 7.297369341823011 ], [ 80.606891854261292, 7.297353183314342 ], [ 80.607012596163983, 7.297316604369648 ], [ 80.607072445019398, 7.297307856882153 ], [ 80.607131697902261, 7.297299195976427 ], [ 80.607200466621237, 7.297228234943122 ], [ 80.607252833633154, 7.297176075428842 ], [ 80.607301466950375, 7.297117925319833 ], [ 80.607345075097143, 7.297065786028102 ], [ 80.607454564964229, 7.296837762050325 ], [ 80.6074596230834, 7.296828373670892 ], [ 80.607539215253823, 7.296680626026622 ], [ 80.607624763998928, 7.296537777385542 ], [ 80.60765319549914, 7.296447185997897 ], [ 80.607668833500028, 7.296397356664547 ], [ 80.607671524077276, 7.2962261724176 ], [ 80.60728883029816, 7.296144759764153 ], [ 80.606408741850728, 7.29598894482277 ], [ 80.605111771703747, 7.295894667266296 ], [ 80.604236023963296, 7.296020197933545 ], [ 80.603680161457149, 7.295847629543982 ], [ 80.603511755075317, 7.296261109559145 ], [ 80.603261012251608, 7.297230533472449 ], [ 80.602979800234323, 7.297567183943966 ], [ 80.601853136991409, 7.297379531655554 ], [ 80.60113115298401, 7.297663332180863 ], [ 80.601101503838223, 7.297744436526506 ], [ 80.60106270934871, 7.297827255493639 ], [ 80.601045109938156, 7.297904566444033 ], [ 80.601032945545626, 7.29797482595104 ], [ 80.601007733829235, 7.298061538680263 ], [ 80.600956258303285, 7.298148059444982 ], [ 80.600918745103797, 7.298194164253267 ], [ 80.600901528734497, 7.298213420092441 ], [ 80.600872721032232, 7.298231404501321 ], [ 80.600781410330768, 7.298277397963515 ], [ 80.600760031530143, 7.298291768046609 ], [ 80.600736837365702, 7.298311744092097 ], [ 80.600696878470373, 7.29835866180122 ], [ 80.600635441365952, 7.298442556177551 ], [ 80.600597204480309, 7.298486310396125 ], [ 80.600566850310358, 7.298521655866909 ], [ 80.600542931919762, 7.298543079406553 ], [ 80.600451792344884, 7.298612132553321 ], [ 80.600355756407495, 7.298700264533728 ], [ 80.600300836235334, 7.298791758436749 ], [ 80.600252063313263, 7.298910021147701 ], [ 80.60020873149189, 7.299012644272295 ], [ 80.600175448955795, 7.299124944624566 ], [ 80.600142877167968, 7.299274773760049 ], [ 80.600135311726945, 7.299395767243094 ], [ 80.600127939459099, 7.299490625585394 ], [ 80.600121550894713, 7.299506475496257 ], [ 80.599754272998752, 7.299391247008527 ], [ 80.599754248519034, 7.299391313917271 ], [ 80.599605037831793, 7.299795216923219 ], [ 80.599389858704512, 7.30030459252774 ], [ 80.599120632890688, 7.301019206012605 ], [ 80.598684354779095, 7.301607039274702 ], [ 80.598178740987166, 7.302117932990583 ], [ 80.597694232989085, 7.302608759873609 ], [ 80.597604087055089, 7.302633346499948 ], [ 80.59751998701401, 7.302686517750277 ], [ 80.597509600657062, 7.302693083383469 ], [ 80.597395457963444, 7.302757514820429 ], [ 80.597296271662898, 7.302790482480305 ], [ 80.597214213668465, 7.302794157558344 ], [ 80.597106446730734, 7.302763701322788 ], [ 80.597101739477495, 7.302762371939525 ], [ 80.597018070455704, 7.302720107844204 ], [ 80.59693041240854, 7.302687878986581 ], [ 80.596844821988526, 7.302694446357466 ], [ 80.596771086915126, 7.302724078107404 ], [ 80.596705139980571, 7.302755702407028 ], [ 80.596687744145243, 7.30277441632561 ], [ 80.596619343269694, 7.302825209915083 ], [ 80.596533738981066, 7.302866411953462 ], [ 80.59652250985404, 7.302869593332991 ], [ 80.596625676408223, 7.303431585215316 ], [ 80.59663285809647, 7.303509820971252 ], [ 80.596606570708573, 7.30368808351616 ], [ 80.596576018211465, 7.303757979247583 ], [ 80.596557377001901, 7.303774429197637 ], [ 80.596508973090735, 7.303874245656448 ], [ 80.596488762612182, 7.303908058463001 ], [ 80.596485859985449, 7.303921350532022 ], [ 80.596486609731031, 7.303926303687764 ], [ 80.596487393804409, 7.303931478410941 ], [ 80.596494726162916, 7.303943147721047 ], [ 80.59653438234443, 7.303978430359636 ], [ 80.596566070555653, 7.304003854747876 ], [ 80.596578838013386, 7.304008652629188 ], [ 80.596603564065461, 7.304011646670773 ], [ 80.596657451743894, 7.304012119375072 ], [ 80.596720299077461, 7.30401352526046 ], [ 80.596743855053219, 7.304014053703961 ], [ 80.596756938046809, 7.304015700216584 ], [ 80.596781492885228, 7.304018792749161 ], [ 80.596793851099875, 7.304021001447628 ], [ 80.596838844658492, 7.304056051065184 ], [ 80.596943352616108, 7.304078880103183 ], [ 80.597010460916877, 7.304090211442322 ], [ 80.597037352230885, 7.30410749337362 ], [ 80.597075646753524, 7.30414847342594 ], [ 80.597118656835207, 7.304174534379787 ], [ 80.597190648761966, 7.304199250383804 ], [ 80.597269439423897, 7.304213389655732 ], [ 80.59730002945598, 7.30421512810345 ], [ 80.597325500620826, 7.304216576046565 ], [ 80.597371953799779, 7.304239022042365 ], [ 80.59741160776916, 7.304277831379076 ], [ 80.597492468104775, 7.30432579139004 ], [ 80.597550966778158, 7.304346614399327 ], [ 80.597694302519898, 7.304436467358801 ], [ 80.597778784248945, 7.304485785204758 ], [ 80.597818895607574, 7.304513292732284 ], [ 80.597927750270912, 7.304538113631809 ], [ 80.598019945361756, 7.304549815556428 ], [ 80.598178712430709, 7.30455521364181 ], [ 80.598252345408966, 7.304555242705936 ], [ 80.598329775818002, 7.304569379449373 ], [ 80.598385288894832, 7.304584594507197 ], [ 80.598565941682978, 7.304666685823392 ], [ 80.598622448105459, 7.304693927544625 ], [ 80.598699789409807, 7.304704447889957 ], [ 80.598868160989269, 7.304694928545972 ], [ 80.598918339181324, 7.304690426771357 ], [ 80.598998487898598, 7.304701580275939 ], [ 80.599077547727802, 7.304724852782772 ], [ 80.599095552905311, 7.3047318591461 ], [ 80.599174532820257, 7.304762599323785 ], [ 80.599251772688902, 7.30480079205521 ], [ 80.5993864175217, 7.304882322409596 ], [ 80.599529118402913, 7.304975792656758 ], [ 80.599578558171814, 7.305006648695895 ], [ 80.599617576656499, 7.305047628821677 ], [ 80.59969545068968, 7.305087899811149 ], [ 80.599748880496094, 7.305103836424569 ], [ 80.59976345453245, 7.30512337503325 ], [ 80.599703998765392, 7.305184478001105 ], [ 80.599682180795782, 7.305206901554731 ], [ 80.599641211364315, 7.30528827261822 ], [ 80.59961156495217, 7.305367296929329 ], [ 80.599581710029497, 7.305511340409224 ], [ 80.599547512485401, 7.30564561573189 ], [ 80.599517228650214, 7.305730968988551 ], [ 80.599463298671253, 7.305835214675849 ], [ 80.599393982035309, 7.305915760727787 ], [ 80.59933399068295, 7.306000289351663 ], [ 80.599266477297164, 7.306099102067957 ], [ 80.599183816604707, 7.306254067732843 ], [ 80.599115297935157, 7.306375577986527 ], [ 80.599063997695453, 7.306471233791837 ], [ 80.599012876327492, 7.306572585853229 ], [ 80.598966925887083, 7.306654767853734 ], [ 80.598932844232934, 7.306721854496997 ], [ 80.598854556694292, 7.306813158112406 ], [ 80.598764275958217, 7.306885836529407 ], [ 80.599261542562274, 7.307363234378706 ], [ 80.599261100846547, 7.307376359230923 ], [ 80.599198149886618, 7.307604603613628 ], [ 80.599255071264906, 7.307841800615996 ], [ 80.599262919879806, 7.307858394004104 ], [ 80.59951670044137, 7.307977467926206 ], [ 80.599634609446937, 7.308119807711477 ], [ 80.599586727904523, 7.308250610566135 ], [ 80.599506867544363, 7.308423482526666 ], [ 80.599515463433534, 7.308638012325269 ], [ 80.599507121596574, 7.308671044979768 ], [ 80.599473066705087, 7.309466509952792 ], [ 80.599391591327716, 7.309466477087945 ], [ 80.59889793301339, 7.309490210928118 ], [ 80.598812909632343, 7.310325931491678 ], [ 80.598826587770517, 7.310332409862445 ], [ 80.59883983058711, 7.310342658091973 ], [ 80.598963843051664, 7.310421953493356 ], [ 80.599217956656148, 7.310437065679849 ], [ 80.599699956176181, 7.310465729379192 ], [ 80.599996607011306, 7.310396069625578 ], [ 80.600365493405107, 7.310344626075956 ], [ 80.600740405567109, 7.310292720662695 ], [ 80.601104976721814, 7.310128191074901 ], [ 80.601289603452528, 7.310036619105828 ], [ 80.601282755958096, 7.309846812699614 ], [ 80.601259271495451, 7.309766498031454 ], [ 80.600957306571132, 7.309573818830906 ] ] ] ] } },
{ "type": "Feature", "properties": { "GND_N": "Madapathagama", "GND_NO": "428", "GND_C": "375", "PROVINCE_N": "CENTRAL", "PROVINCE_C": "2", "DISTRICT_N": "KANDY", "DISTRICT_C": "1", "DSD_N": "HARISPATTUWA", "DSD_C": "33", "Admin_Code": "2133375", "GND_NO_Cen": "428", "GND_NAME_C": "Madapathagama", "GND_NO_Gaz": "428", "GND_NAME_G": "මඩපාතගම", "shape_1": "Polygon", "Area__Ha_": 16.951712575799998, "MWS_ID": "112-2", "Alt_MWS": null, "Area": 0.16951712576, "Tot_Pop": 753.0, "Density": 4442.0290671700004 }, "geometry": { "type": "MultiPolygon", "coordinates": [ [ [ [ 80.617233364392291, 7.310611199267428 ], [ 80.617328590647929, 7.310516098508138 ], [ 80.6176684641039, 7.310581942885387 ], [ 80.618453403081134, 7.310205379586121 ], [ 80.619798313747026, 7.309875396690151 ], [ 80.620995068923293, 7.309668710031298 ], [ 80.621138690296561, 7.309532490225237 ], [ 80.621244720836941, 7.309328999083437 ], [ 80.621444194287548, 7.309137165722129 ], [ 80.622920446524788, 7.308778797172418 ], [ 80.623022144718021, 7.308754108137759 ], [ 80.623021350875391, 7.308747446779112 ], [ 80.622872458293543, 7.307442479228119 ], [ 80.622312745883917, 7.30749691011136 ], [ 80.621753667016975, 7.307604985519681 ], [ 80.62108047237308, 7.307882879626383 ], [ 80.621078609621691, 7.307769277855636 ], [ 80.621077837070189, 7.307769241417629 ], [ 80.621065884423558, 7.30776164297513 ], [ 80.621061449699383, 7.307749703757854 ], [ 80.621039437483034, 7.30776552146471 ], [ 80.620920140627902, 7.307811418917057 ], [ 80.620833451379781, 7.307850544410821 ], [ 80.620806190615937, 7.307845381394788 ], [ 80.620811830585367, 7.307774214773242 ], [ 80.620833414254108, 7.307695999188359 ], [ 80.620850561821129, 7.307609826023949 ], [ 80.620848317640892, 7.307551769062241 ], [ 80.620838114920105, 7.307457447751041 ], [ 80.620835338234343, 7.307367830465433 ], [ 80.620833626022602, 7.307332422834506 ], [ 80.620826975003197, 7.307194924134303 ], [ 80.620814605053127, 7.307084594119956 ], [ 80.620798319294693, 7.307038470910844 ], [ 80.620790840479984, 7.307026659052109 ], [ 80.620764645622984, 7.306985285436307 ], [ 80.620711860520842, 7.306935439284074 ], [ 80.620689858009456, 7.306915447522856 ], [ 80.620661242255338, 7.306905399896308 ], [ 80.620599925959652, 7.306906464799114 ], [ 80.620518320975336, 7.306907791263842 ], [ 80.620518286559317, 7.306907789443328 ], [ 80.620487282679335, 7.306904999813192 ], [ 80.620269079967642, 7.306885369749885 ], [ 80.620197258367071, 7.306884078873963 ], [ 80.620175981217315, 7.306867070631502 ], [ 80.620157426948182, 7.30683342507828 ], [ 80.620124031213635, 7.306757360812954 ], [ 80.6200587107503, 7.306550163505247 ], [ 80.62003501054653, 7.306468947165921 ], [ 80.619985685697188, 7.306366021410027 ], [ 80.619958260269144, 7.306316366628502 ], [ 80.619919060910433, 7.306268875375292 ], [ 80.619879352760265, 7.306244232036885 ], [ 80.619620488491577, 7.30635093573419 ], [ 80.619178262358474, 7.306533220301521 ], [ 80.618992424731303, 7.306581882027113 ], [ 80.618640071478751, 7.306847341625444 ], [ 80.618596594017589, 7.307258532404771 ], [ 80.61862199192818, 7.307526425353606 ], [ 80.618628021554912, 7.307533116582973 ], [ 80.618626257777208, 7.307560014426494 ], [ 80.618624046913084, 7.307593716985489 ], [ 80.618622274939099, 7.307620741428334 ], [ 80.618633141608385, 7.307956298202341 ], [ 80.618631225297136, 7.307984261259651 ], [ 80.618518828641569, 7.308174832506195 ], [ 80.618491647080162, 7.308189180595471 ], [ 80.618156448259199, 7.308330606300548 ], [ 80.617889798715936, 7.308547992776453 ], [ 80.617873599462214, 7.308557808707448 ], [ 80.617709521201277, 7.308632434604308 ], [ 80.61760757301299, 7.308646241788536 ], [ 80.617464752626859, 7.308802409639585 ], [ 80.616965209777277, 7.309049893616998 ], [ 80.616781963765391, 7.309545581517161 ], [ 80.616790515484212, 7.309553109237633 ], [ 80.616859963345917, 7.309590959840416 ], [ 80.616970987765868, 7.309651471556385 ], [ 80.617073620948304, 7.309744939368057 ], [ 80.617074490146067, 7.309745730034773 ], [ 80.616661465388944, 7.30999598060473 ], [ 80.616533137162932, 7.310073733126734 ], [ 80.616421051456172, 7.310463167092484 ], [ 80.616580389150741, 7.310521245379973 ], [ 80.616646249119086, 7.310631927204605 ], [ 80.616867884452432, 7.310709767453224 ], [ 80.617233364392291, 7.310611199267428 ] ] ] ] } },
{ "type": "Feature", "properties": { "GND_N": "Kondadeniya", "GND_NO": "423", "GND_C": "275", "PROVINCE_N": "CENTRAL", "PROVINCE_C": "2", "DISTRICT_N": "KANDY", "DISTRICT_C": "1", "DSD_N": "HARISPATTUWA", "DSD_C": "33", "Admin_Code": "2133275", "GND_NO_Cen": "423", "GND_NAME_C": "Kondadeniya", "GND_NO_Gaz": "423", "GND_NAME_G": "කොණ්ඩදෙi", "shape_1": "Polygon", "Area__Ha_": 69.676227946599994, "MWS_ID": "112-2", "Alt_MWS": null, "Area": 0.69676227947000002, "Tot_Pop": 1663.0, "Density": 2386.7537738599999 }, "geometry": { "type": "MultiPolygon", "coordinates": [ [ [ [ 80.609542644730553, 7.325732955215492 ], [ 80.609680729265648, 7.325712798868921 ], [ 80.609800145855317, 7.325735934398375 ], [ 80.60991646094314, 7.325767115217973 ], [ 80.609926934302166, 7.325773606545032 ], [ 80.610070617981989, 7.325819769049257 ], [ 80.610181634925468, 7.325825463742265 ], [ 80.610193351672876, 7.325817810448973 ], [ 80.610199155462823, 7.325818298201241 ], [ 80.610323197628787, 7.325802510576147 ], [ 80.610340142461808, 7.325757689730878 ], [ 80.610369422418458, 7.325710742901522 ], [ 80.610408988877225, 7.325668578188512 ], [ 80.610471842466865, 7.325632091117376 ], [ 80.610549704830646, 7.325615742920544 ], [ 80.610612829409803, 7.325595896873166 ], [ 80.610663893492685, 7.325565392808683 ], [ 80.61072194275971, 7.325519784058912 ], [ 80.610746720449598, 7.325501712585536 ], [ 80.610797734944484, 7.32542881215001 ], [ 80.610807392636161, 7.325431773670499 ], [ 80.610935490192645, 7.325471052053381 ], [ 80.611114268828771, 7.325504037894443 ], [ 80.611174369624578, 7.325519698030853 ], [ 80.61123834570445, 7.32553636878085 ], [ 80.611313298474229, 7.325550443682081 ], [ 80.611414949649443, 7.325569532757148 ], [ 80.611534223980343, 7.325602854725046 ], [ 80.61165575330196, 7.325659239872373 ], [ 80.611726336626035, 7.325698544005535 ], [ 80.611734082726571, 7.325702857641258 ], [ 80.611832559029381, 7.325791960053704 ], [ 80.611834766486737, 7.325793957557028 ], [ 80.611835060978308, 7.32579361222173 ], [ 80.611879711233257, 7.325741523628561 ], [ 80.611947493415826, 7.325658973966861 ], [ 80.611954832262796, 7.325650036728981 ], [ 80.61195626498521, 7.325647988106474 ], [ 80.611999116143309, 7.325586754552632 ], [ 80.612019851183973, 7.325557125470619 ], [ 80.612022526322676, 7.325553301254553 ], [ 80.61202820816618, 7.325545472083276 ], [ 80.612093391669774, 7.325455666242627 ], [ 80.612132452742244, 7.325388218744213 ], [ 80.612136448139182, 7.325380278631354 ], [ 80.612141156872596, 7.325370914504772 ], [ 80.612174148815939, 7.325305310465995 ], [ 80.612198076075515, 7.32527451779971 ], [ 80.612249451938439, 7.325208395964865 ], [ 80.612315056350212, 7.325133906387182 ], [ 80.612374024583573, 7.325088671229895 ], [ 80.612380921891713, 7.325083380869278 ], [ 80.61238200988015, 7.325082837780778 ], [ 80.612453031154459, 7.325048862837373 ], [ 80.612477497665154, 7.325022014912295 ], [ 80.612540277380944, 7.324986227447729 ], [ 80.612602264858992, 7.324929787260742 ], [ 80.612690260371522, 7.324918512790719 ], [ 80.612766690422603, 7.324887660505801 ], [ 80.612796632235018, 7.324835547479183 ], [ 80.61273800042143, 7.324760692552347 ], [ 80.612731127238206, 7.324756977898432 ], [ 80.61266541436396, 7.324734362759409 ], [ 80.612531131459178, 7.324692942137293 ], [ 80.612460879919198, 7.324645646943671 ], [ 80.612415426522915, 7.324546330007212 ], [ 80.612372073792685, 7.324476081681611 ], [ 80.612322777000401, 7.324412537481883 ], [ 80.612300269029703, 7.324331999469807 ], [ 80.612280583716526, 7.324265287438545 ], [ 80.612279881909132, 7.324255003472135 ], [ 80.612266325975511, 7.324172707142661 ], [ 80.612258998262703, 7.324161189102937 ], [ 80.61222731303927, 7.324111380409904 ], [ 80.612223042425626, 7.324091771799148 ], [ 80.61221537738605, 7.324056574514742 ], [ 80.612214180613336, 7.324035101451748 ], [ 80.612214116721631, 7.324033965626417 ], [ 80.612220842568121, 7.323974917225075 ], [ 80.612238089933442, 7.323872375782173 ], [ 80.612225067369536, 7.323817662633529 ], [ 80.612190949050714, 7.323748923318177 ], [ 80.612187918306773, 7.323736974588342 ], [ 80.612167253903436, 7.323655498576315 ], [ 80.61218097321516, 7.323546128374921 ], [ 80.612187148404942, 7.323496891437719 ], [ 80.612224355873479, 7.323432692399082 ], [ 80.612227675202192, 7.32345796249202 ], [ 80.612229726412266, 7.323473577805157 ], [ 80.612312167872176, 7.323657543580207 ], [ 80.612374736449027, 7.323708297661195 ], [ 80.612403806577291, 7.323719069431066 ], [ 80.612464306917389, 7.323723975590386 ], [ 80.612472261236604, 7.323726011354787 ], [ 80.612509761463542, 7.323735612403989 ], [ 80.612524080687265, 7.323739279130089 ], [ 80.612586302865125, 7.323744095469621 ], [ 80.612588577377466, 7.323743509405704 ], [ 80.61263784398038, 7.323730823704798 ], [ 80.612705242939981, 7.323699468061582 ], [ 80.61279883740562, 7.323648570937963 ], [ 80.612835696306647, 7.32362852873975 ], [ 80.612881088575364, 7.323584868390203 ], [ 80.612902014186091, 7.323576195602798 ], [ 80.612951559466637, 7.323571691179451 ], [ 80.612974975849227, 7.323555538914589 ], [ 80.61299296280427, 7.323543132101758 ], [ 80.613055833107651, 7.323506621149745 ], [ 80.613094645055597, 7.323483242767298 ], [ 80.613196492654566, 7.323421893022864 ], [ 80.613246010306113, 7.323406132721556 ], [ 80.61332485056603, 7.323396761069556 ], [ 80.613333959545841, 7.323396711014323 ], [ 80.613428164004205, 7.323429076592356 ], [ 80.613519794871976, 7.323407670575031 ], [ 80.613607114789048, 7.323377809574136 ], [ 80.613728605622214, 7.323369551088896 ], [ 80.613828920819486, 7.323370148885756 ], [ 80.613935473457872, 7.323409241390143 ], [ 80.614013525223058, 7.323406246463977 ], [ 80.614016610329074, 7.323403251626983 ], [ 80.614118765650659, 7.323397261285285 ], [ 80.614210437057153, 7.323346279069797 ], [ 80.614234181214982, 7.323265061488366 ], [ 80.614231384098716, 7.323187924502155 ], [ 80.614200763379358, 7.323194599876661 ], [ 80.614143349878802, 7.323197062404887 ], [ 80.614023436872344, 7.323150266817741 ], [ 80.613953408984216, 7.323108364283582 ], [ 80.61387339461028, 7.323086168281194 ], [ 80.61385128992174, 7.323051915325403 ], [ 80.613772075766988, 7.323056002200724 ], [ 80.613717004826512, 7.323062584612262 ], [ 80.613695003376478, 7.32304340367239 ], [ 80.613648008682077, 7.323005496476062 ], [ 80.613583798420137, 7.322985940363059 ], [ 80.613486707028613, 7.322979756003297 ], [ 80.613436436707673, 7.322985703489304 ], [ 80.613435631467823, 7.322963367865799 ], [ 80.613416791239558, 7.322719108423419 ], [ 80.613409190816355, 7.322632962856202 ], [ 80.613405789301652, 7.322594400418384 ], [ 80.613388721372388, 7.322455584928642 ], [ 80.613366801718158, 7.322213767786695 ], [ 80.613356426913839, 7.322103075767978 ], [ 80.613338715930439, 7.32199672535524 ], [ 80.613315524665225, 7.321912031873012 ], [ 80.613313480426413, 7.321904565222892 ], [ 80.613294499870804, 7.321795048389981 ], [ 80.613268368564093, 7.321678110984116 ], [ 80.613260678232848, 7.321635121341009 ], [ 80.613254811961866, 7.321602325640598 ], [ 80.613234158052919, 7.321369550146516 ], [ 80.613215225239443, 7.321131262653325 ], [ 80.613195933542968, 7.320888628955925 ], [ 80.614228853430674, 7.320785791388694 ], [ 80.614229080989531, 7.320785179258709 ], [ 80.614276645136627, 7.320657709805287 ], [ 80.614317876855694, 7.320594244506454 ], [ 80.614369096546199, 7.320476613344995 ], [ 80.614438905508976, 7.320295780013441 ], [ 80.614476253577052, 7.320209251811871 ], [ 80.614502717705861, 7.32015735443249 ], [ 80.614508172093807, 7.320109338901582 ], [ 80.61449703701507, 7.32008944027304 ], [ 80.614399467896604, 7.320043392543862 ], [ 80.614560891517797, 7.3199063693446 ], [ 80.614726297372528, 7.319591111544556 ], [ 80.61467644831778, 7.319152638663274 ], [ 80.614464873346805, 7.31873653073287 ], [ 80.614152221962314, 7.318264958078888 ], [ 80.61411623848538, 7.31823236947626 ], [ 80.614075631699109, 7.318181124374134 ], [ 80.614032834122966, 7.317786170738144 ], [ 80.613815668457178, 7.317853051431544 ], [ 80.613781517495056, 7.317809953674301 ], [ 80.613518898328707, 7.31742406581544 ], [ 80.613383088864836, 7.317232296698075 ], [ 80.613377144639315, 7.317152362451833 ], [ 80.613347021938708, 7.317043202387784 ], [ 80.613278673236522, 7.316956726450819 ], [ 80.613178259658611, 7.316866892073533 ], [ 80.613125482709904, 7.316796338360104 ], [ 80.613058216002017, 7.316720985688476 ], [ 80.612976986725585, 7.316680533070646 ], [ 80.61291555717338, 7.316668099257684 ], [ 80.612784082601536, 7.316641488603716 ], [ 80.612696231826305, 7.316627891280635 ], [ 80.612604484020324, 7.316625959819573 ], [ 80.612576680618332, 7.316622422035394 ], [ 80.612546433325704, 7.316609660392233 ], [ 80.612485673855375, 7.316570392528347 ], [ 80.612422931006265, 7.316503451411241 ], [ 80.612385365927892, 7.316447371063587 ], [ 80.612343634012561, 7.316385320807751 ], [ 80.612325993556468, 7.31632761906026 ], [ 80.612321393046642, 7.316276524362751 ], [ 80.612305953633125, 7.316144039507176 ], [ 80.61225394943304, 7.315939738909131 ], [ 80.612240387860879, 7.315871007071493 ], [ 80.613436600814254, 7.315885927125555 ], [ 80.613623655874306, 7.315916570949895 ], [ 80.613935243995812, 7.315896100557431 ], [ 80.613965462786851, 7.315586796968736 ], [ 80.613985841871951, 7.315189638755211 ], [ 80.61394517975269, 7.314756059504639 ], [ 80.614069701202965, 7.314387497529382 ], [ 80.614077465746888, 7.313876318609057 ], [ 80.61408069623144, 7.313663685038207 ], [ 80.614039671084171, 7.313668509184692 ], [ 80.61396285535622, 7.31369696701409 ], [ 80.61389694551174, 7.313737423415371 ], [ 80.613896451788165, 7.313737726178424 ], [ 80.613816100735804, 7.313777034325553 ], [ 80.613732317011184, 7.313793823209199 ], [ 80.613653428011077, 7.31378990714938 ], [ 80.613619110139211, 7.313770904430749 ], [ 80.613596931381636, 7.313739878883571 ], [ 80.613578032970906, 7.313656766756476 ], [ 80.613540666519427, 7.313545162462669 ], [ 80.613499855950124, 7.313440249656414 ], [ 80.613452066631751, 7.313353508975163 ], [ 80.613431792026091, 7.313311632490587 ], [ 80.613418712245348, 7.313170285445083 ], [ 80.613415398826234, 7.313063757535013 ], [ 80.613416321313053, 7.313019990581735 ], [ 80.613459294137385, 7.312903983328514 ], [ 80.613468082343687, 7.312883772653035 ], [ 80.613493105386084, 7.312826224713121 ], [ 80.613507353310681, 7.312748279976688 ], [ 80.61350594655174, 7.312628821242368 ], [ 80.61349963316583, 7.3125579226294 ], [ 80.613478630019671, 7.312534584063502 ], [ 80.613391611195112, 7.312476766847925 ], [ 80.613327957236777, 7.312428363705117 ], [ 80.613261499341704, 7.312367118458085 ], [ 80.613223656424154, 7.312326049479321 ], [ 80.613200846602396, 7.312284714647452 ], [ 80.613143619222413, 7.312190009047085 ], [ 80.613112412691152, 7.312138365751329 ], [ 80.613026038967263, 7.312055320497437 ], [ 80.612973074083115, 7.312000048486457 ], [ 80.612935950249238, 7.311971730395685 ], [ 80.612896102876348, 7.311961045193568 ], [ 80.612814224148451, 7.311965447483312 ], [ 80.612762771485947, 7.311970863669226 ], [ 80.612732890048605, 7.311974008838302 ], [ 80.612648295306983, 7.311975333678555 ], [ 80.612608360153715, 7.311959493900861 ], [ 80.612574859945468, 7.311929097203497 ], [ 80.612548366768934, 7.31188503272404 ], [ 80.612496095897342, 7.311864106280447 ], [ 80.612457982796485, 7.311866344138311 ], [ 80.612096685439695, 7.311887555982045 ], [ 80.611661212410553, 7.311913129021812 ], [ 80.611275972748331, 7.312192704842884 ], [ 80.611260770008315, 7.312213476505357 ], [ 80.610928986962449, 7.312492449428255 ], [ 80.610441982222042, 7.31278224555017 ], [ 80.610049539953749, 7.31296581067071 ], [ 80.609793481169874, 7.31319152469567 ], [ 80.609757994777183, 7.313212599889086 ], [ 80.609566872390431, 7.313499963190198 ], [ 80.60956955225069, 7.313519877800263 ], [ 80.609329461990981, 7.313893044676761 ], [ 80.608936180838995, 7.314566783145906 ], [ 80.608806319196844, 7.314518626065917 ], [ 80.608686130102129, 7.314454873351521 ], [ 80.608601938806203, 7.314410214760232 ], [ 80.608448271670937, 7.314325063703174 ], [ 80.608346587917595, 7.314252499952136 ], [ 80.608331640141699, 7.314261809586851 ], [ 80.608280539404518, 7.314308632432393 ], [ 80.608283413878567, 7.314372296308191 ], [ 80.608294241699596, 7.314481269543238 ], [ 80.608301182768301, 7.31460808047783 ], [ 80.608457763118096, 7.3145637919029 ], [ 80.608509868673039, 7.314620239704166 ], [ 80.608601170189161, 7.314770769308393 ], [ 80.608665987812188, 7.314930755266301 ], [ 80.608744858358776, 7.31513017306846 ], [ 80.608744951025244, 7.315143979973351 ], [ 80.608610854600926, 7.31546564788341 ], [ 80.608633856894741, 7.315585080264434 ], [ 80.608667660440531, 7.315863167257201 ], [ 80.608975956933193, 7.31612565128746 ], [ 80.609305861326888, 7.316235242074155 ], [ 80.609552418325293, 7.316295152930384 ], [ 80.609858134771216, 7.316348766259059 ], [ 80.609856778343072, 7.316641074782531 ], [ 80.610008770487426, 7.316715263720782 ], [ 80.610123584223828, 7.316805389862609 ], [ 80.610216128723962, 7.316869497350504 ], [ 80.610447519375029, 7.316918607489774 ], [ 80.610630121007233, 7.316962063963916 ], [ 80.610650417423486, 7.31711638500047 ], [ 80.61070251747968, 7.317255593292185 ], [ 80.610675756760443, 7.31746016350758 ], [ 80.61059161989337, 7.317616891358482 ], [ 80.610357343993542, 7.317820589365581 ], [ 80.610328532170854, 7.31799181088238 ], [ 80.610134867317726, 7.318191545707758 ], [ 80.609987149974629, 7.318390356037791 ], [ 80.609921949077389, 7.318399302621167 ], [ 80.609881993947923, 7.318431210591137 ], [ 80.609865113339723, 7.31845493140499 ], [ 80.60983387315342, 7.318498832719424 ], [ 80.609803699017192, 7.31853779694164 ], [ 80.60972840719748, 7.318603510883356 ], [ 80.609649992217186, 7.318684410488371 ], [ 80.609622124194345, 7.318713162374556 ], [ 80.609530339578484, 7.318799489145301 ], [ 80.609504292858631, 7.318823617102569 ], [ 80.609455593421913, 7.318868729110761 ], [ 80.609363264496864, 7.318962107383423 ], [ 80.609278832500124, 7.319004488698838 ], [ 80.609214510849384, 7.319021032536527 ], [ 80.609205462701041, 7.319023360467231 ], [ 80.609147754085257, 7.319060867542939 ], [ 80.609056071362005, 7.319121239001737 ], [ 80.60898103824384, 7.31922131815609 ], [ 80.608971628178992, 7.319239638511133 ], [ 80.608957456884667, 7.319267227990663 ], [ 80.608941610593504, 7.319298076852321 ], [ 80.608929440941239, 7.319383981830311 ], [ 80.60892787542754, 7.319445835437982 ], [ 80.608936798471873, 7.319565296014235 ], [ 80.608941013310982, 7.319673272025684 ], [ 80.608946059311535, 7.319743176368972 ], [ 80.608914065617512, 7.319796156515166 ], [ 80.608898379667437, 7.319839013646695 ], [ 80.608870293864285, 7.319861247199726 ], [ 80.608833688934666, 7.319897678725272 ], [ 80.608777308393726, 7.31993404953655 ], [ 80.609303694193173, 7.320828993036662 ], [ 80.609128177339116, 7.32095145073034 ], [ 80.608907787575575, 7.320933881466506 ], [ 80.608717019506102, 7.320863403431159 ], [ 80.608562176456317, 7.320920925319339 ], [ 80.608499405916774, 7.320971652200249 ], [ 80.608476217952287, 7.321115650767291 ], [ 80.608477962651236, 7.321359555845754 ], [ 80.60844026960703, 7.321522371119273 ], [ 80.608355501649484, 7.321657437535954 ], [ 80.608199890920133, 7.321662319649087 ], [ 80.607991317456126, 7.321578346102859 ], [ 80.607875012619431, 7.321525526698889 ], [ 80.6077242395762, 7.321534856001678 ], [ 80.607621654732853, 7.321580932397157 ], [ 80.607636891368372, 7.32170985342972 ], [ 80.60772965348383, 7.321820805199639 ], [ 80.607722977911408, 7.321959135411592 ], [ 80.607678937657909, 7.322248414706797 ], [ 80.607345668243141, 7.322306916463149 ], [ 80.607013435780374, 7.32228387213038 ], [ 80.606747075032729, 7.322335981681801 ], [ 80.606484247871933, 7.322652699859811 ], [ 80.606332505796786, 7.322828075124371 ], [ 80.606467854937648, 7.322887448346892 ], [ 80.606612064684469, 7.322880321686831 ], [ 80.606662883579034, 7.322870540935928 ], [ 80.606803382385479, 7.322760714992533 ], [ 80.607180323913269, 7.322762173446971 ], [ 80.607286569500857, 7.322739169058348 ], [ 80.607548655447204, 7.32269169484454 ], [ 80.608014188099432, 7.322725280347318 ], [ 80.608214042137703, 7.322694476770113 ], [ 80.608448694872067, 7.322744635478371 ], [ 80.608606227314155, 7.322821394285981 ], [ 80.608855878216403, 7.322907866052096 ], [ 80.609033449228633, 7.322972435861136 ], [ 80.609202691159354, 7.32319755208712 ], [ 80.609450454914665, 7.323337410944084 ], [ 80.609596346177597, 7.323395135891984 ], [ 80.609756275984125, 7.323470917642971 ], [ 80.609839216832, 7.323534071243672 ], [ 80.609842100521774, 7.323536959743026 ], [ 80.610036037908188, 7.323647224115043 ], [ 80.610165390987618, 7.323767620770743 ], [ 80.610283806012532, 7.323864829793028 ], [ 80.610336733517173, 7.324033712134619 ], [ 80.610022362368269, 7.324296838069909 ], [ 80.609852434254393, 7.324459081878839 ], [ 80.609818352223215, 7.324552114594042 ], [ 80.609835181853654, 7.324573659457909 ], [ 80.609893849867646, 7.324630111339341 ], [ 80.610037266446938, 7.324770332794371 ], [ 80.610037266849162, 7.324769247633495 ], [ 80.610142874125984, 7.32490302912176 ], [ 80.609924457382462, 7.325084330362868 ], [ 80.609657850140891, 7.324762557428661 ], [ 80.609570603892152, 7.324809701579306 ], [ 80.60945377048813, 7.325123205591106 ], [ 80.609347418925111, 7.3253104269437 ], [ 80.609267974395479, 7.325418808654517 ], [ 80.609179493305106, 7.325726446957182 ], [ 80.609194486467771, 7.325905036555474 ], [ 80.609273173296856, 7.325844499326373 ], [ 80.609370177381209, 7.325765493110246 ], [ 80.609542644730553, 7.325732955215492 ] ] ] ] } },
{ "type": "Feature", "properties": { "GND_N": "Dadahogama", "GND_NO": "449", "GND_C": "210", "PROVINCE_N": "CENTRAL", "PROVINCE_C": "2", "DISTRICT_N": "KANDY", "DISTRICT_C": "1", "DSD_N": "HARISPATTUWA", "DSD_C": "33", "Admin_Code": "2133210", "GND_NO_Cen": "449", "GND_NAME_C": "Dadahogama", "GND_NO_Gaz": "449", "GND_NAME_G": "දඩහෝගම", "shape_1": "Polygon", "Area__Ha_": 59.429240794199998, "MWS_ID": "112-2", "Alt_MWS": null, "Area": 0.59429240794000004, "Tot_Pop": 995.0, "Density": 1674.25998835 }, "geometry": { "type": "MultiPolygon", "coordinates": [ [ [ [ 80.594939538626733, 7.326174997613129 ], [ 80.595840686022854, 7.325886124092817 ], [ 80.596155900298157, 7.326097244442298 ], [ 80.59627634557225, 7.325884611199132 ], [ 80.59630449327868, 7.325850523109664 ], [ 80.596324454396026, 7.325833551050366 ], [ 80.596340358923342, 7.325825084119448 ], [ 80.596470390900976, 7.32570371210687 ], [ 80.596493699837339, 7.325674878767713 ], [ 80.596509209898741, 7.325658525270879 ], [ 80.596758062961342, 7.325253694377827 ], [ 80.596766112768407, 7.325245589633971 ], [ 80.596854551907185, 7.325161043903473 ], [ 80.596870859950386, 7.325153598972942 ], [ 80.596895007571689, 7.325133753785569 ], [ 80.596898797854294, 7.32512525487454 ], [ 80.597057818943469, 7.325018547518487 ], [ 80.597077187023956, 7.325005394047373 ], [ 80.597125312344403, 7.324989663015693 ], [ 80.59714561129762, 7.324986132571276 ], [ 80.597275523674185, 7.324920448882236 ], [ 80.597296245623653, 7.324921403024227 ], [ 80.59734561001099, 7.32491920169779 ], [ 80.5975674230138, 7.324959849534729 ], [ 80.59759125142115, 7.324956806985568 ], [ 80.597612297157738, 7.324949844092697 ], [ 80.597718894770949, 7.324936842783819 ], [ 80.59773959850385, 7.324933507801955 ], [ 80.597756896688438, 7.324930125348533 ], [ 80.597801629545486, 7.324926911126557 ], [ 80.597863762079356, 7.324920185167903 ], [ 80.597908735500297, 7.324913322178951 ], [ 80.59791559099267, 7.324913378250463 ], [ 80.598093361539583, 7.324835970952528 ], [ 80.598107108354796, 7.324832521969381 ], [ 80.598117647157579, 7.324821972053764 ], [ 80.598131461488165, 7.324815005368381 ], [ 80.598329583738305, 7.324671646367108 ], [ 80.598329590523178, 7.324668242583372 ], [ 80.598541931428073, 7.324656053350578 ], [ 80.59858415310778, 7.324656255409023 ], [ 80.598617416633559, 7.324579803620815 ], [ 80.598608229418318, 7.324566950789512 ], [ 80.598305176830976, 7.324313423457416 ], [ 80.597747737833458, 7.323253165494417 ], [ 80.597876252222065, 7.323130170118642 ], [ 80.597899528625419, 7.323116528027182 ], [ 80.597934490795851, 7.323093743567414 ], [ 80.597943824376074, 7.323084604789455 ], [ 80.597991677876053, 7.323022954081837 ], [ 80.598003815636005, 7.323004607922721 ], [ 80.598008668569136, 7.322997717267654 ], [ 80.598033765815501, 7.322930808076263 ], [ 80.598043823234178, 7.322905298128598 ], [ 80.598044105002643, 7.322893683406072 ], [ 80.598079405797108, 7.322809573033291 ], [ 80.598086909045605, 7.322795468918151 ], [ 80.598110136487634, 7.322740846614772 ], [ 80.598120220537183, 7.322714396203121 ], [ 80.598122366900157, 7.322667055118486 ], [ 80.59812290325398, 7.322655246071922 ], [ 80.59815229907457, 7.322608839063732 ], [ 80.5982173126975, 7.3225603210408 ], [ 80.598247856126136, 7.322543427227957 ], [ 80.598272446229842, 7.32252641349931 ], [ 80.598352356218399, 7.322466896915867 ], [ 80.598367530537459, 7.322458510102466 ], [ 80.598391958461775, 7.322441608436145 ], [ 80.59849428433391, 7.322388990550772 ], [ 80.598509457957789, 7.3223777732718 ], [ 80.598535894387012, 7.322375588975874 ], [ 80.598586117844761, 7.322298388785213 ], [ 80.598682773627175, 7.322255332498193 ], [ 80.598701669070849, 7.322243654583523 ], [ 80.598713940970882, 7.322240968227137 ], [ 80.598824536597562, 7.322161850289264 ], [ 80.598855741332216, 7.322144520821633 ], [ 80.598868489617459, 7.322132736481886 ], [ 80.598920471003836, 7.322083053902695 ], [ 80.59893807217, 7.322064440387471 ], [ 80.598952772556743, 7.322042837919944 ], [ 80.60014858795688, 7.320843437196388 ], [ 80.600375892657823, 7.320899803413287 ], [ 80.600655664696077, 7.320994829849206 ], [ 80.600666967317977, 7.320999353048752 ], [ 80.60071909200903, 7.321013141357192 ], [ 80.600728190956204, 7.321015449967953 ], [ 80.600748723840439, 7.321022325233703 ], [ 80.600852234983364, 7.321054752206535 ], [ 80.600898799363634, 7.321073322981852 ], [ 80.60090348288459, 7.321075639816088 ], [ 80.600922301219711, 7.321087178788476 ], [ 80.601114631045718, 7.321158495376918 ], [ 80.601122062528788, 7.321167824320773 ], [ 80.601255145641517, 7.321195936534253 ], [ 80.601303160608623, 7.321190041075285 ], [ 80.601304663214805, 7.32119003442497 ], [ 80.601365743310396, 7.321100501657282 ], [ 80.601458497014065, 7.320928780256192 ], [ 80.601472560708814, 7.320918308490793 ], [ 80.601483275494829, 7.320904295087575 ], [ 80.601629494844843, 7.320663457908521 ], [ 80.601670037683135, 7.320424314148513 ], [ 80.60151811471448, 7.320149740266069 ], [ 80.60142300813996, 7.31984022271423 ], [ 80.601259738311256, 7.319638359154999 ], [ 80.601017350848892, 7.319499090280845 ], [ 80.600803132598955, 7.319408179788423 ], [ 80.600468119338686, 7.319533348991644 ], [ 80.600121843887067, 7.319714461708749 ], [ 80.59973563545843, 7.319640394710429 ], [ 80.599373588916393, 7.319629073634934 ], [ 80.599001529814217, 7.319472766338787 ], [ 80.598805275283496, 7.319226000350559 ], [ 80.598801442830407, 7.319041305395819 ], [ 80.598766451840106, 7.318631742912437 ], [ 80.598688113535133, 7.318394899210404 ], [ 80.598682127323073, 7.318388765691487 ], [ 80.598360095555648, 7.318316256541302 ], [ 80.598342213418249, 7.318310554190537 ], [ 80.59831234748944, 7.318305298349067 ], [ 80.598116180844244, 7.318206727977643 ], [ 80.597896237869179, 7.318104369032508 ], [ 80.59760834168182, 7.317962615205358 ], [ 80.597311781565409, 7.317957130421622 ], [ 80.597305839156164, 7.31795250798849 ], [ 80.59726116818166, 7.318002150801452 ], [ 80.59716039747174, 7.318045515348015 ], [ 80.597145403884682, 7.318046181279285 ], [ 80.59693145590397, 7.318028424281425 ], [ 80.596916764966039, 7.318028745787117 ], [ 80.596905018556342, 7.318029001546968 ], [ 80.596756753334418, 7.318070659656779 ], [ 80.596526391126076, 7.318260590236401 ], [ 80.596517886899321, 7.318263849557842 ], [ 80.596234783866009, 7.318371201716769 ], [ 80.596034950355914, 7.318439660514725 ], [ 80.5958655783014, 7.31848722942714 ], [ 80.595858028395554, 7.318374061338355 ], [ 80.595858057170815, 7.318370071576249 ], [ 80.595822833404242, 7.318206137629809 ], [ 80.595700100662725, 7.318192964317436 ], [ 80.595683097564674, 7.318208662484875 ], [ 80.595674604169062, 7.31821650569368 ], [ 80.595526171923623, 7.318321651548716 ], [ 80.59550989911061, 7.318325399672022 ], [ 80.595392203089844, 7.318363873799666 ], [ 80.595364909016212, 7.318355196019468 ], [ 80.595260955440082, 7.318292758417615 ], [ 80.59498220821844, 7.318208271432351 ], [ 80.594850232360145, 7.318195720847853 ], [ 80.594129053388087, 7.318585180464365 ], [ 80.5939801484745, 7.318713397925013 ], [ 80.593879162860532, 7.318874369515741 ], [ 80.593875143486883, 7.31887826813495 ], [ 80.593773989516635, 7.319032104701276 ], [ 80.593761999833262, 7.319035850879215 ], [ 80.593514878902312, 7.319079427441917 ], [ 80.593360591098872, 7.319060552630276 ], [ 80.593171037323913, 7.319112280236955 ], [ 80.592759257601472, 7.319102420300966 ], [ 80.592048437981958, 7.319520161800833 ], [ 80.591816476310811, 7.319886331925608 ], [ 80.591974937469274, 7.320023155047187 ], [ 80.592056357934112, 7.320163753700108 ], [ 80.592122895615432, 7.320200465668929 ], [ 80.592492832066284, 7.320309127441628 ], [ 80.592522514105937, 7.320323432022983 ], [ 80.592946248942013, 7.320319430530258 ], [ 80.592931371639963, 7.320591719220669 ], [ 80.592901575388041, 7.320672868934285 ], [ 80.592886680412235, 7.320702400929219 ], [ 80.592787197002608, 7.321389422367991 ], [ 80.592753609246259, 7.322294403351975 ], [ 80.592811670516028, 7.322869441645446 ], [ 80.592978840819057, 7.322919575437068 ], [ 80.593009492891568, 7.323027469118783 ], [ 80.593013129806025, 7.32306417795107 ], [ 80.593013204799121, 7.323093447464153 ], [ 80.593013285521153, 7.323126430035884 ], [ 80.593013347054836, 7.323148738240978 ], [ 80.593006918503121, 7.323462728522039 ], [ 80.593003286467365, 7.323478363296224 ], [ 80.59299968547289, 7.323517779367542 ], [ 80.592963422985846, 7.323711992888285 ], [ 80.592932767243312, 7.323741526596328 ], [ 80.592889106513397, 7.323776627299493 ], [ 80.592823872848541, 7.323821002748502 ], [ 80.592767516761612, 7.323870805800141 ], [ 80.592730625293257, 7.323935086490112 ], [ 80.592702426431643, 7.324007509423789 ], [ 80.59267196977585, 7.324068356392938 ], [ 80.59261282355348, 7.324209891388856 ], [ 80.592588921354022, 7.324267087654316 ], [ 80.592523038824012, 7.324259033282267 ], [ 80.592445611228158, 7.324294381491309 ], [ 80.592380093397921, 7.324344520764606 ], [ 80.592366817504953, 7.324354681479726 ], [ 80.59235803145269, 7.324362351778768 ], [ 80.592297108289998, 7.324406121219258 ], [ 80.592276139023156, 7.324416429803897 ], [ 80.592192170298944, 7.324469108011911 ], [ 80.592180033316026, 7.3244716513637 ], [ 80.592160977759306, 7.324482207599726 ], [ 80.592090806717792, 7.324511247605125 ], [ 80.591999601424035, 7.324545581800461 ], [ 80.591991574326769, 7.324551147192391 ], [ 80.591834219408554, 7.324623328148849 ], [ 80.591708820554231, 7.324649368494838 ], [ 80.591689675030409, 7.32464960389744 ], [ 80.591678730072928, 7.324649738669305 ], [ 80.59163238279686, 7.32465611847855 ], [ 80.591580419932356, 7.324662571034732 ], [ 80.591572158695357, 7.324662638178858 ], [ 80.591558386946446, 7.324662753701334 ], [ 80.591542361759167, 7.324680387302134 ], [ 80.591490762757914, 7.324715997342118 ], [ 80.591429170365856, 7.324787754471206 ], [ 80.591421374273992, 7.324804176068941 ], [ 80.591418979974748, 7.324820627919243 ], [ 80.59141129727729, 7.324845406199557 ], [ 80.591377454025348, 7.324956342666475 ], [ 80.591369404058284, 7.32498658638396 ], [ 80.59133944589415, 7.32505260334221 ], [ 80.59132859212184, 7.325088569220735 ], [ 80.591320601415873, 7.325161781678892 ], [ 80.591308566017645, 7.325223217583854 ], [ 80.591309056872021, 7.325236526368296 ], [ 80.591303262332147, 7.325266396631071 ], [ 80.591300418696704, 7.325283051762979 ], [ 80.591212817330145, 7.32560219021484 ], [ 80.5912098906891, 7.32561366096007 ], [ 80.591201059964234, 7.325648265790566 ], [ 80.59117949142717, 7.325714634341402 ], [ 80.591142536404888, 7.325857338464126 ], [ 80.591136156541879, 7.32588110355373 ], [ 80.591109226645443, 7.325941562102071 ], [ 80.591106209513441, 7.325961593816508 ], [ 80.591102283660874, 7.325973494596209 ], [ 80.591166730834146, 7.325970536930146 ], [ 80.591197234069824, 7.325962237155768 ], [ 80.59121384304855, 7.325956715098876 ], [ 80.591227671851456, 7.325956713553155 ], [ 80.591561062303271, 7.325943039196498 ], [ 80.592003619397744, 7.325945004880228 ], [ 80.592050334960078, 7.32594199370445 ], [ 80.592086000277305, 7.325941784946623 ], [ 80.592099705026328, 7.325941705553509 ], [ 80.592353201923004, 7.325952876994126 ], [ 80.5924069426557, 7.325964671140038 ], [ 80.592454755912087, 7.325970645495653 ], [ 80.592471653067847, 7.325973556107198 ], [ 80.592726155665488, 7.325983995266317 ], [ 80.592737533504391, 7.325984090338573 ], [ 80.592953872468257, 7.325953381710607 ], [ 80.593062495385098, 7.325907797696445 ], [ 80.593302782799128, 7.325808524675716 ], [ 80.593368423679223, 7.325772317874857 ], [ 80.593367044077226, 7.32576827870993 ], [ 80.593376746903232, 7.325744680423625 ], [ 80.593382003235661, 7.325732745799984 ], [ 80.593401398475038, 7.325702188343029 ], [ 80.593427407255632, 7.325671996197534 ], [ 80.593511463794471, 7.325659642347707 ], [ 80.593677872573352, 7.325598579237534 ], [ 80.593816551449194, 7.325572685709064 ], [ 80.593902331039217, 7.325559429088513 ], [ 80.594111498843318, 7.325698594282708 ], [ 80.594242233722909, 7.325823896381423 ], [ 80.594342105835196, 7.325901887450742 ], [ 80.594477270683967, 7.326052057718434 ], [ 80.594516637819595, 7.326109811378404 ], [ 80.594546698603494, 7.326153912674261 ], [ 80.594565866898066, 7.326229519000531 ], [ 80.594583422060595, 7.326269404820998 ], [ 80.594603586928926, 7.32625273495885 ], [ 80.594612459448427, 7.326250730995858 ], [ 80.594720816994496, 7.326207144975801 ], [ 80.594732759860676, 7.326203162736685 ], [ 80.594761299043071, 7.326191298080296 ], [ 80.594767802020755, 7.326187374233252 ], [ 80.594904152277181, 7.326175149738245 ], [ 80.594916540986461, 7.326175096857884 ], [ 80.594939538626733, 7.326174997613129 ] ] ] ] } },
{ "type": "Feature", "properties": { "GND_N": "Udamulla", "GND_NO": "433", "GND_C": "355", "PROVINCE_N": "CENTRAL", "PROVINCE_C": "2", "DISTRICT_N": "KANDY", "DISTRICT_C": "1", "DSD_N": "HARISPATTUWA", "DSD_C": "33", "Admin_Code": "2133355", "GND_NO_Cen": "433", "GND_NAME_C": "Udamulla", "GND_NO_Gaz": "433", "GND_NAME_G": "උඩමුල්ල", "shape_1": "Polygon", "Area__Ha_": 35.202698300199998, "MWS_ID": "112-2", "Alt_MWS": null, "Area": 0.352026983, "Tot_Pop": 1257.0, "Density": 3570.7490070200001 }, "geometry": { "type": "MultiPolygon", "coordinates": [ [ [ [ 80.607000135714813, 7.308522253791444 ], [ 80.607013321983814, 7.308384804029159 ], [ 80.607017075172834, 7.308279093511476 ], [ 80.607010590381691, 7.308182782075702 ], [ 80.607010603662204, 7.308147515231023 ], [ 80.607035356963053, 7.308071743162402 ], [ 80.607091292130278, 7.307934853827401 ], [ 80.60712843709625, 7.307900323449868 ], [ 80.60719456935216, 7.307857755657344 ], [ 80.60730092778185, 7.307778126573315 ], [ 80.607326846788183, 7.307735724549293 ], [ 80.607346253529499, 7.307672339386677 ], [ 80.607389411585288, 7.307550547056012 ], [ 80.607434898264188, 7.307496034714092 ], [ 80.607490524900754, 7.307454276812979 ], [ 80.607613004294166, 7.307373206802278 ], [ 80.607694344152549, 7.307354517274518 ], [ 80.607787369019945, 7.307327061278357 ], [ 80.607887466927636, 7.307281521874871 ], [ 80.607950519377667, 7.307237234643929 ], [ 80.608004536025547, 7.307138686848396 ], [ 80.607883603418173, 7.307196335234681 ], [ 80.607733697922626, 7.307228472363087 ], [ 80.607607076942074, 7.307241628725079 ], [ 80.607466335300828, 7.307227920204083 ], [ 80.607305379009162, 7.307260867827813 ], [ 80.607299481377893, 7.307262501499181 ], [ 80.607148858527466, 7.307304215619335 ], [ 80.607091609636697, 7.307327072065662 ], [ 80.607119608603028, 7.307295432924162 ], [ 80.607187301344794, 7.307197341607238 ], [ 80.607299655673927, 7.307066259109781 ], [ 80.607421162815612, 7.30692586751305 ], [ 80.607427337204015, 7.306920428643087 ], [ 80.60754193437171, 7.306819476436482 ], [ 80.607664071470566, 7.306687041954017 ], [ 80.607770244487426, 7.306584016590092 ], [ 80.607796262010964, 7.3065587700746 ], [ 80.607909149185218, 7.306457440941004 ], [ 80.608041895738182, 7.306292726746594 ], [ 80.608112328593322, 7.306132148162102 ], [ 80.608192631273624, 7.305977543441442 ], [ 80.608277916181677, 7.305820407611456 ], [ 80.608337473515547, 7.305678543975909 ], [ 80.608367323539184, 7.305537755338749 ], [ 80.608396451996072, 7.305386477436024 ], [ 80.608418151524319, 7.305277473767719 ], [ 80.608427304451382, 7.305231491630793 ], [ 80.608458611121591, 7.305070356740233 ], [ 80.608488313928234, 7.304967082081446 ], [ 80.608511300422805, 7.304887164840482 ], [ 80.608588246566086, 7.304748654448662 ], [ 80.608701131957702, 7.304650398815432 ], [ 80.608789011655986, 7.30457727345345 ], [ 80.608895635410846, 7.304514373637113 ], [ 80.609050723569709, 7.304425267016303 ], [ 80.609229537344177, 7.30434566338965 ], [ 80.609398566500403, 7.304274287024602 ], [ 80.609543331004431, 7.304237474888062 ], [ 80.609559433962303, 7.304233381640088 ], [ 80.609582265560036, 7.304221325788952 ], [ 80.609669318033312, 7.304175366069749 ], [ 80.609718957990765, 7.304149159651876 ], [ 80.609801610464075, 7.304103493988532 ], [ 80.609893157751486, 7.304052914902035 ], [ 80.610092627775487, 7.303955143888262 ], [ 80.610281946400463, 7.303877805363052 ], [ 80.610348454463775, 7.303850165432072 ], [ 80.610446084214189, 7.303809590044403 ], [ 80.61059346633445, 7.303737300058101 ], [ 80.610764674849733, 7.303651726433133 ], [ 80.610912043470051, 7.303615878790861 ], [ 80.610962825006766, 7.303625171920143 ], [ 80.611051692929053, 7.30364143126564 ], [ 80.611217511916607, 7.303675764999802 ], [ 80.611276981179188, 7.303696588406885 ], [ 80.611332831759697, 7.303716145365057 ], [ 80.611343930516611, 7.303720032494499 ], [ 80.611458309027583, 7.303751453566486 ], [ 80.611555496269801, 7.303773828932799 ], [ 80.611531445143171, 7.303868948173692 ], [ 80.611539242547749, 7.303912678532348 ], [ 80.611555939138213, 7.304006321458178 ], [ 80.611632612306693, 7.304113237914469 ], [ 80.611776142042402, 7.304180660756063 ], [ 80.611941708085538, 7.304164352333819 ], [ 80.612105829528602, 7.304135656199266 ], [ 80.612214464868316, 7.304118310519313 ], [ 80.612423608254616, 7.304084916514462 ], [ 80.612434167554184, 7.30406307151422 ], [ 80.612424482274832, 7.304055016997733 ], [ 80.61230270328042, 7.303953781380475 ], [ 80.61228509521149, 7.303932707461362 ], [ 80.612241832781876, 7.30388092859445 ], [ 80.612202939334367, 7.303834377272443 ], [ 80.612159246368634, 7.303768666567911 ], [ 80.612266842329205, 7.30369296861336 ], [ 80.61229218991744, 7.303675750878411 ], [ 80.612332974345406, 7.303648048851099 ], [ 80.612365507857874, 7.303595610263763 ], [ 80.612405467882752, 7.303543627426588 ], [ 80.612434124422734, 7.30344308037789 ], [ 80.612446177256032, 7.303423551835753 ], [ 80.612505425865493, 7.303376368792287 ], [ 80.612371401136897, 7.303260281921571 ], [ 80.612366742205452, 7.303026790403741 ], [ 80.612441618661038, 7.302374889221601 ], [ 80.612176866327601, 7.302222927275287 ], [ 80.61203387334163, 7.301961942569455 ], [ 80.611456372846973, 7.301731509417212 ], [ 80.611396391849624, 7.30192888122166 ], [ 80.611278606194233, 7.30206153632193 ], [ 80.611223233210183, 7.302103442216043 ], [ 80.611206824740748, 7.302088837165441 ], [ 80.611182706351102, 7.302056353959622 ], [ 80.611086375854043, 7.301926617409601 ], [ 80.611052482388871, 7.301881749822374 ], [ 80.610962355731957, 7.301762441213537 ], [ 80.610880077880211, 7.301655308270645 ], [ 80.610876907672818, 7.30165118077952 ], [ 80.610714505593478, 7.301666403926492 ], [ 80.610615335161953, 7.301659404407576 ], [ 80.610585752252376, 7.301653035400646 ], [ 80.610495430472085, 7.301633586868612 ], [ 80.610374097207028, 7.301554597635916 ], [ 80.610279479214697, 7.301485112463543 ], [ 80.6101632124399, 7.301418422639048 ], [ 80.610038962777821, 7.301388987078296 ], [ 80.609992882691316, 7.301377930385331 ], [ 80.609877402198833, 7.301350223419441 ], [ 80.609822949027347, 7.301334269540615 ], [ 80.609723814925061, 7.301305222963744 ], [ 80.609581452857611, 7.301267370586862 ], [ 80.609459560584199, 7.301233594186177 ], [ 80.609409320507993, 7.301252361577378 ], [ 80.609387005775019, 7.301260697318199 ], [ 80.609298177128835, 7.301281591811505 ], [ 80.609285288958375, 7.301284623687949 ], [ 80.609128946611364, 7.301334844082318 ], [ 80.60895067996141, 7.30141010725998 ], [ 80.608793424975701, 7.301481217471991 ], [ 80.608631089914851, 7.301581534686304 ], [ 80.608524038171595, 7.301654862710953 ], [ 80.608500726109853, 7.301670830342732 ], [ 80.608344460460046, 7.301764910929314 ], [ 80.608281066953197, 7.301803068759853 ], [ 80.608229287895554, 7.301834237941547 ], [ 80.60808180788851, 7.301672454065302 ], [ 80.608059281877075, 7.301657125894015 ], [ 80.608047316856556, 7.301647323324906 ], [ 80.60785274260418, 7.301411476690244 ], [ 80.605807825980534, 7.302189885866929 ], [ 80.605812129574076, 7.302300483574356 ], [ 80.605805124023178, 7.302443970978072 ], [ 80.605804278799454, 7.302461265426047 ], [ 80.605746902936062, 7.302586398176457 ], [ 80.605693530748852, 7.302652754640051 ], [ 80.605619250634774, 7.302690525452199 ], [ 80.605547694762905, 7.302704606390918 ], [ 80.605449395527359, 7.302714185528293 ], [ 80.605417360940322, 7.302717307708053 ], [ 80.605268520800735, 7.302811841261591 ], [ 80.605186239801569, 7.302925661629934 ], [ 80.605180343918931, 7.302982356386021 ], [ 80.605172331841885, 7.303059402549022 ], [ 80.605169374126334, 7.303218196771193 ], [ 80.605172221566889, 7.303351672751951 ], [ 80.605175552918254, 7.303403490490898 ], [ 80.605190986030365, 7.303548454967973 ], [ 80.60523665477136, 7.303726890966861 ], [ 80.605295026947033, 7.3038501693851 ], [ 80.605370708475803, 7.30393610760676 ], [ 80.605420207052575, 7.304048982276043 ], [ 80.605414816012711, 7.304173865172205 ], [ 80.604926734765272, 7.304480059186982 ], [ 80.605526744577404, 7.305206363896691 ], [ 80.605818139269161, 7.305563599026716 ], [ 80.605859395820048, 7.305775669685187 ], [ 80.605819481719593, 7.305942918714869 ], [ 80.605583793063289, 7.306426628113289 ], [ 80.605359941656914, 7.306699985983011 ], [ 80.605158525189012, 7.306813610125061 ], [ 80.605085615819206, 7.306819796812912 ], [ 80.60479674160463, 7.306896803166755 ], [ 80.604438107159041, 7.307053064661217 ], [ 80.604461998226157, 7.308328957877768 ], [ 80.6044710424991, 7.308656142040273 ], [ 80.606258815576538, 7.308393630983436 ], [ 80.606336425942473, 7.308391827223637 ], [ 80.606629253853185, 7.308539102597314 ], [ 80.606973517988536, 7.308712243843668 ], [ 80.606987584307703, 7.308664585209425 ], [ 80.606987422465281, 7.308615752875056 ], [ 80.607000135714813, 7.308522253791444 ] ] ] ] } },
{ "type": "Feature", "properties": { "GND_N": "Inigala", "GND_NO": "416", "GND_C": "295", "PROVINCE_N": "CENTRAL", "PROVINCE_C": "2", "DISTRICT_N": "KANDY", "DISTRICT_C": "1", "DSD_N": "HARISPATTUWA", "DSD_C": "33", "Admin_Code": "2133295", "GND_NO_Cen": "416", "GND_NAME_C": "Inigala", "GND_NO_Gaz": "416", "GND_NAME_G": "ඉනිගල", "shape_1": "Polygon", "Area__Ha_": 21.734521296, "MWS_ID": "112-2", "Alt_MWS": null, "Area": 0.21734521296000001, "Tot_Pop": 2416.0, "Density": 11115.956809400001 }, "geometry": { "type": "MultiPolygon", "coordinates": [ [ [ [ 80.615019439851849, 7.324115004100742 ], [ 80.615079766414368, 7.32406941277054 ], [ 80.615140629542836, 7.324032839314609 ], [ 80.615202469486036, 7.32401268830791 ], [ 80.615275079268713, 7.323988179702213 ], [ 80.615319128926117, 7.323944846884175 ], [ 80.61535711030136, 7.323984410078609 ], [ 80.615393204578936, 7.324027776989921 ], [ 80.615425961718913, 7.324064730306238 ], [ 80.615459194877261, 7.324080074611023 ], [ 80.615487506151268, 7.324088181841349 ], [ 80.615507633869925, 7.324084326763649 ], [ 80.61553394919882, 7.324058760721616 ], [ 80.615531352004254, 7.324019588182312 ], [ 80.615537407966571, 7.323976012074978 ], [ 80.615578039648341, 7.323972309006611 ], [ 80.615620064886173, 7.323979751039174 ], [ 80.615685084380047, 7.324001349066505 ], [ 80.615751305658179, 7.32400560211344 ], [ 80.615808574705355, 7.324024903145984 ], [ 80.615877023610793, 7.324033046368119 ], [ 80.615941636535609, 7.324029069673506 ], [ 80.616027695622705, 7.324001793150763 ], [ 80.61607557469344, 7.32397103683275 ], [ 80.616076380608789, 7.323963957346059 ], [ 80.616090516786372, 7.323945153819509 ], [ 80.616145322865393, 7.323919583413996 ], [ 80.616212627014249, 7.323902063919521 ], [ 80.616309460155492, 7.323868639213774 ], [ 80.616377394493981, 7.323856728394158 ], [ 80.616564079867999, 7.323829034460884 ], [ 80.616648318268787, 7.323807089835412 ], [ 80.616713904056098, 7.323779803202828 ], [ 80.616815902595434, 7.323743670932024 ], [ 80.616912916240764, 7.323716937987335 ], [ 80.616979398804972, 7.323714792110347 ], [ 80.617055662802741, 7.323708941145711 ], [ 80.617311693850425, 7.323696462789087 ], [ 80.617598683097086, 7.32358353005258 ], [ 80.617888102838421, 7.323274092421178 ], [ 80.617972695006074, 7.32327584216971 ], [ 80.618015360558161, 7.323265367282972 ], [ 80.618030649664846, 7.323254171984693 ], [ 80.618080048439296, 7.323218004643724 ], [ 80.618118745265704, 7.323153001698779 ], [ 80.618117594290041, 7.323080475428817 ], [ 80.618081843971552, 7.323008930823787 ], [ 80.618082400467401, 7.322974477141244 ], [ 80.618118383307163, 7.322902871841861 ], [ 80.618132270985697, 7.322884663190723 ], [ 80.618166863313149, 7.322839315594276 ], [ 80.618177095340585, 7.322831700450939 ], [ 80.618212162727104, 7.322805600166014 ], [ 80.618272298294187, 7.322773710300909 ], [ 80.618285269899033, 7.322766833122468 ], [ 80.618348038966062, 7.322756546120631 ], [ 80.618388569176417, 7.322768001562501 ], [ 80.618415329098013, 7.322775560961977 ], [ 80.61844494198094, 7.322785969909564 ], [ 80.618473291943801, 7.32278444434827 ], [ 80.618501464004879, 7.322773693041029 ], [ 80.618521102302708, 7.322755075840766 ], [ 80.618545135771626, 7.322732292255485 ], [ 80.618594218646706, 7.322695271988377 ], [ 80.618624590466041, 7.32267236582595 ], [ 80.61867169640027, 7.322652579031696 ], [ 80.618727853568785, 7.322647534608246 ], [ 80.618783101193969, 7.322653342379456 ], [ 80.618858910653998, 7.322654272301319 ], [ 80.618888953314254, 7.322647888494797 ], [ 80.618927297627963, 7.322639740584251 ], [ 80.6189959599199, 7.322617516965911 ], [ 80.619090198281739, 7.322592670754251 ], [ 80.619091525301727, 7.322592321253156 ], [ 80.619203207900554, 7.322578256764849 ], [ 80.619232010177782, 7.322578265008366 ], [ 80.619238101738702, 7.322556101804246 ], [ 80.619249059653782, 7.322516234982286 ], [ 80.619276789257626, 7.322475643335895 ], [ 80.619317924476704, 7.32243279470571 ], [ 80.619365849322094, 7.322399534033124 ], [ 80.619415038221192, 7.32238019913224 ], [ 80.619479891478136, 7.322371993494658 ], [ 80.619574632989611, 7.322366330299576 ], [ 80.619627079089355, 7.322359386342246 ], [ 80.619677088160884, 7.322323049928053 ], [ 80.619815067026536, 7.322217388707407 ], [ 80.619918162820085, 7.322149782795337 ], [ 80.61998619832616, 7.322114268287885 ], [ 80.620061677329019, 7.322078153184606 ], [ 80.620023722009449, 7.322041033809851 ], [ 80.619957260337202, 7.321983947504411 ], [ 80.619878836904206, 7.321949645427525 ], [ 80.619770614934495, 7.321917959067049 ], [ 80.619766553606951, 7.321915450931287 ], [ 80.619711337669216, 7.321881347703141 ], [ 80.619683592061989, 7.321864211486504 ], [ 80.619671061269344, 7.321783800265204 ], [ 80.61966407200309, 7.321738958049288 ], [ 80.619663212112911, 7.321711425390234 ], [ 80.619661127760466, 7.321644729725106 ], [ 80.619659954354475, 7.321607200809343 ], [ 80.619651933387161, 7.321492529889396 ], [ 80.619636491187634, 7.321369178709963 ], [ 80.619635028560452, 7.32134806276339 ], [ 80.619631559877831, 7.321298022038496 ], [ 80.619629191559568, 7.321263825961241 ], [ 80.619627331224848, 7.321146989572945 ], [ 80.619614792237343, 7.321009711351368 ], [ 80.619540002907613, 7.320943942602502 ], [ 80.61941709894063, 7.320934130620804 ], [ 80.619155794926556, 7.320937744406853 ], [ 80.619082243735136, 7.320949745030728 ], [ 80.619066992610684, 7.320948481821067 ], [ 80.618946388366155, 7.320938483323916 ], [ 80.618838697501573, 7.3209402533681 ], [ 80.618616864126864, 7.320998319587588 ], [ 80.618530439546845, 7.321044498202982 ], [ 80.618409053445518, 7.321094281745959 ], [ 80.618364532084257, 7.321094991378371 ], [ 80.61827038645518, 7.321096492938707 ], [ 80.618182784716538, 7.321077434773868 ], [ 80.618135896909621, 7.321067234061098 ], [ 80.617991731529997, 7.320989051751623 ], [ 80.617897368337026, 7.320952662931865 ], [ 80.617777102875678, 7.320909305469359 ], [ 80.617880337812167, 7.320547572438378 ], [ 80.617872954654842, 7.320461948779394 ], [ 80.617830747006266, 7.320287038424818 ], [ 80.617872864792545, 7.32011098396254 ], [ 80.617862113121916, 7.319966693469169 ], [ 80.617863566218119, 7.31994272185531 ], [ 80.617780340202586, 7.319964936566362 ], [ 80.617722463333905, 7.319980385164806 ], [ 80.61758442832074, 7.319986756162326 ], [ 80.617445217332815, 7.319988965107738 ], [ 80.617286088078373, 7.319969375121896 ], [ 80.617132930837641, 7.319968687089479 ], [ 80.61701500107921, 7.319975244975435 ], [ 80.616886382053906, 7.31999165683476 ], [ 80.616855553204445, 7.320008720936138 ], [ 80.616766712003198, 7.320057898831267 ], [ 80.616630558128421, 7.320117804840397 ], [ 80.616505727911715, 7.320179431190406 ], [ 80.616356257851308, 7.320249821379235 ], [ 80.616213387931339, 7.320342641440514 ], [ 80.616197989163567, 7.320351647327249 ], [ 80.616098427117805, 7.320409880564622 ], [ 80.615897042630422, 7.320520223142053 ], [ 80.615765068308974, 7.320550104857155 ], [ 80.615675639160187, 7.320614206005231 ], [ 80.615663056276375, 7.320623224633705 ], [ 80.615573275652437, 7.320682333892287 ], [ 80.615503285297663, 7.320624794435803 ], [ 80.615399518548188, 7.320544544032888 ], [ 80.615234258453327, 7.320448899394493 ], [ 80.615138632366637, 7.320396686087864 ], [ 80.615098780950945, 7.320354684209756 ], [ 80.615052712266149, 7.320306132960524 ], [ 80.615002435744586, 7.320284853020437 ], [ 80.614911985467572, 7.320246578611592 ], [ 80.614762737470045, 7.320200042195628 ], [ 80.614665009590382, 7.320159598420913 ], [ 80.61462626474173, 7.320143564813411 ], [ 80.61449703701507, 7.32008944027304 ], [ 80.614508172093807, 7.320109338901582 ], [ 80.614502717705861, 7.32015735443249 ], [ 80.614476253577052, 7.320209251811871 ], [ 80.614438905508976, 7.320295780013441 ], [ 80.614369096546199, 7.320476613344995 ], [ 80.614317876855694, 7.320594244506454 ], [ 80.614276645136627, 7.320657709805287 ], [ 80.614229080989531, 7.320785179258709 ], [ 80.614228853430674, 7.320785791388694 ], [ 80.613195933542968, 7.320888628955925 ], [ 80.613215225239443, 7.321131262653325 ], [ 80.613234158052919, 7.321369550146516 ], [ 80.613254811961866, 7.321602325640598 ], [ 80.613260678232848, 7.321635121341009 ], [ 80.613268368564093, 7.321678110984116 ], [ 80.613294499870804, 7.321795048389981 ], [ 80.613313480426413, 7.321904565222892 ], [ 80.613315524665225, 7.321912031873012 ], [ 80.613338715930439, 7.32199672535524 ], [ 80.613356426913839, 7.322103075767978 ], [ 80.613366801718158, 7.322213767786695 ], [ 80.613388721372388, 7.322455584928642 ], [ 80.613405789301652, 7.322594400418384 ], [ 80.613409190816355, 7.322632962856202 ], [ 80.613416791239558, 7.322719108423419 ], [ 80.613435631467823, 7.322963367865799 ], [ 80.613436436707673, 7.322985703489304 ], [ 80.613486707028613, 7.322979756003297 ], [ 80.613583798420137, 7.322985940363059 ], [ 80.613648008682077, 7.323005496476062 ], [ 80.613695003376478, 7.32304340367239 ], [ 80.613717004826512, 7.323062584612262 ], [ 80.613772075766988, 7.323056002200724 ], [ 80.61385128992174, 7.323051915325403 ], [ 80.613928678989637, 7.323047922729303 ], [ 80.613973780082077, 7.323062590484515 ], [ 80.614041437194601, 7.323068220644021 ], [ 80.614155467213152, 7.323073056344447 ], [ 80.614226556135776, 7.323101296144337 ], [ 80.614290412355814, 7.323095622942654 ], [ 80.614333072639582, 7.323092384621739 ], [ 80.614366765296325, 7.32309908676526 ], [ 80.614420865963965, 7.323150874752922 ], [ 80.614422808996579, 7.323152732886265 ], [ 80.614509184128252, 7.323238401260153 ], [ 80.614543781313614, 7.323240946643641 ], [ 80.614613633228814, 7.323210906445096 ], [ 80.614622141193792, 7.323207246177785 ], [ 80.614653849037794, 7.323192336599043 ], [ 80.614668793336634, 7.323190649114622 ], [ 80.614707373700313, 7.32318629881137 ], [ 80.614760733261903, 7.323165879857386 ], [ 80.614838357836618, 7.323154333562419 ], [ 80.614909549741753, 7.323153274840361 ], [ 80.614973037951017, 7.323160985066572 ], [ 80.614998435042637, 7.323172646089685 ], [ 80.615012069510385, 7.323178904218413 ], [ 80.615044306031734, 7.323199985986263 ], [ 80.615070205552925, 7.323207320104513 ], [ 80.615093732020014, 7.323204666269592 ], [ 80.615094299657926, 7.323205380870805 ], [ 80.615138355977493, 7.323246706029228 ], [ 80.615172584670049, 7.323329573067545 ], [ 80.615182442791038, 7.323374638826407 ], [ 80.615198471357459, 7.323450860871976 ], [ 80.615182274355689, 7.323508214893865 ], [ 80.615178071128767, 7.323512469030136 ], [ 80.615173928867918, 7.323520981542152 ], [ 80.615131403558124, 7.323531627120746 ], [ 80.615035567169599, 7.323548669611521 ], [ 80.614969429855492, 7.32355293319873 ], [ 80.614918139848726, 7.323538130390284 ], [ 80.614861058100274, 7.323575008115328 ], [ 80.614767416689745, 7.323606023692253 ], [ 80.614701195785642, 7.323641160049282 ], [ 80.614587329709266, 7.323713777931323 ], [ 80.614483510371031, 7.323747707065823 ], [ 80.614470680930665, 7.323857388747744 ], [ 80.614545296008259, 7.323918320251383 ], [ 80.614655103916107, 7.323987952910455 ], [ 80.614739119552169, 7.324096973064896 ], [ 80.614845809432296, 7.32409518918957 ], [ 80.614907925847845, 7.324082028570443 ], [ 80.614910107154543, 7.324088755544254 ], [ 80.614960782419203, 7.324133249956081 ], [ 80.615019439851849, 7.324115004100742 ] ] ] ] } },
{ "type": "Feature", "properties": { "GND_N": "Uduwawala East", "GND_NO": "419", "GND_C": "190", "PROVINCE_N": "CENTRAL", "PROVINCE_C": "2", "DISTRICT_N": "KANDY", "DISTRICT_C": "1", "DSD_N": "HARISPATTUWA", "DSD_C": "33", "Admin_Code": "2133190", "GND_NO_Cen": "419", "GND_NAME_C": "Uduwawala East", "GND_NO_Gaz": "419", "GND_NAME_G": "උඩුවාවල a", "shape_1": "Polygon", "Area__Ha_": 45.763603138199997, "MWS_ID": "112-2", "Alt_MWS": null, "Area": 0.45763603137999997, "Tot_Pop": 1697.0, "Density": 3708.1870386700002 }, "geometry": { "type": "MultiPolygon", "coordinates": [ [ [ [ 80.612650318872781, 7.334669113093085 ], [ 80.612548548403751, 7.33427432892724 ], [ 80.612318383627908, 7.334280780383196 ], [ 80.612202896052125, 7.334236646342036 ], [ 80.612299341142247, 7.333926663798653 ], [ 80.612276061975294, 7.333917766028582 ], [ 80.611859177135713, 7.333746069680307 ], [ 80.611676391667345, 7.333557969740674 ], [ 80.611801115226513, 7.333270899068259 ], [ 80.612002975200411, 7.33334951050298 ], [ 80.612365241692629, 7.332972146105748 ], [ 80.612716940323409, 7.33225197254483 ], [ 80.6119415054998, 7.331793434440615 ], [ 80.611322548102507, 7.33128962440184 ], [ 80.611504826680289, 7.330887728705021 ], [ 80.611951048131573, 7.331090522308956 ], [ 80.612013089519351, 7.331032872303402 ], [ 80.61209368399463, 7.330938833675313 ], [ 80.612174870867818, 7.33082728436916 ], [ 80.612232492203447, 7.330739766378379 ], [ 80.611852624386458, 7.330536572307023 ], [ 80.612040755647485, 7.330096137206438 ], [ 80.612192611357585, 7.329581601221822 ], [ 80.612318053269561, 7.329488270695337 ], [ 80.612567347908993, 7.329032274721826 ], [ 80.612467856600219, 7.328979595522066 ], [ 80.612322240746792, 7.328908282644877 ], [ 80.612331409569862, 7.328891028311733 ], [ 80.612369370991999, 7.328819588824063 ], [ 80.612378748874349, 7.328780489371835 ], [ 80.612390146022591, 7.328732963476138 ], [ 80.61242162033939, 7.328617315778531 ], [ 80.612431710898719, 7.328519113292476 ], [ 80.612434195753806, 7.328413943109808 ], [ 80.612440224408218, 7.328277576743965 ], [ 80.61244496886934, 7.328187873640134 ], [ 80.612450618450595, 7.328094911765433 ], [ 80.612456904005413, 7.328004031822408 ], [ 80.612465978034024, 7.327961079934195 ], [ 80.612470884778119, 7.327913064251744 ], [ 80.612470994690412, 7.327867577960004 ], [ 80.612471737227224, 7.327860612401139 ], [ 80.612427412534544, 7.327836854740272 ], [ 80.612361579628498, 7.327804446833265 ], [ 80.612208820628496, 7.327703307479337 ], [ 80.612065041492755, 7.327618741761739 ], [ 80.611996112951772, 7.327526653339034 ], [ 80.611895166301878, 7.327467147823439 ], [ 80.611810425722894, 7.327364261667377 ], [ 80.61175511689575, 7.327269727533638 ], [ 80.611671539974026, 7.327179963182637 ], [ 80.611658965845351, 7.327164415457977 ], [ 80.611591476546565, 7.327048029842564 ], [ 80.611501823726854, 7.327018130663539 ], [ 80.611485362621437, 7.327018603007799 ], [ 80.611370385219445, 7.327065277951169 ], [ 80.611248542165356, 7.327146708051337 ], [ 80.611192183918334, 7.327186953170682 ], [ 80.611136280844519, 7.327257803606077 ], [ 80.611129297814713, 7.327335848530868 ], [ 80.611134509613436, 7.327450972457051 ], [ 80.611101418419196, 7.327561396230137 ], [ 80.611054593986481, 7.327675257627846 ], [ 80.611014857466287, 7.327795123468511 ], [ 80.610936727726966, 7.327837988449539 ], [ 80.610798646345685, 7.327897027387606 ], [ 80.610621954257681, 7.327921131583908 ], [ 80.610014518993637, 7.327855114120895 ], [ 80.610023877501149, 7.32781501907777 ], [ 80.610077773789214, 7.327626642409562 ], [ 80.610079473350467, 7.327620705398958 ], [ 80.6100900450908, 7.327581824373748 ], [ 80.610084794502015, 7.327581834189463 ], [ 80.610082968524765, 7.327581838940496 ], [ 80.609608015474663, 7.327660269519029 ], [ 80.609342824060178, 7.327840646975394 ], [ 80.608824585869755, 7.328106395574284 ], [ 80.608472816885481, 7.328315078324218 ], [ 80.607851719781934, 7.328657425950713 ], [ 80.607402670465021, 7.328779048739527 ], [ 80.606980275384814, 7.328727406272318 ], [ 80.606425819867951, 7.328585915601233 ], [ 80.60599795444125, 7.328333904284198 ], [ 80.605612707386015, 7.328153324068484 ], [ 80.605542714931147, 7.328161189331798 ], [ 80.605528540355408, 7.328162783657777 ], [ 80.605535503166493, 7.328192735830161 ], [ 80.605568182342935, 7.328235612984949 ], [ 80.605596783212363, 7.328294491995766 ], [ 80.605625207465835, 7.328353379980735 ], [ 80.60565515398639, 7.328415421837399 ], [ 80.605683758687334, 7.32846191192721 ], [ 80.605700403566885, 7.328514188619234 ], [ 80.605710178586619, 7.328534991238699 ], [ 80.605722373011517, 7.328619638391311 ], [ 80.60574243711315, 7.32872897593165 ], [ 80.605767040034408, 7.328814170368502 ], [ 80.605785414884593, 7.32884031252436 ], [ 80.605793106393861, 7.328861929126728 ], [ 80.605868059576451, 7.328966404245246 ], [ 80.605873785143686, 7.328974995461158 ], [ 80.605898204579589, 7.329011630693176 ], [ 80.605992108205129, 7.329074515148572 ], [ 80.606100944650393, 7.329154680088992 ], [ 80.606238589742929, 7.329228794372502 ], [ 80.606322718602698, 7.329270336284786 ], [ 80.606383926210739, 7.329317927430744 ], [ 80.606442599088595, 7.329373924893004 ], [ 80.606510657745474, 7.329507696639467 ], [ 80.606544742339864, 7.329547076421309 ], [ 80.606548321186736, 7.329551210425595 ], [ 80.606584804793229, 7.329593814037042 ], [ 80.606609062186436, 7.329640034755691 ], [ 80.606655780629524, 7.329682915322334 ], [ 80.606719249800449, 7.329745337805279 ], [ 80.606752914490542, 7.329819775335309 ], [ 80.606776536661258, 7.329864456686153 ], [ 80.606794893180648, 7.329939340591904 ], [ 80.606828016158687, 7.330014048297913 ], [ 80.606862842735453, 7.330125018189036 ], [ 80.606867396090323, 7.33018687767584 ], [ 80.606869692141231, 7.330218073290815 ], [ 80.606873719547451, 7.330343863910804 ], [ 80.606870804714504, 7.330382566873316 ], [ 80.606859902485013, 7.330470551202181 ], [ 80.606846728788796, 7.330570108816116 ], [ 80.606855027101645, 7.330661537625855 ], [ 80.606878069845564, 7.330801533830782 ], [ 80.606920234351492, 7.330909069234151 ], [ 80.606930245005586, 7.330965735568212 ], [ 80.606930810793955, 7.330968937909292 ], [ 80.606945186084246, 7.33103324180023 ], [ 80.606952078051521, 7.331064069286094 ], [ 80.606939284588876, 7.331073027893267 ], [ 80.606891446673202, 7.331106288127486 ], [ 80.606873953822387, 7.331120993600004 ], [ 80.60683962227607, 7.331149854070456 ], [ 80.606793045226638, 7.331204457163906 ], [ 80.606767126768034, 7.331239172528504 ], [ 80.60674363641381, 7.331319914986884 ], [ 80.606734473363261, 7.331354728002345 ], [ 80.606727845569679, 7.331394153906029 ], [ 80.60672621696483, 7.331394332343239 ], [ 80.606723738167986, 7.331415243355917 ], [ 80.606718766038398, 7.331457179317519 ], [ 80.606688752522331, 7.331537742068304 ], [ 80.606660285048079, 7.331608897962615 ], [ 80.60663889143207, 7.331658626412877 ], [ 80.606618309057296, 7.331697202431007 ], [ 80.60658196902925, 7.331765312376985 ], [ 80.606510842528209, 7.331829218654637 ], [ 80.606461001997673, 7.331886082132369 ], [ 80.606432529082298, 7.33197143552412 ], [ 80.606418281812068, 7.33203545460877 ], [ 80.606414610941059, 7.332094822351248 ], [ 80.606413361495811, 7.332115029375735 ], [ 80.606379802167368, 7.332240173674879 ], [ 80.606379392576329, 7.332250232957583 ], [ 80.606376689945918, 7.332316765837017 ], [ 80.606379292605297, 7.332377716666772 ], [ 80.60637914088629, 7.33238609133527 ], [ 80.606378090966118, 7.332443821474817 ], [ 80.606383499755069, 7.332511646047842 ], [ 80.606390713979422, 7.332595476515411 ], [ 80.606388985786012, 7.332614635274222 ], [ 80.606385798619442, 7.332650003970015 ], [ 80.606362145343027, 7.332687071343704 ], [ 80.606326996581544, 7.332701797245936 ], [ 80.606307249395073, 7.332713686754083 ], [ 80.606281595353011, 7.332729137874922 ], [ 80.606268015932599, 7.332737315752518 ], [ 80.606228876802973, 7.332770124336075 ], [ 80.606207577461703, 7.332802671089834 ], [ 80.606200523969832, 7.332837125881558 ], [ 80.606195507670037, 7.332861626001417 ], [ 80.606191243403828, 7.332883056306095 ], [ 80.606190034566794, 7.332963267289979 ], [ 80.606194805961238, 7.333037513058753 ], [ 80.606198644426371, 7.333080758154042 ], [ 80.606200487894881, 7.333101540577957 ], [ 80.60618877461323, 7.333173336688181 ], [ 80.606175603186017, 7.333273438655122 ], [ 80.606155591782112, 7.333334645883108 ], [ 80.606115298726863, 7.333457892189498 ], [ 80.60611199870678, 7.333465993470908 ], [ 80.606050111519124, 7.333617927755041 ], [ 80.605927550498521, 7.33390334088698 ], [ 80.60592427782683, 7.333910961993608 ], [ 80.605985044117219, 7.333939200099061 ], [ 80.60605450482042, 7.333967260629895 ], [ 80.606100691160137, 7.33398843965443 ], [ 80.606107391806532, 7.33399115509284 ], [ 80.60619224754457, 7.334021844807496 ], [ 80.606247949674724, 7.334028919429581 ], [ 80.606289651340077, 7.334029405442612 ], [ 80.606320137095352, 7.334029760607884 ], [ 80.606334959013665, 7.33402936741705 ], [ 80.606357092256914, 7.334028780757245 ], [ 80.606388795943261, 7.334025174638701 ], [ 80.606431290144585, 7.334020881711027 ], [ 80.606461894955245, 7.334017787910254 ], [ 80.606531279318503, 7.334003618418562 ], [ 80.60662920180846, 7.333973723960726 ], [ 80.606722602731466, 7.333934331717391 ], [ 80.606783568091728, 7.333910574330239 ], [ 80.606860731643039, 7.333870883843878 ], [ 80.606873166445865, 7.333864488798109 ], [ 80.60694328905123, 7.33381893939376 ], [ 80.607025732324587, 7.333771765069338 ], [ 80.607081358761732, 7.333713020057626 ], [ 80.607092240301924, 7.333701529592545 ], [ 80.607141079166539, 7.33365434259334 ], [ 80.607198972435697, 7.333617830643906 ], [ 80.607218083802593, 7.333613135471993 ], [ 80.607277065344093, 7.333570566917636 ], [ 80.607317110964203, 7.333542999909675 ], [ 80.607358603480492, 7.333519142882006 ], [ 80.60741794209703, 7.333487968627509 ], [ 80.607488513533823, 7.33345525856043 ], [ 80.607553008557971, 7.33344099664163 ], [ 80.607588336768217, 7.333428439224169 ], [ 80.607635709507292, 7.333423574685773 ], [ 80.607698926871606, 7.333434812633374 ], [ 80.60777337458272, 7.333451117961083 ], [ 80.607803256385196, 7.3334725610839 ], [ 80.607831952191844, 7.333504615725482 ], [ 80.607856218008962, 7.333531724894748 ], [ 80.607889718052562, 7.33357071189149 ], [ 80.607942688319739, 7.33360934626787 ], [ 80.608113166571229, 7.333787955166395 ], [ 80.608117329082759, 7.333791260133419 ], [ 80.608331944497593, 7.333944357064611 ], [ 80.608384277879551, 7.333988417858838 ], [ 80.608457179073312, 7.334025432785658 ], [ 80.60851223632983, 7.334056740329574 ], [ 80.608563215918096, 7.334097637355172 ], [ 80.608607039520805, 7.334137532453077 ], [ 80.608668038031851, 7.334192022127612 ], [ 80.608702744930625, 7.334223026351357 ], [ 80.608779533094705, 7.334268902107605 ], [ 80.608860487652606, 7.33432472942077 ], [ 80.608925687676447, 7.334360744864703 ], [ 80.608952542288108, 7.334382917460088 ], [ 80.60900337753715, 7.334424890500607 ], [ 80.609147738942681, 7.334460575463249 ], [ 80.609220474175359, 7.334454815892425 ], [ 80.609263592955827, 7.334444340227603 ], [ 80.609350099509911, 7.334428277633461 ], [ 80.609461517876312, 7.334397845894596 ], [ 80.609464911336545, 7.334396503363946 ], [ 80.609589793567054, 7.334347073621393 ], [ 80.609643506137886, 7.334341216494551 ], [ 80.609707634826776, 7.334335542274069 ], [ 80.61002317100575, 7.334411262266411 ], [ 80.610170877788732, 7.334475344078938 ], [ 80.610219135820316, 7.33452346979644 ], [ 80.610236141533719, 7.334586595349081 ], [ 80.610213239031836, 7.334783272235407 ], [ 80.610205259887479, 7.334930741699886 ], [ 80.610205122171976, 7.334933293584839 ], [ 80.610199382606453, 7.335018205275424 ], [ 80.610207946519282, 7.335125730667965 ], [ 80.610216029936893, 7.335283317050228 ], [ 80.610216937293927, 7.335300987416103 ], [ 80.610222042571323, 7.335453725646094 ], [ 80.610229260131661, 7.335530593850076 ], [ 80.610234188291258, 7.33556253737111 ], [ 80.61023594396174, 7.33557391140642 ], [ 80.610243536302107, 7.335622023899217 ], [ 80.610276196617392, 7.33571843620178 ], [ 80.61029429954533, 7.335749007340306 ], [ 80.610333409700033, 7.335796767946047 ], [ 80.610383210323022, 7.33583775386023 ], [ 80.610441076561131, 7.335869426643447 ], [ 80.61047853527603, 7.335873876062787 ], [ 80.61050674116882, 7.335877226957127 ], [ 80.610578073483964, 7.335898705087091 ], [ 80.610597851237131, 7.335904660869539 ], [ 80.610672936850108, 7.33591436637717 ], [ 80.61074630100461, 7.335910778021666 ], [ 80.6108270999556, 7.335903843767773 ], [ 80.610896302439485, 7.33589455766655 ], [ 80.61093743098364, 7.33587286778584 ], [ 80.610984367037787, 7.335829661304562 ], [ 80.611008827620779, 7.335815832698096 ], [ 80.611025227814409, 7.335797212854538 ], [ 80.611092422956546, 7.335709787190539 ], [ 80.611092559790734, 7.33570961180655 ], [ 80.61118808731014, 7.335547687610896 ], [ 80.611256606298966, 7.335434041309773 ], [ 80.611280172507364, 7.335399068909663 ], [ 80.611325546781472, 7.335331735983972 ], [ 80.611325936470323, 7.335331157374736 ], [ 80.611392554265137, 7.335214889689492 ], [ 80.611438046339472, 7.33515224016663 ], [ 80.611489685629238, 7.335119523431242 ], [ 80.611524198902146, 7.335111307857982 ], [ 80.611623117708504, 7.335086206374137 ], [ 80.611702378548657, 7.335066883382825 ], [ 80.611793955615695, 7.335053172453825 ], [ 80.611838541899033, 7.335037290266695 ], [ 80.611879923192575, 7.335022549033923 ], [ 80.611879832816044, 7.335022006420545 ], [ 80.611946055880992, 7.334988661052695 ], [ 80.611984983910659, 7.334965315397592 ], [ 80.612018987159729, 7.334944922288442 ], [ 80.61216055253405, 7.334865492332751 ], [ 80.61218366313598, 7.33485252496514 ], [ 80.61220533962863, 7.334840363708736 ], [ 80.612344759464875, 7.334780009129863 ], [ 80.612419624928066, 7.334752325052026 ], [ 80.612454663418404, 7.334739368349955 ], [ 80.612484840055075, 7.334728209430925 ], [ 80.612555841928767, 7.334701953620741 ], [ 80.612584907953078, 7.33469120574693 ], [ 80.612650318872781, 7.334669113093085 ] ] ] ] } },
{ "type": "Feature", "properties": { "GND_N": "Seewaleekanda", "GND_NO": "446", "GND_C": "330", "PROVINCE_N": "CENTRAL", "PROVINCE_C": "2", "DISTRICT_N": "KANDY", "DISTRICT_C": "1", "DSD_N": "HARISPATTUWA", "DSD_C": "33", "Admin_Code": "2133330", "GND_NO_Cen": "446", "GND_NAME_C": "Seewaleekanda", "GND_NO_Gaz": "446", "GND_NAME_G": "සීවලීකනk", "shape_1": "Polygon", "Area__Ha_": 51.4061707328, "MWS_ID": "112-2", "Alt_MWS": null, "Area": 0.51406170733000001, "Tot_Pop": 603.0, "Density": 1173.0109273 }, "geometry": { "type": "MultiPolygon", "coordinates": [ [ [ [ 80.591676978027948, 7.306601564637659 ], [ 80.59169095034224, 7.30648660117808 ], [ 80.592302328416551, 7.306767848883386 ], [ 80.59247327790888, 7.306775203634367 ], [ 80.592725332233968, 7.30667735695161 ], [ 80.592739223470019, 7.306664958311226 ], [ 80.592962671303965, 7.30652684037855 ], [ 80.59297721793709, 7.306521885296752 ], [ 80.593039939170239, 7.306489046684185 ], [ 80.593309647526155, 7.306347838380369 ], [ 80.593512325870108, 7.30626244965997 ], [ 80.593718299992176, 7.306210475192443 ], [ 80.593730772469002, 7.306205741704285 ], [ 80.593956501795702, 7.30606399794085 ], [ 80.594144438481507, 7.305836199093459 ], [ 80.594150171691496, 7.305829128871318 ], [ 80.594323191891732, 7.305651482777258 ], [ 80.594331965919352, 7.305647904380743 ], [ 80.594553637444562, 7.305481048943563 ], [ 80.595052118379769, 7.305199995623765 ], [ 80.595191053955446, 7.305123524047963 ], [ 80.595372245466066, 7.305022675857605 ], [ 80.59562700872371, 7.304796889898669 ], [ 80.59584878585855, 7.304653532101837 ], [ 80.596139364217294, 7.304380612619297 ], [ 80.596288823586761, 7.30417725698854 ], [ 80.59639093400493, 7.304021606915019 ], [ 80.596486609731031, 7.303926303687764 ], [ 80.596485859985449, 7.303921350532022 ], [ 80.596488762612182, 7.303908058463001 ], [ 80.596508973090735, 7.303874245656448 ], [ 80.596557377001901, 7.303774429197637 ], [ 80.596576018211465, 7.303757979247583 ], [ 80.596606570708573, 7.30368808351616 ], [ 80.59663285809647, 7.303509820971252 ], [ 80.596625676408223, 7.303431585215316 ], [ 80.59652250985404, 7.302869593332991 ], [ 80.596533738981066, 7.302866411953462 ], [ 80.596619343269694, 7.302825209915083 ], [ 80.596687744145243, 7.30277441632561 ], [ 80.596705139980571, 7.302755702407028 ], [ 80.596771086915126, 7.302724078107404 ], [ 80.596844821988526, 7.302694446357466 ], [ 80.59693041240854, 7.302687878986581 ], [ 80.597018070455704, 7.302720107844204 ], [ 80.597101739477495, 7.302762371939525 ], [ 80.597106446730734, 7.302763701322788 ], [ 80.597214213668465, 7.302794157558344 ], [ 80.597296271662898, 7.302790482480305 ], [ 80.597395457963444, 7.302757514820429 ], [ 80.597509600657062, 7.302693083383469 ], [ 80.59751998701401, 7.302686517750277 ], [ 80.597604087055089, 7.302633346499948 ], [ 80.597694232989085, 7.302608759873609 ], [ 80.598178740987166, 7.302117932990583 ], [ 80.598684354779095, 7.301607039274702 ], [ 80.599120632890688, 7.301019206012605 ], [ 80.599389858704512, 7.30030459252774 ], [ 80.599605037831793, 7.299795216923219 ], [ 80.599754248519034, 7.299391313917271 ], [ 80.599754272998752, 7.299391247008527 ], [ 80.599045593607968, 7.299168907274364 ], [ 80.598908352516929, 7.298978350531403 ], [ 80.59867096593301, 7.298708955347021 ], [ 80.59844627000642, 7.29844197771627 ], [ 80.598404688806255, 7.298163409380094 ], [ 80.59831905596981, 7.297592226106401 ], [ 80.597817022959035, 7.297790077200005 ], [ 80.596463796009729, 7.298349586770339 ], [ 80.596440667932569, 7.298396361585726 ], [ 80.595664755985595, 7.29923218053196 ], [ 80.595085560925995, 7.299986222425987 ], [ 80.594576811308272, 7.301259733273004 ], [ 80.593957624899332, 7.301380722299658 ], [ 80.592857121020003, 7.301645875002944 ], [ 80.592601402538506, 7.301781175600108 ], [ 80.592410881549739, 7.301990114522741 ], [ 80.592202243055439, 7.302307292599043 ], [ 80.591978730946693, 7.302741795726568 ], [ 80.591691128639781, 7.303172601048545 ], [ 80.591113708695801, 7.303464758378177 ], [ 80.59067816612162, 7.303514472413387 ], [ 80.590643328699443, 7.303514387545856 ], [ 80.590549957101032, 7.303503781460536 ], [ 80.590548432399544, 7.30367807938605 ], [ 80.590491085294488, 7.303887482794697 ], [ 80.590483167006823, 7.304395679386961 ], [ 80.590405289317999, 7.304684383303427 ], [ 80.59024864925631, 7.304864312563524 ], [ 80.59012587868375, 7.305078696939999 ], [ 80.589992494933384, 7.305662840928445 ], [ 80.59000757567523, 7.306152614595933 ], [ 80.590007663888514, 7.30615393038984 ], [ 80.589259345197746, 7.307555176335796 ], [ 80.589030294578592, 7.308305052095272 ], [ 80.588871953678037, 7.308471722148114 ], [ 80.588729074792298, 7.30863193372873 ], [ 80.588672775549114, 7.308694540351457 ], [ 80.588506270798106, 7.308879700718713 ], [ 80.588522279035814, 7.30891237704898 ], [ 80.588541910166114, 7.308964383405793 ], [ 80.588554350813553, 7.308984121326668 ], [ 80.588591657343258, 7.309028205229454 ], [ 80.588625042768641, 7.309070889448724 ], [ 80.588741559277253, 7.309245573726311 ], [ 80.5887503354909, 7.309258733140245 ], [ 80.58875094441693, 7.309258030752036 ], [ 80.58882050690498, 7.309177913336941 ], [ 80.588891184202666, 7.309098003458361 ], [ 80.588947011526031, 7.309013835377024 ], [ 80.589013431934646, 7.30893618446008 ], [ 80.589014942635316, 7.308934040086731 ], [ 80.589089555995898, 7.308828151255352 ], [ 80.58916117915085, 7.308747264174527 ], [ 80.58918136685071, 7.308719978049311 ], [ 80.589236455731324, 7.308621037872624 ], [ 80.589314858251015, 7.308539569399291 ], [ 80.589321447366999, 7.308532722054829 ], [ 80.589377176033281, 7.308467637327962 ], [ 80.589473036189773, 7.308381134585693 ], [ 80.589481605208704, 7.308372004700082 ], [ 80.589567723058025, 7.308280252957005 ], [ 80.589621393405025, 7.308251265215372 ], [ 80.589673622450718, 7.308223055473474 ], [ 80.58980001191027, 7.308116852442826 ], [ 80.589885622063591, 7.308063173288621 ], [ 80.589977207021406, 7.308018446449127 ], [ 80.590023514419499, 7.307964303399001 ], [ 80.590025141847462, 7.307962400518446 ], [ 80.59012516653668, 7.307879426122433 ], [ 80.590219844888793, 7.307800701518651 ], [ 80.590295859601767, 7.307736888348417 ], [ 80.590373143545222, 7.307670001970083 ], [ 80.59043306924967, 7.307637101085136 ], [ 80.5904360134451, 7.30763548450467 ], [ 80.590508491616831, 7.307584150092316 ], [ 80.590603073173867, 7.30751799333441 ], [ 80.590712062437319, 7.307436831998253 ], [ 80.590779105989384, 7.307381969435842 ], [ 80.590865975349189, 7.307353338829691 ], [ 80.590954581908136, 7.307280579047728 ], [ 80.59098134907353, 7.307260538988094 ], [ 80.591048624385337, 7.307210171757681 ], [ 80.591173092058298, 7.307150629448932 ], [ 80.591241975786687, 7.307129035888084 ], [ 80.591302441756937, 7.307110079421961 ], [ 80.59137880186708, 7.307060237648252 ], [ 80.591410159262168, 7.307039768997022 ], [ 80.591514838498, 7.306950890198417 ], [ 80.591527577075496, 7.30694007365048 ], [ 80.591556150670911, 7.306905563675326 ], [ 80.591617468851481, 7.306831503950415 ], [ 80.59166424903529, 7.306719208952328 ], [ 80.591676978027948, 7.306601564637659 ] ] ] ] } },
{ "type": "Feature", "properties": { "GND_N": "Haloluwa Pallegama", "GND_NO": "434", "GND_C": "395", "PROVINCE_N": "CENTRAL", "PROVINCE_C": "2", "DISTRICT_N": "KANDY", "DISTRICT_C": "1", "DSD_N": "HARISPATTUWA", "DSD_C": "33", "Admin_Code": "2133395", "GND_NO_Cen": "434", "GND_NAME_C": "Haloluwa Pallegama", "GND_NO_Gaz": "434", "GND_NAME_G": "හල්ඔළුව", "shape_1": "Polygon", "Area__Ha_": 41.185813123099997, "MWS_ID": "112-2", "Alt_MWS": null, "Area": 0.41185813122999998, "Tot_Pop": 880.0, "Density": 2136.65807051 }, "geometry": { "type": "MultiPolygon", "coordinates": [ [ [ [ 80.601397330423609, 7.307900852736659 ], [ 80.601417408918479, 7.307898540990954 ], [ 80.601728468226895, 7.307941358993314 ], [ 80.601810418159928, 7.308248809694128 ], [ 80.60198655861474, 7.308488490490604 ], [ 80.602012238966495, 7.308525735920789 ], [ 80.602202062671864, 7.308705472183687 ], [ 80.602508989210349, 7.308689161238126 ], [ 80.60274866533122, 7.308640308247645 ], [ 80.602686632892443, 7.308365710498284 ], [ 80.602542668695349, 7.308222861371434 ], [ 80.602496768327114, 7.3081884341189 ], [ 80.602273667298093, 7.30805578837732 ], [ 80.602250852951812, 7.308038666577264 ], [ 80.602048826583029, 7.307904361328746 ], [ 80.602026135393842, 7.30788732909096 ], [ 80.601792166778722, 7.307659957890641 ], [ 80.601604847262848, 7.307467967341348 ], [ 80.601421258771254, 7.307296202858576 ], [ 80.601411391222285, 7.307119091648412 ], [ 80.601243083529425, 7.306897132549437 ], [ 80.601423015876549, 7.306315688754919 ], [ 80.601516964046695, 7.305917065785727 ], [ 80.601567935292209, 7.305895086596721 ], [ 80.601622119568248, 7.305836778344042 ], [ 80.601649666895611, 7.305798085821862 ], [ 80.601667799910956, 7.305748989284857 ], [ 80.601666012739429, 7.305688942990651 ], [ 80.601641667896999, 7.305639197901444 ], [ 80.601636889020057, 7.305623952245088 ], [ 80.601653088897351, 7.305585148620734 ], [ 80.601701645608159, 7.30558857844126 ], [ 80.601729179468677, 7.305584520645953 ], [ 80.601782282042706, 7.305512830103342 ], [ 80.60181101315635, 7.305459939593942 ], [ 80.601907139456173, 7.305375424596835 ], [ 80.601951079514166, 7.305339904349765 ], [ 80.601959149047289, 7.30531711726783 ], [ 80.601959532773662, 7.305264126265974 ], [ 80.601967512821588, 7.305238536719529 ], [ 80.602029662681744, 7.305189275408413 ], [ 80.602107387592355, 7.305147528516025 ], [ 80.602151505080272, 7.3051191504883 ], [ 80.602190465443272, 7.305081636118461 ], [ 80.602222373902507, 7.305011745037771 ], [ 80.602235423135667, 7.30499077118703 ], [ 80.602239326761477, 7.304967171333636 ], [ 80.602278656418719, 7.304909130362735 ], [ 80.602344271066713, 7.30479982383116 ], [ 80.602381976707093, 7.304723243142802 ], [ 80.60241941799741, 7.304629937296003 ], [ 80.602497407485146, 7.30443989044267 ], [ 80.602821040634822, 7.304356873532004 ], [ 80.603098130942968, 7.304501981998498 ], [ 80.603374973247085, 7.304663645247952 ], [ 80.603757593992142, 7.304638184638523 ], [ 80.604181889593946, 7.304626315881514 ], [ 80.60450745042445, 7.304565675432248 ], [ 80.604926734765272, 7.304480059186982 ], [ 80.605414816012711, 7.304173865172205 ], [ 80.605420207052575, 7.304048982276043 ], [ 80.605370708475803, 7.30393610760676 ], [ 80.605295026947033, 7.3038501693851 ], [ 80.60523665477136, 7.303726890966861 ], [ 80.605190986030365, 7.303548454967973 ], [ 80.605175552918254, 7.303403490490898 ], [ 80.605172221566889, 7.303351672751951 ], [ 80.605169374126334, 7.303218196771193 ], [ 80.605172331841885, 7.303059402549022 ], [ 80.605180343918931, 7.302982356386021 ], [ 80.605186239801569, 7.302925661629934 ], [ 80.605268520800735, 7.302811841261591 ], [ 80.605417360940322, 7.302717307708053 ], [ 80.605449395527359, 7.302714185528293 ], [ 80.605547694762905, 7.302704606390918 ], [ 80.605619250634774, 7.302690525452199 ], [ 80.605693530748852, 7.302652754640051 ], [ 80.605746902936062, 7.302586398176457 ], [ 80.605804278799454, 7.302461265426047 ], [ 80.605805124023178, 7.302443970978072 ], [ 80.605812129574076, 7.302300483574356 ], [ 80.605807825980534, 7.302189885866929 ], [ 80.60785274260418, 7.301411476690244 ], [ 80.607854645738229, 7.301304272434766 ], [ 80.607859901733136, 7.301008336238626 ], [ 80.608090185805253, 7.300591101338397 ], [ 80.608223875721535, 7.300259946101132 ], [ 80.608264507587904, 7.300009978762131 ], [ 80.60810756646103, 7.299848168764817 ], [ 80.608059447328628, 7.299787719964815 ], [ 80.607981539644612, 7.298699486712546 ], [ 80.607505588399903, 7.298687632685921 ], [ 80.607026138568642, 7.298675692746651 ], [ 80.607048913908841, 7.298764496483438 ], [ 80.607035394119265, 7.298804762685482 ], [ 80.607001130855338, 7.298906815665368 ], [ 80.606909332472469, 7.299041793484882 ], [ 80.606851454904174, 7.299084629338858 ], [ 80.606584719010954, 7.299082542399597 ], [ 80.606148405941241, 7.299074587617784 ], [ 80.606052084313106, 7.299441743915275 ], [ 80.605003699852489, 7.299453311262405 ], [ 80.605039248080217, 7.299165046947398 ], [ 80.604974465464394, 7.299169605369541 ], [ 80.604339600548727, 7.299207935186146 ], [ 80.603791104996489, 7.299069649034569 ], [ 80.601382673768185, 7.299533730480524 ], [ 80.601133682909264, 7.300373716421012 ], [ 80.600833983014667, 7.301205438850299 ], [ 80.600640914113441, 7.301708174303081 ], [ 80.602587261928051, 7.302883751714458 ], [ 80.602573495067347, 7.302940939860719 ], [ 80.602530599158939, 7.303080663229528 ], [ 80.602523528580846, 7.303103695775883 ], [ 80.602516123092613, 7.303126219071438 ], [ 80.602488800675275, 7.303209304802124 ], [ 80.602447733153738, 7.30331192718783 ], [ 80.60243319186992, 7.303341057271036 ], [ 80.602416008441821, 7.303375486445884 ], [ 80.602271470652283, 7.30358179229487 ], [ 80.602150120718775, 7.303782320418589 ], [ 80.602041183614205, 7.303972453834326 ], [ 80.601984624346727, 7.304085921802938 ], [ 80.601935673758206, 7.304197130141851 ], [ 80.601915724044872, 7.304262503416508 ], [ 80.601863050081775, 7.304397134423351 ], [ 80.601827254211742, 7.304448757090785 ], [ 80.601695494800637, 7.304634990375895 ], [ 80.601625411944951, 7.304724034210833 ], [ 80.601614666000799, 7.304737688616693 ], [ 80.601515627820575, 7.304857560607211 ], [ 80.60140897936094, 7.304981227689296 ], [ 80.601334402645591, 7.305078773781977 ], [ 80.601269608516489, 7.305171167331054 ], [ 80.601200189998934, 7.305284178047447 ], [ 80.601153185021815, 7.305345254391748 ], [ 80.601136666719924, 7.305366716993754 ], [ 80.601094809673853, 7.305399977215889 ], [ 80.60098762899672, 7.305496605376756 ], [ 80.600973355153386, 7.305513023748088 ], [ 80.6009550101884, 7.305534121199607 ], [ 80.600894221215427, 7.30557696144447 ], [ 80.600846393093363, 7.305593402031048 ], [ 80.600798300575917, 7.305595734506505 ], [ 80.600768415084346, 7.305589301435822 ], [ 80.600684743346449, 7.305551740370497 ], [ 80.600621894204949, 7.305535800198081 ], [ 80.600611806909981, 7.305534885638314 ], [ 80.600586844976277, 7.305532621493144 ], [ 80.600506043497987, 7.30556668216774 ], [ 80.600460567227316, 7.305592980512603 ], [ 80.600425862053541, 7.305631761504297 ], [ 80.600415074272547, 7.305659608870495 ], [ 80.600431630004479, 7.305711613547675 ], [ 80.600448185061026, 7.305760722651574 ], [ 80.60043847259189, 7.305811088441019 ], [ 80.60042259954686, 7.30587076522599 ], [ 80.600397490313114, 7.305927817743785 ], [ 80.600290279892178, 7.306097423726962 ], [ 80.600237266541853, 7.306174086872012 ], [ 80.600209894346847, 7.306225441397109 ], [ 80.600176003188281, 7.306269195436688 ], [ 80.600125635509158, 7.306299200373961 ], [ 80.600069840683389, 7.306306592039326 ], [ 80.600006538879242, 7.306292279345017 ], [ 80.599947210977561, 7.30630184174563 ], [ 80.599927733127558, 7.306317749829986 ], [ 80.599907246909794, 7.306359881347691 ], [ 80.599909862560978, 7.306385295040995 ], [ 80.599953850979972, 7.306464979361983 ], [ 80.599989514885337, 7.306515273351061 ], [ 80.599994940055964, 7.306540594999014 ], [ 80.599987672390753, 7.306564553425229 ], [ 80.599980708123809, 7.306572369290441 ], [ 80.599894364510732, 7.306647807597126 ], [ 80.599842635170759, 7.306685587149365 ], [ 80.59980339474329, 7.30674353749743 ], [ 80.599782999684948, 7.306786393388857 ], [ 80.599787936408532, 7.306900065065885 ], [ 80.5997890558927, 7.306911500391472 ], [ 80.599793257795113, 7.306954415644829 ], [ 80.599812089053032, 7.306975312369429 ], [ 80.599838529591182, 7.30699033411326 ], [ 80.59988516155758, 7.307019832571438 ], [ 80.599904080287246, 7.307046335993395 ], [ 80.599908868895056, 7.307075909416652 ], [ 80.599909919123476, 7.307169233701216 ], [ 80.599921551906732, 7.307296292554994 ], [ 80.599923728056979, 7.307523182550027 ], [ 80.599925235801734, 7.307602309484703 ], [ 80.599935169832435, 7.307677732080003 ], [ 80.599957517806658, 7.307735976904331 ], [ 80.599968263268423, 7.307818544698733 ], [ 80.599963621898482, 7.30787307133455 ], [ 80.599935601473376, 7.307962677517889 ], [ 80.599907771899993, 7.308027503211407 ], [ 80.599868532175151, 7.308083375475621 ], [ 80.599848953227507, 7.308100515171962 ], [ 80.599829813989643, 7.308164972592361 ], [ 80.59983314326108, 7.308303640323212 ], [ 80.600384077985709, 7.309283800518006 ], [ 80.600397323064783, 7.30929291199688 ], [ 80.600652994562225, 7.309380524497726 ], [ 80.600663579845374, 7.309388995591933 ], [ 80.600711631913668, 7.309417056683027 ], [ 80.600957306571132, 7.309573818830906 ], [ 80.600986323033823, 7.309549599367623 ], [ 80.601128863972519, 7.309430621620398 ], [ 80.60109783998027, 7.309165677385862 ], [ 80.600943505422904, 7.308916840547904 ], [ 80.600885998903863, 7.308598263655158 ], [ 80.600874547983622, 7.308498761664469 ], [ 80.600885555638897, 7.308237136265798 ], [ 80.600948254282301, 7.308071014311907 ], [ 80.601120557348793, 7.307972111849648 ], [ 80.601178602286865, 7.307945718853412 ], [ 80.601397330423609, 7.307900852736659 ] ] ] ] } },
{ "type": "Feature", "properties": { "GND_N": "Hamangoda South", "GND_NO": "437", "GND_C": "310", "PROVINCE_N": "CENTRAL", "PROVINCE_C": "2", "DISTRICT_N": "KANDY", "DISTRICT_C": "1", "DSD_N": "HARISPATTUWA", "DSD_C": "33", "Admin_Code": "2133310", "GND_NO_Cen": "437", "GND_NAME_C": "Hamangoda South", "GND_NO_Gaz": "437", "GND_NAME_G": "හමංගොඩ ද", "shape_1": "Polygon", "Area__Ha_": 69.196331026500005, "MWS_ID": "112-2", "Alt_MWS": null, "Area": 0.69196331027000002, "Tot_Pop": 1186.0, "Density": 1713.96370647 }, "geometry": { "type": "MultiPolygon", "coordinates": [ [ [ [ 80.604882051801283, 7.317234389255038 ], [ 80.605134474655799, 7.317012612301925 ], [ 80.605210273343189, 7.316996325701731 ], [ 80.605546885897311, 7.316725274371857 ], [ 80.605830507797222, 7.316464412286194 ], [ 80.606107805978709, 7.316331706971505 ], [ 80.606309654907605, 7.316251666637764 ], [ 80.606557313020346, 7.316234407393273 ], [ 80.606690468246356, 7.31582172821658 ], [ 80.607877163487871, 7.316215242382377 ], [ 80.608111086705293, 7.316206613222407 ], [ 80.608257661931148, 7.316070957646385 ], [ 80.608314059931217, 7.31589954127312 ], [ 80.608306956441794, 7.315746850090697 ], [ 80.608382562985796, 7.315487827650633 ], [ 80.608455799915632, 7.31539890335858 ], [ 80.608608139996363, 7.315451548817873 ], [ 80.608610854600926, 7.31546564788341 ], [ 80.608744951025244, 7.315143979973351 ], [ 80.608744858358776, 7.31513017306846 ], [ 80.608665987812188, 7.314930755266301 ], [ 80.608601170189161, 7.314770769308393 ], [ 80.608509868673039, 7.314620239704166 ], [ 80.608457763118096, 7.3145637919029 ], [ 80.608301182768301, 7.31460808047783 ], [ 80.608294241699596, 7.314481269543238 ], [ 80.608283413878567, 7.314372296308191 ], [ 80.608280539404518, 7.314308632432393 ], [ 80.608331640141699, 7.314261809586851 ], [ 80.608346587917595, 7.314252499952136 ], [ 80.607943282721706, 7.313990036084836 ], [ 80.60770937405492, 7.313919531601441 ], [ 80.607290389226407, 7.313875316190727 ], [ 80.606916329471503, 7.313930214218897 ], [ 80.606735349830913, 7.313802642404204 ], [ 80.606647874680235, 7.313415190589574 ], [ 80.606527553204501, 7.313070634568112 ], [ 80.606503370770383, 7.31299851557821 ], [ 80.606408926347257, 7.312726468001691 ], [ 80.606309943992017, 7.312323895477512 ], [ 80.606277514585145, 7.312095258722873 ], [ 80.606275154245225, 7.312057118025335 ], [ 80.606109866813156, 7.311712334219902 ], [ 80.605935815418249, 7.3114861172074 ], [ 80.605879570904179, 7.311435904516502 ], [ 80.605745331714814, 7.311246135873703 ], [ 80.605580660300291, 7.31113407854733 ], [ 80.605561289595556, 7.311046717523299 ], [ 80.605599320392116, 7.311053587433762 ], [ 80.605650483354651, 7.311078746378723 ], [ 80.605725651538592, 7.311093514938325 ], [ 80.605778094480456, 7.311087114241108 ], [ 80.605801555493073, 7.311081154727414 ], [ 80.605835165245793, 7.31105774603698 ], [ 80.605855648634773, 7.311022215648909 ], [ 80.605863546644045, 7.310973838519934 ], [ 80.605866563864055, 7.310896611432101 ], [ 80.605879986960716, 7.310847513854692 ], [ 80.60590845609606, 7.310771020732519 ], [ 80.605960940732103, 7.310652124955209 ], [ 80.606020307769541, 7.310538114092648 ], [ 80.606058458180826, 7.310484956492186 ], [ 80.60614110597777, 7.310360012357464 ], [ 80.606177002103877, 7.310282799481475 ], [ 80.606187786042824, 7.310262086008858 ], [ 80.606239993590535, 7.31016182773805 ], [ 80.606349580105146, 7.309937601440943 ], [ 80.606373787873238, 7.309867979366684 ], [ 80.606443052964138, 7.309680182993157 ], [ 80.606484842626315, 7.309585608818966 ], [ 80.6065467582347, 7.309437507580394 ], [ 80.606587543944286, 7.309360747752632 ], [ 80.606633397881168, 7.309291404194353 ], [ 80.606705084753784, 7.309172877260373 ], [ 80.606769330860587, 7.309086541547859 ], [ 80.606822968447105, 7.309036192127133 ], [ 80.606881141577745, 7.308964773278195 ], [ 80.606912321511658, 7.308901846522923 ], [ 80.606942513305711, 7.308817305687345 ], [ 80.606973517988536, 7.308712243843668 ], [ 80.606629253853185, 7.308539102597314 ], [ 80.606336425942473, 7.308391827223637 ], [ 80.606258815576538, 7.308393630983436 ], [ 80.6044710424991, 7.308656142040273 ], [ 80.604461998226157, 7.308328957877768 ], [ 80.604438107159041, 7.307053064661217 ], [ 80.60479674160463, 7.306896803166755 ], [ 80.605085615819206, 7.306819796812912 ], [ 80.605158525189012, 7.306813610125061 ], [ 80.605359941656914, 7.306699985983011 ], [ 80.605583793063289, 7.306426628113289 ], [ 80.605819481719593, 7.305942918714869 ], [ 80.605859395820048, 7.305775669685187 ], [ 80.605818139269161, 7.305563599026716 ], [ 80.605526744577404, 7.305206363896691 ], [ 80.604926734765272, 7.304480059186982 ], [ 80.60450745042445, 7.304565675432248 ], [ 80.604181889593946, 7.304626315881514 ], [ 80.603757593992142, 7.304638184638523 ], [ 80.603374973247085, 7.304663645247952 ], [ 80.603098130942968, 7.304501981998498 ], [ 80.602821040634822, 7.304356873532004 ], [ 80.602497407485146, 7.30443989044267 ], [ 80.60241941799741, 7.304629937296003 ], [ 80.602381976707093, 7.304723243142802 ], [ 80.602344271066713, 7.30479982383116 ], [ 80.602278656418719, 7.304909130362735 ], [ 80.602239326761477, 7.304967171333636 ], [ 80.602235423135667, 7.30499077118703 ], [ 80.602222373902507, 7.305011745037771 ], [ 80.602190465443272, 7.305081636118461 ], [ 80.602151505080272, 7.3051191504883 ], [ 80.602107387592355, 7.305147528516025 ], [ 80.602029662681744, 7.305189275408413 ], [ 80.601967512821588, 7.305238536719529 ], [ 80.601959532773662, 7.305264126265974 ], [ 80.601959149047289, 7.30531711726783 ], [ 80.601951079514166, 7.305339904349765 ], [ 80.601907139456173, 7.305375424596835 ], [ 80.60181101315635, 7.305459939593942 ], [ 80.601782282042706, 7.305512830103342 ], [ 80.601729179468677, 7.305584520645953 ], [ 80.601701645608159, 7.30558857844126 ], [ 80.601653088897351, 7.305585148620734 ], [ 80.601636889020057, 7.305623952245088 ], [ 80.601641667896999, 7.305639197901444 ], [ 80.601666012739429, 7.305688942990651 ], [ 80.601667799910956, 7.305748989284857 ], [ 80.601649666895611, 7.305798085821862 ], [ 80.601622119568248, 7.305836778344042 ], [ 80.601567935292209, 7.305895086596721 ], [ 80.601516964046695, 7.305917065785727 ], [ 80.601423015876549, 7.306315688754919 ], [ 80.601243083529425, 7.306897132549437 ], [ 80.601411391222285, 7.307119091648412 ], [ 80.601421258771254, 7.307296202858576 ], [ 80.601604847262848, 7.307467967341348 ], [ 80.601792166778722, 7.307659957890641 ], [ 80.602026135393842, 7.30788732909096 ], [ 80.602048826583029, 7.307904361328746 ], [ 80.602250852951812, 7.308038666577264 ], [ 80.602273667298093, 7.30805578837732 ], [ 80.602496768327114, 7.3081884341189 ], [ 80.602542668695349, 7.308222861371434 ], [ 80.602686632892443, 7.308365710498284 ], [ 80.60274866533122, 7.308640308247645 ], [ 80.602508989210349, 7.308689161238126 ], [ 80.602202062671864, 7.308705472183687 ], [ 80.602012238966495, 7.308525735920789 ], [ 80.60198655861474, 7.308488490490604 ], [ 80.601810418159928, 7.308248809694128 ], [ 80.601728468226895, 7.307941358993314 ], [ 80.601417408918479, 7.307898540990954 ], [ 80.601397330423609, 7.307900852736659 ], [ 80.601178602286865, 7.307945718853412 ], [ 80.601120557348793, 7.307972111849648 ], [ 80.600948254282301, 7.308071014311907 ], [ 80.600885555638897, 7.308237136265798 ], [ 80.600874547983622, 7.308498761664469 ], [ 80.600885998903863, 7.308598263655158 ], [ 80.600943505422904, 7.308916840547904 ], [ 80.60109783998027, 7.309165677385862 ], [ 80.601128863972519, 7.309430621620398 ], [ 80.600986323033823, 7.309549599367623 ], [ 80.600957306571132, 7.309573818830906 ], [ 80.601259271495451, 7.309766498031454 ], [ 80.601282755958096, 7.309846812699614 ], [ 80.601289603452528, 7.310036619105828 ], [ 80.601302671249769, 7.310398790416038 ], [ 80.601286276472464, 7.310642157683718 ], [ 80.601321473526141, 7.310964553756165 ], [ 80.601381512220129, 7.311196663198677 ], [ 80.602005723075791, 7.311181950558521 ], [ 80.601815896418955, 7.315671270990056 ], [ 80.602135442544252, 7.316082383098699 ], [ 80.602747127197262, 7.316659705095042 ], [ 80.6027651938915, 7.316684686132135 ], [ 80.603088012347243, 7.316952081022082 ], [ 80.603419809390928, 7.317140030876093 ], [ 80.60391276435702, 7.317070793919054 ], [ 80.604254239284273, 7.317048856823875 ], [ 80.604336798030019, 7.31725794825054 ], [ 80.604528042529779, 7.317433767584037 ], [ 80.604577867063071, 7.317476625125329 ], [ 80.604882051801283, 7.317234389255038 ] ] ] ] } },
{ "type": "Feature", "properties": { "GND_N": "Polwatta2", "GND_NO": "420", "GND_C": "370", "PROVINCE_N": "CENTRAL", "PROVINCE_C": "2", "DISTRICT_N": "KANDY", "DISTRICT_C": "1", "DSD_N": "HARISPATTUWA", "DSD_C": "33", "Admin_Code": "2133370", "GND_NO_Cen": "420", "GND_NAME_C": "Polwatta", "GND_NO_Gaz": "420", "GND_NAME_G": "පොල්වත්a", "shape_1": "Polygon", "Area__Ha_": 53.124625460300003, "MWS_ID": "112-2", "Alt_MWS": null, "Area": 0.5312462546, "Tot_Pop": 2151.0, "Density": 4048.9697223500002 }, "geometry": { "type": "MultiPolygon", "coordinates": [ [ [ [ 80.624877501978247, 7.319769056997314 ], [ 80.62494941490057, 7.319704480578057 ], [ 80.625021313485632, 7.319687755265253 ], [ 80.62510998682292, 7.319666252722367 ], [ 80.625193861610825, 7.319666280878911 ], [ 80.625554134800893, 7.319661894604344 ], [ 80.625594604635708, 7.319661401743047 ], [ 80.625594572771348, 7.319659192523343 ], [ 80.625591264852673, 7.319438615048254 ], [ 80.625589307073881, 7.319307942795428 ], [ 80.625461743002262, 7.317803411465451 ], [ 80.625201128180763, 7.317034793291064 ], [ 80.625098324250601, 7.316120448173155 ], [ 80.625061964670792, 7.315551452870374 ], [ 80.624897952821428, 7.314739725371299 ], [ 80.62486911939483, 7.314242572105061 ], [ 80.624703547403229, 7.313796954225186 ], [ 80.624498808885477, 7.313389345367971 ], [ 80.624324715125127, 7.312886551794469 ], [ 80.624135792836228, 7.31242028151627 ], [ 80.623982513862586, 7.311888438705404 ], [ 80.62381432429703, 7.311509444953577 ], [ 80.623602005582825, 7.311121434769409 ], [ 80.623591448821841, 7.31111822544262 ], [ 80.62201278192785, 7.311615592856644 ], [ 80.621606498050312, 7.311680037030357 ], [ 80.621040199151636, 7.31213079955166 ], [ 80.62078126949315, 7.312071905341233 ], [ 80.620599068951947, 7.312039313794294 ], [ 80.620429840161606, 7.312071608506052 ], [ 80.620310217188646, 7.312182023966676 ], [ 80.620219353430628, 7.312356983946738 ], [ 80.620197129828782, 7.312526877371459 ], [ 80.620022604679704, 7.312643789223781 ], [ 80.619857817924341, 7.312827564840679 ], [ 80.619681850293915, 7.312945574781209 ], [ 80.618217552528151, 7.313067786286211 ], [ 80.617789911765755, 7.313268823292981 ], [ 80.617879355328, 7.313405367217407 ], [ 80.617955651869181, 7.313564279831628 ], [ 80.618028689140104, 7.313714509992472 ], [ 80.618115779311736, 7.313826765310756 ], [ 80.618199968981372, 7.313945437423546 ], [ 80.618263888692056, 7.314012919844013 ], [ 80.618370905310883, 7.314123464833575 ], [ 80.618492685599691, 7.314230124663624 ], [ 80.618593643068422, 7.314317515548891 ], [ 80.618700846030052, 7.314413679418148 ], [ 80.618861845093406, 7.31451972075986 ], [ 80.618985440700058, 7.314618513669593 ], [ 80.618994581740537, 7.314624688719836 ], [ 80.61914725391081, 7.314727809777158 ], [ 80.619269492285525, 7.314825697835479 ], [ 80.619377787123838, 7.314905674928178 ], [ 80.619438202423964, 7.314956454418032 ], [ 80.61948671196086, 7.314997228179986 ], [ 80.619599900435929, 7.315077298258095 ], [ 80.619709106984345, 7.31513783400875 ], [ 80.619852373597553, 7.315194222679084 ], [ 80.619955699643839, 7.315241010943727 ], [ 80.619981329269635, 7.31524985938599 ], [ 80.620060163400893, 7.315277075466256 ], [ 80.620062381236664, 7.315277840370308 ], [ 80.620021183224466, 7.315469426801686 ], [ 80.61971917703346, 7.315648769742005 ], [ 80.61977491951437, 7.315799317353312 ], [ 80.619669916558706, 7.315841729679054 ], [ 80.619627565440709, 7.315846120709309 ], [ 80.619547368408774, 7.315854437705823 ], [ 80.619333982340066, 7.315853549532621 ], [ 80.619299190581231, 7.315888353020032 ], [ 80.619207598349391, 7.315954607300271 ], [ 80.619125143330621, 7.316053507323691 ], [ 80.619058819907877, 7.316126914370435 ], [ 80.619038597263582, 7.31615981936695 ], [ 80.619004536395423, 7.316215245682765 ], [ 80.618927964085103, 7.316326628891441 ], [ 80.61882677585794, 7.3163818463541 ], [ 80.618722329205795, 7.316430822068493 ], [ 80.618618339154452, 7.316471660108317 ], [ 80.618561350265509, 7.316520925493879 ], [ 80.618491314740268, 7.316587457556347 ], [ 80.618440760118204, 7.316652009684499 ], [ 80.618412935679729, 7.316687535365316 ], [ 80.61828954582208, 7.316772406010683 ], [ 80.618216717161445, 7.316797248748287 ], [ 80.61821636389584, 7.316797347193177 ], [ 80.618215266926853, 7.316800321960168 ], [ 80.618179738903805, 7.316867861717147 ], [ 80.618156164293509, 7.316943904293518 ], [ 80.618151157412797, 7.317016066700232 ], [ 80.618157195324073, 7.317102430518269 ], [ 80.618177732990929, 7.317165467543538 ], [ 80.618203712109221, 7.317205716271414 ], [ 80.618260298986925, 7.317264517536693 ], [ 80.618296065824566, 7.317293105108572 ], [ 80.61854659792229, 7.317443755511915 ], [ 80.618642856613292, 7.31749678038133 ], [ 80.618683148258697, 7.317531159749501 ], [ 80.618778851621599, 7.317618187941379 ], [ 80.618869759007239, 7.317692915032095 ], [ 80.618955593984339, 7.31777134977752 ], [ 80.619052298091788, 7.317851142945761 ], [ 80.61911875307959, 7.317914921209236 ], [ 80.619154158570083, 7.317938535834219 ], [ 80.619188846131976, 7.317943159874275 ], [ 80.619270092972471, 7.317930530702192 ], [ 80.619337659361747, 7.317934621804151 ], [ 80.619382306892021, 7.31795037311355 ], [ 80.619448771999615, 7.317982772070065 ], [ 80.619644849177163, 7.318021818426387 ], [ 80.619728712043965, 7.318042103040173 ], [ 80.61977444429094, 7.318064095273104 ], [ 80.619842085482674, 7.318105714839551 ], [ 80.619927201707284, 7.318168143920968 ], [ 80.619989404960378, 7.318222787136769 ], [ 80.620022540477279, 7.318265481669092 ], [ 80.620064449704529, 7.318334314461595 ], [ 80.620112339262505, 7.318398445147871 ], [ 80.620154625141808, 7.318428664387324 ], [ 80.620242643209323, 7.318483856387069 ], [ 80.620307483355916, 7.318509112482361 ], [ 80.620432999689569, 7.318558077752725 ], [ 80.620513251566578, 7.318544451473659 ], [ 80.62057521274177, 7.318516622225536 ], [ 80.620661547278033, 7.318466916391274 ], [ 80.620709656983323, 7.318413579224264 ], [ 80.620740911959842, 7.318399755112339 ], [ 80.620775597605515, 7.318407452751515 ], [ 80.620835717675988, 7.318462546379667 ], [ 80.620898556181032, 7.318519267776584 ], [ 80.620934327486239, 7.318530494363087 ], [ 80.620967118975727, 7.3185207392184 ], [ 80.621019485955799, 7.318471475556226 ], [ 80.621049651904286, 7.318458643066093 ], [ 80.621121839023274, 7.318455956850739 ], [ 80.621214773744754, 7.318434376962183 ], [ 80.621390942122787, 7.318424852904606 ], [ 80.621428166149101, 7.318428393388291 ], [ 80.621464668590519, 7.318420628946672 ], [ 80.621538681928044, 7.318377702775765 ], [ 80.621602273480519, 7.318352041555661 ], [ 80.621699195831866, 7.318320605144241 ], [ 80.621749830738622, 7.318311465566438 ], [ 80.621789683241005, 7.31830427014925 ], [ 80.621836687889171, 7.318308626921846 ], [ 80.621881334491448, 7.318327452610997 ], [ 80.621915920223316, 7.318364992985783 ], [ 80.621934741447916, 7.318411571874778 ], [ 80.621941788994747, 7.318463933353443 ], [ 80.62194236683824, 7.318490298464756 ], [ 80.621943571551526, 7.318545322012954 ], [ 80.62194561008873, 7.318669844137487 ], [ 80.621973305379242, 7.31872501602712 ], [ 80.622008522664373, 7.318767170358088 ], [ 80.622074427399752, 7.318860335094573 ], [ 80.622092705975916, 7.318907366845966 ], [ 80.622111981910123, 7.318951321599767 ], [ 80.622141860739831, 7.318983343201748 ], [ 80.622182341392119, 7.318998642468276 ], [ 80.622269018139619, 7.318999305137059 ], [ 80.622273763245317, 7.31899926877951 ], [ 80.622393737701728, 7.318998354859163 ], [ 80.622433133114171, 7.319011571125836 ], [ 80.622463098059598, 7.319048748159823 ], [ 80.622502383812645, 7.319115046887069 ], [ 80.622520829307021, 7.319203766078047 ], [ 80.622525780645304, 7.319289133839661 ], [ 80.622547415581238, 7.319321245742914 ], [ 80.62258644550802, 7.319341244133802 ], [ 80.622669044988925, 7.319349137939199 ], [ 80.62274068824604, 7.319345456549882 ], [ 80.622809428457984, 7.31935823244875 ], [ 80.622867014617, 7.319410882428629 ], [ 80.622907118652407, 7.319470941719126 ], [ 80.622932176886536, 7.319551885248429 ], [ 80.622968535193934, 7.319701108299414 ], [ 80.622957380084699, 7.319744059730478 ], [ 80.622948217747208, 7.319783846784304 ], [ 80.622952460779473, 7.319821828896271 ], [ 80.622962223363785, 7.31983314593838 ], [ 80.623005515353427, 7.319883340375335 ], [ 80.623038839425746, 7.319902884634381 ], [ 80.62306718848815, 7.319903434151547 ], [ 80.623113296398145, 7.319884642176811 ], [ 80.623155426975913, 7.319842787345118 ], [ 80.623227358909489, 7.319792261346608 ], [ 80.623307166866567, 7.319755485205524 ], [ 80.623406086284234, 7.319716816506761 ], [ 80.623462152810191, 7.319710775816959 ], [ 80.623543578976751, 7.319709449710254 ], [ 80.623584668648121, 7.319716011696887 ], [ 80.623613948289162, 7.319720686919052 ], [ 80.623651979922414, 7.319749458414667 ], [ 80.62382021635544, 7.31988678931158 ], [ 80.623844556368681, 7.319954891466139 ], [ 80.623886011052193, 7.320030866837421 ], [ 80.623891555449731, 7.320045569041429 ], [ 80.623913428989013, 7.320103582872668 ], [ 80.623937123099566, 7.320148098808708 ], [ 80.623965564727058, 7.320201536381 ], [ 80.624002235040521, 7.32023853472318 ], [ 80.624116319531964, 7.320342840181505 ], [ 80.624167755390914, 7.320370801389509 ], [ 80.624216478577779, 7.32038546844159 ], [ 80.624291290324919, 7.320386851063953 ], [ 80.624372495541209, 7.320377722420783 ], [ 80.624441728388504, 7.320369939847049 ], [ 80.624473615494097, 7.320318919052025 ], [ 80.624525597976628, 7.320235743541688 ], [ 80.624558638678252, 7.320182876544898 ], [ 80.62456663437132, 7.32016968547873 ], [ 80.624683322689478, 7.31997715104068 ], [ 80.624748047017334, 7.319914964112462 ], [ 80.624807984682008, 7.319833635114864 ], [ 80.624877501978247, 7.319769056997314 ] ] ] ] } },
{ "type": "Feature", "properties": { "GND_N": "Uguressapitiya", "GND_NO": "426", "GND_C": "265", "PROVINCE_N": "CENTRAL", "PROVINCE_C": "2", "DISTRICT_N": "KANDY", "DISTRICT_C": "1", "DSD_N": "HARISPATTUWA", "DSD_C": "33", "Admin_Code": "2133265", "GND_NO_Cen": "426", "GND_NAME_C": "Uguressapitiya", "GND_NO_Gaz": "426", "GND_NAME_G": "උගුරැස්ap", "shape_1": "Polygon", "Area__Ha_": 26.624369697100001, "MWS_ID": "112-2", "Alt_MWS": null, "Area": 0.26624369697, "Tot_Pop": 2145.0, "Density": 8056.5287531800004 }, "geometry": { "type": "MultiPolygon", "coordinates": [ [ [ [ 80.601853727001597, 7.321219564042747 ], [ 80.601922066539146, 7.321218265718647 ], [ 80.601938767251909, 7.321218308359349 ], [ 80.601969721181575, 7.321214289879133 ], [ 80.601973690682129, 7.32117311318261 ], [ 80.602120107849089, 7.32098223310487 ], [ 80.602280571743293, 7.320971414613593 ], [ 80.602285678374201, 7.320957049058638 ], [ 80.602308981023896, 7.320896107296348 ], [ 80.602330374557624, 7.320853432572539 ], [ 80.60240077669377, 7.320781206148583 ], [ 80.602496803909375, 7.320734041447711 ], [ 80.602603248038335, 7.320674760402795 ], [ 80.602725924994061, 7.320574612103497 ], [ 80.602726558373561, 7.320576240088952 ], [ 80.602918214180207, 7.320458286417676 ], [ 80.602982941046974, 7.320418451572449 ], [ 80.603069007190072, 7.320368295101496 ], [ 80.603277006543493, 7.32025063874518 ], [ 80.60331976783182, 7.320217427549732 ], [ 80.603346951388716, 7.320196316240376 ], [ 80.603480763711929, 7.320106210646494 ], [ 80.603568751662678, 7.320034949339108 ], [ 80.603612677676225, 7.31999937562354 ], [ 80.60361621136478, 7.319995850205858 ], [ 80.603652414630375, 7.319956917664136 ], [ 80.603740621724356, 7.319862061389829 ], [ 80.603849346446978, 7.319764169079254 ], [ 80.603917390024108, 7.319705144293471 ], [ 80.60398715595403, 7.3196422325669 ], [ 80.604029196158763, 7.319609063526899 ], [ 80.60409725666338, 7.319562453864608 ], [ 80.604104026927502, 7.319557817390652 ], [ 80.604142986368075, 7.319527990361453 ], [ 80.604211751811619, 7.319473488213236 ], [ 80.604239932278674, 7.319445827377567 ], [ 80.60427735486094, 7.319398997989394 ], [ 80.604339794754367, 7.319311216942537 ], [ 80.604355654948307, 7.319285086896748 ], [ 80.604362906015012, 7.319273697283761 ], [ 80.604388371486678, 7.319233195234029 ], [ 80.604403871745006, 7.319203267889787 ], [ 80.6044142252765, 7.319186205876806 ], [ 80.60445181573408, 7.319124250296817 ], [ 80.604544057346459, 7.319029786956123 ], [ 80.604602586344484, 7.318974829593693 ], [ 80.604708145733468, 7.318870696180167 ], [ 80.604726295583234, 7.318851615113292 ], [ 80.604729891963174, 7.318830940548791 ], [ 80.604688791261495, 7.318558100032023 ], [ 80.604612208491517, 7.318262685485834 ], [ 80.604637096969029, 7.318016017067064 ], [ 80.604556170244379, 7.317493901659991 ], [ 80.604577867063071, 7.317476625125329 ], [ 80.604528042529779, 7.317433767584037 ], [ 80.604336798030019, 7.31725794825054 ], [ 80.604254239284273, 7.317048856823875 ], [ 80.60391276435702, 7.317070793919054 ], [ 80.603419809390928, 7.317140030876093 ], [ 80.603088012347243, 7.316952081022082 ], [ 80.6027651938915, 7.316684686132135 ], [ 80.602747127197262, 7.316659705095042 ], [ 80.602439910895797, 7.316839562384727 ], [ 80.602030783562171, 7.317173613063818 ], [ 80.601710565237255, 7.317138580333932 ], [ 80.601053411881367, 7.316065913940932 ], [ 80.601010291906192, 7.316104437560147 ], [ 80.601003261434499, 7.316112133137109 ], [ 80.600996231867967, 7.316119829618603 ], [ 80.600974523400353, 7.316131973164398 ], [ 80.600777430402815, 7.316212165768621 ], [ 80.600762848741297, 7.316220397362663 ], [ 80.600620314943882, 7.316213400386688 ], [ 80.600612679215786, 7.316210103945419 ], [ 80.600408529967211, 7.316074481352379 ], [ 80.600300240497347, 7.316019011751525 ], [ 80.600277230661419, 7.315975285245232 ], [ 80.600153049991292, 7.315920890943972 ], [ 80.600146279436203, 7.315903220068318 ], [ 80.599972663576082, 7.315904826912808 ], [ 80.599960756559128, 7.315901362397515 ], [ 80.599639819694062, 7.315777805033449 ], [ 80.599413554878851, 7.315654342500667 ], [ 80.59923108893085, 7.315778777658776 ], [ 80.598948846845857, 7.315968342806187 ], [ 80.598744258533671, 7.316236957985562 ], [ 80.598557034792393, 7.316385638900608 ], [ 80.598355112650239, 7.316551000987938 ], [ 80.598302039370608, 7.316745111664993 ], [ 80.59816721898909, 7.316979067861535 ], [ 80.598155845838306, 7.316979134803454 ], [ 80.597896974462017, 7.317064335928811 ], [ 80.597661100030109, 7.317229471727744 ], [ 80.597443157906383, 7.317348839728191 ], [ 80.597243708009259, 7.317499404298117 ], [ 80.597095517231423, 7.317634176574067 ], [ 80.597119053074721, 7.317807225656273 ], [ 80.597305839156164, 7.31795250798849 ], [ 80.597311781565409, 7.317957130421622 ], [ 80.59760834168182, 7.317962615205358 ], [ 80.597896237869179, 7.318104369032508 ], [ 80.598116180844244, 7.318206727977643 ], [ 80.59831234748944, 7.318305298349067 ], [ 80.598342213418249, 7.318310554190537 ], [ 80.598360095555648, 7.318316256541302 ], [ 80.598682127323073, 7.318388765691487 ], [ 80.598688113535133, 7.318394899210404 ], [ 80.598766451840106, 7.318631742912437 ], [ 80.598801442830407, 7.319041305395819 ], [ 80.598805275283496, 7.319226000350559 ], [ 80.599001529814217, 7.319472766338787 ], [ 80.599373588916393, 7.319629073634934 ], [ 80.59973563545843, 7.319640394710429 ], [ 80.600121843887067, 7.319714461708749 ], [ 80.600468119338686, 7.319533348991644 ], [ 80.600803132598955, 7.319408179788423 ], [ 80.601017350848892, 7.319499090280845 ], [ 80.601259738311256, 7.319638359154999 ], [ 80.60142300813996, 7.31984022271423 ], [ 80.60151811471448, 7.320149740266069 ], [ 80.601670037683135, 7.320424314148513 ], [ 80.601629494844843, 7.320663457908521 ], [ 80.601483275494829, 7.320904295087575 ], [ 80.601472560708814, 7.320918308490793 ], [ 80.601458497014065, 7.320928780256192 ], [ 80.601365743310396, 7.321100501657282 ], [ 80.601304663214805, 7.32119003442497 ], [ 80.601307735451741, 7.32119001934178 ], [ 80.60134784571612, 7.321189819707707 ], [ 80.601352439579856, 7.32118979707684 ], [ 80.601359333998602, 7.321189762679725 ], [ 80.601389190524941, 7.321189526502478 ], [ 80.601399541230947, 7.321189422007842 ], [ 80.60145508708348, 7.321195778210103 ], [ 80.60145974254462, 7.321195735707443 ], [ 80.601467900471121, 7.321195659297224 ], [ 80.601479578077516, 7.321197859474029 ], [ 80.601492453509238, 7.321198898993646 ], [ 80.601565615345081, 7.321201731632678 ], [ 80.601575127338506, 7.321201648511688 ], [ 80.601588250025912, 7.321205036593242 ], [ 80.601665200945732, 7.321211446291261 ], [ 80.601674892270438, 7.321211371376448 ], [ 80.60168217344409, 7.321211315421188 ], [ 80.601687032692567, 7.321211277516729 ], [ 80.601695546566432, 7.321211212092079 ], [ 80.601746931402644, 7.321213186212408 ], [ 80.60176663874654, 7.321214224755935 ], [ 80.601778985674173, 7.321214132782398 ], [ 80.601827444522186, 7.321217356407002 ], [ 80.601833699942389, 7.321218506388805 ], [ 80.601846213057328, 7.321219615389062 ], [ 80.601853727001597, 7.321219564042747 ] ] ] ] } },
{ "type": "Feature", "properties": { "GND_N": "Senarathgama South", "GND_NO": "424", "GND_C": "270", "PROVINCE_N": "CENTRAL", "PROVINCE_C": "2", "DISTRICT_N": "KANDY", "DISTRICT_C": "1", "DSD_N": "HARISPATTUWA", "DSD_C": "33", "Admin_Code": "2133270", "GND_NO_Cen": "424", "GND_NAME_C": "Senarathgama South", "GND_NO_Gaz": "424", "GND_NAME_G": "සෙනරත්ගhg", "shape_1": "Polygon", "Area__Ha_": 44.626940622100001, "MWS_ID": "112-2", "Alt_MWS": null, "Area": 0.44626940622, "Tot_Pop": 2080.0, "Density": 4660.8617373400002 }, "geometry": { "type": "MultiPolygon", "coordinates": [ [ [ [ 80.60283909519643, 7.323537233233995 ], [ 80.603180604894646, 7.323308946539117 ], [ 80.603303997772173, 7.323223449861326 ], [ 80.603545338969354, 7.323094954631351 ], [ 80.603565993312841, 7.323083137923728 ], [ 80.603730311214392, 7.322989141934955 ], [ 80.603851815642727, 7.322919638742999 ], [ 80.60404567978027, 7.322822051221372 ], [ 80.604193434893929, 7.322750307175822 ], [ 80.604361384466799, 7.322680109915086 ], [ 80.604651631227142, 7.32255325959176 ], [ 80.604707375361244, 7.322529604445472 ], [ 80.604861978882312, 7.322463998466154 ], [ 80.605039068970441, 7.322407818376663 ], [ 80.605352329431909, 7.322256289841543 ], [ 80.605504687081833, 7.322222616356103 ], [ 80.605616000826444, 7.322224108173579 ], [ 80.60570654940004, 7.32228617843648 ], [ 80.605769834091845, 7.32235908905801 ], [ 80.605801960027236, 7.32239098415998 ], [ 80.605883457776088, 7.32247190020473 ], [ 80.605966164224597, 7.322568398698897 ], [ 80.606034646151457, 7.322648297878575 ], [ 80.606114059425906, 7.32269942180984 ], [ 80.606278499633305, 7.322804384654106 ], [ 80.606332505796786, 7.322828075124371 ], [ 80.606484247871933, 7.322652699859811 ], [ 80.606747075032729, 7.322335981681801 ], [ 80.607013435780374, 7.32228387213038 ], [ 80.607345668243141, 7.322306916463149 ], [ 80.607678937657909, 7.322248414706797 ], [ 80.607722977911408, 7.321959135411592 ], [ 80.60772965348383, 7.321820805199639 ], [ 80.607636891368372, 7.32170985342972 ], [ 80.607621654732853, 7.321580932397157 ], [ 80.6077242395762, 7.321534856001678 ], [ 80.607875012619431, 7.321525526698889 ], [ 80.607991317456126, 7.321578346102859 ], [ 80.608199890920133, 7.321662319649087 ], [ 80.608355501649484, 7.321657437535954 ], [ 80.60844026960703, 7.321522371119273 ], [ 80.608477962651236, 7.321359555845754 ], [ 80.608476217952287, 7.321115650767291 ], [ 80.608499405916774, 7.320971652200249 ], [ 80.608562176456317, 7.320920925319339 ], [ 80.608717019506102, 7.320863403431159 ], [ 80.608907787575575, 7.320933881466506 ], [ 80.609128177339116, 7.32095145073034 ], [ 80.609303694193173, 7.320828993036662 ], [ 80.608777308393726, 7.31993404953655 ], [ 80.608833688934666, 7.319897678725272 ], [ 80.608870293864285, 7.319861247199726 ], [ 80.608898379667437, 7.319839013646695 ], [ 80.608914065617512, 7.319796156515166 ], [ 80.608946059311535, 7.319743176368972 ], [ 80.608941013310982, 7.319673272025684 ], [ 80.608936798471873, 7.319565296014235 ], [ 80.60892787542754, 7.319445835437982 ], [ 80.608929440941239, 7.319383981830311 ], [ 80.608941610593504, 7.319298076852321 ], [ 80.608957456884667, 7.319267227990663 ], [ 80.608971628178992, 7.319239638511133 ], [ 80.60898103824384, 7.31922131815609 ], [ 80.609056071362005, 7.319121239001737 ], [ 80.609147754085257, 7.319060867542939 ], [ 80.609205462701041, 7.319023360467231 ], [ 80.609214510849384, 7.319021032536527 ], [ 80.609278832500124, 7.319004488698838 ], [ 80.609363264496864, 7.318962107383423 ], [ 80.609455593421913, 7.318868729110761 ], [ 80.609504292858631, 7.318823617102569 ], [ 80.609530339578484, 7.318799489145301 ], [ 80.609622124194345, 7.318713162374556 ], [ 80.609649992217186, 7.318684410488371 ], [ 80.60972840719748, 7.318603510883356 ], [ 80.609803699017192, 7.31853779694164 ], [ 80.60983387315342, 7.318498832719424 ], [ 80.609865113339723, 7.31845493140499 ], [ 80.609881993947923, 7.318431210591137 ], [ 80.609921949077389, 7.318399302621167 ], [ 80.609987149974629, 7.318390356037791 ], [ 80.610134867317726, 7.318191545707758 ], [ 80.610328532170854, 7.31799181088238 ], [ 80.610357343993542, 7.317820589365581 ], [ 80.61059161989337, 7.317616891358482 ], [ 80.610675756760443, 7.31746016350758 ], [ 80.61070251747968, 7.317255593292185 ], [ 80.610650417423486, 7.31711638500047 ], [ 80.610630121007233, 7.316962063963916 ], [ 80.610447519375029, 7.316918607489774 ], [ 80.610216128723962, 7.316869497350504 ], [ 80.610123584223828, 7.316805389862609 ], [ 80.610008770487426, 7.316715263720782 ], [ 80.609856778343072, 7.316641074782531 ], [ 80.609858134771216, 7.316348766259059 ], [ 80.609552418325293, 7.316295152930384 ], [ 80.609305861326888, 7.316235242074155 ], [ 80.608975956933193, 7.31612565128746 ], [ 80.608667660440531, 7.315863167257201 ], [ 80.608633856894741, 7.315585080264434 ], [ 80.608610854600926, 7.31546564788341 ], [ 80.608608139996363, 7.315451548817873 ], [ 80.608455799915632, 7.31539890335858 ], [ 80.608382562985796, 7.315487827650633 ], [ 80.608306956441794, 7.315746850090697 ], [ 80.608314059931217, 7.31589954127312 ], [ 80.608257661931148, 7.316070957646385 ], [ 80.608111086705293, 7.316206613222407 ], [ 80.607877163487871, 7.316215242382377 ], [ 80.606690468246356, 7.31582172821658 ], [ 80.606557313020346, 7.316234407393273 ], [ 80.606309654907605, 7.316251666637764 ], [ 80.606107805978709, 7.316331706971505 ], [ 80.605830507797222, 7.316464412286194 ], [ 80.605546885897311, 7.316725274371857 ], [ 80.605210273343189, 7.316996325701731 ], [ 80.605134474655799, 7.317012612301925 ], [ 80.604882051801283, 7.317234389255038 ], [ 80.604577867063071, 7.317476625125329 ], [ 80.604556170244379, 7.317493901659991 ], [ 80.604637096969029, 7.318016017067064 ], [ 80.604612208491517, 7.318262685485834 ], [ 80.604688791261495, 7.318558100032023 ], [ 80.604729891963174, 7.318830940548791 ], [ 80.604726295583234, 7.318851615113292 ], [ 80.604708145733468, 7.318870696180167 ], [ 80.604602586344484, 7.318974829593693 ], [ 80.604544057346459, 7.319029786956123 ], [ 80.60445181573408, 7.319124250296817 ], [ 80.6044142252765, 7.319186205876806 ], [ 80.604403871745006, 7.319203267889787 ], [ 80.604388371486678, 7.319233195234029 ], [ 80.604362906015012, 7.319273697283761 ], [ 80.604355654948307, 7.319285086896748 ], [ 80.604339794754367, 7.319311216942537 ], [ 80.60427735486094, 7.319398997989394 ], [ 80.604239932278674, 7.319445827377567 ], [ 80.604211751811619, 7.319473488213236 ], [ 80.604142986368075, 7.319527990361453 ], [ 80.604104026927502, 7.319557817390652 ], [ 80.60409725666338, 7.319562453864608 ], [ 80.604029196158763, 7.319609063526899 ], [ 80.60398715595403, 7.3196422325669 ], [ 80.603917390024108, 7.319705144293471 ], [ 80.603849346446978, 7.319764169079254 ], [ 80.603740621724356, 7.319862061389829 ], [ 80.603652414630375, 7.319956917664136 ], [ 80.60361621136478, 7.319995850205858 ], [ 80.603612677676225, 7.31999937562354 ], [ 80.603568751662678, 7.320034949339108 ], [ 80.603480763711929, 7.320106210646494 ], [ 80.603346951388716, 7.320196316240376 ], [ 80.60331976783182, 7.320217427549732 ], [ 80.603277006543493, 7.32025063874518 ], [ 80.603069007190072, 7.320368295101496 ], [ 80.602982941046974, 7.320418451572449 ], [ 80.602918214180207, 7.320458286417676 ], [ 80.602726558373561, 7.320576240088952 ], [ 80.602725924994061, 7.320574612103497 ], [ 80.602603248038335, 7.320674760402795 ], [ 80.602496803909375, 7.320734041447711 ], [ 80.60240077669377, 7.320781206148583 ], [ 80.602330374557624, 7.320853432572539 ], [ 80.602308981023896, 7.320896107296348 ], [ 80.602285678374201, 7.320957049058638 ], [ 80.602280571743293, 7.320971414613593 ], [ 80.602120107849089, 7.32098223310487 ], [ 80.601973690682129, 7.32117311318261 ], [ 80.601969721181575, 7.321214289879133 ], [ 80.60196046174471, 7.321310324828976 ], [ 80.602007523446858, 7.321641374955618 ], [ 80.601956042458951, 7.321907729425141 ], [ 80.601906888922358, 7.322032471312892 ], [ 80.60194831292354, 7.322313413764716 ], [ 80.601850189925088, 7.322578335815974 ], [ 80.601714335936805, 7.32285462202004 ], [ 80.601635641195998, 7.322990146140427 ], [ 80.602015264909724, 7.323191517358454 ], [ 80.602313397257845, 7.323250931314064 ], [ 80.602269738695242, 7.323508891489438 ], [ 80.602520785604483, 7.323512787463759 ], [ 80.6025233460565, 7.323456813151617 ], [ 80.602544101532231, 7.323417844002204 ], [ 80.602552356118125, 7.323399819052827 ], [ 80.602672507161159, 7.32347438792821 ], [ 80.602779856697083, 7.323576831423349 ], [ 80.602807644534494, 7.323558256950968 ], [ 80.60283909519643, 7.323537233233995 ] ] ] ] } },
{ "type": "Feature", "properties": { "GND_N": "Rathmale", "GND_NO": "422", "GND_C": "300", "PROVINCE_N": "CENTRAL", "PROVINCE_C": "2", "DISTRICT_N": "KANDY", "DISTRICT_C": "1", "DSD_N": "HARISPATTUWA", "DSD_C": "33", "Admin_Code": "2133300", "GND_NO_Cen": "422", "GND_NAME_C": "Rathmale", "GND_NO_Gaz": "422", "GND_NAME_G": "රත්මලේ", "shape_1": "Polygon", "Area__Ha_": 48.1629334056, "MWS_ID": "112-2", "Alt_MWS": null, "Area": 0.48162933406000003, "Tot_Pop": 2580.0, "Density": 5356.81657567 }, "geometry": { "type": "MultiPolygon", "coordinates": [ [ [ [ 80.622739961106376, 7.321287969304982 ], [ 80.622783040741552, 7.321077593726259 ], [ 80.623052955124223, 7.320741235777951 ], [ 80.623175474396703, 7.320588556306167 ], [ 80.623136299196673, 7.320449784234228 ], [ 80.622962223363785, 7.31983314593838 ], [ 80.622952460779473, 7.319821828896271 ], [ 80.622948217747208, 7.319783846784304 ], [ 80.622957380084699, 7.319744059730478 ], [ 80.622968535193934, 7.319701108299414 ], [ 80.622932176886536, 7.319551885248429 ], [ 80.622907118652407, 7.319470941719126 ], [ 80.622867014617, 7.319410882428629 ], [ 80.622809428457984, 7.31935823244875 ], [ 80.62274068824604, 7.319345456549882 ], [ 80.622669044988925, 7.319349137939199 ], [ 80.62258644550802, 7.319341244133802 ], [ 80.622547415581238, 7.319321245742914 ], [ 80.622525780645304, 7.319289133839661 ], [ 80.622520829307021, 7.319203766078047 ], [ 80.622502383812645, 7.319115046887069 ], [ 80.622463098059598, 7.319048748159823 ], [ 80.622433133114171, 7.319011571125836 ], [ 80.622393737701728, 7.318998354859163 ], [ 80.622273763245317, 7.31899926877951 ], [ 80.622269018139619, 7.318999305137059 ], [ 80.622182341392119, 7.318998642468276 ], [ 80.622141860739831, 7.318983343201748 ], [ 80.622111981910123, 7.318951321599767 ], [ 80.622092705975916, 7.318907366845966 ], [ 80.622074427399752, 7.318860335094573 ], [ 80.622008522664373, 7.318767170358088 ], [ 80.621973305379242, 7.31872501602712 ], [ 80.62194561008873, 7.318669844137487 ], [ 80.621943571551526, 7.318545322012954 ], [ 80.62194236683824, 7.318490298464756 ], [ 80.621941788994747, 7.318463933353443 ], [ 80.621934741447916, 7.318411571874778 ], [ 80.621915920223316, 7.318364992985783 ], [ 80.621881334491448, 7.318327452610997 ], [ 80.621836687889171, 7.318308626921846 ], [ 80.621789683241005, 7.31830427014925 ], [ 80.621749830738622, 7.318311465566438 ], [ 80.621699195831866, 7.318320605144241 ], [ 80.621602273480519, 7.318352041555661 ], [ 80.621538681928044, 7.318377702775765 ], [ 80.621464668590519, 7.318420628946672 ], [ 80.621428166149101, 7.318428393388291 ], [ 80.621390942122787, 7.318424852904606 ], [ 80.621214773744754, 7.318434376962183 ], [ 80.621121839023274, 7.318455956850739 ], [ 80.621049651904286, 7.318458643066093 ], [ 80.621019485955799, 7.318471475556226 ], [ 80.620967118975727, 7.3185207392184 ], [ 80.620934327486239, 7.318530494363087 ], [ 80.620898556181032, 7.318519267776584 ], [ 80.620835717675988, 7.318462546379667 ], [ 80.620775597605515, 7.318407452751515 ], [ 80.620740911959842, 7.318399755112339 ], [ 80.620709656983323, 7.318413579224264 ], [ 80.620661547278033, 7.318466916391274 ], [ 80.62057521274177, 7.318516622225536 ], [ 80.620513251566578, 7.318544451473659 ], [ 80.620432999689569, 7.318558077752725 ], [ 80.620307483355916, 7.318509112482361 ], [ 80.620242643209323, 7.318483856387069 ], [ 80.620154625141808, 7.318428664387324 ], [ 80.620112339262505, 7.318398445147871 ], [ 80.620064449704529, 7.318334314461595 ], [ 80.620022540477279, 7.318265481669092 ], [ 80.619989404960378, 7.318222787136769 ], [ 80.619927201707284, 7.318168143920968 ], [ 80.619842085482674, 7.318105714839551 ], [ 80.61977444429094, 7.318064095273104 ], [ 80.619728712043965, 7.318042103040173 ], [ 80.619644849177163, 7.318021818426387 ], [ 80.619448771999615, 7.317982772070065 ], [ 80.619382306892021, 7.31795037311355 ], [ 80.619337659361747, 7.317934621804151 ], [ 80.619270092972471, 7.317930530702192 ], [ 80.619188846131976, 7.317943159874275 ], [ 80.619154158570083, 7.317938535834219 ], [ 80.61911875307959, 7.317914921209236 ], [ 80.619052298091788, 7.317851142945761 ], [ 80.618955593984339, 7.31777134977752 ], [ 80.618869759007239, 7.317692915032095 ], [ 80.618778851621599, 7.317618187941379 ], [ 80.618683148258697, 7.317531159749501 ], [ 80.618642856613292, 7.31749678038133 ], [ 80.61854659792229, 7.317443755511915 ], [ 80.618296065824566, 7.317293105108572 ], [ 80.618260298986925, 7.317264517536693 ], [ 80.618203712109221, 7.317205716271414 ], [ 80.618177732990929, 7.317165467543538 ], [ 80.618157195324073, 7.317102430518269 ], [ 80.618151157412797, 7.317016066700232 ], [ 80.618156164293509, 7.316943904293518 ], [ 80.618179738903805, 7.316867861717147 ], [ 80.618215266926853, 7.316800321960168 ], [ 80.61821636389584, 7.316797347193177 ], [ 80.618242373842065, 7.31672681266361 ], [ 80.618244845402415, 7.316655192850199 ], [ 80.618273672280793, 7.316584214390208 ], [ 80.618294077356126, 7.316509255855713 ], [ 80.618297999506495, 7.316430944718577 ], [ 80.618206039307296, 7.316257920473194 ], [ 80.61816729788687, 7.316188998193194 ], [ 80.618136255644146, 7.316121073344906 ], [ 80.618116173416851, 7.316053426346585 ], [ 80.618111732011855, 7.315921614697853 ], [ 80.618108285565768, 7.315819299001494 ], [ 80.618104297753817, 7.315569710371141 ], [ 80.618103055519398, 7.315496551938381 ], [ 80.61809374942311, 7.315429268633836 ], [ 80.618053647295923, 7.31536920802088 ], [ 80.618020058962628, 7.315332662438061 ], [ 80.617966360880061, 7.315299005359326 ], [ 80.6178910978646, 7.315295631177491 ], [ 80.617859943763506, 7.315285764239384 ], [ 80.617837854824685, 7.315255824993051 ], [ 80.617790152332304, 7.315176771351005 ], [ 80.617715097228313, 7.315095087410825 ], [ 80.617646202526757, 7.315009153601826 ], [ 80.617629729664415, 7.31499031933778 ], [ 80.617562729172008, 7.314913720384188 ], [ 80.617510758973438, 7.314860439612747 ], [ 80.617453984610734, 7.314823250996684 ], [ 80.617376371926923, 7.314802878649971 ], [ 80.617349750623404, 7.314783787591637 ], [ 80.617319249703797, 7.314717310665162 ], [ 80.617295622219018, 7.31468935940906 ], [ 80.617230513978086, 7.314650813180476 ], [ 80.617172652628653, 7.314609013112226 ], [ 80.617144050258958, 7.314562612339426 ], [ 80.617125761082448, 7.314544882472252 ], [ 80.617099769822872, 7.314534473821343 ], [ 80.616998150851188, 7.314532991021661 ], [ 80.616921346068466, 7.314533234246014 ], [ 80.616809509856523, 7.314472698706802 ], [ 80.616737160668961, 7.314426011130945 ], [ 80.616688360276527, 7.314373723408085 ], [ 80.616586154380798, 7.314237408947211 ], [ 80.616506666953455, 7.314138270219103 ], [ 80.61647570524994, 7.314102178510298 ], [ 80.61638289092491, 7.314039387051689 ], [ 80.616304923132901, 7.313999388341029 ], [ 80.616225050747417, 7.313969246731681 ], [ 80.616150693168692, 7.313964789232348 ], [ 80.615999153776613, 7.313999641386756 ], [ 80.615913464207338, 7.314027283425439 ], [ 80.615810748968997, 7.314047412776842 ], [ 80.615739370511619, 7.314070175746456 ], [ 80.615678585643892, 7.314102074117784 ], [ 80.615615072591154, 7.314164810902365 ], [ 80.615429988767602, 7.314293970450337 ], [ 80.615358601051298, 7.314342413708818 ], [ 80.615338936402139, 7.314372068677719 ], [ 80.615324940886708, 7.314406042806445 ], [ 80.61530820500893, 7.314446663475754 ], [ 80.615279844868084, 7.314478031698954 ], [ 80.615244604754494, 7.314499722339439 ], [ 80.615127220745535, 7.314511344949911 ], [ 80.61505503479583, 7.314512496522886 ], [ 80.615038144034997, 7.314505123133704 ], [ 80.614946999859569, 7.314465342836137 ], [ 80.614887143773458, 7.314430234499968 ], [ 80.614851196657966, 7.31440300214646 ], [ 80.614779875851326, 7.314265160136376 ], [ 80.614746664949124, 7.314190002585956 ], [ 80.614709011452788, 7.314120085675554 ], [ 80.614655326874171, 7.314055046239366 ], [ 80.614628339578971, 7.314044186748053 ], [ 80.614562314290453, 7.314040544943367 ], [ 80.614526994952783, 7.314025701720156 ], [ 80.614434473024033, 7.313911364787137 ], [ 80.614375183089564, 7.31381856215375 ], [ 80.61431407599467, 7.313736700003038 ], [ 80.61426736000881, 7.313684417294742 ], [ 80.614231954004893, 7.313663876014223 ], [ 80.61419264876028, 7.313658797787786 ], [ 80.614105608949785, 7.313660755026159 ], [ 80.61408069623144, 7.313663685038207 ], [ 80.614077465746888, 7.313876318609057 ], [ 80.614069701202965, 7.314387497529382 ], [ 80.61394517975269, 7.314756059504639 ], [ 80.613985841871951, 7.315189638755211 ], [ 80.613965462786851, 7.315586796968736 ], [ 80.613935243995812, 7.315896100557431 ], [ 80.613623655874306, 7.315916570949895 ], [ 80.613436600814254, 7.315885927125555 ], [ 80.612240387860879, 7.315871007071493 ], [ 80.61225394943304, 7.315939738909131 ], [ 80.612305953633125, 7.316144039507176 ], [ 80.612321393046642, 7.316276524362751 ], [ 80.612325993556468, 7.31632761906026 ], [ 80.612343634012561, 7.316385320807751 ], [ 80.612385365927892, 7.316447371063587 ], [ 80.612422931006265, 7.316503451411241 ], [ 80.612485673855375, 7.316570392528347 ], [ 80.612546433325704, 7.316609660392233 ], [ 80.612576680618332, 7.316622422035394 ], [ 80.612604484020324, 7.316625959819573 ], [ 80.612696231826305, 7.316627891280635 ], [ 80.612784082601536, 7.316641488603716 ], [ 80.61291555717338, 7.316668099257684 ], [ 80.612976986725585, 7.316680533070646 ], [ 80.613058216002017, 7.316720985688476 ], [ 80.613125482709904, 7.316796338360104 ], [ 80.613178259658611, 7.316866892073533 ], [ 80.613278673236522, 7.316956726450819 ], [ 80.613347021938708, 7.317043202387784 ], [ 80.613377144639315, 7.317152362451833 ], [ 80.613383088864836, 7.317232296698075 ], [ 80.613518898328707, 7.31742406581544 ], [ 80.613781517495056, 7.317809953674301 ], [ 80.613815668457178, 7.317853051431544 ], [ 80.614032834122966, 7.317786170738144 ], [ 80.614075631699109, 7.318181124374134 ], [ 80.61411623848538, 7.31823236947626 ], [ 80.614152221962314, 7.318264958078888 ], [ 80.614464873346805, 7.31873653073287 ], [ 80.61467644831778, 7.319152638663274 ], [ 80.614726297372528, 7.319591111544556 ], [ 80.614560891517797, 7.3199063693446 ], [ 80.614399467896604, 7.320043392543862 ], [ 80.61449703701507, 7.32008944027304 ], [ 80.61462626474173, 7.320143564813411 ], [ 80.614665009590382, 7.320159598420913 ], [ 80.614762737470045, 7.320200042195628 ], [ 80.614911985467572, 7.320246578611592 ], [ 80.615002435744586, 7.320284853020437 ], [ 80.615052712266149, 7.320306132960524 ], [ 80.615098780950945, 7.320354684209756 ], [ 80.615138632366637, 7.320396686087864 ], [ 80.615234258453327, 7.320448899394493 ], [ 80.615399518548188, 7.320544544032888 ], [ 80.615503285297663, 7.320624794435803 ], [ 80.615573275652437, 7.320682333892287 ], [ 80.615663056276375, 7.320623224633705 ], [ 80.615675639160187, 7.320614206005231 ], [ 80.615765068308974, 7.320550104857155 ], [ 80.615897042630422, 7.320520223142053 ], [ 80.616098427117805, 7.320409880564622 ], [ 80.616197989163567, 7.320351647327249 ], [ 80.616213387931339, 7.320342641440514 ], [ 80.616356257851308, 7.320249821379235 ], [ 80.616505727911715, 7.320179431190406 ], [ 80.616630558128421, 7.320117804840397 ], [ 80.616766712003198, 7.320057898831267 ], [ 80.616855553204445, 7.320008720936138 ], [ 80.616886382053906, 7.31999165683476 ], [ 80.61701500107921, 7.319975244975435 ], [ 80.617132930837641, 7.319968687089479 ], [ 80.617286088078373, 7.319969375121896 ], [ 80.617445217332815, 7.319988965107738 ], [ 80.61758442832074, 7.319986756162326 ], [ 80.617722463333905, 7.319980385164806 ], [ 80.617780340202586, 7.319964936566362 ], [ 80.617863566218119, 7.31994272185531 ], [ 80.617862113121916, 7.319966693469169 ], [ 80.617872864792545, 7.32011098396254 ], [ 80.617830747006266, 7.320287038424818 ], [ 80.617872954654842, 7.320461948779394 ], [ 80.617880337812167, 7.320547572438378 ], [ 80.617777102875678, 7.320909305469359 ], [ 80.617897368337026, 7.320952662931865 ], [ 80.617991731529997, 7.320989051751623 ], [ 80.618135896909621, 7.321067234061098 ], [ 80.618182784716538, 7.321077434773868 ], [ 80.61827038645518, 7.321096492938707 ], [ 80.618364532084257, 7.321094991378371 ], [ 80.618409053445518, 7.321094281745959 ], [ 80.618530439546845, 7.321044498202982 ], [ 80.618616864126864, 7.320998319587588 ], [ 80.618838697501573, 7.3209402533681 ], [ 80.618946388366155, 7.320938483323916 ], [ 80.619066992610684, 7.320948481821067 ], [ 80.619082243735136, 7.320949745030728 ], [ 80.619155794926556, 7.320937744406853 ], [ 80.61941709894063, 7.320934130620804 ], [ 80.619540002907613, 7.320943942602502 ], [ 80.619614792237343, 7.321009711351368 ], [ 80.619627331224848, 7.321146989572945 ], [ 80.619629191559568, 7.321263825961241 ], [ 80.619631559877831, 7.321298022038496 ], [ 80.619634815980064, 7.321298008702883 ], [ 80.619859942630285, 7.321297054282881 ], [ 80.619974941926657, 7.321378443378845 ], [ 80.620739469089159, 7.321371145552765 ], [ 80.621350538960414, 7.321223397212559 ], [ 80.621984344925082, 7.321407624907003 ], [ 80.622739961106376, 7.321287969304982 ] ] ] ] } },
{ "type": "Feature", "properties": { "GND_N": "Kulugammana", "GND_NO": "447", "GND_C": "260", "PROVINCE_N": "CENTRAL", "PROVINCE_C": "2", "DISTRICT_N": "KANDY", "DISTRICT_C": "1", "DSD_N": "HARISPATTUWA", "DSD_C": "33", "Admin_Code": "2133260", "GND_NO_Cen": "447", "GND_NAME_C": "Kulugammana", "GND_NO_Gaz": "447", "GND_NAME_G": "කුළුගම්ma", "shape_1": "Polygon", "Area__Ha_": 117.67599011599999, "MWS_ID": "112-2", "Alt_MWS": null, "Area": 1.1767599011600001, "Tot_Pop": 1702.0, "Density": 1446.34432081 }, "geometry": { "type": "MultiPolygon", "coordinates": [ [ [ [ 80.587568084774034, 7.321432804242675 ], [ 80.58775860886189, 7.321244032787567 ], [ 80.587782937612687, 7.321220334039524 ], [ 80.587846108870224, 7.32116340134605 ], [ 80.588063702068013, 7.320992226101366 ], [ 80.588087335591808, 7.32095893151809 ], [ 80.588092312935288, 7.320949406798547 ], [ 80.588132906515881, 7.320777098552245 ], [ 80.588138881916151, 7.320748252975511 ], [ 80.588126528485887, 7.320448501300716 ], [ 80.58813151384561, 7.320443603886819 ], [ 80.588222407354593, 7.320166352733812 ], [ 80.58861821195427, 7.319818327105851 ], [ 80.589758134055117, 7.320315273308082 ], [ 80.589947145999005, 7.320316311944444 ], [ 80.590077685959528, 7.320204109756405 ], [ 80.590362165924091, 7.320030201096152 ], [ 80.590582428363845, 7.319844312727932 ], [ 80.59078676336766, 7.31958191931598 ], [ 80.590959615823394, 7.319315717497894 ], [ 80.5911030790148, 7.319513062269752 ], [ 80.591110438042236, 7.319534980107045 ], [ 80.591125128318311, 7.319593465432887 ], [ 80.591169664012284, 7.319733284032431 ], [ 80.591184510006926, 7.319748039272 ], [ 80.591229001548541, 7.319777549502669 ], [ 80.591362320747592, 7.319880682744548 ], [ 80.59140670609284, 7.319895412127921 ], [ 80.59143628767454, 7.319902777138735 ], [ 80.591458469481978, 7.319910138205719 ], [ 80.591606286859886, 7.319946908928695 ], [ 80.591635885980509, 7.319946883992534 ], [ 80.591784254791833, 7.319858509682817 ], [ 80.591816476310811, 7.319886331925608 ], [ 80.592048437981958, 7.319520161800833 ], [ 80.592759257601472, 7.319102420300966 ], [ 80.593171037323913, 7.319112280236955 ], [ 80.593360591098872, 7.319060552630276 ], [ 80.593514878902312, 7.319079427441917 ], [ 80.593761999833262, 7.319035850879215 ], [ 80.593773989516635, 7.319032104701276 ], [ 80.593875143486883, 7.31887826813495 ], [ 80.593879162860532, 7.318874369515741 ], [ 80.5939801484745, 7.318713397925013 ], [ 80.594129053388087, 7.318585180464365 ], [ 80.594850232360145, 7.318195720847853 ], [ 80.59498220821844, 7.318208271432351 ], [ 80.595260955440082, 7.318292758417615 ], [ 80.595364909016212, 7.318355196019468 ], [ 80.595392203089844, 7.318363873799666 ], [ 80.59550989911061, 7.318325399672022 ], [ 80.595526171923623, 7.318321651548716 ], [ 80.595674604169062, 7.31821650569368 ], [ 80.595683097564674, 7.318208662484875 ], [ 80.595700100662725, 7.318192964317436 ], [ 80.595822833404242, 7.318206137629809 ], [ 80.595858057170815, 7.318370071576249 ], [ 80.595858028395554, 7.318374061338355 ], [ 80.5958655783014, 7.31848722942714 ], [ 80.596034950355914, 7.318439660514725 ], [ 80.596234783866009, 7.318371201716769 ], [ 80.596517886899321, 7.318263849557842 ], [ 80.596526391126076, 7.318260590236401 ], [ 80.596756753334418, 7.318070659656779 ], [ 80.596905018556342, 7.318029001546968 ], [ 80.596916764966039, 7.318028745787117 ], [ 80.59693145590397, 7.318028424281425 ], [ 80.597145403884682, 7.318046181279285 ], [ 80.59716039747174, 7.318045515348015 ], [ 80.59726116818166, 7.318002150801452 ], [ 80.597305839156164, 7.31795250798849 ], [ 80.597119053074721, 7.317807225656273 ], [ 80.597095517231423, 7.317634176574067 ], [ 80.597243708009259, 7.317499404298117 ], [ 80.597443157906383, 7.317348839728191 ], [ 80.597661100030109, 7.317229471727744 ], [ 80.597896974462017, 7.317064335928811 ], [ 80.598155845838306, 7.316979134803454 ], [ 80.59816721898909, 7.316979067861535 ], [ 80.598302039370608, 7.316745111664993 ], [ 80.598355112650239, 7.316551000987938 ], [ 80.598557034792393, 7.316385638900608 ], [ 80.598744258533671, 7.316236957985562 ], [ 80.598948846845857, 7.315968342806187 ], [ 80.59923108893085, 7.315778777658776 ], [ 80.599413554878851, 7.315654342500667 ], [ 80.599639819694062, 7.315777805033449 ], [ 80.599960756559128, 7.315901362397515 ], [ 80.599972663576082, 7.315904826912808 ], [ 80.600146279436203, 7.315903220068318 ], [ 80.600069765778215, 7.315703516013687 ], [ 80.600018886442001, 7.315432920274663 ], [ 80.599912319373516, 7.315090384592846 ], [ 80.600064678830577, 7.314779049140101 ], [ 80.600119583123501, 7.314518584050624 ], [ 80.600063985280613, 7.314210598142333 ], [ 80.600003347410038, 7.313862875274166 ], [ 80.599999194524784, 7.313837969204333 ], [ 80.599907191456595, 7.313530614698005 ], [ 80.599820874353568, 7.313389819241918 ], [ 80.599740306027982, 7.313250902446242 ], [ 80.599734826042891, 7.313238156891672 ], [ 80.599725513994244, 7.313225398079681 ], [ 80.599519217994228, 7.312974724586731 ], [ 80.599251553484876, 7.312844721218988 ], [ 80.598944324033866, 7.312682613916419 ], [ 80.598803846208014, 7.312646445360065 ], [ 80.598751050431375, 7.312632851009002 ], [ 80.598747572506241, 7.312632836978668 ], [ 80.598484978782537, 7.312600781791625 ], [ 80.598467868565507, 7.312597290769693 ], [ 80.598180526807965, 7.312566325270476 ], [ 80.598166405668351, 7.312566829715136 ], [ 80.597981916962624, 7.312612248515925 ], [ 80.597931051504816, 7.312652859526869 ], [ 80.597868724654788, 7.312687921726205 ], [ 80.597805405967847, 7.312711770194145 ], [ 80.597744896991443, 7.312730555681815 ], [ 80.597603688210654, 7.312751659448924 ], [ 80.597504055304185, 7.312763375843694 ], [ 80.597422899915372, 7.312774828260205 ], [ 80.597310495920894, 7.31278337539459 ], [ 80.597268528898951, 7.312787872090523 ], [ 80.597230609673446, 7.312791934517892 ], [ 80.597097915476709, 7.312810690326591 ], [ 80.597069964886515, 7.312813803571022 ], [ 80.596198718421405, 7.312626549048516 ], [ 80.595948415676858, 7.312043278089688 ], [ 80.595434443798155, 7.311988495784792 ], [ 80.594883854436944, 7.311733525779436 ], [ 80.593708418320801, 7.311362530255473 ], [ 80.592622537729923, 7.310850014415069 ], [ 80.59124363246967, 7.310103252407122 ], [ 80.591141389747506, 7.310251342999931 ], [ 80.591129933430238, 7.310271231098454 ], [ 80.590989095792466, 7.310577419132902 ], [ 80.590894636305492, 7.310844583016086 ], [ 80.590678772015337, 7.311140270986618 ], [ 80.590192355415454, 7.311756806063868 ], [ 80.58991551401617, 7.312428557956031 ], [ 80.589898984680104, 7.312470335225153 ], [ 80.589585724502683, 7.312754439833911 ], [ 80.589252497723848, 7.312868368300754 ], [ 80.589239774775479, 7.312873737277273 ], [ 80.588937684463531, 7.313195936084189 ], [ 80.588937510710707, 7.31320427818255 ], [ 80.588756426026876, 7.313487020977931 ], [ 80.588494330250057, 7.313529942053322 ], [ 80.588232068964501, 7.313570023403057 ], [ 80.58811687309624, 7.313382165709526 ], [ 80.587909799086574, 7.313103879350176 ], [ 80.587851357770333, 7.31297066776192 ], [ 80.587753386919104, 7.313104622384447 ], [ 80.58772661346886, 7.313190247514543 ], [ 80.587704363930342, 7.313371062086273 ], [ 80.587530651691907, 7.313895514246372 ], [ 80.587447568045846, 7.314080468515583 ], [ 80.587433131897285, 7.314117045026485 ], [ 80.587296924101437, 7.314192980785669 ], [ 80.587120104718707, 7.314138294088366 ], [ 80.587108489275309, 7.314141803322364 ], [ 80.586921926895698, 7.314328400548407 ], [ 80.586907725979302, 7.314354716949772 ], [ 80.586897938472816, 7.314374904954757 ], [ 80.586875693657277, 7.314399664386069 ], [ 80.58674272860253, 7.314545333730575 ], [ 80.586719135716365, 7.314570923638297 ], [ 80.586499994577295, 7.314838632639822 ], [ 80.58637500346461, 7.315022200827182 ], [ 80.586180638494227, 7.31516406232369 ], [ 80.586175077647624, 7.315176315956667 ], [ 80.586021894077135, 7.315406935534447 ], [ 80.585894076522237, 7.315554777102007 ], [ 80.58587594059793, 7.315586487762549 ], [ 80.585787118457006, 7.315790127526961 ], [ 80.585746344968243, 7.316020495194128 ], [ 80.585713992733275, 7.316146442368218 ], [ 80.585611400687341, 7.316151911567392 ], [ 80.585556280337812, 7.316224858916113 ], [ 80.585534718014927, 7.316282194164504 ], [ 80.585574887438099, 7.316367659388265 ], [ 80.585589804430512, 7.316395816563807 ], [ 80.585617364017992, 7.316471668257384 ], [ 80.585623898779374, 7.316580444753358 ], [ 80.585571353036755, 7.316681817149558 ], [ 80.585539597829651, 7.316796491553753 ], [ 80.585504062355724, 7.316861616851344 ], [ 80.585522135682737, 7.317075494172365 ], [ 80.58552414364047, 7.317267406474371 ], [ 80.585527153140291, 7.317404326907626 ], [ 80.585550692071138, 7.317548899178232 ], [ 80.585560866424046, 7.317556495989648 ], [ 80.585648381422473, 7.317685034975023 ], [ 80.585664182284987, 7.317687969786427 ], [ 80.585776344739898, 7.317743896655241 ], [ 80.585781727008623, 7.31774490993934 ], [ 80.585891118156511, 7.317794029846099 ], [ 80.585902579381425, 7.317810568008123 ], [ 80.586004040867465, 7.317866343801065 ], [ 80.586020881368597, 7.317869604587413 ], [ 80.586049033399149, 7.31787505313157 ], [ 80.5861648927077, 7.317923361835273 ], [ 80.586331944080854, 7.318055706097364 ], [ 80.586345455792411, 7.31807459719771 ], [ 80.586370489400053, 7.31808870669673 ], [ 80.586418856313742, 7.318156104676151 ], [ 80.586419660771043, 7.318164253662713 ], [ 80.58645373175051, 7.318330264952744 ], [ 80.586370734425046, 7.318526466675511 ], [ 80.586113359000677, 7.318620332008359 ], [ 80.585901294193945, 7.318675451723432 ], [ 80.585877500026172, 7.318696633028406 ], [ 80.585677883307582, 7.318798924376612 ], [ 80.585461432511366, 7.31889320725436 ], [ 80.585246568946459, 7.318988460108352 ], [ 80.584842939138355, 7.319244638716381 ], [ 80.584682574801363, 7.319549245412063 ], [ 80.584646162099205, 7.319572263337601 ], [ 80.584384327890902, 7.319945442274783 ], [ 80.584347351362041, 7.320011796695174 ], [ 80.584284391072373, 7.320167770613553 ], [ 80.584411170131119, 7.320279783309841 ], [ 80.584713281925261, 7.320734576735584 ], [ 80.584843881299022, 7.320745398884763 ], [ 80.584896209557783, 7.320892189900395 ], [ 80.5849779159972, 7.321128275821093 ], [ 80.585334605171553, 7.321183471992131 ], [ 80.585589214104814, 7.321243588353318 ], [ 80.585698814403784, 7.321335328060298 ], [ 80.585854152693614, 7.321385381687705 ], [ 80.585891263839017, 7.321385758201165 ], [ 80.586091067723444, 7.321430035798961 ], [ 80.586147141087906, 7.321434951749431 ], [ 80.58615647741675, 7.321434758555537 ], [ 80.586445842314149, 7.321440915073921 ], [ 80.586492371796894, 7.321439948102999 ], [ 80.586506323757646, 7.321439659183479 ], [ 80.586673009867553, 7.321425843901075 ], [ 80.586700881058263, 7.321425559029763 ], [ 80.586733385975037, 7.321425226371428 ], [ 80.586857195831669, 7.321467132201287 ], [ 80.586905283976691, 7.321487860902592 ], [ 80.586919619537213, 7.321492884893601 ], [ 80.587064862917927, 7.32174235550148 ], [ 80.587320315959005, 7.321586679066638 ], [ 80.587338899410014, 7.321572308498674 ], [ 80.587529125355374, 7.321470407689517 ], [ 80.587568084774034, 7.321432804242675 ] ] ] ] } },
{ "type": "Feature", "properties": { "GND_N": "Ruwanpuraya", "GND_NO": "460", "GND_C": "225", "PROVINCE_N": "CENTRAL", "PROVINCE_C": "2", "DISTRICT_N": "KANDY", "DISTRICT_C": "1", "DSD_N": "HARISPATTUWA", "DSD_C": "33", "Admin_Code": "2133225", "GND_NO_Cen": "460", "GND_NAME_C": "Ruwanpuraya", "GND_NO_Gaz": "460", "GND_NAME_G": "රුවන්පුra", "shape_1": "Polygon", "Area__Ha_": 73.077869687900005, "MWS_ID": "112-2", "Alt_MWS": null, "Area": 0.73077869687999997, "Tot_Pop": 1080.0, "Density": 1477.875593 }, "geometry": { "type": "MultiPolygon", "coordinates": [ [ [ [ 80.583259614687705, 7.321463776332428 ], [ 80.583297489471491, 7.32143441187363 ], [ 80.58344618370063, 7.321438771924699 ], [ 80.583511302956097, 7.321442710008208 ], [ 80.583538197614729, 7.321442786634384 ], [ 80.583660097661095, 7.321417685715985 ], [ 80.583803790012013, 7.321378749253722 ], [ 80.583992675049529, 7.32123928567415 ], [ 80.584084149817727, 7.321106323945945 ], [ 80.584149643768654, 7.320943691884864 ], [ 80.584182188535976, 7.320850177663684 ], [ 80.584211330017254, 7.320645570565825 ], [ 80.584191169008889, 7.320525986401034 ], [ 80.584187157961836, 7.320408636416593 ], [ 80.584284391072373, 7.320167770613553 ], [ 80.584347351362041, 7.320011796695174 ], [ 80.584384327890902, 7.319945442274783 ], [ 80.584646162099205, 7.319572263337601 ], [ 80.584682574801363, 7.319549245412063 ], [ 80.584842939138355, 7.319244638716381 ], [ 80.585246568946459, 7.318988460108352 ], [ 80.585461432511366, 7.31889320725436 ], [ 80.585677883307582, 7.318798924376612 ], [ 80.585877500026172, 7.318696633028406 ], [ 80.585901294193945, 7.318675451723432 ], [ 80.586113359000677, 7.318620332008359 ], [ 80.586370734425046, 7.318526466675511 ], [ 80.58645373175051, 7.318330264952744 ], [ 80.586419660771043, 7.318164253662713 ], [ 80.586418856313742, 7.318156104676151 ], [ 80.586370489400053, 7.31808870669673 ], [ 80.586345455792411, 7.31807459719771 ], [ 80.586331944080854, 7.318055706097364 ], [ 80.5861648927077, 7.317923361835273 ], [ 80.586049033399149, 7.31787505313157 ], [ 80.586020881368597, 7.317869604587413 ], [ 80.586004040867465, 7.317866343801065 ], [ 80.585902579381425, 7.317810568008123 ], [ 80.585891118156511, 7.317794029846099 ], [ 80.585781727008623, 7.31774490993934 ], [ 80.585776344739898, 7.317743896655241 ], [ 80.585664182284987, 7.317687969786427 ], [ 80.585648381422473, 7.317685034975023 ], [ 80.585560866424046, 7.317556495989648 ], [ 80.585550692071138, 7.317548899178232 ], [ 80.585527153140291, 7.317404326907626 ], [ 80.58552414364047, 7.317267406474371 ], [ 80.585522135682737, 7.317075494172365 ], [ 80.585504062355724, 7.316861616851344 ], [ 80.585539597829651, 7.316796491553753 ], [ 80.585571353036755, 7.316681817149558 ], [ 80.585623898779374, 7.316580444753358 ], [ 80.585617364017992, 7.316471668257384 ], [ 80.585589804430512, 7.316395816563807 ], [ 80.585574887438099, 7.316367659388265 ], [ 80.585534718014927, 7.316282194164504 ], [ 80.585556280337812, 7.316224858916113 ], [ 80.585611400687341, 7.316151911567392 ], [ 80.585713992733275, 7.316146442368218 ], [ 80.585746344968243, 7.316020495194128 ], [ 80.585787118457006, 7.315790127526961 ], [ 80.58587594059793, 7.315586487762549 ], [ 80.585894076522237, 7.315554777102007 ], [ 80.586021894077135, 7.315406935534447 ], [ 80.586175077647624, 7.315176315956667 ], [ 80.586180638494227, 7.31516406232369 ], [ 80.58637500346461, 7.315022200827182 ], [ 80.586499994577295, 7.314838632639822 ], [ 80.586719135716365, 7.314570923638297 ], [ 80.58674272860253, 7.314545333730575 ], [ 80.586875693657277, 7.314399664386069 ], [ 80.586897938472816, 7.314374904954757 ], [ 80.586907725979302, 7.314354716949772 ], [ 80.586921926895698, 7.314328400548407 ], [ 80.587108489275309, 7.314141803322364 ], [ 80.587120104718707, 7.314138294088366 ], [ 80.587296924101437, 7.314192980785669 ], [ 80.587433131897285, 7.314117045026485 ], [ 80.587447568045846, 7.314080468515583 ], [ 80.587530651691907, 7.313895514246372 ], [ 80.587704363930342, 7.313371062086273 ], [ 80.58772661346886, 7.313190247514543 ], [ 80.587753386919104, 7.313104622384447 ], [ 80.587851357770333, 7.31297066776192 ], [ 80.587776081836424, 7.312799082376001 ], [ 80.587717537927418, 7.31243143449189 ], [ 80.587753928911056, 7.311877796368292 ], [ 80.587898046474038, 7.311356635090791 ], [ 80.588037472748965, 7.310855608748831 ], [ 80.58805834475902, 7.310609124168632 ], [ 80.588186322728916, 7.310228698616488 ], [ 80.588322261990029, 7.309765099685393 ], [ 80.588341362670604, 7.309630167031619 ], [ 80.588394015418217, 7.309598597241646 ], [ 80.588484442005978, 7.309511551688177 ], [ 80.588538339716678, 7.309489508300268 ], [ 80.588589903738338, 7.309418994333432 ], [ 80.588670184217889, 7.309334928707825 ], [ 80.588723969882665, 7.309286142372067 ], [ 80.588736053829066, 7.309275181851227 ], [ 80.5887503354909, 7.309258733140245 ], [ 80.588741559277253, 7.309245573726311 ], [ 80.588625042768641, 7.309070889448724 ], [ 80.588591657343258, 7.309028205229454 ], [ 80.588554350813553, 7.308984121326668 ], [ 80.588541910166114, 7.308964383405793 ], [ 80.588522279035814, 7.30891237704898 ], [ 80.588506270798106, 7.308879700718713 ], [ 80.588477484031444, 7.308820934517951 ], [ 80.588453595734819, 7.308767661268533 ], [ 80.588454886314253, 7.308715754958041 ], [ 80.588457248737683, 7.308695408276788 ], [ 80.588457179947554, 7.308645451976023 ], [ 80.588256480713042, 7.308563338326797 ], [ 80.588249815303769, 7.308559833191481 ], [ 80.588086112933311, 7.308484793864136 ], [ 80.587875894471168, 7.308442629878816 ], [ 80.587872498081083, 7.308442646545673 ], [ 80.587851646996853, 7.308436186553116 ], [ 80.58766139296381, 7.308443686854043 ], [ 80.587355134063614, 7.308539096171476 ], [ 80.587219747975823, 7.308635742600376 ], [ 80.587213884508714, 7.308639927957055 ], [ 80.587209216662799, 7.308633123851883 ], [ 80.587094931413802, 7.308598892454223 ], [ 80.58698553404993, 7.308569457680868 ], [ 80.586950231012977, 7.308523504397147 ], [ 80.586886193787933, 7.308535323839279 ], [ 80.586798770622195, 7.308589635564809 ], [ 80.586714431400026, 7.308633096964431 ], [ 80.586625737607108, 7.308695727684714 ], [ 80.586537780043159, 7.308728516783548 ], [ 80.586413879340526, 7.308727741186401 ], [ 80.586300855898358, 7.308706079895267 ], [ 80.58618900408122, 7.308702416456162 ], [ 80.586091987203787, 7.308740537020024 ], [ 80.58605597899691, 7.308862963195558 ], [ 80.586021154231076, 7.30897110282506 ], [ 80.585936719737134, 7.309025326113206 ], [ 80.585843973621536, 7.309032430921963 ], [ 80.585745779590027, 7.309067566719954 ], [ 80.58570926330512, 7.309106344867179 ], [ 80.585626540724789, 7.309181458156615 ], [ 80.585543378934958, 7.309228627459792 ], [ 80.585465050688967, 7.309190884992678 ], [ 80.585365696197044, 7.309185958806608 ], [ 80.585253846674107, 7.309174517246888 ], [ 80.585173003037468, 7.309137450080691 ], [ 80.585158832071158, 7.309163787246161 ], [ 80.585105627030856, 7.309262668013599 ], [ 80.585088097499039, 7.309283106810128 ], [ 80.585085455411502, 7.309289846344133 ], [ 80.584980413555044, 7.309456177667247 ], [ 80.584961220597336, 7.309467246297232 ], [ 80.5849519370759, 7.309478012574023 ], [ 80.584899419810256, 7.309667345336506 ], [ 80.584900273010803, 7.309682170797406 ], [ 80.584829713004851, 7.30986121489947 ], [ 80.584672260007181, 7.310083873541346 ], [ 80.584665597269307, 7.310214317828257 ], [ 80.584812742760803, 7.31020785582252 ], [ 80.584829156822749, 7.310224957685623 ], [ 80.585059112759353, 7.310390980819864 ], [ 80.585075983429405, 7.310395037432459 ], [ 80.58525565616074, 7.310510825153929 ], [ 80.585262211513552, 7.310515436245905 ], [ 80.585357542931561, 7.310563513062163 ], [ 80.58537088600994, 7.310563011400827 ], [ 80.58538437083098, 7.31056997298917 ], [ 80.585498380054631, 7.310621603446832 ], [ 80.585525610026949, 7.31062395258671 ], [ 80.585615144934792, 7.310669990412399 ], [ 80.585629514288584, 7.31067777618523 ], [ 80.585703693770199, 7.310709094533586 ], [ 80.585712912990701, 7.310709017044152 ], [ 80.585720402744272, 7.310714326644461 ], [ 80.585810611459763, 7.310764819300103 ], [ 80.585819278715277, 7.310776348269356 ], [ 80.585856852151338, 7.3108870369329 ], [ 80.585859618436572, 7.310905668495758 ], [ 80.585863441916658, 7.310998553504808 ], [ 80.585860025854515, 7.311062045696496 ], [ 80.585856886315355, 7.311075712868719 ], [ 80.585816925059319, 7.311177418912941 ], [ 80.58575598305994, 7.311276999117877 ], [ 80.585687501997995, 7.311369990106925 ], [ 80.585679014264485, 7.311396423735473 ], [ 80.585674749001015, 7.311409905048461 ], [ 80.585584955674179, 7.311517852271877 ], [ 80.585558217910631, 7.311548550994647 ], [ 80.585498569064256, 7.311633411508584 ], [ 80.585539127041073, 7.31169658861939 ], [ 80.58555870016383, 7.31176947807467 ], [ 80.585502928956814, 7.311825832164084 ], [ 80.585392555073483, 7.311844251241284 ], [ 80.585374562111426, 7.311844602627527 ], [ 80.585253558477234, 7.311865956143516 ], [ 80.585137022874321, 7.311937982174586 ], [ 80.585136485158742, 7.311947978985205 ], [ 80.585059916267824, 7.312063470854707 ], [ 80.584914205552039, 7.312214920886312 ], [ 80.584715742753019, 7.312465776249728 ], [ 80.584682008185325, 7.312505150510712 ], [ 80.584547492836606, 7.312660490951367 ], [ 80.584543759361623, 7.312677787720264 ], [ 80.584461947634139, 7.312844900123913 ], [ 80.584452282360729, 7.31286288253927 ], [ 80.584271765569014, 7.313073747227433 ], [ 80.584197630919988, 7.313322433428402 ], [ 80.584126006041103, 7.313515773900495 ], [ 80.584067177145656, 7.313588140744165 ], [ 80.584056416859241, 7.313603946936553 ], [ 80.584012862953259, 7.31372669884512 ], [ 80.584004440613242, 7.313726975584289 ], [ 80.583934742074689, 7.313742553152268 ], [ 80.583773521985847, 7.313775473169351 ], [ 80.583753591584824, 7.313782263181844 ], [ 80.583559203672081, 7.313865126099898 ], [ 80.583473883616065, 7.313998274004008 ], [ 80.583327089444495, 7.314280354579622 ], [ 80.583318306626992, 7.314299588896716 ], [ 80.583097897973857, 7.314483958083055 ], [ 80.582664438696, 7.314960688968013 ], [ 80.582572786686114, 7.315101357737347 ], [ 80.582333499610939, 7.315279184840998 ], [ 80.582271405298428, 7.315564913259357 ], [ 80.582130481968207, 7.315955091408775 ], [ 80.581974190577995, 7.31616640411518 ], [ 80.581345726988957, 7.316600047291833 ], [ 80.581085478883466, 7.316783221688237 ], [ 80.580833523293279, 7.317035144394749 ], [ 80.580363175985084, 7.31729697536758 ], [ 80.580176226786776, 7.317520036293725 ], [ 80.580103083434835, 7.317706853558887 ], [ 80.580101692517488, 7.317724891923571 ], [ 80.58010029431712, 7.317743015289257 ], [ 80.580094894719181, 7.317918484155807 ], [ 80.580099164808061, 7.317942164199279 ], [ 80.580105611506525, 7.31797791035742 ], [ 80.580169314064435, 7.318235969168776 ], [ 80.580335471903922, 7.318529449670719 ], [ 80.580373336508785, 7.318593817015168 ], [ 80.580599444387872, 7.319190669923605 ], [ 80.580922697484723, 7.320111603481233 ], [ 80.581018616960336, 7.32081419096464 ], [ 80.580984510617029, 7.320998019379599 ], [ 80.581248005073078, 7.321191090356085 ], [ 80.581272224680532, 7.321210888733137 ], [ 80.581388936476387, 7.321299071415492 ], [ 80.581478451127253, 7.321259969360482 ], [ 80.58149943591043, 7.321249585325317 ], [ 80.58151485229476, 7.321249599230102 ], [ 80.582543409174619, 7.321012894096812 ], [ 80.582640324952209, 7.321209622789516 ], [ 80.582731130597651, 7.321297562485385 ], [ 80.582853321113234, 7.321489507403257 ], [ 80.582991362075632, 7.321668620752777 ], [ 80.583048360701369, 7.321781680878565 ], [ 80.583079415167475, 7.321843280635334 ], [ 80.583119943124302, 7.321950093110126 ], [ 80.583147196763818, 7.321766445153464 ], [ 80.583174416345841, 7.321657669577162 ], [ 80.583188276297022, 7.32161653440763 ], [ 80.583233314161774, 7.321522703692295 ], [ 80.583244588624851, 7.321508065202067 ], [ 80.583259614687705, 7.321463776332428 ] ] ], [ [ [ 80.575700861347784, 7.325518298432149 ], [ 80.575722628936873, 7.325516191171776 ], [ 80.57575302903571, 7.325516242702917 ], [ 80.575798511502043, 7.325514151433915 ], [ 80.576009357913776, 7.325479366519525 ], [ 80.576061813941962, 7.325468475879654 ], [ 80.576074958959452, 7.32546628428221 ], [ 80.576103472581281, 7.325461888511017 ], [ 80.57634783362991, 7.325401276188587 ], [ 80.576360983169309, 7.325399092723401 ], [ 80.576374021346211, 7.325394780488005 ], [ 80.576589656811223, 7.325379164048725 ], [ 80.576753322638581, 7.325398880752584 ], [ 80.576820248199354, 7.325382952259123 ], [ 80.577002421579252, 7.325356385094906 ], [ 80.577168985439414, 7.32536461652244 ], [ 80.577249260512161, 7.325363218726909 ], [ 80.577286507429918, 7.325364477709602 ], [ 80.577295110884421, 7.325364769081923 ], [ 80.577410134930588, 7.325344037333569 ], [ 80.577438771149716, 7.325340913880446 ], [ 80.577521888379849, 7.325339600487786 ], [ 80.577567882774929, 7.325341124653934 ], [ 80.577741708021705, 7.325318455553092 ], [ 80.577810070097939, 7.325312620429388 ], [ 80.577870814813778, 7.325315250698971 ], [ 80.577905854005266, 7.325317521471974 ], [ 80.578138122606163, 7.325309476989821 ], [ 80.578172398048437, 7.325304033732689 ], [ 80.5784984014999, 7.325225533865558 ], [ 80.578757859548475, 7.325011321667858 ], [ 80.578799016882954, 7.324968519351369 ], [ 80.578917395359809, 7.3248372064382 ], [ 80.579017106989326, 7.324764683757369 ], [ 80.579105729213239, 7.32469528235699 ], [ 80.57944239328215, 7.324404633298764 ], [ 80.57939746219165, 7.324302252374689 ], [ 80.579348767034247, 7.324191297040471 ], [ 80.5793462136089, 7.324185478564883 ], [ 80.57930942766599, 7.324108200931176 ], [ 80.579289206803836, 7.324065723466325 ], [ 80.579248389106255, 7.32399544243592 ], [ 80.579185663987218, 7.323901498047498 ], [ 80.57918521141805, 7.323900821433327 ], [ 80.579166107808845, 7.323884084430923 ], [ 80.579147545884112, 7.323873405566794 ], [ 80.579137132868979, 7.323864717922073 ], [ 80.579125723132549, 7.323861097534381 ], [ 80.57910334955811, 7.32386352843564 ], [ 80.579079835980309, 7.323867304433725 ], [ 80.579070401396308, 7.323864255523099 ], [ 80.579068447635549, 7.323862411704671 ], [ 80.579060722469336, 7.323858680796923 ], [ 80.579029626297, 7.323831104121622 ], [ 80.579016137637737, 7.323821914144156 ], [ 80.579002677048024, 7.32381274407319 ], [ 80.578995031565825, 7.323809062935736 ], [ 80.57893386751536, 7.323763592358931 ], [ 80.57892439775722, 7.32375815246223 ], [ 80.578916811914297, 7.323752732381892 ], [ 80.578914907951201, 7.323750931086734 ], [ 80.578896104513461, 7.323743673975495 ], [ 80.578848989474182, 7.323706035356504 ], [ 80.578819216307281, 7.323693528492768 ], [ 80.578809970473117, 7.323691737540068 ], [ 80.578732472444599, 7.323654575706048 ], [ 80.578712314578652, 7.323644035385904 ], [ 80.578705005956479, 7.323640530729914 ], [ 80.57859113655023, 7.323609320373715 ], [ 80.578583984877696, 7.323609344360977 ], [ 80.578566133774885, 7.323609402532355 ], [ 80.578559004745685, 7.323609426529152 ], [ 80.578440158380502, 7.323615136492413 ], [ 80.578427885979806, 7.323618628022692 ], [ 80.578424378977928, 7.323618642758198 ], [ 80.578328852571573, 7.323564662907795 ], [ 80.578327134075366, 7.323561288210898 ], [ 80.57835288242984, 7.323503353840298 ], [ 80.578365779389557, 7.323410422855704 ], [ 80.578368463287433, 7.323407883859049 ], [ 80.578391780191211, 7.323320175262922 ], [ 80.578369267867515, 7.323290202307163 ], [ 80.578358829102285, 7.323276304060535 ], [ 80.578218837470658, 7.323200279514766 ], [ 80.578156078922305, 7.323180718119588 ], [ 80.578114444101658, 7.32311956824576 ], [ 80.578096549442705, 7.323033742353966 ], [ 80.57810979146079, 7.322990162762879 ], [ 80.578126301431737, 7.32293410166125 ], [ 80.578159744313851, 7.322889715283945 ], [ 80.57824879108432, 7.322859281392949 ], [ 80.578418903184541, 7.32282535545797 ], [ 80.5786842167998, 7.322764254565176 ], [ 80.578796912837475, 7.32271782303759 ], [ 80.578941455474933, 7.32266261746364 ], [ 80.578962691173246, 7.322654507069366 ], [ 80.579077211877248, 7.322571724335921 ], [ 80.579115843865537, 7.322510170223412 ], [ 80.579119085025525, 7.322505006284687 ], [ 80.57914293487039, 7.322442800023939 ], [ 80.57912783735614, 7.322378679482918 ], [ 80.579058679925311, 7.322295180535065 ], [ 80.579011071476742, 7.322220282771226 ], [ 80.578967024472647, 7.322122499648406 ], [ 80.578931174482904, 7.322042914620805 ], [ 80.578836906093002, 7.32192376890019 ], [ 80.578814581425689, 7.321895551293482 ], [ 80.578690740227302, 7.321761840581726 ], [ 80.57856609569798, 7.321679572368128 ], [ 80.578545683800201, 7.321666100191536 ], [ 80.57841921573096, 7.321551789998603 ], [ 80.578472457874781, 7.321502880849648 ], [ 80.578848463039463, 7.32116864048938 ], [ 80.578863240325276, 7.321155505689744 ], [ 80.578733072974401, 7.321079023522792 ], [ 80.578606180983229, 7.321078151238317 ], [ 80.578386609077043, 7.32113176834863 ], [ 80.5781825961447, 7.321223372775249 ], [ 80.57809535505406, 7.32126556425593 ], [ 80.578048165461681, 7.321268256376221 ], [ 80.577991654430761, 7.321253850413064 ], [ 80.577975913543739, 7.321213423102011 ], [ 80.577846642757507, 7.321266537136113 ], [ 80.577657588158075, 7.321328576417667 ], [ 80.577518890605702, 7.321397785438721 ], [ 80.577434694177725, 7.32152036854262 ], [ 80.577400303724161, 7.321646981492114 ], [ 80.57739522607892, 7.321665672021735 ], [ 80.577394481888462, 7.321716040265659 ], [ 80.577371114747663, 7.321761564128426 ], [ 80.577335497911818, 7.32183095065422 ], [ 80.577332110277325, 7.321837551446841 ], [ 80.577317640073602, 7.321842275441139 ], [ 80.577187445366675, 7.321884780533273 ], [ 80.577126300457863, 7.321899221369981 ], [ 80.577065702823859, 7.321911130402245 ], [ 80.576981098880708, 7.321933156046321 ], [ 80.576938976048908, 7.321945619437852 ], [ 80.576846664273106, 7.321984099891198 ], [ 80.576673602545384, 7.322131782076508 ], [ 80.576658366037506, 7.322152885283431 ], [ 80.576560949142447, 7.322287815979791 ], [ 80.576527943457094, 7.322369185560552 ], [ 80.576502171777179, 7.322475068478318 ], [ 80.576477074427572, 7.322496486518919 ], [ 80.576396794423715, 7.322564998570815 ], [ 80.576266708616387, 7.32261856392085 ], [ 80.576147390544349, 7.322689407041519 ], [ 80.576029969920612, 7.322776528360871 ], [ 80.575955790101446, 7.322838492300305 ], [ 80.57589450996096, 7.322889684531642 ], [ 80.575829663313726, 7.322928098321224 ], [ 80.575738772714857, 7.322981941406939 ], [ 80.575727079027004, 7.322991617624162 ], [ 80.575656271159289, 7.322982711272381 ], [ 80.575354504982172, 7.322944757952722 ], [ 80.575353399630984, 7.322947583394403 ], [ 80.57534140430603, 7.323032130018643 ], [ 80.575340477594651, 7.323078972305771 ], [ 80.575417049504765, 7.323104146006267 ], [ 80.575294302700627, 7.323183701189584 ], [ 80.575197283057321, 7.323279636554234 ], [ 80.575059734028713, 7.32350607942104 ], [ 80.575045357091099, 7.32363990927533 ], [ 80.574944108089127, 7.323752749465955 ], [ 80.574829720302318, 7.323886152035343 ], [ 80.574692755092556, 7.324156939153809 ], [ 80.574614442408617, 7.324268359839993 ], [ 80.574665956858482, 7.324427645378653 ], [ 80.574772993405844, 7.324634057104806 ], [ 80.574843717073009, 7.324784594896756 ], [ 80.574962639514055, 7.324967301176408 ], [ 80.575072711847511, 7.325039555082889 ], [ 80.575232655708845, 7.325128185500747 ], [ 80.575193041090643, 7.325262584632016 ], [ 80.575193425948484, 7.325270842863855 ], [ 80.575180989054488, 7.325303699536174 ], [ 80.57510877670596, 7.325537636569856 ], [ 80.575402983298318, 7.32567110512572 ], [ 80.575573399820726, 7.325554777987634 ], [ 80.575577882432427, 7.32555045291588 ], [ 80.575687773419318, 7.325520421317282 ], [ 80.575700861347784, 7.325518298432149 ] ] ] ] } },
{ "type": "Feature", "properties": { "GND_N": "Etamurungagoda", "GND_NO": "414", "GND_C": "280", "PROVINCE_N": "CENTRAL", "PROVINCE_C": "2", "DISTRICT_N": "KANDY", "DISTRICT_C": "1", "DSD_N": "HARISPATTUWA", "DSD_C": "33", "Admin_Code": "2133280", "GND_NO_Cen": "414", "GND_NAME_C": "Etamurungagoda", "GND_NO_Gaz": "414", "GND_NAME_G": "ඇටමුරුංng", "shape_1": "Polygon", "Area__Ha_": 56.300541965400001, "MWS_ID": "112-2", "Alt_MWS": null, "Area": 0.56300541964999995, "Tot_Pop": 1219.0, "Density": 2165.1656581699999 }, "geometry": { "type": "MultiPolygon", "coordinates": [ [ [ [ 80.612711621370266, 7.333691836063974 ], [ 80.613229628266595, 7.332682332844483 ], [ 80.61356990837173, 7.332735095505568 ], [ 80.613685063116904, 7.332395382365794 ], [ 80.61426196123503, 7.332516959604118 ], [ 80.614362634888266, 7.332416075017862 ], [ 80.614686646663287, 7.332263113404093 ], [ 80.614985148219503, 7.332131463096744 ], [ 80.615162163249806, 7.331898483751446 ], [ 80.615379138594363, 7.331724342498736 ], [ 80.615667700295333, 7.331566300667469 ], [ 80.616319412922039, 7.330642527475676 ], [ 80.616665621969872, 7.330806788375466 ], [ 80.617203753381418, 7.330513638368893 ], [ 80.61765011794472, 7.330469685194387 ], [ 80.618009101986416, 7.330126316612557 ], [ 80.618188937922824, 7.329839263417051 ], [ 80.618951003815283, 7.329861064850452 ], [ 80.619128291498669, 7.329381955817739 ], [ 80.619688160975144, 7.328575940504097 ], [ 80.619664118373933, 7.328362284663831 ], [ 80.619607705378087, 7.328021798354911 ], [ 80.619791001853741, 7.327893684723772 ], [ 80.620052261702853, 7.327646379562273 ], [ 80.620315425319262, 7.327401143941789 ], [ 80.620526234095877, 7.327205396904561 ], [ 80.620811397296492, 7.327162282630571 ], [ 80.620956888335868, 7.327162321143161 ], [ 80.620969560637818, 7.32716210758274 ], [ 80.621128349914684, 7.327161738270457 ], [ 80.62127672094951, 7.327131103775464 ], [ 80.621419172873843, 7.327016766879113 ], [ 80.621619645052689, 7.327037872619687 ], [ 80.621613426983501, 7.327027822790297 ], [ 80.621688976412045, 7.327007542679502 ], [ 80.621747778523272, 7.326979837914623 ], [ 80.621806920828803, 7.326926881550375 ], [ 80.621847780807286, 7.326842178830955 ], [ 80.621861647147, 7.326770146952951 ], [ 80.621818011462395, 7.326696002777803 ], [ 80.621758247890156, 7.326641094780543 ], [ 80.621693028841619, 7.326584190011943 ], [ 80.621625970367546, 7.326532200383338 ], [ 80.621628213922463, 7.326532094447199 ], [ 80.621579348368442, 7.326508372289845 ], [ 80.621552355833728, 7.326460166460756 ], [ 80.621543729604994, 7.326460053168562 ], [ 80.621463806566709, 7.32642489265857 ], [ 80.621448841309657, 7.326426693397069 ], [ 80.621403483080513, 7.326454607125994 ], [ 80.621345331236739, 7.326464262218357 ], [ 80.621292256190614, 7.326463068341734 ], [ 80.621259916619337, 7.326471287243024 ], [ 80.621224398387952, 7.326506903565558 ], [ 80.621220224005938, 7.326537828325025 ], [ 80.621221431382466, 7.326550851583552 ], [ 80.621227710130157, 7.32661849548142 ], [ 80.621229404517607, 7.326695180811201 ], [ 80.62122751408279, 7.326721818161258 ], [ 80.62122603595374, 7.326742656369557 ], [ 80.621212442122896, 7.326762365450204 ], [ 80.621173088091695, 7.326782159695068 ], [ 80.621170045179269, 7.326783690532003 ], [ 80.621118774658981, 7.326805105691701 ], [ 80.621070305863853, 7.326836195122536 ], [ 80.621040503773699, 7.326842877570826 ], [ 80.62100853075593, 7.326841327413599 ], [ 80.620949216739859, 7.326809294669927 ], [ 80.620918695786742, 7.32680467038366 ], [ 80.620889438954976, 7.32680873234534 ], [ 80.620851346077899, 7.326830040797605 ], [ 80.620837257265876, 7.326837921435412 ], [ 80.620806460324872, 7.326845596447051 ], [ 80.620762099177568, 7.326847563338927 ], [ 80.620697225402537, 7.326850441901403 ], [ 80.62062603687329, 7.326850506796722 ], [ 80.62052994116253, 7.326835551656464 ], [ 80.620459291898527, 7.32683461926796 ], [ 80.620385930959046, 7.326825550834866 ], [ 80.620340918698687, 7.326829795394278 ], [ 80.620326693573958, 7.326831137870972 ], [ 80.620213548733332, 7.326879747317175 ], [ 80.620105024980973, 7.326930893095172 ], [ 80.620045231900761, 7.326963789796713 ], [ 80.619981731230595, 7.326989991564349 ], [ 80.619924123271332, 7.326998108443495 ], [ 80.619898574203432, 7.327013473585351 ], [ 80.619876828051687, 7.327040052478428 ], [ 80.619867943461713, 7.327063921131194 ], [ 80.619855988011594, 7.327104502010009 ], [ 80.619851801245147, 7.327118715264002 ], [ 80.61983666754179, 7.327141137573552 ], [ 80.619796529854838, 7.327179376454118 ], [ 80.619751472573427, 7.327294295644383 ], [ 80.619735241717436, 7.327343483073953 ], [ 80.619734555808549, 7.327349422285209 ], [ 80.619729335649467, 7.327394574937819 ], [ 80.619718278336819, 7.327415370919659 ], [ 80.61967243549519, 7.32744799842185 ], [ 80.619593882016559, 7.327492892220963 ], [ 80.619583564459575, 7.327498789191271 ], [ 80.619471415329144, 7.327551015995852 ], [ 80.61941977963717, 7.327577585346952 ], [ 80.619407270199588, 7.327601544963767 ], [ 80.619407348371581, 7.327626633921674 ], [ 80.619331953879254, 7.327661709873767 ], [ 80.61932643790874, 7.32766170885306 ], [ 80.619157015953022, 7.327675010743057 ], [ 80.618914222313649, 7.327675985693458 ], [ 80.618892163808283, 7.327676145270111 ], [ 80.61864317655629, 7.327680117473433 ], [ 80.618443252212089, 7.327664213945135 ], [ 80.618388622443106, 7.327522546854683 ], [ 80.618382534385958, 7.327503577906127 ], [ 80.618370870150983, 7.327318685834004 ], [ 80.618272650208141, 7.327214501171757 ], [ 80.617739885015112, 7.327414159704314 ], [ 80.617623079971906, 7.327464436538651 ], [ 80.617510337912492, 7.327489558929507 ], [ 80.617325538960799, 7.327513756955009 ], [ 80.617301772859648, 7.327522371969456 ], [ 80.617163361751068, 7.327578932266947 ], [ 80.616919313472224, 7.32764432900771 ], [ 80.616767989590514, 7.327643541069365 ], [ 80.616755386211253, 7.32764347510655 ], [ 80.616640323368443, 7.327666566298297 ], [ 80.616610944712889, 7.327666566720592 ], [ 80.616448082678076, 7.327736625657598 ], [ 80.616318389994433, 7.327836571725471 ], [ 80.616168784640479, 7.327844825396832 ], [ 80.61595365392499, 7.327780514447275 ], [ 80.615884833828517, 7.327681712207414 ], [ 80.615779990292353, 7.327662168127026 ], [ 80.61564004822803, 7.327776936353539 ], [ 80.615484232086288, 7.327772909884803 ], [ 80.615265822849494, 7.327703203281532 ], [ 80.615144658865404, 7.327708591117605 ], [ 80.615048289338617, 7.327757445801184 ], [ 80.614890063919589, 7.327745924321309 ], [ 80.614770970457229, 7.327738717695997 ], [ 80.614603062257217, 7.327740895510044 ], [ 80.614476702310156, 7.327773070308402 ], [ 80.614354419119863, 7.327825229780328 ], [ 80.614216308419358, 7.327891401083296 ], [ 80.61407041562542, 7.32786721450312 ], [ 80.613994750661689, 7.327815052450225 ], [ 80.613906845756986, 7.327799729897302 ], [ 80.61378986902109, 7.327845001261552 ], [ 80.613721202244705, 7.327906678704492 ], [ 80.613615291977879, 7.327949038556134 ], [ 80.613468368256619, 7.327975308683915 ], [ 80.613333971744154, 7.327954518059661 ], [ 80.61320918752206, 7.327919803743499 ], [ 80.613091417183142, 7.32786077619243 ], [ 80.613018026368692, 7.327481104158934 ], [ 80.613033708260119, 7.327444123945596 ], [ 80.613052034464189, 7.327366088527238 ], [ 80.613054229396781, 7.327310475724135 ], [ 80.613078436817631, 7.327244198349843 ], [ 80.613101117357559, 7.327145003867651 ], [ 80.613105682973227, 7.327046075911018 ], [ 80.613116955098349, 7.326938559528216 ], [ 80.613146436298265, 7.326818388632178 ], [ 80.613179970596505, 7.326758174353131 ], [ 80.613259349862702, 7.326658008397474 ], [ 80.613327042458849, 7.326569954016724 ], [ 80.613353976516805, 7.32648251696986 ], [ 80.613355275589072, 7.326399593949707 ], [ 80.613354125025054, 7.326328062425119 ], [ 80.613342459915373, 7.326275972274742 ], [ 80.613394362862479, 7.326267219353337 ], [ 80.61342710362149, 7.326259475018812 ], [ 80.613627612551028, 7.326212053680335 ], [ 80.613744912958722, 7.326194734405765 ], [ 80.613874805162041, 7.3261643072828 ], [ 80.613991108843123, 7.326148073649176 ], [ 80.61411819107154, 7.326131119525962 ], [ 80.614223081848252, 7.326113975607957 ], [ 80.614356428120757, 7.326092087094645 ], [ 80.614275992524071, 7.325582151742634 ], [ 80.614768807847568, 7.325542792000605 ], [ 80.614761341645618, 7.325384934532918 ], [ 80.615382478870373, 7.325269903943076 ], [ 80.61561389748519, 7.325156130623355 ], [ 80.615755728105, 7.32506662831654 ], [ 80.615966218971025, 7.324913727277401 ], [ 80.616069790976681, 7.324910875833972 ], [ 80.616113931265048, 7.324996772121802 ], [ 80.616243349485714, 7.324950520673498 ], [ 80.616496496763531, 7.324886414315236 ], [ 80.616737030950816, 7.324813923181691 ], [ 80.616970870514848, 7.324775284773622 ], [ 80.617180389216855, 7.324708538293434 ], [ 80.617357693569716, 7.324631483963216 ], [ 80.617569954696847, 7.324526407653238 ], [ 80.617559990543768, 7.324611294507135 ], [ 80.617552342319414, 7.324691161497375 ], [ 80.617584608833127, 7.324771474824075 ], [ 80.617634819785579, 7.324828817992231 ], [ 80.617717429354116, 7.324864529030439 ], [ 80.617778056569051, 7.324885251656394 ], [ 80.617914358421189, 7.32490247956973 ], [ 80.618019696907538, 7.324862845848386 ], [ 80.618134416903814, 7.324797785545912 ], [ 80.618176571509778, 7.324744350735232 ], [ 80.618223904263843, 7.324675314926488 ], [ 80.618147457662474, 7.324587247107408 ], [ 80.618107082197085, 7.324508960219803 ], [ 80.618104859913615, 7.324428234278479 ], [ 80.618109911710221, 7.324362586499596 ], [ 80.61810767983809, 7.324280798000483 ], [ 80.618064475610893, 7.324167085922721 ], [ 80.618138432137357, 7.324124490397474 ], [ 80.618177773279371, 7.32405873439504 ], [ 80.618182530425315, 7.323988716022575 ], [ 80.618191867750227, 7.323929316659815 ], [ 80.618193567577791, 7.323855463879662 ], [ 80.618235830696491, 7.323776544079866 ], [ 80.618311231511697, 7.323719303872455 ], [ 80.618397192224563, 7.323621002133099 ], [ 80.618364512177692, 7.323559976555572 ], [ 80.618239088205925, 7.323456399975505 ], [ 80.618142500277216, 7.323362690379584 ], [ 80.618030649664846, 7.323254171984693 ], [ 80.618015360558161, 7.323265367282972 ], [ 80.617972695006074, 7.32327584216971 ], [ 80.617888102838421, 7.323274092421178 ], [ 80.617598683097086, 7.32358353005258 ], [ 80.617311693850425, 7.323696462789087 ], [ 80.617055662802741, 7.323708941145711 ], [ 80.616979398804972, 7.323714792110347 ], [ 80.616912916240764, 7.323716937987335 ], [ 80.616815902595434, 7.323743670932024 ], [ 80.616713904056098, 7.323779803202828 ], [ 80.616648318268787, 7.323807089835412 ], [ 80.616564079867999, 7.323829034460884 ], [ 80.616377394493981, 7.323856728394158 ], [ 80.616309460155492, 7.323868639213774 ], [ 80.616212627014249, 7.323902063919521 ], [ 80.616145322865393, 7.323919583413996 ], [ 80.616090516786372, 7.323945153819509 ], [ 80.616076380608789, 7.323963957346059 ], [ 80.61607557469344, 7.32397103683275 ], [ 80.616027695622705, 7.324001793150763 ], [ 80.615941636535609, 7.324029069673506 ], [ 80.615877023610793, 7.324033046368119 ], [ 80.615808574705355, 7.324024903145984 ], [ 80.615751305658179, 7.32400560211344 ], [ 80.615685084380047, 7.324001349066505 ], [ 80.615620064886173, 7.323979751039174 ], [ 80.615578039648341, 7.323972309006611 ], [ 80.615537407966571, 7.323976012074978 ], [ 80.615531352004254, 7.324019588182312 ], [ 80.61553394919882, 7.324058760721616 ], [ 80.615507633869925, 7.324084326763649 ], [ 80.615487506151268, 7.324088181841349 ], [ 80.615459194877261, 7.324080074611023 ], [ 80.615425961718913, 7.324064730306238 ], [ 80.615393204578936, 7.324027776989921 ], [ 80.61535711030136, 7.323984410078609 ], [ 80.615319128926117, 7.323944846884175 ], [ 80.615275079268713, 7.323988179702213 ], [ 80.615202469486036, 7.32401268830791 ], [ 80.615140629542836, 7.324032839314609 ], [ 80.615079766414368, 7.32406941277054 ], [ 80.615019439851849, 7.324115004100742 ], [ 80.614960782419203, 7.324133249956081 ], [ 80.614910107154543, 7.324088755544254 ], [ 80.614907925847845, 7.324082028570443 ], [ 80.614845809432296, 7.32409518918957 ], [ 80.614739119552169, 7.324096973064896 ], [ 80.614655103916107, 7.323987952910455 ], [ 80.614545296008259, 7.323918320251383 ], [ 80.614470680930665, 7.323857388747744 ], [ 80.614483510371031, 7.323747707065823 ], [ 80.614587329709266, 7.323713777931323 ], [ 80.614701195785642, 7.323641160049282 ], [ 80.614767416689745, 7.323606023692253 ], [ 80.614861058100274, 7.323575008115328 ], [ 80.614918139848726, 7.323538130390284 ], [ 80.614969429855492, 7.32355293319873 ], [ 80.615035567169599, 7.323548669611521 ], [ 80.615131403558124, 7.323531627120746 ], [ 80.615173928867918, 7.323520981542152 ], [ 80.615178071128767, 7.323512469030136 ], [ 80.615182274355689, 7.323508214893865 ], [ 80.615198471357459, 7.323450860871976 ], [ 80.615182442791038, 7.323374638826407 ], [ 80.615172584670049, 7.323329573067545 ], [ 80.615138355977493, 7.323246706029228 ], [ 80.615094299657926, 7.323205380870805 ], [ 80.615093732020014, 7.323204666269592 ], [ 80.615070205552925, 7.323207320104513 ], [ 80.615044306031734, 7.323199985986263 ], [ 80.615012069510385, 7.323178904218413 ], [ 80.614998435042637, 7.323172646089685 ], [ 80.614973037951017, 7.323160985066572 ], [ 80.614909549741753, 7.323153274840361 ], [ 80.614838357836618, 7.323154333562419 ], [ 80.614760733261903, 7.323165879857386 ], [ 80.614707373700313, 7.32318629881137 ], [ 80.614668793336634, 7.323190649114622 ], [ 80.614653849037794, 7.323192336599043 ], [ 80.614622141193792, 7.323207246177785 ], [ 80.614613633228814, 7.323210906445096 ], [ 80.614543781313614, 7.323240946643641 ], [ 80.614509184128252, 7.323238401260153 ], [ 80.614422808996579, 7.323152732886265 ], [ 80.614420865963965, 7.323150874752922 ], [ 80.614366765296325, 7.32309908676526 ], [ 80.614333072639582, 7.323092384621739 ], [ 80.614290412355814, 7.323095622942654 ], [ 80.614226556135776, 7.323101296144337 ], [ 80.614155467213152, 7.323073056344447 ], [ 80.614041437194601, 7.323068220644021 ], [ 80.613973780082077, 7.323062590484515 ], [ 80.613928678989637, 7.323047922729303 ], [ 80.61385128992174, 7.323051915325403 ], [ 80.61387339461028, 7.323086168281194 ], [ 80.613953408984216, 7.323108364283582 ], [ 80.614023436872344, 7.323150266817741 ], [ 80.614143349878802, 7.323197062404887 ], [ 80.614200763379358, 7.323194599876661 ], [ 80.614231384098716, 7.323187924502155 ], [ 80.614234181214982, 7.323265061488366 ], [ 80.614210437057153, 7.323346279069797 ], [ 80.614118765650659, 7.323397261285285 ], [ 80.614016610329074, 7.323403251626983 ], [ 80.614013525223058, 7.323406246463977 ], [ 80.613935473457872, 7.323409241390143 ], [ 80.613828920819486, 7.323370148885756 ], [ 80.613728605622214, 7.323369551088896 ], [ 80.613607114789048, 7.323377809574136 ], [ 80.613519794871976, 7.323407670575031 ], [ 80.613428164004205, 7.323429076592356 ], [ 80.613333959545841, 7.323396711014323 ], [ 80.61332485056603, 7.323396761069556 ], [ 80.613246010306113, 7.323406132721556 ], [ 80.613196492654566, 7.323421893022864 ], [ 80.613094645055597, 7.323483242767298 ], [ 80.613055833107651, 7.323506621149745 ], [ 80.61299296280427, 7.323543132101758 ], [ 80.612974975849227, 7.323555538914589 ], [ 80.612951559466637, 7.323571691179451 ], [ 80.612902014186091, 7.323576195602798 ], [ 80.612881088575364, 7.323584868390203 ], [ 80.612835696306647, 7.32362852873975 ], [ 80.61279883740562, 7.323648570937963 ], [ 80.612705242939981, 7.323699468061582 ], [ 80.61263784398038, 7.323730823704798 ], [ 80.612588577377466, 7.323743509405704 ], [ 80.612586302865125, 7.323744095469621 ], [ 80.612524080687265, 7.323739279130089 ], [ 80.612509761463542, 7.323735612403989 ], [ 80.612472261236604, 7.323726011354787 ], [ 80.612464306917389, 7.323723975590386 ], [ 80.612403806577291, 7.323719069431066 ], [ 80.612374736449027, 7.323708297661195 ], [ 80.612312167872176, 7.323657543580207 ], [ 80.612229726412266, 7.323473577805157 ], [ 80.612227675202192, 7.32345796249202 ], [ 80.612224355873479, 7.323432692399082 ], [ 80.612187148404942, 7.323496891437719 ], [ 80.61218097321516, 7.323546128374921 ], [ 80.612167253903436, 7.323655498576315 ], [ 80.612187918306773, 7.323736974588342 ], [ 80.612190949050714, 7.323748923318177 ], [ 80.612225067369536, 7.323817662633529 ], [ 80.612238089933442, 7.323872375782173 ], [ 80.612220842568121, 7.323974917225075 ], [ 80.612214116721631, 7.324033965626417 ], [ 80.612214180613336, 7.324035101451748 ], [ 80.61221537738605, 7.324056574514742 ], [ 80.612223042425626, 7.324091771799148 ], [ 80.61222731303927, 7.324111380409904 ], [ 80.612258998262703, 7.324161189102937 ], [ 80.612266325975511, 7.324172707142661 ], [ 80.612279881909132, 7.324255003472135 ], [ 80.612280583716526, 7.324265287438545 ], [ 80.612300269029703, 7.324331999469807 ], [ 80.612322777000401, 7.324412537481883 ], [ 80.612372073792685, 7.324476081681611 ], [ 80.612415426522915, 7.324546330007212 ], [ 80.612460879919198, 7.324645646943671 ], [ 80.612531131459178, 7.324692942137293 ], [ 80.61266541436396, 7.324734362759409 ], [ 80.612731127238206, 7.324756977898432 ], [ 80.61273800042143, 7.324760692552347 ], [ 80.612796632235018, 7.324835547479183 ], [ 80.612766690422603, 7.324887660505801 ], [ 80.612690260371522, 7.324918512790719 ], [ 80.612602264858992, 7.324929787260742 ], [ 80.612540277380944, 7.324986227447729 ], [ 80.612477497665154, 7.325022014912295 ], [ 80.612453031154459, 7.325048862837373 ], [ 80.61238200988015, 7.325082837780778 ], [ 80.612380921891713, 7.325083380869278 ], [ 80.612374024583573, 7.325088671229895 ], [ 80.612315056350212, 7.325133906387182 ], [ 80.612249451938439, 7.325208395964865 ], [ 80.612198076075515, 7.32527451779971 ], [ 80.612174148815939, 7.325305310465995 ], [ 80.612141156872596, 7.325370914504772 ], [ 80.612136448139182, 7.325380278631354 ], [ 80.612132452742244, 7.325388218744213 ], [ 80.612093391669774, 7.325455666242627 ], [ 80.61202820816618, 7.325545472083276 ], [ 80.612022526322676, 7.325553301254553 ], [ 80.612019851183973, 7.325557125470619 ], [ 80.611999116143309, 7.325586754552632 ], [ 80.61195626498521, 7.325647988106474 ], [ 80.611954832262796, 7.325650036728981 ], [ 80.611947493415826, 7.325658973966861 ], [ 80.611879711233257, 7.325741523628561 ], [ 80.611835060978308, 7.32579361222173 ], [ 80.611834766486737, 7.325793957557028 ], [ 80.611832559029381, 7.325791960053704 ], [ 80.611734082726571, 7.325702857641258 ], [ 80.611726336626035, 7.325698544005535 ], [ 80.61165575330196, 7.325659239872373 ], [ 80.611534223980343, 7.325602854725046 ], [ 80.611414949649443, 7.325569532757148 ], [ 80.611313298474229, 7.325550443682081 ], [ 80.61123834570445, 7.32553636878085 ], [ 80.611174369624578, 7.325519698030853 ], [ 80.611114268828771, 7.325504037894443 ], [ 80.610935490192645, 7.325471052053381 ], [ 80.610807392636161, 7.325431773670499 ], [ 80.610797734944484, 7.32542881215001 ], [ 80.610746720449598, 7.325501712585536 ], [ 80.61072194275971, 7.325519784058912 ], [ 80.610663893492685, 7.325565392808683 ], [ 80.610612829409803, 7.325595896873166 ], [ 80.610549704830646, 7.325615742920544 ], [ 80.610471842466865, 7.325632091117376 ], [ 80.610408988877225, 7.325668578188512 ], [ 80.610369422418458, 7.325710742901522 ], [ 80.610340142461808, 7.325757689730878 ], [ 80.610323197628787, 7.325802510576147 ], [ 80.610199155462823, 7.325818298201241 ], [ 80.610193351672876, 7.325817810448973 ], [ 80.610181634925468, 7.325825463742265 ], [ 80.610070617981989, 7.325819769049257 ], [ 80.609926934302166, 7.325773606545032 ], [ 80.60991646094314, 7.325767115217973 ], [ 80.609800145855317, 7.325735934398375 ], [ 80.609680729265648, 7.325712798868921 ], [ 80.609542644730553, 7.325732955215492 ], [ 80.609370177381209, 7.325765493110246 ], [ 80.609273173296856, 7.325844499326373 ], [ 80.609194486467771, 7.325905036555474 ], [ 80.609172928242842, 7.325921621562465 ], [ 80.609103945849654, 7.326046733975587 ], [ 80.609027311269429, 7.32632121954614 ], [ 80.608998994486996, 7.326660443873267 ], [ 80.609115617409884, 7.326738573598162 ], [ 80.609377282944095, 7.326758172917718 ], [ 80.609526630916392, 7.326790958571424 ], [ 80.609618539813852, 7.326842615548141 ], [ 80.609634606707516, 7.326857326335608 ], [ 80.609713486461771, 7.326945806113929 ], [ 80.609797229996985, 7.326978391945385 ], [ 80.609886436694779, 7.327028808976229 ], [ 80.609996127255286, 7.327075395710669 ], [ 80.610123636363866, 7.327119849426047 ], [ 80.610217101073118, 7.327133431273832 ], [ 80.610145141276675, 7.327379191836343 ], [ 80.610109815401458, 7.327509111430277 ], [ 80.6100900450908, 7.327581824373748 ], [ 80.610079473350467, 7.327620705398958 ], [ 80.610077773789214, 7.327626642409562 ], [ 80.610023877501149, 7.32781501907777 ], [ 80.610014518993637, 7.327855114120895 ], [ 80.610621954257681, 7.327921131583908 ], [ 80.610798646345685, 7.327897027387606 ], [ 80.610936727726966, 7.327837988449539 ], [ 80.611014857466287, 7.327795123468511 ], [ 80.611054593986481, 7.327675257627846 ], [ 80.611101418419196, 7.327561396230137 ], [ 80.611134509613436, 7.327450972457051 ], [ 80.611129297814713, 7.327335848530868 ], [ 80.611136280844519, 7.327257803606077 ], [ 80.611192183918334, 7.327186953170682 ], [ 80.611248542165356, 7.327146708051337 ], [ 80.611370385219445, 7.327065277951169 ], [ 80.611485362621437, 7.327018603007799 ], [ 80.611501823726854, 7.327018130663539 ], [ 80.611591476546565, 7.327048029842564 ], [ 80.611658965845351, 7.327164415457977 ], [ 80.611671539974026, 7.327179963182637 ], [ 80.61175511689575, 7.327269727533638 ], [ 80.611810425722894, 7.327364261667377 ], [ 80.611895166301878, 7.327467147823439 ], [ 80.611996112951772, 7.327526653339034 ], [ 80.612065041492755, 7.327618741761739 ], [ 80.612208820628496, 7.327703307479337 ], [ 80.612361579628498, 7.327804446833265 ], [ 80.612427412534544, 7.327836854740272 ], [ 80.612471737227224, 7.327860612401139 ], [ 80.612470994690412, 7.327867577960004 ], [ 80.612470884778119, 7.327913064251744 ], [ 80.612465978034024, 7.327961079934195 ], [ 80.612456904005413, 7.328004031822408 ], [ 80.612450618450595, 7.328094911765433 ], [ 80.61244496886934, 7.328187873640134 ], [ 80.612440224408218, 7.328277576743965 ], [ 80.612434195753806, 7.328413943109808 ], [ 80.612431710898719, 7.328519113292476 ], [ 80.61242162033939, 7.328617315778531 ], [ 80.612390146022591, 7.328732963476138 ], [ 80.612378748874349, 7.328780489371835 ], [ 80.612369370991999, 7.328819588824063 ], [ 80.612331409569862, 7.328891028311733 ], [ 80.612322240746792, 7.328908282644877 ], [ 80.612467856600219, 7.328979595522066 ], [ 80.612567347908993, 7.329032274721826 ], [ 80.612318053269561, 7.329488270695337 ], [ 80.612192611357585, 7.329581601221822 ], [ 80.612040755647485, 7.330096137206438 ], [ 80.611852624386458, 7.330536572307023 ], [ 80.612232492203447, 7.330739766378379 ], [ 80.612174870867818, 7.33082728436916 ], [ 80.61209368399463, 7.330938833675313 ], [ 80.612013089519351, 7.331032872303402 ], [ 80.611951048131573, 7.331090522308956 ], [ 80.611504826680289, 7.330887728705021 ], [ 80.611322548102507, 7.33128962440184 ], [ 80.6119415054998, 7.331793434440615 ], [ 80.612716940323409, 7.33225197254483 ], [ 80.612365241692629, 7.332972146105748 ], [ 80.612002975200411, 7.33334951050298 ], [ 80.611801115226513, 7.333270899068259 ], [ 80.611676391667345, 7.333557969740674 ], [ 80.611859177135713, 7.333746069680307 ], [ 80.612276061975294, 7.333917766028582 ], [ 80.612299341142247, 7.333926663798653 ], [ 80.612202896052125, 7.334236646342036 ], [ 80.612318383627908, 7.334280780383196 ], [ 80.612548548403751, 7.33427432892724 ], [ 80.612552503566519, 7.334260203384741 ], [ 80.612711621370266, 7.333691836063974 ] ] ] ] } },
{ "type": "Feature", "properties": { "GND_N": "Ranawana East", "GND_NO": "410", "GND_C": "185", "PROVINCE_N": "CENTRAL", "PROVINCE_C": "2", "DISTRICT_N": "KANDY", "DISTRICT_C": "1", "DSD_N": "HARISPATTUWA", "DSD_C": "33", "Admin_Code": "2133185", "GND_NO_Cen": "410", "GND_NAME_C": "Ranawana East", "GND_NO_Gaz": "410", "GND_NAME_G": "රණවන නැග", "shape_1": "Polygon", "Area__Ha_": 42.317776931399997, "MWS_ID": "112-2", "Alt_MWS": null, "Area": 0.42317776931000001, "Tot_Pop": 2016.0, "Density": 4763.9553544299997 }, "geometry": { "type": "MultiPolygon", "coordinates": [ [ [ [ 80.621808036980354, 7.333789478452582 ], [ 80.62192462538853, 7.333443542901738 ], [ 80.621986552946538, 7.333153577441824 ], [ 80.62204701473658, 7.332948309203612 ], [ 80.622075824198944, 7.332800454115178 ], [ 80.622108966100882, 7.332596615232231 ], [ 80.622152146511851, 7.332468861347315 ], [ 80.622189591748025, 7.332290863428399 ], [ 80.622228484502699, 7.332091330070523 ], [ 80.62227577066659, 7.331910675963414 ], [ 80.622336872730941, 7.331717949640067 ], [ 80.622398282661194, 7.331543786904015 ], [ 80.622494215158937, 7.331327526283982 ], [ 80.622603573552169, 7.331097869391243 ], [ 80.622716771925724, 7.330845246338814 ], [ 80.622782016522251, 7.330671083943866 ], [ 80.622812743291703, 7.330519879908671 ], [ 80.622833875739275, 7.330391641844821 ], [ 80.62285309816501, 7.330244262688679 ], [ 80.622870454218017, 7.329947581864961 ], [ 80.622880138919712, 7.329660467734176 ], [ 80.622887841940454, 7.329560937546984 ], [ 80.622912794987727, 7.32946906905749 ], [ 80.62295885231805, 7.329338925979997 ], [ 80.622995305939313, 7.329256631625681 ], [ 80.623029842989595, 7.329174336614616 ], [ 80.623041361260135, 7.329132229041071 ], [ 80.623074001765914, 7.328988682344526 ], [ 80.623110458204195, 7.328900646571043 ], [ 80.623137320780444, 7.328831747966619 ], [ 80.6232620160864, 7.32860209699693 ], [ 80.623319588729899, 7.328429846291029 ], [ 80.623380973647386, 7.328326506436953 ], [ 80.623432770442491, 7.328230817320612 ], [ 80.623501827895865, 7.328114081023764 ], [ 80.623601569241345, 7.327970557069075 ], [ 80.623827894209711, 7.327675861467698 ], [ 80.62398487115837, 7.327465268512976 ], [ 80.623817778530423, 7.327421207692582 ], [ 80.62370062678265, 7.327390315914756 ], [ 80.623700566077972, 7.327390374673749 ], [ 80.623599453120548, 7.327482125133181 ], [ 80.623492811537659, 7.327581651585948 ], [ 80.62340483589233, 7.327661288824812 ], [ 80.623391745205183, 7.327671884594475 ], [ 80.62331863431038, 7.327731056200451 ], [ 80.623308925324494, 7.32773733327053 ], [ 80.623221004948277, 7.327771633345749 ], [ 80.623199171516077, 7.327778413599765 ], [ 80.623100466071079, 7.327781997195518 ], [ 80.622988517942318, 7.327774453350218 ], [ 80.62286289627005, 7.327773535149674 ], [ 80.622858543281239, 7.327773503822727 ], [ 80.622755656712343, 7.327756558277711 ], [ 80.622645258401946, 7.327719712802581 ], [ 80.622542660888442, 7.327654928867116 ], [ 80.622440615812963, 7.327561387413335 ], [ 80.62236594699921, 7.327499023858153 ], [ 80.622354093327615, 7.327489124936926 ], [ 80.62234074379964, 7.327477976663348 ], [ 80.622253898211738, 7.327434087413721 ], [ 80.622166820178137, 7.327431445056719 ], [ 80.622154358203858, 7.327431067309774 ], [ 80.622136532445182, 7.327438535250411 ], [ 80.622127294356872, 7.327442407014934 ], [ 80.6220586074746, 7.327471184557069 ], [ 80.621967635867492, 7.327428441396158 ], [ 80.621754867441609, 7.327325006710582 ], [ 80.621741518571639, 7.327120192360966 ], [ 80.621666081881301, 7.327112923885768 ], [ 80.621619645052689, 7.327037872619687 ], [ 80.621419172873843, 7.327016766879113 ], [ 80.62127672094951, 7.327131103775464 ], [ 80.621128349914684, 7.327161738270457 ], [ 80.620969560637818, 7.32716210758274 ], [ 80.620956888335868, 7.327162321143161 ], [ 80.620811397296492, 7.327162282630571 ], [ 80.620526234095877, 7.327205396904561 ], [ 80.620315425319262, 7.327401143941789 ], [ 80.620052261702853, 7.327646379562273 ], [ 80.619791001853741, 7.327893684723772 ], [ 80.619607705378087, 7.328021798354911 ], [ 80.619664118373933, 7.328362284663831 ], [ 80.619688160975144, 7.328575940504097 ], [ 80.619128291498669, 7.329381955817739 ], [ 80.618951003815283, 7.329861064850452 ], [ 80.618188937922824, 7.329839263417051 ], [ 80.618009101986416, 7.330126316612557 ], [ 80.61765011794472, 7.330469685194387 ], [ 80.617203753381418, 7.330513638368893 ], [ 80.616665621969872, 7.330806788375466 ], [ 80.616319412922039, 7.330642527475676 ], [ 80.615667700295333, 7.331566300667469 ], [ 80.615379138594363, 7.331724342498736 ], [ 80.615162163249806, 7.331898483751446 ], [ 80.614985148219503, 7.332131463096744 ], [ 80.614686646663287, 7.332263113404093 ], [ 80.614362634888266, 7.332416075017862 ], [ 80.61426196123503, 7.332516959604118 ], [ 80.613685063116904, 7.332395382365794 ], [ 80.61356990837173, 7.332735095505568 ], [ 80.613229628266595, 7.332682332844483 ], [ 80.612711621370266, 7.333691836063974 ], [ 80.612552503566519, 7.334260203384741 ], [ 80.612548548403751, 7.33427432892724 ], [ 80.612650318872781, 7.334669113093085 ], [ 80.61270846834833, 7.334649474770846 ], [ 80.612940738548346, 7.334562836839103 ], [ 80.613060215808289, 7.334538286895855 ], [ 80.61311611484652, 7.334505118461417 ], [ 80.613167952201479, 7.334427910914915 ], [ 80.613222716433626, 7.334277454266329 ], [ 80.613283630365132, 7.334150334413056 ], [ 80.613329687038714, 7.334033515476926 ], [ 80.613369300035814, 7.33395187239767 ], [ 80.613458691770447, 7.333864451690507 ], [ 80.613470237906085, 7.333853159350338 ], [ 80.613550590990897, 7.333815842647369 ], [ 80.613664270951347, 7.333794450969251 ], [ 80.613757929648273, 7.33378680010451 ], [ 80.613877036523448, 7.333783860781106 ], [ 80.613994161100962, 7.333757317558717 ], [ 80.614104879345206, 7.33375556882214 ], [ 80.614106022413694, 7.333755551148639 ], [ 80.61423781473782, 7.333741582934709 ], [ 80.61436699332485, 7.333696777087119 ], [ 80.614451603182559, 7.333662445042341 ], [ 80.614526449303071, 7.333612216382467 ], [ 80.614541839983559, 7.33360188938226 ], [ 80.614623646052166, 7.333556253440809 ], [ 80.614661059760721, 7.333536930235957 ], [ 80.614710072902056, 7.333511612971827 ], [ 80.614801192151731, 7.333502965339963 ], [ 80.614898652014091, 7.33350092136173 ], [ 80.614911290046308, 7.333500790254853 ], [ 80.614999644863616, 7.333499873361091 ], [ 80.61508107100606, 7.333498003544615 ], [ 80.615139313114682, 7.333497121035939 ], [ 80.615179983126367, 7.333492508310414 ], [ 80.615266486154596, 7.333482699615604 ], [ 80.615388141783313, 7.333449375394253 ], [ 80.61550398015531, 7.333422458742045 ], [ 80.615523744446307, 7.333417865634575 ], [ 80.615652003417395, 7.333406067869324 ], [ 80.615809697884814, 7.333403501733761 ], [ 80.615829144561175, 7.333403104454849 ], [ 80.615928803555988, 7.333401105348659 ], [ 80.616035059914736, 7.333371663044737 ], [ 80.616048614521446, 7.333364060899738 ], [ 80.61614848393198, 7.33330804160468 ], [ 80.61616545157753, 7.333297449245216 ], [ 80.616250133058927, 7.333244596802536 ], [ 80.616358644981759, 7.333229551692354 ], [ 80.616375676707506, 7.333227189388975 ], [ 80.616513715775937, 7.333220909282153 ], [ 80.616553711932696, 7.333211041300043 ], [ 80.616586198731014, 7.333203027175577 ], [ 80.616641076815569, 7.3331894884908 ], [ 80.616779217264749, 7.333152822022619 ], [ 80.616804258008699, 7.333139293526071 ], [ 80.616880410271719, 7.333098149535219 ], [ 80.61692927029334, 7.333059759398235 ], [ 80.617008792273552, 7.332997276889111 ], [ 80.617111435701645, 7.332936455616448 ], [ 80.617221237516347, 7.332872379561523 ], [ 80.617348948295799, 7.332863191830262 ], [ 80.617350037944149, 7.332863113541414 ], [ 80.617461823109807, 7.332860909487221 ], [ 80.61747168229769, 7.332860714929231 ], [ 80.617639710966841, 7.332825598777096 ], [ 80.617773677266584, 7.332815247488958 ], [ 80.617887453942785, 7.332772698648018 ], [ 80.617986188321041, 7.332718591132153 ], [ 80.618031587990089, 7.332693712621105 ], [ 80.618133907043159, 7.332635206005969 ], [ 80.618154706408703, 7.33262331362892 ], [ 80.618295861552866, 7.332515479268373 ], [ 80.618414814634235, 7.332441642394985 ], [ 80.61846753237667, 7.332371475402468 ], [ 80.618493200734221, 7.332337313596042 ], [ 80.618552135825894, 7.332165970163389 ], [ 80.618576357944065, 7.332064154379379 ], [ 80.618618245348145, 7.331943083180334 ], [ 80.618686403310193, 7.331821479511368 ], [ 80.61873302917968, 7.331765851506669 ], [ 80.618773391862774, 7.331717697158023 ], [ 80.618802809972777, 7.331701554841938 ], [ 80.618871052407258, 7.331664106322231 ], [ 80.618951176323847, 7.331596101099927 ], [ 80.618971801874466, 7.331578596530521 ], [ 80.619041606518721, 7.331655216149355 ], [ 80.619094386847181, 7.331752068964269 ], [ 80.619094740767821, 7.33175271837611 ], [ 80.619152856882152, 7.331839282105222 ], [ 80.619187964116605, 7.331941661244102 ], [ 80.619197235819925, 7.332103172633659 ], [ 80.619197535528613, 7.332121527334662 ], [ 80.619197571901594, 7.332123703095458 ], [ 80.619199715973224, 7.332255005628496 ], [ 80.619201485240197, 7.332370305520476 ], [ 80.619202831947021, 7.332476640929085 ], [ 80.619203247106924, 7.33250929628502 ], [ 80.619208440224384, 7.332675961664743 ], [ 80.619209641291391, 7.332699100432158 ], [ 80.619218244010554, 7.332864782218356 ], [ 80.619234515880166, 7.332931903309836 ], [ 80.619255776671906, 7.33301961345827 ], [ 80.619278997697663, 7.333143003482599 ], [ 80.61928389323613, 7.333169015599773 ], [ 80.619284333891372, 7.333196134833525 ], [ 80.619286462743574, 7.33332699696068 ], [ 80.619296197640793, 7.333454053733037 ], [ 80.619338971868444, 7.333642796269259 ], [ 80.619737011066405, 7.333609172124691 ], [ 80.619760918119795, 7.333610126350843 ], [ 80.619928079625751, 7.333597135479527 ], [ 80.620132051455258, 7.333611362326842 ], [ 80.620290429497558, 7.333601994515215 ], [ 80.620420687259028, 7.333715620812723 ], [ 80.620574016342132, 7.333886951275974 ], [ 80.620669238327181, 7.334053912786252 ], [ 80.620729252882896, 7.334324826853984 ], [ 80.620729496534395, 7.334335249910695 ], [ 80.62087580284647, 7.334532294351193 ], [ 80.621178572637803, 7.334922239474347 ], [ 80.621279713303281, 7.33505250003872 ], [ 80.621305801766283, 7.334979400830732 ], [ 80.62139935001079, 7.334731078595141 ], [ 80.621497215069596, 7.334479885762529 ], [ 80.621593624991121, 7.334271759735714 ], [ 80.62170154377354, 7.334049281865827 ], [ 80.621808036980354, 7.333789478452582 ] ] ] ] } }
]
}
