{
"type": "FeatureCollection",
"name": "SED_PPL_MWS_046",
"crs": { "type": "name", "properties": { "name": "urn:ogc:def:crs:OGC:1.3:CRS84" } },

"features": [
{ "type": "Feature", "properties": { "GND_N": "Rahupola", "PROVINCE_N": "UVA", "DISTRICT_N": "BADULLA", "DSD_N": "UVAPARANAGAMA", "Female": 485, "Male": 461, "Density": 522.11024257999998, "MWS_ID": "046", "GND_NO": "41D", "GND_C": "190", "PROVINCE_C": "8", "DISTRICT_C": "1", "DSD_C": "27", "Admin_Code": "8127190", "GND_NAME_G": "රහුපොල", "AreaGND": 181.18778810500001, "MWS_ID_2": null, "AreaGND_1": 1.81187788105, "Total": 946, "FP_MWS": "046" }, "geometry": { "type": "MultiPolygon", "coordinates": [ [ [ [ 80.943976662391378, 6.969820854454581 ], [ 80.944218775474653, 6.969475305155369 ], [ 80.944225750746696, 6.969460465594791 ], [ 80.944558517080296, 6.968946623605783 ], [ 80.944797100271145, 6.968463166426701 ], [ 80.944918834407048, 6.967980536613195 ], [ 80.945141607460997, 6.967980458115548 ], [ 80.945292452664646, 6.968080748822246 ], [ 80.945644408281993, 6.968264585907907 ], [ 80.94587900029822, 6.968264501926905 ], [ 80.94608005158463, 6.968180809723133 ], [ 80.946297809561486, 6.967963320844498 ], [ 80.946549057512627, 6.96767892407783 ], [ 80.946551200079568, 6.967677395016093 ], [ 80.946783589810465, 6.967511600307841 ], [ 80.946951149608552, 6.967494814644881 ], [ 80.947068460217238, 6.967528221121727 ], [ 80.947185811355908, 6.967678693753371 ], [ 80.947291280620007, 6.967727231816829 ], [ 80.947403683612549, 6.967778959579502 ], [ 80.94770527267751, 6.967695230346186 ], [ 80.947839278464841, 6.967561389416083 ], [ 80.94807374945664, 6.967226826584966 ], [ 80.948222515298497, 6.967041089736785 ], [ 80.948408728673428, 6.966808606079057 ], [ 80.947905867126991, 6.966357244580159 ], [ 80.948282132136484, 6.966249187194543 ], [ 80.94885302650863, 6.966154011120594 ], [ 80.949369559553645, 6.966099553802431 ], [ 80.949587497614303, 6.965980167915937 ], [ 80.949663303036147, 6.965938642995912 ], [ 80.949790872950985, 6.965868759701279 ], [ 80.950117072935427, 6.965746537757915 ], [ 80.950346945788851, 6.965537648976952 ], [ 80.950365660043261, 6.965520643703725 ], [ 80.950610288491745, 6.965371315647892 ], [ 80.950773385718776, 6.965303420262643 ], [ 80.951058851927826, 6.965316882427203 ], [ 80.951371508808791, 6.965330334367372 ], [ 80.951548225472067, 6.96533026900225 ], [ 80.951711329893541, 6.965289507241238 ], [ 80.951860858596433, 6.965289451829737 ], [ 80.952064767319811, 6.965302943615462 ], [ 80.952255095870612, 6.965357140825829 ], [ 80.952393897159382, 6.965475793121731 ], [ 80.952396616171242, 6.965476616845086 ], [ 80.95239609617343, 6.965477673277362 ], [ 80.952445464900293, 6.965519874629575 ], [ 80.952635032765571, 6.965528813757505 ], [ 80.952730933071976, 6.965533334875006 ], [ 80.952841644787625, 6.965503155536143 ], [ 80.953029959280073, 6.965451819725167 ], [ 80.953369750697206, 6.965329591395754 ], [ 80.953777469669262, 6.965098799788652 ], [ 80.95410362630362, 6.964868036659125 ], [ 80.954592801372002, 6.964365874340371 ], [ 80.954674163627701, 6.963836728634596 ], [ 80.954769101101931, 6.963266879136945 ], [ 80.954896782342743, 6.963215374636491 ], [ 80.955117927937607, 6.962998350775289 ], [ 80.955477697457283, 6.96294362862057 ], [ 80.955789257740108, 6.963014318460269 ], [ 80.955892225179213, 6.962945751418114 ], [ 80.956028186341172, 6.963013536065795 ], [ 80.956177748597284, 6.96310844764259 ], [ 80.956327313628179, 6.963203360073452 ], [ 80.956476868380591, 6.963271137612598 ], [ 80.956511430919278, 6.963284539058416 ], [ 80.956721585022038, 6.963366013711049 ], [ 80.956925000521508, 6.963386237129837 ], [ 80.956993463669008, 6.963393044013799 ], [ 80.957251754074193, 6.963433647677592 ], [ 80.957550815410855, 6.963447100754661 ], [ 80.957761688499275, 6.963434638147575 ], [ 80.957834044343173, 6.963375877039766 ], [ 80.95804006439441, 6.963148438138099 ], [ 80.958230236125175, 6.962795622108267 ], [ 80.958420512963585, 6.962714147172129 ], [ 80.958638007085085, 6.962714062599551 ], [ 80.958781912329457, 6.962806316837561 ], [ 80.958828363260253, 6.962836093371569 ], [ 80.95905550893815, 6.962848601074794 ], [ 80.959073048655554, 6.962849565540573 ], [ 80.959358547707552, 6.962944423626396 ], [ 80.959378005977342, 6.962963831725298 ], [ 80.959931926215603, 6.963161749762806 ], [ 80.961031609053279, 6.96313310937525 ], [ 80.961470424995724, 6.963142279592307 ], [ 80.962804430787912, 6.963873176871417 ], [ 80.964395113090092, 6.964175930532838 ], [ 80.965516632890839, 6.964096562512383 ], [ 80.965743623212347, 6.9641171308078 ], [ 80.965955209137846, 6.964164821907694 ], [ 80.965959162836825, 6.964161678739227 ], [ 80.966409511368781, 6.96380351572776 ], [ 80.966453118279844, 6.96377230754474 ], [ 80.966608393832388, 6.963661181914853 ], [ 80.966695077404566, 6.96359914553413 ], [ 80.966541412345933, 6.963270381713231 ], [ 80.96640777538768, 6.962490654859922 ], [ 80.966227886834389, 6.961748999087259 ], [ 80.965976215766034, 6.961138970380916 ], [ 80.965568938655949, 6.960624709916956 ], [ 80.965161706323556, 6.960218118446566 ], [ 80.964862212475069, 6.959934287736266 ], [ 80.964522870278984, 6.959702974395462 ], [ 80.964019816392764, 6.959188750519794 ], [ 80.96348085575184, 6.958698465682028 ], [ 80.962989708616192, 6.958016749761963 ], [ 80.962618251997725, 6.957239278182129 ], [ 80.962183754247263, 6.956110834155534 ], [ 80.962176998291682, 6.956112994497349 ], [ 80.962000300971823, 6.95616946670441 ], [ 80.961758202189785, 6.956246840522184 ], [ 80.96159300876441, 6.956241937712458 ], [ 80.96122903237692, 6.956213366940918 ], [ 80.960826764812694, 6.95624223563989 ], [ 80.960301830886678, 6.956312231894768 ], [ 80.959806771183835, 6.95641490425223 ], [ 80.959399726023648, 6.956472485568105 ], [ 80.959160299637105, 6.956534787548917 ], [ 80.958940053586545, 6.956664076326898 ], [ 80.95876772646649, 6.956865126500404 ], [ 80.958695964039705, 6.957056568481312 ], [ 80.958676893373507, 6.957276701253203 ], [ 80.958686560529429, 6.957506393323539 ], [ 80.958739312377134, 6.957697785577793 ], [ 80.958820818707451, 6.957937022150847 ], [ 80.958883141002346, 6.958104484355347 ], [ 80.958907162461529, 6.95830067418262 ], [ 80.95890244328919, 6.958482519997951 ], [ 80.958825979399563, 6.958709840654041 ], [ 80.958617360285459, 6.958938811883639 ], [ 80.958189120196096, 6.959119243296512 ], [ 80.957964064034911, 6.959195895175742 ], [ 80.95766715838316, 6.959234292121111 ], [ 80.957466035095152, 6.959282221729858 ], [ 80.957130802681021, 6.959287135385992 ], [ 80.956803950016393, 6.959169243368399 ], [ 80.956603873283072, 6.95893800590768 ], [ 80.956387011436618, 6.958740080624558 ], [ 80.956134464002716, 6.958718059698984 ], [ 80.955990829202477, 6.95881382045995 ], [ 80.955804132012005, 6.959014875941455 ], [ 80.955665309071236, 6.959172843463214 ], [ 80.955526493288488, 6.959349954370493 ], [ 80.955306261199851, 6.95951752473509 ], [ 80.955100544918935, 6.959602314929902 ], [ 80.954977812973141, 6.959650553931603 ], [ 80.954865659298491, 6.959498549327891 ], [ 80.954750667151174, 6.959350247121778 ], [ 80.95461650056987, 6.959154098501356 ], [ 80.954479429290615, 6.958925068254491 ], [ 80.954338630459631, 6.95887665172616 ], [ 80.954075227560566, 6.958862396412771 ], [ 80.953792699626973, 6.958929495708832 ], [ 80.953543688902357, 6.958987013755586 ], [ 80.953476699955857, 6.959140169963423 ], [ 80.953524688349916, 6.959403345468878 ], [ 80.953587040359906, 6.959656944329746 ], [ 80.953620653678641, 6.959891415024281 ], [ 80.953673431594467, 6.960154588710161 ], [ 80.953726203300391, 6.960398622576725 ], [ 80.953716778002487, 6.960810164149525 ], [ 80.953654647306905, 6.961145160777269 ], [ 80.953554234762251, 6.961566307647629 ], [ 80.953338874464009, 6.961963572020108 ], [ 80.953190509574867, 6.962222035227042 ], [ 80.953142328365544, 6.962276237913891 ], [ 80.952960729614404, 6.962480528756081 ], [ 80.952740488893738, 6.962633741979654 ], [ 80.952410070072489, 6.962710430502529 ], [ 80.952051608021677, 6.962735786760248 ], [ 80.951720425742707, 6.962667618411918 ], [ 80.951409090699869, 6.962548100049446 ], [ 80.951078588591614, 6.962399876569683 ], [ 80.950679170862117, 6.962265860585584 ], [ 80.949969217306176, 6.962330510359544 ], [ 80.949603459347045, 6.96215158100372 ], [ 80.949493260067669, 6.962017632653412 ], [ 80.949315964296432, 6.961744933594921 ], [ 80.949066731357775, 6.961194707601705 ], [ 80.948922915397191, 6.960797577866439 ], [ 80.948792360455556, 6.9605059071178 ], [ 80.948478893295075, 6.960114702518296 ], [ 80.948366398954164, 6.960063344850183 ], [ 80.947625970864522, 6.959760445254035 ], [ 80.947249491903591, 6.959735985648722 ], [ 80.946984397466025, 6.959785301227385 ], [ 80.94640366939862, 6.960334291532567 ], [ 80.946262375653873, 6.960542277616889 ], [ 80.946019979350041, 6.960629195875412 ], [ 80.945838653495741, 6.96052114182762 ], [ 80.945599116047447, 6.960286745907698 ], [ 80.945445786945669, 6.960066675094188 ], [ 80.945215787635604, 6.959717426691155 ], [ 80.94500015239997, 6.95935860268805 ], [ 80.94481805212672, 6.959033264278836 ], [ 80.94453540526726, 6.958770171105179 ], [ 80.944252755213782, 6.958502292119523 ], [ 80.943897290292469, 6.958297156551552 ], [ 80.943529598072629, 6.958473835783471 ], [ 80.943357239968208, 6.958607887073217 ], [ 80.943127455310901, 6.958866375957677 ], [ 80.943003030736023, 6.959120043866267 ], [ 80.94287387057804, 6.959526841938275 ], [ 80.942735085926159, 6.959809225914136 ], [ 80.94226757443063, 6.960250325618746 ], [ 80.940995868085622, 6.960902489069813 ], [ 80.940445052992104, 6.961257409436977 ], [ 80.940331277124855, 6.961285335191318 ], [ 80.940172893427999, 6.9613961821247 ], [ 80.940046082064981, 6.96143072286088 ], [ 80.939330468757092, 6.961552969821264 ], [ 80.939323713261942, 6.961549137850273 ], [ 80.939315950537789, 6.961676809888471 ], [ 80.939307515175159, 6.961709329240774 ], [ 80.939253203636326, 6.961918716712185 ], [ 80.9392161119371, 6.962246429665904 ], [ 80.939227443303565, 6.962473815742624 ], [ 80.93926053745416, 6.962618797683833 ], [ 80.939341450326353, 6.962740036659242 ], [ 80.939439946219593, 6.96275681577509 ], [ 80.939572369612165, 6.962731535252487 ], [ 80.939611721928216, 6.962813023967974 ], [ 80.939649537447394, 6.962944075087784 ], [ 80.939651958569797, 6.96295246719888 ], [ 80.939682684932222, 6.963070057320044 ], [ 80.939711676572429, 6.96315153332025 ], [ 80.939726347690467, 6.963192768632171 ], [ 80.939706123816734, 6.963228878568542 ], [ 80.939653001764455, 6.963323729670068 ], [ 80.939596925447219, 6.963423121444462 ], [ 80.939541858667383, 6.963510727833887 ], [ 80.939624508736472, 6.963559230304319 ], [ 80.93970281653597, 6.963605185898544 ], [ 80.939877842336429, 6.963778586633881 ], [ 80.940080778729779, 6.963911236461896 ], [ 80.940159035361262, 6.964005125199133 ], [ 80.940230544512545, 6.963896404535952 ], [ 80.940413237390004, 6.963757693546775 ], [ 80.940594017291517, 6.963648665475421 ], [ 80.940847049100142, 6.963766571733474 ], [ 80.941166917054801, 6.964008715576253 ], [ 80.941208230301086, 6.964210340767648 ], [ 80.941315763285189, 6.964294662314479 ], [ 80.941664330350918, 6.964632873809654 ], [ 80.941926124028811, 6.964770058204424 ], [ 80.942056279591355, 6.96524754234567 ], [ 80.942268860121487, 6.965575650902625 ], [ 80.942351357322977, 6.966052926459716 ], [ 80.942290142048506, 6.966486104656842 ], [ 80.942207718897421, 6.966784703849608 ], [ 80.94221625035766, 6.966827772458374 ], [ 80.942209824431373, 6.966889082715589 ], [ 80.942201090273244, 6.9669724635781 ], [ 80.942133818261198, 6.967230152586023 ], [ 80.942081836065299, 6.967950491682991 ], [ 80.941940310451187, 6.968283378703968 ], [ 80.941817384384848, 6.968705190372484 ], [ 80.942008529361416, 6.968972987780005 ], [ 80.942099174586403, 6.968992439493507 ], [ 80.942116046868634, 6.96932691237822 ], [ 80.942250206526126, 6.969627895364355 ], [ 80.942250257835823, 6.969773997292956 ], [ 80.942424747694858, 6.969845011575981 ], [ 80.943011466376703, 6.969858675643475 ], [ 80.943318133521132, 6.969804426217746 ], [ 80.943698084292649, 6.969957521722563 ], [ 80.943976662391378, 6.969820854454581 ] ] ] ] } },
{ "type": "Feature", "properties": { "GND_N": "Metiwalalanda", "PROVINCE_N": "UVA", "DISTRICT_N": "BADULLA", "DSD_N": "UVAPARANAGAMA", "Female": 867, "Male": 805, "Density": 433.94277432500002, "MWS_ID": "046", "GND_NO": "53", "GND_C": "205", "PROVINCE_C": "8", "DISTRICT_C": "1", "DSD_C": "27", "Admin_Code": "8127205", "GND_NAME_G": "මැටිවලල", "AreaGND": 385.30426105200002, "MWS_ID_2": null, "AreaGND_1": 3.8530426105200002, "Total": 1672, "FP_MWS": "046" }, "geometry": { "type": "MultiPolygon", "coordinates": [ [ [ [ 80.93501096301695, 6.951432990577734 ], [ 80.935241418995574, 6.951381367469288 ], [ 80.935280114235624, 6.95137886311908 ], [ 80.935305762307024, 6.951366307149421 ], [ 80.935660089287637, 6.950905130301321 ], [ 80.935708427766599, 6.950842213501899 ], [ 80.935844493358005, 6.950698517271089 ], [ 80.935950904404777, 6.950586135666401 ], [ 80.936122471225318, 6.950404944443429 ], [ 80.936177069441257, 6.950347284988347 ], [ 80.936179874868188, 6.950344384807996 ], [ 80.936324393258303, 6.950244717619657 ], [ 80.93652343991613, 6.950153932257583 ], [ 80.936811145107882, 6.949783545911204 ], [ 80.93688351991139, 6.949637297240765 ], [ 80.936906795021002, 6.949590264962668 ], [ 80.93694791717563, 6.949395116953614 ], [ 80.936954671092039, 6.949386854650489 ], [ 80.936957963515468, 6.949213419394638 ], [ 80.937202187387854, 6.948928851694671 ], [ 80.937350716322257, 6.948803267874774 ], [ 80.937499797266355, 6.948675142695583 ], [ 80.93758014225206, 6.948548261651842 ], [ 80.93758842987387, 6.948531311964533 ], [ 80.937564281942159, 6.94847039372151 ], [ 80.937486379206049, 6.948181045553337 ], [ 80.937465089283819, 6.947976375438611 ], [ 80.937473490221663, 6.947914750720498 ], [ 80.93748625682403, 6.947821093665172 ], [ 80.937670209516924, 6.947969247586054 ], [ 80.937847080757876, 6.948096229294688 ], [ 80.938038174102246, 6.948188720924025 ], [ 80.938048273063089, 6.948244749773746 ], [ 80.938148651437132, 6.948252231331686 ], [ 80.938478019161138, 6.948272994155099 ], [ 80.938653735092174, 6.948257413333907 ], [ 80.938907087346379, 6.948234949344675 ], [ 80.939163627952908, 6.948199544277706 ], [ 80.939235755415922, 6.948189590146913 ], [ 80.939424674862735, 6.948199407633613 ], [ 80.939512220297374, 6.948203959712402 ], [ 80.939648258161114, 6.948358318448973 ], [ 80.939782687205351, 6.948471198559992 ], [ 80.939959555216745, 6.948584064002683 ], [ 80.940221306018259, 6.948711014629181 ], [ 80.940419388795917, 6.94880975711073 ], [ 80.940518424872153, 6.948845011959219 ], [ 80.940596242403529, 6.948880274130606 ], [ 80.940674059041541, 6.948915537193526 ], [ 80.940843901424842, 6.949162504739224 ], [ 80.940928822551399, 6.949289516220674 ], [ 80.941027864575375, 6.949338887318206 ], [ 80.941176408330037, 6.949360008480269 ], [ 80.941353240131477, 6.949367006111865 ], [ 80.941438118071801, 6.949366975686914 ], [ 80.941731099941109, 6.94934259371063 ], [ 80.941922072826671, 6.949335468031896 ], [ 80.941969564026422, 6.94933180616463 ], [ 80.942014021754062, 6.949328377760645 ], [ 80.942105975616855, 6.949335404734995 ], [ 80.9422474583031, 6.949391817119651 ], [ 80.942260732204659, 6.949397831601043 ], [ 80.942269934225138, 6.949397833809554 ], [ 80.94244222786692, 6.949292332190559 ], [ 80.942554740510417, 6.949283731645029 ], [ 80.942586921368047, 6.949281271487238 ], [ 80.942741110964477, 6.9493577243229 ], [ 80.942744957006184, 6.94936231056534 ], [ 80.942861213430191, 6.949425232731559 ], [ 80.942988829497025, 6.949439478827315 ], [ 80.943199992458972, 6.949487649841701 ], [ 80.943658141372111, 6.949487505710556 ], [ 80.943704968501308, 6.94928455725925 ], [ 80.94377309088064, 6.94892991327221 ], [ 80.943883860759968, 6.948789277587863 ], [ 80.943890588200162, 6.948780733956094 ], [ 80.943935586927083, 6.948679729575288 ], [ 80.943977316668807, 6.948586062149607 ], [ 80.944018970350257, 6.948507672247736 ], [ 80.944216759011283, 6.948581556319223 ], [ 80.944408630625475, 6.948608832190174 ], [ 80.944585071263603, 6.948534419597725 ], [ 80.944744497601675, 6.948349605141739 ], [ 80.944828649126777, 6.948241505998696 ], [ 80.944872143484361, 6.948122641842556 ], [ 80.944927898695212, 6.947983422619427 ], [ 80.945012997923897, 6.947881194826263 ], [ 80.945057735536494, 6.94734247838392 ], [ 80.94523802721028, 6.947285723656208 ], [ 80.945238603527912, 6.947285264963369 ], [ 80.945350098725399, 6.947272458158515 ], [ 80.94544600295275, 6.947255332446866 ], [ 80.945610385894796, 6.94715615368357 ], [ 80.945795328494725, 6.947077473776242 ], [ 80.945944043732283, 6.946982444968641 ], [ 80.946101555184839, 6.94682857913111 ], [ 80.946173452703889, 6.946726014025452 ], [ 80.946221369383451, 6.946620039179908 ], [ 80.946265847169457, 6.946476468658142 ], [ 80.946268660647959, 6.946269051214572 ], [ 80.946269184347784, 6.94623037075486 ], [ 80.946259053325022, 6.946009186126367 ], [ 80.946282982962359, 6.945872457768428 ], [ 80.946330902307182, 6.945776736939534 ], [ 80.946402805751589, 6.945691260641377 ], [ 80.946488927320331, 6.94560787001444 ], [ 80.946628801072919, 6.945472429419843 ], [ 80.946793170534463, 6.945335650649032 ], [ 80.946847955246042, 6.945280943423809 ], [ 80.946895884834973, 6.945209148002419 ], [ 80.946951510287789, 6.94503884095108 ], [ 80.946992566020768, 6.944905524715634 ], [ 80.947078154167826, 6.944779028185213 ], [ 80.947160326738228, 6.944679875742131 ], [ 80.947204831417807, 6.944604665019619 ], [ 80.947239048275407, 6.94450211331315 ], [ 80.947259542076438, 6.944344878082744 ], [ 80.947222092844129, 6.944181867043334 ], [ 80.947215181108078, 6.944067895973332 ], [ 80.947207426348058, 6.943940021359705 ], [ 80.947232227328243, 6.943788793752047 ], [ 80.947362260036542, 6.943426441195944 ], [ 80.947407337353482, 6.943290812044042 ], [ 80.947468954252983, 6.943177995514823 ], [ 80.947499752412, 6.943099371391152 ], [ 80.947578514625249, 6.943037819725087 ], [ 80.947650446491068, 6.943037793786953 ], [ 80.947715530416772, 6.943048024338943 ], [ 80.947784055116045, 6.943095850544736 ], [ 80.94784916525218, 6.943171023560591 ], [ 80.9478974924711, 6.943231260629057 ], [ 80.94788112624417, 6.943242496326354 ], [ 80.947841899390951, 6.943271874510947 ], [ 80.947961117013875, 6.9434124542689 ], [ 80.947979178442552, 6.943414159610825 ], [ 80.947983050105989, 6.943414524459306 ], [ 80.948027390713804, 6.943471741636591 ], [ 80.948114693853057, 6.943569199767158 ], [ 80.948186640660666, 6.943610190763454 ], [ 80.948251725245896, 6.94361700292783 ], [ 80.948306533376098, 6.943620401397247 ], [ 80.948325474384021, 6.943619399791979 ], [ 80.948371612434372, 6.943616959517496 ], [ 80.948422996431049, 6.943623776620686 ], [ 80.948457250507602, 6.943627181615216 ], [ 80.948724481642614, 6.943777476824498 ], [ 80.948984871468539, 6.943948282423376 ], [ 80.94913904273227, 6.944033675991413 ], [ 80.949300055395469, 6.944088304929394 ], [ 80.949467911705526, 6.944125841570252 ], [ 80.949598075491551, 6.944129212411195 ], [ 80.949769342213472, 6.944125730681352 ], [ 80.949891512642793, 6.944115354250157 ], [ 80.94999781550834, 6.944106325593803 ], [ 80.950282118759915, 6.944102802331098 ], [ 80.950460238375882, 6.944102737057213 ], [ 80.950518468883729, 6.944102716607804 ], [ 80.950569850797351, 6.944106115166139 ], [ 80.950624655374142, 6.944109513367083 ], [ 80.950700020861973, 6.944126575447716 ], [ 80.95079251771952, 6.944160720968614 ], [ 80.950891873800487, 6.944215373814513 ], [ 80.951001513592061, 6.944290528199513 ], [ 80.951248211251851, 6.94448868042837 ], [ 80.951408035470138, 6.944610377597744 ], [ 80.951531383989433, 6.944709454070048 ], [ 80.951750655903396, 6.944842674571379 ], [ 80.951799415316628, 6.944870721066825 ], [ 80.952196047966893, 6.945098859599453 ], [ 80.952586631423941, 6.945344809611437 ], [ 80.952842184390875, 6.945534811615998 ], [ 80.952955248000464, 6.945606545946549 ], [ 80.953099145235072, 6.945691942011361 ], [ 80.953294443766552, 6.945832007315592 ], [ 80.953434896958612, 6.945869553643162 ], [ 80.953578772259107, 6.945893424506548 ], [ 80.953681528300251, 6.94588313210875 ], [ 80.953753452525291, 6.945859179779901 ], [ 80.953873322324966, 6.945811283152748 ], [ 80.953972625680379, 6.945725796398573 ], [ 80.954089061064082, 6.945653974641852 ], [ 80.954178110360544, 6.945630016742448 ], [ 80.954243193628727, 6.945629991455402 ], [ 80.954280871608631, 6.945626559025739 ], [ 80.954318550871278, 6.945626544902556 ], [ 80.954506048138228, 6.945688045755618 ], [ 80.954654460546394, 6.945725011781082 ], [ 80.954670481281994, 6.945729001026423 ], [ 80.954882862548587, 6.945752845756902 ], [ 80.955030153340829, 6.945752791247692 ], [ 80.95514318767097, 6.945745913880153 ], [ 80.955249366060585, 6.945725365830396 ], [ 80.955317870334881, 6.945718502486885 ], [ 80.955396655163995, 6.945718474588766 ], [ 80.955478864861391, 6.945721860982061 ], [ 80.955571356797719, 6.945738915813909 ], [ 80.955876238214259, 6.945803742171345 ], [ 80.956097832102984, 6.945862695602375 ], [ 80.956159703991219, 6.945885214024147 ], [ 80.956707631320725, 6.946084633635218 ], [ 80.956995411401465, 6.946210990806121 ], [ 80.957132443091908, 6.946255372139365 ], [ 80.957255765412285, 6.946279249705642 ], [ 80.957392782784638, 6.946286034087541 ], [ 80.957526377381072, 6.946299655450251 ], [ 80.957663407835838, 6.946340619223497 ], [ 80.95785012799, 6.946403411296163 ], [ 80.958055678147602, 6.94647510991499 ], [ 80.958329728767112, 6.946529693354058 ], [ 80.958602979425891, 6.94653483444643 ], [ 80.958616443691454, 6.946451942517821 ], [ 80.958664261532221, 6.946157569766623 ], [ 80.958764132119867, 6.945692732703892 ], [ 80.958784600007206, 6.945630881477976 ], [ 80.958952251907448, 6.945202738014542 ], [ 80.9592861357999, 6.94435347617349 ], [ 80.959320611989284, 6.943586049753918 ], [ 80.959099760923948, 6.942923657396351 ], [ 80.958795115807149, 6.9424506388902 ], [ 80.958537894743799, 6.942143877419195 ], [ 80.957947528353316, 6.941719516868999 ], [ 80.957752639349081, 6.941596209340394 ], [ 80.95775033921467, 6.941575777226303 ], [ 80.956915536111083, 6.940909214641341 ], [ 80.956063775099153, 6.940259331585271 ], [ 80.955987842543877, 6.940201394618886 ], [ 80.955956919383226, 6.940201390031952 ], [ 80.95549242737134, 6.93946005063944 ], [ 80.955398690919537, 6.938278454634303 ], [ 80.95524787919922, 6.937111225174283 ], [ 80.955249399240188, 6.936517314764668 ], [ 80.955006907935356, 6.936112744840247 ], [ 80.954937874161558, 6.93606758848138 ], [ 80.95464532984235, 6.93587623577901 ], [ 80.954347209903958, 6.935563330547527 ], [ 80.954324153935517, 6.935539130661328 ], [ 80.953928218011612, 6.935006116163541 ], [ 80.953551320110904, 6.934311159377132 ], [ 80.953219431284424, 6.933534406464171 ], [ 80.953158951148396, 6.933052373722394 ], [ 80.953157100431611, 6.933037625027302 ], [ 80.953149069167793, 6.932860995332616 ], [ 80.953213055929936, 6.93227351472877 ], [ 80.953234322018034, 6.932196611981855 ], [ 80.953280412362588, 6.932105621619632 ], [ 80.953328192824586, 6.932011293700535 ], [ 80.953343585257699, 6.931848288746185 ], [ 80.953350298040917, 6.931777214294957 ], [ 80.95338853029557, 6.931372362490138 ], [ 80.953406994686631, 6.931176839918726 ], [ 80.953392045472512, 6.931084198369966 ], [ 80.953389903914925, 6.931070939190245 ], [ 80.95336061686757, 6.930889455795382 ], [ 80.953121276157802, 6.930656114747303 ], [ 80.952912288028543, 6.9303617436233 ], [ 80.95267948140318, 6.930186335785081 ], [ 80.952406933690327, 6.930040457581714 ], [ 80.952142301469834, 6.929871591305571 ], [ 80.95184959266301, 6.92966736473876 ], [ 80.951808319615381, 6.929648739302838 ], [ 80.951740382668888, 6.929717927303654 ], [ 80.951693312575244, 6.929765863426032 ], [ 80.951674692778624, 6.929784825644571 ], [ 80.950480542229727, 6.931000955430012 ], [ 80.949828388240491, 6.931665108692336 ], [ 80.949290399394215, 6.932409332003926 ], [ 80.948647747704669, 6.933298338301084 ], [ 80.948368728344036, 6.933503361721857 ], [ 80.948219208970684, 6.93364155721179 ], [ 80.948007023467525, 6.93384809722282 ], [ 80.947850033276907, 6.93401110338485 ], [ 80.947733390851411, 6.93408591605262 ], [ 80.947587850912285, 6.934153150986694 ], [ 80.947515295991067, 6.934160777878591 ], [ 80.9474257104673, 6.934168419929372 ], [ 80.947358471878559, 6.934235378837824 ], [ 80.947295704076097, 6.934293000880385 ], [ 80.947253415407559, 6.934410137605953 ], [ 80.947194228356892, 6.934477332337545 ], [ 80.947137069239872, 6.934564416754486 ], [ 80.94704338438298, 6.93473642589118 ], [ 80.94702155528968, 6.934738060590117 ], [ 80.946898852028795, 6.934828157262252 ], [ 80.946855903523996, 6.934859692583189 ], [ 80.946741288293808, 6.934945791953633 ], [ 80.946585480255877, 6.935058749749696 ], [ 80.946487232525485, 6.935097700325328 ], [ 80.94644713133971, 6.935026594773581 ], [ 80.946373373186063, 6.934939675730766 ], [ 80.946292924237682, 6.934879513243485 ], [ 80.946158862438963, 6.934832745622083 ], [ 80.94606500434179, 6.934759210342246 ], [ 80.945843749145666, 6.934538584699217 ], [ 80.945562181505991, 6.934338044461286 ], [ 80.945046869530358, 6.934361113055893 ], [ 80.945036468739858, 6.934379002300591 ], [ 80.944989719519995, 6.934406127551698 ], [ 80.944958594892839, 6.934429009635613 ], [ 80.94490439850793, 6.934397035968096 ], [ 80.944853201257871, 6.934367781413076 ], [ 80.944642737301407, 6.934401541698858 ], [ 80.944555080971725, 6.934403804562217 ], [ 80.94428916353074, 6.93445905818361 ], [ 80.943782446541505, 6.934527797553915 ], [ 80.943621291967403, 6.93456543943627 ], [ 80.943610036321516, 6.934548493805544 ], [ 80.943583118060346, 6.934574357659119 ], [ 80.943576461546854, 6.934580755320752 ], [ 80.943466436362158, 6.934588808044363 ], [ 80.94281702174959, 6.934843713741865 ], [ 80.942580993817202, 6.934913667361143 ], [ 80.942207048110632, 6.935024493419796 ], [ 80.942140381303815, 6.935044250646634 ], [ 80.941989231978098, 6.935113628168486 ], [ 80.940911414284116, 6.935410598081685 ], [ 80.939685650270974, 6.93558889964342 ], [ 80.939470442343506, 6.935567193976593 ], [ 80.939322378113204, 6.935567196818653 ], [ 80.939191275029614, 6.935562411783824 ], [ 80.939052041538858, 6.935678692072125 ], [ 80.939040131896292, 6.935688638196114 ], [ 80.938961719378213, 6.935854178339137 ], [ 80.938819517539159, 6.935907290398322 ], [ 80.938660788454868, 6.935966574587836 ], [ 80.938503914287153, 6.936025166290795 ], [ 80.938336246320773, 6.936078016501177 ], [ 80.938221027353819, 6.936108245423559 ], [ 80.938132343423106, 6.936131512005045 ], [ 80.937937865747202, 6.93619557386367 ], [ 80.937777803301486, 6.936225218356446 ], [ 80.937787011386604, 6.936323644592584 ], [ 80.937822420944855, 6.936450673581426 ], [ 80.937893468074293, 6.936611356331459 ], [ 80.938027912541259, 6.93678069984998 ], [ 80.93812699220922, 6.936957112643818 ], [ 80.93814533718384, 6.937045433645902 ], [ 80.938155542362068, 6.937073992989653 ], [ 80.938153741900464, 6.937085898016675 ], [ 80.938169501655892, 6.937161776510584 ], [ 80.938169573835751, 6.937373513908218 ], [ 80.938190860166017, 6.937571128615681 ], [ 80.938245684813637, 6.937789642394113 ], [ 80.938290017428429, 6.937966335130135 ], [ 80.938417466254847, 6.938361534680548 ], [ 80.938523563275311, 6.938817708633638 ], [ 80.938012342096073, 6.938907942704867 ], [ 80.93775076874158, 6.938923089369005 ], [ 80.937619162411025, 6.938888830631353 ], [ 80.937530440916987, 6.938893709669347 ], [ 80.937311437303407, 6.938936971301572 ], [ 80.937224548016161, 6.93895413479293 ], [ 80.936454926305302, 6.938951098446369 ], [ 80.935765848359281, 6.93882086441721 ], [ 80.935616338288625, 6.938641534433375 ], [ 80.935401442928949, 6.938497670041714 ], [ 80.935147340013629, 6.938474173155954 ], [ 80.935101248843878, 6.938510053723223 ], [ 80.935022839722777, 6.938507170720502 ], [ 80.934931926375313, 6.938503830675703 ], [ 80.934759877912199, 6.938795245086506 ], [ 80.934632015201316, 6.939011819811918 ], [ 80.934050491999614, 6.940184620638843 ], [ 80.934049739559413, 6.940186136522063 ], [ 80.933739053925109, 6.940812713436449 ], [ 80.933517199842825, 6.941076307246759 ], [ 80.933408241177403, 6.941205764450215 ], [ 80.932973787546629, 6.941412973606181 ], [ 80.932937862655137, 6.941430105956901 ], [ 80.932719107147662, 6.941500720072968 ], [ 80.932645710849698, 6.941524411980417 ], [ 80.932557066289249, 6.941553026560345 ], [ 80.93247698067303, 6.941577740709667 ], [ 80.932122083011095, 6.941687261346312 ], [ 80.932093469730432, 6.941697037339281 ], [ 80.931451945015851, 6.941916215564136 ], [ 80.931119885411306, 6.94202966539584 ], [ 80.930897255315756, 6.942164830925183 ], [ 80.93071573948481, 6.942275034724576 ], [ 80.930576340240009, 6.942367212618688 ], [ 80.930357255090627, 6.942512082772543 ], [ 80.93021595123362, 6.942717470693179 ], [ 80.930115362403242, 6.942863680520355 ], [ 80.929933010641079, 6.943359031579305 ], [ 80.929917393108298, 6.943383655727401 ], [ 80.929779369352829, 6.943684056228323 ], [ 80.929750183415763, 6.943711770279898 ], [ 80.929610190391259, 6.943844711941803 ], [ 80.92946233173069, 6.94398511851469 ], [ 80.929090260789664, 6.944365970722993 ], [ 80.929070570195734, 6.944386126119796 ], [ 80.929064237360251, 6.944392608484583 ], [ 80.929059456068913, 6.944397501467181 ], [ 80.92906918134814, 6.944403951538954 ], [ 80.929090716986309, 6.944453329309732 ], [ 80.929156971147748, 6.94455976588369 ], [ 80.929168027324621, 6.944618498553526 ], [ 80.929168548883368, 6.944672739258148 ], [ 80.929106043253796, 6.944782889680157 ], [ 80.929102379843286, 6.944830612516893 ], [ 80.929176004366582, 6.944973756516857 ], [ 80.929176011743564, 6.944999453556994 ], [ 80.929172340335995, 6.945025152685271 ], [ 80.929131894088158, 6.945091244067034 ], [ 80.929076729137606, 6.945146324706589 ], [ 80.928988455375659, 6.945205090218879 ], [ 80.928911233858571, 6.945318915963654 ], [ 80.928907575150063, 6.945381323079417 ], [ 80.928937027620691, 6.945447391079327 ], [ 80.929014309431835, 6.945520786748054 ], [ 80.929032709045927, 6.945529958734871 ], [ 80.929183566358233, 6.945605163760405 ], [ 80.929261582328138, 6.945648147909964 ], [ 80.929331499813799, 6.945703190091201 ], [ 80.929392582607093, 6.945735243781031 ], [ 80.929401411390558, 6.945739877363149 ], [ 80.92953755041701, 6.945802240304534 ], [ 80.929573741837885, 6.945838329823073 ], [ 80.929591445260414, 6.945863448719094 ], [ 80.929736303187212, 6.946088513305209 ], [ 80.929831981570999, 6.946169245031006 ], [ 80.929960785786875, 6.946301357387924 ], [ 80.930166843639086, 6.946418762213467 ], [ 80.930367710658075, 6.946542064769925 ], [ 80.93037182455214, 6.946663996863563 ], [ 80.930384063430552, 6.94674121061474 ], [ 80.930408530661268, 6.946810299641053 ], [ 80.930515968632349, 6.94696288614936 ], [ 80.930548034708963, 6.947008427028187 ], [ 80.930649897553124, 6.947126258839372 ], [ 80.93081693277378, 6.94723594143519 ], [ 80.930926948473385, 6.947341578544609 ], [ 80.931004366861828, 6.947435036975163 ], [ 80.931089947121706, 6.947569132683058 ], [ 80.931183679387843, 6.947735738579884 ], [ 80.931457478284656, 6.948116773974361 ], [ 80.931530828414424, 6.948222422007668 ], [ 80.931579745433694, 6.948336206913805 ], [ 80.931632755415052, 6.948506890924785 ], [ 80.931644741600067, 6.94857718127323 ], [ 80.93166948290272, 6.948722288721206 ], [ 80.931706195343793, 6.948888919483782 ], [ 80.931742903811426, 6.949043350119901 ], [ 80.931783663038658, 6.949128690610123 ], [ 80.931911315549783, 6.949274300583576 ], [ 80.932070211705522, 6.949404308058298 ], [ 80.93214286436752, 6.949476758784282 ], [ 80.932229116402468, 6.949562766149324 ], [ 80.932280990855176, 6.949634037215015 ], [ 80.93241248787092, 6.949814694342053 ], [ 80.932461394089728, 6.949900028470335 ], [ 80.932571464384992, 6.950168243913863 ], [ 80.932637651321997, 6.950354106003053 ], [ 80.932669322984225, 6.950442708552754 ], [ 80.932669391368563, 6.950444252196978 ], [ 80.932679541691897, 6.950479418591276 ], [ 80.932684454078938, 6.950485038198618 ], [ 80.932764037301936, 6.9507076626108 ], [ 80.932775585346675, 6.950727554651209 ], [ 80.932808868490881, 6.950784870955647 ], [ 80.932931106518694, 6.950914890203255 ], [ 80.933032964606298, 6.95099208060613 ], [ 80.93303705011526, 6.951028657013195 ], [ 80.933053353119718, 6.95107336008641 ], [ 80.933053364779951, 6.951105874748801 ], [ 80.933052808662865, 6.951107262152567 ], [ 80.933045222867477, 6.951126199217287 ], [ 80.933016724697936, 6.951162786384464 ], [ 80.932947499141079, 6.951211582594063 ], [ 80.932935282466019, 6.951227845315789 ], [ 80.932927142355553, 6.951248167068753 ], [ 80.932919003122834, 6.951276623139814 ], [ 80.93292716116369, 6.951305071119576 ], [ 80.932947548414134, 6.951357900836257 ], [ 80.933000946283187, 6.951423662217643 ], [ 80.933004334777507, 6.951429636816004 ], [ 80.933004605792505, 6.951428168118059 ], [ 80.933094863339534, 6.951485175297476 ], [ 80.933237450329599, 6.951554219683282 ], [ 80.933404476493195, 6.951627323546407 ], [ 80.933591858060879, 6.951684161914161 ], [ 80.933618811010575, 6.951692813609724 ], [ 80.933832200855193, 6.951761305311305 ], [ 80.933870554734213, 6.951769037135922 ], [ 80.933923335328117, 6.951779676061721 ], [ 80.933972225351724, 6.95181217810149 ], [ 80.934026070872576, 6.951884541620386 ], [ 80.934065951391176, 6.951938138898915 ], [ 80.934196347726242, 6.952116928437874 ], [ 80.934213205549824, 6.952109748893566 ], [ 80.934256185305685, 6.952091442999762 ], [ 80.934267506787762, 6.952082963986405 ], [ 80.934303382122422, 6.952056098394401 ], [ 80.934303857130644, 6.952055742840254 ], [ 80.934412746358959, 6.951877106073459 ], [ 80.934415058280706, 6.951873311699715 ], [ 80.934466684990596, 6.951778132473128 ], [ 80.934507738525923, 6.951737141541031 ], [ 80.93453421550997, 6.95171070409345 ], [ 80.934625590046934, 6.951651198596759 ], [ 80.934720927336613, 6.951563935605039 ], [ 80.934811368343617, 6.95150587909836 ], [ 80.934832168070699, 6.951492526262776 ], [ 80.93501096301695, 6.951432990577734 ] ] ] ] } },
{ "type": "Feature", "properties": { "GND_N": "Pitiyakumbura", "PROVINCE_N": "UVA", "DISTRICT_N": "BADULLA", "DSD_N": "UVAPARANAGAMA", "Female": 706, "Male": 726, "Density": 462.40581261300002, "MWS_ID": "046", "GND_NO": "39C", "GND_C": "090", "PROVINCE_C": "8", "DISTRICT_C": "1", "DSD_C": "27", "Admin_Code": "8127090", "GND_NAME_G": "පිටියකු", "AreaGND": 309.68468841399999, "MWS_ID_2": null, "AreaGND_1": 3.0968468841400001, "Total": 1432, "FP_MWS": "046" }, "geometry": { "type": "MultiPolygon", "coordinates": [ [ [ [ 80.963778666007627, 6.984010063872571 ], [ 80.963757311661794, 6.983544987860572 ], [ 80.963688174310192, 6.983340958905086 ], [ 80.963565318392057, 6.982978417047927 ], [ 80.963550444945881, 6.982908600945263 ], [ 80.96332205679181, 6.982542276497578 ], [ 80.96320738724873, 6.982295196671194 ], [ 80.963057960227758, 6.982048892890018 ], [ 80.962964174019817, 6.981860601357137 ], [ 80.963146638503858, 6.981723582776988 ], [ 80.963475360899253, 6.981822796846592 ], [ 80.963547399888611, 6.98173592983694 ], [ 80.963824969814766, 6.981438023148592 ], [ 80.963693291476943, 6.981334287401902 ], [ 80.963622873320602, 6.981247431652326 ], [ 80.963666001445219, 6.981131994372316 ], [ 80.963792469991645, 6.980898228128545 ], [ 80.963919100029102, 6.980795449713353 ], [ 80.964067253776463, 6.980801051855057 ], [ 80.964126416770796, 6.980810932373722 ], [ 80.964231989936067, 6.980674785864783 ], [ 80.964329610189012, 6.980670024701841 ], [ 80.964572814318245, 6.980617779738949 ], [ 80.964804320250039, 6.980594267532759 ], [ 80.964917750055335, 6.980505881741474 ], [ 80.964986108212983, 6.980207577677803 ], [ 80.965003730801456, 6.979981940943812 ], [ 80.9649614485961, 6.979672347297639 ], [ 80.964851934781933, 6.979388392425204 ], [ 80.964780463216101, 6.979197281728292 ], [ 80.964811770371739, 6.978736273083451 ], [ 80.964851697932389, 6.9785330354149 ], [ 80.964898359246106, 6.978515958740212 ], [ 80.964982997344805, 6.978484985696071 ], [ 80.964914474439155, 6.978298166606557 ], [ 80.96480831787521, 6.978154779488463 ], [ 80.964772781973437, 6.978057497717405 ], [ 80.964780217624764, 6.977644467857855 ], [ 80.964815642419822, 6.977302844953638 ], [ 80.964717686258453, 6.977010810783578 ], [ 80.964574812131261, 6.976699382493164 ], [ 80.964512279282502, 6.976439947304707 ], [ 80.96437474464598, 6.976036131278735 ], [ 80.964288663383527, 6.975833029654685 ], [ 80.9642796560954, 6.975825572652622 ], [ 80.964116317227649, 6.97569034960661 ], [ 80.964027655414029, 6.975581724357516 ], [ 80.963904255082809, 6.975454521100493 ], [ 80.963869557782076, 6.9752618863164 ], [ 80.963840753067387, 6.9751234247851 ], [ 80.963746676989004, 6.974680869502612 ], [ 80.963631248949198, 6.974239744227464 ], [ 80.963555664514587, 6.973989640214927 ], [ 80.963512229671707, 6.973845921340994 ], [ 80.963462969075877, 6.973626816691514 ], [ 80.963633764233123, 6.973514770671523 ], [ 80.9636962431765, 6.973328257533923 ], [ 80.963637763744174, 6.972164500028704 ], [ 80.963551633192182, 6.970713450325134 ], [ 80.963551407349073, 6.970139120982649 ], [ 80.963550906730006, 6.968878255967371 ], [ 80.963507841943894, 6.968152731462052 ], [ 80.963443465669116, 6.96761926893319 ], [ 80.963635606143342, 6.966722935951857 ], [ 80.963653439328198, 6.96660996114477 ], [ 80.963667714717062, 6.966519524142298 ], [ 80.963699610213098, 6.966317460745381 ], [ 80.963621261311218, 6.965628724950889 ], [ 80.964084233316598, 6.965436044859161 ], [ 80.964778780879527, 6.965378019437076 ], [ 80.965260907920126, 6.964838836535852 ], [ 80.965955209137846, 6.964164821907694 ], [ 80.965743623212347, 6.9641171308078 ], [ 80.965516632890839, 6.964096562512383 ], [ 80.964395113090092, 6.964175930532838 ], [ 80.962804430787912, 6.963873176871417 ], [ 80.961470424995724, 6.963142279592307 ], [ 80.961031609053279, 6.96313310937525 ], [ 80.959931926215603, 6.963161749762806 ], [ 80.959378005977342, 6.962963831725298 ], [ 80.959358547707552, 6.962944423626396 ], [ 80.959073048655554, 6.962849565540573 ], [ 80.95905550893815, 6.962848601074794 ], [ 80.958828363260253, 6.962836093371569 ], [ 80.958781912329457, 6.962806316837561 ], [ 80.958638007085085, 6.962714062599551 ], [ 80.958420512963585, 6.962714147172129 ], [ 80.958230236125175, 6.962795622108267 ], [ 80.95804006439441, 6.963148438138099 ], [ 80.957834044343173, 6.963375877039766 ], [ 80.957761688499275, 6.963434638147575 ], [ 80.957550815410855, 6.963447100754661 ], [ 80.957251754074193, 6.963433647677592 ], [ 80.956993463669008, 6.963393044013799 ], [ 80.956925000521508, 6.963386237129837 ], [ 80.956721585022038, 6.963366013711049 ], [ 80.956511430919278, 6.963284539058416 ], [ 80.956476868380591, 6.963271137612598 ], [ 80.956327313628179, 6.963203360073452 ], [ 80.956177748597284, 6.96310844764259 ], [ 80.956028186341172, 6.963013536065795 ], [ 80.955892225179213, 6.962945751418114 ], [ 80.955789257740108, 6.963014318460269 ], [ 80.955477697457283, 6.96294362862057 ], [ 80.955117927937607, 6.962998350775289 ], [ 80.954896782342743, 6.963215374636491 ], [ 80.954769101101931, 6.963266879136945 ], [ 80.954674163627701, 6.963836728634596 ], [ 80.954592801372002, 6.964365874340371 ], [ 80.95410362630362, 6.964868036659125 ], [ 80.953777469669262, 6.965098799788652 ], [ 80.953369750697206, 6.965329591395754 ], [ 80.953029959280073, 6.965451819725167 ], [ 80.952841644787625, 6.965503155536143 ], [ 80.952730933071976, 6.965533334875006 ], [ 80.952635032765571, 6.965528813757505 ], [ 80.952445464900293, 6.965519874629575 ], [ 80.95239609617343, 6.965477673277362 ], [ 80.952396616171242, 6.965476616845086 ], [ 80.952393897159382, 6.965475793121731 ], [ 80.952255095870612, 6.965357140825829 ], [ 80.952064767319811, 6.965302943615462 ], [ 80.951860858596433, 6.965289451829737 ], [ 80.951711329893541, 6.965289507241238 ], [ 80.951548225472067, 6.96533026900225 ], [ 80.951371508808791, 6.965330334367372 ], [ 80.951058851927826, 6.965316882427203 ], [ 80.950773385718776, 6.965303420262643 ], [ 80.950610288491745, 6.965371315647892 ], [ 80.950365660043261, 6.965520643703725 ], [ 80.950346945788851, 6.965537648976952 ], [ 80.950117072935427, 6.965746537757915 ], [ 80.949790872950985, 6.965868759701279 ], [ 80.949663303036147, 6.965938642995912 ], [ 80.949587497614303, 6.965980167915937 ], [ 80.949369559553645, 6.966099553802431 ], [ 80.94885302650863, 6.966154011120594 ], [ 80.948282132136484, 6.966249187194543 ], [ 80.947905867126991, 6.966357244580159 ], [ 80.948408728673428, 6.966808606079057 ], [ 80.948222515298497, 6.967041089736785 ], [ 80.94807374945664, 6.967226826584966 ], [ 80.947839278464841, 6.967561389416083 ], [ 80.94770527267751, 6.967695230346186 ], [ 80.947403683612549, 6.967778959579502 ], [ 80.947291280620007, 6.967727231816829 ], [ 80.947185811355908, 6.967678693753371 ], [ 80.947068460217238, 6.967528221121727 ], [ 80.946951149608552, 6.967494814644881 ], [ 80.946783589810465, 6.967511600307841 ], [ 80.946551200079568, 6.967677395016093 ], [ 80.946549057512627, 6.96767892407783 ], [ 80.946297809561486, 6.967963320844498 ], [ 80.94608005158463, 6.968180809723133 ], [ 80.94587900029822, 6.968264501926905 ], [ 80.945644408281993, 6.968264585907907 ], [ 80.945292452664646, 6.968080748822246 ], [ 80.945141607460997, 6.967980458115548 ], [ 80.944918834407048, 6.967980536613195 ], [ 80.944797100271145, 6.968463166426701 ], [ 80.944558517080296, 6.968946623605783 ], [ 80.944225750746696, 6.969460465594791 ], [ 80.944218775474653, 6.969475305155369 ], [ 80.943976662391378, 6.969820854454581 ], [ 80.943698084292649, 6.969957521722563 ], [ 80.943318133521132, 6.969804426217746 ], [ 80.943011466376703, 6.969858675643475 ], [ 80.942424747694858, 6.969845011575981 ], [ 80.942250257835823, 6.969773997292956 ], [ 80.942250301405394, 6.969895480167061 ], [ 80.942129644254194, 6.970149933240848 ], [ 80.942099602940715, 6.970213287375381 ], [ 80.941915366351992, 6.97046421051865 ], [ 80.941714408813368, 6.970815484879476 ], [ 80.941605530938119, 6.971110742701262 ], [ 80.941597222414117, 6.971133279310494 ], [ 80.941630841377773, 6.971434298461262 ], [ 80.941693038221075, 6.971782598737436 ], [ 80.941730459026147, 6.971992154184586 ], [ 80.941786784355102, 6.97204405931472 ], [ 80.941882517072528, 6.972132278764809 ], [ 80.942013427499774, 6.972252914587439 ], [ 80.942242634754734, 6.972464133627433 ], [ 80.941824687654432, 6.973281580355096 ], [ 80.941667121068988, 6.974167329952265 ], [ 80.94125064229442, 6.974679275681535 ], [ 80.941415099369181, 6.974961879813736 ], [ 80.941415266213909, 6.975436391542448 ], [ 80.941296553441859, 6.975860106017801 ], [ 80.941268977293959, 6.975893154760287 ], [ 80.941351065062989, 6.975838336427912 ], [ 80.941767502975281, 6.975654033627626 ], [ 80.942110064913379, 6.975585138732092 ], [ 80.942425820352014, 6.975511736862809 ], [ 80.94274615025536, 6.975526912559392 ], [ 80.943068458527264, 6.975482925297615 ], [ 80.94335575931207, 6.975382182767034 ], [ 80.943689378318396, 6.975173729801292 ], [ 80.943944590147964, 6.974993459323076 ], [ 80.944202652754186, 6.974833765366944 ], [ 80.944431814368571, 6.974796155820321 ], [ 80.944753213681835, 6.974603589836828 ], [ 80.944898791508891, 6.974335590586095 ], [ 80.944938994907915, 6.974212438508125 ], [ 80.945170480536177, 6.973886946607573 ], [ 80.945503444378133, 6.973537464834344 ], [ 80.946001152516189, 6.973222511967485 ], [ 80.946010167049508, 6.973165420286017 ], [ 80.946134092806872, 6.972868380958837 ], [ 80.946406858013987, 6.972571287199388 ], [ 80.946729302421147, 6.972459798530591 ], [ 80.947237805939864, 6.972372991722882 ], [ 80.94756671474957, 6.972091870722344 ], [ 80.947759875525392, 6.97168196560335 ], [ 80.947761817974481, 6.971662658697327 ], [ 80.947762920134394, 6.971487627395498 ], [ 80.947690098713082, 6.971325242578976 ], [ 80.947543677540594, 6.971237250664744 ], [ 80.947482400449019, 6.971143511738129 ], [ 80.947508575268714, 6.971029119188159 ], [ 80.947638830602642, 6.970984983108301 ], [ 80.947782867672743, 6.970875544187196 ], [ 80.947914587036337, 6.97073105124 ], [ 80.947897349122286, 6.970570066964828 ], [ 80.947901479478361, 6.97042737916234 ], [ 80.947970447657909, 6.970130300510494 ], [ 80.948071915301213, 6.969974221569405 ], [ 80.948232938186351, 6.969953175773366 ], [ 80.948460209991595, 6.969850776333855 ], [ 80.948600146661619, 6.969795809121753 ], [ 80.948675900251203, 6.969662396103288 ], [ 80.948681534369797, 6.96968793369139 ], [ 80.948746922332589, 6.969648190584012 ], [ 80.94885838783452, 6.969629195531123 ], [ 80.948950572985865, 6.969874267213419 ], [ 80.949101413467702, 6.969957832278093 ], [ 80.949386276558613, 6.969957728176732 ], [ 80.949593234067208, 6.969957652437761 ], [ 80.949637627938131, 6.969957636179397 ], [ 80.949821988227569, 6.970057912211511 ], [ 80.949872339288348, 6.970275303510429 ], [ 80.949905975734779, 6.970609771622636 ], [ 80.950040114279886, 6.970843855627481 ], [ 80.950123949265802, 6.970977616290615 ], [ 80.9501313352214, 6.97098235218278 ], [ 80.950358598032025, 6.971128045865527 ], [ 80.950576442592933, 6.971144689156917 ], [ 80.950760798271475, 6.971228240419895 ], [ 80.951151781382649, 6.971423170182284 ], [ 80.951196553819628, 6.971445491997609 ], [ 80.951313938236297, 6.971679582708046 ], [ 80.951330949143298, 6.972365257082065 ], [ 80.951330999630045, 6.972499049403252 ], [ 80.951266972790762, 6.972680765127421 ], [ 80.951317317721774, 6.972881432749907 ], [ 80.951362559639847, 6.97294910932996 ], [ 80.951417913792838, 6.973031911333071 ], [ 80.951445042844185, 6.973042729543419 ], [ 80.951585507282203, 6.973098744974001 ], [ 80.951803346568752, 6.973098663295585 ], [ 80.952004383620704, 6.972981522520143 ], [ 80.952188665521319, 6.972864386082816 ], [ 80.952356195803617, 6.972763980190671 ], [ 80.95267711196658, 6.972720183188907 ], [ 80.952724827883344, 6.972713670613291 ], [ 80.953043226874897, 6.972763723991918 ], [ 80.953361675184055, 6.972947567649808 ], [ 80.953490143720842, 6.97301873606399 ], [ 80.953663361494478, 6.973114693896059 ], [ 80.953998585122719, 6.973348703050449 ], [ 80.954216543310082, 6.97366637616375 ], [ 80.954345421860566, 6.973856782466121 ], [ 80.954434073576238, 6.974110847672134 ], [ 80.95449026794455, 6.974271893815735 ], [ 80.954580849983373, 6.974668974562164 ], [ 80.954834181105568, 6.974993790748048 ], [ 80.955033245466183, 6.975300576295478 ], [ 80.955485524787406, 6.97562531686176 ], [ 80.955702636067301, 6.975823791954885 ], [ 80.955720784291685, 6.975986240480079 ], [ 80.95564754635987, 6.97613256721148 ], [ 80.955540058356306, 6.976347321856057 ], [ 80.955413535978707, 6.976563978225363 ], [ 80.955413625027759, 6.976798637612144 ], [ 80.955449886220563, 6.977033280577198 ], [ 80.955683152807154, 6.977280450428901 ], [ 80.955689905010331, 6.977317545520119 ], [ 80.955708059319875, 6.977512491442178 ], [ 80.955298751526655, 6.977554985666297 ], [ 80.955058356925107, 6.977647401621706 ], [ 80.954917473327569, 6.978157632401581 ], [ 80.954794983918774, 6.978225685764134 ], [ 80.954653317030875, 6.978546820281784 ], [ 80.95455918325591, 6.978846050635911 ], [ 80.954661269034816, 6.979141145685047 ], [ 80.954723701665955, 6.97945032046566 ], [ 80.954944748336771, 6.979695603426014 ], [ 80.955211864048223, 6.979722793646708 ], [ 80.955676670976089, 6.979883037215855 ], [ 80.956076451678655, 6.980114368721314 ], [ 80.956433142055218, 6.980101408813182 ], [ 80.956652192985658, 6.980042705856463 ], [ 80.956666317298655, 6.980023789464258 ], [ 80.956813309598516, 6.97988986059259 ], [ 80.956843102968932, 6.979898902291473 ], [ 80.956855871168912, 6.979902777821588 ], [ 80.956834156980051, 6.979992412615281 ], [ 80.956700760599233, 6.9802049392203 ], [ 80.956648694016025, 6.98047824168744 ], [ 80.956526817324217, 6.980582682124401 ], [ 80.956467267800178, 6.980785455505679 ], [ 80.956534169547822, 6.980825455802741 ], [ 80.956726483072188, 6.980838745440598 ], [ 80.956830968891524, 6.980922927845896 ], [ 80.956983351129779, 6.980999533661607 ], [ 80.957010497474712, 6.981037432997663 ], [ 80.957038900450883, 6.981055134917821 ], [ 80.957299949926053, 6.981217828556256 ], [ 80.957591100681285, 6.981240967722123 ], [ 80.957762566791956, 6.981347085453581 ], [ 80.957910119249064, 6.981438402375561 ], [ 80.958251181822874, 6.98176753430152 ], [ 80.958735201991885, 6.982052709082943 ], [ 80.959659135001317, 6.982315762399208 ], [ 80.959669467260056, 6.982320650722436 ], [ 80.959770162890678, 6.982368292435967 ], [ 80.959901003512471, 6.982430196993757 ], [ 80.959888410971928, 6.982447680452043 ], [ 80.959779624183099, 6.982516631380676 ], [ 80.959590487223934, 6.982581579330047 ], [ 80.959502914245974, 6.982599699566378 ], [ 80.959458141219216, 6.982644829494474 ], [ 80.959379699272716, 6.982769897472604 ], [ 80.959319998841607, 6.982938098434008 ], [ 80.95931910496239, 6.983022873613911 ], [ 80.959129826878268, 6.983189055675914 ], [ 80.959062891423045, 6.984025507002402 ], [ 80.959349496255527, 6.984049223743764 ], [ 80.95955979376123, 6.98399474051743 ], [ 80.959727097798179, 6.983951396950087 ], [ 80.959964860624041, 6.983923396536289 ], [ 80.96032854769922, 6.984006979872471 ], [ 80.961237826135175, 6.984369435030153 ], [ 80.961450976968294, 6.984498698100215 ], [ 80.961780900064412, 6.984698777177819 ], [ 80.962298496851929, 6.984921841200301 ], [ 80.962969936944731, 6.985116936747899 ], [ 80.963739190529679, 6.985074767739343 ], [ 80.963791542698232, 6.984941701739347 ], [ 80.963789925674547, 6.984910668174088 ], [ 80.963789818970525, 6.984908628086766 ], [ 80.963785512396257, 6.984826015394622 ], [ 80.963799366346706, 6.984610151326096 ], [ 80.963809320841207, 6.984349972048967 ], [ 80.963778666007627, 6.984010063872571 ] ] ] ] } },
{ "type": "Feature", "properties": { "GND_N": "Panagoda", "PROVINCE_N": "UVA", "DISTRICT_N": "BADULLA", "DSD_N": "UVAPARANAGAMA", "Female": 384, "Male": 360, "Density": 223.843130597, "MWS_ID": "046", "GND_NO": "40A", "GND_C": "085", "PROVINCE_C": "8", "DISTRICT_C": "1", "DSD_C": "27", "Admin_Code": "8127085", "GND_NAME_G": "පනාගොඩ", "AreaGND": 332.37562306000001, "MWS_ID_2": null, "AreaGND_1": 3.3237562306, "Total": 744, "FP_MWS": "046" }, "geometry": { "type": "MultiPolygon", "coordinates": [ [ [ [ 80.971570011044534, 6.987607100519697 ], [ 80.971709820829929, 6.987467500031967 ], [ 80.972031483009076, 6.987383641897702 ], [ 80.972632739739325, 6.986964765225239 ], [ 80.97305450882557, 6.986754296307686 ], [ 80.973432151139235, 6.986754139647058 ], [ 80.973809910419803, 6.987033066044806 ], [ 80.97389359524054, 6.987120277252059 ], [ 80.973909370840445, 6.986963328168961 ], [ 80.97390837118833, 6.986927707729629 ], [ 80.973900586023888, 6.986649835740418 ], [ 80.973898663358057, 6.986588679718454 ], [ 80.973864376980856, 6.986382154583086 ], [ 80.973862822066465, 6.986332478649985 ], [ 80.973841605754941, 6.98622301691552 ], [ 80.973804185875295, 6.986152029593171 ], [ 80.973784557009267, 6.98615256682787 ], [ 80.973785942190617, 6.986131992240503 ], [ 80.973785968274612, 6.986131603375331 ], [ 80.973832024327777, 6.985446860569062 ], [ 80.973763820003938, 6.985160756557478 ], [ 80.973744163013748, 6.984640312253697 ], [ 80.973738437364986, 6.98456849416459 ], [ 80.973729746543469, 6.984459495609988 ], [ 80.973851976796936, 6.984322474631136 ], [ 80.973964230608161, 6.984071385130138 ], [ 80.974151298454501, 6.983910591498542 ], [ 80.974162722860811, 6.983888554046588 ], [ 80.974207898435836, 6.983856890514716 ], [ 80.974704720982359, 6.98378227250435 ], [ 80.975226056990238, 6.983566147717968 ], [ 80.975602555955916, 6.982993484253024 ], [ 80.97555084682736, 6.982842872968158 ], [ 80.975480392592743, 6.982637659066902 ], [ 80.975256272272858, 6.981984867172275 ], [ 80.975149998072567, 6.981232715768367 ], [ 80.975203840151451, 6.981020774733717 ], [ 80.975247950884821, 6.980847142653953 ], [ 80.975557172721253, 6.98047054438252 ], [ 80.976192055794471, 6.979908755193478 ], [ 80.976683142291918, 6.979342399721292 ], [ 80.976943071891426, 6.979012564479639 ], [ 80.977258009290338, 6.978795300736348 ], [ 80.977621144336126, 6.97854478911076 ], [ 80.978101716472764, 6.978139337372187 ], [ 80.978337924938472, 6.977873116327867 ], [ 80.97866963974954, 6.977567456111387 ], [ 80.978950978589424, 6.977170052181072 ], [ 80.979365090439046, 6.976909677578305 ], [ 80.979558781265794, 6.976753057870127 ], [ 80.979669009899638, 6.976530574956023 ], [ 80.97971811943259, 6.97643145476275 ], [ 80.979744394547893, 6.97637842181683 ], [ 80.979749696230328, 6.976367721520637 ], [ 80.979753395561119, 6.976360253021869 ], [ 80.979778073744725, 6.976310444634772 ], [ 80.979819997902538, 6.976269721681814 ], [ 80.979646489210779, 6.976126404071408 ], [ 80.979296143424946, 6.975812517720145 ], [ 80.978772115810699, 6.975331218713914 ], [ 80.978044464374477, 6.974653607435969 ], [ 80.977146234743245, 6.974055824185748 ], [ 80.976703015773566, 6.973541589509808 ], [ 80.976451349958424, 6.972991382993057 ], [ 80.976235589693616, 6.972405271680631 ], [ 80.975816282539952, 6.971807282080412 ], [ 80.97539697827078, 6.971209292061335 ], [ 80.975070269029672, 6.97067061549128 ], [ 80.974751825372095, 6.970263437649868 ], [ 80.974617580211572, 6.969909377701011 ], [ 80.974531209115455, 6.969517018086978 ], [ 80.97457891697789, 6.969076746953696 ], [ 80.97474151884272, 6.968531151159931 ], [ 80.975143549090049, 6.967918459662843 ], [ 80.975430796719493, 6.967679073085894 ], [ 80.976129199901592, 6.967117263768209 ], [ 80.976455288360555, 6.966778997998108 ], [ 80.976531774381655, 6.966443992800822 ], [ 80.976407114181299, 6.966109071750891 ], [ 80.976157975091382, 6.965860339930178 ], [ 80.975698159569404, 6.965716974141691 ], [ 80.975341438329181, 6.965688810208742 ], [ 80.974465036431965, 6.965515247711592 ], [ 80.974024257990706, 6.965382548620442 ], [ 80.973642566455396, 6.965267635837173 ], [ 80.973147399092525, 6.965069777501125 ], [ 80.972752223345978, 6.964861771459378 ], [ 80.971660567013316, 6.963746301535664 ], [ 80.971185297198247, 6.963700023789964 ], [ 80.970454954356072, 6.963688359701275 ], [ 80.969616912276749, 6.963808335941327 ], [ 80.969102093640799, 6.96383247213045 ], [ 80.968357048268871, 6.963869417636403 ], [ 80.967738914619659, 6.963904823091704 ], [ 80.967097156992651, 6.963857228519316 ], [ 80.966857651896049, 6.96373290588402 ], [ 80.966695077404566, 6.96359914553413 ], [ 80.966608393832388, 6.963661181914853 ], [ 80.966453118279844, 6.96377230754474 ], [ 80.966409511368781, 6.96380351572776 ], [ 80.965959162836825, 6.964161678739227 ], [ 80.965955209137846, 6.964164821907694 ], [ 80.965260907920126, 6.964838836535852 ], [ 80.964778780879527, 6.965378019437076 ], [ 80.964084233316598, 6.965436044859161 ], [ 80.963621261311218, 6.965628724950889 ], [ 80.963699610213098, 6.966317460745381 ], [ 80.963667714717062, 6.966519524142298 ], [ 80.963653439328198, 6.96660996114477 ], [ 80.963635606143342, 6.966722935951857 ], [ 80.963443465669116, 6.96761926893319 ], [ 80.963507841943894, 6.968152731462052 ], [ 80.963550906730006, 6.968878255967371 ], [ 80.963551407349073, 6.970139120982649 ], [ 80.963551633192182, 6.970713450325134 ], [ 80.963637763744174, 6.972164500028704 ], [ 80.9636962431765, 6.973328257533923 ], [ 80.963633764233123, 6.973514770671523 ], [ 80.963462969075877, 6.973626816691514 ], [ 80.963512229671707, 6.973845921340994 ], [ 80.963555664514587, 6.973989640214927 ], [ 80.963631248949198, 6.974239744227464 ], [ 80.963746676989004, 6.974680869502612 ], [ 80.963840753067387, 6.9751234247851 ], [ 80.963869557782076, 6.9752618863164 ], [ 80.963904255082809, 6.975454521100493 ], [ 80.964027655414029, 6.975581724357516 ], [ 80.964116317227649, 6.97569034960661 ], [ 80.9642796560954, 6.975825572652622 ], [ 80.964288663383527, 6.975833029654685 ], [ 80.96437474464598, 6.976036131278735 ], [ 80.964512279282502, 6.976439947304707 ], [ 80.964574812131261, 6.976699382493164 ], [ 80.964717686258453, 6.977010810783578 ], [ 80.964815642419822, 6.977302844953638 ], [ 80.964780217624764, 6.977644467857855 ], [ 80.964772781973437, 6.978057497717405 ], [ 80.96480831787521, 6.978154779488463 ], [ 80.964914474439155, 6.978298166606557 ], [ 80.964982997344805, 6.978484985696071 ], [ 80.964898359246106, 6.978515958740212 ], [ 80.964851697932389, 6.9785330354149 ], [ 80.964811770371739, 6.978736273083451 ], [ 80.964780463216101, 6.979197281728292 ], [ 80.964851934781933, 6.979388392425204 ], [ 80.9649614485961, 6.979672347297639 ], [ 80.965003730801456, 6.979981940943812 ], [ 80.964986108212983, 6.980207577677803 ], [ 80.964917750055335, 6.980505881741474 ], [ 80.964804320250039, 6.980594267532759 ], [ 80.964572814318245, 6.980617779738949 ], [ 80.964329610189012, 6.980670024701841 ], [ 80.964231989936067, 6.980674785864783 ], [ 80.964126416770796, 6.980810932373722 ], [ 80.964067253776463, 6.980801051855057 ], [ 80.963919100029102, 6.980795449713353 ], [ 80.963792469991645, 6.980898228128545 ], [ 80.963666001445219, 6.981131994372316 ], [ 80.963622873320602, 6.981247431652326 ], [ 80.963693291476943, 6.981334287401902 ], [ 80.963824969814766, 6.981438023148592 ], [ 80.963547399888611, 6.98173592983694 ], [ 80.963475360899253, 6.981822796846592 ], [ 80.963146638503858, 6.981723582776988 ], [ 80.962964174019817, 6.981860601357137 ], [ 80.963057960227758, 6.982048892890018 ], [ 80.96320738724873, 6.982295196671194 ], [ 80.96332205679181, 6.982542276497578 ], [ 80.963550444945881, 6.982908600945263 ], [ 80.963565318392057, 6.982978417047927 ], [ 80.963688174310192, 6.983340958905086 ], [ 80.963757311661794, 6.983544987860572 ], [ 80.963778666007627, 6.984010063872571 ], [ 80.963809320841207, 6.984349972048967 ], [ 80.963799366346706, 6.984610151326096 ], [ 80.963785512396257, 6.984826015394622 ], [ 80.963789818970525, 6.984908628086766 ], [ 80.963789925674547, 6.984910668174088 ], [ 80.963791542698232, 6.984941701739347 ], [ 80.963739190529679, 6.985074767739343 ], [ 80.964312713877874, 6.985241989503953 ], [ 80.964998253805447, 6.985716162793577 ], [ 80.965414354095614, 6.985882021782945 ], [ 80.965697702595563, 6.985994965366482 ], [ 80.966271238048833, 6.986190093585241 ], [ 80.967054621051062, 6.986496771923166 ], [ 80.967236583952683, 6.986831600572704 ], [ 80.967502463078006, 6.987152439803738 ], [ 80.967782297300687, 6.987389548339358 ], [ 80.96825790956747, 6.987542851343293 ], [ 80.968775437386057, 6.987584503010732 ], [ 80.968847073478287, 6.987579601356267 ], [ 80.96939083961469, 6.987542389214359 ], [ 80.969961484310119, 6.987496129530091 ], [ 80.970115344631907, 6.987510020818175 ], [ 80.970423111290074, 6.987649436064503 ], [ 80.970898764951016, 6.987900416555317 ], [ 80.97126241063431, 6.987872356682924 ], [ 80.971570011044534, 6.987607100519697 ] ] ] ] } },
{ "type": "Feature", "properties": { "GND_N": "Ulugala", "PROVINCE_N": "UVA", "DISTRICT_N": "BADULLA", "DSD_N": "UVAPARANAGAMA", "Female": 313, "Male": 304, "Density": 431.08423190399998, "MWS_ID": "046", "GND_NO": "53B", "GND_C": "320", "PROVINCE_C": "8", "DISTRICT_C": "1", "DSD_C": "27", "Admin_Code": "8127320", "GND_NAME_G": "උළුගල", "AreaGND": 143.12748051, "MWS_ID_2": null, "AreaGND_1": 1.4312748051, "Total": 617, "FP_MWS": "046" }, "geometry": { "type": "MultiPolygon", "coordinates": [ [ [ [ 80.947253415407559, 6.934410137605953 ], [ 80.947295704076097, 6.934293000880385 ], [ 80.947358471878559, 6.934235378837824 ], [ 80.9474257104673, 6.934168419929372 ], [ 80.947515295991067, 6.934160777878591 ], [ 80.947587850912285, 6.934153150986694 ], [ 80.947733390851411, 6.93408591605262 ], [ 80.947850033276907, 6.93401110338485 ], [ 80.948007023467525, 6.93384809722282 ], [ 80.948219208970684, 6.93364155721179 ], [ 80.948368728344036, 6.933503361721857 ], [ 80.948647747704669, 6.933298338301084 ], [ 80.949290399394215, 6.932409332003926 ], [ 80.949828388240491, 6.931665108692336 ], [ 80.950480542229727, 6.931000955430012 ], [ 80.951674692778624, 6.929784825644571 ], [ 80.951693312575244, 6.929765863426032 ], [ 80.951740382668888, 6.929717927303654 ], [ 80.951808319615381, 6.929648739302838 ], [ 80.951354361561755, 6.929443895420635 ], [ 80.950898904290952, 6.929209259870342 ], [ 80.95046493823385, 6.928823444278411 ], [ 80.950249485938599, 6.928492542624256 ], [ 80.950161864542864, 6.928169003254843 ], [ 80.95005171746898, 6.92776229222196 ], [ 80.949980003285162, 6.927747388134795 ], [ 80.949780083732776, 6.927702127671978 ], [ 80.94961221028791, 6.927616497659072 ], [ 80.949475561374953, 6.92752306645414 ], [ 80.949460911407726, 6.927509156171777 ], [ 80.94939356302676, 6.927445196704605 ], [ 80.949280326462159, 6.927332279776871 ], [ 80.949159251752548, 6.927133677227006 ], [ 80.949092321644116, 6.926947934263238 ], [ 80.949022000125993, 6.92678047326066 ], [ 80.948955559494365, 6.926546794123846 ], [ 80.948903330319069, 6.926425306474884 ], [ 80.948816630263195, 6.92628048458625 ], [ 80.94874855809357, 6.926196314726168 ], [ 80.948682171840559, 6.926114543395075 ], [ 80.948474471565447, 6.925834772569917 ], [ 80.94827919449699, 6.925519344506585 ], [ 80.948165920259015, 6.925305157487779 ], [ 80.948064356193655, 6.92509096621492 ], [ 80.947989747239916, 6.924932348073209 ], [ 80.947978014682334, 6.924870031372346 ], [ 80.947970186990176, 6.924807713263688 ], [ 80.947973748784136, 6.924789905095752 ], [ 80.947985771987447, 6.924729806258267 ], [ 80.948055983623959, 6.92459734840606 ], [ 80.948102798125376, 6.924531115705649 ], [ 80.94811447582326, 6.924441525439279 ], [ 80.948126156331426, 6.924359726757197 ], [ 80.948102658862638, 6.924145507314746 ], [ 80.948090903807554, 6.924020869691151 ], [ 80.948072657583339, 6.923953942423271 ], [ 80.948041090720182, 6.923870036903443 ], [ 80.947964831243553, 6.923733696258478 ], [ 80.947912242461555, 6.923649797398318 ], [ 80.947822848019229, 6.923531820881005 ], [ 80.947667734478372, 6.923353549208725 ], [ 80.947517407407588, 6.923167968888521 ], [ 80.947439216317719, 6.923072393598866 ], [ 80.947354399944459, 6.922968722524032 ], [ 80.94732591671287, 6.922933434582428 ], [ 80.947267639315285, 6.922861234108181 ], [ 80.947180163411687, 6.922737496277157 ], [ 80.947154577522369, 6.922701304777857 ], [ 80.947073064446414, 6.922570211793214 ], [ 80.946938304330089, 6.922353194380465 ], [ 80.946909367586656, 6.922271909442692 ], [ 80.946893566940219, 6.922182752250587 ], [ 80.946894331885204, 6.92217087197686 ], [ 80.94689770751323, 6.922118364370154 ], [ 80.946900259705757, 6.922078661269025 ], [ 80.946853662230794, 6.921924598770782 ], [ 80.946754884001464, 6.921745707944743 ], [ 80.946758372952303, 6.921160617811049 ], [ 80.946762339917655, 6.9204952124652 ], [ 80.946812073813689, 6.920437274133606 ], [ 80.946817430647954, 6.920431034244727 ], [ 80.947008506277882, 6.92040758385368 ], [ 80.947090538953375, 6.920343533408804 ], [ 80.947102734525544, 6.920120665759664 ], [ 80.947036603210591, 6.919876015873133 ], [ 80.946988793691531, 6.919627126309441 ], [ 80.946955876032675, 6.9194668878485 ], [ 80.946891759073452, 6.919358009428755 ], [ 80.946747128302093, 6.919245481034008 ], [ 80.946707601424393, 6.919192410901186 ], [ 80.946689591325153, 6.9190786842067 ], [ 80.946665856911267, 6.919084722669059 ], [ 80.946662672387973, 6.919066909682736 ], [ 80.946647740518102, 6.919002671492859 ], [ 80.946613882033702, 6.91901233806915 ], [ 80.946556513811629, 6.919000909916995 ], [ 80.946464714840999, 6.918955148119488 ], [ 80.946372898623849, 6.918863590833503 ], [ 80.946229422734746, 6.91867473757248 ], [ 80.946065576555512, 6.918426859562823 ], [ 80.945824506653182, 6.918026238286545 ], [ 80.945795746794715, 6.918000746792274 ], [ 80.94572121794036, 6.917934685846767 ], [ 80.945631598945113, 6.917888067621773 ], [ 80.945589256317206, 6.917866039947426 ], [ 80.945543361958912, 6.917854607594938 ], [ 80.945445839106526, 6.917843193554667 ], [ 80.945348312193687, 6.917820329947298 ], [ 80.945233565940597, 6.917768851714154 ], [ 80.945101583015429, 6.917637238139858 ], [ 80.945038468453177, 6.917597189317871 ], [ 80.944981101340787, 6.917585760969676 ], [ 80.944923739406661, 6.917591504675083 ], [ 80.94490689830856, 6.917601115373605 ], [ 80.944883590930004, 6.917614417063842 ], [ 80.944866406961637, 6.917683115909966 ], [ 80.944860702080334, 6.917774708891002 ], [ 80.944918126874342, 6.917946419158246 ], [ 80.944986995002765, 6.918032260536357 ], [ 80.945021460062648, 6.918163907750678 ], [ 80.945015754084466, 6.918249776409459 ], [ 80.944995688825642, 6.918295587128635 ], [ 80.944975630796151, 6.918341379758106 ], [ 80.944974346351756, 6.918342984469575 ], [ 80.944881877128964, 6.918458341915045 ], [ 80.944825363312347, 6.918528841591399 ], [ 80.944699244236844, 6.918757861747742 ], [ 80.9446648772863, 6.918900982840029 ], [ 80.944670690625202, 6.919118507735385 ], [ 80.944653538273627, 6.919284519128937 ], [ 80.944630265340876, 6.919344305364534 ], [ 80.944613421595065, 6.919387571992727 ], [ 80.944603195574103, 6.919399828183922 ], [ 80.944556082598325, 6.919456285000413 ], [ 80.944421748915687, 6.919431365125208 ], [ 80.944326728558025, 6.919426883373961 ], [ 80.944263386589782, 6.919440451448364 ], [ 80.94420006075913, 6.91949465586478 ], [ 80.944123173535047, 6.919584987056471 ], [ 80.944037243015757, 6.9196978976739 ], [ 80.94396939219952, 6.919756619808118 ], [ 80.943858679411278, 6.919791330221338 ], [ 80.943704849818062, 6.919818475773237 ], [ 80.943560067128729, 6.919841101946117 ], [ 80.943437926304924, 6.919913388805393 ], [ 80.94337009462302, 6.920021776804529 ], [ 80.943366595545015, 6.92006913707496 ], [ 80.943361087084114, 6.92014369084025 ], [ 80.94337021732477, 6.920373963642632 ], [ 80.943351004176336, 6.920429801958942 ], [ 80.943320496186786, 6.920518467295752 ], [ 80.943278863057998, 6.920612979315404 ], [ 80.943270763027783, 6.920631365094066 ], [ 80.943275323493538, 6.920730698117216 ], [ 80.943239146354571, 6.920789408149487 ], [ 80.943203643021064, 6.92080577514253 ], [ 80.943180334541566, 6.920816520250833 ], [ 80.943155962660668, 6.920814096172453 ], [ 80.94313508488905, 6.920812021744524 ], [ 80.943080778798162, 6.92078494833843 ], [ 80.9430400222315, 6.920690143227217 ], [ 80.943003787690429, 6.920577275525372 ], [ 80.942913238089659, 6.920419275199724 ], [ 80.942845345281043, 6.920356086312055 ], [ 80.942804607077335, 6.920310948030719 ], [ 80.942781950356391, 6.920216135666305 ], [ 80.942754753821305, 6.920080690336167 ], [ 80.942723041622912, 6.919963306681078 ], [ 80.94266418005887, 6.919850445941164 ], [ 80.942557808319364, 6.919678341914755 ], [ 80.942471816843693, 6.919615158375358 ], [ 80.942401891314162, 6.919571578418108 ], [ 80.942399406711019, 6.919570031094191 ], [ 80.942313424723409, 6.919533940839698 ], [ 80.942268172955977, 6.919520410840814 ], [ 80.942200307109587, 6.919533978408555 ], [ 80.942159600499295, 6.919579145088457 ], [ 80.942132481247711, 6.919664943398768 ], [ 80.942096354600892, 6.919863625225155 ], [ 80.942042126610389, 6.920057798090256 ], [ 80.942019538310078, 6.920161655824264 ], [ 80.941987887337618, 6.920224878539185 ], [ 80.941929075518843, 6.92025199139089 ], [ 80.941920864511133, 6.920253254860791 ], [ 80.941870258315944, 6.920261042326869 ], [ 80.941847563267771, 6.920261050209136 ], [ 80.941802386737777, 6.920261065896247 ], [ 80.941752603019864, 6.920229475512905 ], [ 80.941729959305903, 6.920166270753881 ], [ 80.941680167096393, 6.920107590664436 ], [ 80.941648486284151, 6.920085026300573 ], [ 80.941621338024646, 6.920085035716458 ], [ 80.941603664447854, 6.920090081600514 ], [ 80.941589668190701, 6.920094077201894 ], [ 80.94153991675546, 6.920152792721262 ], [ 80.941426846638493, 6.920292801990022 ], [ 80.941300230732693, 6.920509577008012 ], [ 80.941259527082551, 6.920563772306695 ], [ 80.94123238439353, 6.920577327453975 ], [ 80.941090859167033, 6.920764729954817 ], [ 80.941030979289451, 6.920851678968067 ], [ 80.940987964753816, 6.920969802975258 ], [ 80.940983868263785, 6.921004355605924 ], [ 80.940979229663554, 6.92100999742976 ], [ 80.940931743275812, 6.921061276815657 ], [ 80.940922221021083, 6.921159447262841 ], [ 80.940922256752998, 6.921189497683086 ], [ 80.94084797942115, 6.921290385352779 ], [ 80.940869220593484, 6.921375052776628 ], [ 80.940927386529765, 6.921447493749523 ], [ 80.941020748303629, 6.921942930081341 ], [ 80.94100960112884, 6.92211011579688 ], [ 80.940988061913998, 6.922330668808215 ], [ 80.941020475318297, 6.922437958352758 ], [ 80.941093944367324, 6.922681140681409 ], [ 80.941296344774031, 6.923007222256334 ], [ 80.941300003267116, 6.923017054524658 ], [ 80.941303145523705, 6.92316138773892 ], [ 80.941248883282981, 6.923749440885437 ], [ 80.941121541187201, 6.923761421929383 ], [ 80.941020872921015, 6.923837466333499 ], [ 80.941015468725709, 6.923840547398697 ], [ 80.940947498227459, 6.92398245539975 ], [ 80.94086935236885, 6.92405092376618 ], [ 80.940860821643142, 6.924054219328283 ], [ 80.940780861017359, 6.924147942243075 ], [ 80.940777963638155, 6.924151341663818 ], [ 80.940636258053928, 6.924265492668073 ], [ 80.940519974618596, 6.924372800950812 ], [ 80.940523996184012, 6.924388432479638 ], [ 80.940546572403576, 6.924476157842284 ], [ 80.940584230525744, 6.924548119387708 ], [ 80.94057954398528, 6.924574901425118 ], [ 80.940532656685519, 6.924574917591385 ], [ 80.940527841368265, 6.924577322923988 ], [ 80.940505853045835, 6.924588301668235 ], [ 80.940502591107759, 6.924589487446852 ], [ 80.940398953917182, 6.925309678106795 ], [ 80.940406011014247, 6.925378691281149 ], [ 80.940415522347166, 6.925696881612263 ], [ 80.940415548086335, 6.925768857034742 ], [ 80.940399899102857, 6.925856483432224 ], [ 80.940406219918842, 6.925997300469082 ], [ 80.940403142385065, 6.926163155832663 ], [ 80.940422358937866, 6.926616427750554 ], [ 80.940441290144008, 6.926948129822343 ], [ 80.940444529331401, 6.927245412694452 ], [ 80.940463523052429, 6.927595526610579 ], [ 80.940479238710793, 6.927695659735076 ], [ 80.940513782475534, 6.92783646612228 ], [ 80.940564021588173, 6.928021078494245 ], [ 80.94058913692291, 6.928102432054227 ], [ 80.940598568824655, 6.92817440331887 ], [ 80.94058919639329, 6.92827454599681 ], [ 80.940589205219354, 6.928302708205851 ], [ 80.940561008250739, 6.928377822290893 ], [ 80.940466812066532, 6.928529786213776 ], [ 80.940400998577331, 6.928651852689636 ], [ 80.940387939141857, 6.928683376223892 ], [ 80.940363399009584, 6.928742615576555 ], [ 80.94029133460991, 6.92892414116604 ], [ 80.94024707758804, 6.929057969869095 ], [ 80.940218894549432, 6.929173764588191 ], [ 80.940212659865395, 6.929280163139442 ], [ 80.940250414912029, 6.929640021816164 ], [ 80.940259007074815, 6.929696480734823 ], [ 80.940281844841479, 6.929846545927413 ], [ 80.940316789734538, 6.929977200323685 ], [ 80.940423481553211, 6.930180568644936 ], [ 80.940486255750969, 6.930337013565476 ], [ 80.940511387244939, 6.930462176703321 ], [ 80.940519969630827, 6.93049543719868 ], [ 80.940557350263319, 6.930519794712966 ], [ 80.940603356748881, 6.930577464248771 ], [ 80.940713757512327, 6.930715852491077 ], [ 80.940832226133736, 6.930859616788084 ], [ 80.940909511685746, 6.931018803033852 ], [ 80.940917979532728, 6.931055694388646 ], [ 80.940950763345455, 6.931198545982446 ], [ 80.94093540105446, 6.931439936742033 ], [ 80.94093031230345, 6.931614559202208 ], [ 80.940956299749175, 6.931811880996518 ], [ 80.941028429105202, 6.931955661260896 ], [ 80.941173186758292, 6.932183727537607 ], [ 80.941188125040668, 6.932207263513954 ], [ 80.941224808403518, 6.932271563037268 ], [ 80.941276343640169, 6.932410214784783 ], [ 80.94131241689972, 6.93250264777965 ], [ 80.941389680573891, 6.93260020390066 ], [ 80.941492731607454, 6.932821011120878 ], [ 80.941534785849882, 6.932874364720959 ], [ 80.941549391213016, 6.932892892698543 ], [ 80.941654575544177, 6.933012720513347 ], [ 80.941657555877043, 6.933016117896673 ], [ 80.941760564202582, 6.933113664099371 ], [ 80.941791888661143, 6.933173229534303 ], [ 80.941827995175274, 6.933363245387077 ], [ 80.941900114317903, 6.933471073520555 ], [ 80.941987656197327, 6.93351213063256 ], [ 80.94210609634878, 6.933568583789795 ], [ 80.942173038532658, 6.93359423940783 ], [ 80.942209091426903, 6.93363017881683 ], [ 80.942229717178023, 6.933717480603566 ], [ 80.942265787139206, 6.933799643200548 ], [ 80.942296038541471, 6.933836260149828 ], [ 80.942367858337548, 6.933856123702943 ], [ 80.942470649278661, 6.933869391200572 ], [ 80.942568066666638, 6.933872726644793 ], [ 80.942744848905321, 6.933816746461019 ], [ 80.942876357277783, 6.933755379683887 ], [ 80.942980643279185, 6.933673393157374 ], [ 80.943102725019941, 6.933551560737601 ], [ 80.943174623953084, 6.933472133885357 ], [ 80.943253101638177, 6.933489605767779 ], [ 80.943314447180242, 6.933560547704715 ], [ 80.943424667289975, 6.933587619482126 ], [ 80.943525316417109, 6.933601679685336 ], [ 80.943660464365109, 6.933493961614949 ], [ 80.943753760042711, 6.933380587275212 ], [ 80.943816478267408, 6.933304635227853 ], [ 80.943884497971879, 6.93338575552709 ], [ 80.943860553005919, 6.933510248450747 ], [ 80.943853578240009, 6.93365599224251 ], [ 80.943854491151711, 6.933673383721495 ], [ 80.943876744331774, 6.933801713661341 ], [ 80.943880190437554, 6.933817069537413 ], [ 80.943881405304211, 6.933838724758558 ], [ 80.94385238954122, 6.933936884887582 ], [ 80.943831589547855, 6.933946582860297 ], [ 80.943729344371107, 6.934005539547687 ], [ 80.94372143094914, 6.934012172775726 ], [ 80.943624739197958, 6.93406245962024 ], [ 80.943611991449373, 6.934115394608631 ], [ 80.943575393955697, 6.934252588559495 ], [ 80.943530857008383, 6.934381679012129 ], [ 80.943574389674936, 6.934494825255782 ], [ 80.943606374682375, 6.934542979671781 ], [ 80.943610036321516, 6.934548493805544 ], [ 80.943621291967403, 6.93456543943627 ], [ 80.943782446541505, 6.934527797553915 ], [ 80.94428916353074, 6.93445905818361 ], [ 80.944555080971725, 6.934403804562217 ], [ 80.944642737301407, 6.934401541698858 ], [ 80.944853201257871, 6.934367781413076 ], [ 80.94490439850793, 6.934397035968096 ], [ 80.944958594892839, 6.934429009635613 ], [ 80.944989719519995, 6.934406127551698 ], [ 80.945036468739858, 6.934379002300591 ], [ 80.945046869530358, 6.934361113055893 ], [ 80.945562181505991, 6.934338044461286 ], [ 80.945843749145666, 6.934538584699217 ], [ 80.94606500434179, 6.934759210342246 ], [ 80.946158862438963, 6.934832745622083 ], [ 80.946292924237682, 6.934879513243485 ], [ 80.946373373186063, 6.934939675730766 ], [ 80.94644713133971, 6.935026594773581 ], [ 80.946487232525485, 6.935097700325328 ], [ 80.946585480255877, 6.935058749749696 ], [ 80.946741288293808, 6.934945791953633 ], [ 80.946855903523996, 6.934859692583189 ], [ 80.946898852028795, 6.934828157262252 ], [ 80.94702155528968, 6.934738060590117 ], [ 80.94704338438298, 6.93473642589118 ], [ 80.947137069239872, 6.934564416754486 ], [ 80.947194228356892, 6.934477332337545 ], [ 80.947253415407559, 6.934410137605953 ] ] ] ] } },
{ "type": "Feature", "properties": { "GND_N": "Thuppitiya", "PROVINCE_N": "UVA", "DISTRICT_N": "BADULLA", "DSD_N": "UVAPARANAGAMA", "Female": 423, "Male": 414, "Density": 274.46522588200003, "MWS_ID": "046", "GND_NO": "40", "GND_C": "080", "PROVINCE_C": "8", "DISTRICT_C": "1", "DSD_C": "27", "Admin_Code": "8127080", "GND_NAME_G": "තුප්පිට", "AreaGND": 304.95666520600003, "MWS_ID_2": null, "AreaGND_1": 3.0495666520600002, "Total": 837, "FP_MWS": "046" }, "geometry": { "type": "MultiPolygon", "coordinates": [ [ [ [ 80.984874344182657, 6.998267336766244 ], [ 80.985324299240261, 6.997702469228466 ], [ 80.985587366735103, 6.997327901639724 ], [ 80.985889095426913, 6.996898283959559 ], [ 80.986243273763336, 6.996362170044017 ], [ 80.986358074379964, 6.99603671699476 ], [ 80.98644412559166, 6.995682564855596 ], [ 80.986587424652683, 6.994821142742982 ], [ 80.986669147240093, 6.994142648610461 ], [ 80.986762786615117, 6.993564929194006 ], [ 80.986824547410109, 6.993109387391455 ], [ 80.986878615410745, 6.992650873826683 ], [ 80.986959605587757, 6.991710517607824 ], [ 80.987141310619037, 6.991059631608884 ], [ 80.98731346069259, 6.990466173580159 ], [ 80.987409020947084, 6.98995888722884 ], [ 80.987518674248577, 6.989206155399937 ], [ 80.987588885706643, 6.988979262085513 ], [ 80.987589374515224, 6.988727196828942 ], [ 80.987558360175655, 6.988660000485758 ], [ 80.987443020044182, 6.988474903398309 ], [ 80.987257571182241, 6.988198253488253 ], [ 80.987090739904431, 6.988033041615996 ], [ 80.986903189801737, 6.987738046722059 ], [ 80.986697011098201, 6.987504277413102 ], [ 80.986544869470833, 6.987330828641679 ], [ 80.986460111789455, 6.987290629052476 ], [ 80.986109628847274, 6.987244490573744 ], [ 80.986052333744624, 6.987245046871996 ], [ 80.985618716466334, 6.987249252721649 ], [ 80.985440786460202, 6.987278021790996 ], [ 80.985070572858206, 6.98715572744551 ], [ 80.984716043254778, 6.986887906766744 ], [ 80.984409361893526, 6.986514785655413 ], [ 80.984313313120879, 6.985921446718291 ], [ 80.984236242362172, 6.984916563402296 ], [ 80.984216789360644, 6.984246626192895 ], [ 80.984235596426132, 6.98345225328591 ], [ 80.984120145636354, 6.982303826320327 ], [ 80.984024056086326, 6.981614781164326 ], [ 80.983879962066297, 6.980667350839297 ], [ 80.983965974770598, 6.980227061449388 ], [ 80.984195681510954, 6.979824993782093 ], [ 80.984339266872766, 6.979614376924961 ], [ 80.984367904322809, 6.979394239422063 ], [ 80.984386966290828, 6.979174105228927 ], [ 80.98439572775024, 6.978937349795087 ], [ 80.984404037513031, 6.978803019640876 ], [ 80.984604921983163, 6.978788651137858 ], [ 80.984884701861134, 6.978768638283299 ], [ 80.985651450272996, 6.978778958324803 ], [ 80.985949697485395, 6.978782971458464 ], [ 80.986932275735882, 6.978850661718926 ], [ 80.986994009150663, 6.978870496500296 ], [ 80.987138458312288, 6.978897089371151 ], [ 80.987421616038858, 6.97891410869063 ], [ 80.987441915912498, 6.978907041466809 ], [ 80.987533759870274, 6.978875067360881 ], [ 80.987764815039739, 6.978733469971949 ], [ 80.987817053255952, 6.978665803168584 ], [ 80.98791597570326, 6.978595838398259 ], [ 80.988268313935492, 6.97828124405581 ], [ 80.98828433069545, 6.978247164213593 ], [ 80.988532633823141, 6.977886357177845 ], [ 80.988533043566363, 6.977869717657955 ], [ 80.98865650486664, 6.977400707833529 ], [ 80.988673982254213, 6.977334309933436 ], [ 80.988674994478217, 6.977300968408795 ], [ 80.98859945802144, 6.976868128201151 ], [ 80.988387847291705, 6.976566985191021 ], [ 80.988056513213621, 6.975990700973507 ], [ 80.987714297190792, 6.975716365658766 ], [ 80.987567383954428, 6.975443812958673 ], [ 80.987512764277128, 6.975390832932066 ], [ 80.987444258810626, 6.975324383044779 ], [ 80.987472758272318, 6.975141393654935 ], [ 80.987470976036718, 6.975124758729305 ], [ 80.987410329490203, 6.974842615177932 ], [ 80.98735635081519, 6.974611827224084 ], [ 80.987274932912243, 6.974269272218355 ], [ 80.986594960124336, 6.974165329663556 ], [ 80.986462048000931, 6.974345812564898 ], [ 80.986385033180071, 6.974495979762609 ], [ 80.98626864954953, 6.974722906157083 ], [ 80.986074256628882, 6.975009435078062 ], [ 80.985796100358911, 6.975166913224323 ], [ 80.985616893814594, 6.975380374060985 ], [ 80.985415830098916, 6.975536301320194 ], [ 80.985354579756276, 6.975557742518144 ], [ 80.98525144316713, 6.975632767337046 ], [ 80.984956207007571, 6.975613943359265 ], [ 80.984801772512469, 6.975679155423355 ], [ 80.98459199657043, 6.975784167086175 ], [ 80.984297733978266, 6.975859397958178 ], [ 80.98423685022658, 6.975872948729624 ], [ 80.984072744114926, 6.975876265557673 ], [ 80.984018273763667, 6.975892439604551 ], [ 80.983940461977596, 6.975922383006564 ], [ 80.983898384417017, 6.975959123791627 ], [ 80.983842319322108, 6.975975218035191 ], [ 80.983814492753453, 6.975975218495237 ], [ 80.98322236688881, 6.976029139935303 ], [ 80.983147184243222, 6.976030300516084 ], [ 80.982834529473223, 6.97603865289632 ], [ 80.982598584067972, 6.976109834858046 ], [ 80.982541881013333, 6.976103525798274 ], [ 80.982420968080689, 6.976090068112544 ], [ 80.981930860783024, 6.975928388882043 ], [ 80.981455233625937, 6.975706277609855 ], [ 80.981187049416775, 6.975329025321492 ], [ 80.981035396297088, 6.974627821268732 ], [ 80.980896233997314, 6.974346001032957 ], [ 80.980671296475577, 6.974382152336974 ], [ 80.980544535375245, 6.974826201847566 ], [ 80.980289834998089, 6.975718422222069 ], [ 80.980169144260813, 6.975873309730384 ], [ 80.979985591107223, 6.976108870869021 ], [ 80.979974550538898, 6.976119596248214 ], [ 80.979819997902538, 6.976269721681814 ], [ 80.979778073744725, 6.976310444634772 ], [ 80.979753395561119, 6.976360253021869 ], [ 80.979749696230328, 6.976367721520637 ], [ 80.979744394547893, 6.97637842181683 ], [ 80.97971811943259, 6.97643145476275 ], [ 80.979669009899638, 6.976530574956023 ], [ 80.979558781265794, 6.976753057870127 ], [ 80.979365090439046, 6.976909677578305 ], [ 80.978950978589424, 6.977170052181072 ], [ 80.97866963974954, 6.977567456111387 ], [ 80.978337924938472, 6.977873116327867 ], [ 80.978101716472764, 6.978139337372187 ], [ 80.977621144336126, 6.97854478911076 ], [ 80.977258009290338, 6.978795300736348 ], [ 80.976943071891426, 6.979012564479639 ], [ 80.976683142291918, 6.979342399721292 ], [ 80.976192055794471, 6.979908755193478 ], [ 80.975557172721253, 6.98047054438252 ], [ 80.975247950884821, 6.980847142653953 ], [ 80.975203840151451, 6.981020774733717 ], [ 80.975149998072567, 6.981232715768367 ], [ 80.975256272272858, 6.981984867172275 ], [ 80.975480392592743, 6.982637659066902 ], [ 80.97555084682736, 6.982842872968158 ], [ 80.975602555955916, 6.982993484253024 ], [ 80.975226056990238, 6.983566147717968 ], [ 80.974704720982359, 6.98378227250435 ], [ 80.974207898435836, 6.983856890514716 ], [ 80.974162722860811, 6.983888554046588 ], [ 80.974151298454501, 6.983910591498542 ], [ 80.973964230608161, 6.984071385130138 ], [ 80.973851976796936, 6.984322474631136 ], [ 80.973729746543469, 6.984459495609988 ], [ 80.973738437364986, 6.98456849416459 ], [ 80.973744163013748, 6.984640312253697 ], [ 80.973763820003938, 6.985160756557478 ], [ 80.973832024327777, 6.985446860569062 ], [ 80.973785968274612, 6.986131603375331 ], [ 80.973785942190617, 6.986131992240503 ], [ 80.973784557009267, 6.98615256682787 ], [ 80.973804185875295, 6.986152029593171 ], [ 80.973841605754941, 6.98622301691552 ], [ 80.973862822066465, 6.986332478649985 ], [ 80.973864376980856, 6.986382154583086 ], [ 80.973898663358057, 6.986588679718454 ], [ 80.973900586023888, 6.986649835740418 ], [ 80.97390837118833, 6.986927707729629 ], [ 80.973909370840445, 6.986963328168961 ], [ 80.97389359524054, 6.987120277252059 ], [ 80.97411775485125, 6.987353885660042 ], [ 80.974356899461853, 6.98760362240224 ], [ 80.974411606888097, 6.987660753778028 ], [ 80.974845285883433, 6.987869885428017 ], [ 80.974896901308085, 6.98805496554879 ], [ 80.974904948316421, 6.988143056630793 ], [ 80.974803531709611, 6.988358300261323 ], [ 80.974579854550512, 6.988623525042104 ], [ 80.974514426041978, 6.98866875547445 ], [ 80.9742163014525, 6.988874853064543 ], [ 80.974155381472343, 6.988996539338364 ], [ 80.974118475519418, 6.989070254440495 ], [ 80.974160587970516, 6.989433045896182 ], [ 80.974285637492656, 6.989758392059047 ], [ 80.974412627987149, 6.99008878885147 ], [ 80.974189061207497, 6.99061914323638 ], [ 80.974063382991986, 6.99110759317204 ], [ 80.973977884775238, 6.991344358909411 ], [ 80.973942724445905, 6.991357530478433 ], [ 80.973754129702925, 6.991428178355251 ], [ 80.973738786335332, 6.991429141539814 ], [ 80.973530346230916, 6.991442226416401 ], [ 80.973012753784928, 6.991261036640139 ], [ 80.972677069007815, 6.991261176505454 ], [ 80.972509238697754, 6.99128915612827 ], [ 80.972285533826877, 6.991498562112918 ], [ 80.972254115445253, 6.991697619688789 ], [ 80.972243683868101, 6.99176370843857 ], [ 80.972817357037584, 6.99226582236994 ], [ 80.973129065201007, 6.992540688256648 ], [ 80.973181150899691, 6.992586617323769 ], [ 80.973433050245859, 6.992907460572549 ], [ 80.973642971052996, 6.993186456117956 ], [ 80.973642980205241, 6.99320828982262 ], [ 80.973643107399823, 6.993507402711445 ], [ 80.973489418585274, 6.993912140279559 ], [ 80.97347554341404, 6.994177276783293 ], [ 80.973573557759039, 6.994428411141675 ], [ 80.974035175096958, 6.994539850562025 ], [ 80.974566834216077, 6.994902438122877 ], [ 80.97490272945663, 6.99539069477393 ], [ 80.975518328317506, 6.995795107327018 ], [ 80.975847895626288, 6.995947564214177 ], [ 80.976071823312211, 6.996268417743863 ], [ 80.976309722531894, 6.996547400115089 ], [ 80.976421773600251, 6.996910161502741 ], [ 80.976575760969794, 6.997217090014265 ], [ 80.976757694195726, 6.997454232606178 ], [ 80.977149391821001, 6.997593609261873 ], [ 80.977597076274748, 6.997816685553346 ], [ 80.977877025018188, 6.998304963768396 ], [ 80.978380545653124, 6.99826288662432 ], [ 80.978690811120615, 6.998232794533339 ], [ 80.978814127185629, 6.998220837197228 ], [ 80.979078922122667, 6.998252423061206 ], [ 80.979163820302247, 6.998262549172801 ], [ 80.979583525746264, 6.998471682041457 ], [ 80.979765447984192, 6.998680916354436 ], [ 80.979961381826982, 6.998945960443666 ], [ 80.980157287464465, 6.999141235925737 ], [ 80.980409097312162, 6.999238806103012 ], [ 80.980674908486051, 6.999364278926018 ], [ 80.980733985725365, 6.999531040864388 ], [ 80.980752670751883, 6.999583786663022 ], [ 80.980966867326416, 6.999896059976678 ], [ 80.981328782997736, 6.999827020313926 ], [ 80.981972570672568, 6.999704209140033 ], [ 80.983275247330013, 6.999479215734189 ], [ 80.983361407349875, 6.999464333606926 ], [ 80.983945622958345, 6.999243951772919 ], [ 80.984328664612605, 6.998985375888541 ], [ 80.984874344182657, 6.998267336766244 ] ] ] ] } },
{ "type": "Feature", "properties": { "GND_N": "Pannalawela", "PROVINCE_N": "UVA", "DISTRICT_N": "BADULLA", "DSD_N": "UVAPARANAGAMA", "Female": 636, "Male": 579, "Density": 1156.1041049400001, "MWS_ID": "046", "GND_NO": "41A", "GND_C": "185", "PROVINCE_C": "8", "DISTRICT_C": "1", "DSD_C": "27", "Admin_Code": "8127185", "GND_NAME_G": "පන්නලවෙ", "AreaGND": 105.09434183400001, "MWS_ID_2": null, "AreaGND_1": 1.0509434183399999, "Total": 1215, "FP_MWS": "046" }, "geometry": { "type": "MultiPolygon", "coordinates": [ [ [ [ 80.935117338559166, 6.970517575663867 ], [ 80.935498523749033, 6.970466704685681 ], [ 80.935841605763741, 6.970466590059202 ], [ 80.935945070225074, 6.970430400667471 ], [ 80.93609571236631, 6.970377708765374 ], [ 80.936438684340942, 6.970047775707618 ], [ 80.936559825349406, 6.969884657826639 ], [ 80.936730803801041, 6.969654433726797 ], [ 80.936946770583702, 6.969514824718799 ], [ 80.936962430182831, 6.969511420989089 ], [ 80.937239005232016, 6.969451298621033 ], [ 80.938026822322627, 6.96945103009511 ], [ 80.938238767057726, 6.969537147858066 ], [ 80.938369951409953, 6.96959044938146 ], [ 80.938598652322767, 6.96952694600551 ], [ 80.938776493982431, 6.969374661711814 ], [ 80.939068735199882, 6.96933650593831 ], [ 80.93934822332541, 6.969158815922968 ], [ 80.939500610872173, 6.968892374029225 ], [ 80.939547970215386, 6.968702979751265 ], [ 80.939589435029461, 6.968537156652998 ], [ 80.939729129629839, 6.968308774432176 ], [ 80.940008616897956, 6.968131084038991 ], [ 80.940516881317265, 6.968118222278141 ], [ 80.940601851007855, 6.968052197726081 ], [ 80.940657459798601, 6.967919153747555 ], [ 80.940758090968444, 6.967496562433872 ], [ 80.940910522272247, 6.967356971909441 ], [ 80.94122818067666, 6.967331490814003 ], [ 80.941583974930566, 6.967356737284671 ], [ 80.941723732173969, 6.967305947384163 ], [ 80.941876127578624, 6.967064873483292 ], [ 80.942003154016774, 6.966950663852302 ], [ 80.942101242639922, 6.96691565153118 ], [ 80.942181023849443, 6.966887174755352 ], [ 80.942209824431373, 6.966889082715589 ], [ 80.94221625035766, 6.966827772458374 ], [ 80.942207718897421, 6.966784703849608 ], [ 80.942290142048506, 6.966486104656842 ], [ 80.942351357322977, 6.966052926459716 ], [ 80.942268860121487, 6.965575650902625 ], [ 80.942056279591355, 6.96524754234567 ], [ 80.941926124028811, 6.964770058204424 ], [ 80.941664330350918, 6.964632873809654 ], [ 80.941315763285189, 6.964294662314479 ], [ 80.941208230301086, 6.964210340767648 ], [ 80.941166917054801, 6.964008715576253 ], [ 80.940847049100142, 6.963766571733474 ], [ 80.940594017291517, 6.963648665475421 ], [ 80.940413237390004, 6.963757693546775 ], [ 80.940230544512545, 6.963896404535952 ], [ 80.940159035361262, 6.964005125199133 ], [ 80.940080778729779, 6.963911236461896 ], [ 80.939877842336429, 6.963778586633881 ], [ 80.93970281653597, 6.963605185898544 ], [ 80.939624508736472, 6.963559230304319 ], [ 80.939541858667383, 6.963510727833887 ], [ 80.939596925447219, 6.963423121444462 ], [ 80.939653001764455, 6.963323729670068 ], [ 80.939706123816734, 6.963228878568542 ], [ 80.939726347690467, 6.963192768632171 ], [ 80.939711676572429, 6.96315153332025 ], [ 80.939682684932222, 6.963070057320044 ], [ 80.939651958569797, 6.96295246719888 ], [ 80.939649537447394, 6.962944075087784 ], [ 80.939611721928216, 6.962813023967974 ], [ 80.939572369612165, 6.962731535252487 ], [ 80.939439946219593, 6.96275681577509 ], [ 80.939341450326353, 6.962740036659242 ], [ 80.93926053745416, 6.962618797683833 ], [ 80.939227443303565, 6.962473815742624 ], [ 80.9392161119371, 6.962246429665904 ], [ 80.939253203636326, 6.961918716712185 ], [ 80.939307515175159, 6.961709329240774 ], [ 80.939315950537789, 6.961676809888471 ], [ 80.939323713261942, 6.961549137850273 ], [ 80.939183814884785, 6.961469782589514 ], [ 80.939098631218783, 6.961360925112954 ], [ 80.938281863422205, 6.96075329555454 ], [ 80.937869573121517, 6.960322941660203 ], [ 80.937481357073793, 6.960025489089039 ], [ 80.937151403577104, 6.959966859586943 ], [ 80.936660515316191, 6.959943099554281 ], [ 80.936325318450486, 6.960050884212733 ], [ 80.936181791356873, 6.960481613610829 ], [ 80.935906577572709, 6.960948276883437 ], [ 80.935906693695259, 6.961295214604443 ], [ 80.936026533810832, 6.961630149700941 ], [ 80.936052057063762, 6.961691297209943 ], [ 80.936146357931932, 6.961917227508731 ], [ 80.936218291117811, 6.962204325062297 ], [ 80.936254322917307, 6.962539285644304 ], [ 80.936110744939114, 6.962821670277328 ], [ 80.93605096293841, 6.963060957714238 ], [ 80.935512261753487, 6.96327647906134 ], [ 80.934985525521796, 6.963468070334366 ], [ 80.934662353514568, 6.963743334403913 ], [ 80.934231421089549, 6.964006672821636 ], [ 80.933764547388378, 6.964198242797512 ], [ 80.933357560147371, 6.964461571569863 ], [ 80.932986475330949, 6.964677033580587 ], [ 80.932447803346548, 6.964988260575749 ], [ 80.931932984434027, 6.965024318661253 ], [ 80.931477972364746, 6.964880907925717 ], [ 80.931142642347041, 6.964596501133446 ], [ 80.931106576069809, 6.964151264317114 ], [ 80.930962808298545, 6.963864191212132 ], [ 80.930776087053985, 6.963526535628653 ], [ 80.930624265333407, 6.963379320089894 ], [ 80.930306963390223, 6.963440241250073 ], [ 80.930158528989764, 6.963531211138211 ], [ 80.92993825215639, 6.963598277007648 ], [ 80.929739506586557, 6.963600734235587 ], [ 80.929598235181416, 6.963627099159019 ], [ 80.929454618128531, 6.963799417661197 ], [ 80.929404380958374, 6.963950173301484 ], [ 80.929402067448152, 6.964203795585094 ], [ 80.929450041006845, 6.964455011505791 ], [ 80.929488474425142, 6.964828256083033 ], [ 80.929483779696909, 6.965117771396546 ], [ 80.929491012115278, 6.9653786332401 ], [ 80.929754542094486, 6.965529141728335 ], [ 80.929773927736974, 6.965673875609105 ], [ 80.9297958164357, 6.965837295444861 ], [ 80.929811056272115, 6.966049274634568 ], [ 80.929816494720484, 6.966124910693829 ], [ 80.929847922470387, 6.966140579521126 ], [ 80.930104762031007, 6.966268628587776 ], [ 80.930166577529775, 6.966432967778998 ], [ 80.930125490032751, 6.966700057931905 ], [ 80.929652073185153, 6.966967290997357 ], [ 80.929158075658904, 6.967255073568201 ], [ 80.929104406891398, 6.967839273024 ], [ 80.929150801163303, 6.968005726179778 ], [ 80.929184394286821, 6.968126250586974 ], [ 80.929344254898737, 6.968349423688987 ], [ 80.929839701455421, 6.968652210619528 ], [ 80.93067073392946, 6.969034613917657 ], [ 80.931150281978134, 6.969576571502488 ], [ 80.931164631499115, 6.969596383965666 ], [ 80.931308870147333, 6.969795532012138 ], [ 80.931330023215821, 6.969824738073816 ], [ 80.93135810386805, 6.969863507708343 ], [ 80.931366596334655, 6.970400086510129 ], [ 80.931363282312958, 6.970444915389924 ], [ 80.93134950813635, 6.970631280212467 ], [ 80.931334777050296, 6.970830603274887 ], [ 80.931446777470669, 6.97127701597353 ], [ 80.93162267910688, 6.971675573928392 ], [ 80.931790809215158, 6.971919426891229 ], [ 80.931798532907493, 6.971930629718138 ], [ 80.931878512179111, 6.972185717873119 ], [ 80.931875327328015, 6.972218672152039 ], [ 80.931830736651477, 6.972680016678543 ], [ 80.932022581815119, 6.97296695686224 ], [ 80.932134545706703, 6.973301757007709 ], [ 80.932134687746611, 6.97373226142386 ], [ 80.932157392839201, 6.973815225725577 ], [ 80.932302998998011, 6.973710400208062 ], [ 80.932413009098852, 6.97363120110954 ], [ 80.932872643026684, 6.973010407157471 ], [ 80.933443427473478, 6.972239488557591 ], [ 80.933686225602131, 6.971958952728216 ], [ 80.934117267204286, 6.971460915170678 ], [ 80.934147602905313, 6.971446305795383 ], [ 80.934129912047396, 6.971375779667638 ], [ 80.934215597111859, 6.971290204715312 ], [ 80.934397731146348, 6.971258064240031 ], [ 80.934566246652125, 6.97124915557384 ], [ 80.934601300048442, 6.971247302664278 ], [ 80.934826266186846, 6.971140294852049 ], [ 80.935019095111656, 6.971054683853069 ], [ 80.935191785109737, 6.970842842630142 ], [ 80.935182561695044, 6.970836989384667 ], [ 80.934862883473855, 6.970634106881339 ], [ 80.935117338559166, 6.970517575663867 ] ] ] ] } },
{ "type": "Feature", "properties": { "GND_N": "Udaperuwa2", "PROVINCE_N": "UVA", "DISTRICT_N": "BADULLA", "DSD_N": "UVAPARANAGAMA", "Female": 484, "Male": 492, "Density": 514.74260966700001, "MWS_ID": "046", "GND_NO": "54", "GND_C": "195", "PROVINCE_C": "8", "DISTRICT_C": "1", "DSD_C": "27", "Admin_Code": "8127195", "GND_NAME_G": "උඩපේරුව", "AreaGND": 189.60932739399999, "MWS_ID_2": null, "AreaGND_1": 1.89609327394, "Total": 976, "FP_MWS": "046" }, "geometry": { "type": "MultiPolygon", "coordinates": [ [ [ [ 80.953190509574867, 6.962222035227042 ], [ 80.953338874464009, 6.961963572020108 ], [ 80.953554234762251, 6.961566307647629 ], [ 80.953654647306905, 6.961145160777269 ], [ 80.953716778002487, 6.960810164149525 ], [ 80.953726203300391, 6.960398622576725 ], [ 80.953673431594467, 6.960154588710161 ], [ 80.953620653678641, 6.959891415024281 ], [ 80.953587040359906, 6.959656944329746 ], [ 80.953524688349916, 6.959403345468878 ], [ 80.953476699955857, 6.959140169963423 ], [ 80.953543688902357, 6.958987013755586 ], [ 80.953792699626973, 6.958929495708832 ], [ 80.954075227560566, 6.958862396412771 ], [ 80.954338630459631, 6.95887665172616 ], [ 80.954479429290615, 6.958925068254491 ], [ 80.95461650056987, 6.959154098501356 ], [ 80.954750667151174, 6.959350247121778 ], [ 80.954865659298491, 6.959498549327891 ], [ 80.954977812973141, 6.959650553931603 ], [ 80.955100544918935, 6.959602314929902 ], [ 80.955306261199851, 6.95951752473509 ], [ 80.955526493288488, 6.959349954370493 ], [ 80.955665309071236, 6.959172843463214 ], [ 80.955804132012005, 6.959014875941455 ], [ 80.955990829202477, 6.95881382045995 ], [ 80.956134464002716, 6.958718059698984 ], [ 80.956387011436618, 6.958740080624558 ], [ 80.956603873283072, 6.95893800590768 ], [ 80.956803950016393, 6.959169243368399 ], [ 80.957130802681021, 6.959287135385992 ], [ 80.957466035095152, 6.959282221729858 ], [ 80.95766715838316, 6.959234292121111 ], [ 80.957964064034911, 6.959195895175742 ], [ 80.958189120196096, 6.959119243296512 ], [ 80.958617360285459, 6.958938811883639 ], [ 80.958825979399563, 6.958709840654041 ], [ 80.95890244328919, 6.958482519997951 ], [ 80.958907162461529, 6.95830067418262 ], [ 80.958883141002346, 6.958104484355347 ], [ 80.958820818707451, 6.957937022150847 ], [ 80.958739312377134, 6.957697785577793 ], [ 80.958686560529429, 6.957506393323539 ], [ 80.958676893373507, 6.957276701253203 ], [ 80.958695964039705, 6.957056568481312 ], [ 80.95876772646649, 6.956865126500404 ], [ 80.958940053586545, 6.956664076326898 ], [ 80.959160299637105, 6.956534787548917 ], [ 80.959399726023648, 6.956472485568105 ], [ 80.959806771183835, 6.95641490425223 ], [ 80.960301830886678, 6.956312231894768 ], [ 80.960826764812694, 6.95624223563989 ], [ 80.96122903237692, 6.956213366940918 ], [ 80.96159300876441, 6.956241937712458 ], [ 80.961758202189785, 6.956246840522184 ], [ 80.962000300971823, 6.95616946670441 ], [ 80.962176998291682, 6.956112994497349 ], [ 80.962072633569107, 6.955559756187832 ], [ 80.962006069328595, 6.955206897219488 ], [ 80.961736607201814, 6.954225867108534 ], [ 80.961576275141198, 6.953945366317132 ], [ 80.961547797892081, 6.953882037471044 ], [ 80.961117670316426, 6.953297366319398 ], [ 80.960919111732736, 6.95300797809985 ], [ 80.96059511035908, 6.952142762196694 ], [ 80.96058699438295, 6.952056909755691 ], [ 80.960556259815405, 6.951731716725367 ], [ 80.960516293218021, 6.95152712662244 ], [ 80.960461707142144, 6.951247696617131 ], [ 80.960388781569975, 6.950661488708017 ], [ 80.960368524154319, 6.950498663923708 ], [ 80.960113458340089, 6.949931970221098 ], [ 80.959744172838427, 6.949330920393885 ], [ 80.959637699863976, 6.949157624360761 ], [ 80.959496101266879, 6.948906869243425 ], [ 80.959452353484508, 6.948835931808752 ], [ 80.959430119901796, 6.948790025631422 ], [ 80.958980544684394, 6.947861668678795 ], [ 80.958695870295102, 6.947108260790523 ], [ 80.958695669993887, 6.947107486774241 ], [ 80.958602979425891, 6.94653483444643 ], [ 80.958329728767112, 6.946529693354058 ], [ 80.958055678147602, 6.94647510991499 ], [ 80.95785012799, 6.946403411296163 ], [ 80.957663407835838, 6.946340619223497 ], [ 80.957526377381072, 6.946299655450251 ], [ 80.957392782784638, 6.946286034087541 ], [ 80.957255765412285, 6.946279249705642 ], [ 80.957132443091908, 6.946255372139365 ], [ 80.956995411401465, 6.946210990806121 ], [ 80.956707631320725, 6.946084633635218 ], [ 80.956159703991219, 6.945885214024147 ], [ 80.956097832102984, 6.945862695602375 ], [ 80.955876238214259, 6.945803742171345 ], [ 80.955571356797719, 6.945738915813909 ], [ 80.955478864861391, 6.945721860982061 ], [ 80.955396655163995, 6.945718474588766 ], [ 80.955317870334881, 6.945718502486885 ], [ 80.955249366060585, 6.945725365830396 ], [ 80.95514318767097, 6.945745913880153 ], [ 80.955030153340829, 6.945752791247692 ], [ 80.954882862548587, 6.945752845756902 ], [ 80.954670481281994, 6.945729001026423 ], [ 80.954654460546394, 6.945725011781082 ], [ 80.954506048138228, 6.945688045755618 ], [ 80.954318550871278, 6.945626544902556 ], [ 80.954280871608631, 6.945626559025739 ], [ 80.954243193628727, 6.945629991455402 ], [ 80.954178110360544, 6.945630016742448 ], [ 80.954089061064082, 6.945653974641852 ], [ 80.953972625680379, 6.945725796398573 ], [ 80.953873322324966, 6.945811283152748 ], [ 80.953753452525291, 6.945859179779901 ], [ 80.953681528300251, 6.94588313210875 ], [ 80.953578772259107, 6.945893424506548 ], [ 80.953434896958612, 6.945869553643162 ], [ 80.953294443766552, 6.945832007315592 ], [ 80.953099145235072, 6.945691942011361 ], [ 80.952955248000464, 6.945606545946549 ], [ 80.952842184390875, 6.945534811615998 ], [ 80.952586631423941, 6.945344809611437 ], [ 80.952196047966893, 6.945098859599453 ], [ 80.951799415316628, 6.944870721066825 ], [ 80.951750655903396, 6.944842674571379 ], [ 80.951531383989433, 6.944709454070048 ], [ 80.951408035470138, 6.944610377597744 ], [ 80.951248211251851, 6.94448868042837 ], [ 80.951001513592061, 6.944290528199513 ], [ 80.950891873800487, 6.944215373814513 ], [ 80.95079251771952, 6.944160720968614 ], [ 80.950700020861973, 6.944126575447716 ], [ 80.950624655374142, 6.944109513367083 ], [ 80.950569850797351, 6.944106115166139 ], [ 80.950518468883729, 6.944102716607804 ], [ 80.950460238375882, 6.944102737057213 ], [ 80.950282118759915, 6.944102802331098 ], [ 80.94999781550834, 6.944106325593803 ], [ 80.949891512642793, 6.944115354250157 ], [ 80.949769342213472, 6.944125730681352 ], [ 80.949598075491551, 6.944129212411195 ], [ 80.949467911705526, 6.944125841570252 ], [ 80.949300055395469, 6.944088304929394 ], [ 80.94913904273227, 6.944033675991413 ], [ 80.948984871468539, 6.943948282423376 ], [ 80.948724481642614, 6.943777476824498 ], [ 80.948457250507602, 6.943627181615216 ], [ 80.948422996431049, 6.943623776620686 ], [ 80.948371612434372, 6.943616959517496 ], [ 80.948325474384021, 6.943619399791979 ], [ 80.948306533376098, 6.943620401397247 ], [ 80.948251725245896, 6.94361700292783 ], [ 80.948186640660666, 6.943610190763454 ], [ 80.948114693853057, 6.943569199767158 ], [ 80.948027390713804, 6.943471741636591 ], [ 80.947983050105989, 6.943414524459306 ], [ 80.947979178442552, 6.943414159610825 ], [ 80.947961117013875, 6.9434124542689 ], [ 80.947841899390951, 6.943271874510947 ], [ 80.947827521247248, 6.943282644670577 ], [ 80.94772562709359, 6.943312796953882 ], [ 80.947672020563331, 6.943346255157623 ], [ 80.947645238435541, 6.943426520983591 ], [ 80.947645297320406, 6.943587033292745 ], [ 80.947672172785872, 6.943767600872834 ], [ 80.947739277396039, 6.943994968520411 ], [ 80.947806384788137, 6.9442223361537 ], [ 80.947860080914552, 6.944436333796776 ], [ 80.947940899531204, 6.944767664658301 ], [ 80.947987920069082, 6.945055231631009 ], [ 80.948021539285421, 6.945349491754432 ], [ 80.948108778326727, 6.945643733380053 ], [ 80.948142365255933, 6.945851049931322 ], [ 80.948209916711434, 6.946196123871724 ], [ 80.948209963726896, 6.946325800826601 ], [ 80.948209992785294, 6.946403451637559 ], [ 80.948176656111826, 6.946891688933294 ], [ 80.948183457901081, 6.947165894685726 ], [ 80.948217547732312, 6.947491808330642 ], [ 80.948231001014292, 6.947625564310311 ], [ 80.948244425195099, 6.947679064150773 ], [ 80.948385238751527, 6.947846213741459 ], [ 80.948418779842697, 6.947926457729773 ], [ 80.948425538088799, 6.948080279259326 ], [ 80.948452403527639, 6.948234093496612 ], [ 80.948492647961061, 6.94831433504651 ], [ 80.948586505825318, 6.948381181415204 ], [ 80.948720566225688, 6.948407884187929 ], [ 80.948821125914492, 6.948468039761031 ], [ 80.948921706644384, 6.9485883865071 ], [ 80.948968671271402, 6.948722131170781 ], [ 80.948974762062406, 6.948754878720639 ], [ 80.949002250889819, 6.948902694369298 ], [ 80.948989934040554, 6.949019864605162 ], [ 80.94898889237912, 6.949029772658433 ], [ 80.9489496093166, 6.949221458304566 ], [ 80.94890944510604, 6.949361922061785 ], [ 80.948902759744286, 6.949408739971696 ], [ 80.948909481643014, 6.949462241319063 ], [ 80.948936320529825, 6.949542488601883 ], [ 80.948949768587553, 6.949656179605969 ], [ 80.948949779118664, 6.949687571085311 ], [ 80.948949801793361, 6.94974981145434 ], [ 80.948953523100556, 6.949772041778111 ], [ 80.948963234962946, 6.949830062706088 ], [ 80.949003479624423, 6.949910304201632 ], [ 80.949083950109781, 6.950023971710404 ], [ 80.949090686042396, 6.950110912803566 ], [ 80.949104600393824, 6.950272202242714 ], [ 80.949114402280529, 6.950308983489571 ], [ 80.94911087826469, 6.950346350158841 ], [ 80.94911093476999, 6.950498810390001 ], [ 80.949110956721285, 6.95055900157915 ], [ 80.949138358263014, 6.950844201653174 ], [ 80.949185359164545, 6.951071577212101 ], [ 80.94926012506231, 6.951307521878371 ], [ 80.949272345795634, 6.951336160691491 ], [ 80.949304736688276, 6.951455093411218 ], [ 80.949304804301747, 6.951459333718738 ], [ 80.949304789268311, 6.951465253369011 ], [ 80.949332995302797, 6.951566436816119 ], [ 80.949359870400968, 6.951740314996117 ], [ 80.949393834275199, 6.95190393023114 ], [ 80.949447487440537, 6.951990855096094 ], [ 80.949574900010049, 6.952171384870613 ], [ 80.949635262128353, 6.952278371293299 ], [ 80.949668834039088, 6.952438871280402 ], [ 80.949669580939101, 6.952447033352516 ], [ 80.949687808245912, 6.952646302395564 ], [ 80.94968902128177, 6.952659568249659 ], [ 80.949689140599403, 6.952980592706387 ], [ 80.949668468339041, 6.953390639169319 ], [ 80.949662627301223, 6.953506484924373 ], [ 80.949609141235825, 6.953874345331283 ], [ 80.949621985987733, 6.954084543165324 ], [ 80.949622626955644, 6.95409504473773 ], [ 80.949632338939736, 6.954189986997599 ], [ 80.949662987176609, 6.954489622277609 ], [ 80.949670111882199, 6.954834565080888 ], [ 80.949655351022372, 6.954972518253218 ], [ 80.94965007477839, 6.955021837886332 ], [ 80.949670253262966, 6.955215781588254 ], [ 80.949661470870268, 6.955299315439057 ], [ 80.949694419208541, 6.95541953473901 ], [ 80.949742236682425, 6.955620776997881 ], [ 80.94973702107076, 6.955630546407801 ], [ 80.949700033494224, 6.955818809302765 ], [ 80.949700712813538, 6.955832699327099 ], [ 80.949695417279571, 6.95584665122093 ], [ 80.949699674318907, 6.955935264359062 ], [ 80.949746448482713, 6.955995984640253 ], [ 80.949801119502609, 6.956073237419837 ], [ 80.949803398318863, 6.95607323749035 ], [ 80.949844170383798, 6.956158385494625 ], [ 80.949842055432597, 6.956161014206928 ], [ 80.949835909017821, 6.956265854553357 ], [ 80.949821011107247, 6.956358246594204 ], [ 80.949821410500732, 6.956363959003396 ], [ 80.949870945393826, 6.956563968932532 ], [ 80.949899051613116, 6.956811280544138 ], [ 80.949979809094856, 6.957108823818472 ], [ 80.950015494883544, 6.957284590505147 ], [ 80.950013802563646, 6.957289669755788 ], [ 80.949999831375877, 6.957433805433233 ], [ 80.949839801580367, 6.957942420700478 ], [ 80.949787905157521, 6.958067787638563 ], [ 80.949856570940895, 6.958182801260524 ], [ 80.949956483966915, 6.958233047270616 ], [ 80.949956746448052, 6.958235587393962 ], [ 80.949994020575957, 6.958295314563805 ], [ 80.950030577315289, 6.958412508467878 ], [ 80.950086852417442, 6.958615624912416 ], [ 80.950122829319909, 6.9587975073482 ], [ 80.950158427989038, 6.959009044198567 ], [ 80.950201041322316, 6.959106875393178 ], [ 80.950244316326931, 6.959204941462061 ], [ 80.950496312019879, 6.959085046238397 ], [ 80.95090189860727, 6.958989327244375 ], [ 80.951073932413621, 6.958911528971244 ], [ 80.951169706061961, 6.958890437589491 ], [ 80.951260699204582, 6.95889327520892 ], [ 80.95132641706023, 6.958932798425253 ], [ 80.951353500508844, 6.95900849672344 ], [ 80.951314082208299, 6.959254768758935 ], [ 80.951240114838441, 6.959496115986631 ], [ 80.951189999614499, 6.959760815555052 ], [ 80.951153419947019, 6.960057788720997 ], [ 80.95114923531051, 6.960391315882287 ], [ 80.951364771938174, 6.960641094750962 ], [ 80.951571225620455, 6.96090201440835 ], [ 80.951583337163768, 6.960979281780479 ], [ 80.951639278397266, 6.961077374667844 ], [ 80.951641195108337, 6.961081931702839 ], [ 80.95170196271819, 6.961182140699899 ], [ 80.951757259092346, 6.961347118705897 ], [ 80.951855961414196, 6.961407789670138 ], [ 80.95204730546395, 6.961427501515346 ], [ 80.952188401916032, 6.961415668656392 ], [ 80.952233168472006, 6.961417335869343 ], [ 80.952298272612737, 6.961472421508077 ], [ 80.952334188260053, 6.961579174223373 ], [ 80.952288428347899, 6.961683114115846 ], [ 80.952288359601624, 6.961685641699802 ], [ 80.952250335081999, 6.961785241623989 ], [ 80.95221236527226, 6.961856777939768 ], [ 80.95220384166042, 6.961861321666446 ], [ 80.952185274247569, 6.961900282801638 ], [ 80.952295433138048, 6.962021041098479 ], [ 80.952359171312878, 6.962079968759577 ], [ 80.952582227319354, 6.962047884847622 ], [ 80.952709894316683, 6.961975369200786 ], [ 80.952776102965728, 6.961977754540821 ], [ 80.952914871087131, 6.962089942696761 ], [ 80.952919078914647, 6.962093387469679 ], [ 80.953017968325327, 6.9621743825744 ], [ 80.953142328365544, 6.962276237913891 ], [ 80.953190509574867, 6.962222035227042 ] ] ] ] } },
{ "type": "Feature", "properties": { "GND_N": "Weliulla", "PROVINCE_N": "UVA", "DISTRICT_N": "BADULLA", "DSD_N": "UVAPARANAGAMA", "Female": 686, "Male": 677, "Density": 640.795358652, "MWS_ID": "046", "GND_NO": "54A", "GND_C": "200", "PROVINCE_C": "8", "DISTRICT_C": "1", "DSD_C": "27", "Admin_Code": "8127200", "GND_NAME_G": "වැලිඋල්", "AreaGND": 212.70441204, "MWS_ID_2": null, "AreaGND_1": 2.1270441204, "Total": 1363, "FP_MWS": "046" }, "geometry": { "type": "MultiPolygon", "coordinates": [ [ [ [ 80.953142328365544, 6.962276237913891 ], [ 80.953017968325327, 6.9621743825744 ], [ 80.952919078914647, 6.962093387469679 ], [ 80.952914871087131, 6.962089942696761 ], [ 80.952776102965728, 6.961977754540821 ], [ 80.952709894316683, 6.961975369200786 ], [ 80.952582227319354, 6.962047884847622 ], [ 80.952359171312878, 6.962079968759577 ], [ 80.952295433138048, 6.962021041098479 ], [ 80.952185274247569, 6.961900282801638 ], [ 80.95220384166042, 6.961861321666446 ], [ 80.95221236527226, 6.961856777939768 ], [ 80.952250335081999, 6.961785241623989 ], [ 80.952288359601624, 6.961685641699802 ], [ 80.952288428347899, 6.961683114115846 ], [ 80.952334188260053, 6.961579174223373 ], [ 80.952298272612737, 6.961472421508077 ], [ 80.952233168472006, 6.961417335869343 ], [ 80.952188401916032, 6.961415668656392 ], [ 80.95204730546395, 6.961427501515346 ], [ 80.951855961414196, 6.961407789670138 ], [ 80.951757259092346, 6.961347118705897 ], [ 80.95170196271819, 6.961182140699899 ], [ 80.951641195108337, 6.961081931702839 ], [ 80.951639278397266, 6.961077374667844 ], [ 80.951583337163768, 6.960979281780479 ], [ 80.951571225620455, 6.96090201440835 ], [ 80.951364771938174, 6.960641094750962 ], [ 80.95114923531051, 6.960391315882287 ], [ 80.951153419947019, 6.960057788720997 ], [ 80.951189999614499, 6.959760815555052 ], [ 80.951240114838441, 6.959496115986631 ], [ 80.951314082208299, 6.959254768758935 ], [ 80.951353500508844, 6.95900849672344 ], [ 80.95132641706023, 6.958932798425253 ], [ 80.951260699204582, 6.95889327520892 ], [ 80.951169706061961, 6.958890437589491 ], [ 80.951073932413621, 6.958911528971244 ], [ 80.95090189860727, 6.958989327244375 ], [ 80.950496312019879, 6.959085046238397 ], [ 80.950244316326931, 6.959204941462061 ], [ 80.950201041322316, 6.959106875393178 ], [ 80.950158427989038, 6.959009044198567 ], [ 80.950122829319909, 6.9587975073482 ], [ 80.950086852417442, 6.958615624912416 ], [ 80.950030577315289, 6.958412508467878 ], [ 80.949994020575957, 6.958295314563805 ], [ 80.949956746448052, 6.958235587393962 ], [ 80.949956483966915, 6.958233047270616 ], [ 80.949856570940895, 6.958182801260524 ], [ 80.949787905157521, 6.958067787638563 ], [ 80.949839801580367, 6.957942420700478 ], [ 80.949999831375877, 6.957433805433233 ], [ 80.950013802563646, 6.957289669755788 ], [ 80.950015494883544, 6.957284590505147 ], [ 80.949979809094856, 6.957108823818472 ], [ 80.949899051613116, 6.956811280544138 ], [ 80.949870945393826, 6.956563968932532 ], [ 80.949821410500732, 6.956363959003396 ], [ 80.949821011107247, 6.956358246594204 ], [ 80.949835909017821, 6.956265854553357 ], [ 80.949842055432597, 6.956161014206928 ], [ 80.949844170383798, 6.956158385494625 ], [ 80.949803398318863, 6.95607323749035 ], [ 80.949801119502609, 6.956073237419837 ], [ 80.949746448482713, 6.955995984640253 ], [ 80.949699674318907, 6.955935264359062 ], [ 80.949695417279571, 6.95584665122093 ], [ 80.949700712813538, 6.955832699327099 ], [ 80.949700033494224, 6.955818809302765 ], [ 80.94973702107076, 6.955630546407801 ], [ 80.949742236682425, 6.955620776997881 ], [ 80.949694419208541, 6.95541953473901 ], [ 80.949661470870268, 6.955299315439057 ], [ 80.949670253262966, 6.955215781588254 ], [ 80.94965007477839, 6.955021837886332 ], [ 80.949655351022372, 6.954972518253218 ], [ 80.949670111882199, 6.954834565080888 ], [ 80.949662987176609, 6.954489622277609 ], [ 80.949632338939736, 6.954189986997599 ], [ 80.949622626955644, 6.95409504473773 ], [ 80.949621985987733, 6.954084543165324 ], [ 80.949609141235825, 6.953874345331283 ], [ 80.949662627301223, 6.953506484924373 ], [ 80.949668468339041, 6.953390639169319 ], [ 80.949689140599403, 6.952980592706387 ], [ 80.94968902128177, 6.952659568249659 ], [ 80.949687808245912, 6.952646302395564 ], [ 80.949669580939101, 6.952447033352516 ], [ 80.949668834039088, 6.952438871280402 ], [ 80.949635262128353, 6.952278371293299 ], [ 80.949574900010049, 6.952171384870613 ], [ 80.949447487440537, 6.951990855096094 ], [ 80.949393834275199, 6.95190393023114 ], [ 80.949359870400968, 6.951740314996117 ], [ 80.949332995302797, 6.951566436816119 ], [ 80.949304789268311, 6.951465253369011 ], [ 80.949304804301747, 6.951459333718738 ], [ 80.949304736688276, 6.951455093411218 ], [ 80.949272345795634, 6.951336160691491 ], [ 80.94926012506231, 6.951307521878371 ], [ 80.949185359164545, 6.951071577212101 ], [ 80.949138358263014, 6.950844201653174 ], [ 80.949110956721285, 6.95055900157915 ], [ 80.94911093476999, 6.950498810390001 ], [ 80.94911087826469, 6.950346350158841 ], [ 80.949114402280529, 6.950308983489571 ], [ 80.949104600393824, 6.950272202242714 ], [ 80.949090686042396, 6.950110912803566 ], [ 80.949083950109781, 6.950023971710404 ], [ 80.949003479624423, 6.949910304201632 ], [ 80.948963234962946, 6.949830062706088 ], [ 80.948953523100556, 6.949772041778111 ], [ 80.948949801793361, 6.94974981145434 ], [ 80.948949779118664, 6.949687571085311 ], [ 80.948949768587553, 6.949656179605969 ], [ 80.948936320529825, 6.949542488601883 ], [ 80.948909481643014, 6.949462241319063 ], [ 80.948902759744286, 6.949408739971696 ], [ 80.94890944510604, 6.949361922061785 ], [ 80.9489496093166, 6.949221458304566 ], [ 80.94898889237912, 6.949029772658433 ], [ 80.948989934040554, 6.949019864605162 ], [ 80.949002250889819, 6.948902694369298 ], [ 80.948974762062406, 6.948754878720639 ], [ 80.948968671271402, 6.948722131170781 ], [ 80.948921706644384, 6.9485883865071 ], [ 80.948821125914492, 6.948468039761031 ], [ 80.948720566225688, 6.948407884187929 ], [ 80.948586505825318, 6.948381181415204 ], [ 80.948492647961061, 6.94831433504651 ], [ 80.948452403527639, 6.948234093496612 ], [ 80.948425538088799, 6.948080279259326 ], [ 80.948418779842697, 6.947926457729773 ], [ 80.948385238751527, 6.947846213741459 ], [ 80.948244425195099, 6.947679064150773 ], [ 80.948231001014292, 6.947625564310311 ], [ 80.948217547732312, 6.947491808330642 ], [ 80.948183457901081, 6.947165894685726 ], [ 80.948176656111826, 6.946891688933294 ], [ 80.948209992785294, 6.946403451637559 ], [ 80.948209963726896, 6.946325800826601 ], [ 80.948209916711434, 6.946196123871724 ], [ 80.948142365255933, 6.945851049931322 ], [ 80.948108778326727, 6.945643733380053 ], [ 80.948021539285421, 6.945349491754432 ], [ 80.947987920069082, 6.945055231631009 ], [ 80.947940899531204, 6.944767664658301 ], [ 80.947860080914552, 6.944436333796776 ], [ 80.947806384788137, 6.9442223361537 ], [ 80.947739277396039, 6.943994968520411 ], [ 80.947672172785872, 6.943767600872834 ], [ 80.947645297320406, 6.943587033292745 ], [ 80.947645238435541, 6.943426520983591 ], [ 80.947672020563331, 6.943346255157623 ], [ 80.94772562709359, 6.943312796953882 ], [ 80.947827521247248, 6.943282644670577 ], [ 80.947841899390951, 6.943271874510947 ], [ 80.94788112624417, 6.943242496326354 ], [ 80.9478974924711, 6.943231260629057 ], [ 80.94784916525218, 6.943171023560591 ], [ 80.947784055116045, 6.943095850544736 ], [ 80.947715530416772, 6.943048024338943 ], [ 80.947650446491068, 6.943037793786953 ], [ 80.947578514625249, 6.943037819725087 ], [ 80.947499752412, 6.943099371391152 ], [ 80.947468954252983, 6.943177995514823 ], [ 80.947407337353482, 6.943290812044042 ], [ 80.947362260036542, 6.943426441195944 ], [ 80.947232227328243, 6.943788793752047 ], [ 80.947207426348058, 6.943940021359705 ], [ 80.947215181108078, 6.944067895973332 ], [ 80.947222092844129, 6.944181867043334 ], [ 80.947259542076438, 6.944344878082744 ], [ 80.947239048275407, 6.94450211331315 ], [ 80.947204831417807, 6.944604665019619 ], [ 80.947160326738228, 6.944679875742131 ], [ 80.947078154167826, 6.944779028185213 ], [ 80.946992566020768, 6.944905524715634 ], [ 80.946951510287789, 6.94503884095108 ], [ 80.946895884834973, 6.945209148002419 ], [ 80.946847955246042, 6.945280943423809 ], [ 80.946793170534463, 6.945335650649032 ], [ 80.946628801072919, 6.945472429419843 ], [ 80.946488927320331, 6.94560787001444 ], [ 80.946402805751589, 6.945691260641377 ], [ 80.946330902307182, 6.945776736939534 ], [ 80.946282982962359, 6.945872457768428 ], [ 80.946259053325022, 6.946009186126367 ], [ 80.946269184347784, 6.94623037075486 ], [ 80.946268660647959, 6.946269051214572 ], [ 80.946265847169457, 6.946476468658142 ], [ 80.946221369383451, 6.946620039179908 ], [ 80.946173452703889, 6.946726014025452 ], [ 80.946101555184839, 6.94682857913111 ], [ 80.945944043732283, 6.946982444968641 ], [ 80.945795328494725, 6.947077473776242 ], [ 80.945610385894796, 6.94715615368357 ], [ 80.94544600295275, 6.947255332446866 ], [ 80.945350098725399, 6.947272458158515 ], [ 80.945238603527912, 6.947285264963369 ], [ 80.94523802721028, 6.947285723656208 ], [ 80.945057735536494, 6.94734247838392 ], [ 80.945012997923897, 6.947881194826263 ], [ 80.944927898695212, 6.947983422619427 ], [ 80.944872143484361, 6.948122641842556 ], [ 80.944828649126777, 6.948241505998696 ], [ 80.944744497601675, 6.948349605141739 ], [ 80.944585071263603, 6.948534419597725 ], [ 80.944408630625475, 6.948608832190174 ], [ 80.944216759011283, 6.948581556319223 ], [ 80.944018970350257, 6.948507672247736 ], [ 80.943977316668807, 6.948586062149607 ], [ 80.943935586927083, 6.948679729575288 ], [ 80.943890588200162, 6.948780733956094 ], [ 80.943883860759968, 6.948789277587863 ], [ 80.94377309088064, 6.94892991327221 ], [ 80.943704968501308, 6.94928455725925 ], [ 80.943658141372111, 6.949487505710556 ], [ 80.943199992458972, 6.949487649841701 ], [ 80.942988829497025, 6.949439478827315 ], [ 80.942861213430191, 6.949425232731559 ], [ 80.942744957006184, 6.94936231056534 ], [ 80.942741110964477, 6.9493577243229 ], [ 80.942586921368047, 6.949281271487238 ], [ 80.942554740510417, 6.949283731645029 ], [ 80.94244222786692, 6.949292332190559 ], [ 80.942269934225138, 6.949397833809554 ], [ 80.942260732204659, 6.949397831601043 ], [ 80.9422474583031, 6.949391817119651 ], [ 80.942105975616855, 6.949335404734995 ], [ 80.942014021754062, 6.949328377760645 ], [ 80.941969564026422, 6.94933180616463 ], [ 80.941922072826671, 6.949335468031896 ], [ 80.941731099941109, 6.94934259371063 ], [ 80.941438118071801, 6.949366975686914 ], [ 80.941353240131477, 6.949367006111865 ], [ 80.941176408330037, 6.949360008480269 ], [ 80.941027864575375, 6.949338887318206 ], [ 80.940928822551399, 6.949289516220674 ], [ 80.940843901424842, 6.949162504739224 ], [ 80.940674059041541, 6.948915537193526 ], [ 80.940596242403529, 6.948880274130606 ], [ 80.940518424872153, 6.948845011959219 ], [ 80.940419388795917, 6.94880975711073 ], [ 80.940221306018259, 6.948711014629181 ], [ 80.939959555216745, 6.948584064002683 ], [ 80.939782687205351, 6.948471198559992 ], [ 80.939648258161114, 6.948358318448973 ], [ 80.939512220297374, 6.948203959712402 ], [ 80.939424674862735, 6.948199407633613 ], [ 80.939235755415922, 6.948189590146913 ], [ 80.939163627952908, 6.948199544277706 ], [ 80.938907087346379, 6.948234949344675 ], [ 80.938653735092174, 6.948257413333907 ], [ 80.938478019161138, 6.948272994155099 ], [ 80.938148651437132, 6.948252231331686 ], [ 80.938048273063089, 6.948244749773746 ], [ 80.938038174102246, 6.948188720924025 ], [ 80.937847080757876, 6.948096229294688 ], [ 80.937670209516924, 6.947969247586054 ], [ 80.93748625682403, 6.947821093665172 ], [ 80.937473490221663, 6.947914750720498 ], [ 80.937465089283819, 6.947976375438611 ], [ 80.937486379206049, 6.948181045553337 ], [ 80.937564281942159, 6.94847039372151 ], [ 80.93758842987387, 6.948531311964533 ], [ 80.93758014225206, 6.948548261651842 ], [ 80.937499797266355, 6.948675142695583 ], [ 80.937350716322257, 6.948803267874774 ], [ 80.937202187387854, 6.948928851694671 ], [ 80.936957963515468, 6.949213419394638 ], [ 80.936954671092039, 6.949386854650489 ], [ 80.93694791717563, 6.949395116953614 ], [ 80.936906795021002, 6.949590264962668 ], [ 80.93688351991139, 6.949637297240765 ], [ 80.936811145107882, 6.949783545911204 ], [ 80.93652343991613, 6.950153932257583 ], [ 80.936324393258303, 6.950244717619657 ], [ 80.936179874868188, 6.950344384807996 ], [ 80.936177069441257, 6.950347284988347 ], [ 80.936122471225318, 6.950404944443429 ], [ 80.935950904404777, 6.950586135666401 ], [ 80.935844493358005, 6.950698517271089 ], [ 80.935708427766599, 6.950842213501899 ], [ 80.935660089287637, 6.950905130301321 ], [ 80.935305762307024, 6.951366307149421 ], [ 80.935280114235624, 6.95137886311908 ], [ 80.935241418995574, 6.951381367469288 ], [ 80.93501096301695, 6.951432990577734 ], [ 80.934832168070699, 6.951492526262776 ], [ 80.934811368343617, 6.95150587909836 ], [ 80.934720927336613, 6.951563935605039 ], [ 80.934625590046934, 6.951651198596759 ], [ 80.93453421550997, 6.95171070409345 ], [ 80.934507738525923, 6.951737141541031 ], [ 80.934466684990596, 6.951778132473128 ], [ 80.934415058280706, 6.951873311699715 ], [ 80.934412746358959, 6.951877106073459 ], [ 80.934303857130644, 6.952055742840254 ], [ 80.934303382122422, 6.952056098394401 ], [ 80.934267506787762, 6.952082963986405 ], [ 80.934256185305685, 6.952091442999762 ], [ 80.934213205549824, 6.952109748893566 ], [ 80.934196347726242, 6.952116928437874 ], [ 80.934208586052691, 6.952165696812166 ], [ 80.934223396290193, 6.95222227399851 ], [ 80.934233053213205, 6.952259167760153 ], [ 80.934269746992527, 6.95234450936162 ], [ 80.934306430832606, 6.952421716645335 ], [ 80.934307214964562, 6.952425624835652 ], [ 80.934314584899781, 6.952462359292788 ], [ 80.934310525944426, 6.952486747319481 ], [ 80.934306461558322, 6.952511134443601 ], [ 80.934302675897982, 6.952530048557704 ], [ 80.934302394006821, 6.952531458479382 ], [ 80.934286114762727, 6.952580232728232 ], [ 80.934261613541679, 6.95263169914787 ], [ 80.934245938978805, 6.952664622352708 ], [ 80.934221527338494, 6.952737790502765 ], [ 80.934217465201073, 6.952774373223495 ], [ 80.934225630571603, 6.952827207849051 ], [ 80.934217509458705, 6.952904432761212 ], [ 80.93421345996056, 6.952981653605006 ], [ 80.934205329810496, 6.953034492749317 ], [ 80.93421349112117, 6.953075136299322 ], [ 80.934242023182819, 6.953140154316917 ], [ 80.934282777353829, 6.953205172784484 ], [ 80.934380568602776, 6.953302686004389 ], [ 80.9343859466656, 6.953306950772637 ], [ 80.934435841989043, 6.953346529595672 ], [ 80.934536954318801, 6.953426732173022 ], [ 80.934559832598978, 6.953444877769599 ], [ 80.934706522360614, 6.953591142525759 ], [ 80.934788894814687, 6.953695678291432 ], [ 80.934870401148871, 6.953821647509931 ], [ 80.93495597732705, 6.953931355761187 ], [ 80.935180057288932, 6.954110113653065 ], [ 80.935265629957655, 6.95421169114605 ], [ 80.935355294306163, 6.954370170389079 ], [ 80.935371603971262, 6.954406747188696 ], [ 80.935379756355928, 6.954447384386217 ], [ 80.935383845258187, 6.954488028372142 ], [ 80.935387931889963, 6.954524604748341 ], [ 80.935383351069902, 6.954544451484629 ], [ 80.935375734743175, 6.954577447079484 ], [ 80.935367603334939, 6.954626221340858 ], [ 80.935351335054989, 6.95470751479677 ], [ 80.935355424877216, 6.954756286768346 ], [ 80.935363806490187, 6.954840800363845 ], [ 80.935384208744864, 6.95494240329558 ], [ 80.935490202154568, 6.955218741866963 ], [ 80.935547276418944, 6.955352846231657 ], [ 80.935693980773038, 6.955569356047339 ], [ 80.935791843124832, 6.955569324052812 ], [ 80.935909300908477, 6.955883903055569 ], [ 80.935946421685401, 6.95596161103192 ], [ 80.936010515462769, 6.956095787122365 ], [ 80.936356306972826, 6.956819680683213 ], [ 80.936356416935794, 6.95714495739729 ], [ 80.936356548046078, 6.957532768398736 ], [ 80.936669495413199, 6.958312603724362 ], [ 80.936915223448494, 6.958446224434232 ], [ 80.937049513107013, 6.958477703343823 ], [ 80.93729494032651, 6.958535232167948 ], [ 80.937339688617612, 6.958758057390078 ], [ 80.937183427700845, 6.959003234094903 ], [ 80.937180782533062, 6.959014460255802 ], [ 80.937094218601629, 6.959382094611001 ], [ 80.937751095274962, 6.95955368576478 ], [ 80.937579557414324, 6.959806238868617 ], [ 80.937561904841175, 6.959832227654434 ], [ 80.937509316173092, 6.959909652197813 ], [ 80.937506097040014, 6.959922986513566 ], [ 80.937482767817244, 6.960019644925566 ], [ 80.937481357073793, 6.960025489089039 ], [ 80.937869573121517, 6.960322941660203 ], [ 80.938281863422205, 6.96075329555454 ], [ 80.939098631218783, 6.961360925112954 ], [ 80.939183814884785, 6.961469782589514 ], [ 80.939323713261942, 6.961549137850273 ], [ 80.939330468757092, 6.961552969821264 ], [ 80.940046082064981, 6.96143072286088 ], [ 80.940172893427999, 6.9613961821247 ], [ 80.940331277124855, 6.961285335191318 ], [ 80.940445052992104, 6.961257409436977 ], [ 80.940995868085622, 6.960902489069813 ], [ 80.94226757443063, 6.960250325618746 ], [ 80.942735085926159, 6.959809225914136 ], [ 80.94287387057804, 6.959526841938275 ], [ 80.943003030736023, 6.959120043866267 ], [ 80.943127455310901, 6.958866375957677 ], [ 80.943357239968208, 6.958607887073217 ], [ 80.943529598072629, 6.958473835783471 ], [ 80.943897290292469, 6.958297156551552 ], [ 80.944252755213782, 6.958502292119523 ], [ 80.94453540526726, 6.958770171105179 ], [ 80.94481805212672, 6.959033264278836 ], [ 80.94500015239997, 6.95935860268805 ], [ 80.945215787635604, 6.959717426691155 ], [ 80.945445786945669, 6.960066675094188 ], [ 80.945599116047447, 6.960286745907698 ], [ 80.945838653495741, 6.96052114182762 ], [ 80.946019979350041, 6.960629195875412 ], [ 80.946262375653873, 6.960542277616889 ], [ 80.94640366939862, 6.960334291532567 ], [ 80.946984397466025, 6.959785301227385 ], [ 80.947249491903591, 6.959735985648722 ], [ 80.947625970864522, 6.959760445254035 ], [ 80.948366398954164, 6.960063344850183 ], [ 80.948478893295075, 6.960114702518296 ], [ 80.948792360455556, 6.9605059071178 ], [ 80.948922915397191, 6.960797577866439 ], [ 80.949066731357775, 6.961194707601705 ], [ 80.949315964296432, 6.961744933594921 ], [ 80.949493260067669, 6.962017632653412 ], [ 80.949603459347045, 6.96215158100372 ], [ 80.949969217306176, 6.962330510359544 ], [ 80.950679170862117, 6.962265860585584 ], [ 80.951078588591614, 6.962399876569683 ], [ 80.951409090699869, 6.962548100049446 ], [ 80.951720425742707, 6.962667618411918 ], [ 80.952051608021677, 6.962735786760248 ], [ 80.952410070072489, 6.962710430502529 ], [ 80.952740488893738, 6.962633741979654 ], [ 80.952960729614404, 6.962480528756081 ], [ 80.953142328365544, 6.962276237913891 ] ] ] ] } },
{ "type": "Feature", "properties": { "GND_N": "Yahala Arawa", "PROVINCE_N": "UVA", "DISTRICT_N": "BADULLA", "DSD_N": "UVAPARANAGAMA", "Female": 656, "Male": 668, "Density": 894.68465297099999, "MWS_ID": "046", "GND_NO": "53C", "GND_C": "315", "PROVINCE_C": "8", "DISTRICT_C": "1", "DSD_C": "27", "Admin_Code": "8127315", "GND_NAME_G": "යහලඅරාව", "AreaGND": 147.98510241599999, "MWS_ID_2": null, "AreaGND_1": 1.47985102416, "Total": 1324, "FP_MWS": "046" }, "geometry": { "type": "MultiPolygon", "coordinates": [ [ [ [ 80.934050491999614, 6.940184620638843 ], [ 80.934632015201316, 6.939011819811918 ], [ 80.934759877912199, 6.938795245086506 ], [ 80.934931926375313, 6.938503830675703 ], [ 80.935022839722777, 6.938507170720502 ], [ 80.935101248843878, 6.938510053723223 ], [ 80.935147340013629, 6.938474173155954 ], [ 80.935401442928949, 6.938497670041714 ], [ 80.935616338288625, 6.938641534433375 ], [ 80.935765848359281, 6.93882086441721 ], [ 80.936454926305302, 6.938951098446369 ], [ 80.937224548016161, 6.93895413479293 ], [ 80.937311437303407, 6.938936971301572 ], [ 80.937530440916987, 6.938893709669347 ], [ 80.937619162411025, 6.938888830631353 ], [ 80.93775076874158, 6.938923089369005 ], [ 80.938012342096073, 6.938907942704867 ], [ 80.938523563275311, 6.938817708633638 ], [ 80.938417466254847, 6.938361534680548 ], [ 80.938290017428429, 6.937966335130135 ], [ 80.938245684813637, 6.937789642394113 ], [ 80.938190860166017, 6.937571128615681 ], [ 80.938169573835751, 6.937373513908218 ], [ 80.938169501655892, 6.937161776510584 ], [ 80.938153741900464, 6.937085898016675 ], [ 80.938155542362068, 6.937073992989653 ], [ 80.93814533718384, 6.937045433645902 ], [ 80.93812699220922, 6.936957112643818 ], [ 80.938027912541259, 6.93678069984998 ], [ 80.937893468074293, 6.936611356331459 ], [ 80.937822420944855, 6.936450673581426 ], [ 80.937787011386604, 6.936323644592584 ], [ 80.937777803301486, 6.936225218356446 ], [ 80.937937865747202, 6.93619557386367 ], [ 80.938132343423106, 6.936131512005045 ], [ 80.938221027353819, 6.936108245423559 ], [ 80.938336246320773, 6.936078016501177 ], [ 80.938503914287153, 6.936025166290795 ], [ 80.938660788454868, 6.935966574587836 ], [ 80.938819517539159, 6.935907290398322 ], [ 80.938961719378213, 6.935854178339137 ], [ 80.939040131896292, 6.935688638196114 ], [ 80.939052041538858, 6.935678692072125 ], [ 80.939191275029614, 6.935562411783824 ], [ 80.939322378113204, 6.935567196818653 ], [ 80.939470442343506, 6.935567193976593 ], [ 80.939685650270974, 6.93558889964342 ], [ 80.940911414284116, 6.935410598081685 ], [ 80.941989231978098, 6.935113628168486 ], [ 80.942140381303815, 6.935044250646634 ], [ 80.942207048110632, 6.935024493419796 ], [ 80.942580993817202, 6.934913667361143 ], [ 80.94281702174959, 6.934843713741865 ], [ 80.943466436362158, 6.934588808044363 ], [ 80.943576461546854, 6.934580755320752 ], [ 80.943583118060346, 6.934574357659119 ], [ 80.943610036321516, 6.934548493805544 ], [ 80.943606374682375, 6.934542979671781 ], [ 80.943574389674936, 6.934494825255782 ], [ 80.943530857008383, 6.934381679012129 ], [ 80.943575393955697, 6.934252588559495 ], [ 80.943611991449373, 6.934115394608631 ], [ 80.943624739197958, 6.93406245962024 ], [ 80.94372143094914, 6.934012172775726 ], [ 80.943729344371107, 6.934005539547687 ], [ 80.943831589547855, 6.933946582860297 ], [ 80.94385238954122, 6.933936884887582 ], [ 80.943881405304211, 6.933838724758558 ], [ 80.943880190437554, 6.933817069537413 ], [ 80.943876744331774, 6.933801713661341 ], [ 80.943854491151711, 6.933673383721495 ], [ 80.943853578240009, 6.93365599224251 ], [ 80.943860553005919, 6.933510248450747 ], [ 80.943884497971879, 6.93338575552709 ], [ 80.943816478267408, 6.933304635227853 ], [ 80.943753760042711, 6.933380587275212 ], [ 80.943660464365109, 6.933493961614949 ], [ 80.943525316417109, 6.933601679685336 ], [ 80.943424667289975, 6.933587619482126 ], [ 80.943314447180242, 6.933560547704715 ], [ 80.943253101638177, 6.933489605767779 ], [ 80.943174623953084, 6.933472133885357 ], [ 80.943102725019941, 6.933551560737601 ], [ 80.942980643279185, 6.933673393157374 ], [ 80.942876357277783, 6.933755379683887 ], [ 80.942744848905321, 6.933816746461019 ], [ 80.942568066666638, 6.933872726644793 ], [ 80.942470649278661, 6.933869391200572 ], [ 80.942367858337548, 6.933856123702943 ], [ 80.942296038541471, 6.933836260149828 ], [ 80.942265787139206, 6.933799643200548 ], [ 80.942229717178023, 6.933717480603566 ], [ 80.942209091426903, 6.93363017881683 ], [ 80.942173038532658, 6.93359423940783 ], [ 80.94210609634878, 6.933568583789795 ], [ 80.941987656197327, 6.93351213063256 ], [ 80.941900114317903, 6.933471073520555 ], [ 80.941827995175274, 6.933363245387077 ], [ 80.941791888661143, 6.933173229534303 ], [ 80.941760564202582, 6.933113664099371 ], [ 80.941657555877043, 6.933016117896673 ], [ 80.941654575544177, 6.933012720513347 ], [ 80.941549391213016, 6.932892892698543 ], [ 80.941534785849882, 6.932874364720959 ], [ 80.941492731607454, 6.932821011120878 ], [ 80.941389680573891, 6.93260020390066 ], [ 80.94131241689972, 6.93250264777965 ], [ 80.941276343640169, 6.932410214784783 ], [ 80.941224808403518, 6.932271563037268 ], [ 80.941188125040668, 6.932207263513954 ], [ 80.941173186758292, 6.932183727537607 ], [ 80.941028429105202, 6.931955661260896 ], [ 80.940956299749175, 6.931811880996518 ], [ 80.94093031230345, 6.931614559202208 ], [ 80.94093540105446, 6.931439936742033 ], [ 80.940950763345455, 6.931198545982446 ], [ 80.940917979532728, 6.931055694388646 ], [ 80.940909511685746, 6.931018803033852 ], [ 80.940832226133736, 6.930859616788084 ], [ 80.940713757512327, 6.930715852491077 ], [ 80.940603356748881, 6.930577464248771 ], [ 80.940557350263319, 6.930519794712966 ], [ 80.940519969630827, 6.93049543719868 ], [ 80.940511387244939, 6.930462176703321 ], [ 80.940486255750969, 6.930337013565476 ], [ 80.940423481553211, 6.930180568644936 ], [ 80.940316789734538, 6.929977200323685 ], [ 80.940281844841479, 6.929846545927413 ], [ 80.940259007074815, 6.929696480734823 ], [ 80.940250414912029, 6.929640021816164 ], [ 80.940212659865395, 6.929280163139442 ], [ 80.940218894549432, 6.929173764588191 ], [ 80.94024707758804, 6.929057969869095 ], [ 80.94029133460991, 6.92892414116604 ], [ 80.940363399009584, 6.928742615576555 ], [ 80.940387939141857, 6.928683376223892 ], [ 80.940400998577331, 6.928651852689636 ], [ 80.940466812066532, 6.928529786213776 ], [ 80.940561008250739, 6.928377822290893 ], [ 80.940589205219354, 6.928302708205851 ], [ 80.94058919639329, 6.92827454599681 ], [ 80.940598568824655, 6.92817440331887 ], [ 80.94058913692291, 6.928102432054227 ], [ 80.940564021588173, 6.928021078494245 ], [ 80.940513782475534, 6.92783646612228 ], [ 80.940479238710793, 6.927695659735076 ], [ 80.940463523052429, 6.927595526610579 ], [ 80.940444529331401, 6.927245412694452 ], [ 80.940441290144008, 6.926948129822343 ], [ 80.940422358937866, 6.926616427750554 ], [ 80.940403142385065, 6.926163155832663 ], [ 80.940406219918842, 6.925997300469082 ], [ 80.940399899102857, 6.925856483432224 ], [ 80.940415548086335, 6.925768857034742 ], [ 80.940415522347166, 6.925696881612263 ], [ 80.940406011014247, 6.925378691281149 ], [ 80.940398953917182, 6.925309678106795 ], [ 80.940502591107759, 6.924589487446852 ], [ 80.940505853045835, 6.924588301668235 ], [ 80.940527841368265, 6.924577322923988 ], [ 80.940505851969334, 6.92456683048793 ], [ 80.940485949731581, 6.924557334792335 ], [ 80.940269241421973, 6.924458221309079 ], [ 80.940007314931151, 6.924370461582282 ], [ 80.939626709298508, 6.924284028346905 ], [ 80.939393231956828, 6.924264985657849 ], [ 80.939169861320366, 6.924312630918738 ], [ 80.938836014400081, 6.924389715815688 ], [ 80.938506173531209, 6.924418874872069 ], [ 80.938173910708372, 6.924492482576791 ], [ 80.937911846949831, 6.924567059182536 ], [ 80.93704536778894, 6.924769076379051 ], [ 80.936861853338385, 6.924840592825159 ], [ 80.936760008184933, 6.924891223642486 ], [ 80.936732503299538, 6.924878427785681 ], [ 80.936611847110683, 6.92482496361831 ], [ 80.936511300752883, 6.924784869305655 ], [ 80.936418880303577, 6.924756525640795 ], [ 80.936337026260901, 6.924731424904267 ], [ 80.936263301266933, 6.924724760436047 ], [ 80.936218345757851, 6.924721325561475 ], [ 80.936176170330398, 6.924718102264052 ], [ 80.936082340479743, 6.92471813464721 ], [ 80.935941618597113, 6.924785060545799 ], [ 80.935713787225183, 6.924912209576038 ], [ 80.935619962243493, 6.924932305936349 ], [ 80.935512730444088, 6.924939029205801 ], [ 80.935432296644422, 6.92491230368634 ], [ 80.935345150029988, 6.924858828904426 ], [ 80.935231168347272, 6.924725106780416 ], [ 80.935123906656386, 6.924644885367273 ], [ 80.935003255160922, 6.924604796529399 ], [ 80.934911398329049, 6.92460545471511 ], [ 80.934689594088468, 6.924679316212137 ], [ 80.93462993907977, 6.924699181266989 ], [ 80.934547295902661, 6.924709104660576 ], [ 80.934462391339338, 6.924719300989898 ], [ 80.934321647002818, 6.924719347693891 ], [ 80.93417420413104, 6.924732773226058 ], [ 80.93408177672346, 6.924764888091578 ], [ 80.934050811046362, 6.924775647956515 ], [ 80.93402007248423, 6.92478632816441 ], [ 80.933865947446833, 6.924859947122203 ], [ 80.933698432802643, 6.924980387826216 ], [ 80.933662491844956, 6.925016276649296 ], [ 80.933544333273218, 6.92513426295733 ], [ 80.933396915444291, 6.925221255298275 ], [ 80.933262873424127, 6.925227987807233 ], [ 80.933110161467113, 6.92522141307609 ], [ 80.93310085104477, 6.92522332877016 ], [ 80.933085265339102, 6.925218708320697 ], [ 80.932753493026325, 6.925181338899398 ], [ 80.932512203329978, 6.925141289936852 ], [ 80.932501260909945, 6.925136572992233 ], [ 80.932264187861676, 6.925034363414859 ], [ 80.932197166223418, 6.925034385351452 ], [ 80.93214355092239, 6.925041090314505 ], [ 80.932083248876751, 6.925094614832899 ], [ 80.932029648892225, 6.925148136248724 ], [ 80.931969363423008, 6.925255164639231 ], [ 80.931945050377678, 6.92532526073695 ], [ 80.931812289553207, 6.925707987364928 ], [ 80.931537704422482, 6.92633006316261 ], [ 80.931350146508606, 6.926644461982358 ], [ 80.931196038233836, 6.926778272302114 ], [ 80.931209465557657, 6.926790927462899 ], [ 80.931409543907534, 6.92697951725061 ], [ 80.931671286476657, 6.927127647609263 ], [ 80.931742022031955, 6.927148799099732 ], [ 80.93197542413364, 6.927141663770142 ], [ 80.932020282955563, 6.92714213653166 ], [ 80.9326261286256, 6.927148509724067 ], [ 80.932629441830684, 6.927149000584699 ], [ 80.932733256201104, 6.927164395040482 ], [ 80.93276110315756, 6.927171586965164 ], [ 80.932781757872533, 6.927171585605042 ], [ 80.93295856776011, 6.92719780601097 ], [ 80.933244183286391, 6.927191233451618 ], [ 80.93326977162765, 6.927190643543044 ], [ 80.933446590439175, 6.927183528850354 ], [ 80.933654700111958, 6.927239942836969 ], [ 80.9339235058452, 6.927352780460916 ], [ 80.934128673467299, 6.927515042734596 ], [ 80.934326792076945, 6.927754945530775 ], [ 80.934355598901348, 6.927791038994138 ], [ 80.934602748033441, 6.928100691590537 ], [ 80.934766990955907, 6.928316243164408 ], [ 80.935014634636659, 6.928598474682761 ], [ 80.935096495073182, 6.928700513956313 ], [ 80.935127848661779, 6.928739596189205 ], [ 80.935174080399989, 6.928804905863525 ], [ 80.93521276213265, 6.92885955164184 ], [ 80.935235711386071, 6.928985262940498 ], [ 80.935297791304961, 6.92932534381972 ], [ 80.93529782997723, 6.929438270304445 ], [ 80.93543357565899, 6.929881167203439 ], [ 80.935553940976845, 6.930262253753643 ], [ 80.935759190018217, 6.9306644827817 ], [ 80.935785879662674, 6.930711793090798 ], [ 80.93582288478477, 6.930777389736756 ], [ 80.935929022209422, 6.930911452492577 ], [ 80.936127110283522, 6.931045486163765 ], [ 80.936303986581734, 6.931207758727236 ], [ 80.936388941161823, 6.931595295655304 ], [ 80.93641624174289, 6.931720409464171 ], [ 80.936459908788436, 6.931883597611773 ], [ 80.936465405204373, 6.932014158214582 ], [ 80.936459977529935, 6.932084880276717 ], [ 80.936421846313763, 6.932177375711322 ], [ 80.936405506444089, 6.932220901423193 ], [ 80.936383736146567, 6.932329710639021 ], [ 80.936345633285043, 6.932503806119885 ], [ 80.936227453010503, 6.932536490760198 ], [ 80.935892878365124, 6.932639960090516 ], [ 80.935837990618893, 6.932656932614583 ], [ 80.935528144052853, 6.932690318845337 ], [ 80.935516077026222, 6.9326951094284 ], [ 80.935150176120359, 6.932748166764609 ], [ 80.935133453594759, 6.932762752636303 ], [ 80.934851369336187, 6.932836432724528 ], [ 80.934830467164502, 6.932841390819658 ], [ 80.934822229252532, 6.932841390851105 ], [ 80.934295964123592, 6.932972538896289 ], [ 80.933956595363483, 6.933038590577419 ], [ 80.93366432463057, 6.93317298732548 ], [ 80.933647562157077, 6.933179170252846 ], [ 80.933336661141183, 6.933323185844351 ], [ 80.933130537447113, 6.933418824679515 ], [ 80.932985341639082, 6.933542178746275 ], [ 80.932837971623343, 6.933711019687612 ], [ 80.932694989262814, 6.933834555611511 ], [ 80.932452600397284, 6.933817310332584 ], [ 80.932444541651208, 6.93381731026438 ], [ 80.932376567750055, 6.933858955531031 ], [ 80.932397814582927, 6.933883673471558 ], [ 80.932424611563491, 6.933952367393394 ], [ 80.932462897358107, 6.934063040424199 ], [ 80.932554724480781, 6.934150797678448 ], [ 80.932627441435784, 6.934288176503275 ], [ 80.932684865851741, 6.934440829721602 ], [ 80.932684880928733, 6.934486630620122 ], [ 80.932688748604193, 6.934612580702424 ], [ 80.932689271788888, 6.93469538967012 ], [ 80.932712236009792, 6.934741183927757 ], [ 80.932742213506714, 6.934777975218696 ], [ 80.932761980623184, 6.9348022360432 ], [ 80.932849970056452, 6.93485182511737 ], [ 80.932945610837393, 6.934909046796925 ], [ 80.9330718733802, 6.935027324124862 ], [ 80.933133109838835, 6.935141806645704 ], [ 80.933136491412171, 6.935149108788228 ], [ 80.933179042746076, 6.935241028443395 ], [ 80.933191813176791, 6.935288756751838 ], [ 80.933209679458741, 6.935355521947045 ], [ 80.933209693683224, 6.935401321938603 ], [ 80.933205881525382, 6.935435673645364 ], [ 80.933163844849247, 6.935554008235531 ], [ 80.933163782397443, 6.935556722108911 ], [ 80.933162097036657, 6.935629792314255 ], [ 80.933160516050066, 6.935698298401347 ], [ 80.933152893694697, 6.935778453168142 ], [ 80.93315715472815, 6.935820839773736 ], [ 80.933160567730852, 6.935854786676308 ], [ 80.933185856590725, 6.935896813663139 ], [ 80.933229253947601, 6.935968935741259 ], [ 80.93326389813636, 6.936026507544034 ], [ 80.93328687599994, 6.936110468426341 ], [ 80.933290725291315, 6.936182986074733 ], [ 80.933263980127634, 6.936274597603636 ], [ 80.933221930072719, 6.936347129493295 ], [ 80.933168402420279, 6.936412033641257 ], [ 80.933163444153621, 6.936417766832162 ], [ 80.933095756245592, 6.936496026061076 ], [ 80.933095659471022, 6.936496200625981 ], [ 80.933057529305401, 6.936564740462092 ], [ 80.933007829449721, 6.936637276663136 ], [ 80.932992551722762, 6.936705982592474 ], [ 80.93293804564118, 6.936800823518258 ], [ 80.932873098431884, 6.936913619454693 ], [ 80.932850123422284, 6.936953522732181 ], [ 80.932808062277516, 6.936995521260241 ], [ 80.932731592784918, 6.937083332906591 ], [ 80.93271283142937, 6.937126319413816 ], [ 80.93266661755014, 6.93723220832464 ], [ 80.932622243020759, 6.937295509667675 ], [ 80.93261309258699, 6.937308561956958 ], [ 80.932559554345005, 6.937339113785304 ], [ 80.932506017702039, 6.937377298939501 ], [ 80.932425709656314, 6.937430759542422 ], [ 80.93226891083097, 6.937499512794589 ], [ 80.932219196067123, 6.937530064235551 ], [ 80.932184787985577, 6.937579691724189 ], [ 80.932158030911651, 6.937633136534125 ], [ 80.932112156140875, 6.937705669581461 ], [ 80.932066276348451, 6.937762936865701 ], [ 80.931999749315949, 6.937830652140446 ], [ 80.931961518357895, 6.937887916005975 ], [ 80.931892725847135, 6.938059692567582 ], [ 80.931869797456685, 6.9381207685367 ], [ 80.931820096698772, 6.938197120830739 ], [ 80.931667146037483, 6.938342208667196 ], [ 80.931548602250089, 6.9384338491835 ], [ 80.931515798553434, 6.938472386472443 ], [ 80.931418604157727, 6.938586562779459 ], [ 80.931384190588446, 6.938617107334605 ], [ 80.931273280601445, 6.938662946204089 ], [ 80.931212089849197, 6.938685866141584 ], [ 80.931150902260839, 6.938724054543663 ], [ 80.931106561621576, 6.938778544081408 ], [ 80.931072160800255, 6.938851074199142 ], [ 80.93102813934766, 6.938904796765777 ], [ 80.931003339226905, 6.938935065966192 ], [ 80.930930674880656, 6.938965623838081 ], [ 80.930888604349647, 6.93897708706522 ], [ 80.930781509300118, 6.938988572324932 ], [ 80.930720307412514, 6.938988592206455 ], [ 80.930662936298845, 6.938988610836389 ], [ 80.930586422440143, 6.93895046810485 ], [ 80.930464000220553, 6.93887417177686 ], [ 80.930429569555187, 6.938855100060139 ], [ 80.930360717806565, 6.938843671923598 ], [ 80.93016942759651, 6.93871396268969 ], [ 80.930092920576058, 6.938691087443941 ], [ 80.929974335621665, 6.938656774431409 ], [ 80.929936083354576, 6.93864915346017 ], [ 80.929933469884006, 6.938649480762762 ], [ 80.929905485476354, 6.938652980464505 ], [ 80.929840469972262, 6.938683535699409 ], [ 80.929660742288959, 6.938820997312415 ], [ 80.929580431784217, 6.938863008801269 ], [ 80.929507761193889, 6.938874482674773 ], [ 80.92943892086754, 6.93890122106512 ], [ 80.929400674416371, 6.938908866715065 ], [ 80.929373909569307, 6.938939409568789 ], [ 80.929328021362522, 6.938977591909311 ], [ 80.929285955383534, 6.939000506349694 ], [ 80.929236232563341, 6.939004339464831 ], [ 80.929197983060973, 6.939008167980997 ], [ 80.929148263020792, 6.939023452442032 ], [ 80.929125313666944, 6.939023459819153 ], [ 80.929094713623144, 6.939023468749569 ], [ 80.929052633215008, 6.939004398486064 ], [ 80.928999071543672, 6.938966248121375 ], [ 80.9289110734573, 6.938893757449254 ], [ 80.928820447674383, 6.938799769293508 ], [ 80.9288126534898, 6.938724929679034 ], [ 80.928806680182475, 6.938709437945173 ], [ 80.928815370122578, 6.938645698950518 ], [ 80.928811527616176, 6.938592264137326 ], [ 80.928784740683568, 6.938554105157712 ], [ 80.928723530212963, 6.938515956308081 ], [ 80.928643204657007, 6.938508348716946 ], [ 80.928551130698082, 6.938500791898512 ], [ 80.928536448718248, 6.938603584800314 ], [ 80.928491301334205, 6.938779117086636 ], [ 80.92847660222769, 6.938834186510972 ], [ 80.928421444969288, 6.93891129440675 ], [ 80.928373368879321, 6.938959299135186 ], [ 80.928289049105587, 6.939043491712617 ], [ 80.928255960703055, 6.93910958067567 ], [ 80.928222883768726, 6.939208707921845 ], [ 80.928186115700498, 6.939274798055812 ], [ 80.928155026535009, 6.939318776745801 ], [ 80.928141988966061, 6.939337219013318 ], [ 80.928079476460042, 6.939421671362635 ], [ 80.927972814232831, 6.939502467171141 ], [ 80.927833033909138, 6.93955390493927 ], [ 80.927660149814528, 6.939623709018068 ], [ 80.927629788825953, 6.93963848164562 ], [ 80.927516696522801, 6.939693503674649 ], [ 80.927434898031365, 6.939758710991149 ], [ 80.927357679971706, 6.93987620621205 ], [ 80.927284153464313, 6.940034082489714 ], [ 80.927251099874866, 6.940210300812769 ], [ 80.927254803138155, 6.940287389882296 ], [ 80.927287970258163, 6.940470928412455 ], [ 80.927284309928567, 6.940525994293814 ], [ 80.927269611536275, 6.940581063680721 ], [ 80.927225488705886, 6.940650826696967 ], [ 80.927148255809868, 6.940727941456533 ], [ 80.927052292350368, 6.940818922599073 ], [ 80.926975063539473, 6.940903379473157 ], [ 80.926941986478653, 6.941006178154995 ], [ 80.926935246522419, 6.941044364138684 ], [ 80.926930969117265, 6.941068588508201 ], [ 80.926916297202084, 6.941204419643254 ], [ 80.926897946522971, 6.941340252847173 ], [ 80.926920047022634, 6.941428347945591 ], [ 80.926942139374944, 6.941490747804764 ], [ 80.9269458376817, 6.941549482873564 ], [ 80.926938497643022, 6.941604549917086 ], [ 80.926945884291882, 6.941696322104122 ], [ 80.926953275344943, 6.94179910705171 ], [ 80.926986789853672, 6.941919540490142 ], [ 80.927075132726131, 6.942073694761752 ], [ 80.927097229534851, 6.942147106467379 ], [ 80.927086216836713, 6.942224201105639 ], [ 80.927060507477933, 6.942356365120975 ], [ 80.927042157063767, 6.942495868038808 ], [ 80.927038516780584, 6.942617011384728 ], [ 80.927075331012503, 6.942697761467753 ], [ 80.927116597170979, 6.942759485131584 ], [ 80.927119499030709, 6.942763825832406 ], [ 80.927266697475162, 6.942899604662168 ], [ 80.927282867156023, 6.942926118595285 ], [ 80.92729746315041, 6.942950049396678 ], [ 80.927463075172312, 6.943144560354797 ], [ 80.92756242900262, 6.943217947449789 ], [ 80.927635314984741, 6.943238287632388 ], [ 80.927654409192172, 6.943243615207156 ], [ 80.927753748105957, 6.943272951220018 ], [ 80.92779422551223, 6.943298635362744 ], [ 80.927808946727566, 6.943320657096025 ], [ 80.92780896052713, 6.943361037517851 ], [ 80.927815411066859, 6.943428398870434 ], [ 80.927816342690164, 6.94343812630146 ], [ 80.927849479519651, 6.943522549013218 ], [ 80.928014566525164, 6.943661564768262 ], [ 80.92801507435999, 6.943661992347629 ], [ 80.928125462359674, 6.943728035461981 ], [ 80.928221134382667, 6.943794082351034 ], [ 80.928310593471906, 6.943836855017122 ], [ 80.928439407490657, 6.944005676721324 ], [ 80.928489852291278, 6.944055981231095 ], [ 80.9285136319359, 6.944067792119506 ], [ 80.928630739427248, 6.944093720212916 ], [ 80.928733760262986, 6.944137740021533 ], [ 80.928891972669476, 6.94419275303596 ], [ 80.928954529345873, 6.944244127027263 ], [ 80.929038019350941, 6.944348963772495 ], [ 80.929053900183888, 6.944368907877529 ], [ 80.929064237360251, 6.944392608484583 ], [ 80.929070570195734, 6.944386126119796 ], [ 80.929090260789664, 6.944365970722993 ], [ 80.92946233173069, 6.94398511851469 ], [ 80.929610190391259, 6.943844711941803 ], [ 80.929750183415763, 6.943711770279898 ], [ 80.929779369352829, 6.943684056228323 ], [ 80.929917393108298, 6.943383655727401 ], [ 80.929933010641079, 6.943359031579305 ], [ 80.930115362403242, 6.942863680520355 ], [ 80.93021595123362, 6.942717470693179 ], [ 80.930357255090627, 6.942512082772543 ], [ 80.930576340240009, 6.942367212618688 ], [ 80.93071573948481, 6.942275034724576 ], [ 80.930897255315756, 6.942164830925183 ], [ 80.931119885411306, 6.94202966539584 ], [ 80.931451945015851, 6.941916215564136 ], [ 80.932093469730432, 6.941697037339281 ], [ 80.932122083011095, 6.941687261346312 ], [ 80.93247698067303, 6.941577740709667 ], [ 80.932557066289249, 6.941553026560345 ], [ 80.932645710849698, 6.941524411980417 ], [ 80.932719107147662, 6.941500720072968 ], [ 80.932937862655137, 6.941430105956901 ], [ 80.932973787546629, 6.941412973606181 ], [ 80.933408241177403, 6.941205764450215 ], [ 80.933517199842825, 6.941076307246759 ], [ 80.933739053925109, 6.940812713436449 ], [ 80.934049739559413, 6.940186136522063 ], [ 80.934050491999614, 6.940184620638843 ] ] ] ] } }
]
}
