{"type":"FeatureCollection","name":"SED_PPL_MWS_121","crs":{"type":"name","properties":{"name":"urn:ogc:def:crs:OGC:1.3:CRS84"}},"features":[{"type":"Feature","properties":{"GND_N":"Uda Aludeniya","GND_NO":"42","GND_C":"575","PROVINCE_N":"CENTRAL","PROVINCE_C":"2","DISTRICT_N":"KANDY","DISTRICT_C":"1","DSD_N":"UDUNUWARA","DSD_C":"39","Admin_Code":"2139575","GND_NO_Cen":"42","GND_NAME_C":"Uda Aludeniya","GND_NO_Gaz":"42","GND_NAME_G":"උඩ අළුදෙe","shape_1":"Polygon","Area__Ha_":85.4590468698,"MWS_ID":"121","Alt_MWS":null,"Area":0.8545904687,"Density":2206.90502537,"Total_Pop":1886.0},"geometry":{"type":"MultiPolygon","coordinates":[[[[80.5919627094556,7.196803129976141],[80.59216550821154,7.196663044323085],[80.5925397913496,7.196479200313481],[80.59267253539845,7.196413998932824],[80.59296111992435,7.196149321411584],[80.59302976023787,7.19603968923763],[80.59305495349207,7.195980678941999],[80.59314770206721,7.195780838390717],[80.59319555707425,7.195616968494838],[80.59325965800552,7.195464646736438],[80.5932837478149,7.195300749237318],[80.59332802458385,7.195088667569902],[80.59336887508655,7.194749784651417],[80.59339072528844,7.194568515444834],[80.59348434964696,7.194303760502049],[80.59350349895166,7.194176268337692],[80.59350775697436,7.194147918258397],[80.59349518680617,7.193836729126487],[80.59349234641785,7.19376640740331],[80.59346367878048,7.193755977454265],[80.59341792463664,7.193739330813974],[80.5933208973998,7.19370402775642],[80.59318953041286,7.193683775767723],[80.59301673245776,7.193657136326903],[80.5927749816078,7.19356349995514],[80.59261911478794,7.193454498506502],[80.5925800029639,7.193416066117242],[80.59215920370507,7.193002582543155],[80.59214533273622,7.19299371658154],[80.59188895844883,7.192829830151022],[80.59168708777115,7.192700786736386],[80.59168367050091,7.192698601461406],[80.5915667105092,7.19258961354034],[80.59148106471841,7.192363644641354],[80.59148113177544,7.192200163458068],[80.59149305916239,7.192167512904132],[80.59181369290361,7.191289826701124],[80.59181680934795,7.191281298548698],[80.5918168382148,7.191209819554634],[80.59181686281585,7.191148902844875],[80.59189864031366,7.19109694364748],[80.59224579596683,7.190876369482569],[80.59240190517187,7.190736265761836],[80.59258901857385,7.190541633050558],[80.59294021664252,7.190074501988934],[80.59284661646731,7.189926525569907],[80.59253929305878,7.189569062481929],[80.59246480090859,7.189482415507186],[80.59245878693051,7.189477618466338],[80.59211786587797,7.189205757639625],[80.59195802737004,7.189124021910033],[80.59125627055701,7.18882772004931],[80.59113546020613,7.18880040100404],[80.59095213072185,7.188734199540446],[80.5907611380032,7.188722394295266],[80.59062289468868,7.188693196143774],[80.59033617364017,7.188632640603208],[80.59010234784184,7.188539146263987],[80.58996190209088,7.18843777893242],[80.58971259605565,7.188141800519247],[80.58967749607768,7.188063563811739],[80.58963783567337,7.188077524599338],[80.58957165779631,7.188127219054325],[80.58925625225949,7.188214806211777],[80.58879509213324,7.188618935324424],[80.58858499196846,7.188597312355568],[80.58857120057995,7.188593594531606],[80.5868565019689,7.189574572570414],[80.58680698166565,7.1895930957701],[80.58679352665807,7.189605716112584],[80.5864190059045,7.189777128506338],[80.58609631602229,7.189999554065593],[80.58608434336114,7.190005335742327],[80.58565112482295,7.19022322428675],[80.58559854355741,7.190242635914507],[80.58558393305154,7.190251089605341],[80.58520680600287,7.190453539259567],[80.58519063563506,7.19045268789223],[80.58507793917165,7.190572408823594],[80.58504403075031,7.190584437296125],[80.58501000826075,7.190589924880301],[80.58497647203166,7.190601837752141],[80.58494985983776,7.190613909958884],[80.5849399650457,7.190620042438891],[80.58473705449337,7.1907150489087],[80.58472410703716,7.190717650604763],[80.58449252774464,7.190818546465893],[80.58423142665173,7.190848005109248],[80.5842079502767,7.190846635189355],[80.58405104852427,7.190865282141269],[80.58403108309489,7.190867146576159],[80.58401083444002,7.190866418248979],[80.58385984119208,7.190852004418193],[80.58384852029975,7.190851618044856],[80.58382619942297,7.190847812393417],[80.58370844746128,7.190846839600415],[80.58355838825186,7.190835572140321],[80.5835425205323,7.19083202691756],[80.58340670830174,7.190824218039752],[80.58339350588544,7.190823748571059],[80.58325264388087,7.19086091674302],[80.58318639830097,7.190903279014013],[80.58285405009939,7.19155784102978],[80.58286410375983,7.191567955404609],[80.5828702184808,7.191572013794535],[80.58298532850478,7.191645639354313],[80.58300405191322,7.191653895421917],[80.58316320336573,7.191718270399341],[80.5831737394446,7.191722449113829],[80.58318005146788,7.191722448158332],[80.58335376152068,7.19176867709773],[80.58345666142944,7.191848725196438],[80.58345746872713,7.191873219538467],[80.5834594003327,7.191885519802541],[80.58354049398201,7.192278563034741],[80.58353864304192,7.19229610577012],[80.58358726191369,7.192565160548415],[80.58366155524436,7.192757464203962],[80.58365920584197,7.192791114207954],[80.5836587565104,7.19301059604122],[80.5836593910358,7.193045440982583],[80.58365744246761,7.193060452527555],[80.58366067499824,7.193075485242696],[80.58369999943177,7.193217652176904],[80.58392427138867,7.193543954537771],[80.58393793792607,7.19357562451377],[80.58394744053197,7.193591451127858],[80.58408698397629,7.193872867000856],[80.58409151661299,7.193884007226448],[80.58436474288598,7.194405905742845],[80.5848953804016,7.195419488288108],[80.58555919462613,7.197238499604774],[80.585899072081,7.197520291388004],[80.58600851624912,7.197388632153299],[80.58623918098652,7.197060260087787],[80.58624455275945,7.197052610995621],[80.58625770811915,7.1970338828801],[80.58635124248593,7.196946488095453],[80.58637006939973,7.196926450184074],[80.58638113229834,7.196907457139281],[80.58654682452126,7.196773646250369],[80.58669890879277,7.196793206998979],[80.58701074602432,7.196762109531567],[80.58708190493347,7.196781687316133],[80.58751743967456,7.196901522995624],[80.58763460623305,7.196933760045265],[80.58768850003176,7.196934561770712],[80.5881726550647,7.196941754041553],[80.58820633724619,7.1969479587578],[80.58834817255048,7.196974088141801],[80.58866002141303,7.19703153547938],[80.58877304111091,7.197089940220864],[80.58878643745939,7.197108117718003],[80.58888220377919,7.197238064874893],[80.58893617099551,7.197390990470682],[80.58902239018546,7.197635307465605],[80.58904976511414,7.197671771200182],[80.58909252662528,7.197728735490986],[80.5891549005099,7.197775530751644],[80.58924186530616,7.197798411765742],[80.5894512723876,7.197853505286917],[80.58969287170005,7.197978230664194],[80.58977871390903,7.198071662279703],[80.58989167579753,7.198270371451266],[80.589934447032,7.198507911803596],[80.58993646761216,7.198575549210578],[80.58994980055188,7.199021957537544],[80.59008231155947,7.19916218056401],[80.59038644717783,7.199286927422536],[80.5904876870504,7.199434908318633],[80.59050334102422,7.199559539652201],[80.59056567186448,7.199715273611278],[80.59061234144092,7.199762061399198],[80.59100997397063,7.199941388043639],[80.59108012153727,7.20001150098847],[80.59115815016615,7.200182785323569],[80.59129854058202,7.200081673910917],[80.5913687608353,7.199972620518809],[80.59136880499058,7.199863679822475],[80.59125695412655,7.199695939376504],[80.5911506306809,7.199536487287409],[80.59108829747062,7.199388383022499],[80.5911117176264,7.199201455483937],[80.59117416139927,7.199076997749287],[80.59154087979812,7.198734356517155],[80.591689093287,7.198531937927717],[80.59178267448327,7.19837626520088],[80.59185798345517,7.198120851091547],[80.59185270516917,7.198036288302421],[80.59176757259124,7.19723923656626],[80.59179877946349,7.197036628742038],[80.59184388390179,7.196969963466413],[80.5919120329567,7.196869236872154],[80.5919627094556,7.196803129976141]]]]}},{"type":"Feature","properties":{"GND_N":"Thalawathura","GND_NO":"49","GND_C":"540","PROVINCE_N":"CENTRAL","PROVINCE_C":"2","DISTRICT_N":"KANDY","DISTRICT_C":"1","DSD_N":"UDUNUWARA","DSD_C":"39","Admin_Code":"2139540","GND_NO_Cen":"49","GND_NAME_C":"Thalawathura","GND_NO_Gaz":"49","GND_NAME_G":"තලවතුර","shape_1":"Polygon","Area__Ha_":55.975548051,"MWS_ID":"121","Alt_MWS":null,"Area":0.55975548051,"Density":2084.83889954,"Total_Pop":1167.0},"geometry":{"type":"MultiPolygon","coordinates":[[[[80.58526550791484,7.207464142757528],[80.5853608545651,7.207431228848157],[80.58542417814319,7.20743519806742],[80.58547774388228,7.207361712247117],[80.58552625819038,7.207313305193207],[80.58548951452424,7.207309682583602],[80.58534317409305,7.207283485256341],[80.58518703029756,7.207085568139942],[80.58505015144956,7.206826451192272],[80.58499140808333,7.206615088866512],[80.5849562516137,7.206523503384204],[80.58492323137187,7.206476869955885],[80.58497925541413,7.206457529540157],[80.58519751003217,7.206590017338543],[80.58534564736212,7.206582307660367],[80.58550950175368,7.206543519031062],[80.58576692901127,7.206380004285831],[80.58595399918761,7.206317770226907],[80.58596146739517,7.206318581785107],[80.58595532650205,7.20628125134915],[80.58593085665946,7.206202399375642],[80.58585009377421,7.2060543871617],[80.5857256540292,7.205961154862601],[80.58567546359141,7.205598625410874],[80.58558709153418,7.205362991919419],[80.58557045064214,7.205145785513762],[80.58553385590378,7.20499222658025],[80.58550196905675,7.204818714321385],[80.58548211652739,7.204110079473484],[80.58547126110606,7.204095806826379],[80.58545240391281,7.204085687926876],[80.5853232640235,7.203995428725864],[80.58512841740352,7.203910886163388],[80.58500910200144,7.203771514589352],[80.58498619601227,7.203403951346548],[80.58526079626398,7.203149280164383],[80.5852630905191,7.203134769748079],[80.58558858597283,7.202863542810523],[80.58569993831905,7.202660842343792],[80.58574287916852,7.202429489391513],[80.58582833605148,7.202014495302849],[80.58569535780093,7.201732547357623],[80.58568796169341,7.201412010792064],[80.58568358128403,7.201400357001467],[80.58562658985242,7.201144748726502],[80.58564366672175,7.20081474614609],[80.58564420629132,7.200806320060345],[80.58563239705079,7.200611036880043],[80.58563241549197,7.200608077098627],[80.58563301665882,7.20051509222351],[80.58563382690441,7.200389816524466],[80.58563145952051,7.200373543479695],[80.58563153464861,7.200362775051138],[80.58561278972708,7.200272870311415],[80.58558717847217,7.200211228559017],[80.58548772695892,7.200190067051152],[80.58541999891636,7.2001694513956],[80.58535288523163,7.200134821073094],[80.58524267251423,7.200077956690297],[80.58514552875965,7.200312708860476],[80.58504409603016,7.200624227439669],[80.58491921436699,7.200850110288292],[80.58485283163887,7.200916209782744],[80.58470076241343,7.20085778952534],[80.58458391486316,7.200818743334661],[80.58456281617836,7.20081643394021],[80.58415496113615,7.200771793618278],[80.58404572692992,7.200795203571536],[80.58435002390266,7.200530537421682],[80.58448166462216,7.200480490550725],[80.58451374478666,7.200468294985579],[80.58456059617927,7.200421544896594],[80.58456064438123,7.200304692484419],[80.58448279791139,7.200039867703085],[80.5844204447331,7.199946443164734],[80.58436702586991,7.199913600828405],[80.58436041088996,7.199895206305827],[80.58426301317331,7.199562022323554],[80.58416354233819,7.199354997891483],[80.58390676647727,7.19894820520452],[80.58378425405975,7.198588910518809],[80.58373151305528,7.198460809850801],[80.58368663090536,7.198328067072093],[80.58366699940639,7.198306012764936],[80.58351267385933,7.19812535813321],[80.58337570056507,7.198102279520152],[80.58311678991316,7.198155779272173],[80.58281328671796,7.198096629788258],[80.5826671006519,7.197991385569904],[80.58250686947909,7.197893150048982],[80.58249369910936,7.197893500767116],[80.58222851684575,7.197853958888723],[80.58216341045213,7.197801931949786],[80.58194141795605,7.197828158404977],[80.58175339210032,7.198002460979136],[80.58157183688384,7.19822507779035],[80.58148001334537,7.19832161300236],[80.58112034967267,7.19877887412534],[80.58104981955866,7.199092693755129],[80.58099839385956,7.199489694021309],[80.58095581254499,7.199857768445827],[80.58100225664485,7.200098997015226],[80.58107331097972,7.200393148742906],[80.58109912083877,7.200492877406137],[80.58098239392125,7.200549529276403],[80.58086415268646,7.20060691838144],[80.58077520703667,7.200667569143809],[80.58039613369623,7.20092605066608],[80.58047387225946,7.201044654534341],[80.58050396000462,7.201090559957041],[80.58054416809948,7.201151907993386],[80.58076997273878,7.201813983406473],[80.58086323508662,7.202748705904281],[80.5808632059723,7.202816651701259],[80.58086311163368,7.203036810876476],[80.58085821002386,7.20305415062532],[80.58082017606205,7.203188688518534],[80.58070701316338,7.203138056059268],[80.5801378000871,7.2032001233198],[80.58004609103136,7.203200084873552],[80.58004430072928,7.203200423219289],[80.58003355812754,7.203200079494503],[80.57985709600187,7.203200003721537],[80.57982268929891,7.203193331451437],[80.5796153228588,7.203153129178141],[80.57951363472979,7.203137627252199],[80.57954610402892,7.203158165312889],[80.57954158681515,7.203193192498146],[80.57953618285974,7.203235129994681],[80.57950888792308,7.203312319605445],[80.57945948948239,7.203373748528666],[80.57936897114918,7.203419769385133],[80.5793060348631,7.203531059411501],[80.57926224513417,7.203611015399444],[80.57924449644278,7.203697258477094],[80.57921119573172,7.20376715407346],[80.57920468864323,7.203864038419932],[80.5796305026892,7.204040908346008],[80.5797121275947,7.20412249631517],[80.57970406389975,7.204129442425825],[80.57970059471019,7.204132111344456],[80.57964497190348,7.204195497234587],[80.57963966550975,7.204204366176412],[80.57957859195824,7.204292144223222],[80.57957686802034,7.20430025780299],[80.57947755603487,7.204428625351501],[80.5794781975586,7.204436011079937],[80.57944449392544,7.204516291546288],[80.5794819686028,7.204751471981206],[80.57948953408743,7.204768072836858],[80.57950218026538,7.204887561277673],[80.57950316673536,7.204907646297834],[80.57950829957711,7.205036571534752],[80.57951134707187,7.205073168227346],[80.57950968959406,7.205095125827489],[80.57946977986195,7.205254622473059],[80.57946683736303,7.205262175763003],[80.5793808237869,7.205353636213781],[80.57937255040275,7.205365915813043],[80.57936685236868,7.205375819105988],[80.57936375595685,7.205383317166302],[80.57930392581122,7.205474416306843],[80.57930279842938,7.20548498623202],[80.57924825884673,7.205555653988058],[80.57923926239938,7.205569021150771],[80.5792336777343,7.205574300783697],[80.57914897110335,7.205700387554951],[80.57914383110291,7.205715978253982],[80.57913545883694,7.205734931570127],[80.5790591521502,7.205897270071107],[80.57899560873034,7.206012787391452],[80.57891241047842,7.206164039737816],[80.57893855296378,7.20616641849424],[80.57898355711865,7.206170514526384],[80.57920073841933,7.206190282266232],[80.5794970322001,7.206128097952614],[80.5796763934495,7.206221713646944],[80.57971921707164,7.206326858324663],[80.57991777629235,7.206852570447166],[80.57994125210236,7.20687603546916],[80.58004247857534,7.207055104032085],[80.58032321307512,7.207312242195189],[80.58053367808462,7.207460413100399],[80.58075973285358,7.207546136626183],[80.58080212889274,7.207616686868898],[80.58080653191453,7.20762401271151],[80.58083130682854,7.207665242395231],[80.58083254862021,7.207662312981003],[80.58084552751195,7.207631919444542],[80.58099494097864,7.207558907409123],[80.58121209996298,7.20745279054318],[80.58142735226679,7.207515174466117],[80.58147868413718,7.207530050451697],[80.58148712054108,7.207532496573585],[80.58150847320968,7.2075386847856],[80.5817034548542,7.207499769733579],[80.58185165230522,7.207351893168756],[80.58185740123973,7.207339352011276],[80.58191122985586,7.207221910316225],[80.58197655811097,7.207079385391488],[80.58197962626984,7.207072244501361],[80.58202343519983,7.206970322720415],[80.58211699490248,7.206876964131917],[80.58224957622352,7.20685356550273],[80.58238474595495,7.206956688234269],[80.58245277575226,7.207008588888285],[80.58253100723219,7.20706827268279],[80.58254588971872,7.207079625297528],[80.58266271646626,7.207173072256005],[80.58275631577419,7.207321052459765],[80.58287327813487,7.207430182772032],[80.58297456017822,7.207476994434301],[80.58309934233608,7.207492590384212],[80.58319282699298,7.207578257560542],[80.58323965100249,7.207593960692235],[80.5833404730883,7.207713586659256],[80.58336437897186,7.207741951212374],[80.58337956010087,7.207749534786685],[80.58353596315493,7.207827650381918],[80.58373090196909,7.207890045462228],[80.58399603451493,7.207913470073964],[80.58433138274397,7.20784352839088],[80.58438341242183,7.207820820555688],[80.58495530201255,7.207571226401396],[80.58526550791484,7.207464142757528]]]]}},{"type":"Feature","properties":{"GND_N":"Nawa Elpitiya South","GND_NO":"40","GND_C":"555","PROVINCE_N":"CENTRAL","PROVINCE_C":"2","DISTRICT_N":"KANDY","DISTRICT_C":"1","DSD_N":"UDUNUWARA","DSD_C":"39","Admin_Code":"2139555","GND_NO_Cen":"40","GND_NAME_C":"Nawa Elpitiya South","GND_NO_Gaz":"40","GND_NAME_G":"නව ඇල්පිi","shape_1":"Polygon","Area__Ha_":15.2409845847,"MWS_ID":"121","Alt_MWS":null,"Area":0.15240984585,"Density":5367.10732469,"Total_Pop":818.0},"geometry":{"type":"MultiPolygon","coordinates":[[[[80.60133198165877,7.207959435692866],[80.60159719392396,7.207780371712612],[80.60173753972673,7.207796109615459],[80.60211973109143,7.207687173645846],[80.60275499273261,7.207687414440318],[80.60303216395285,7.207687520523778],[80.60304177775025,7.207684904396769],[80.60326890007005,7.207623075388534],[80.60328974135625,7.207460160938338],[80.60331170901323,7.207297393409471],[80.60332338572641,7.207072367801781],[80.60332557514721,7.206910322556761],[80.60332486941671,7.206899304234526],[80.60332743286256,7.206796764224009],[80.60331966750906,7.206388181700228],[80.60331932353306,7.206206531057527],[80.60325885054985,7.20594220324613],[80.60314419205056,7.205581756187309],[80.60314099194206,7.205572434300399],[80.60302870653993,7.205317842470972],[80.6030203237116,7.205171830159879],[80.60296532290688,7.204921872886119],[80.60290749452926,7.204737974939489],[80.60290788628447,7.204734065776216],[80.60284988548153,7.204575092219621],[80.60278233037786,7.204391162532535],[80.60271406338435,7.203969961836813],[80.60264652108884,7.203745630483319],[80.60257871057026,7.20361230740286],[80.60256624495187,7.203592485719029],[80.6024419960854,7.203523082791813],[80.6024305825665,7.203515376483083],[80.60243577999489,7.203373143889402],[80.60243739973825,7.203361749353673],[80.60243332920055,7.203217785107241],[80.60248153574082,7.202863980398541],[80.60248588662746,7.202835473825669],[80.6024875881449,7.202823335981482],[80.60249108228922,7.202795213412648],[80.60250302452084,7.202601150401084],[80.60250141385163,7.202581616792732],[80.60250190249211,7.202577716709343],[80.60249624787578,7.202558244865316],[80.60249060501269,7.202538821858174],[80.60248843966846,7.202366197276047],[80.60248989459811,7.202354826188804],[80.60242757986741,7.202197428945711],[80.60239908127889,7.20196016273724],[80.6024253120515,7.201735466382554],[80.60242674922935,7.201723153906498],[80.60240784841578,7.201572532845142],[80.60240427870848,7.201568487433998],[80.60239246021162,7.201335867552748],[80.60234047399416,7.200935364366742],[80.60233269889883,7.200917878472467],[80.60233603000867,7.20063816088405],[80.60233753638522,7.200627217552449],[80.60232377384676,7.200610691561639],[80.60228823293781,7.200362821481879],[80.60227265894305,7.200157682001803],[80.60224756766446,7.200053902498623],[80.60209062986614,7.200077179263546],[80.60184917079802,7.200115835825708],[80.60184200357432,7.200116618933692],[80.60160627887677,7.200150639371121],[80.60142379573973,7.200232177782074],[80.60139658802642,7.200330475326006],[80.6013252649366,7.200577616420221],[80.60126580679601,7.20074813300907],[80.60133995948947,7.20155658868875],[80.60132702471043,7.201756885569388],[80.60130483533779,7.202052820048594],[80.60128534549254,7.202338552278306],[80.60119914180308,7.202551002092118],[80.60113276548682,7.202879213273906],[80.6012715202445,7.203096496819239],[80.60125734895476,7.203231843290133],[80.60120325389673,7.203682360131531],[80.60118737487313,7.20419478948065],[80.60118832005183,7.204228209347676],[80.60118833729013,7.204560569566316],[80.60116657569165,7.204906675015196],[80.60111409184333,7.205176383831398],[80.60103560876264,7.205459276481866],[80.60089307139096,7.205782712571486],[80.60079212216172,7.205944580618879],[80.60079776980447,7.205991484574945],[80.6008441609774,7.206074353920549],[80.60085817392851,7.206125159546489],[80.60086396679672,7.206206480507485],[80.60085659943509,7.206322354438279],[80.60088694499606,7.206441084170788],[80.60096519281053,7.206626958851769],[80.60100891040658,7.206838630049646],[80.60105791151067,7.207085949168227],[80.60108150174813,7.207186848824425],[80.60113071049153,7.207329962220101],[80.60107179153142,7.207404932751761],[80.6010688175011,7.207408239559525],[80.60100070652705,7.207519184335554],[80.60090846344792,7.207739574215571],[80.60074929099206,7.208119872857748],[80.60130065489285,7.208115134184825],[80.60131519603188,7.208042860454857],[80.60133198165877,7.207959435692866]]]]}},{"type":"Feature","properties":{"GND_N":"Delgahapitiya","GND_NO":"45","GND_C":"565","PROVINCE_N":"CENTRAL","PROVINCE_C":"2","DISTRICT_N":"KANDY","DISTRICT_C":"1","DSD_N":"UDUNUWARA","DSD_C":"39","Admin_Code":"2139565","GND_NO_Cen":"45","GND_NAME_C":"Delgahapitiya","GND_NO_Gaz":"45","GND_NAME_G":"දෙල්ගහපpi","shape_1":"Polygon","Area__Ha_":54.2291831614,"MWS_ID":"121","Alt_MWS":null,"Area":0.54229183161,"Density":2644.33265707,"Total_Pop":1434.0},"geometry":{"type":"MultiPolygon","coordinates":[[[[80.59361084561912,7.200643915306602],[80.59379954757608,7.200539092153529],[80.5938709860743,7.200656547374702],[80.59399809982747,7.200639235396887],[80.59419040890849,7.200580402856709],[80.59432154990009,7.200593443582825],[80.59433916922626,7.200513076861202],[80.59433201317964,7.200199744058365],[80.59436343799386,7.199802568575985],[80.5944727266398,7.199288572440627],[80.59463675007113,7.198821364139357],[80.59477712076963,7.19876687849602],[80.59485841052131,7.198766911644962],[80.59512799550262,7.198767017571788],[80.59533075010086,7.198735872156351],[80.59603279553716,7.198346732862781],[80.59651107028269,7.198016354062535],[80.59664118991465,7.197926470201722],[80.59668026027421,7.197871945079616],[80.59669586571233,7.197762868474365],[80.5967973820585,7.197576112291689],[80.596887014593,7.19738525492073],[80.59694562046653,7.197303467200212],[80.59700353473602,7.197253430265071],[80.59706266546502,7.197202343900149],[80.59737455739425,7.197031071152204],[80.59741689945425,7.197019508075323],[80.59790106600526,7.196887295012907],[80.59795167996462,7.196976755065816],[80.59796572591902,7.19698332398819],[80.59804924900168,7.196951368534345],[80.5982359837251,7.196892508552515],[80.59836818501083,7.196842872007681],[80.59837390154257,7.196839937046305],[80.59850844641005,7.19674786593497],[80.59851426903228,7.196744542161635],[80.59866453577683,7.196659205142546],[80.59871580423653,7.196560886344527],[80.59872051564795,7.196374159949688],[80.59896208848905,7.196243221566836],[80.59918525333737,7.196131955425156],[80.59919036387964,7.196131896814375],[80.59931690226342,7.196104897987191],[80.59941025449562,7.196088178200447],[80.5995564874527,7.196003897355626],[80.59962552697445,7.195941927538776],[80.59966633401106,7.195890800290917],[80.59993297094857,7.195675255184192],[80.60016701400335,7.195542065139883],[80.60034796536267,7.195476558114857],[80.60092517150392,7.195389804431121],[80.60125742872455,7.195279566541723],[80.60146241977363,7.195219995985511],[80.60137035569421,7.194916842086799],[80.60123916446716,7.194573183826253],[80.6012098196798,7.194389381524871],[80.60110206960702,7.194253464760207],[80.60093983329303,7.193908459776265],[80.60075905344726,7.193411867911328],[80.6006093197881,7.193007363386636],[80.60039083742274,7.192523305955744],[80.60018098120337,7.191977718258309],[80.59984565996471,7.191357375635998],[80.59968292060879,7.191456616519933],[80.59950371035187,7.191573125936912],[80.59911336446069,7.191941665913849],[80.59880417634282,7.19204884294254],[80.59826248226135,7.192362867094231],[80.59812865004211,7.192318805199942],[80.5980260728389,7.192365329778665],[80.59801816499322,7.192389472563041],[80.59786363005341,7.192674652951705],[80.59736231707026,7.193103636198718],[80.59690862614201,7.193383716502268],[80.59674397655407,7.193471824457005],[80.59669127305098,7.19350060048808],[80.59670531807369,7.193518430762764],[80.59698580794762,7.194040352993855],[80.59698870081868,7.194047572293116],[80.59707937849605,7.194273954552764],[80.59713437882415,7.194350119505271],[80.59718062345716,7.194414161523855],[80.59722627919332,7.194522964618884],[80.59728197001218,7.194655679661365],[80.59764092137654,7.195275482547508],[80.59728739096025,7.195445819559456],[80.59706818496838,7.195563465297284],[80.5969224857849,7.195703462519127],[80.59682225428374,7.195753335458308],[80.59670194661315,7.195848986383131],[80.59655442572563,7.195914581042558],[80.5965500361062,7.195916533522537],[80.59641109705164,7.195920704754798],[80.59618193815515,7.195784499493039],[80.5961548696678,7.195759623155772],[80.59598704782522,7.195605398331453],[80.59583901051339,7.195371632219028],[80.5957376944639,7.195052259434913],[80.59570262687258,7.194982097729642],[80.59569972078393,7.194976283708221],[80.59563647447321,7.194849740100484],[80.59542602458131,7.194662719894652],[80.5952733726087,7.194406218448178],[80.59525452503384,7.194374547646683],[80.59509088499323,7.194242086266565],[80.59504156724141,7.194215180839871],[80.59501513040117,7.19420075845731],[80.59491930490474,7.194148479685049],[80.59480142085648,7.194151680325005],[80.5943499818705,7.194163938038454],[80.59425873773968,7.194105899621491],[80.59383540764448,7.193836628823173],[80.59360157002811,7.193766451002428],[80.59349234641785,7.19376640740331],[80.59349518680617,7.193836729126487],[80.59350775697436,7.194147918258397],[80.59350349895166,7.194176268337692],[80.59348434964696,7.194303760502049],[80.59339072528844,7.194568515444834],[80.59336887508655,7.194749784651417],[80.59332802458385,7.195088667569902],[80.5932837478149,7.195300749237318],[80.59325965800552,7.195464646736438],[80.59319555707425,7.195616968494838],[80.59314770206721,7.195780838390717],[80.59305495349207,7.195980678941999],[80.59302976023787,7.19603968923763],[80.59296111992435,7.196149321411584],[80.59267253539845,7.196413998932824],[80.5925397913496,7.196479200313481],[80.59216550821154,7.196663044323085],[80.5919627094556,7.196803129976141],[80.5919120329567,7.196869236872154],[80.59184388390179,7.196969963466413],[80.59179877946349,7.197036628742038],[80.59176757259124,7.19723923656626],[80.59185270516917,7.198036288302421],[80.59185798345517,7.198120851091547],[80.59178267448327,7.19837626520088],[80.591689093287,7.198531937927717],[80.59154087979812,7.198734356517155],[80.59117416139927,7.199076997749287],[80.5911117176264,7.199201455483937],[80.59108829747062,7.199388383022499],[80.5911506306809,7.199536487287409],[80.59125695412655,7.199695939376504],[80.59136880499058,7.199863679822475],[80.5913687608353,7.199972620518809],[80.59129854058202,7.200081673910917],[80.59115815016615,7.200182785323569],[80.59118346216835,7.200216142716414],[80.59130620326192,7.200377553831589],[80.59144638003671,7.200806024964168],[80.59153180750583,7.200910647771584],[80.59168805341737,7.201102000292232],[80.5918360809296,7.201359079754532],[80.59207761731683,7.201997841554637],[80.5921316240277,7.20218699053986],[80.59223703254375,7.202556159387669],[80.59223708317968,7.202556336651805],[80.59231115903988,7.202815767225281],[80.59245138907588,7.203111699526377],[80.59256589312741,7.203232863625354],[80.59256600699825,7.203233412584162],[80.59256663078932,7.203233643432555],[80.59258390293157,7.203251920948453],[80.5927321395896,7.203345519972687],[80.59280336259398,7.203355276168285],[80.59302442637735,7.203385555048737],[80.59310991826487,7.20339726659742],[80.59347290390896,7.203446985875928],[80.59350132179239,7.203456257320331],[80.5938315190714,7.20356398341143],[80.59394465649463,7.203684695381087],[80.59396971405612,7.203746210770007],[80.59398748412193,7.2037898379088],[80.5940921580579,7.203767620168754],[80.59408432609673,7.203666521180991],[80.59409436562956,7.203645293910421],[80.59426632477427,7.203412413447211],[80.59425836953473,7.203168644929133],[80.59425591290177,7.202810305869217],[80.59425678190632,7.202790558002924],[80.59430592095799,7.202450546224323],[80.59431923805803,7.202139500443255],[80.59421500723305,7.201864720239629],[80.59405545368801,7.201749058472211],[80.5937334479809,7.201627311872707],[80.59341571442178,7.201185156122967],[80.59336553760097,7.200727030509275],[80.59361084561912,7.200643915306602]]]]}},{"type":"Feature","properties":{"GND_N":"Polgahaanga","GND_NO":"44","GND_C":"560","PROVINCE_N":"CENTRAL","PROVINCE_C":"2","DISTRICT_N":"KANDY","DISTRICT_C":"1","DSD_N":"UDUNUWARA","DSD_C":"39","Admin_Code":"2139560","GND_NO_Cen":"44","GND_NAME_C":"Polgahaanga","GND_NO_Gaz":"44","GND_NAME_G":"පොල්ගහඅan","shape_1":"Polygon","Area__Ha_":50.8443693444,"MWS_ID":"121","Alt_MWS":null,"Area":0.50844369344,"Density":2194.93331197,"Total_Pop":1116.0},"geometry":{"type":"MultiPolygon","coordinates":[[[[80.59516417743828,7.202573987317222],[80.59523663292063,7.202533151371087],[80.59537607445502,7.202536514509107],[80.59570356046557,7.202653497355008],[80.59575184500754,7.202655440782769],[80.59589852136074,7.202661345907644],[80.59606798413903,7.202610633287454],[80.59628849452707,7.202544645284866],[80.5966160912343,7.202381293847642],[80.59669404852808,7.202381323568],[80.59692008044179,7.202529352084061],[80.59708382142786,7.202770893787014],[80.59719300872385,7.202864333200128],[80.59736446657381,7.202918942585658],[80.59748925507955,7.202918990496145],[80.59748964997314,7.202918737445133],[80.59759850745759,7.202848950461519],[80.5976574333226,7.20284407938659],[80.59778569491567,7.202833479475142],[80.59791828652534,7.202778991670188],[80.59824584425715,7.202716807280439],[80.59851874862575,7.202755911623881],[80.59854070593835,7.202602446004256],[80.59855452969404,7.202505828175931],[80.5985546731524,7.202504825357219],[80.59855493827855,7.202502970730312],[80.59855775149595,7.202503337163076],[80.59879107252024,7.202497490124529],[80.59904895571844,7.202473438876632],[80.59908834930643,7.202470573932227],[80.59908808118671,7.202382258475431],[80.59906604165289,7.202330711770418],[80.59904143377074,7.202273158577771],[80.5990415150172,7.202066429910738],[80.59905443645852,7.202059186912496],[80.5992244015971,7.201991216446057],[80.59934295739708,7.201902513817871],[80.59952838798894,7.201909852528077],[80.5996724337776,7.201978776456743],[80.59980251437722,7.201956077070655],[80.60015054226415,7.201929942091353],[80.60041180855134,7.201639105023148],[80.60058666643806,7.201449335037352],[80.60084813180326,7.201491689084993],[80.60101943486217,7.201494223523667],[80.60133995948947,7.20155658868875],[80.60126580679601,7.20074813300907],[80.6013252649366,7.200577616420221],[80.60139658802642,7.200330475326006],[80.60142379573973,7.200232177782074],[80.60160627887677,7.200150639371121],[80.60184200357432,7.200116618933692],[80.60184917079802,7.200115835825708],[80.60209062986614,7.200077179263546],[80.60224756766446,7.200053902498623],[80.6022362678243,7.200007162787974],[80.602216447762,7.199819360841127],[80.60217631810495,7.199533157299769],[80.60215907494691,7.199215247566787],[80.60215310701781,7.199181719073054],[80.60213952547859,7.198942574834368],[80.60213204372114,7.19891580635176],[80.60196968498171,7.198626736612921],[80.60195425038562,7.198294214879922],[80.6019496299118,7.197983198935623],[80.60195426403229,7.197943263855975],[80.6019471722656,7.197919645214593],[80.60194864936975,7.197698530411977],[80.60195061066996,7.19768186752096],[80.60190321944822,7.197435768026065],[80.60190062794301,7.197419229098379],[80.60189371889331,7.19721604618768],[80.60188540803988,7.197205121721819],[80.60187355794693,7.197072617449222],[80.60185679379558,7.197061005201317],[80.60190608491511,7.196808762522504],[80.60190353941789,7.196761871499461],[80.6018799546025,7.19649828456185],[80.60185170090693,7.196192718879288],[80.60184063799122,7.196187401866893],[80.60168106222231,7.195748608103494],[80.60167630528912,7.195737972558915],[80.60166168835826,7.195711427420802],[80.60165146504272,7.195700831388248],[80.60151652785827,7.19538680949176],[80.60151151077696,7.195381644895145],[80.60146241977363,7.195219995985511],[80.60125742872455,7.195279566541723],[80.60092517150392,7.195389804431121],[80.60034796536267,7.195476558114857],[80.60016701400335,7.195542065139883],[80.59993297094857,7.195675255184192],[80.59966633401106,7.195890800290917],[80.59962552697445,7.195941927538776],[80.5995564874527,7.196003897355626],[80.59941025449562,7.196088178200447],[80.59931690226342,7.196104897987191],[80.59919036387964,7.196131896814375],[80.59918525333737,7.196131955425156],[80.59896208848905,7.196243221566836],[80.59872051564795,7.196374159949688],[80.59871580423653,7.196560886344527],[80.59866453577683,7.196659205142546],[80.59851426903228,7.196744542161635],[80.59850844641005,7.19674786593497],[80.59837390154257,7.196839937046305],[80.59836818501083,7.196842872007681],[80.5982359837251,7.196892508552515],[80.59804924900168,7.196951368534345],[80.59796572591902,7.19698332398819],[80.59795167996462,7.196976755065816],[80.59790106600526,7.196887295012907],[80.59741689945425,7.197019508075323],[80.59737455739425,7.197031071152204],[80.59706266546502,7.197202343900149],[80.59700353473602,7.197253430265071],[80.59694562046653,7.197303467200212],[80.596887014593,7.19738525492073],[80.5967973820585,7.197576112291689],[80.59669586571233,7.197762868474365],[80.59668026027421,7.197871945079616],[80.59664118991465,7.197926470201722],[80.59651107028269,7.198016354062535],[80.59603279553716,7.198346732862781],[80.59533075010086,7.198735872156351],[80.59512799550262,7.198767017571788],[80.59485841052131,7.198766911644962],[80.59477712076963,7.19876687849602],[80.59463675007113,7.198821364139357],[80.5944727266398,7.199288572440627],[80.59436343799386,7.199802568575985],[80.59433201317964,7.200199744058365],[80.59433916922626,7.200513076861202],[80.59432154990009,7.200593443582825],[80.59419040890849,7.200580402856709],[80.59399809982747,7.200639235396887],[80.5938709860743,7.200656547374702],[80.59379954757608,7.200539092153529],[80.59361084561912,7.200643915306602],[80.59336553760097,7.200727030509275],[80.59341571442178,7.201185156122967],[80.5937334479809,7.201627311872707],[80.59405545368801,7.201749058472211],[80.59421500723305,7.201864720239629],[80.59431923805803,7.202139500443255],[80.59430592095799,7.202450546224323],[80.59425678190632,7.202790558002924],[80.59425591290177,7.202810305869217],[80.59425836953473,7.203168644929133],[80.59426632477427,7.203412413447211],[80.59409436562956,7.203645293910421],[80.59408432609673,7.203666521180991],[80.5940921580579,7.203767620168754],[80.59398748412193,7.2037898379088],[80.59400710636803,7.203952408108524],[80.59410235743408,7.20389931544829],[80.59435095257018,7.203760747420141],[80.59447110237889,7.20367012146365],[80.5945989575165,7.203537239460592],[80.5946030154026,7.203536303308905],[80.5947403917595,7.203416963397061],[80.59485421553805,7.203331124021842],[80.59493411669351,7.203218278563024],[80.59499849657641,7.203048981120463],[80.59500565828918,7.202895915867452],[80.59501277199578,7.202786155953071],[80.59516417743828,7.202573987317222]]]]}},{"type":"Feature","properties":{"GND_N":"Palkumbura1","GND_NO":"46","GND_C":"580","PROVINCE_N":"CENTRAL","PROVINCE_C":"2","DISTRICT_N":"KANDY","DISTRICT_C":"1","DSD_N":"UDUNUWARA","DSD_C":"39","Admin_Code":"2139580","GND_NO_Cen":"46","GND_NAME_C":"Palkumbura","GND_NO_Gaz":"46","GND_NAME_G":"පල්කුඹුur","shape_1":"Polygon","Area__Ha_":42.1741627566,"MWS_ID":"121","Alt_MWS":null,"Area":0.42174162757,"Density":1811.53566559,"Total_Pop":764.0},"geometry":{"type":"MultiPolygon","coordinates":[[[[80.59090776804321,7.204078898544301],[80.59111418585897,7.204059649970389],[80.59144580966111,7.204107961008483],[80.59156962561595,7.204256359542104],[80.59157875131434,7.204264981254007],[80.59178535888438,7.204535542250201],[80.59190186396052,7.204641740171128],[80.59211252589935,7.204802203549879],[80.5922185628567,7.204997696369617],[80.592473393695,7.205027043225686],[80.59269100276171,7.204848518719542],[80.59265510464672,7.204650068169618],[80.59249304281707,7.20424118491053],[80.59240997389432,7.204076783249688],[80.5922695538109,7.203762008769411],[80.59215798646736,7.203590907353639],[80.59207726896196,7.203422966227028],[80.59197974447959,7.20325775202533],[80.59185979898966,7.203113173135885],[80.59175380508009,7.202971594000155],[80.59167579982457,7.20287511026043],[80.59163237367741,7.20279607094958],[80.59165940621915,7.202789339368493],[80.59170703557297,7.202756733991119],[80.59178091279891,7.202752209727997],[80.59184791398168,7.202715703746238],[80.59198502572077,7.202689870591225],[80.59211604460624,7.202607462531208],[80.59217639170836,7.202574407360237],[80.59223703254375,7.202556159387669],[80.5921316240277,7.20218699053986],[80.59207761731683,7.201997841554637],[80.5918360809296,7.201359079754532],[80.59168805341737,7.201102000292232],[80.59153180750583,7.200910647771584],[80.59144638003671,7.200806024964168],[80.59130620326192,7.200377553831589],[80.59118346216835,7.200216142716414],[80.59115815016615,7.200182785323569],[80.59108012153727,7.20001150098847],[80.59100997397063,7.199941388043639],[80.59061234144092,7.199762061399198],[80.59056567186448,7.199715273611278],[80.59050334102422,7.199559539652201],[80.5904876870504,7.199434908318633],[80.59038644717783,7.199286927422536],[80.59008231155947,7.19916218056401],[80.58994980055188,7.199021957537544],[80.58993646761216,7.198575549210578],[80.589934447032,7.198507911803596],[80.58989167579753,7.198270371451266],[80.58977871390903,7.198071662279703],[80.58969287170005,7.197978230664194],[80.5894512723876,7.197853505286917],[80.58924186530616,7.197798411765742],[80.5891549005099,7.197775530751644],[80.58909252662528,7.197728735490986],[80.58904976511414,7.197671771200182],[80.58902239018546,7.197635307465605],[80.58893617099551,7.197390990470682],[80.58888220377919,7.197238064874893],[80.58878643745939,7.197108117718003],[80.58877304111091,7.197089940220864],[80.58866002141303,7.19703153547938],[80.58834817255048,7.196974088141801],[80.58820633724619,7.1969479587578],[80.5881726550647,7.196941754041553],[80.58768850003176,7.196934561770712],[80.58763460623305,7.196933760045265],[80.58751743967456,7.196901522995624],[80.58708190493347,7.196781687316133],[80.58701074602432,7.196762109531567],[80.58669890879277,7.196793206998979],[80.58654682452126,7.196773646250369],[80.58638113229834,7.196907457139281],[80.58637006939973,7.196926450184074],[80.58635124248593,7.196946488095453],[80.58625770811915,7.1970338828801],[80.58624455275945,7.197052610995621],[80.58623918098652,7.197060260087787],[80.58600851624912,7.197388632153299],[80.585899072081,7.197520291388004],[80.58585634727267,7.197571691474863],[80.58551312750413,7.197875195055251],[80.58545068700968,7.197984251681468],[80.5854271080183,7.198210035887874],[80.5853959429616,7.198303560550535],[80.58541137281198,7.198622900497213],[80.58535262989632,7.19936666660027],[80.585356331228,7.199650816952483],[80.58534587322184,7.199721403514321],[80.58532114429084,7.199888323311287],[80.58539435765654,7.19990042452832],[80.5856759567572,7.199946968957579],[80.58585532582579,7.200017128182179],[80.58601889455784,7.200320985651045],[80.58611238090816,7.200741526203059],[80.58610838024713,7.200831107672704],[80.58614343466706,7.200912933785631],[80.58618236282341,7.201201055101612],[80.58618233293899,7.20127710891898],[80.58618225985316,7.201450304027401],[80.58620547621767,7.201761875562791],[80.58626775536547,7.202034464285454],[80.58640806640848,7.20212792005223],[80.5865484117081,7.202143521492539],[80.58667313422968,7.202299422894122],[80.58671211552367,7.202462921960386],[80.5866963165007,7.203031496034281],[80.58668043682727,7.20345199199171],[80.58673509091653,7.20335084557682],[80.58682253393052,7.203284125149747],[80.58700031293941,7.203148475320122],[80.58739034204098,7.202907159245262],[80.58753867742234,7.20275928168467],[80.58760287964951,7.202653726090564],[80.58767133692378,7.202541172923187],[80.58768094260247,7.202448638483371],[80.58774058632214,7.202339168060058],[80.58776509719964,7.202373813939431],[80.58783413749221,7.202401595508031],[80.58783929999808,7.202407428592182],[80.58794750941055,7.202458560058021],[80.58796106063888,7.202470346920698],[80.58804532299033,7.202513890427535],[80.58805916027639,7.202525874543564],[80.58814158830573,7.202573367280896],[80.58827215444535,7.202637462938838],[80.58841957937385,7.202744736089303],[80.58856312105644,7.203031574479756],[80.58863575002522,7.203162629000355],[80.58867445694688,7.203266400283722],[80.58878064484335,7.203477930869578],[80.58878054204557,7.203487899882338],[80.58887318929267,7.203754530508403],[80.5889053099011,7.203921856318189],[80.58890462185362,7.203943581051814],[80.58899949256296,7.20437257413598],[80.58899786361548,7.204414369526024],[80.58899695488036,7.204437690266749],[80.58899621955362,7.204750867850589],[80.58924607831601,7.205022066218691],[80.58949211354124,7.205065445940535],[80.59011040978127,7.204794130054522],[80.59011870403884,7.204785448490069],[80.59023445900078,7.204576621122232],[80.59043168833956,7.204403517950295],[80.59066732975795,7.204243097787159],[80.59078754692055,7.204133644318738],[80.59090776804321,7.204078898544301]]]]}},{"type":"Feature","properties":{"GND_N":"Dehipagoda East","GND_NO":"37","GND_C":"440","PROVINCE_N":"CENTRAL","PROVINCE_C":"2","DISTRICT_N":"KANDY","DISTRICT_C":"1","DSD_N":"UDUNUWARA","DSD_C":"39","Admin_Code":"2139440","GND_NO_Cen":"37","GND_NAME_C":"Dehipagoda East","GND_NO_Gaz":"37","GND_NAME_G":"දෙහිපාගod","shape_1":"Polygon","Area__Ha_":27.9758703032,"MWS_ID":"121","Alt_MWS":null,"Area":0.27975870303,"Density":5122.2713877,"Total_Pop":1433.0},"geometry":{"type":"MultiPolygon","coordinates":[[[[80.58991109751645,7.21073519246319],[80.59003441149139,7.210606138830369],[80.59018685180875,7.21048177409194],[80.59027970934581,7.21036059713117],[80.59031322376609,7.210303343886226],[80.59036661076641,7.210143147276528],[80.5904102009198,7.210038794710543],[80.59041575072553,7.210030008033164],[80.59046811927027,7.209900139558677],[80.59048618149593,7.209875436784333],[80.59054977244386,7.209815372512367],[80.59061484814822,7.209753711832642],[80.59062098644095,7.209747352545024],[80.59079810323833,7.209555977796551],[80.59092486172355,7.209458972950683],[80.59107848832481,7.20936407242618],[80.59108617656831,7.209356126705726],[80.59125140141475,7.209266394401738],[80.59134469528534,7.209206663974617],[80.59148962042637,7.209114748510901],[80.59159553627828,7.209027646218152],[80.5915828428951,7.208996457950753],[80.59157285337174,7.208971909276311],[80.59154494548838,7.208903334520977],[80.59150948871026,7.208816213040545],[80.59158710484742,7.208773685135886],[80.59163034316221,7.208749993554641],[80.59176609672325,7.208708372617616],[80.5918446796788,7.208684278404156],[80.59191413674138,7.208662984743127],[80.59193457194732,7.208656718923407],[80.59202812875341,7.208570988793117],[80.59206721497509,7.208485377755188],[80.59205141204642,7.208407234035196],[80.5920215819646,7.208259729011893],[80.5920207867143,7.2082557931573],[80.59193490684017,7.207831116938982],[80.59195837213659,7.207535248765201],[80.59194294704288,7.207192454997077],[80.59191849903219,7.207097235413796],[80.59189455278917,7.207003979277046],[80.59188812752795,7.206978955477568],[80.59186497145862,7.206888775198236],[80.59170006715762,7.206723818606287],[80.5916935619723,7.206717310410736],[80.5916156187962,7.206678423661539],[80.59126460812313,7.206654825834656],[80.59071108274873,7.206397580837728],[80.59058251707913,7.206376117394649],[80.59052744027528,7.206366923554365],[80.59047135300695,7.206357560191705],[80.59038357093576,7.206342907313504],[80.59035672306509,7.206344761972629],[80.58948667774055,7.206404853629219],[80.5893775773044,7.20644380625621],[80.5892267611098,7.206457101131988],[80.58902654275295,7.206474748935798],[80.58857417572312,7.206575873507045],[80.58822328960741,7.206591271536229],[80.58778654076332,7.206560007044175],[80.58754490527667,7.206513137593265],[80.58736592700268,7.206426207005874],[80.58713553230925,7.206314303503858],[80.58675339297633,7.206290830414666],[80.58624261266002,7.206349116863606],[80.58596146739517,7.206318581785107],[80.58595399918761,7.206317770226907],[80.58576692901127,7.206380004285831],[80.58550950175368,7.206543519031062],[80.58534564736212,7.206582307660367],[80.58519751003217,7.206590017338543],[80.58497925541413,7.206457529540157],[80.58492323137187,7.206476869955885],[80.5849562516137,7.206523503384204],[80.58499140808333,7.206615088866512],[80.58505015144956,7.206826451192272],[80.58518703029756,7.207085568139942],[80.58534317409305,7.207283485256341],[80.58548951452424,7.207309682583602],[80.58552625819038,7.207313305193207],[80.58547774388228,7.207361712247117],[80.58542417814319,7.20743519806742],[80.58548564096797,7.207439052558684],[80.58559484823209,7.207485867860765],[80.58567276963288,7.207571527142973],[80.58571955468128,7.207680627466893],[80.5857456093878,7.207789318535594],[80.585745959209,7.207790771898574],[80.58613755922799,7.208153432666029],[80.58606241779958,7.208249352605567],[80.58592968992109,7.208623029138088],[80.58591401643137,7.208887814674918],[80.58596840046766,7.209433104808192],[80.58601504637835,7.20954206397018],[80.5861475762421,7.209643429265133],[80.58603068636384,7.209697921906241],[80.58602394569192,7.209695982983441],[80.58602739791085,7.20970144551491],[80.58604004161027,7.20971195608361],[80.58612414926561,7.209838127084347],[80.58619045286885,7.209966603872113],[80.58630350366116,7.209955054103053],[80.58640159442633,7.209985199177119],[80.58640479407177,7.209986182581569],[80.58661716806316,7.210000377050558],[80.58661936566297,7.210000524460296],[80.58675580792276,7.210009643123147],[80.58684879521327,7.210005161980301],[80.58707557176679,7.209994233399956],[80.58737958766343,7.210079983278464],[80.58750434251948,7.210165804503449],[80.58772261579087,7.210259291211396],[80.58792530598255,7.21039954201391],[80.58801895498853,7.210430806251249],[80.58833085135201,7.210625644089299],[80.58836594135639,7.210621702195105],[80.58841656854291,7.210680220662946],[80.58879864348225,7.210867172575568],[80.58949250893014,7.211163476393514],[80.58963953081204,7.211287148582406],[80.58963530192923,7.211241133132083],[80.58972210151961,7.211151897470309],[80.58977869693204,7.211093714124532],[80.58978487469236,7.211026414693313],[80.58979417132542,7.210925185223738],[80.58980279886684,7.210905597894668],[80.58991109751645,7.21073519246319]]]]}},{"type":"Feature","properties":{"GND_N":"Karamada North","GND_NO":"24","GND_C":"410","PROVINCE_N":"CENTRAL","PROVINCE_C":"2","DISTRICT_N":"KANDY","DISTRICT_C":"1","DSD_N":"UDUNUWARA","DSD_C":"39","Admin_Code":"2139410","GND_NO_Cen":"24","GND_NAME_C":"Karamada North","GND_NO_Gaz":"24","GND_NAME_G":"කරමඩ උතු","shape_1":"Polygon","Area__Ha_":21.886780857,"MWS_ID":"121","Alt_MWS":null,"Area":0.21886780857,"Density":3527.24324808,"Total_Pop":772.0},"geometry":{"type":"MultiPolygon","coordinates":[[[[80.59748619999796,7.226900770879864],[80.59765589690849,7.226214746339741],[80.59807204154664,7.22596034849203],[80.59812702444765,7.225912924758097],[80.59834894788733,7.225721507830235],[80.59851089142879,7.225591796116306],[80.59872530946849,7.225370231084276],[80.59884702491561,7.225062701971019],[80.59881896403719,7.224912260024113],[80.59907927979903,7.224999058749024],[80.59971102604482,7.225014847058874],[80.5998591541118,7.225046130942369],[80.5999842075465,7.224376287811547],[80.6000135639022,7.223916550799212],[80.60005481501672,7.22327051990003],[80.60005485624663,7.223164127593001],[80.60005499705268,7.222803107603562],[80.6001078292583,7.22249717739736],[80.60010832842039,7.222494285624453],[80.59935812296386,7.222455884179868],[80.59922539001107,7.222686873405792],[80.59902738696532,7.222929868991171],[80.59875447884033,7.22318024971861],[80.5984732885422,7.223414095455271],[80.59825916677985,7.223567947116722],[80.5980101224111,7.223637819458413],[80.5978260099403,7.223632001487342],[80.5976625708142,7.223584627905822],[80.59746235804111,7.223604037188849],[80.59733468209286,7.223621044991452],[80.59724722680926,7.223666613822165],[80.59734757084681,7.223028826575981],[80.59723613703714,7.223005808984333],[80.59704684965452,7.222917460052198],[80.59689416706348,7.222809659389336],[80.5969121174816,7.22274748286799],[80.59704947581893,7.222386374905617],[80.59694706233371,7.222356052204202],[80.59677843589508,7.222334129730582],[80.5966030527642,7.222297552994282],[80.59646170169111,7.222259971364677],[80.5962395359949,7.222210242829603],[80.5960933866158,7.222220566522026],[80.59599972048457,7.222186105352558],[80.59586289050995,7.222176674510641],[80.59574145388689,7.222121006313388],[80.59559059751773,7.222051722979851],[80.59543183093284,7.222004099974078],[80.59542778685416,7.222004059485322],[80.59530608947415,7.221928074970854],[80.59530532707149,7.221855115398973],[80.59513114847067,7.221989410490815],[80.5951250843996,7.221995579054448],[80.59493525752741,7.22222452228235],[80.5948179239493,7.222491177537906],[80.5946823267993,7.223514665703864],[80.59468220478409,7.223520888172374],[80.59466748904771,7.223942420086329],[80.5946672467772,7.224365342246668],[80.59471867690189,7.224654823254252],[80.59471149045777,7.224854665276741],[80.59474752402281,7.225136871347791],[80.59476395377503,7.225171612211414],[80.59484093904179,7.225334383237493],[80.59503125905076,7.225425577536264],[80.59512285856981,7.225605110177958],[80.59512747449809,7.225840417370286],[80.59516652495452,7.225928873830278],[80.59521347034563,7.226116244398191],[80.59509065346506,7.226190491410355],[80.59492022697934,7.226267012762535],[80.59475318238766,7.226332784125118],[80.59469422159738,7.226424207484765],[80.59472092178838,7.226545640837344],[80.59469511824165,7.226720747231292],[80.59469465697653,7.226723879556785],[80.59491586359923,7.226749400281411],[80.59492844917807,7.226746130804312],[80.59539270345665,7.22679652768244],[80.59539599142049,7.226796649259796],[80.5956961600013,7.226820466483686],[80.59593233777392,7.226782699499942],[80.59615974497545,7.226793903325547],[80.5965700333269,7.226831909511152],[80.59658759742629,7.226833537853691],[80.59707986042781,7.226879139494826],[80.59726104515333,7.22689089521256],[80.59748619999796,7.226900770879864]]]]}},{"type":"Feature","properties":{"GND_N":"Pethiyagoda East","GND_NO":"31","GND_C":"400","PROVINCE_N":"CENTRAL","PROVINCE_C":"2","DISTRICT_N":"KANDY","DISTRICT_C":"1","DSD_N":"UDUNUWARA","DSD_C":"39","Admin_Code":"2139400","GND_NO_Cen":"31","GND_NAME_C":"Pethiyagoda East","GND_NO_Gaz":"31","GND_NAME_G":"පෙතියාගgo","shape_1":"Polygon","Area__Ha_":58.1996517617,"MWS_ID":"121","Alt_MWS":null,"Area":0.58199651762,"Density":3156.37627442,"Total_Pop":1837.0},"geometry":{"type":"MultiPolygon","coordinates":[[[[80.59080864130412,7.21780211043158],[80.59116020589171,7.217290799502278],[80.59127204859,7.217052141084401],[80.59135909774419,7.21691009569312],[80.59136480891543,7.21692777444313],[80.59159173995594,7.217062221537256],[80.59178157694761,7.217014661381314],[80.59197612999941,7.217002502042398],[80.59205254571913,7.216797067719971],[80.5923067668463,7.21662159777395],[80.59233110598065,7.216602177701294],[80.5925123164898,7.216447579388812],[80.59272434199718,7.216262938838329],[80.5928592490228,7.216012890512848],[80.59301082998343,7.215769848152508],[80.5931122275504,7.215464810905029],[80.59313990590067,7.215274898184901],[80.59323792146937,7.215052432485301],[80.59332483360815,7.214712556461293],[80.59335991058238,7.2144262080363],[80.59340626193992,7.214325030412412],[80.59342765027105,7.214230112328412],[80.5934765500342,7.214098802481776],[80.59347902204469,7.214080862974578],[80.5934838359788,7.213992339821233],[80.59351288301119,7.213778096391048],[80.59358655408846,7.21370275571189],[80.59369382137798,7.213474095484236],[80.59371592299753,7.213426985534142],[80.59370833707314,7.213405516119701],[80.59368724718061,7.21334581635206],[80.59367955886552,7.213112250403686],[80.5936016756458,7.212925280509794],[80.59353536956955,7.212796674530626],[80.59335218257661,7.212680162926913],[80.59332107355051,7.21266037603583],[80.59274585442691,7.21249116323881],[80.59265828927462,7.212465403285256],[80.59239320702834,7.212309446062426],[80.59236805135538,7.212290757522115],[80.59208910405572,7.212083529519669],[80.59203448782519,7.212091278176339],[80.59196079973859,7.212072201978915],[80.59126644199507,7.211892444791546],[80.5911376879237,7.211896208776622],[80.59063949517896,7.211782168167487],[80.59021755026423,7.211685583133514],[80.59009385388282,7.211635285045762],[80.59008976546191,7.211633190818528],[80.59007143902636,7.211626170465824],[80.58996815216202,7.21158417042441],[80.58984341415801,7.211459495518816],[80.58973420861473,7.211405052493572],[80.58964073381722,7.211288160990661],[80.58963953081204,7.211287148582406],[80.58949250893014,7.211163476393514],[80.58879864348225,7.210867172575568],[80.58841656854291,7.210680220662946],[80.58836594135639,7.210621702195105],[80.58833085135201,7.210625644089299],[80.58801895498853,7.210430806251249],[80.58792530598255,7.21039954201391],[80.58772261579087,7.210259291211396],[80.58750434251948,7.210165804503449],[80.58737958766343,7.210079983278464],[80.58707557176679,7.209994233399956],[80.58684879521327,7.210005161980301],[80.58675580792276,7.210009643123147],[80.58661936566297,7.210000524460296],[80.58661716806316,7.210000377050558],[80.58640479407177,7.209986182581569],[80.58640159442633,7.209985199177119],[80.58630350366116,7.209955054103053],[80.58619045286885,7.209966603872113],[80.58620192910712,7.210266432547377],[80.58603797303007,7.210881715318881],[80.58583507488193,7.211239819346305],[80.58574136952778,7.211341091275698],[80.58565943123843,7.211383869559863],[80.58563996485191,7.211582385148737],[80.58545263550272,7.211925094273697],[80.5854019171427,7.212084740642704],[80.58537455261138,7.212220940021434],[80.58538227906706,7.212353338808332],[80.58533534251492,7.212602567116303],[80.58531974035024,7.212695958934082],[80.58531968911197,7.212818157532856],[80.58531965544961,7.212898438023913],[80.58536639193886,7.213124392531351],[80.58550762925952,7.213337939683773],[80.58568580815422,7.213607338474949],[80.58592748982431,7.213887915557327],[80.58600539371417,7.214020344486557],[80.5859975229673,7.21423059191722],[80.58584906903067,7.214993677680895],[80.58588511434644,7.215191970430421],[80.58589579206706,7.215250717572825],[80.58610617887618,7.215601364174306],[80.58623860649534,7.215951836254078],[80.586347782469,7.216076506554296],[80.58642886243739,7.216124387919114],[80.58651922169331,7.216177747784697],[80.58677533909302,7.216199670529999],[80.58688580195978,7.216209126568224],[80.58701055105962,7.216310346432563],[80.5870025971591,7.216388340266692],[80.58689341872339,7.216606316361442],[80.58688558393959,7.216730937063727],[80.58694012904684,7.216902212279492],[80.58708040998289,7.217081436605041],[80.58705688697006,7.217167194667433],[80.58697889157729,7.217252787255933],[80.5869009229868,7.217276071483371],[80.58664133499063,7.217275961878373],[80.58647985550752,7.217275895652344],[80.58624580884249,7.217338110225781],[80.58624337464269,7.217384042430385],[80.5862413539025,7.21742216795051],[80.58624055163236,7.217437299335482],[80.58622227915153,7.217782056724059],[80.58624555845086,7.217937776715809],[80.58633899463997,7.218148207367751],[80.58640913175675,7.218241633977882],[80.58665864979064,7.218405219621262],[80.58692849165638,7.218472790045373],[80.58700172174792,7.218491128063291],[80.58740737073867,7.218483525470505],[80.58769591534238,7.218359019963676],[80.58796118406245,7.218070883502862],[80.58817967819579,7.217634929944219],[80.58849942172337,7.217681688453568],[80.58869437917004,7.21771299606648],[80.58881914098627,7.217783130905613],[80.58880634998069,7.217922889470618],[80.58879609952155,7.218034893271793],[80.58899675737943,7.21812565838481],[80.58920001141078,7.218251761063841],[80.58921101999233,7.218260198213174],[80.58941234266281,7.218340000540675],[80.58996538102201,7.218720665643369],[80.590058787449,7.218784959107172],[80.59009282461612,7.218808387241022],[80.59011860721738,7.218818100944913],[80.59047747345079,7.218365056091479],[80.59066054577984,7.217993762708065],[80.59080864130412,7.21780211043158]]]]}},{"type":"Feature","properties":{"GND_N":"Ihala Pethiyagoda","GND_NO":"34","GND_C":"390","PROVINCE_N":"CENTRAL","PROVINCE_C":"2","DISTRICT_N":"KANDY","DISTRICT_C":"1","DSD_N":"UDUNUWARA","DSD_C":"39","Admin_Code":"2139390","GND_NO_Cen":"34","GND_NAME_C":"Ihala Pethiyagoda","GND_NO_Gaz":"34","GND_NAME_G":"ඉහළ පෙතිt","shape_1":"Polygon","Area__Ha_":33.4394691918,"MWS_ID":"121","Alt_MWS":null,"Area":0.33439469192,"Density":2957.58283221,"Total_Pop":989.0},"geometry":{"type":"MultiPolygon","coordinates":[[[[80.5836239151311,7.22098969115123],[80.58407645213997,7.220522612022653],[80.58410892665219,7.220476318116096],[80.58418574700032,7.220366806727363],[80.58428715451387,7.220125513340259],[80.5842640613442,7.219525836245637],[80.58428758177057,7.21911297537372],[80.58431547337064,7.218997839387113],[80.58439700006831,7.218661293590351],[80.58443230206662,7.218166768152144],[80.58431142406936,7.21793696715543],[80.5841790335518,7.217500866953285],[80.58417310114096,7.217259271527066],[80.5841713839263,7.217189303001439],[80.58424262542425,7.216910861632917],[80.5842729967959,7.216792157390407],[80.58427305501704,7.216651990303669],[80.58423985005071,7.216552335602955],[80.58411733472948,7.216184655543522],[80.58413296363891,7.21602881076137],[80.5842000898041,7.215858833485051],[80.58433593195195,7.215514854506631],[80.5843594182267,7.2151799906625],[80.58441803759207,7.215074889962065],[80.58442188255137,7.215016535935486],[80.58435951340874,7.214954196842027],[80.584149000055,7.214907339496822],[80.58408667276628,7.21474383046931],[80.58402430698794,7.214673721552804],[80.58379046794619,7.214587856112222],[80.58355256692808,7.214397003666637],[80.58355660934872,7.214206110415311],[80.58337744534602,7.213637597389168],[80.58338532960569,7.213396121703326],[80.58351309468777,7.213055790192822],[80.58346357177076,7.213061281016878],[80.5833776960724,7.213045701568572],[80.58335682477599,7.213050380663123],[80.5833907578472,7.21281319333366],[80.58339308177297,7.212790903220385],[80.58339230587926,7.21278204704303],[80.58344137485754,7.212323759232218],[80.5833081115451,7.212183555702999],[80.5832846244275,7.212147263289739],[80.5830913799555,7.211937413785091],[80.58308638360369,7.211932563697385],[80.58306707160557,7.211918117408671],[80.58271349098936,7.211658737168419],[80.58271274999483,7.211661547431385],[80.58268569423953,7.211763981857709],[80.58263893185517,7.211941034713924],[80.58260482800308,7.212070163913093],[80.58259822889542,7.212095146130816],[80.58250040887204,7.21229871140022],[80.58232506001427,7.212663610442865],[80.58228608994489,7.212811533502172],[80.58229383115328,7.212905075283175],[80.58226597280375,7.212967445954161],[80.58226253401486,7.212975146450151],[80.58224976224224,7.213080336897548],[80.58221951160058,7.213329501386339],[80.5822428167944,7.213422910517713],[80.58221548049299,7.213824040902982],[80.58216858613783,7.213971959668705],[80.58215867718765,7.213990895197607],[80.58207484530045,7.214151085022595],[80.58195087306083,7.214302278912068],[80.58193907675029,7.21431968716715],[80.58191688593303,7.214343729491901],[80.58183086943036,7.214436920267755],[80.5818017605395,7.214484134236118],[80.58177793626079,7.214522778557154],[80.58166785415588,7.214689393948277],[80.58165791716519,7.214701816656232],[80.58155995972427,7.214851701234745],[80.58140363968047,7.215459213687791],[80.5813409483492,7.2155157429866],[80.58122859199406,7.215617056599158],[80.58099798194084,7.215825001232492],[80.58088867713387,7.216004119647719],[80.58083412127624,7.216198803749046],[80.58078617650581,7.216277633080853],[80.58068619742099,7.216442022516349],[80.58054621679244,7.216672184680805],[80.58054528254195,7.216673722500834],[80.5805063239867,7.216790558113549],[80.58047686649141,7.217053860640318],[80.58047490483534,7.217071402386876],[80.58046712276419,7.217140958091235],[80.58033986481334,7.217458390944194],[80.58031103560452,7.217530307786827],[80.58020537966952,7.217857917858126],[80.58010007992223,7.218184424799026],[80.57992852203377,7.218355744587805],[80.5798114845751,7.218418006158329],[80.57978633553577,7.218424270292364],[80.57960518998217,7.218469393868834],[80.57944194305517,7.218510058738286],[80.57927421600135,7.218551838429203],[80.5792492009789,7.218558070940474],[80.5792218702874,7.218564878491702],[80.57915632697696,7.218581204511949],[80.57921081170299,7.218877245501409],[80.57919515496822,7.219095261813822],[80.57910131648633,7.219492408582985],[80.5791012106879,7.21973654608331],[80.57910118483701,7.219796197552025],[80.57953792530671,7.219874240309856],[80.57991606418288,7.220010614857454],[80.58027861403751,7.220209434510621],[80.58074262698909,7.220369299291088],[80.5808573428423,7.220402428778919],[80.58091804989957,7.220419960290565],[80.58131568379078,7.220630381002825],[80.5814746199752,7.220689454716641],[80.58158857228271,7.220731807594863],[80.58170557590975,7.220747399784313],[80.58182198597004,7.220719570646438],[80.58189588717966,7.220701903112582],[80.58209555798153,7.220654168575989],[80.58233722595261,7.220638729119777],[80.58246200596064,7.220669867593519],[80.58246795766102,7.22067275213816],[80.5827193206445,7.220794600752899],[80.58303890930128,7.221207464987534],[80.5831559049622,7.221246513539858],[80.58331961276772,7.221231040556249],[80.58338257624516,7.221181103503056],[80.5836239151311,7.22098969115123]]]]}},{"type":"Feature","properties":{"GND_N":"Piligalla East","GND_NO":"22","GND_C":"285","PROVINCE_N":"CENTRAL","PROVINCE_C":"2","DISTRICT_N":"KANDY","DISTRICT_C":"1","DSD_N":"UDUNUWARA","DSD_C":"39","Admin_Code":"2139285","GND_NO_Cen":"22","GND_NAME_C":"Piligalla East","GND_NO_Gaz":"22","GND_NAME_G":"පිලිගල්la","shape_1":"Polygon","Area__Ha_":29.6727704781,"MWS_ID":"121","Alt_MWS":null,"Area":0.29672770478,"Density":2982.53242195,"Total_Pop":885.0},"geometry":{"type":"MultiPolygon","coordinates":[[[[80.59118930332104,7.236765127361547],[80.5913865638432,7.236738562229074],[80.59139756463732,7.236740619466415],[80.59159286143483,7.236741875248276],[80.59161468107867,7.236743590521757],[80.59174079407263,7.23675160225215],[80.59175385776655,7.236753573504142],[80.59178658397975,7.236759698053207],[80.591963043507,7.236782888061868],[80.59198350791738,7.236788117796796],[80.59203739084616,7.236784974548016],[80.59209770670157,7.236771072683822],[80.59214399008306,7.236757004169091],[80.59215591232747,7.236753381830428],[80.59215802435085,7.23675273972493],[80.5921815009361,7.236734938058215],[80.59218152267611,7.236734921789546],[80.59219238728805,7.236726683456866],[80.5922014130496,7.236719840624933],[80.59223593271075,7.236677984425246],[80.59226139664604,7.236634226428624],[80.59228304561184,7.236619133310906],[80.59231567672296,7.236607424013104],[80.59233439824327,7.236600707177856],[80.5923759779763,7.236566902121451],[80.59244258035412,7.236505612722117],[80.5924610406992,7.236488624696097],[80.59249129858804,7.236456145286878],[80.59252083352285,7.236424442380435],[80.59253350501903,7.236413202480738],[80.59259502535663,7.236358639929089],[80.59261676591554,7.236340923447033],[80.5926202095852,7.236334621840503],[80.59263044997161,7.236315880663176],[80.59262992894485,7.236262978693449],[80.59262025218055,7.236231579177506],[80.59261902223541,7.236227591606766],[80.59261328762227,7.236208985055396],[80.59256145996677,7.236058758411422],[80.5925599044975,7.236055833265856],[80.59254544379192,7.236028639542113],[80.59253390302565,7.235904202709965],[80.5925319566193,7.23589615362233],[80.5925289850293,7.235883860224138],[80.59250696253048,7.235792781632322],[80.59250472261664,7.235733548842519],[80.59249351846364,7.235672412491815],[80.59248553478031,7.235614988702923],[80.59247816780159,7.235561991728936],[80.5924713973923,7.235511709715022],[80.59249695289091,7.235465238827016],[80.59255609527138,7.2353677643003],[80.59257062373905,7.235343820586221],[80.59257639191046,7.235335411985846],[80.59262063901602,7.23527090867898],[80.59262879473297,7.235259019472077],[80.59267417484905,7.235209756845499],[80.59267732937828,7.23520633351985],[80.59267776242397,7.235205863456619],[80.59268134003408,7.235201979106704],[80.59268858718413,7.235195290182403],[80.59274384675989,7.235144129781734],[80.59277646477318,7.235099560760832],[80.5928072673209,7.235065752219034],[80.59285508922301,7.235044520352789],[80.59287964744934,7.235000761045608],[80.59292115989436,7.234915601405494],[80.5929212568687,7.234915403402048],[80.5929228193408,7.234912196466269],[80.59292623158281,7.234905195817305],[80.59292695486006,7.234892388455968],[80.59292942294351,7.23484867812426],[80.59293951580597,7.234782523333287],[80.59294268094617,7.234761779881932],[80.59296205705076,7.234723777992469],[80.5929691431927,7.234709883506888],[80.59298101639823,7.234684025202352],[80.59298263598632,7.234660463318153],[80.59298502438484,7.234625698325316],[80.5929839846683,7.234585668000701],[80.59298297347945,7.234546752693908],[80.59296623960182,7.234499993457279],[80.59302618693881,7.234359518639907],[80.59311602294322,7.23367800370027],[80.59313731970167,7.233534371760193],[80.59317214703803,7.23343831525173],[80.59318482269467,7.233420998410699],[80.59322826574031,7.233333165481954],[80.59332338771067,7.233344214510956],[80.5933308959338,7.233336747074326],[80.59333445773696,7.233318100857984],[80.59332940572,7.233221303060848],[80.59332157384156,7.233202729132802],[80.59331758725035,7.23318787072502],[80.59330971339665,7.233165598177609],[80.59330193887345,7.233150765376823],[80.5932599120266,7.233095080454554],[80.59325233524783,7.233083919205618],[80.59323339950583,7.233065339004589],[80.59322961458432,7.233057895967763],[80.59313122373607,7.23298372610946],[80.59310853659426,7.232968918054195],[80.59309342046997,7.23295035746988],[80.59307830255547,7.232942972269955],[80.59299144874288,7.232872631323777],[80.59295387041043,7.232842913437626],[80.59295029564875,7.232835307708488],[80.59284233647477,7.232665648506255],[80.59279679103891,7.232555476016556],[80.59288325177765,7.232466531874889],[80.5928918579067,7.232458106325153],[80.59299041462499,7.232365468429927],[80.59299897630302,7.232352741087187],[80.59305087550838,7.232302554120843],[80.5931457559246,7.232323721339713],[80.5931801895731,7.232327935675275],[80.5932747385981,7.232349033102939],[80.59345455689719,7.232365739990237],[80.59345881243006,7.232344615353646],[80.59345881693902,7.232205180755501],[80.59346312226829,7.232184073320451],[80.5935614631198,7.231961302276331],[80.59356148659637,7.231927704686728],[80.59359549885673,7.231887591657527],[80.59359552111971,7.23184124428792],[80.59359553738588,7.231807555360473],[80.59362097270238,7.231689817066864],[80.59362096471246,7.231664648479962],[80.59361664990807,7.231450386429085],[80.59360813952756,7.231416704933232],[80.59367602492136,7.231008790746404],[80.59366326040599,7.230979308036998],[80.59359929594412,7.230871776940204],[80.59356932805552,7.230835042046442],[80.59352638488808,7.23078180925198],[80.59342260457231,7.230624614970552],[80.59336592872963,7.230524399872703],[80.59335279847691,7.230499240484638],[80.59332213159745,7.230448898234445],[80.59331334280772,7.23043206199286],[80.59329957364858,7.230304725959062],[80.5932994991044,7.230291954445828],[80.59329922006023,7.230245077030649],[80.59329912007821,7.230228013681072],[80.59340697290271,7.229974773231432],[80.5934242699858,7.229940370507652],[80.59346931381027,7.229735084475056],[80.59346934045345,7.229725131717215],[80.59346269803864,7.229691979984449],[80.59345936825198,7.229678722457668],[80.59337842490208,7.22954232908328],[80.59335122315558,7.229508834502552],[80.59334440529156,7.229495391096462],[80.59303171382534,7.229524017780035],[80.59302340965574,7.229488907555177],[80.59301763566002,7.22947604512738],[80.59301743119157,7.229475587467388],[80.59298541094778,7.22940424852322],[80.59297861865181,7.229392553141576],[80.59294197501333,7.22932944511678],[80.59289138639257,7.229251926820107],[80.5928739395134,7.229177314727869],[80.59287433837098,7.229129165228517],[80.59287435928903,7.229126697391658],[80.59278589911713,7.229127536237256],[80.59276222630722,7.229127760013502],[80.59275545462661,7.229127824204485],[80.59261913258081,7.229136065358805],[80.59257463902368,7.229133019812484],[80.59255057954293,7.229133252464853],[80.59223848069433,7.229094364427793],[80.59220690385915,7.229091213737832],[80.59178855825454,7.229070964472178],[80.59177374588631,7.229067476904589],[80.59172083668015,7.229009798873275],[80.59171041758535,7.228998440214052],[80.59171043606833,7.229013129732872],[80.59170307676209,7.229086587872872],[80.59171065489133,7.229174427781401],[80.59171439183879,7.229181684524695],[80.59172934892513,7.22924356395475],[80.59173307625367,7.229254439717879],[80.59177391639665,7.229329967435209],[80.59174389190935,7.229350708143975],[80.59174363191843,7.229362102266729],[80.59168387037268,7.229467284763225],[80.59165609904832,7.229523234542941],[80.59155371138723,7.229747159249384],[80.5914592250129,7.229854078363524],[80.59140603784596,7.229891874767903],[80.5912080722384,7.230064993883714],[80.59119525123344,7.230047932602026],[80.59115605569825,7.230009935918932],[80.59113131073143,7.229994474024963],[80.591074667007,7.229959080968771],[80.59102097912547,7.229934461174014],[80.59082639772996,7.229882656738662],[80.5908205113826,7.229881185753239],[80.5908181680711,7.229880600619113],[80.59074119554717,7.229861370910312],[80.59069806785742,7.229844143540168],[80.5906932710634,7.229842227175197],[80.59069100213809,7.229841321042904],[80.59066776693093,7.229832041559681],[80.59062485724859,7.229802091622203],[80.59057353523745,7.229796081502055],[80.59056652188403,7.229802505529956],[80.59055476350983,7.229813276420131],[80.59049063188652,7.229857650681246],[80.59044371654936,7.229879696557983],[80.59042650592677,7.229894790505421],[80.59040547810572,7.229939454530968],[80.59040499632799,7.230010352650662],[80.59041629688507,7.230056205459755],[80.59041129293219,7.230113535369783],[80.59035602947013,7.230175096807153],[80.59032694469703,7.23021604989464],[80.59032412721676,7.230241187483434],[80.59033108925689,7.23026723608059],[80.59034620372559,7.230287136931151],[80.59035316758214,7.230308751727631],[80.59035731490148,7.230355416395812],[80.59036939293509,7.230391158503052],[80.59038191505223,7.230428223787455],[80.59040413302297,7.230571111934054],[80.5904136208523,7.230623204602608],[80.59041125747886,7.230645086883515],[80.59038787295941,7.230697436525727],[80.59036774747669,7.230752048255764],[80.59036093167398,7.230811186935388],[80.5903640772167,7.23086951580702],[80.59037809496485,7.230916274028401],[80.59039411537341,7.230935270943426],[80.59039983549415,7.230938021456468],[80.59044155580199,7.23095807965696],[80.59047419105052,7.230964141857101],[80.59049180984721,7.230967415388253],[80.59053644070443,7.230998268536109],[80.59057596230979,7.23103172941727],[80.59058025402396,7.231035362850482],[80.59059088199493,7.231051939452408],[80.59059527653214,7.231058790439929],[80.59060838802313,7.23110735689251],[80.59060700273871,7.231171109737841],[80.59057410085119,7.231247963042849],[80.5905444318694,7.231291323159287],[80.59052770817945,7.231315765998341],[80.5905048706444,7.231361334494302],[80.59049905259738,7.231414233886234],[80.59050222134132,7.231424738665772],[80.59050726653585,7.231441507417809],[80.59051214533552,7.231457724476685],[80.59052482569162,7.231499881050659],[80.59053547510648,7.231537116479811],[80.59053928564049,7.231550435713806],[80.59054616793051,7.231574495710686],[80.590592240975,7.231675031465248],[80.59059818784162,7.23168800612565],[80.59060904597612,7.231706458346695],[80.59061899558353,7.231729984245045],[80.59062216556205,7.231737480405925],[80.59062830811875,7.231776821927638],[80.59062520726151,7.231830626731616],[80.59061424008722,7.231852957657292],[80.59055635367125,7.23190637840334],[80.5905110595127,7.231947234456901],[80.59047925647198,7.231991894989024],[80.59046447293873,7.232048317505552],[80.59046145730677,7.232112882651067],[80.59046394206726,7.232157316624189],[80.59046838120108,7.232236685548394],[80.59046618459527,7.232291393213617],[80.59045521847197,7.232315534550858],[80.5904361939388,7.232330629563301],[80.59043089355762,7.232333326746792],[80.5903406394378,7.232379241193216],[80.59033018639174,7.232384357092675],[80.59028285377197,7.232407522301332],[80.5902243504545,7.232421425585477],[80.59019346978076,7.232422678994189],[80.59018841713463,7.232421891089882],[80.59017137486725,7.232419233612262],[80.59012302891674,7.232398233105767],[80.59005141268342,7.232367096687843],[80.59000206387998,7.232355953572341],[80.58998803071567,7.232348984694736],[80.58995833938565,7.232325098029493],[80.58995390154584,7.232324465010043],[80.5899538079715,7.232329617693725],[80.58995319958866,7.23233146765],[80.58994646295034,7.232351950987868],[80.5899244379089,7.232401135188182],[80.58991580518236,7.232476460145848],[80.58991523168457,7.232549980698096],[80.58990579117912,7.232605501075722],[80.58991265306281,7.232654969290341],[80.58989124367992,7.232750726279042],[80.58985818715132,7.232835310349302],[80.58985453031843,7.232844667490181],[80.58983974853358,7.232896569368844],[80.58980079305266,7.23293525851671],[80.58973766269042,7.232970228306005],[80.58964654353252,7.233020652016391],[80.5895428383103,7.23306835673224],[80.58944809631218,7.233120224897547],[80.5894398938775,7.233124507026868],[80.58937056355123,7.233160705881348],[80.58932291993959,7.233188900594985],[80.58930171842233,7.233217106160975],[80.58928087892332,7.233250195113649],[80.58928383234155,7.233332758335053],[80.58929765768077,7.23340465523867],[80.58929546331882,7.233455748391529],[80.58927524797683,7.233505838505956],[80.58925693647305,7.233555025097623],[80.58922513468549,7.233596066511106],[80.5892214891353,7.23360876324363],[80.58921869693245,7.233618491498223],[80.58921941085838,7.233641821918028],[80.58923795542147,7.233688583836157],[80.58925759904257,7.2337030598564],[80.58929870044439,7.233731200574763],[80.58931443578427,7.23378067334261],[80.58936998835709,7.233898165175683],[80.5893801890628,7.233921011165235],[80.5893842829151,7.233930182483211],[80.58941079541744,7.233981467373736],[80.5894251565587,7.234069553333827],[80.58942524696512,7.234069915092319],[80.5894271948385,7.234179878294318],[80.58942533471091,7.234215381391042],[80.58942409067706,7.234239109804554],[80.58940126725206,7.234291559084154],[80.58937252042622,7.234357616602884],[80.5893536625404,7.234400949415208],[80.58931804684791,7.234469753192442],[80.5892654055259,7.234539272512172],[80.58922735608948,7.234578503653486],[80.58920645541716,7.234628023768204],[80.5891971707599,7.234650022561269],[80.58917042017788,7.234741345315629],[80.58914901198362,7.234833575471376],[80.58913241654241,7.234889093787411],[80.58912559867773,7.234952662614164],[80.58913637935756,7.235020652579937],[80.58914014031538,7.235044364962619],[80.58915086684871,7.235164641731536],[80.58915291377,7.235251637469525],[80.58916149504151,7.235303819305757],[80.5891923444498,7.235376718842227],[80.58923496829159,7.235444287823979],[80.58926701081224,7.235478664518752],[80.58931535646168,7.235503280525418],[80.58932060766475,7.23550356392034],[80.58937285799814,7.235506377863964],[80.58948252470536,7.235499188447212],[80.58953287640443,7.235492428637023],[80.58956574767537,7.235493436853507],[80.58958313113835,7.235499049759842],[80.58958799027555,7.235508045050461],[80.58959353892187,7.235518316595953],[80.58959716784159,7.235581314576213],[80.58959848328577,7.235604137022072],[80.58960334600702,7.235666082898789],[80.58962040350099,7.235735507843688],[80.58965958385924,7.235894985161018],[80.58966428850648,7.235914132098034],[80.58966518441517,7.235917776808201],[80.58963499889828,7.235987485324742],[80.58963159849449,7.236002992734659],[80.58961730918227,7.236068141034532],[80.58960840683608,7.236120539055594],[80.5896022395485,7.236156847926887],[80.58960186036857,7.236198083103865],[80.58960157191633,7.236236697646633],[80.58960056913581,7.236257314449434],[80.5895994339912,7.236304726612959],[80.58959780489857,7.236372974629179],[80.58959704005197,7.236469010435328],[80.58959777491268,7.236483322242735],[80.58960252094042,7.23657581091754],[80.58962077757666,7.236660280343981],[80.58963216530036,7.236714543218811],[80.58965186375208,7.236818456662733],[80.58965018574224,7.236853719286381],[80.58964866667166,7.236885644191245],[80.58964333495494,7.236893933563076],[80.58964361696609,7.236895206033603],[80.58967314588777,7.236986606139015],[80.58967731666404,7.236993770836222],[80.58968795855829,7.237005359325591],[80.5896943616177,7.237012330512527],[80.58974150271702,7.237079644477275],[80.58976562744816,7.237097938474328],[80.58978765766965,7.237113913882322],[80.58979428449877,7.237118453487708],[80.58982606855561,7.237156343257416],[80.58980857251929,7.237230612858909],[80.58980853152873,7.237235606405532],[80.58977302560675,7.23734760249433],[80.58977073200425,7.2373647932664],[80.5897660078994,7.237381934210067],[80.58976365031735,7.23739174584012],[80.58971994551803,7.23751013741423],[80.58971497328945,7.237525067233675],[80.58971248626838,7.237532534855923],[80.58969993268886,7.237622362304028],[80.58969745586798,7.237624840888532],[80.58969248000618,7.237639792409387],[80.58966010630904,7.237732081382204],[80.58965512512096,7.237744564152115],[80.5896499313183,7.237864485310293],[80.58965236528437,7.23788694829989],[80.58965231143334,7.237914402928197],[80.5896805174618,7.237954978830192],[80.58970433329064,7.237832657146626],[80.58982997792988,7.237687425968433],[80.58986219942541,7.23751804324693],[80.59011833765925,7.237479171704962],[80.59027849203095,7.237393640343464],[80.59047481247013,7.237297337158092],[80.5904847597555,7.237291404466712],[80.5905647864149,7.237234763526295],[80.59081177140041,7.237099720606525],[80.59118930332104,7.236765127361547]]]]}},{"type":"Feature","properties":{"GND_N":"Piligalla West","GND_NO":"23","GND_C":"280","PROVINCE_N":"CENTRAL","PROVINCE_C":"2","DISTRICT_N":"KANDY","DISTRICT_C":"1","DSD_N":"UDUNUWARA","DSD_C":"39","Admin_Code":"2139280","GND_NO_Cen":"23","GND_NAME_C":"Piligalla West","GND_NO_Gaz":"23","GND_NAME_G":"පිලිගල්la","shape_1":"Polygon","Area__Ha_":33.7754304592,"MWS_ID":"121","Alt_MWS":null,"Area":0.33775430459,"Density":2498.85786362,"Total_Pop":844.0},"geometry":{"type":"MultiPolygon","coordinates":[[[[80.58971994551803,7.23751013741423],[80.58976365031735,7.23739174584012],[80.5897660078994,7.237381934210067],[80.58977073200425,7.2373647932664],[80.58977302560675,7.23734760249433],[80.58980853152873,7.237235606405532],[80.58980857251929,7.237230612858909],[80.58982606855561,7.237156343257416],[80.58979428449877,7.237118453487708],[80.58978765766965,7.237113913882322],[80.58976562744816,7.237097938474328],[80.58974150271702,7.237079644477275],[80.5896943616177,7.237012330512527],[80.58968795855829,7.237005359325591],[80.58967731666404,7.236993770836222],[80.58967314588777,7.236986606139015],[80.58964361696609,7.236895206033603],[80.58964333495494,7.236893933563076],[80.58964866667166,7.236885644191245],[80.58965018574224,7.236853719286381],[80.58965186375208,7.236818456662733],[80.58963216530036,7.236714543218811],[80.58962077757666,7.236660280343981],[80.58960252094042,7.23657581091754],[80.58959777491268,7.236483322242735],[80.58959704005197,7.236469010435328],[80.58959780489857,7.236372974629179],[80.5895994339912,7.236304726612959],[80.58960056913581,7.236257314449434],[80.58960157191633,7.236236697646633],[80.58960186036857,7.236198083103865],[80.5896022395485,7.236156847926887],[80.58960840683608,7.236120539055594],[80.58961730918227,7.236068141034532],[80.58963159849449,7.236002992734659],[80.58963499889828,7.235987485324742],[80.58966518441517,7.235917776808201],[80.58966428850648,7.235914132098034],[80.58965958385924,7.235894985161018],[80.58962040350099,7.235735507843688],[80.58960334600702,7.235666082898789],[80.58959848328577,7.235604137022072],[80.58959716784159,7.235581314576213],[80.58959353892187,7.235518316595953],[80.58958799027555,7.235508045050461],[80.58958313113835,7.235499049759842],[80.58956574767537,7.235493436853507],[80.58953287640443,7.235492428637023],[80.58948252470536,7.235499188447212],[80.58937285799814,7.235506377863964],[80.58932060766475,7.23550356392034],[80.58931535646168,7.235503280525418],[80.58926701081224,7.235478664518752],[80.58923496829159,7.235444287823979],[80.5891923444498,7.235376718842227],[80.58916149504151,7.235303819305757],[80.58915291377,7.235251637469525],[80.58915086684871,7.235164641731536],[80.58914014031538,7.235044364962619],[80.58913637935756,7.235020652579937],[80.58912559867773,7.234952662614164],[80.58913241654241,7.234889093787411],[80.58914901198362,7.234833575471376],[80.58917042017788,7.234741345315629],[80.5891971707599,7.234650022561269],[80.58920645541716,7.234628023768204],[80.58922735608948,7.234578503653486],[80.5892654055259,7.234539272512172],[80.58931804684791,7.234469753192442],[80.5893536625404,7.234400949415208],[80.58937252042622,7.234357616602884],[80.58940126725206,7.234291559084154],[80.58942409067706,7.234239109804554],[80.58942533471091,7.234215381391042],[80.5894271948385,7.234179878294318],[80.58942524696512,7.234069915092319],[80.5894251565587,7.234069553333827],[80.58941079541744,7.233981467373736],[80.5893842829151,7.233930182483211],[80.5893801890628,7.233921011165235],[80.58936998835709,7.233898165175683],[80.58931443578427,7.23378067334261],[80.58929870044439,7.233731200574763],[80.58925759904257,7.2337030598564],[80.58923795542147,7.233688583836157],[80.58921941085838,7.233641821918028],[80.58921869693245,7.233618491498223],[80.5892214891353,7.23360876324363],[80.58922513468549,7.233596066511106],[80.58925693647305,7.233555025097623],[80.58927524797683,7.233505838505956],[80.58929546331882,7.233455748391529],[80.58929765768077,7.23340465523867],[80.58928383234155,7.233332758335053],[80.58928087892332,7.233250195113649],[80.58930171842233,7.233217106160975],[80.58932291993959,7.233188900594985],[80.58937056355123,7.233160705881348],[80.5894398938775,7.233124507026868],[80.58944809631218,7.233120224897547],[80.5895428383103,7.23306835673224],[80.58964654353252,7.233020652016391],[80.58973766269042,7.232970228306005],[80.58980079305266,7.23293525851671],[80.58983974853358,7.232896569368844],[80.58985453031843,7.232844667490181],[80.58985818715132,7.232835310349302],[80.58989124367992,7.232750726279042],[80.58991265306281,7.232654969290341],[80.58990579117912,7.232605501075722],[80.58991523168457,7.232549980698096],[80.58991580518236,7.232476460145848],[80.5899244379089,7.232401135188182],[80.58994646295034,7.232351950987868],[80.58995319958866,7.23233146765],[80.5899538079715,7.232329617693725],[80.58995390154584,7.232324465010043],[80.58995833938565,7.232325098029493],[80.58998803071567,7.232348984694736],[80.59000206387998,7.232355953572341],[80.59005141268342,7.232367096687843],[80.59012302891674,7.232398233105767],[80.59017137486725,7.232419233612262],[80.59018841713463,7.232421891089882],[80.59019346978076,7.232422678994189],[80.5902243504545,7.232421425585477],[80.59028285377197,7.232407522301332],[80.59033018639174,7.232384357092675],[80.5903406394378,7.232379241193216],[80.59043089355762,7.232333326746792],[80.5904361939388,7.232330629563301],[80.59045521847197,7.232315534550858],[80.59046618459527,7.232291393213617],[80.59046838120108,7.232236685548394],[80.59046394206726,7.232157316624189],[80.59046145730677,7.232112882651067],[80.59046447293873,7.232048317505552],[80.59047925647198,7.231991894989024],[80.5905110595127,7.231947234456901],[80.59055635367125,7.23190637840334],[80.59061424008722,7.231852957657292],[80.59062520726151,7.231830626731616],[80.59062830811875,7.231776821927638],[80.59062216556205,7.231737480405925],[80.59061899558353,7.231729984245045],[80.59060904597612,7.231706458346695],[80.59059818784162,7.23168800612565],[80.590592240975,7.231675031465248],[80.59054616793051,7.231574495710686],[80.59053928564049,7.231550435713806],[80.59053547510648,7.231537116479811],[80.59052482569162,7.231499881050659],[80.59051214533552,7.231457724476685],[80.59050726653585,7.231441507417809],[80.59050222134132,7.231424738665772],[80.59049905259738,7.231414233886234],[80.5905048706444,7.231361334494302],[80.59052770817945,7.231315765998341],[80.5905444318694,7.231291323159287],[80.59057410085119,7.231247963042849],[80.59060700273871,7.231171109737841],[80.59060838802313,7.23110735689251],[80.59059527653214,7.231058790439929],[80.59059088199493,7.231051939452408],[80.59058025402396,7.231035362850482],[80.59057596230979,7.23103172941727],[80.59053644070443,7.230998268536109],[80.59049180984721,7.230967415388253],[80.59047419105052,7.230964141857101],[80.59044155580199,7.23095807965696],[80.59039983549415,7.230938021456468],[80.59039411537341,7.230935270943426],[80.59037809496485,7.230916274028401],[80.5903640772167,7.23086951580702],[80.59036093167398,7.230811186935388],[80.59036774747669,7.230752048255764],[80.59038787295941,7.230697436525727],[80.59041125747886,7.230645086883515],[80.5904136208523,7.230623204602608],[80.59040413302297,7.230571111934054],[80.59038191505223,7.230428223787455],[80.59036939293509,7.230391158503052],[80.59035731490148,7.230355416395812],[80.59035259161341,7.230388511079467],[80.59035045464069,7.230441332395246],[80.59035030552374,7.230445029127922],[80.59033671282269,7.230468265089478],[80.59031678537073,7.230481549315428],[80.59026561904398,7.230486592526654],[80.59021617530696,7.230488833998511],[80.59013330817888,7.230512401567437],[80.59008014284224,7.230536253457539],[80.59002659800463,7.230602246641955],[80.59000013645552,7.230652244719997],[80.58998292270164,7.230668242047194],[80.589934479379,7.230664333727791],[80.58985289837577,7.230643050117129],[80.58976307141579,7.230635145001612],[80.58971281247024,7.230635667003365],[80.58966146281034,7.230650478359204],[80.58961988599837,7.230678041682327],[80.58960267126726,7.230702994313475],[80.58959817361357,7.230715739534707],[80.58959351458427,7.230728942267374],[80.58959599611289,7.230770005904621],[80.5895966625918,7.230781032352184],[80.58959203512552,7.230803366755989],[80.58956776655143,7.230803175948914],[80.58949777538535,7.230784700366129],[80.58939301892866,7.23074531838445],[80.58933470945203,7.23072874660687],[80.58926671552315,7.230695893380807],[80.58918875856011,7.230670176434661],[80.58913406780988,7.230659846717347],[80.58911634547925,7.230659559102298],[80.58904822258278,7.230658454083071],[80.5888807915286,7.230649793449018],[80.5888524128739,7.230649154187321],[80.58881966771605,7.230648414557933],[80.58865922007787,7.230609462545349],[80.58849868555656,7.230566079353401],[80.58842244549669,7.230549318303989],[80.58833488719561,7.230527758859243],[80.58829767838591,7.230505679403345],[80.58827234690798,7.230450326473915],[80.58825742437642,7.230404473027011],[80.58822104918347,7.230339618540214],[80.58821080966248,7.230325550583619],[80.58818819565502,7.230294480227397],[80.58814718942341,7.230258289342716],[80.58809431688242,7.230230958441165],[80.58803991368231,7.230180294963986],[80.58801158802774,7.230137057547274],[80.58798741600474,7.230122490078269],[80.58794450426744,7.230097873474358],[80.58792023682116,7.230095060100568],[80.58782935223608,7.230059013146582],[80.58775636100853,7.23003006331957],[80.5876784067225,7.229996210101071],[80.58759057882155,7.229972210593723],[80.58749812818137,7.229958968558182],[80.58740476590899,7.229958205515445],[80.58732471353282,7.229965680753717],[80.58724012695853,7.229986532363511],[80.58718605637193,7.230009480139514],[80.58711105379699,7.230063617690863],[80.58706566158561,7.230091765183705],[80.58705960645298,7.230095518241514],[80.58701896409164,7.230107797174943],[80.58700191505801,7.230112945526598],[80.58688238212848,7.230117419175928],[80.58676475457791,7.230112937364249],[80.58673530257182,7.230113065278845],[80.58668841607167,7.230113270036751],[80.58663978343395,7.230122743174221],[80.58658380311566,7.230167120267556],[80.58651938622017,7.230247396498079],[80.58646112145948,7.230336627886859],[80.5864182548057,7.230418811213145],[80.58637185783212,7.230495657672393],[80.58633733691286,7.230544746960631],[80.58627664003589,7.230605219553314],[80.58623334192309,7.230636309532632],[80.58619972974321,7.230675541376295],[80.58619057415075,7.23070058857121],[80.5862130741648,7.230815534028],[80.58622001674574,7.230848586503988],[80.58621222804403,7.230846648949185],[80.58602758498004,7.23081274730528],[80.58602050087413,7.230812783231701],[80.58599220146641,7.230815355006514],[80.58598281545581,7.230815403535339],[80.58585793084157,7.230804077398171],[80.58583741300905,7.230801818914048],[80.58580737597137,7.230801959183252],[80.58579101806131,7.230804398484243],[80.58575593686584,7.230811644465981],[80.58574426607596,7.23081405588356],[80.58573193741057,7.230828331487038],[80.58568242096129,7.230964919373445],[80.58567010862204,7.230976959543693],[80.58564104009878,7.23101260135162],[80.58560589335647,7.231158708513152],[80.5855946866713,7.231205293535192],[80.58558560300177,7.231222846783807],[80.58558106159232,7.231236002497599],[80.58555975917405,7.231284219176802],[80.58555141888914,7.231310558947988],[80.58547110009673,7.23153128114909],[80.58546704659416,7.231553481004261],[80.58551853352932,7.231669466822578],[80.58548765486607,7.231696226696319],[80.58544793428156,7.231731949936131],[80.58543903992386,7.231736407138363],[80.58538533317133,7.231780665657969],[80.58534042481166,7.231900099887792],[80.58517594530132,7.231954316239777],[80.5851105094167,7.231975885353576],[80.5850900331103,7.231991030170674],[80.58505999032063,7.232013253474705],[80.58498770567788,7.232062959807464],[80.58498411012665,7.232066348530692],[80.58494340764574,7.232104719112004],[80.58485796176784,7.232225228655924],[80.58482796853619,7.232271606811528],[80.58480722637934,7.232285793846143],[80.58480176872364,7.232289874481377],[80.58476564764518,7.232316883495665],[80.58471281494775,7.232409733230692],[80.58467719605486,7.232484867663872],[80.58467382772574,7.232494850659989],[80.5846714123218,7.232502007204753],[80.58465788369662,7.232542101035851],[80.58465871415619,7.232544080905266],[80.58466846707965,7.232567335551646],[80.58470413406133,7.232597193470392],[80.58470066723365,7.2326861184891],[80.58469300765542,7.232882496490753],[80.58468804407839,7.233009747061823],[80.58478355674367,7.233010493494726],[80.58488306548877,7.233037302704714],[80.58497441788901,7.233079300763008],[80.58505118533859,7.233134585938251],[80.58512713853418,7.233188152582774],[80.5851805364449,7.233258529792663],[80.58523555907632,7.233341478398731],[80.58528123910068,7.233420238868464],[80.58528523692755,7.233427135858142],[80.5853020710082,7.233453276380246],[80.58533382218212,7.233533411874403],[80.58535686221735,7.233589231519133],[80.58536910096626,7.233618882426304],[80.5853764286684,7.233638330732791],[80.58538082384251,7.233649996279651],[80.58539895178909,7.233698112815879],[80.58540915045381,7.233723169910218],[80.5854509673414,7.233825912676872],[80.58551638296744,7.233960953476762],[80.58554205010516,7.234010185458762],[80.58555537997145,7.23403575479282],[80.58560444422639,7.234075564687108],[80.58560835733873,7.234077203114702],[80.58569851466291,7.234114941263805],[80.58580708451066,7.234129183349957],[80.58591654608085,7.23417643466356],[80.58598588742294,7.234233796479209],[80.58599822883188,7.234249825891873],[80.58606508116553,7.234336647954065],[80.58608871104396,7.234366049491882],[80.5861015351519,7.234382003141985],[80.58610427121542,7.234385406273907],[80.58613907690311,7.234522061043678],[80.5861464637066,7.234614574359099],[80.58614942011317,7.234690808364169],[80.58615189591103,7.234833508462454],[80.58615642813818,7.234920187828179],[80.58615818443006,7.234953783429791],[80.58616233309304,7.234994117994339],[80.58617534559268,7.235059775848454],[80.58617811103916,7.235066547522045],[80.58619995147161,7.235120012722569],[80.58621687289617,7.23514977046156],[80.58625063348447,7.235189483469492],[80.58629344993335,7.235228477715708],[80.5863398863795,7.235272807049252],[80.58637345388591,7.235341186382807],[80.58640077454321,7.235406037229972],[80.58642456433533,7.235468986661812],[80.58644452490896,7.235565698468275],[80.58645312295097,7.235607356976638],[80.58648930927852,7.235691110549823],[80.58652204875017,7.235745301008495],[80.58655138749971,7.235793864376717],[80.58662443008483,7.235879623669905],[80.58663924181361,7.235893736971885],[80.58666715535769,7.235920334211967],[80.58670554751,7.235945957357982],[80.58672708651743,7.235960329376422],[80.58679154905766,7.235989566114342],[80.58684714763986,7.235997999274455],[80.58690093152671,7.236012852226446],[80.58693769494664,7.236020282806007],[80.58696730394024,7.236026806104102],[80.58693493646172,7.236144416278357],[80.58691704792896,7.236218597880631],[80.58691449011695,7.23623069368189],[80.58688637051954,7.236287674794784],[80.58688117329046,7.236312111429064],[80.58687856832344,7.236324361846294],[80.58686726770918,7.236348620506034],[80.58683088033484,7.236446878715474],[80.5868282091663,7.23645935337196],[80.58682256831683,7.23647485168692],[80.58675617483526,7.236604479436282],[80.58669915778383,7.23675719884642],[80.58666024588922,7.236857030379267],[80.58666966157203,7.236862122816071],[80.58672457045562,7.236889513519859],[80.58693195263048,7.237084478095515],[80.58715757110922,7.23705783707447],[80.58719095702955,7.237058393527138],[80.58722377935763,7.237101062242954],[80.58723811536883,7.237105161073987],[80.587276218121,7.237136715378933],[80.58730799402687,7.237156694684916],[80.58732591076077,7.237164811010752],[80.58739749196481,7.237205283877254],[80.5874049183947,7.237205434360481],[80.58743399075945,7.23721780553669],[80.58749197637658,7.237250628671887],[80.58750655699,7.237258856644905],[80.5875138595193,7.237262976966461],[80.58763501608955,7.237341528862641],[80.58765733832765,7.237354140484712],[80.58781144045167,7.237451522730201],[80.58795070108438,7.23745150079641],[80.58798602103957,7.237378497439073],[80.58801286538457,7.237300068370063],[80.5880202890498,7.237298156126275],[80.58815485924978,7.237329913929058],[80.58817803387758,7.237335382786326],[80.58823308496615,7.237352134241549],[80.58825327339973,7.237365527175611],[80.58826711901523,7.23738615101103],[80.58826714977279,7.237386226985201],[80.58826867314171,7.23739007452082],[80.58828068911923,7.237420429712411],[80.58828276655032,7.237433362108039],[80.58828302698792,7.237462661643267],[80.58829025430552,7.237501910488367],[80.58829170212174,7.23750670389396],[80.58830500590494,7.237523711195474],[80.58832066579313,7.237536739630698],[80.58833895459084,7.237547417962344],[80.58836783877113,7.237555116466969],[80.58838673185522,7.23755856604547],[80.5883966334076,7.237560372409543],[80.58841014521087,7.237560516345551],[80.58843231232103,7.237560749762358],[80.58846057187094,7.237557014896386],[80.58852848897237,7.237548038770321],[80.58860456850014,7.237531004135684],[80.58864096904601,7.237522855093495],[80.58872302548095,7.237492142601922],[80.58875952403633,7.237483475424681],[80.58879502283231,7.237479240727678],[80.58890087675846,7.237491673275712],[80.58899685724474,7.237517575856598],[80.58903859607605,7.237531338440776],[80.58905996401927,7.237541474524313],[80.58907743685111,7.237552333351769],[80.58910965907673,7.237588247447424],[80.58914404814816,7.237644328396719],[80.58917742141672,7.23774598671935],[80.58919332706147,7.237810971071216],[80.5892139445565,7.237895211786171],[80.58926386148836,7.238065150900457],[80.58930119268088,7.238231376290126],[80.58933708047573,7.238384309632806],[80.5893457409516,7.238404866196624],[80.58935182581077,7.23841931132467],[80.58935648655071,7.238426361379307],[80.58937139186712,7.238448913592202],[80.58938160205624,7.238464358765071],[80.58941681372865,7.238497833352805],[80.58945094903203,7.238510687571279],[80.58946477617228,7.23851041381802],[80.58948227992485,7.238510066516327],[80.58950247754103,7.238503564726794],[80.58951776077046,7.238490220769015],[80.58951842116211,7.238489644998818],[80.58952266304988,7.238486873241283],[80.58953599288336,7.238478167557386],[80.5895364476866,7.238475453929674],[80.58955122933057,7.238424458190788],[80.58956591710403,7.2383815098082],[80.58959166451899,7.238309898641511],[80.58953635744756,7.23810936838414],[80.5895376377323,7.238105401730654],[80.58961678406206,7.238043089717642],[80.58962840426614,7.238036379126804],[80.58967445369805,7.23798612236063],[80.5896805174618,7.237954978830192],[80.58965231143334,7.237914402928197],[80.58965236528437,7.23788694829989],[80.5896499313183,7.237864485310293],[80.58965512512096,7.237744564152115],[80.58966010630904,7.237732081382204],[80.58969248000618,7.237639792409387],[80.58969745586798,7.237624840888532],[80.58969993268886,7.237622362304028],[80.58971248626838,7.237532534855923],[80.58971497328945,7.237525067233675],[80.58971994551803,7.23751013741423]]]]}},{"type":"Feature","properties":{"GND_N":"Pitawalawatta","GND_NO":"43","GND_C":"550","PROVINCE_N":"CENTRAL","PROVINCE_C":"2","DISTRICT_N":"KANDY","DISTRICT_C":"1","DSD_N":"UDUNUWARA","DSD_C":"39","Admin_Code":"2139550","GND_NO_Cen":"43","GND_NAME_C":"Pitawalawatta","GND_NO_Gaz":"43","GND_NAME_G":"පිටවලවතaw","shape_1":"Polygon","Area__Ha_":48.7773503944,"MWS_ID":"121","Alt_MWS":null,"Area":0.48777350394,"Density":2242.84425282,"Total_Pop":1094.0},"geometry":{"type":"MultiPolygon","coordinates":[[[[80.59533814559764,7.208797616510723],[80.59548945892023,7.208735727013092],[80.59563306192,7.208698771525283],[80.59573286950061,7.208668265370413],[80.59580893894493,7.208506073086282],[80.5958454086554,7.208383385080129],[80.59595764633316,7.208303945517073],[80.59613462966855,7.208255353784732],[80.59625455022284,7.208199411015986],[80.59637299439756,7.208144437048436],[80.59650696787932,7.208110177741637],[80.59660536450127,7.208118720529563],[80.59673901055021,7.208127157780955],[80.59695161024193,7.208183405842586],[80.59701772747142,7.208251996186095],[80.59710585366496,7.208275029036457],[80.59720000888136,7.208256132518884],[80.59725683684657,7.208204269390602],[80.59737076180025,7.208146344452643],[80.59747738592425,7.208159294240059],[80.59754091074664,7.208186412071282],[80.59758204553866,7.208245054250098],[80.59762172131575,7.208302052732762],[80.59766801792456,7.208371143453009],[80.59773078706021,7.20842043451999],[80.59781530366821,7.208425797514672],[80.59791490712252,7.208418918477885],[80.59802058926483,7.208374873049312],[80.59812232795899,7.208360846269455],[80.59822847802172,7.208303387418992],[80.59832691761102,7.208260084242819],[80.5984412627124,7.20820187705589],[80.59853205754115,7.208178350721431],[80.59856340970804,7.208324469663492],[80.59862957055643,7.208460705425656],[80.59870362693388,7.208456478556394],[80.59896885910338,7.208441339508317],[80.59953140934121,7.208335433674726],[80.59967067492622,7.208309214755888],[80.60017713495026,7.208143368990469],[80.60017936548451,7.2081426382674],[80.60021673394884,7.208130401144009],[80.60043504901194,7.208122573454575],[80.60074929099206,7.208119872857748],[80.60090846344792,7.207739574215571],[80.60100070652705,7.207519184335554],[80.6010688175011,7.207408239559525],[80.60107179153142,7.207404932751761],[80.60113071049153,7.207329962220101],[80.60108150174813,7.207186848824425],[80.60105791151067,7.207085949168227],[80.60100891040658,7.206838630049646],[80.60096519281053,7.206626958851769],[80.60088694499606,7.206441084170788],[80.60085659943509,7.206322354438279],[80.60086396679672,7.206206480507485],[80.60085817392851,7.206125159546489],[80.6008441609774,7.206074353920549],[80.60079776980447,7.205991484574945],[80.60079212216172,7.205944580618879],[80.60089307139096,7.205782712571486],[80.60103560876264,7.205459276481866],[80.60111409184333,7.205176383831398],[80.60116657569165,7.204906675015196],[80.60118833729013,7.204560569566316],[80.60118832005183,7.204228209347676],[80.60118737487313,7.20419478948065],[80.60120325389673,7.203682360131531],[80.60125734895476,7.203231843290133],[80.6012715202445,7.203096496819239],[80.60113276548682,7.202879213273906],[80.60119914180308,7.202551002092118],[80.60128534549254,7.202338552278306],[80.60130483533779,7.202052820048594],[80.60132702471043,7.201756885569388],[80.60133995948947,7.20155658868875],[80.60101943486217,7.201494223523667],[80.60084813180326,7.201491689084993],[80.60058666643806,7.201449335037352],[80.60041180855134,7.201639105023148],[80.60015054226415,7.201929942091353],[80.59980251437722,7.201956077070655],[80.5996724337776,7.201978776456743],[80.59952838798894,7.201909852528077],[80.59934295739708,7.201902513817871],[80.5992244015971,7.201991216446057],[80.59905443645852,7.202059186912496],[80.5990415150172,7.202066429910738],[80.59904143377074,7.202273158577771],[80.59906604165289,7.202330711770418],[80.59908808118671,7.202382258475431],[80.59908834930643,7.202470573932227],[80.59904895571844,7.202473438876632],[80.59879107252024,7.202497490124529],[80.59855775149595,7.202503337163076],[80.59855493827855,7.202502970730312],[80.5985546731524,7.202504825357219],[80.59855452969404,7.202505828175931],[80.59854070593835,7.202602446004256],[80.59851874862575,7.202755911623881],[80.59824584425715,7.202716807280439],[80.59791828652534,7.202778991670188],[80.59778569491567,7.202833479475142],[80.5976574333226,7.20284407938659],[80.59759850745759,7.202848950461519],[80.59748964997314,7.202918737445133],[80.59748925507955,7.202918990496145],[80.59736446657381,7.202918942585658],[80.59719300872385,7.202864333200128],[80.59708382142786,7.202770893787014],[80.59692008044179,7.202529352084061],[80.59669404852808,7.202381323568],[80.5966160912343,7.202381293847642],[80.59628849452707,7.202544645284866],[80.59606798413903,7.202610633287454],[80.59589852136074,7.202661345907644],[80.59575184500754,7.202655440782769],[80.59570356046557,7.202653497355008],[80.59537607445502,7.202536514509107],[80.59523663292063,7.202533151371087],[80.59516417743828,7.202573987317222],[80.59501277199578,7.202786155953071],[80.59500565828918,7.202895915867452],[80.59499849657641,7.203048981120463],[80.59493411669351,7.203218278563024],[80.59485421553805,7.203331124021842],[80.5947403917595,7.203416963397061],[80.5946030154026,7.203536303308905],[80.5945989575165,7.203537239460592],[80.59447110237889,7.20367012146365],[80.59435095257018,7.203760747420141],[80.59410235743408,7.20389931544829],[80.59400710636803,7.203952408108524],[80.59401850770773,7.204046871825298],[80.59402576259829,7.204282273427178],[80.5940261898884,7.204296123027304],[80.59408071403809,7.204480126501108],[80.5940884998481,7.204506398757605],[80.59408835665165,7.204864730422567],[80.59418971000407,7.205090563080967],[80.5942364626786,7.205285290302197],[80.59422066002308,7.20553453304075],[80.59408797067594,7.20583049803481],[80.59406452867582,7.206071825951057],[80.59419693403296,7.206484749949963],[80.59436841200885,7.206843007055607],[80.59445399875273,7.207224687596537],[80.59449291266802,7.207567348694861],[80.59459413701934,7.207762097535936],[80.5946720682004,7.207832211235126],[80.59474304455797,7.20795837549163],[80.59481232072012,7.208081516875459],[80.5948589415167,7.20861111888486],[80.59485887244047,7.208784611538268],[80.59497830338485,7.208760584546987],[80.59508214063422,7.208770748529719],[80.59515503984758,7.208809804518564],[80.59523231935673,7.208831993330303],[80.59533814559764,7.208797616510723]]]]}},{"type":"Feature","properties":{"GND_N":"Pethiyagoda West","GND_NO":"32","GND_C":"395","PROVINCE_N":"CENTRAL","PROVINCE_C":"2","DISTRICT_N":"KANDY","DISTRICT_C":"1","DSD_N":"UDUNUWARA","DSD_C":"39","Admin_Code":"2139395","GND_NO_Cen":"32","GND_NAME_C":"Pethiyagoda West","GND_NO_Gaz":"32","GND_NAME_G":"පෙතියාගgo","shape_1":"Polygon","Area__Ha_":22.7804352193,"MWS_ID":"121","Alt_MWS":null,"Area":0.22780435219,"Density":4999.9044752,"Total_Pop":1139.0},"geometry":{"type":"MultiPolygon","coordinates":[[[[80.58543649856692,7.216844002629262],[80.58545835789754,7.216839425139528],[80.58547069687262,7.216842846758896],[80.58557192844619,7.216870917973475],[80.58559869700017,7.216878340833906],[80.58572382946723,7.217006608032828],[80.58590276300546,7.217190028538858],[80.58601974075931,7.217267932471422],[80.58619322397772,7.217321785532905],[80.58624580884249,7.217338110225781],[80.58647985550752,7.217275895652344],[80.58664133499063,7.217275961878373],[80.5869009229868,7.217276071483371],[80.58697889157729,7.217252787255933],[80.58705688697006,7.217167194667433],[80.58708040998289,7.217081436605041],[80.58694012904684,7.216902212279492],[80.58688558393959,7.216730937063727],[80.58689341872339,7.216606316361442],[80.5870025971591,7.216388340266692],[80.58701055105962,7.216310346432563],[80.58688580195978,7.216209126568224],[80.58677533909302,7.216199670529999],[80.58651922169331,7.216177747784697],[80.58642886243739,7.216124387919114],[80.586347782469,7.216076506554296],[80.58623860649534,7.215951836254078],[80.58610617887618,7.215601364174306],[80.58589579206706,7.215250717572825],[80.58588511434644,7.215191970430421],[80.58584906903067,7.214993677680895],[80.5859975229673,7.21423059191722],[80.58600539371417,7.214020344486557],[80.58592748982431,7.213887915557327],[80.58568580815422,7.213607338474949],[80.58550762925952,7.213337939683773],[80.58536639193886,7.213124392531351],[80.58531965544961,7.212898438023913],[80.58531968911197,7.212818157532856],[80.58531974035024,7.212695958934082],[80.58533534251492,7.212602567116303],[80.58538227906706,7.212353338808332],[80.58537455261138,7.212220940021434],[80.5854019171427,7.212084740642704],[80.58545263550272,7.211925094273697],[80.58563996485191,7.211582385148737],[80.58565943123843,7.211383869559863],[80.58574136952778,7.211341091275698],[80.58583507488193,7.211239819346305],[80.58603797303007,7.210881715318881],[80.58620192910712,7.210266432547377],[80.58619045286885,7.209966603872113],[80.58612414926561,7.209838127084347],[80.58604004161027,7.20971195608361],[80.58602739791085,7.20970144551491],[80.58602394569192,7.209695982983441],[80.58597607832131,7.209682214906943],[80.58582001773087,7.209689920555481],[80.58573426842635,7.209713341545788],[80.58550041016605,7.209674245819041],[80.58539120564997,7.209619658896038],[80.58521966104722,7.209432791378854],[80.58492341903609,7.209370354494371],[80.58473628007107,7.209261194368789],[80.5844633403767,7.209300078877346],[80.58441290433277,7.209328966496154],[80.58427993161018,7.209405127200538],[80.58422927465764,7.209416692758021],[80.58410443190358,7.209541263327887],[80.58405486710446,7.209616898374196],[80.58403754814543,7.20964332299424],[80.5838931765838,7.209863622160377],[80.58387320004545,7.209894106884325],[80.58383911841949,7.209946111722428],[80.5837300133961,7.209992834550579],[80.58342584060071,7.209945936530192],[80.583347862267,7.20999267331023],[80.58322683537816,7.21012897406357],[80.58319824491858,7.21017819953212],[80.5830042562476,7.210512206326214],[80.58278592757785,7.210888120827716],[80.5827817391454,7.210970219918016],[80.58275453942242,7.2115033164504],[80.58271349098936,7.211658737168419],[80.58306707160557,7.211918117408671],[80.58308638360369,7.211932563697385],[80.5830913799555,7.211937413785091],[80.5832846244275,7.212147263289739],[80.5833081115451,7.212183555702999],[80.58344137485754,7.212323759232218],[80.58339230587926,7.21278204704303],[80.58339308177297,7.212790903220385],[80.5833907578472,7.21281319333366],[80.58335682477599,7.213050380663123],[80.5833776960724,7.213045701568572],[80.58346357177076,7.213061281016878],[80.58351309468777,7.213055790192822],[80.58338532960569,7.213396121703326],[80.58337744534602,7.213637597389168],[80.58355660934872,7.214206110415311],[80.58355256692808,7.214397003666637],[80.58379046794619,7.214587856112222],[80.58402430698794,7.214673721552804],[80.58408667276628,7.21474383046931],[80.584149000055,7.214907339496822],[80.58435951340874,7.214954196842027],[80.58442188255137,7.215016535935486],[80.58441803759207,7.215074889962065],[80.5843594182267,7.2151799906625],[80.58433593195195,7.215514854506631],[80.5842000898041,7.215858833485051],[80.58413296363891,7.21602881076137],[80.58411733472948,7.216184655543522],[80.58423985005071,7.216552335602955],[80.58427305501704,7.216651990303669],[80.5842729967959,7.216792157390407],[80.58424262542425,7.216910861632917],[80.5841713839263,7.217189303001439],[80.58417310114096,7.217259271527066],[80.5841790335518,7.217500866953285],[80.58431142406936,7.21793696715543],[80.58443230206662,7.218166768152144],[80.58448358089022,7.217921692604733],[80.58448983705925,7.217891787191055],[80.58450644515385,7.217812424321026],[80.58456110570152,7.217703507604483],[80.58458667355629,7.217676555619684],[80.58470152367433,7.21755548680724],[80.58486540502265,7.217462156352293],[80.58489226806212,7.217436590286202],[80.58503709869342,7.217298747362231],[80.58521650646944,7.216956035235813],[80.585310207449,7.216870448622007],[80.58538056700567,7.216855715294864],[80.58543649856692,7.216844002629262]]]]}},{"type":"Feature","properties":{"GND_N":"Nawa Peradeniya","GND_NO":"26","GND_C":"415","PROVINCE_N":"CENTRAL","PROVINCE_C":"2","DISTRICT_N":"KANDY","DISTRICT_C":"1","DSD_N":"UDUNUWARA","DSD_C":"39","Admin_Code":"2139415","GND_NO_Cen":"26","GND_NAME_C":"Nawa Peradeniya","GND_NO_Gaz":"26","GND_NAME_G":"නව පේරාදa","shape_1":"Polygon","Area__Ha_":57.3254008859,"MWS_ID":"121","Alt_MWS":null,"Area":0.57325400886,"Density":3556.88746784,"Total_Pop":2039.0},"geometry":{"type":"MultiPolygon","coordinates":[[[[80.60406175546836,7.217786633301868],[80.60431630086741,7.217463977469547],[80.60459445255398,7.216851564848103],[80.60459543997398,7.216848094497332],[80.60436026286465,7.216718826005748],[80.60406221881252,7.216554999176276],[80.60401373063311,7.216335810827538],[80.60394911376675,7.216149159603725],[80.60383775863349,7.216012737512078],[80.60375153571987,7.215937336538504],[80.60365452312162,7.215887053058625],[80.60354312183478,7.215872655974785],[80.60344250028483,7.215861851227958],[80.60323765547524,7.21585818352024],[80.60301843238723,7.215865279629592],[80.60277405311366,7.215872363358298],[80.60255468500833,7.215872670573056],[80.60240511820848,7.215810341378628],[80.60217014555784,7.215731989646509],[80.60185723512505,7.215627648139472],[80.60175011618406,7.215591928749449],[80.60134463186141,7.215545146661936],[80.60116525330598,7.215474994255469],[80.60076413058722,7.2152344325677],[80.60075734712261,7.215230363300622],[80.60050254042075,7.215077550777206],[80.60036103592918,7.214973181090055],[80.6002985812979,7.21492711795562],[80.60025102902743,7.214892044245721],[80.60002699600146,7.21472680823374],[80.59965269200784,7.214547638344856],[80.59947131727716,7.214501267728465],[80.59928627833193,7.214453958760491],[80.59857619396819,7.214518134508247],[80.59851415858428,7.21452374236548],[80.59851355870254,7.214529484466879],[80.59850724993451,7.214589899512931],[80.59845152805696,7.215123385936817],[80.59831086035895,7.215925618466052],[80.59825598698325,7.216587576098404],[80.59847049238552,7.216560389510666],[80.59852105465573,7.216790159556552],[80.59867688304543,7.217023784027617],[80.59866127518173,7.217140632197305],[80.59851305970659,7.217335281216454],[80.59851300282624,7.21748322090683],[80.59855188173339,7.217561090347301],[80.59904326706138,7.217561281466821],[80.59926159868951,7.217522509149099],[80.59951122518397,7.217413525072027],[80.59986997608209,7.217203412158845],[80.59995585109681,7.217226759226858],[80.60008837642218,7.217351436259823],[80.6002208696012,7.217561737331978],[80.60025194476103,7.217694145855958],[80.60033778281989,7.217811031403158],[80.60045461897292,7.217896843406886],[80.60048242223174,7.217985594441948],[80.60049362149859,7.218021342303275],[80.60048574015515,7.218278359836368],[80.60040762661427,7.21867551752036],[80.6004151910153,7.219236329477947],[80.60030574106061,7.219812641294587],[80.60025109599397,7.219890474507174],[80.60017606598628,7.220152409926182],[80.60017303108799,7.220163008108492],[80.60017837728701,7.221617975603156],[80.60018007056856,7.222078864998384],[80.60010832842039,7.222494285624453],[80.6001078292583,7.22249717739736],[80.60005499705268,7.222803107603562],[80.60005485624663,7.223164127593001],[80.60005481501672,7.22327051990003],[80.6000135639022,7.223916550799212],[80.5999842075465,7.224376287811547],[80.5998591541118,7.225046130942369],[80.59971102604482,7.225014847058874],[80.59907927979903,7.224999058749024],[80.59881896403719,7.224912260024113],[80.59884702491561,7.225062701971019],[80.59872530946849,7.225370231084276],[80.59851089142879,7.225591796116306],[80.59834894788733,7.225721507830235],[80.59812702444765,7.225912924758097],[80.59814084809204,7.225918285450522],[80.59871545766087,7.226141124949264],[80.59884753441554,7.22654831044265],[80.59889491338889,7.226726253460947],[80.59908259212071,7.227018079437662],[80.59925226541009,7.227342243499731],[80.59942765324884,7.227660859098014],[80.59958858329188,7.227807537275719],[80.59969248760048,7.227950236972343],[80.5998777788409,7.227944963395161],[80.60046782523197,7.228005702041354],[80.6004874504837,7.228007132083306],[80.60109524080697,7.227979490062999],[80.6011057692866,7.227980147018163],[80.60162598142688,7.228036221855592],[80.60235370413825,7.228134724830976],[80.6026356872179,7.228222388931229],[80.60272292766264,7.228249511509767],[80.60317670850816,7.226644669462416],[80.60318126164327,7.226546958381812],[80.60345576661786,7.225132407474576],[80.6031527242049,7.223996312355867],[80.60297448102514,7.22313072659321],[80.60288638003135,7.222679400796705],[80.60268559973302,7.221435149558605],[80.60260909578172,7.221004444440406],[80.60260919809313,7.220736467357527],[80.60260929309241,7.220487633494406],[80.60263819424654,7.220095249512468],[80.6026958266021,7.219750730450948],[80.60278218281543,7.219473217715382],[80.60289726559301,7.219262708579715],[80.60377369109125,7.218151777730601],[80.60406175546836,7.217786633301868]]]]}},{"type":"Feature","properties":{"GND_N":"Gelioya","GND_NO":"38","GND_C":"430","PROVINCE_N":"CENTRAL","PROVINCE_C":"2","DISTRICT_N":"KANDY","DISTRICT_C":"1","DSD_N":"UDUNUWARA","DSD_C":"39","Admin_Code":"2139430","GND_NO_Cen":"38","GND_NAME_C":"Gelioya","GND_NO_Gaz":"38","GND_NAME_G":"ගෙලිඔය","shape_1":"Polygon","Area__Ha_":45.4339329671,"MWS_ID":"121","Alt_MWS":null,"Area":0.45433932967,"Density":2590.57476017,"Total_Pop":1177.0},"geometry":{"type":"MultiPolygon","coordinates":[[[[80.60055625200394,7.214479319568358],[80.60056517939312,7.21444668212221],[80.60058095583118,7.213893790793453],[80.60061607673653,7.213662320352676],[80.60064046988892,7.213501550663633],[80.60061795134509,7.213389531182606],[80.60062086651973,7.213109339769815],[80.60062323194025,7.212817672512989],[80.60063921798829,7.212598943586189],[80.60063196637749,7.212360193450837],[80.60068316096546,7.212161252494771],[80.60064129782067,7.211899579383362],[80.6007166570052,7.211535582217691],[80.60072458900254,7.211348312755264],[80.60086761390114,7.211224161425814],[80.60108458495101,7.211131338224967],[80.60118902095547,7.211100384126231],[80.60123038394,7.210988911837265],[80.60110915677545,7.210928957865088],[80.60099294802679,7.210868847534011],[80.60086281708985,7.210782979934107],[80.60077518093917,7.210673127470502],[80.60074538768876,7.210506939129019],[80.60074927998144,7.210327239850253],[80.60071573752688,7.210143389891964],[80.60062984901228,7.210097325034445],[80.60058427223079,7.210101876054594],[80.60035088360327,7.210099191771796],[80.59991666271623,7.210145830242795],[80.59976462972385,7.210050847529133],[80.59972686533571,7.209925353386462],[80.59974672604098,7.209716732480808],[80.59982736620935,7.209603489492134],[80.60024062351222,7.209424910340666],[80.60049119153734,7.20939576703346],[80.60059006275593,7.209294617859119],[80.60062485057007,7.20913218640262],[80.60059567549155,7.208913099149508],[80.60055013184105,7.208749879893184],[80.60055018050014,7.208745801496156],[80.60046902457663,7.208572611228995],[80.60034494949953,7.20847497900368],[80.60025020923193,7.208400547143174],[80.60017713495026,7.208143368990469],[80.59967067492622,7.208309214755888],[80.59953140934121,7.208335433674726],[80.59896885910338,7.208441339508317],[80.59870362693388,7.208456478556394],[80.59862957055643,7.208460705425656],[80.59856340970804,7.208324469663492],[80.59853205754115,7.208178350721431],[80.5984412627124,7.20820187705589],[80.59832691761102,7.208260084242819],[80.59822847802172,7.208303387418992],[80.59812232795899,7.208360846269455],[80.59802058926483,7.208374873049312],[80.59791490712252,7.208418918477885],[80.59781530366821,7.208425797514672],[80.59773078706021,7.20842043451999],[80.59766801792456,7.208371143453009],[80.59762172131575,7.208302052732762],[80.59758204553866,7.208245054250098],[80.59754091074664,7.208186412071282],[80.59747738592425,7.208159294240059],[80.59737076180025,7.208146344452643],[80.59725683684657,7.208204269390602],[80.59720000888136,7.208256132518884],[80.59710585366496,7.208275029036457],[80.59701772747142,7.208251996186095],[80.59695161024193,7.208183405842586],[80.59673901055021,7.208127157780955],[80.59660536450127,7.208118720529563],[80.59650696787932,7.208110177741637],[80.59637299439756,7.208144437048436],[80.59625455022284,7.208199411015986],[80.59613462966855,7.208255353784732],[80.59595764633316,7.208303945517073],[80.5958454086554,7.208383385080129],[80.59580893894493,7.208506073086282],[80.59573286950061,7.208668265370413],[80.59563306192,7.208698771525283],[80.59548945892023,7.208735727013092],[80.59533814559764,7.208797616510723],[80.59523231935673,7.208831993330303],[80.59515503984758,7.208809804518564],[80.59508214063422,7.208770748529719],[80.59497830338485,7.208760584546987],[80.59485887244047,7.208784611538268],[80.59485879890138,7.208969308524728],[80.59484312432659,7.209249777848287],[80.59486172038349,7.209311885649892],[80.59486643812569,7.209327641416565],[80.59484508232953,7.209426381205851],[80.59478053952402,7.209724794218261],[80.59474914429296,7.210044116159141],[80.5947661241748,7.210478592489798],[80.59478172188345,7.210877688246383],[80.59478780016269,7.211033213886354],[80.59477632454731,7.211094864819398],[80.59474866636101,7.211243448267486],[80.59467843361277,7.211383588474488],[80.59456930442815,7.211492626817482],[80.59407776597152,7.211889619658175],[80.593925539118,7.212212705818166],[80.59391388935168,7.21233351083399],[80.59390058747815,7.212426042105962],[80.59389430928967,7.212469714797072],[80.59384360625154,7.212598273089943],[80.59383749518845,7.212638388312318],[80.59382302873556,7.212733345364077],[80.59380445312331,7.212855278890852],[80.5937242809461,7.213020234498984],[80.59369169186677,7.213087284694085],[80.59367955886552,7.213112250403686],[80.59368724718061,7.21334581635206],[80.59370833707314,7.213405516119701],[80.59371592299753,7.213426985534142],[80.59373402628371,7.213478232476163],[80.59397277815404,7.213731735706227],[80.59398350301872,7.213743122469803],[80.59426416439214,7.213860087775686],[80.59441625163178,7.21388741949567],[80.59458891703865,7.213895703849529],[80.59476414138544,7.213904110332492],[80.59498940164333,7.213914917653693],[80.59509464743086,7.213965543518883],[80.59531261119119,7.213989798412411],[80.5954807476695,7.214008509980273],[80.59564371237639,7.214069310298258],[80.5960031799241,7.214203425114386],[80.59629164658166,7.214265850948818],[80.59657229753691,7.214413900323886],[80.59705584310149,7.214554398708298],[80.59723505089987,7.214694635347588],[80.59747682178272,7.214772586219466],[80.59777323671315,7.214772702225289],[80.59797601138104,7.214710468549773],[80.5980261550385,7.214671528877881],[80.59811640889009,7.21460144161188],[80.59851415858428,7.21452374236548],[80.59857619396819,7.214518134508247],[80.59928627833193,7.214453958760491],[80.59947131727716,7.214501267728465],[80.59965269200784,7.214547638344856],[80.60002699600146,7.21472680823374],[80.60025102902743,7.214892044245721],[80.60055625200394,7.214479319568358]]]]}},{"type":"Feature","properties":{"GND_N":"Nawa Elpitiya North","GND_NO":"39","GND_C":"425","PROVINCE_N":"CENTRAL","PROVINCE_C":"2","DISTRICT_N":"KANDY","DISTRICT_C":"1","DSD_N":"UDUNUWARA","DSD_C":"39","Admin_Code":"2139425","GND_NO_Cen":"39","GND_NAME_C":"Nawa Elpitiya North","GND_NO_Gaz":"39","GND_NAME_G":"නව ඇල්පිi","shape_1":"Polygon","Area__Ha_":14.0506691828,"MWS_ID":"121","Alt_MWS":null,"Area":0.14050669183,"Density":7565.47596538,"Total_Pop":1063.0},"geometry":{"type":"MultiPolygon","coordinates":[[[[80.60115049605537,7.213379967462672],[80.60157964605611,7.21295171832127],[80.60173853863708,7.213080048412718],[80.60178233375662,7.213115418049275],[80.60189132952807,7.213349024473988],[80.60188343599027,7.213645040248703],[80.60182868364134,7.214003208173423],[80.6018363611974,7.214275775836137],[80.60192217518298,7.214454974025085],[80.60198456462668,7.214470539233691],[80.60202349456215,7.214416014563509],[80.6020392376193,7.214314851462739],[80.60201588541229,7.213964424400146],[80.60212528784577,7.213504966208815],[80.60226600634819,7.212554792493719],[80.60230482149898,7.210903782361072],[80.60248317016756,7.21038438759483],[80.60278116086701,7.20958259477337],[80.60315992701703,7.208117779488273],[80.60304177775025,7.207684904396769],[80.60303216395285,7.207687520523778],[80.60275499273261,7.207687414440318],[80.60211973109143,7.207687173645846],[80.60173753972673,7.207796109615459],[80.60159719392396,7.207780371712612],[80.60133198165877,7.207959435692866],[80.60131519603188,7.208042860454857],[80.60130065489285,7.208115134184825],[80.60074929099206,7.208119872857748],[80.60043504901194,7.208122573454575],[80.60021673394884,7.208130401144009],[80.60017936548451,7.2081426382674],[80.60017713495026,7.208143368990469],[80.60025020923193,7.208400547143174],[80.60034494949953,7.20847497900368],[80.60046902457663,7.208572611228995],[80.60055018050014,7.208745801496156],[80.60055013184105,7.208749879893184],[80.60059567549155,7.208913099149508],[80.60062485057007,7.20913218640262],[80.60059006275593,7.209294617859119],[80.60049119153734,7.20939576703346],[80.60024062351222,7.209424910340666],[80.59982736620935,7.209603489492134],[80.59974672604098,7.209716732480808],[80.59972686533571,7.209925353386462],[80.59976462972385,7.210050847529133],[80.59991666271623,7.210145830242795],[80.60035088360327,7.210099191771796],[80.60058427223079,7.210101876054594],[80.60062984901228,7.210097325034445],[80.60071573752688,7.210143389891964],[80.60074927998144,7.210327239850253],[80.60074538768876,7.210506939129019],[80.60077518093917,7.210673127470502],[80.60086281708985,7.210782979934107],[80.60099294802679,7.210868847534011],[80.60110915677545,7.210928957865088],[80.60123038394,7.210988911837265],[80.60118902095547,7.211100384126231],[80.60108458495101,7.211131338224967],[80.60086761390114,7.211224161425814],[80.60072458900254,7.211348312755264],[80.6007166570052,7.211535582217691],[80.60064129782067,7.211899579383362],[80.60068316096546,7.212161252494771],[80.60063196637749,7.212360193450837],[80.60063921798829,7.212598943586189],[80.60062323194025,7.212817672512989],[80.60062086651973,7.213109339769815],[80.60061795134509,7.213389531182606],[80.60064046988892,7.213501550663633],[80.60061607673653,7.213662320352676],[80.60058095583118,7.213893790793453],[80.60056517939312,7.21444668212221],[80.60055625200394,7.214479319568358],[80.60066047278305,7.214466142355048],[80.60075236346636,7.214454525728681],[80.600838145056,7.214345476932899],[80.60097094056182,7.213769314841161],[80.60115049605537,7.213379967462672]]]]}},{"type":"Feature","properties":{"GND_N":"Dehipagoda West","GND_NO":"36","GND_C":"435","PROVINCE_N":"CENTRAL","PROVINCE_C":"2","DISTRICT_N":"KANDY","DISTRICT_C":"1","DSD_N":"UDUNUWARA","DSD_C":"39","Admin_Code":"2139435","GND_NO_Cen":"36","GND_NAME_C":"Dehipagoda West","GND_NO_Gaz":"36","GND_NAME_G":"දෙහිපාගod","shape_1":"Polygon","Area__Ha_":27.8860633613,"MWS_ID":"121","Alt_MWS":null,"Area":0.27886063361,"Density":4625.96668195,"Total_Pop":1290.0},"geometry":{"type":"MultiPolygon","coordinates":[[[[80.593925539118,7.212212705818166],[80.59407776597152,7.211889619658175],[80.59456930442815,7.211492626817482],[80.59467843361277,7.211383588474488],[80.59474866636101,7.211243448267486],[80.59477632454731,7.211094864819398],[80.59478780016269,7.211033213886354],[80.59478172188345,7.210877688246383],[80.5947661241748,7.210478592489798],[80.59474914429296,7.210044116159141],[80.59478053952402,7.209724794218261],[80.59484508232953,7.209426381205851],[80.59486643812569,7.209327641416565],[80.59486172038349,7.209311885649892],[80.59484312432659,7.209249777848287],[80.59485879890138,7.208969308524728],[80.59485887244047,7.208784611538268],[80.5948589415167,7.20861111888486],[80.59481232072012,7.208081516875459],[80.59474304455797,7.20795837549163],[80.5946720682004,7.207832211235126],[80.59459413701934,7.207762097535936],[80.59449291266802,7.207567348694861],[80.59445399875273,7.207224687596537],[80.59436841200885,7.206843007055607],[80.59419693403296,7.206484749949963],[80.59406452867582,7.206071825951057],[80.59408797067594,7.20583049803481],[80.59422066002308,7.20553453304075],[80.5942364626786,7.205285290302197],[80.59418971000407,7.205090563080967],[80.59408835665165,7.204864730422567],[80.5940884998481,7.204506398757605],[80.59408071403809,7.204480126501108],[80.59390044587394,7.204533404082687],[80.59389777696892,7.204525380024782],[80.5938226150222,7.20453556505876],[80.59361979388774,7.204626668737894],[80.5935436997669,7.204671734200695],[80.59337502807058,7.204729709549355],[80.59332699938408,7.204834308454262],[80.59331361364734,7.204863141378481],[80.59330890549356,7.204875627039701],[80.59333351758552,7.205015970535674],[80.59333283262814,7.205028256147264],[80.59340697898438,7.205186659439444],[80.59335078169882,7.205280161063676],[80.59334187191662,7.205297464988158],[80.59318788515237,7.205367086349047],[80.59293278665206,7.205437536145276],[80.59290861578889,7.205436394259196],[80.59276632203222,7.205498174417482],[80.59253673436795,7.205614781808997],[80.59247982221618,7.205699792513841],[80.59247661468662,7.205702681382057],[80.59244270904229,7.205819972353302],[80.59244244886881,7.205822951028581],[80.59244144439806,7.205834857605572],[80.59239767983972,7.206032555386736],[80.59239635875291,7.206048183050206],[80.5924195724158,7.206182071092802],[80.59242481996475,7.206195073489122],[80.5924235248791,7.206211342315111],[80.59250573878013,7.206386229941945],[80.59256548898178,7.206548010574271],[80.59256472573561,7.206559021986467],[80.59254553849809,7.206702091561961],[80.5924972036859,7.206729495167815],[80.59241517702483,7.206759228267673],[80.59231612596045,7.206829601188714],[80.59220586953334,7.206915119390954],[80.59212428659465,7.206971549499763],[80.59203278501063,7.207022963033363],[80.59202159298991,7.207025316947425],[80.59200112690485,7.207038714107784],[80.5919410184155,7.207078061482829],[80.59193207836559,7.207084905271604],[80.59192091354352,7.207084932418128],[80.59191849903219,7.207097235413796],[80.59194294704288,7.207192454997077],[80.59195837213659,7.207535248765201],[80.59193490684017,7.207831116938982],[80.5920207867143,7.2082557931573],[80.5920215819646,7.208259729011893],[80.59205141204642,7.208407234035196],[80.59206721497509,7.208485377755188],[80.59202812875341,7.208570988793117],[80.59193457194732,7.208656718923407],[80.59191413674138,7.208662984743127],[80.5918446796788,7.208684278404156],[80.59176609672325,7.208708372617616],[80.59163034316221,7.208749993554641],[80.59158710484742,7.208773685135886],[80.59150948871026,7.208816213040545],[80.59154494548838,7.208903334520977],[80.59157285337174,7.208971909276311],[80.5915828428951,7.208996457950753],[80.59159553627828,7.209027646218152],[80.59148962042637,7.209114748510901],[80.59134469528534,7.209206663974617],[80.59125140141475,7.209266394401738],[80.59108617656831,7.209356126705726],[80.59107848832481,7.20936407242618],[80.59092486172355,7.209458972950683],[80.59079810323833,7.209555977796551],[80.59062098644095,7.209747352545024],[80.59061484814822,7.209753711832642],[80.59054977244386,7.209815372512367],[80.59048618149593,7.209875436784333],[80.59046811927027,7.209900139558677],[80.59041575072553,7.210030008033164],[80.5904102009198,7.210038794710543],[80.59036661076641,7.210143147276528],[80.59031322376609,7.210303343886226],[80.59027970934581,7.21036059713117],[80.59018685180875,7.21048177409194],[80.59003441149139,7.210606138830369],[80.58991109751645,7.21073519246319],[80.58980279886684,7.210905597894668],[80.58979417132542,7.210925185223738],[80.58978487469236,7.211026414693313],[80.58977869693204,7.211093714124532],[80.58972210151961,7.211151897470309],[80.58963530192923,7.211241133132083],[80.58963953081204,7.211287148582406],[80.58964073381722,7.211288160990661],[80.58973420861473,7.211405052493572],[80.58984341415801,7.211459495518816],[80.58996815216202,7.21158417042441],[80.59007143902636,7.211626170465824],[80.59008976546191,7.211633190818528],[80.59009385388282,7.211635285045762],[80.59021755026423,7.211685583133514],[80.59063949517896,7.211782168167487],[80.5911376879237,7.211896208776622],[80.59126644199507,7.211892444791546],[80.59196079973859,7.212072201978915],[80.59203448782519,7.212091278176339],[80.59208910405572,7.212083529519669],[80.59236805135538,7.212290757522115],[80.59239320702834,7.212309446062426],[80.59265828927462,7.212465403285256],[80.59274585442691,7.21249116323881],[80.59332107355051,7.21266037603583],[80.59335218257661,7.212680162926913],[80.59353536956955,7.212796674530626],[80.5936016756458,7.212925280509794],[80.59367955886552,7.213112250403686],[80.59369169186677,7.213087284694085],[80.5937242809461,7.213020234498984],[80.59380445312331,7.212855278890852],[80.59382302873556,7.212733345364077],[80.59383749518845,7.212638388312318],[80.59384360625154,7.212598273089943],[80.59389430928967,7.212469714797072],[80.59390058747815,7.212426042105962],[80.59391388935168,7.21233351083399],[80.593925539118,7.212212705818166]]]]}},{"type":"Feature","properties":{"GND_N":"Handessa","GND_NO":"14","GND_C":"275","PROVINCE_N":"CENTRAL","PROVINCE_C":"2","DISTRICT_N":"KANDY","DISTRICT_C":"1","DSD_N":"UDUNUWARA","DSD_C":"39","Admin_Code":"2139275","GND_NO_Cen":"14","GND_NAME_C":"Handessa","GND_NO_Gaz":"14","GND_NAME_G":"හන්දෙස්a","shape_1":"Polygon","Area__Ha_":26.7766062957,"MWS_ID":"121","Alt_MWS":null,"Area":0.26776606296,"Density":3069.843844,"Total_Pop":822.0},"geometry":{"type":"MultiPolygon","coordinates":[[[[80.58456067409159,7.233124937873575],[80.58464283783064,7.233061825859726],[80.58467586464133,7.233062880609343],[80.58468595868251,7.233063202266546],[80.58468804407839,7.233009747061823],[80.58469300765542,7.232882496490753],[80.58470066723365,7.2326861184891],[80.58470413406133,7.232597193470392],[80.58466846707965,7.232567335551646],[80.58465871415619,7.232544080905266],[80.58465788369662,7.232542101035851],[80.5846714123218,7.232502007204753],[80.58467382772574,7.232494850659989],[80.58467719605486,7.232484867663872],[80.58471281494775,7.232409733230692],[80.58476564764518,7.232316883495665],[80.58480176872364,7.232289874481377],[80.58480722637934,7.232285793846143],[80.58482796853619,7.232271606811528],[80.58485796176784,7.232225228655924],[80.58494340764574,7.232104719112004],[80.58498411012665,7.232066348530692],[80.58498770567788,7.232062959807464],[80.58505999032063,7.232013253474705],[80.5850900331103,7.231991030170674],[80.5851105094167,7.231975885353576],[80.58517594530132,7.231954316239777],[80.58534042481166,7.231900099887792],[80.58538533317133,7.231780665657969],[80.58543903992386,7.231736407138363],[80.58544793428156,7.231731949936131],[80.58548765486607,7.231696226696319],[80.58551853352932,7.231669466822578],[80.58546704659416,7.231553481004261],[80.58547110009673,7.23153128114909],[80.58555141888914,7.231310558947988],[80.58555975917405,7.231284219176802],[80.58558106159232,7.231236002497599],[80.58558560300177,7.231222846783807],[80.5855946866713,7.231205293535192],[80.58560589335647,7.231158708513152],[80.58555396112632,7.231085378509826],[80.58540548475962,7.230980127744434],[80.58527972837878,7.23075054654467],[80.58514922274362,7.230486028268022],[80.58505235548054,7.230176495189597],[80.58496294471765,7.22979571153415],[80.58487623093693,7.229414617006872],[80.5846954807338,7.229088285530815],[80.5843595134665,7.228847968379769],[80.58435516004793,7.228840517798473],[80.5841284044148,7.228625479248279],[80.58412087306809,7.228618943384173],[80.58392196889622,7.228497090481421],[80.5835831519245,7.228286465278856],[80.58339066188941,7.22818832750706],[80.58319397299024,7.227962200002046],[80.58293389472601,7.227721003342957],[80.5826400419052,7.227609483772178],[80.58247850400512,7.227587124028708],[80.58243610458916,7.227572785447808],[80.58242017119555,7.227567397160865],[80.5823817717958,7.227618290394868],[80.5823540764921,7.227654996042446],[80.58217778356502,7.227834437877894],[80.58216253034956,7.227849962791913],[80.58216247418135,7.227850020643391],[80.58216006620728,7.227852472992832],[80.58209742536954,7.227916230441785],[80.58205481040973,7.227965477825956],[80.5818563427344,7.228194833048813],[80.58170119055302,7.228481249226186],[80.58166558396397,7.228527263061148],[80.58162884296854,7.228524080498146],[80.58153337886267,7.22851581235822],[80.58143015553348,7.228496144850086],[80.58133373337009,7.228473111698524],[80.58131335262148,7.22846824234876],[80.58123105289728,7.2284334827864],[80.58118868343203,7.228412574338219],[80.58107090349591,7.228340360494686],[80.58104200586587,7.228327696911456],[80.58101560169996,7.228311745443682],[80.5810111490155,7.228314173398746],[80.58097692509254,7.228299175330868],[80.58093690727247,7.228280536764637],[80.58091732071429,7.228271413895129],[80.58043188876782,7.228719586226494],[80.58042747291181,7.2287247922111],[80.58040309911841,7.22894589202183],[80.58043388062062,7.229157408220603],[80.5805118790042,7.229270113402995],[80.58058669082028,7.229439585744895],[80.58064148096616,7.229592578498799],[80.58051904755415,7.229839091423572],[80.5805145709623,7.229844423080582],[80.58038809534683,7.230109170405663],[80.58007029484078,7.230730836138748],[80.58006151234262,7.230736214768513],[80.57994412970044,7.231145544947294],[80.57992367372704,7.231201343390497],[80.57981433757894,7.231499587871949],[80.57975997679529,7.231817409787846],[80.57969550508314,7.232037800423879],[80.57962086748469,7.232333777352951],[80.57961637449114,7.232537945345792],[80.57965536175507,7.232747750545269],[80.57968884295826,7.232841203018046],[80.5797076629101,7.232893740298195],[80.57981946950231,7.233048433410882],[80.58014910431832,7.233080201682627],[80.58040593699424,7.232919797513657],[80.58054874912895,7.232840930433254],[80.58055912479924,7.232826512161911],[80.58056945697632,7.232812154459944],[80.58057631972305,7.232802618819696],[80.58068417238837,7.232599076676204],[80.5808984506254,7.232334338047287],[80.58104651731205,7.232198778673321],[80.5812210694928,7.232119943965287],[80.58156695488447,7.232049987664617],[80.58185833536507,7.232043115540553],[80.58220664504837,7.232074231044358],[80.58230507154865,7.232128006670519],[80.58241728752161,7.232182375038182],[80.58257261096315,7.232250244875643],[80.58271947461883,7.232344061856255],[80.58295562986073,7.232683005489029],[80.58302671162531,7.233005064370896],[80.58307861391657,7.233184479355099],[80.58314962436732,7.233293441842411],[80.58329688185972,7.233386383445817],[80.58364668841645,7.233477867986735],[80.58389169493113,7.233549536312329],[80.58394613055079,7.233519184664587],[80.58395521396734,7.233508904764233],[80.58407990148635,7.233454766129228],[80.58408906795452,7.233447228108645],[80.58421143986418,7.233414694073353],[80.58421450071853,7.233414481948739],[80.58428603242561,7.233355774901131],[80.58428894249873,7.233352365096014],[80.58435955380132,7.233232332320386],[80.58436812001584,7.233222329814424],[80.58445154565936,7.233151773239135],[80.58456067409159,7.233124937873575]]]]}},{"type":"Feature","properties":{"GND_N":"Godapola East","GND_NO":"27","GND_C":"295","PROVINCE_N":"CENTRAL","PROVINCE_C":"2","DISTRICT_N":"KANDY","DISTRICT_C":"1","DSD_N":"UDUNUWARA","DSD_C":"39","Admin_Code":"2139295","GND_NO_Cen":"27","GND_NAME_C":"Godapola East","GND_NO_Gaz":"27","GND_NAME_G":"ගොඩපොල න","shape_1":"Polygon","Area__Ha_":39.3720405704,"MWS_ID":"121","Alt_MWS":null,"Area":0.3937204057,"Density":2890.37597115,"Total_Pop":1138.0},"geometry":{"type":"MultiPolygon","coordinates":[[[[80.59912507408023,7.233890741258969],[80.5992465342971,7.233079673924169],[80.59932330718763,7.232816512405358],[80.59954880893076,7.232089237470492],[80.59963032619942,7.231945709917874],[80.59995930301498,7.231596473971386],[80.60033023849851,7.23117554989581],[80.60104566203438,7.230558523229493],[80.60133039530584,7.230310636281184],[80.60166113032568,7.230059535701062],[80.60191282300173,7.229743802935121],[80.60210700130601,7.229463938063048],[80.60225086188025,7.229191230441502],[80.60240911703696,7.228861107648288],[80.60271842012209,7.228265456296217],[80.60272292766264,7.228249511509767],[80.6026356872179,7.228222388931229],[80.60235370413825,7.228134724830976],[80.60162598142688,7.228036221855592],[80.6011057692866,7.227980147018163],[80.60109524080697,7.227979490062999],[80.6004874504837,7.228007132083306],[80.60046782523197,7.228005702041354],[80.5998777788409,7.227944963395161],[80.59969248760048,7.227950236972343],[80.59958858329188,7.227807537275719],[80.59942765324884,7.227660859098014],[80.59925226541009,7.227342243499731],[80.59908259212071,7.227018079437662],[80.59889491338889,7.226726253460947],[80.59884753441554,7.22654831044265],[80.59871545766087,7.226141124949264],[80.59814084809204,7.225918285450522],[80.59812702444765,7.225912924758097],[80.59807204154664,7.22596034849203],[80.59765589690849,7.226214746339741],[80.59748619999796,7.226900770879864],[80.59726104515333,7.22689089521256],[80.59707986042781,7.226879139494826],[80.59658759742629,7.226833537853691],[80.5965700333269,7.226831909511152],[80.59656712205262,7.226854725765382],[80.59655786553054,7.226905362243011],[80.59655761506072,7.226906730356408],[80.59639905104476,7.227777321857758],[80.596379819001,7.227889825068667],[80.5963358119005,7.228147256737002],[80.59628595951727,7.228438865164676],[80.5962392186142,7.228734784724208],[80.59622631395142,7.228816477165959],[80.59621841285397,7.228865056874417],[80.59619345413579,7.229018487512023],[80.59618899562157,7.229074643030614],[80.59610585803037,7.22955099661827],[80.59610113780427,7.229582013283561],[80.59604911525354,7.22991965891797],[80.59604806843423,7.229924246942323],[80.59598879160697,7.23018396401005],[80.59595632493968,7.230305217419616],[80.59592903394727,7.230393286727683],[80.59591831726904,7.230471956930369],[80.59589373940034,7.230550590897581],[80.59587216541703,7.230619610588596],[80.59575075332091,7.231020711720767],[80.59565697622178,7.231381582243327],[80.59564491197766,7.231435293111991],[80.59560881497244,7.231574270307058],[80.59551821990667,7.231902857495836],[80.59551195309702,7.23193118956254],[80.59549535711653,7.23200621578214],[80.59547721529434,7.232088224421702],[80.59543387047647,7.232237779074543],[80.5954236143159,7.232271646607886],[80.59539052909166,7.232380913165477],[80.5953813489945,7.232414086619537],[80.59531471502832,7.232654886212551],[80.59529832294277,7.232720301560883],[80.59522029698444,7.233031673904496],[80.59520997368978,7.233072575983876],[80.5952062387289,7.233087372526701],[80.59514067917064,7.2333084487392],[80.59519744570542,7.233305684251729],[80.59535040240155,7.233335461377854],[80.59548861296231,7.233140415430021],[80.59567753008079,7.233113037535558],[80.59598803632012,7.233124878542681],[80.59600573566979,7.233139984711339],[80.59622790370695,7.233329601134519],[80.59642943426826,7.233407486175098],[80.59672880325236,7.233479128421482],[80.59699723750278,7.233422960258829],[80.59727626054459,7.233405257048824],[80.59757663239789,7.233572841260698],[80.5977227788458,7.233867075893367],[80.5978551039114,7.23384584135399],[80.59829992345162,7.233848065495871],[80.59830385175366,7.233848034476373],[80.59864727140624,7.23385173605648],[80.59912507408023,7.233890741258969]]]]}},{"type":"Feature","properties":{"GND_N":"Arattana1","GND_NO":"54","GND_C":"310","PROVINCE_N":"CENTRAL","PROVINCE_C":"2","DISTRICT_N":"KANDY","DISTRICT_C":"1","DSD_N":"UDUNUWARA","DSD_C":"39","Admin_Code":"2139310","GND_NO_Cen":"54","GND_NAME_C":"Arattana","GND_NO_Gaz":"54","GND_NAME_G":"අරන්තන","shape_1":"Polygon","Area__Ha_":39.9140103772,"MWS_ID":"121","Alt_MWS":null,"Area":0.39914010377,"Density":2640.67676998,"Total_Pop":1054.0},"geometry":{"type":"MultiPolygon","coordinates":[[[[80.57885019183439,7.231195741152308],[80.57910982670575,7.231080842527381],[80.57947522053301,7.231096933450498],[80.57960537454252,7.231158131405532],[80.57977926844814,7.231183449168146],[80.57992367372704,7.231201343390497],[80.57994412970044,7.231145544947294],[80.58006151234262,7.230736214768513],[80.58007029484078,7.230730836138748],[80.58038809534683,7.230109170405663],[80.5805145709623,7.229844423080582],[80.58051904755415,7.229839091423572],[80.58064148096616,7.229592578498799],[80.58058669082028,7.229439585744895],[80.5805118790042,7.229270113402995],[80.58043388062062,7.229157408220603],[80.58040309911841,7.22894589202183],[80.58042747291181,7.2287247922111],[80.58043188876782,7.228719586226494],[80.58091732071429,7.228271413895129],[80.58093690727247,7.228280536764637],[80.58097692509254,7.228299175330868],[80.5810111490155,7.228314173398746],[80.58101560169996,7.228311745443682],[80.58104200586587,7.228327696911456],[80.58107090349591,7.228340360494686],[80.58118868343203,7.228412574338219],[80.58123105289728,7.2284334827864],[80.58131335262148,7.22846824234876],[80.58133373337009,7.228473111698524],[80.58143015553348,7.228496144850086],[80.58153337886267,7.22851581235822],[80.58162884296854,7.228524080498146],[80.58166558396397,7.228527263061148],[80.58170119055302,7.228481249226186],[80.5818563427344,7.228194833048813],[80.58205481040973,7.227965477825956],[80.58209742536954,7.227916230441785],[80.58216006620728,7.227852472992832],[80.58216247418135,7.227850020643391],[80.58216253034956,7.227849962791913],[80.58217778356502,7.227834437877894],[80.5823540764921,7.227654996042446],[80.5823817717958,7.227618290394868],[80.58242017119555,7.227567397160865],[80.58246775976535,7.227504324151161],[80.58248128711884,7.227486396662362],[80.58257099127017,7.227355672521872],[80.58259854712682,7.227280617100213],[80.58261635530482,7.22723210969225],[80.58266473191736,7.227100337061231],[80.58267679095269,7.227064260476084],[80.58276087800267,7.226860992490972],[80.58276580830046,7.226849074960274],[80.58277192430693,7.226849076652591],[80.58281827938373,7.226643508361832],[80.5830446064644,7.226114022536312],[80.5831150919912,7.226049307896457],[80.583231449051,7.225942476651163],[80.58323349002134,7.22594060198999],[80.58323965550862,7.225934940043687],[80.58323386686952,7.225929598584284],[80.5831716328973,7.225872173366882],[80.583138388287,7.22584149887144],[80.58303698320648,7.225740145867417],[80.58300799125793,7.225691855524252],[80.5830048214084,7.225686577569243],[80.58328389648561,7.225412161910412],[80.5833366562034,7.225127211063185],[80.58343336658639,7.224757543743394],[80.58344279189075,7.224433953542151],[80.58347087034007,7.224317304826826],[80.58351152661339,7.224115258089436],[80.5834797639213,7.223902188015097],[80.58349380493871,7.223661234112455],[80.58361873250517,7.2233227165346],[80.5837433817176,7.223074422076404],[80.58381994807476,7.222823867327801],[80.58373858188762,7.222609354756249],[80.58366690291598,7.222442392740862],[80.58353616294848,7.222157194275088],[80.58344644748551,7.222136202730259],[80.58326916176449,7.222139078480115],[80.58326107433744,7.222135154900999],[80.58313280051793,7.222078005574152],[80.58292090936465,7.22204836133749],[80.58279486760041,7.222036250802879],[80.58270826856884,7.221954635919327],[80.58240928400785,7.221716191456409],[80.58240568086647,7.221712046405522],[80.58229056100967,7.221608115575652],[80.58211106029867,7.221388897485178],[80.58199052900791,7.221387086384674],[80.58170088997531,7.221320737146123],[80.58167444655932,7.221329678470772],[80.58156911184261,7.221274998205532],[80.58152241009921,7.221228642653852],[80.58151820726667,7.221167962086001],[80.58169776716579,7.220809708400865],[80.58170557590975,7.220747399784313],[80.58158857228271,7.220731807594863],[80.5814746199752,7.220689454716641],[80.58131568379078,7.220630381002825],[80.58091804989957,7.220419960290565],[80.5808573428423,7.220402428778919],[80.5808301766618,7.220437114366129],[80.58079178757161,7.220486131971844],[80.58071151742197,7.220683720459669],[80.58054540345375,7.220864081291345],[80.58040746241674,7.221064748537129],[80.58039931733137,7.221409330817937],[80.58032415385229,7.221582078387],[80.58017408144042,7.221721116571163],[80.57999411035514,7.221937433562639],[80.57997978999995,7.222141715893253],[80.5799603767509,7.222333830433987],[80.57994269399362,7.222601361915065],[80.57998413284555,7.222739854842194],[80.5799575083631,7.222937237458026],[80.57992009090323,7.223109286786904],[80.57988116844561,7.223233051083534],[80.5798919120261,7.223423039919705],[80.5799131024165,7.223649416998061],[80.57991687599295,7.223923610660877],[80.57992191389194,7.224289612461377],[80.57984009682968,7.224468518065414],[80.57973072908338,7.224567234427561],[80.57954652944673,7.224668791449663],[80.57932997709919,7.224759212392957],[80.57918621168682,7.224840890247143],[80.57888193999722,7.224985689496445],[80.57879198996439,7.225055784690585],[80.57870451391193,7.225167356810181],[80.57858088458791,7.225534462115021],[80.57856696131628,7.225712970069292],[80.5785630689719,7.225980287667851],[80.57859344041974,7.226272390799298],[80.57875613923233,7.226439006865086],[80.5788289247467,7.226578174502107],[80.57888047869038,7.226682743333185],[80.57899866024039,7.226775038859811],[80.57912756972142,7.226978056464448],[80.57922048702594,7.227115935977844],[80.57921752704468,7.227188519504446],[80.57898619191258,7.22744465555909],[80.57898254620832,7.227503071066326],[80.57897962143247,7.227563296396223],[80.57897354132332,7.227593226201344],[80.57896572592627,7.227657157961125],[80.57896351265619,7.22773880563784],[80.57896130858872,7.227820111491579],[80.5789605399514,7.227924015599874],[80.57895862606499,7.227950148230153],[80.57895470134135,7.228021316098922],[80.57891624586942,7.228160742098368],[80.57891121866045,7.22826835290785],[80.5789473865443,7.228392167680355],[80.5789869192556,7.228412113831637],[80.57898872596171,7.228470170879833],[80.57895048472504,7.228643762450636],[80.57885208503743,7.228922795931772],[80.5787711630312,7.229118676337658],[80.57863903656526,7.229292682936665],[80.5784946616576,7.229501960137965],[80.57835937294887,7.229704760094755],[80.57826253873598,7.229928864920669],[80.57766038821761,7.229886776085662],[80.57765294847589,7.229902866724267],[80.57762234292579,7.229969057408909],[80.57758906765054,7.2300646286379],[80.57759004188479,7.230112557125515],[80.577624878698,7.23017560224069],[80.57771965532031,7.230253232760207],[80.5778181528895,7.230310065910856],[80.57786050186375,7.230382066881542],[80.5778751170574,7.230420096477942],[80.577898491601,7.230480923751424],[80.57790125531747,7.230580488722799],[80.5779010613464,7.230595427724994],[80.57789872603657,7.230775636222428],[80.57789495197201,7.23091607284359],[80.57788171846558,7.231015263699269],[80.5778718746408,7.231089055062114],[80.57787186040318,7.231090553486074],[80.57787092659694,7.231186358560972],[80.57784808884713,7.231227493497383],[80.57783646412518,7.231246643380397],[80.5778348320601,7.231249332970928],[80.57788687235558,7.231325322519583],[80.57798461592039,7.231431792503654],[80.57816790627474,7.231586797453721],[80.57836921616972,7.231577800335254],[80.57855566485335,7.231531958083197],[80.57870747167742,7.231396822504389],[80.578710832754,7.231393383088951],[80.57885019183439,7.231195741152308]]]]}},{"type":"Feature","properties":{"GND_N":"Palle Aludeniya","GND_NO":"30","GND_C":"405","PROVINCE_N":"CENTRAL","PROVINCE_C":"2","DISTRICT_N":"KANDY","DISTRICT_C":"1","DSD_N":"UDUNUWARA","DSD_C":"39","Admin_Code":"2139405","GND_NO_Cen":"30","GND_NAME_C":"Palle Aludeniya","GND_NO_Gaz":"30","GND_NAME_G":"පල්ලේ අළu","shape_1":"Polygon","Area__Ha_":57.0142474832,"MWS_ID":"121","Alt_MWS":null,"Area":0.57014247483,"Density":1917.06467813,"Total_Pop":1093.0},"geometry":{"type":"MultiPolygon","coordinates":[[[[80.59471867690189,7.224654823254252],[80.5946672467772,7.224365342246668],[80.59466748904771,7.223942420086329],[80.59468220478409,7.223520888172374],[80.5946823267993,7.223514665703864],[80.5948179239493,7.222491177537906],[80.59493525752741,7.22222452228235],[80.5951250843996,7.221995579054448],[80.59513114847067,7.221989410490815],[80.59530532707149,7.221855115398973],[80.59530452630686,7.221778432790905],[80.5953272309933,7.221615929276001],[80.59528513978177,7.221425841376182],[80.59559169540721,7.220876776196745],[80.59573240436053,7.220192350384258],[80.59586257156852,7.219891774936494],[80.59608743772712,7.219435077050329],[80.59611919672797,7.218821043374304],[80.59612173842407,7.218139735976276],[80.59609084356465,7.21755493810465],[80.59594191767944,7.216810768701822],[80.5957763643615,7.216454462437998],[80.59577251725801,7.216430507698375],[80.59543919874457,7.215887784900638],[80.59496692611266,7.215628786493516],[80.59482027297501,7.215547419484336],[80.59453487856085,7.215279833466437],[80.59452385755182,7.215270692889815],[80.59443301242045,7.215094214239254],[80.59441825185124,7.214227636845215],[80.59458891703865,7.213895703849529],[80.59441625163178,7.21388741949567],[80.59426416439214,7.213860087775686],[80.59398350301872,7.213743122469803],[80.59397277815404,7.213731735706227],[80.59373402628371,7.213478232476163],[80.59371592299753,7.213426985534142],[80.59369382137798,7.213474095484236],[80.59358655408846,7.21370275571189],[80.59351288301119,7.213778096391048],[80.5934838359788,7.213992339821233],[80.59347902204469,7.214080862974578],[80.5934765500342,7.214098802481776],[80.59342765027105,7.214230112328412],[80.59340626193992,7.214325030412412],[80.59335991058238,7.2144262080363],[80.59332483360815,7.214712556461293],[80.59323792146937,7.215052432485301],[80.59313990590067,7.215274898184901],[80.5931122275504,7.215464810905029],[80.59301082998343,7.215769848152508],[80.5928592490228,7.216012890512848],[80.59272434199718,7.216262938838329],[80.5925123164898,7.216447579388812],[80.59233110598065,7.216602177701294],[80.5923067668463,7.21662159777395],[80.59205254571913,7.216797067719971],[80.59197612999941,7.217002502042398],[80.59178157694761,7.217014661381314],[80.59159173995594,7.217062221537256],[80.59136480891543,7.21692777444313],[80.59135909774419,7.21691009569312],[80.59127204859,7.217052141084401],[80.59116020589171,7.217290799502278],[80.59080864130412,7.21780211043158],[80.59066054577984,7.217993762708065],[80.59047747345079,7.218365056091479],[80.59011860721738,7.218818100944913],[80.59009282461612,7.218808387241022],[80.590058787449,7.218784959107172],[80.58996538102201,7.218720665643369],[80.58957366029705,7.219004762668183],[80.58934781691826,7.219094020864776],[80.58912600476947,7.219220886990549],[80.58878380429577,7.219408569538862],[80.58877009693,7.219414053031],[80.58854781976845,7.219475483234278],[80.58828972869301,7.219772316943676],[80.58846436136898,7.219918263058622],[80.58874061946759,7.220103713821769],[80.58890710082568,7.220249778501867],[80.58896836289708,7.220448603146841],[80.58893051504552,7.220744418004943],[80.58893117392465,7.22075404911335],[80.58888554536125,7.220960629473309],[80.58875237754506,7.221042133922064],[80.58870743636015,7.2210967127969],[80.58902052701636,7.221101020230041],[80.58920194236349,7.22105435029376],[80.58924874130334,7.221795598541322],[80.58961592456627,7.221726241449097],[80.58981263212122,7.221926107087289],[80.58999273746123,7.222073912314301],[80.5902628470814,7.222531814719319],[80.59048071714847,7.222952019669122],[80.59064412157586,7.223183905454973],[80.59082400668308,7.223431748905631],[80.59083526065233,7.223451694290264],[80.5910070168642,7.223628752681948],[80.59120319024444,7.223591618431443],[80.59135048978399,7.223544374956611],[80.59148166945074,7.223694357226553],[80.59157109748557,7.223987771390635],[80.59182929842348,7.224050527004776],[80.59204525525257,7.223771675405943],[80.59210097761775,7.223672314902123],[80.59210561595975,7.223667340390461],[80.59210397183641,7.223590524522474],[80.5921391740925,7.223314019738235],[80.59220154768427,7.223368584405229],[80.59229496164754,7.22364118749246],[80.5923560349206,7.223729425184944],[80.59236510034387,7.22374252587742],[80.59247431131692,7.223789339617505],[80.5925849419263,7.223785247010334],[80.59265188354142,7.223782769956678],[80.59273946941502,7.223773761276591],[80.59280184718348,7.223820555180411],[80.59287971073186,7.224062064634236],[80.59288168197241,7.224064572158051],[80.5929654099514,7.224171040610861],[80.5933185315078,7.224628774787978],[80.59345206199754,7.224612131285506],[80.59365219454895,7.2245594100871],[80.59381955775626,7.224542345961643],[80.59393524565394,7.22459545138588],[80.594031253358,7.224653662754267],[80.59413197612058,7.224782158502272],[80.59425912803509,7.224910294017082],[80.59438007812423,7.225017770908374],[80.59452391203187,7.225086818542043],[80.59465393623178,7.225131764541812],[80.59466377672207,7.225136213117053],[80.59476395377503,7.225171612211414],[80.59474752402281,7.225136871347791],[80.59471149045777,7.224854665276741],[80.59471867690189,7.224654823254252]]]]}},{"type":"Feature","properties":{"GND_N":"Meewaladeniya","GND_NO":"33","GND_C":"305","PROVINCE_N":"CENTRAL","PROVINCE_C":"2","DISTRICT_N":"KANDY","DISTRICT_C":"1","DSD_N":"UDUNUWARA","DSD_C":"39","Admin_Code":"2139305","GND_NO_Cen":"33","GND_NAME_C":"Meewaladeniya","GND_NO_Gaz":"33","GND_NAME_G":"මීවලදෙණde","shape_1":"Polygon","Area__Ha_":64.8413503198,"MWS_ID":"121","Alt_MWS":null,"Area":0.6484135032,"Density":1622.42148692,"Total_Pop":1052.0},"geometry":{"type":"MultiPolygon","coordinates":[[[[80.58580737597137,7.230801959183252],[80.58583741300905,7.230801818914048],[80.58585793084157,7.230804077398171],[80.58598281545581,7.230815403535339],[80.58599220146641,7.230815355006514],[80.58602050087413,7.230812783231701],[80.58602758498004,7.23081274730528],[80.58621222804403,7.230846648949185],[80.58622001674574,7.230848586503988],[80.5862130741648,7.230815534028],[80.58619057415075,7.23070058857121],[80.58619972974321,7.230675541376295],[80.58623334192309,7.230636309532632],[80.58627664003589,7.230605219553314],[80.58633733691286,7.230544746960631],[80.58637185783212,7.230495657672393],[80.5864182548057,7.230418811213145],[80.58646112145948,7.230336627886859],[80.58651938622017,7.230247396498079],[80.58658380311566,7.230167120267556],[80.58663978343395,7.230122743174221],[80.58668841607167,7.230113270036751],[80.58673530257182,7.230113065278845],[80.58676475457791,7.230112937364249],[80.58688238212848,7.230117419175928],[80.58700191505801,7.230112945526598],[80.58701896409164,7.230107797174943],[80.58705960645298,7.230095518241514],[80.58706566158561,7.230091765183705],[80.58711105379699,7.230063617690863],[80.58718605637193,7.230009480139514],[80.58724012695853,7.229986532363511],[80.58732471353282,7.229965680753717],[80.58740476590899,7.229958205515445],[80.58749812818137,7.229958968558182],[80.58759057882155,7.229972210593723],[80.5876784067225,7.229996210101071],[80.58775636100853,7.23003006331957],[80.58782935223608,7.230059013146582],[80.58792023682116,7.230095060100568],[80.58794450426744,7.230097873474358],[80.58798741600474,7.230122490078269],[80.58801158802774,7.230137057547274],[80.58803991368231,7.230180294963986],[80.58809431688242,7.230230958441165],[80.58814718942341,7.230258289342716],[80.58818819565502,7.230294480227397],[80.58821080966248,7.230325550583619],[80.58809219733469,7.230077116532422],[80.58806971494803,7.230030028295106],[80.58804912611868,7.229766406243499],[80.5879319060578,7.229333942416588],[80.58776271186042,7.228986152326598],[80.58762144242485,7.228602741460963],[80.58767232948499,7.228427922650662],[80.58784943697418,7.228026578235851],[80.58784422803427,7.227987911674018],[80.58785095187616,7.227935012689119],[80.58787288673203,7.22788492333429],[80.58790378339862,7.227842162542554],[80.5879564239739,7.227773004162425],[80.58797454272643,7.2277538404112],[80.58803362130568,7.227663706644289],[80.58805736829416,7.227610995546939],[80.588079494629,7.22753576661656],[80.58809265701728,7.227460533983363],[80.58810190242818,7.227436844139398],[80.58803372105584,7.227425060033871],[80.58797993798731,7.227410569860565],[80.58794046323133,7.22739201441892],[80.58789791455868,7.227363784366611],[80.58787709460714,7.227345778308004],[80.58784386497783,7.227317244639846],[80.58781282416834,7.227290590113251],[80.58774583457671,7.227241549145726],[80.58772823259564,7.227233066729652],[80.58772311007728,7.227230597669908],[80.58769305052299,7.227220094405419],[80.58768495491553,7.227218115151905],[80.58768492141357,7.227218107903624],[80.58765710515624,7.22721130868872],[80.58758630023591,7.227189213465096],[80.58755367330778,7.227185675884263],[80.58759303501482,7.22681770297173],[80.58741779459822,7.226751509513237],[80.58704505617285,7.22647246946166],[80.58673420238532,7.226224431774318],[80.58624721932473,7.226000122665834],[80.5864073599649,7.225590250449153],[80.58665390558612,7.224904653016671],[80.58688598158612,7.224343553040926],[80.58707548051733,7.223436763312952],[80.58725324985014,7.222888176911628],[80.5874385830096,7.222582937200463],[80.58766878697752,7.22221812595363],[80.58784602503464,7.221963208123702],[80.5880303055198,7.221681230020051],[80.58828584431741,7.221336116481474],[80.58843615087105,7.221191872292897],[80.58847231298876,7.22109347630355],[80.58870743636015,7.2210967127969],[80.58875237754506,7.221042133922064],[80.58888554536125,7.220960629473309],[80.58893117392465,7.22075404911335],[80.58893051504552,7.220744418004943],[80.58896836289708,7.220448603146841],[80.58890710082568,7.220249778501867],[80.58874061946759,7.220103713821769],[80.58846436136898,7.219918263058622],[80.58828972869301,7.219772316943676],[80.58854781976845,7.219475483234278],[80.58877009693,7.219414053031],[80.58878380429577,7.219408569538862],[80.58912600476947,7.219220886990549],[80.58934781691826,7.219094020864776],[80.58957366029705,7.219004762668183],[80.58996538102201,7.218720665643369],[80.58941234266281,7.218340000540675],[80.58921101999233,7.218260198213174],[80.58920001141078,7.218251761063841],[80.58899675737943,7.21812565838481],[80.58879609952155,7.218034893271793],[80.58880634998069,7.217922889470618],[80.58881914098627,7.217783130905613],[80.58869437917004,7.21771299606648],[80.58849942172337,7.217681688453568],[80.58817967819579,7.217634929944219],[80.58796118406245,7.218070883502862],[80.58769591534238,7.218359019963676],[80.58740737073867,7.218483525470505],[80.58700172174792,7.218491128063291],[80.58692849165638,7.218472790045373],[80.58665864979064,7.218405219621262],[80.58640913175675,7.218241633977882],[80.58633899463997,7.218148207367751],[80.58624555845086,7.217937776715809],[80.58622227915153,7.217782056724059],[80.58624055163236,7.217437299335482],[80.5862413539025,7.21742216795051],[80.58624337464269,7.217384042430385],[80.58624580884249,7.217338110225781],[80.58619322397772,7.217321785532905],[80.58601974075931,7.217267932471422],[80.58590276300546,7.217190028538858],[80.58572382946723,7.217006608032828],[80.58559869700017,7.216878340833906],[80.58557192844619,7.216870917973475],[80.58547069687262,7.216842846758896],[80.58545835789754,7.216839425139528],[80.58543649856692,7.216844002629262],[80.58538056700567,7.216855715294864],[80.585310207449,7.216870448622007],[80.58521650646944,7.216956035235813],[80.58503709869342,7.217298747362231],[80.58489226806212,7.217436590286202],[80.58486540502265,7.217462156352293],[80.58470152367433,7.21755548680724],[80.58458667355629,7.217676555619684],[80.58456110570152,7.217703507604483],[80.58450644515385,7.217812424321026],[80.58448983705925,7.217891787191055],[80.58448358089022,7.217921692604733],[80.58443230206662,7.218166768152144],[80.58439700006831,7.218661293590351],[80.58431547337064,7.218997839387113],[80.58428758177057,7.21911297537372],[80.5842640613442,7.219525836245637],[80.58428715451387,7.220125513340259],[80.58418574700032,7.220366806727363],[80.58410892665219,7.220476318116096],[80.58407645213997,7.220522612022653],[80.5836239151311,7.22098969115123],[80.58338257624516,7.221181103503056],[80.58331961276772,7.221231040556249],[80.5831559049622,7.221246513539858],[80.58303890930128,7.221207464987534],[80.5827193206445,7.220794600752899],[80.58246795766102,7.22067275213816],[80.58246200596064,7.220669867593519],[80.58233722595261,7.220638729119777],[80.58209555798153,7.220654168575989],[80.58189588717966,7.220701903112582],[80.58182198597004,7.220719570646438],[80.58170557590975,7.220747399784313],[80.58169776716579,7.220809708400865],[80.58151820726667,7.221167962086001],[80.58152241009921,7.221228642653852],[80.58156911184261,7.221274998205532],[80.58167444655932,7.221329678470772],[80.58170088997531,7.221320737146123],[80.58199052900791,7.221387086384674],[80.58211106029867,7.221388897485178],[80.58229056100967,7.221608115575652],[80.58240568086647,7.221712046405522],[80.58240928400785,7.221716191456409],[80.58270826856884,7.221954635919327],[80.58279486760041,7.222036250802879],[80.58292090936465,7.22204836133749],[80.58313280051793,7.222078005574152],[80.58326107433744,7.222135154900999],[80.58326916176449,7.222139078480115],[80.58344644748551,7.222136202730259],[80.58353616294848,7.222157194275088],[80.58366690291598,7.222442392740862],[80.58373858188762,7.222609354756249],[80.58381994807476,7.222823867327801],[80.5837433817176,7.223074422076404],[80.58361873250517,7.2233227165346],[80.58349380493871,7.223661234112455],[80.5834797639213,7.223902188015097],[80.58351152661339,7.224115258089436],[80.58347087034007,7.224317304826826],[80.58344279189075,7.224433953542151],[80.58343336658639,7.224757543743394],[80.5833366562034,7.225127211063185],[80.58328389648561,7.225412161910412],[80.5830048214084,7.225686577569243],[80.58300799125793,7.225691855524252],[80.58303698320648,7.225740145867417],[80.583138388287,7.22584149887144],[80.5831716328973,7.225872173366882],[80.58323386686952,7.225929598584284],[80.58323965550862,7.225934940043687],[80.58323349002134,7.22594060198999],[80.583231449051,7.225942476651163],[80.5831150919912,7.226049307896457],[80.5830446064644,7.226114022536312],[80.58281827938373,7.226643508361832],[80.58277192430693,7.226849076652591],[80.58276580830046,7.226849074960274],[80.58276087800267,7.226860992490972],[80.58267679095269,7.227064260476084],[80.58266473191736,7.227100337061231],[80.58261635530482,7.22723210969225],[80.58259854712682,7.227280617100213],[80.58257099127017,7.227355672521872],[80.58248128711884,7.227486396662362],[80.58246775976535,7.227504324151161],[80.58242017119555,7.227567397160865],[80.58243610458916,7.227572785447808],[80.58247850400512,7.227587124028708],[80.5826400419052,7.227609483772178],[80.58293389472601,7.227721003342957],[80.58319397299024,7.227962200002046],[80.58339066188941,7.22818832750706],[80.5835831519245,7.228286465278856],[80.58392196889622,7.228497090481421],[80.58412087306809,7.228618943384173],[80.5841284044148,7.228625479248279],[80.58435516004793,7.228840517798473],[80.5843595134665,7.228847968379769],[80.5846954807338,7.229088285530815],[80.58487623093693,7.229414617006872],[80.58496294471765,7.22979571153415],[80.58505235548054,7.230176495189597],[80.58514922274362,7.230486028268022],[80.58527972837878,7.23075054654467],[80.58540548475962,7.230980127744434],[80.58555396112632,7.231085378509826],[80.58560589335647,7.231158708513152],[80.58564104009878,7.23101260135162],[80.58567010862204,7.230976959543693],[80.58568242096129,7.230964919373445],[80.58573193741057,7.230828331487038],[80.58574426607596,7.23081405588356],[80.58575593686584,7.230811644465981],[80.58579101806131,7.230804398484243],[80.58580737597137,7.230801959183252]]]]}},{"type":"Feature","properties":{"GND_N":"Kamburadeniya","GND_NO":"29","GND_C":"300","PROVINCE_N":"CENTRAL","PROVINCE_C":"2","DISTRICT_N":"KANDY","DISTRICT_C":"1","DSD_N":"UDUNUWARA","DSD_C":"39","Admin_Code":"2139300","GND_NO_Cen":"29","GND_NAME_C":"Kamburadeniya","GND_NO_Gaz":"29","GND_NAME_G":"කඹුරාදෙde","shape_1":"Polygon","Area__Ha_":54.3559976605,"MWS_ID":"121","Alt_MWS":null,"Area":0.54355997661,"Density":1795.57002356,"Total_Pop":976.0},"geometry":{"type":"MultiPolygon","coordinates":[[[[80.58971281247024,7.230635667003365],[80.58976307141579,7.230635145001612],[80.58985289837577,7.230643050117129],[80.589934479379,7.230664333727791],[80.58998292270164,7.230668242047194],[80.59000013645552,7.230652244719997],[80.59002659800463,7.230602246641955],[80.59008014284224,7.230536253457539],[80.59013330817888,7.230512401567437],[80.59021617530696,7.230488833998511],[80.59026561904398,7.230486592526654],[80.59031678537073,7.230481549315428],[80.59033671282269,7.230468265089478],[80.59035030552374,7.230445029127922],[80.59035045464069,7.230441332395246],[80.59035259161341,7.230388511079467],[80.59035731490148,7.230355416395812],[80.59035316758214,7.230308751727631],[80.59034620372559,7.230287136931151],[80.59033108925689,7.23026723608059],[80.59032412721676,7.230241187483434],[80.59032694469703,7.23021604989464],[80.59035602947013,7.230175096807153],[80.59041129293219,7.230113535369783],[80.59041629688507,7.230056205459755],[80.59040499632799,7.230010352650662],[80.59040547810572,7.229939454530968],[80.59042650592677,7.229894790505421],[80.59044371654936,7.229879696557983],[80.59049063188652,7.229857650681246],[80.59055476350983,7.229813276420131],[80.59056652188403,7.229802505529956],[80.59057353523745,7.229796081502055],[80.59062485724859,7.229802091622203],[80.59066776693093,7.229832041559681],[80.59069100213809,7.229841321042904],[80.5906932710634,7.229842227175197],[80.59069806785742,7.229844143540168],[80.59074119554717,7.229861370910312],[80.5908181680711,7.229880600619113],[80.5908205113826,7.229881185753239],[80.59082639772996,7.229882656738662],[80.59102097912547,7.229934461174014],[80.591074667007,7.229959080968771],[80.59113131073143,7.229994474024963],[80.59115605569825,7.230009935918932],[80.59119525123344,7.230047932602026],[80.5912080722384,7.230064993883714],[80.59140603784596,7.229891874767903],[80.5914592250129,7.229854078363524],[80.59155371138723,7.229747159249384],[80.59165609904832,7.229523234542941],[80.59168387037268,7.229467284763225],[80.59174363191843,7.229362102266729],[80.59174389190935,7.229350708143975],[80.59177391639665,7.229329967435209],[80.59173307625367,7.229254439717879],[80.59172934892513,7.22924356395475],[80.59171439183879,7.229181684524695],[80.59171065489133,7.229174427781401],[80.59170307676209,7.229086587872872],[80.59171043606833,7.229013129732872],[80.59171041758535,7.228998440214052],[80.59172083668015,7.229009798873275],[80.59170334454322,7.228966845494722],[80.59173432301874,7.228777705714366],[80.59179561476236,7.228467468406225],[80.59181390480774,7.228369548746366],[80.59189850305398,7.227675914090932],[80.5924359646047,7.227244742987083],[80.5926693184561,7.227242825887667],[80.59303523912583,7.227201938560987],[80.59341321207495,7.227110266446195],[80.59407456920235,7.227038193337509],[80.5943344794538,7.226876321850309],[80.59453880735126,7.226787416237956],[80.59469511824165,7.226720747231292],[80.59472092178838,7.226545640837344],[80.59469422159738,7.226424207484765],[80.59475318238766,7.226332784125118],[80.59492022697934,7.226267012762535],[80.59509065346506,7.226190491410355],[80.59521347034563,7.226116244398191],[80.59516652495452,7.225928873830278],[80.59512747449809,7.225840417370286],[80.59512285856981,7.225605110177958],[80.59503125905076,7.225425577536264],[80.59484093904179,7.225334383237493],[80.59476395377503,7.225171612211414],[80.59466377672207,7.225136213117053],[80.59465393623178,7.225131764541812],[80.59452391203187,7.225086818542043],[80.59438007812423,7.225017770908374],[80.59425912803509,7.224910294017082],[80.59413197612058,7.224782158502272],[80.594031253358,7.224653662754267],[80.59393524565394,7.22459545138588],[80.59381955775626,7.224542345961643],[80.59365219454895,7.2245594100871],[80.59345206199754,7.224612131285506],[80.5933185315078,7.224628774787978],[80.5929654099514,7.224171040610861],[80.59288168197241,7.224064572158051],[80.59287971073186,7.224062064634236],[80.59280184718348,7.223820555180411],[80.59273946941502,7.223773761276591],[80.59265188354142,7.223782769956678],[80.5925849419263,7.223785247010334],[80.59247431131692,7.223789339617505],[80.59236510034387,7.22374252587742],[80.5923560349206,7.223729425184944],[80.59229496164754,7.22364118749246],[80.59220154768427,7.223368584405229],[80.5921391740925,7.223314019738235],[80.59210397183641,7.223590524522474],[80.59210561595975,7.223667340390461],[80.59210097761775,7.223672314902123],[80.59204525525257,7.223771675405943],[80.59182929842348,7.224050527004776],[80.59157109748557,7.223987771390635],[80.59148166945074,7.223694357226553],[80.59135048978399,7.223544374956611],[80.59120319024444,7.223591618431443],[80.5910070168642,7.223628752681948],[80.59083526065233,7.223451694290264],[80.59082400668308,7.223431748905631],[80.59064412157586,7.223183905454973],[80.59048071714847,7.222952019669122],[80.5902628470814,7.222531814719319],[80.58999273746123,7.222073912314301],[80.58981263212122,7.221926107087289],[80.58961592456627,7.221726241449097],[80.58924874130334,7.221795598541322],[80.58920194236349,7.22105435029376],[80.58902052701636,7.221101020230041],[80.58870743636015,7.2210967127969],[80.58847231298876,7.22109347630355],[80.58843615087105,7.221191872292897],[80.58828584431741,7.221336116481474],[80.5880303055198,7.221681230020051],[80.58784602503464,7.221963208123702],[80.58766878697752,7.22221812595363],[80.5874385830096,7.222582937200463],[80.58725324985014,7.222888176911628],[80.58707548051733,7.223436763312952],[80.58688598158612,7.224343553040926],[80.58665390558612,7.224904653016671],[80.5864073599649,7.225590250449153],[80.58624721932473,7.226000122665834],[80.58673420238532,7.226224431774318],[80.58704505617285,7.22647246946166],[80.58741779459822,7.226751509513237],[80.58759303501482,7.22681770297173],[80.58755367330778,7.227185675884263],[80.58758630023591,7.227189213465096],[80.58765710515624,7.22721130868872],[80.58768492141357,7.227218107903624],[80.58768495491553,7.227218115151905],[80.58769305052299,7.227220094405419],[80.58772311007728,7.227230597669908],[80.58772823259564,7.227233066729652],[80.58774583457671,7.227241549145726],[80.58781282416834,7.227290590113251],[80.58784386497783,7.227317244639846],[80.58787709460714,7.227345778308004],[80.58789791455868,7.227363784366611],[80.58794046323133,7.22739201441892],[80.58797993798731,7.227410569860565],[80.58803372105584,7.227425060033871],[80.58810190242818,7.227436844139398],[80.58809265701728,7.227460533983363],[80.588079494629,7.22753576661656],[80.58805736829416,7.227610995546939],[80.58803362130568,7.227663706644289],[80.58797454272643,7.2277538404112],[80.5879564239739,7.227773004162425],[80.58790378339862,7.227842162542554],[80.58787288673203,7.22788492333429],[80.58785095187616,7.227935012689119],[80.58784422803427,7.227987911674018],[80.58784943697418,7.228026578235851],[80.58767232948499,7.228427922650662],[80.58762144242485,7.228602741460963],[80.58776271186042,7.228986152326598],[80.5879319060578,7.229333942416588],[80.58804912611868,7.229766406243499],[80.58806971494803,7.230030028295106],[80.58809219733469,7.230077116532422],[80.58821080966248,7.230325550583619],[80.58822104918347,7.230339618540214],[80.58825742437642,7.230404473027011],[80.58827234690798,7.230450326473915],[80.58829767838591,7.230505679403345],[80.58833488719561,7.230527758859243],[80.58842244549669,7.230549318303989],[80.58849868555656,7.230566079353401],[80.58865922007787,7.230609462545349],[80.58881966771605,7.230648414557933],[80.5888524128739,7.230649154187321],[80.5888807915286,7.230649793449018],[80.58904822258278,7.230658454083071],[80.58911634547925,7.230659559102298],[80.58913406780988,7.230659846717347],[80.58918875856011,7.230670176434661],[80.58926671552315,7.230695893380807],[80.58933470945203,7.23072874660687],[80.58939301892866,7.23074531838445],[80.58949777538535,7.230784700366129],[80.58956776655143,7.230803175948914],[80.58959203512552,7.230803366755989],[80.5895966625918,7.230781032352184],[80.58959599611289,7.230770005904621],[80.58959351458427,7.230728942267374],[80.58959817361357,7.230715739534707],[80.58960267126726,7.230702994313475],[80.58961988599837,7.230678041682327],[80.58966146281034,7.230650478359204],[80.58971281247024,7.230635667003365]]]]}},{"type":"Feature","properties":{"GND_N":"Weligalla1","GND_NO":"41","GND_C":"570","PROVINCE_N":"CENTRAL","PROVINCE_C":"2","DISTRICT_N":"KANDY","DISTRICT_C":"1","DSD_N":"UDUNUWARA","DSD_C":"39","Admin_Code":"2139570","GND_NO_Cen":"41","GND_NAME_C":"Weligalla","GND_NO_Gaz":"41","GND_NAME_G":"වැලිගල්la","shape_1":"Polygon","Area__Ha_":47.4745176823,"MWS_ID":"121","Alt_MWS":null,"Area":0.47474517682,"Density":2144.30825145,"Total_Pop":1018.0},"geometry":{"type":"MultiPolygon","coordinates":[[[[80.59707937849605,7.194273954552764],[80.59698870081868,7.194047572293116],[80.59698580794762,7.194040352993855],[80.59670531807369,7.193518430762764],[80.59669127305098,7.19350060048808],[80.59674397655407,7.193471824457005],[80.59690862614201,7.193383716502268],[80.59736231707026,7.193103636198718],[80.59786363005341,7.192674652951705],[80.59801816499322,7.192389472563041],[80.5980260728389,7.192365329778665],[80.59812865004211,7.192318805199942],[80.59826248226135,7.192362867094231],[80.59880417634282,7.19204884294254],[80.59911336446069,7.191941665913849],[80.59950371035187,7.191573125936912],[80.59968292060879,7.191456616519933],[80.59984565996471,7.191357375635998],[80.59984056310117,7.191347946285211],[80.599629564853,7.190990946329316],[80.59939850622969,7.190603728389971],[80.59904887777141,7.190191556271418],[80.59879680341673,7.190009052055777],[80.59837443869755,7.189795343632266],[80.59785260744086,7.189534676189628],[80.59747743666784,7.189424492164501],[80.59730998616892,7.18926770607398],[80.59729604841844,7.189265225543335],[80.59723218150639,7.189098783924135],[80.59722078888957,7.189087398783957],[80.59713802354607,7.188913109433606],[80.59712322496895,7.188898425860599],[80.59701343545467,7.188728182633194],[80.59698938301301,7.188718209579906],[80.59695190272082,7.188687035248276],[80.59690562802967,7.188624955536727],[80.59680187401055,7.188559632167257],[80.59663313283632,7.18835456445141],[80.59649760848916,7.188159236423816],[80.59625876153761,7.187836345295858],[80.59621286388499,7.187812853291825],[80.5957016762055,7.187747011254498],[80.59525716010053,7.187723381760582],[80.59494518912474,7.187754484964994],[80.59483976663185,7.187783149503399],[80.59468781104819,7.187824466705343],[80.59443591278833,7.187964890453066],[80.59442262309184,7.187972299579299],[80.59422759930997,7.188135845362548],[80.59407161196535,7.18833049118514],[80.59397802037199,7.188517249111261],[80.59369708203636,7.188774158938718],[80.59341633632765,7.188906442703489],[80.59323870940531,7.188936563807694],[80.59304973894466,7.188968608284419],[80.59308119333915,7.188750835168118],[80.59291176058149,7.18875242587311],[80.59266944395632,7.188655879208014],[80.59242264701845,7.188503539493466],[80.59192218748201,7.188255065825683],[80.5916180434557,7.188179209558624],[80.59123264973543,7.188085406894859],[80.5912151415814,7.188076812538393],[80.59079446596917,7.187984860838581],[80.590483465661,7.188003794863444],[80.59020727130411,7.18786034946384],[80.58999697155328,7.187844761496966],[80.58994760668567,7.18788254952557],[80.58985747467868,7.187934964378559],[80.58975060089712,7.188037828114167],[80.5897447408112,7.188039892065936],[80.58967749607768,7.188063563811739],[80.58971259605565,7.188141800519247],[80.58996190209088,7.18843777893242],[80.59010234784184,7.188539146263987],[80.59033617364017,7.188632640603208],[80.59062289468868,7.188693196143774],[80.5907611380032,7.188722394295266],[80.59095213072185,7.188734199540446],[80.59113546020613,7.18880040100404],[80.59125627055701,7.18882772004931],[80.59195802737004,7.189124021910033],[80.59211786587797,7.189205757639625],[80.59245878693051,7.189477618466338],[80.59246480090859,7.189482415507186],[80.59253929305878,7.189569062481929],[80.59284661646731,7.189926525569907],[80.59294021664252,7.190074501988934],[80.59258901857385,7.190541633050558],[80.59240190517187,7.190736265761836],[80.59224579596683,7.190876369482569],[80.59189864031366,7.19109694364748],[80.59181686281585,7.191148902844875],[80.5918168382148,7.191209819554634],[80.59181680934795,7.191281298548698],[80.59181369290361,7.191289826701124],[80.59149305916239,7.192167512904132],[80.59148113177544,7.192200163458068],[80.59148106471841,7.192363644641354],[80.5915667105092,7.19258961354034],[80.59168367050091,7.192698601461406],[80.59168708777115,7.192700786736386],[80.59188895844883,7.192829830151022],[80.59214533273622,7.19299371658154],[80.59215920370507,7.193002582543155],[80.5925800029639,7.193416066117242],[80.59261911478794,7.193454498506502],[80.5927749816078,7.19356349995514],[80.59301673245776,7.193657136326903],[80.59318953041286,7.193683775767723],[80.5933208973998,7.19370402775642],[80.59341792463664,7.193739330813974],[80.59346367878048,7.193755977454265],[80.59349234641785,7.19376640740331],[80.59360157002811,7.193766451002428],[80.59383540764448,7.193836628823173],[80.59425873773968,7.194105899621491],[80.5943499818705,7.194163938038454],[80.59480142085648,7.194151680325005],[80.59491930490474,7.194148479685049],[80.59501513040117,7.19420075845731],[80.59504156724141,7.194215180839871],[80.59509088499323,7.194242086266565],[80.59525452503384,7.194374547646683],[80.5952733726087,7.194406218448178],[80.59542602458131,7.194662719894652],[80.59563647447321,7.194849740100484],[80.59569972078393,7.194976283708221],[80.59570262687258,7.194982097729642],[80.5957376944639,7.195052259434913],[80.59583901051339,7.195371632219028],[80.59598704782522,7.195605398331453],[80.5961548696678,7.195759623155772],[80.59618193815515,7.195784499493039],[80.59641109705164,7.195920704754798],[80.5965500361062,7.195916533522537],[80.59655442572563,7.195914581042558],[80.59670194661315,7.195848986383131],[80.59682225428374,7.195753335458308],[80.5969224857849,7.195703462519127],[80.59706818496838,7.195563465297284],[80.59728739096025,7.195445819559456],[80.59764092137654,7.195275482547508],[80.59728197001218,7.194655679661365],[80.59722627919332,7.194522964618884],[80.59718062345716,7.194414161523855],[80.59713437882415,7.194350119505271],[80.59707937849605,7.194273954552764]]]]}},{"type":"Feature","properties":{"GND_N":"Karamada South","GND_NO":"25","GND_C":"420","PROVINCE_N":"CENTRAL","PROVINCE_C":"2","DISTRICT_N":"KANDY","DISTRICT_C":"1","DSD_N":"UDUNUWARA","DSD_C":"39","Admin_Code":"2139420","GND_NO_Cen":"25","GND_NAME_C":"Karamada South","GND_NO_Gaz":"25","GND_NAME_G":"කරමඩ දකු","shape_1":"Polygon","Area__Ha_":41.6052844122,"MWS_ID":"121","Alt_MWS":null,"Area":0.41605284412,"Density":3004.42604265,"Total_Pop":1250.0},"geometry":{"type":"MultiPolygon","coordinates":[[[[80.59746235804111,7.223604037188849],[80.5976625708142,7.223584627905822],[80.5978260099403,7.223632001487342],[80.5980101224111,7.223637819458413],[80.59825916677985,7.223567947116722],[80.5984732885422,7.223414095455271],[80.59875447884033,7.22318024971861],[80.59902738696532,7.222929868991171],[80.59922539001107,7.222686873405792],[80.59935812296386,7.222455884179868],[80.60010832842039,7.222494285624453],[80.60018007056856,7.222078864998384],[80.60017837728701,7.221617975603156],[80.60017303108799,7.220163008108492],[80.60017606598628,7.220152409926182],[80.60025109599397,7.219890474507174],[80.60030574106061,7.219812641294587],[80.6004151910153,7.219236329477947],[80.60040762661427,7.21867551752036],[80.60048574015515,7.218278359836368],[80.60049362149859,7.218021342303275],[80.60048242223174,7.217985594441948],[80.60045461897292,7.217896843406886],[80.60033778281989,7.217811031403158],[80.60025194476103,7.217694145855958],[80.6002208696012,7.217561737331978],[80.60008837642218,7.217351436259823],[80.59995585109681,7.217226759226858],[80.59986997608209,7.217203412158845],[80.59951122518397,7.217413525072027],[80.59926159868951,7.217522509149099],[80.59904326706138,7.217561281466821],[80.59855188173339,7.217561090347301],[80.59851300282624,7.21748322090683],[80.59851305970659,7.217335281216454],[80.59866127518173,7.217140632197305],[80.59867688304543,7.217023784027617],[80.59852105465573,7.216790159556552],[80.59847049238552,7.216560389510666],[80.59825598698325,7.216587576098404],[80.59831086035895,7.215925618466052],[80.59845152805696,7.215123385936817],[80.59850724993451,7.214589899512931],[80.59851355870254,7.214529484466879],[80.59851415858428,7.21452374236548],[80.59811640889009,7.21460144161188],[80.5980261550385,7.214671528877881],[80.59797601138104,7.214710468549773],[80.59777323671315,7.214772702225289],[80.59747682178272,7.214772586219466],[80.59723505089987,7.214694635347588],[80.59705584310149,7.214554398708298],[80.59657229753691,7.214413900323886],[80.59629164658166,7.214265850948818],[80.5960031799241,7.214203425114386],[80.59564371237639,7.214069310298258],[80.5954807476695,7.214008509980273],[80.59531261119119,7.213989798412411],[80.59509464743086,7.213965543518883],[80.59498940164333,7.213914917653693],[80.59476414138544,7.213904110332492],[80.59458891703865,7.213895703849529],[80.59441825185124,7.214227636845215],[80.59443301242045,7.215094214239254],[80.59452385755182,7.215270692889815],[80.59453487856085,7.215279833466437],[80.59482027297501,7.215547419484336],[80.59496692611266,7.215628786493516],[80.59543919874457,7.215887784900638],[80.59577251725801,7.216430507698375],[80.5957763643615,7.216454462437998],[80.59594191767944,7.216810768701822],[80.59609084356465,7.21755493810465],[80.59612173842407,7.218139735976276],[80.59611919672797,7.218821043374304],[80.59608743772712,7.219435077050329],[80.59586257156852,7.219891774936494],[80.59573240436053,7.220192350384258],[80.59559169540721,7.220876776196745],[80.59528513978177,7.221425841376182],[80.5953272309933,7.221615929276001],[80.59530452630686,7.221778432790905],[80.59530532707149,7.221855115398973],[80.59530608947415,7.221928074970854],[80.59542778685416,7.222004059485322],[80.59543183093284,7.222004099974078],[80.59559059751773,7.222051722979851],[80.59574145388689,7.222121006313388],[80.59586289050995,7.222176674510641],[80.59599972048457,7.222186105352558],[80.5960933866158,7.222220566522026],[80.5962395359949,7.222210242829603],[80.59646170169111,7.222259971364677],[80.5966030527642,7.222297552994282],[80.59677843589508,7.222334129730582],[80.59694706233371,7.222356052204202],[80.59704947581893,7.222386374905617],[80.5969121174816,7.22274748286799],[80.59689416706348,7.222809659389336],[80.59704684965452,7.222917460052198],[80.59723613703714,7.223005808984333],[80.59734757084681,7.223028826575981],[80.59724722680926,7.223666613822165],[80.59733468209286,7.223621044991452],[80.59746235804111,7.223604037188849]]]]}},{"type":"Feature","properties":{"GND_N":"Naranwala1","GND_NO":"15","GND_C":"270","PROVINCE_N":"CENTRAL","PROVINCE_C":"2","DISTRICT_N":"KANDY","DISTRICT_C":"1","DSD_N":"UDUNUWARA","DSD_C":"39","Admin_Code":"2139270","GND_NO_Cen":"15","GND_NAME_C":"Naranwala","GND_NO_Gaz":"15","GND_NAME_G":"නාරංවල","shape_1":"Polygon","Area__Ha_":45.0582899392,"MWS_ID":"121","Alt_MWS":null,"Area":0.45058289939,"Density":1549.1045065,"Total_Pop":698.0},"geometry":{"type":"MultiPolygon","coordinates":[[[[80.57781311475169,7.23981214745541],[80.57844714629927,7.239569296348384],[80.57854304756621,7.239510500479567],[80.5786505078286,7.239481954920076],[80.57874102878324,7.239482130775785],[80.57883812295978,7.239489156846272],[80.57897080076626,7.239545214250092],[80.57906905442665,7.239595204199196],[80.57921421059592,7.23964168314065],[80.57943839160379,7.239688471137634],[80.57966589837949,7.239692335921552],[80.57984965666265,7.239704102496156],[80.58004970685711,7.239653286512268],[80.58041957096809,7.239594270099023],[80.58055457233361,7.239468503490515],[80.58063124977151,7.239332566392257],[80.58071732135565,7.239140168645078],[80.58081580095784,7.239000156143975],[80.58102169162736,7.238719921487417],[80.5810096945503,7.238453083679794],[80.58096199299294,7.238217879340953],[80.58092345804918,7.238032044827666],[80.5809277218997,7.237772173506583],[80.58105208555043,7.237356604710087],[80.58135300891847,7.237382724255804],[80.581535784812,7.237379463809004],[80.58166484640046,7.237361747649017],[80.58184681963192,7.237323317485814],[80.5820941686961,7.237289318196537],[80.58222147781045,7.237282598358962],[80.58242069098044,7.237252706509067],[80.5825798147237,7.237276562850044],[80.58263987050752,7.237314776217048],[80.58273589869235,7.237376473346874],[80.58282591726612,7.237387985413517],[80.58291266994821,7.237249631354997],[80.58297053983735,7.237121758545013],[80.58302823055082,7.236950973756098],[80.58315510149622,7.236667030312979],[80.5832151417053,7.236496940995294],[80.58331377487943,7.236316282256179],[80.58350572303164,7.236062834964602],[80.5835472209169,7.235830726056941],[80.58360937164476,7.235618121754873],[80.58368052250047,7.23548266825632],[80.58373092375241,7.235299442484266],[80.58390505583621,7.234965756776992],[80.58401190079742,7.234748901166639],[80.58411284995398,7.234394250737526],[80.58429903500827,7.234131730464485],[80.58435877163583,7.233949596414538],[80.5845427841393,7.233806713532905],[80.58466727811934,7.233599647927002],[80.58491119498419,7.23352210520559],[80.58524724075139,7.233429598615966],[80.58528123910068,7.233420238868464],[80.58523555907632,7.233341478398731],[80.5851805364449,7.233258529792663],[80.58512713853418,7.233188152582774],[80.58505118533859,7.233134585938251],[80.58497441788901,7.233079300763008],[80.58488306548877,7.233037302704714],[80.58478355674367,7.233010493494726],[80.58468804407839,7.233009747061823],[80.58468595868251,7.233063202266546],[80.58467586464133,7.233062880609343],[80.58464283783064,7.233061825859726],[80.58456067409159,7.233124937873575],[80.58445154565936,7.233151773239135],[80.58436812001584,7.233222329814424],[80.58435955380132,7.233232332320386],[80.58428894249873,7.233352365096014],[80.58428603242561,7.233355774901131],[80.58421450071853,7.233414481948739],[80.58421143986418,7.233414694073353],[80.58408906795452,7.233447228108645],[80.58407990148635,7.233454766129228],[80.58395521396734,7.233508904764233],[80.58394613055079,7.233519184664587],[80.58389169493113,7.233549536312329],[80.58364668841645,7.233477867986735],[80.58329688185972,7.233386383445817],[80.58314962436732,7.233293441842411],[80.58307861391657,7.233184479355099],[80.58302671162531,7.233005064370896],[80.58295562986073,7.232683005489029],[80.58271947461883,7.232344061856255],[80.58257261096315,7.232250244875643],[80.58241728752161,7.232182375038182],[80.58230507154865,7.232128006670519],[80.58220664504837,7.232074231044358],[80.58185833536507,7.232043115540553],[80.58156695488447,7.232049987664617],[80.5812210694928,7.232119943965287],[80.58104651731205,7.232198778673321],[80.5808984506254,7.232334338047287],[80.58068417238837,7.232599076676204],[80.58057631972305,7.232802618819696],[80.58056945697632,7.232812154459944],[80.58055912479924,7.232826512161911],[80.58054874912895,7.232840930433254],[80.58040593699424,7.232919797513657],[80.58014910431832,7.233080201682627],[80.57981946950231,7.233048433410882],[80.5797076629101,7.232893740298195],[80.57968884295826,7.232841203018046],[80.57957807794156,7.232889099531729],[80.57943010996557,7.232962543682004],[80.57930868250835,7.233007260511672],[80.57919414763751,7.233061343444791],[80.57909076739317,7.233148616386426],[80.57901757870165,7.233192994107815],[80.57857418493398,7.233458794422027],[80.57854694346184,7.233414583881784],[80.57853586200936,7.233392212944296],[80.57853583305773,7.233392153247737],[80.57853499706161,7.233390469072551],[80.57852341980416,7.233367096856096],[80.57847840209806,7.233394206394681],[80.57838500564839,7.233472478456681],[80.57835654162092,7.23354065053087],[80.57834193398034,7.233632496043192],[80.57834119574525,7.23363713389224],[80.57833474930104,7.233676196074086],[80.57832776463334,7.233693150527168],[80.57832714457845,7.233694658634982],[80.57827165701289,7.233829358470722],[80.57822834649218,7.233922268520565],[80.57821872233171,7.233942915901147],[80.57820955807699,7.234011575637975],[80.57820276869113,7.234062451481369],[80.578199279967,7.23408859064899],[80.57815449106796,7.234211646793642],[80.57813959843568,7.234225964472038],[80.57807724987441,7.234367805285346],[80.57799613678678,7.234554366548014],[80.57793687601412,7.234679755795296],[80.57788172728206,7.234770020987573],[80.57779225274258,7.23491586684707],[80.57776014996847,7.23494893134636],[80.5777062167335,7.235030201943786],[80.57759939513552,7.235211550359807],[80.57751709667271,7.235341460951394],[80.5774402680563,7.235418904455132],[80.57738980185529,7.235477946952102],[80.57730160674002,7.235627526223921],[80.57729490278105,7.235700137002799],[80.57718498442746,7.235944191024593],[80.57709257610104,7.236051341231319],[80.57689586488449,7.235910866631182],[80.57684998480458,7.235974934474383],[80.57684698829162,7.236088371617283],[80.57683537328845,7.236528164240551],[80.57689747924788,7.236744396675894],[80.57694846997161,7.237079239819591],[80.57689403510844,7.237184208241032],[80.57681147553191,7.237303228046855],[80.57678779502542,7.237420984110204],[80.57681390252485,7.237502896442438],[80.57686851929134,7.237561155661997],[80.57696747850193,7.237671221000176],[80.57707170839957,7.237780648378201],[80.57723896939882,7.23786636445145],[80.57724206248909,7.237976498122084],[80.57724821093606,7.238113489111031],[80.57724930315385,7.238286689786408],[80.57725175363382,7.238488978855813],[80.57725529361123,7.23864766201885],[80.5772467324782,7.239008882894826],[80.57724753003589,7.239457462592908],[80.57710874611078,7.239682346252407],[80.57722505397463,7.239738159163037],[80.57724864169397,7.239745286343234],[80.5774051467833,7.239792586502587],[80.57744290859816,7.239793055157014],[80.57746057840428,7.239779649356556],[80.57749735109151,7.239751751407713],[80.57750560088986,7.239741162914367],[80.5775278730806,7.239712571358106],[80.57781311475169,7.23981214745541]]]]}},{"type":"Feature","properties":{"GND_N":"Muruthagahamula","GND_NO":"35","GND_C":"545","PROVINCE_N":"CENTRAL","PROVINCE_C":"2","DISTRICT_N":"KANDY","DISTRICT_C":"1","DSD_N":"UDUNUWARA","DSD_C":"39","Admin_Code":"2139545","GND_NO_Cen":"35","GND_NAME_C":"Muruthagahamula","GND_NO_Gaz":"35","GND_NAME_G":"මුරුතගහga","shape_1":"Polygon","Area__Ha_":29.3716520671,"MWS_ID":"121","Alt_MWS":null,"Area":0.29371652067,"Density":3813.20055624,"Total_Pop":1120.0},"geometry":{"type":"MultiPolygon","coordinates":[[[[80.59250573878013,7.206386229941945],[80.5924235248791,7.206211342315111],[80.59242481996475,7.206195073489122],[80.5924195724158,7.206182071092802],[80.59239635875291,7.206048183050206],[80.59239767983972,7.206032555386736],[80.59244144439806,7.205834857605572],[80.59244244886881,7.205822951028581],[80.59244270904229,7.205819972353302],[80.59247661468662,7.205702681382057],[80.59247982221618,7.205699792513841],[80.59253673436795,7.205614781808997],[80.59276632203222,7.205498174417482],[80.59290861578889,7.205436394259196],[80.59293278665206,7.205437536145276],[80.59318788515237,7.205367086349047],[80.59334187191662,7.205297464988158],[80.59335078169882,7.205280161063676],[80.59340697898438,7.205186659439444],[80.59333283262814,7.205028256147264],[80.59333351758552,7.205015970535674],[80.59330890549356,7.204875627039701],[80.59331361364734,7.204863141378481],[80.59332699938408,7.204834308454262],[80.59337502807058,7.204729709549355],[80.5935436997669,7.204671734200695],[80.59361979388774,7.204626668737894],[80.5938226150222,7.20453556505876],[80.59389777696892,7.204525380024782],[80.59390044587394,7.204533404082687],[80.59408071403809,7.204480126501108],[80.5940261898884,7.204296123027304],[80.59402576259829,7.204282273427178],[80.59401850770773,7.204046871825298],[80.59400710636803,7.203952408108524],[80.59398748412193,7.2037898379088],[80.59396971405612,7.203746210770007],[80.59394465649463,7.203684695381087],[80.5938315190714,7.20356398341143],[80.59350132179239,7.203456257320331],[80.59347290390896,7.203446985875928],[80.59310991826487,7.20339726659742],[80.59302442637735,7.203385555048737],[80.59280336259398,7.203355276168285],[80.5927321395896,7.203345519972687],[80.59258390293157,7.203251920948453],[80.59256663078932,7.203233643432555],[80.59256600699825,7.203233412584162],[80.59256589312741,7.203232863625354],[80.59245138907588,7.203111699526377],[80.59231115903988,7.202815767225281],[80.59223708317968,7.202556336651805],[80.59223703254375,7.202556159387669],[80.59217639170836,7.202574407360237],[80.59211604460624,7.202607462531208],[80.59198502572077,7.202689870591225],[80.59184791398168,7.202715703746238],[80.59178091279891,7.202752209727997],[80.59170703557297,7.202756733991119],[80.59165940621915,7.202789339368493],[80.59163237367741,7.20279607094958],[80.59167579982457,7.20287511026043],[80.59175380508009,7.202971594000155],[80.59185979898966,7.203113173135885],[80.59197974447959,7.20325775202533],[80.59207726896196,7.203422966227028],[80.59215798646736,7.203590907353639],[80.5922695538109,7.203762008769411],[80.59240997389432,7.204076783249688],[80.59249304281707,7.20424118491053],[80.59265510464672,7.204650068169618],[80.59269100276171,7.204848518719542],[80.592473393695,7.205027043225686],[80.5922185628567,7.204997696369617],[80.59211252589935,7.204802203549879],[80.59190186396052,7.204641740171128],[80.59178535888438,7.204535542250201],[80.59157875131434,7.204264981254007],[80.59156962561595,7.204256359542104],[80.59144580966111,7.204107961008483],[80.59111418585897,7.204059649970389],[80.59090776804321,7.204078898544301],[80.59078754692055,7.204133644318738],[80.59066732975795,7.204243097787159],[80.59043168833956,7.204403517950295],[80.59023445900078,7.204576621122232],[80.59011870403884,7.204785448490069],[80.59011040978127,7.204794130054522],[80.58949211354124,7.205065445940535],[80.58924607831601,7.205022066218691],[80.58899621955362,7.204750867850589],[80.58899695488036,7.204437690266749],[80.58899786361548,7.204414369526024],[80.58899949256296,7.20437257413598],[80.58890462185362,7.203943581051814],[80.5889053099011,7.203921856318189],[80.58887318929267,7.203754530508403],[80.58878054204557,7.203487899882338],[80.58878064484335,7.203477930869578],[80.58867445694688,7.203266400283722],[80.58863575002522,7.203162629000355],[80.58856312105644,7.203031574479756],[80.58841957937385,7.202744736089303],[80.58827215444535,7.202637462938838],[80.58814158830573,7.202573367280896],[80.58805916027639,7.202525874543564],[80.58804532299033,7.202513890427535],[80.58796106063888,7.202470346920698],[80.58794750941055,7.202458560058021],[80.58783929999808,7.202407428592182],[80.58783413749221,7.202401595508031],[80.58776509719964,7.202373813939431],[80.58774058632214,7.202339168060058],[80.58768094260247,7.202448638483371],[80.58767133692378,7.202541172923187],[80.58760287964951,7.202653726090564],[80.58753867742234,7.20275928168467],[80.58739034204098,7.202907159245262],[80.58700031293941,7.203148475320122],[80.58682253393052,7.203284125149747],[80.58673509091653,7.20335084557682],[80.58668043682727,7.20345199199171],[80.5866963165007,7.203031496034281],[80.58671211552367,7.202462921960386],[80.58667313422968,7.202299422894122],[80.5865484117081,7.202143521492539],[80.58640806640848,7.20212792005223],[80.58626775536547,7.202034464285454],[80.58620547621767,7.201761875562791],[80.58618225985316,7.201450304027401],[80.58618233293899,7.20127710891898],[80.58618236282341,7.201201055101612],[80.58614343466706,7.200912933785631],[80.58610838024713,7.200831107672704],[80.58611238090816,7.200741526203059],[80.58601889455784,7.200320985651045],[80.58585532582579,7.200017128182179],[80.5856759567572,7.199946968957579],[80.58539435765654,7.19990042452832],[80.58532114429084,7.199888323311287],[80.58524267251423,7.200077956690297],[80.58535288523163,7.200134821073094],[80.58541999891636,7.2001694513956],[80.58548772695892,7.200190067051152],[80.58558717847217,7.200211228559017],[80.58561278972708,7.200272870311415],[80.58563153464861,7.200362775051138],[80.58563145952051,7.200373543479695],[80.58563382690441,7.200389816524466],[80.58563301665882,7.20051509222351],[80.58563241549197,7.200608077098627],[80.58563239705079,7.200611036880043],[80.58564420629132,7.200806320060345],[80.58564366672175,7.20081474614609],[80.58562658985242,7.201144748726502],[80.58568358128403,7.201400357001467],[80.58568796169341,7.201412010792064],[80.58569535780093,7.201732547357623],[80.58582833605148,7.202014495302849],[80.58574287916852,7.202429489391513],[80.58569993831905,7.202660842343792],[80.58558858597283,7.202863542810523],[80.5852630905191,7.203134769748079],[80.58526079626398,7.203149280164383],[80.58498619601227,7.203403951346548],[80.58500910200144,7.203771514589352],[80.58512841740352,7.203910886163388],[80.5853232640235,7.203995428725864],[80.58545240391281,7.204085687926876],[80.58547126110606,7.204095806826379],[80.58548211652739,7.204110079473484],[80.58550196905675,7.204818714321385],[80.58553385590378,7.20499222658025],[80.58557045064214,7.205145785513762],[80.58558709153418,7.205362991919419],[80.58567546359141,7.205598625410874],[80.5857256540292,7.205961154862601],[80.58585009377421,7.2060543871617],[80.58593085665946,7.206202399375642],[80.58595532650205,7.20628125134915],[80.58596146739517,7.206318581785107],[80.58624261266002,7.206349116863606],[80.58675339297633,7.206290830414666],[80.58713553230925,7.206314303503858],[80.58736592700268,7.206426207005874],[80.58754490527667,7.206513137593265],[80.58778654076332,7.206560007044175],[80.58822328960741,7.206591271536229],[80.58857417572312,7.206575873507045],[80.58902654275295,7.206474748935798],[80.5892267611098,7.206457101131988],[80.5893775773044,7.20644380625621],[80.58948667774055,7.206404853629219],[80.59035672306509,7.206344761972629],[80.59038357093576,7.206342907313504],[80.59047135300695,7.206357560191705],[80.59052744027528,7.206366923554365],[80.59058251707913,7.206376117394649],[80.59071108274873,7.206397580837728],[80.59126460812313,7.206654825834656],[80.5916156187962,7.206678423661539],[80.5916935619723,7.206717310410736],[80.59170006715762,7.206723818606287],[80.59186497145862,7.206888775198236],[80.59188812752795,7.206978955477568],[80.59189455278917,7.207003979277046],[80.59191849903219,7.207097235413796],[80.59192091354352,7.207084932418128],[80.59193207836559,7.207084905271604],[80.5919410184155,7.207078061482829],[80.59200112690485,7.207038714107784],[80.59202159298991,7.207025316947425],[80.59203278501063,7.207022963033363],[80.59212428659465,7.206971549499763],[80.59220586953334,7.206915119390954],[80.59231612596045,7.206829601188714],[80.59241517702483,7.206759228267673],[80.5924972036859,7.206729495167815],[80.59254553849809,7.206702091561961],[80.59256472573561,7.206559021986467],[80.59256548898178,7.206548010574271],[80.59250573878013,7.206386229941945]]]]}},{"type":"Feature","properties":{"GND_N":"Godapola West","GND_NO":"28","GND_C":"290","PROVINCE_N":"CENTRAL","PROVINCE_C":"2","DISTRICT_N":"KANDY","DISTRICT_C":"1","DSD_N":"UDUNUWARA","DSD_C":"39","Admin_Code":"2139290","GND_NO_Cen":"28","GND_NAME_C":"Godapola West","GND_NO_Gaz":"28","GND_NAME_G":"ගොඩපොල බ","shape_1":"Polygon","Area__Ha_":27.3200371312,"MWS_ID":"121","Alt_MWS":null,"Area":0.27320037131,"Density":2708.63467881,"Total_Pop":740.0},"geometry":{"type":"MultiPolygon","coordinates":[[[[80.59497631547943,7.2346842815385],[80.59498432732855,7.234576672581343],[80.59499777246242,7.234469155312834],[80.59501746663287,7.234359833732126],[80.59502619251177,7.234278268101074],[80.595042071109,7.234210934536558],[80.59542063692366,7.234149662941523],[80.59545696644982,7.234011909398701],[80.59547596583892,7.233975589250717],[80.5955162851348,7.233819800945937],[80.5955641412089,7.233741650110384],[80.59582478197633,7.233463619457059],[80.59586529946762,7.233442191754548],[80.59586797857534,7.233438694064399],[80.59596371347402,7.233331732038186],[80.59600573566979,7.233139984711339],[80.59598803632012,7.233124878542681],[80.59567753008079,7.233113037535558],[80.59548861296231,7.233140415430021],[80.59535040240155,7.233335461377854],[80.59519744570542,7.233305684251729],[80.59514067917064,7.2333084487392],[80.5952062387289,7.233087372526701],[80.59520997368978,7.233072575983876],[80.59522029698444,7.233031673904496],[80.59529832294277,7.232720301560883],[80.59531471502832,7.232654886212551],[80.5953813489945,7.232414086619537],[80.59539052909166,7.232380913165477],[80.5954236143159,7.232271646607886],[80.59543387047647,7.232237779074543],[80.59547721529434,7.232088224421702],[80.59549535711653,7.23200621578214],[80.59551195309702,7.23193118956254],[80.59551821990667,7.231902857495836],[80.59560881497244,7.231574270307058],[80.59564491197766,7.231435293111991],[80.59565697622178,7.231381582243327],[80.59575075332091,7.231020711720767],[80.59587216541703,7.230619610588596],[80.59589373940034,7.230550590897581],[80.59591831726904,7.230471956930369],[80.59592903394727,7.230393286727683],[80.59595632493968,7.230305217419616],[80.59598879160697,7.23018396401005],[80.59604806843423,7.229924246942323],[80.59604911525354,7.22991965891797],[80.59610113780427,7.229582013283561],[80.59610585803037,7.22955099661827],[80.59618899562157,7.229074643030614],[80.59619345413579,7.229018487512023],[80.59621841285397,7.228865056874417],[80.59622631395142,7.228816477165959],[80.5962392186142,7.228734784724208],[80.59628595951727,7.228438865164676],[80.5963358119005,7.228147256737002],[80.596379819001,7.227889825068667],[80.59639905104476,7.227777321857758],[80.59655761506072,7.226906730356408],[80.59655786553054,7.226905362243011],[80.59656712205262,7.226854725765382],[80.5965700333269,7.226831909511152],[80.59615974497545,7.226793903325547],[80.59593233777392,7.226782699499942],[80.5956961600013,7.226820466483686],[80.59539599142049,7.226796649259796],[80.59539270345665,7.22679652768244],[80.59492844917807,7.226746130804312],[80.59491586359923,7.226749400281411],[80.59469465697653,7.226723879556785],[80.59469511824165,7.226720747231292],[80.59453880735126,7.226787416237956],[80.5943344794538,7.226876321850309],[80.59407456920235,7.227038193337509],[80.59341321207495,7.227110266446195],[80.59303523912583,7.227201938560987],[80.5926693184561,7.227242825887667],[80.5924359646047,7.227244742987083],[80.59189850305398,7.227675914090932],[80.59181390480774,7.228369548746366],[80.59179561476236,7.228467468406225],[80.59173432301874,7.228777705714366],[80.59170334454322,7.228966845494722],[80.59172083668015,7.229009798873275],[80.59177374588631,7.229067476904589],[80.59178855825454,7.229070964472178],[80.59220690385915,7.229091213737832],[80.59223848069433,7.229094364427793],[80.59255057954293,7.229133252464853],[80.59257463902368,7.229133019812484],[80.59261913258081,7.229136065358805],[80.59275545462661,7.229127824204485],[80.59276222630722,7.229127760013502],[80.59278589911713,7.229127536237256],[80.59287435928903,7.229126697391658],[80.59287433837098,7.229129165228517],[80.5928739395134,7.229177314727869],[80.59289138639257,7.229251926820107],[80.59294197501333,7.22932944511678],[80.59297861865181,7.229392553141576],[80.59298541094778,7.22940424852322],[80.59301743119157,7.229475587467388],[80.59301763566002,7.22947604512738],[80.59302340965574,7.229488907555177],[80.59303171382534,7.229524017780035],[80.59334440529156,7.229495391096462],[80.59335122315558,7.229508834502552],[80.59337842490208,7.22954232908328],[80.59345936825198,7.229678722457668],[80.59346269803864,7.229691979984449],[80.59346934045345,7.229725131717215],[80.59346931381027,7.229735084475056],[80.5934242699858,7.229940370507652],[80.59340697290271,7.229974773231432],[80.59329912007821,7.230228013681072],[80.59329922006023,7.230245077030649],[80.5932994991044,7.230291954445828],[80.59329957364858,7.230304725959062],[80.59331334280772,7.23043206199286],[80.59332213159745,7.230448898234445],[80.59335279847691,7.230499240484638],[80.59336592872963,7.230524399872703],[80.59342260457231,7.230624614970552],[80.59352638488808,7.23078180925198],[80.59356932805552,7.230835042046442],[80.59359929594412,7.230871776940204],[80.59366326040599,7.230979308036998],[80.59367602492136,7.231008790746404],[80.59360813952756,7.231416704933232],[80.59361664990807,7.231450386429085],[80.59362096471246,7.231664648479962],[80.59362097270238,7.231689817066864],[80.59359553738588,7.231807555360473],[80.59359552111971,7.23184124428792],[80.59359549885673,7.231887591657527],[80.59356148659637,7.231927704686728],[80.5935614631198,7.231961302276331],[80.59346312226829,7.232184073320451],[80.59345881693902,7.232205180755501],[80.59345881243006,7.232344615353646],[80.59345455689719,7.232365739990237],[80.5932747385981,7.232349033102939],[80.5931801895731,7.232327935675275],[80.5931457559246,7.232323721339713],[80.59305087550838,7.232302554120843],[80.59299897630302,7.232352741087187],[80.59299041462499,7.232365468429927],[80.5928918579067,7.232458106325153],[80.59288325177765,7.232466531874889],[80.59279679103891,7.232555476016556],[80.59284233647477,7.232665648506255],[80.59295029564875,7.232835307708488],[80.59295387041043,7.232842913437626],[80.59299144874288,7.232872631323777],[80.59307830255547,7.232942972269955],[80.59309342046997,7.23295035746988],[80.59310853659426,7.232968918054195],[80.59313122373607,7.23298372610946],[80.59322961458432,7.233057895967763],[80.59323339950583,7.233065339004589],[80.59325233524783,7.233083919205618],[80.5932599120266,7.233095080454554],[80.59330193887345,7.233150765376823],[80.59330971339665,7.233165598177609],[80.59331758725035,7.23318787072502],[80.59332157384156,7.233202729132802],[80.59332940572,7.233221303060848],[80.59333445773696,7.233318100857984],[80.5933308959338,7.233336747074326],[80.59332338771067,7.233344214510956],[80.59322826574031,7.233333165481954],[80.59318482269467,7.233420998410699],[80.59317214703803,7.23343831525173],[80.59313731970167,7.233534371760193],[80.59311602294322,7.23367800370027],[80.59302618693881,7.234359518639907],[80.59329584892086,7.234398277935915],[80.59331353807373,7.234402624797953],[80.59361714574976,7.234448047794093],[80.59362876577516,7.234452664404558],[80.59387042737893,7.234475269403903],[80.5938874997673,7.234479842977005],[80.59432751966371,7.234544863939725],[80.59433281865022,7.234552436888176],[80.59442363304755,7.234595481855674],[80.5944306554727,7.234591334810681],[80.59445031152572,7.234591118393611],[80.59445454898896,7.234592446699455],[80.594460180657,7.234592385647177],[80.59452983625923,7.234609613315145],[80.59453700354747,7.234612315522826],[80.59455134682476,7.234616344495372],[80.59461190697151,7.234626963485981],[80.59462064302095,7.234631079745054],[80.59466439506944,7.234641955174579],[80.5946982319296,7.234655776484522],[80.59470414137401,7.234658554149482],[80.59472485531894,7.234666893760275],[80.59475297442881,7.234669594371581],[80.59485336491257,7.234690528324387],[80.59485201292466,7.2346950474958],[80.59497159019735,7.234714005929908],[80.59497631547943,7.2346842815385]]]]}}]}