{"type":"FeatureCollection","name":"SED_PPL_MWS_106","crs":{"type":"name","properties":{"name":"urn:ogc:def:crs:OGC:1.3:CRS84"}},"features":[{"type":"Feature","properties":{"GND_N":"Mandandawela","GND_NO":"632","GND_C":"045","PROVINCE_N":"CENTRAL","PROVINCE_C":"2","DISTRICT_N":"KANDY","DISTRICT_C":"1","DSD_N":"PATHADUMBARA","DSD_C":"12","Admin_Code":"2112045","GND_NO_Cen":"632","GND_NAME_C":"Mandandawela","GND_NO_Gaz":"632","GND_NAME_G":"මන්දණ්ඩaw","shape_1":"Polygon","Area__Ha_":110.313723081,"MWS_ID":"106","Alt_MWS":null,"Total_Pop":1164.0,"Density":1055.17244023,"Area_sqkm":1.10313722726},"geometry":{"type":"MultiPolygon","coordinates":[[[[80.6354589703893,7.367119141623105],[80.63546369721135,7.367043808576634],[80.63541722183805,7.365401605579163],[80.63553422010209,7.364721544395503],[80.63563324317269,7.364549331643435],[80.63587614093144,7.364249929876245],[80.63615554204226,7.364059532001103],[80.63645374425751,7.363836650116941],[80.63666430178012,7.363623654542642],[80.63689891329697,7.363351816294726],[80.6370472655548,7.363196228750765],[80.63672062029366,7.362394821032823],[80.63664419333334,7.362139680492111],[80.63661500020586,7.361742201510027],[80.63663882625214,7.361439649007035],[80.63673043107579,7.361288649445529],[80.63692154988604,7.361265711705656],[80.63715821402943,7.361198330818114],[80.6374032116017,7.361023127216522],[80.63726703549825,7.360840457860161],[80.63715768278895,7.36059825222731],[80.63702351815397,7.360376741907616],[80.63702282475641,7.360363679975608],[80.63685717198084,7.360175834155235],[80.63685028071791,7.360169616752327],[80.6365106158989,7.359976137058506],[80.63650331816821,7.359963393186809],[80.63628274683381,7.359777756400876],[80.6362682337921,7.35975236001019],[80.63609361030299,7.359429404091639],[80.63577844437289,7.358978378598322],[80.6356836868214,7.358659909385334],[80.63569931456622,7.358329501869388],[80.63540726241465,7.358041720465592],[80.63517430095573,7.357759033330924],[80.63518542726834,7.357577432488493],[80.63516108837862,7.357390991508587],[80.63492390942109,7.357307531178266],[80.63442292080106,7.357515293209529],[80.63416065764515,7.357599322690231],[80.6339133801436,7.35766304528481],[80.6334194464957,7.357569124737107],[80.63318171246635,7.357528254056251],[80.63286811807319,7.357581361907868],[80.63275359685397,7.357532173788162],[80.63275569423841,7.357527956802835],[80.63276940401371,7.357427946468851],[80.63276599844043,7.357314455670039],[80.63276764696451,7.357258207804989],[80.63280245137722,7.357191030332714],[80.63284350375359,7.357130274486872],[80.63287976300465,7.357045734000134],[80.63289907869039,7.356976922915933],[80.63290492779882,7.356815055001045],[80.63290615621119,7.356656621948029],[80.63290455001304,7.356581112342594],[80.6328973234926,7.356519165445778],[80.63286574141,7.356424565505146],[80.63281722199868,7.356326433367133],[80.63273464433229,7.356228831989597],[80.63271278970004,7.356210289539819],[80.63265457551154,7.356213706320231],[80.6326135458347,7.356206910007926],[80.63254942673711,7.356168095856467],[80.63249898396207,7.356138870765959],[80.63244329238131,7.356089025029165],[80.63240245684682,7.356044791623716],[80.6322957683912,7.355993212223615],[80.63224106378267,7.3559754703513],[80.63223466794659,7.355975412228531],[80.6321386199006,7.355974533106463],[80.63206170824786,7.356000281825752],[80.63200481699042,7.356021966722168],[80.631941407708,7.356029270229575],[80.63187372856196,7.356050330379376],[80.6318671200837,7.356052387341644],[80.63181802620117,7.356067664141011],[80.63174600548416,7.356097301065741],[80.6316665493191,7.356148459738643],[80.63159532785888,7.356230094173248],[80.6315824258584,7.356248971800383],[80.63151704313759,7.356344642850266],[80.63151648489989,7.356345458348901],[80.63147906002148,7.356392650738924],[80.63141609891929,7.356478540737389],[80.63126343946708,7.35657974948902],[80.63097857158665,7.356651215390354],[80.63078908523923,7.35655090948295],[80.63063635623813,7.35648993352461],[80.63063565330718,7.356440033094803],[80.63063858479289,7.356336310789555],[80.63064792992581,7.356291913580741],[80.63070013398581,7.356202856953794],[80.6307410970615,7.356138755360854],[80.63076856309158,7.356073744175958],[80.63081098782644,7.355971572906209],[80.6308210788993,7.355861702773804],[80.63081655493534,7.355801748898259],[80.63081323140898,7.355757706578739],[80.63077222986173,7.355662017373712],[80.63076183590405,7.355645058364802],[80.63075249392602,7.355629817868191],[80.63068594229398,7.355554288065254],[80.63061557847494,7.355505613832606],[80.63051767674934,7.355456388051791],[80.63045554529093,7.355436925376885],[80.63037869288101,7.355286876010994],[80.63033080052581,7.35520945229602],[80.6302590004424,7.355121260515001],[80.63021891204949,7.35507008936478],[80.63020748292946,7.355055501081632],[80.63011123905241,7.35492018635065],[80.63008833233064,7.354892506380086],[80.63004911932254,7.354865183712191],[80.63004041692697,7.354860860124826],[80.62996159408969,7.354986240069399],[80.62975540380702,7.355297779255396],[80.62958474906328,7.355569443089283],[80.62932581811862,7.355902790079455],[80.6290528227799,7.356204824503586],[80.62892538029011,7.35648477389371],[80.62878919073174,7.356834752996512],[80.62878953539203,7.356849827796472],[80.62877080071482,7.356915571496786],[80.62869683137666,7.357175143724432],[80.62865433017292,7.357561577934884],[80.62853631384111,7.358339368389514],[80.62831472597014,7.358481299323874],[80.62821273128115,7.358773917070869],[80.6279197134597,7.358990920888701],[80.62772442872293,7.359247349155281],[80.62751220528655,7.35957136633261],[80.62749495069598,7.359595428549769],[80.62742538290325,7.359940324504324],[80.62659279774252,7.360669494343264],[80.62571700262093,7.361586800310913],[80.62573353541951,7.361611169521206],[80.62605682096162,7.362473164638994],[80.62612347497992,7.363152144472277],[80.62681064278898,7.364145171024941],[80.62710466214575,7.364726417481133],[80.62770737005884,7.365046240975359],[80.62811554459624,7.365337735411959],[80.6283732226075,7.365554478260404],[80.62866806929084,7.365902850467604],[80.62870550195385,7.365972360074291],[80.62881204893681,7.36608780738588],[80.62881257139784,7.366088404396035],[80.62893990086957,7.366233443603552],[80.62900373559819,7.366308341558809],[80.62904374869598,7.366365148381131],[80.62904846128623,7.366371838134232],[80.62907815170792,7.366425745084122],[80.62911708900761,7.366473414499312],[80.62918283002054,7.366516976350055],[80.62927629490447,7.366578909111003],[80.62939900895886,7.366654099449537],[80.62945850885706,7.366695083765413],[80.62956239616514,7.36672134344535],[80.62967751777124,7.366743989582515],[80.62974907229919,7.366763185989187],[80.62980520769098,7.366772084594922],[80.62985196831562,7.366779497073847],[80.62991310836827,7.366785666317981],[80.62997868284147,7.366807121481947],[80.63000991448746,7.36682427631605],[80.6300651732696,7.366854627311171],[80.63011362428516,7.366886565835024],[80.63017312901839,7.366907563220773],[80.63034414467045,7.366915761349439],[80.6303849989441,7.366916135488419],[80.63050556184623,7.366919612932902],[80.63067341258738,7.366913881876275],[80.63079325406272,7.366913018368517],[80.63097442068812,7.366903583898436],[80.63109589573355,7.36689322388137],[80.63132670171836,7.366885613972822],[80.63139909391445,7.366883478855442],[80.63142969469499,7.366882575420061],[80.63166883088918,7.366888080382097],[80.6317325095133,7.366890181753052],[80.63184980422945,7.366918797320858],[80.63185163468708,7.366919443581948],[80.63192832915425,7.366946494243094],[80.63203076177291,7.366992828345347],[80.63212622405172,7.3670281295268],[80.63227331942971,7.367059736062279],[80.63245311035644,7.367103021244855],[80.6325969503868,7.367117358114316],[80.63274260134523,7.367133955364564],[80.6328456856902,7.367131456383385],[80.63291978194918,7.367125965709438],[80.63300611686287,7.367103296336713],[80.63308610360603,7.367089576581994],[80.63316889881906,7.367083002586202],[80.63327769328485,7.367055622610406],[80.63382900648003,7.367076651639418],[80.63443380447345,7.367272886109248],[80.63507631203301,7.36780794851655],[80.63516771905361,7.367898605412202],[80.63532287928494,7.367630060909149],[80.6354589703893,7.367119141623105]]]]}},{"type":"Feature","properties":{"GND_N":"Udathalavinna","GND_NO":"615","GND_C":"115","PROVINCE_N":"CENTRAL","PROVINCE_C":"2","DISTRICT_N":"KANDY","DISTRICT_C":"1","DSD_N":"PATHADUMBARA","DSD_C":"12","Admin_Code":"2112115","GND_NO_Cen":"615","GND_NAME_C":"Udathalavinna","GND_NO_Gaz":"615","GND_NAME_G":"උඩතලවිනav","shape_1":"Polygon","Area__Ha_":114.021625441,"MWS_ID":"106","Alt_MWS":null,"Total_Pop":3215.0,"Density":2819.64057071,"Area_sqkm":1.14021625075},"geometry":{"type":"MultiPolygon","coordinates":[[[[80.64662705667914,7.349638978745377],[80.64639784040877,7.349197478651621],[80.64610701656017,7.34884646484218],[80.64602199787603,7.348205387300863],[80.6461825578704,7.347369299716853],[80.646382560949,7.346724626983085],[80.6469419961527,7.345547770707026],[80.64694531738434,7.345454722663137],[80.64708116591717,7.34513581920215],[80.64709365760935,7.345066498144496],[80.64710794417785,7.345004738467561],[80.64714936974808,7.344607053974736],[80.64715563553365,7.344567600199715],[80.64719131310072,7.344332601497327],[80.64735503082488,7.343772135358174],[80.6473606052754,7.343679940705871],[80.64734332902299,7.343599599402832],[80.64860489626048,7.342170739451324],[80.64864090080053,7.342173659734305],[80.64873464630902,7.342174228060347],[80.64879941099,7.342167464197493],[80.64889904511516,7.342173733070619],[80.64897122894202,7.342192562120718],[80.64904966557,7.34220416032725],[80.64913552607652,7.342231131942635],[80.64919240121174,7.342257192842368],[80.64923416584402,7.342284677350319],[80.64930521625197,7.342062124402482],[80.64931388825936,7.341962687131851],[80.64935454528815,7.34183949476273],[80.64936599910232,7.341745748142618],[80.6493638296033,7.341739979893112],[80.64936047789789,7.341734825330146],[80.64935199233253,7.341636887058993],[80.64932883028906,7.341546269480351],[80.64928448622761,7.341412963772762],[80.64927317277183,7.341385559326433],[80.64925589394713,7.341306971524819],[80.64925491705944,7.341238424275893],[80.6492951286017,7.34121663655637],[80.64932430887319,7.341200824956241],[80.6494216950999,7.34114487621324],[80.64947433184696,7.341101213313053],[80.6495673812034,7.341010085071566],[80.64958669731074,7.340953751622484],[80.64962114739735,7.340924890607304],[80.64974373587013,7.340999577998725],[80.64985595041989,7.341087703072044],[80.64996611191599,7.341007978288796],[80.65007848409736,7.340909910338464],[80.65012483512739,7.340835848394367],[80.65016598371753,7.340738161004807],[80.65022332628759,7.340593163282156],[80.65036568770938,7.340564912153805],[80.65069249793487,7.340456953201403],[80.65076484852119,7.340423069353331],[80.6507995545756,7.339988092715061],[80.65083592748233,7.339988220438761],[80.65094054339818,7.339989424345467],[80.65109623601147,7.339998860767306],[80.65116091402948,7.340002779954965],[80.65132195689833,7.340012679887958],[80.65148254671578,7.340019959875042],[80.65161044628309,7.340001819847192],[80.65165809380531,7.339990348442655],[80.65169315008838,7.339979415215897],[80.65170229988422,7.339977156096016],[80.65169533979675,7.339961473571046],[80.65169451334864,7.339959611384257],[80.65168899581444,7.339938630050789],[80.65168393602603,7.339890429359336],[80.65168502962047,7.339863210177836],[80.65169038019802,7.339839700719454],[80.65169600112044,7.339824419578341],[80.65170207309006,7.339809228088182],[80.65170742112312,7.339798107563881],[80.65170962928296,7.339795222549415],[80.65171240375393,7.339791597068855],[80.6517153048791,7.339788522343239],[80.65172354749338,7.339784818801143],[80.65173260597844,7.33978192754829],[80.65175117376941,7.339780303146836],[80.65177028572501,7.339779404145609],[80.65179112735652,7.339779730952155],[80.65182906981406,7.339780325650111],[80.651899898809,7.339791016039512],[80.651922179671,7.339794730753378],[80.65198367812692,7.339802976025842],[80.65207705886918,7.339817199407482],[80.65216563781478,7.339832597939082],[80.65220784801807,7.339834055584555],[80.65223638186824,7.33982628737746],[80.65227270747825,7.339810742516211],[80.65228557183589,7.339798629328778],[80.65228640544865,7.339797524502143],[80.65234605291026,7.339807640214442],[80.65253959542895,7.339808361877873],[80.65275195608024,7.339707750760236],[80.65275668009517,7.339702892341719],[80.6530358770884,7.339579839325131],[80.65305438461415,7.339570061667295],[80.65327048504027,7.339452658440037],[80.6532750496237,7.339447829814148],[80.65329284866654,7.339234290126444],[80.65327905622746,7.339103645469031],[80.6533683627951,7.338992305144154],[80.65337307721829,7.338217496921739],[80.65331222709095,7.338012839444487],[80.65319994121519,7.337983416157025],[80.65300613193656,7.337970782347756],[80.65267937968126,7.338021660798296],[80.65257214906393,7.338011376487718],[80.65249071162123,7.338008673695358],[80.6524369315243,7.338009871536178],[80.65225640993442,7.338049148902448],[80.65225433464565,7.33803999950676],[80.65222839354534,7.337925623469],[80.65219645511591,7.337802447818866],[80.6521721265946,7.337670684305111],[80.65215504494375,7.337532954399705],[80.65214966657884,7.337326953835459],[80.65214615690007,7.337248006401212],[80.65214510709914,7.337117425813742],[80.65215184978203,7.33696975426362],[80.65216772316036,7.336888460999721],[80.65217924035159,7.336837915511003],[80.65219647597185,7.33674360067348],[80.65219577151676,7.336674150991807],[80.6521806620411,7.336613738541231],[80.65216509083218,7.336578738656568],[80.65211440357832,7.336454382221285],[80.65204153037413,7.336308137344673],[80.65196104892999,7.336164783212448],[80.65193271753284,7.336096681430748],[80.6519197717115,7.336069820077762],[80.65190120882224,7.336051094982648],[80.6518643551027,7.336012471081509],[80.65184289431298,7.335991846147181],[80.65177028331767,7.335880416021201],[80.6517028391644,7.335757955736468],[80.65163285710953,7.335635493833004],[80.65158989477042,7.335571689734057],[80.65157871688739,7.335555086359461],[80.65152203290536,7.335485892422039],[80.65146281353967,7.335427096341763],[80.65138912651537,7.335361748181043],[80.65127645442918,7.335261828548252],[80.65116598659625,7.335137455366791],[80.65104627839519,7.335019139310426],[80.65095495590239,7.334881080281965],[80.65094062291104,7.334859411015954],[80.65084781325199,7.334743904842927],[80.65073064265347,7.33462097837602],[80.65061854047822,7.334511886404417],[80.65055808157976,7.334449145294363],[80.65050897486573,7.334398186792265],[80.65034923421828,7.334280493259953],[80.65019636369031,7.334201864733386],[80.65007192325416,7.334164483026644],[80.64994105432838,7.334121944052437],[80.64980983058365,7.334046578778019],[80.64969119718623,7.333973387337934],[80.649654520761,7.333949683386574],[80.64963242552874,7.333931229398343],[80.64961495004826,7.333914585315434],[80.64958497965378,7.33387876650641],[80.64959648593074,7.333861135861707],[80.64961189211466,7.333838080504136],[80.64966752201452,7.333779767799784],[80.64974253638717,7.333713594928696],[80.64987062275219,7.333666065599934],[80.64997370673566,7.333640592367426],[80.65006948087233,7.333610069243981],[80.650033673647,7.333388317997072],[80.64991200864416,7.333309339134902],[80.6494592459055,7.333144152947992],[80.64935673301233,7.333024452291887],[80.64936853092306,7.332994053894192],[80.65099002465224,7.332195000963289],[80.65085408578949,7.331783713570961],[80.65085511966923,7.331782224473887],[80.650884251332,7.331740276601289],[80.65095111131863,7.331681606042328],[80.65104551426293,7.331600335595015],[80.6511401778204,7.331548997600602],[80.65121332957261,7.33153403458003],[80.65125231714757,7.331526059535],[80.65140475354566,7.331534873644776],[80.65155654706405,7.331569007984997],[80.65155842193107,7.331569145959201],[80.65170191718983,7.331579719067909],[80.65184702687374,7.331546571376778],[80.65191967892382,7.331507705587603],[80.65208087935618,7.331412062331411],[80.65220876873344,7.331696474463712],[80.65248035803607,7.331392900959234],[80.65259274323802,7.331305749030352],[80.65300376855637,7.331084931878157],[80.65323814281308,7.330984362633505],[80.65344914844117,7.330963714537311],[80.65363275241829,7.330866859645132],[80.65365519135483,7.330840807393608],[80.65370131221158,7.330774353757755],[80.6537659158376,7.33068782964459],[80.65377036915892,7.330635742143627],[80.6537666687402,7.330587632254502],[80.65375063988658,7.330570356616454],[80.65370264192161,7.330545656078199],[80.65366388583688,7.330512457614689],[80.6536333787737,7.330458100725623],[80.65354701462606,7.330292951558781],[80.6534643509872,7.330178986894962],[80.65349624753384,7.330147023097132],[80.65347468732492,7.330119740738063],[80.65346175397886,7.330093896767064],[80.65345313644403,7.330055133303993],[80.65345171672938,7.329990531369805],[80.65345748003503,7.329947466452616],[80.65346467773324,7.329918755917289],[80.65348194010217,7.329890049939841],[80.65350351485424,7.329864215394902],[80.65352652647773,7.329846994720517],[80.65357685990013,7.329816860832144],[80.65367207605588,7.329782631840405],[80.65388460090534,7.329689176756666],[80.65415950065716,7.329536700237739],[80.65428441921388,7.32936484436719],[80.65436209327645,7.329258631616836],[80.6544109859089,7.329237112530116],[80.6544785770508,7.329201240895895],[80.65455623193225,7.3291653728805],[80.65464251598576,7.329122327929808],[80.65467128071246,7.329092188983774],[80.65468710918552,7.329053431248734],[80.65469575199869,7.328996010386286],[80.65470727327924,7.328928542598335],[80.65471161214396,7.32883379458687],[80.65470587740258,7.328772063547893],[80.65465413455173,7.328693091296288],[80.65461245817407,7.328614122667203],[80.65459234513075,7.328550952607502],[80.65455929587367,7.328469116052436],[80.6545305573087,7.328403069781657],[80.65446299607133,7.328332709417453],[80.65434798677616,7.328258027177821],[80.65412658470659,7.328141685553678],[80.65396701350866,7.328028230901049],[80.65380600292224,7.327909033480377],[80.65362630094738,7.32779844438489],[80.65352998415513,7.327722332813484],[80.65334454467256,7.327551447679741],[80.65322235634169,7.327442309272686],[80.6531030409254,7.3273403508764],[80.65299146885393,7.327270975682166],[80.652858642817,7.327201031247511],[80.65274074981293,7.327150754027437],[80.65262428972426,7.327123446451],[80.65252939730078,7.327099014131596],[80.6524301965018,7.327057356358626],[80.65241754312889,7.327048073827111],[80.65233818993094,7.326989857393826],[80.65210655470584,7.327188627879266],[80.65210757150668,7.327441653764942],[80.65209288118669,7.327507301153712],[80.65206160184762,7.327619878154909],[80.652036846911,7.327727936348514],[80.65200084801427,7.327868816702488],[80.65199313003689,7.32794115875475],[80.65199237803148,7.328036742397271],[80.65197913214658,7.328116137382973],[80.65196750616624,7.328236406375689],[80.6519642372812,7.328262719764637],[80.65194004083004,7.328313083616634],[80.65192381118769,7.32837366738226],[80.65190358580723,7.328419704339362],[80.65185726972368,7.328637953021128],[80.6519552460901,7.328872815670509],[80.65189195736171,7.329064370984491],[80.6518910632447,7.329084474280828],[80.6518195785913,7.32936323370224],[80.6515818277024,7.329901954709324],[80.65157423164472,7.330466620607289],[80.65142607801864,7.330681978837697],[80.65121682179598,7.330886343598356],[80.65087245228605,7.331014803245622],[80.6507363044766,7.331182732128726],[80.65059869497438,7.331297960543436],[80.65028242382564,7.331150390265003],[80.65027302893493,7.331171299618084],[80.65021946939741,7.331273560266038],[80.65016517821286,7.331407199984994],[80.65013308757229,7.331500064615248],[80.65009021789474,7.33160142484759],[80.65006982622108,7.331641750995751],[80.65005505024271,7.331685153347221],[80.65005438724184,7.331775132124384],[80.65005429594476,7.331787338368479],[80.65005770957652,7.331813577652589],[80.65006622693974,7.331879038856175],[80.65012997057667,7.331957911895575],[80.65016310643985,7.332010008091648],[80.65018700530214,7.332052968242635],[80.6501953111824,7.33215226475111],[80.65018640805623,7.332247303498238],[80.65018296091183,7.332262857431187],[80.65017589074603,7.33228166402639],[80.65016410931557,7.332305263004712],[80.6500669986169,7.33235813741379],[80.64993999579698,7.332447882645816],[80.64992884284743,7.332455762311369],[80.64981606780417,7.332493260029743],[80.64977421977478,7.332497948813519],[80.64976745684466,7.332499989728035],[80.64975127360171,7.332500519614415],[80.6496638937246,7.332510309394094],[80.6495017661659,7.332505469980621],[80.64944466510018,7.332497883955872],[80.64936056454944,7.332486711071981],[80.64926537356145,7.332473753562987],[80.64913974901977,7.332461689918408],[80.64899835888997,7.332472139798895],[80.64887209525739,7.332474726495894],[80.6487651247615,7.332478404698891],[80.64867173566293,7.332496100701563],[80.64862590259959,7.332506126341541],[80.64860977877578,7.332511096326595],[80.64858469392445,7.332495263914114],[80.64857618002898,7.332497793540506],[80.6485697477346,7.332499690746854],[80.64856041563809,7.332506469455615],[80.64851230882898,7.332552484753742],[80.6484657347926,7.332616677857195],[80.648439097331,7.332642623748002],[80.64842658133499,7.332656348396139],[80.64826103092953,7.332616549053959],[80.648157354543,7.332623671632125],[80.64814833232386,7.332623703423241],[80.6473328135413,7.332488858481724],[80.64715241608495,7.332571993422416],[80.64692472821586,7.332573758249215],[80.64675352147982,7.332490362137561],[80.64660431793364,7.332361175746819],[80.64641147367804,7.332268874931365],[80.64625409767748,7.332239629516559],[80.64606498632173,7.332346180206458],[80.64606408202079,7.332353649478478],[80.64590220937534,7.332550135390713],[80.64576391237988,7.33288674514831],[80.645851752594,7.333113132792729],[80.64607128411694,7.33327441359352],[80.64608198374245,7.333280833620092],[80.6460927032923,7.333287262695242],[80.64610344095381,7.333293704435585],[80.64629233521666,7.333443449117055],[80.64630059191514,7.333450258185938],[80.64631155943592,7.333460543270986],[80.64631947167945,7.333474521545392],[80.64633630400061,7.333484686245281],[80.64663835504699,7.333644881050334],[80.64676536686511,7.333702848162506],[80.6469091892567,7.334257238418989],[80.646904245613,7.334257320191259],[80.64665983209608,7.334471873137515],[80.64629550312698,7.334665149216364],[80.64609368293769,7.334547464621326],[80.64598663081532,7.334350522763923],[80.64578763438564,7.334455652499054],[80.64562625900172,7.334543511877807],[80.64548842367091,7.334682771332272],[80.6457605876853,7.334766053484402],[80.64622021423106,7.334844710019355],[80.64640930760972,7.334891147267239],[80.64688566802145,7.335212101177234],[80.64682805079475,7.335704372937571],[80.64674391856146,7.336041972484092],[80.64648978948982,7.336494707455661],[80.6462656251798,7.336763586496506],[80.64625864605048,7.336770633508559],[80.64606834228263,7.337015279722632],[80.64578365237246,7.337275536525389],[80.64558818994033,7.337544548337806],[80.64537454342553,7.338140956281752],[80.64518856579576,7.338984306211774],[80.6448350876305,7.338960277768287],[80.64485231926979,7.339443372496843],[80.64485111467798,7.340445461297938],[80.64472402971856,7.340448929148574],[80.64460074957076,7.340462729724642],[80.64451641764883,7.3404790719354],[80.64440309662959,7.340516748940959],[80.64434611348229,7.34055154780836],[80.64419681804404,7.3406350613717],[80.64412544031758,7.340642454733996],[80.64406496244764,7.340641233301453],[80.64404364891234,7.3406408029065],[80.64399074326407,7.340615111486099],[80.64397487287779,7.340668541987129],[80.64398066828073,7.3408544409613],[80.64398034949473,7.340903304800451],[80.64398144639375,7.341047250031851],[80.64397730790806,7.341145348345342],[80.64397074700652,7.341214109498951],[80.64396403886872,7.341238614092766],[80.6439095850191,7.341290053699137],[80.64392252170836,7.341340517537923],[80.64392303007057,7.34146223667048],[80.64384907024818,7.341627430740463],[80.64377356485436,7.341811884152889],[80.6437538817606,7.341863075370386],[80.64373639866643,7.341908543912408],[80.64368019884748,7.342056200648734],[80.64366288769212,7.342096039057102],[80.64361938001849,7.342196168544483],[80.64356743090201,7.342337764987218],[80.64355746674065,7.342361358883056],[80.64350372743971,7.342449156989875],[80.64345225696817,7.342528178611218],[80.64342453010252,7.342562532955235],[80.64337360331757,7.34263766532715],[80.64334713291301,7.342711087668628],[80.64334404147506,7.342744725861951],[80.64334132188881,7.3427553958133],[80.64333959676111,7.342766338253937],[80.64333343594441,7.342780713917462],[80.64330190220399,7.342820766033016],[80.6433425639131,7.342840039699305],[80.64335150273867,7.342843954354871],[80.64333517935665,7.342891117882286],[80.6435948308799,7.34309395628352],[80.6435607966753,7.343331168898725],[80.64343859160967,7.343577282680419],[80.64328503499662,7.343786130820508],[80.643311123895,7.34378972772383],[80.64332135765632,7.34379479393953],[80.643327154793,7.343800312799864],[80.64332995954278,7.343804834233471],[80.64333095419475,7.343813606251619],[80.64333229450018,7.343875371337734],[80.64331578093646,7.343971041531399],[80.64329039906578,7.344038765278904],[80.64326547801507,7.344119386307449],[80.64325059718676,7.344167526901248],[80.64323036700385,7.344272962442947],[80.64323351244745,7.344356249531266],[80.64325413574959,7.344445690146033],[80.64331119073779,7.34448197044581],[80.6433505596476,7.344508702407052],[80.64344802608797,7.344574881819649],[80.64357308982756,7.34465314179753],[80.6436487112033,7.344690421372936],[80.64370622205094,7.344710784245321],[80.6437323013131,7.344737920990976],[80.64374424852103,7.344768489906225],[80.64374623236162,7.344798423771628],[80.64374717488981,7.34489448074921],[80.64374790205298,7.344968432920407],[80.64373827525773,7.345057684620369],[80.64371226068145,7.345120886694852],[80.64364612581731,7.345164816194838],[80.64357338166714,7.345192828930642],[80.64345534463074,7.345243253112693],[80.64338413617996,7.34529115999691],[80.64331863793105,7.345329301203114],[80.6435354435677,7.345871796985341],[80.64355781152699,7.345973447070558],[80.64356625340272,7.346272516477755],[80.64325828454656,7.346655234986014],[80.64287018902927,7.346961102722921],[80.64240215040358,7.347266954396416],[80.64219442821245,7.348942679083828],[80.64225545040287,7.349135092818344],[80.64254974590213,7.349032221469279],[80.64286678512029,7.34906132135987],[80.64327029779156,7.349155102408838],[80.64351831536803,7.349135157388142],[80.64387163082354,7.349261306061094],[80.64423525687582,7.349670138429278],[80.64435592966697,7.349752595575238],[80.64441614377458,7.350065595542287],[80.64443083188306,7.350059995907215],[80.64482083166267,7.349989797383268],[80.64516227924197,7.349777633449599],[80.64532384007217,7.349607800444124],[80.64546506449516,7.349476649260336],[80.64548145262252,7.349462147240456],[80.64561480553833,7.349495633507947],[80.64562113889718,7.34951080862385],[80.64568590231693,7.349747731805814],[80.64569940620954,7.349771147193065],[80.64588483137139,7.349931272418552],[80.6459080379198,7.34993973076585],[80.64618906869032,7.350017685385676],[80.64660204962972,7.35007622377925],[80.64661760731352,7.350076716601155],[80.64678894948655,7.350100125122533],[80.64678159313483,7.350051632556144],[80.64664200731477,7.349683725181698],[80.64662705667914,7.349638978745377]]]]}},{"type":"Feature","properties":{"GND_N":"Pallethalavinna","GND_NO":"613","GND_C":"165","PROVINCE_N":"CENTRAL","PROVINCE_C":"2","DISTRICT_N":"KANDY","DISTRICT_C":"1","DSD_N":"PATHADUMBARA","DSD_C":"12","Admin_Code":"2112165","GND_NO_Cen":"613","GND_NAME_C":"Pallethalavinna","GND_NO_Gaz":"613","GND_NAME_G":"පල්ලෙතලal","shape_1":"Polygon","Area__Ha_":71.4246298325,"MWS_ID":"106","Alt_MWS":null,"Total_Pop":2307.0,"Density":3229.97824815,"Area_sqkm":0.71424629603},"geometry":{"type":"MultiPolygon","coordinates":[[[[80.63822809972335,7.340536776676903],[80.6383080057811,7.340480915417798],[80.63837224487563,7.340412840359252],[80.63843303755915,7.34036221815327],[80.63851312417228,7.340311059278728],[80.63855996601593,7.340266853313365],[80.63860083628876,7.340201485764031],[80.63863998948432,7.340123455656412],[80.63867797028314,7.340028787848803],[80.63870852496512,7.339930228361733],[80.63872196351656,7.33982225798963],[80.63873601997855,7.339766738190688],[80.63876312534963,7.339692142532783],[80.63877041387087,7.339551254607524],[80.6388557387922,7.339545854921989],[80.63891416805559,7.339525072964574],[80.63896960985541,7.339493259417307],[80.63909100579788,7.339417696022096],[80.63914147224723,7.339367975764752],[80.63917290969226,7.339344021377594],[80.63924728209618,7.339317728005187],[80.63927970746784,7.339318281384804],[80.63934853913662,7.339342808949462],[80.63945930492133,7.339370876059029],[80.63951075321023,7.339371433409539],[80.63960205048954,7.339384574484319],[80.63973020854174,7.339407672259078],[80.63973314016341,7.339408805336014],[80.63980257078717,7.33943563717389],[80.63994964935964,7.339497627407678],[80.64008332628339,7.339544600316318],[80.64013875661718,7.339550223795523],[80.64030331765557,7.339605707340447],[80.6403601910199,7.339637736831937],[80.64052618804351,7.339740064450385],[80.64073511187559,7.339861394395919],[80.6408224189553,7.339881948387795],[80.64105114315225,7.339939914332197],[80.6410539173076,7.339940616001378],[80.64107400583933,7.339951253923599],[80.64111423090351,7.339972556004615],[80.64119700317102,7.340025030400811],[80.64128176336312,7.340087362265713],[80.6413450654096,7.340124367225168],[80.64141389808312,7.340146363337134],[80.64150374787909,7.34015443769707],[80.64164395911567,7.340163161059612],[80.64164405875019,7.340163161089478],[80.64168082025628,7.340163203762557],[80.64175020390852,7.340163283337882],[80.64190445699076,7.340166946738259],[80.64201269162707,7.340176565619968],[80.64202593847608,7.340179636067706],[80.64208650753464,7.340193678083134],[80.6421364071632,7.340221094234662],[80.64219526790771,7.340265512116544],[80.64226454141401,7.340324945408271],[80.64231877993373,7.340381842159298],[80.6423377958554,7.34039930175607],[80.64238063231092,7.34042074647942],[80.64239855295448,7.340466146854448],[80.64241991718717,7.340509017115653],[80.64245178922573,7.340545922118469],[80.64246980970601,7.340560396313778],[80.64249471477689,7.340569357225259],[80.6425380908401,7.340606807326697],[80.64258545899604,7.340621832840247],[80.64266019113579,7.340598163294563],[80.64271979406347,7.340590133651468],[80.64280357591103,7.340590158568867],[80.64288590967666,7.340589368264746],[80.64312195397964,7.340589710533716],[80.64337801488168,7.340590056796112],[80.64345980689015,7.340589629755584],[80.64357457089865,7.340576370461887],[80.64363000719625,7.340565534322669],[80.64376062236083,7.340557705473741],[80.64380174465997,7.340556451588315],[80.64385056313823,7.340561801370651],[80.6439286355243,7.340590725871081],[80.64406496244764,7.340641233301453],[80.64412544031758,7.340642454733996],[80.64419681804404,7.3406350613717],[80.64434611348229,7.34055154780836],[80.64440309662959,7.340516748940959],[80.64451641764883,7.3404790719354],[80.64460074957076,7.340462729724642],[80.64472402971856,7.340448929148574],[80.64485111467798,7.340445461297938],[80.64485231926979,7.339443372496843],[80.6448350876305,7.338960277768287],[80.64518856579576,7.338984306211774],[80.64537454342553,7.338140956281752],[80.64558818994033,7.337544548337806],[80.64578365237246,7.337275536525389],[80.64606834228263,7.337015279722632],[80.64625864605048,7.336770633508559],[80.6462656251798,7.336763586496506],[80.64648978948982,7.336494707455661],[80.64674391856146,7.336041972484092],[80.64682805079475,7.335704372937571],[80.64688566802145,7.335212101177234],[80.64640930760972,7.334891147267239],[80.64622021423106,7.334844710019355],[80.6457605876853,7.334766053484402],[80.64548842367091,7.334682771332272],[80.64528542784346,7.33474218993068],[80.64522111407352,7.334496122404021],[80.64517552871686,7.334413990359628],[80.64500650087477,7.334333672462394],[80.64486419087432,7.334306609417822],[80.64467295555619,7.334322640972133],[80.64456523159582,7.334250418087097],[80.64448711035817,7.33426181289356],[80.6444334369289,7.334326773040106],[80.64436393221895,7.334399397915508],[80.64434327678812,7.334425862572807],[80.64412020696861,7.334502585799029],[80.64424774505002,7.334895032396546],[80.64426542355437,7.335051996346607],[80.64417363122779,7.335294791569691],[80.64413271524585,7.335461019136215],[80.64397608230513,7.335476448349482],[80.64387899769515,7.335445539650719],[80.64381745598926,7.335160472033339],[80.64351819312648,7.335127813460018],[80.6431821058653,7.335219888586658],[80.64317667829118,7.335229935579436],[80.64314923047901,7.335280737447476],[80.64314817607631,7.335281072630962],[80.64299258825594,7.335330513503775],[80.64263114694187,7.335312650157697],[80.64220274241623,7.335372115082185],[80.64217434133401,7.335369456096723],[80.64140770026357,7.335440290231531],[80.64135519644752,7.335234843353211],[80.64131909640734,7.335232268814561],[80.64127173096203,7.335210280956881],[80.64116749264178,7.335165305827047],[80.64108571020581,7.335140323402423],[80.64103780059004,7.335120776066769],[80.64098472930887,7.335100413300185],[80.64093256086241,7.335086742631646],[80.64090702154985,7.335079590049438],[80.64085865995138,7.335063117184328],[80.64076944442633,7.335057664473439],[80.6406825834888,7.335050495186692],[80.64060142600987,7.335055624299478],[80.64053430671031,7.335067270419877],[80.64047886984689,7.335076025392073],[80.64042960590236,7.335096133018189],[80.64042750881286,7.335096987853404],[80.6404215302056,7.335098976413406],[80.64034480362855,7.335125177951873],[80.64029480366423,7.335135109234016],[80.64024435112186,7.335138079059599],[80.64019135882658,7.335158952378044],[80.6401684372354,7.335175404628005],[80.64011798350452,7.33518524532265],[80.63990497136183,7.335243150967106],[80.63953133141585,7.335163374749608],[80.63932983155631,7.335173387290543],[80.63932354640357,7.335173700975814],[80.63932939726485,7.335296234720901],[80.63934067947933,7.335426277632632],[80.63934043982485,7.335611659383774],[80.63849430972172,7.335643332455082],[80.63841818451839,7.336313315146633],[80.63784288158352,7.336222698116388],[80.63780343466657,7.336223175184856],[80.63750862657557,7.336265074542293],[80.63749291796574,7.33626509591391],[80.63719227454114,7.336328601543453],[80.63691346229945,7.336486140296601],[80.63656376190723,7.336659379012954],[80.63653957301513,7.336736560850098],[80.63634802921155,7.336660359039028],[80.63630591632457,7.336644338878171],[80.63617430977861,7.336636793050039],[80.63609098052646,7.33664011206174],[80.63603191705957,7.336665142773452],[80.63596144269616,7.336684744104256],[80.63587131645856,7.336691408675501],[80.63578753295897,7.336690387746251],[80.63575311951098,7.336675817728615],[80.63563613789226,7.336545560809047],[80.63559206655837,7.336492796393952],[80.63558959838292,7.336489841268214],[80.63543399002718,7.336485542286808],[80.63532720013242,7.336484876683],[80.63527258091061,7.336490737499667],[80.63526747497292,7.336494134261429],[80.63525192614254,7.336504476396542],[80.63520916722666,7.336526707879819],[80.63510943951377,7.336537619499708],[80.63504222873945,7.336542388456184],[80.63483628571802,7.336542912354804],[80.6347480975308,7.33653331435541],[80.63468356337802,7.336494804237881],[80.63466712892124,7.336510175797572],[80.63464587348288,7.336530058300379],[80.63463772636679,7.33653514333094],[80.63462893150339,7.336540633284101],[80.63460945534769,7.33655075441292],[80.63457032792982,7.336549024802456],[80.63451081740382,7.336549730369595],[80.63438627157896,7.336558552293282],[80.63425312423841,7.336562942194744],[80.63415964184088,7.336584886245765],[80.63410755213617,7.336614349081488],[80.6340869830919,7.336640387353735],[80.63403816440015,7.336637479037135],[80.6339940515849,7.336641714377902],[80.63390537045453,7.336664112046954],[80.63389142115939,7.336665917132301],[80.63384948544507,7.336665542116428],[80.63379612790015,7.336662896390265],[80.63379552286129,7.336662866356399],[80.63379524866937,7.336664915416246],[80.63379423347658,7.336667241861529],[80.63376459413603,7.33673306649981],[80.63376249889748,7.336767881436175],[80.633772362066,7.336800981994092],[80.63379900616584,7.336842974444229],[80.63381500294925,7.336868184204805],[80.63382441634587,7.336885839152242],[80.63385618871573,7.336945425503408],[80.63387446090995,7.337021483038139],[80.63386512182694,7.337054938321691],[80.63384382613987,7.337084411791964],[80.6338091231862,7.337125818690289],[80.63378656579975,7.337138109128159],[80.6337343641718,7.337166064412472],[80.63372749913586,7.337169740931432],[80.6336725007596,7.337225338907376],[80.63359910181406,7.337334916010259],[80.63355660182839,7.33739395338182],[80.63355305871656,7.337427320973655],[80.63356192541653,7.337457980509363],[80.63359053771998,7.337483037841807],[80.63364867689147,7.337519770941256],[80.6337144181026,7.337573689075307],[80.63373198165105,7.337602451431211],[80.6337355925101,7.337637900283595],[80.63374236348906,7.337710608256291],[80.63376083024743,7.337741722985332],[80.63381371408255,7.337784603644923],[80.63383885669741,7.337806009196887],[80.63387375084106,7.337835714803949],[80.63393639809502,7.337929330751622],[80.63397704234528,7.338009373391444],[80.63400653296543,7.338120974417662],[80.63402145798436,7.338189885998989],[80.63404589092934,7.338258440679182],[80.63405539103975,7.338294072253959],[80.63405655979899,7.338321563382901],[80.63405129853528,7.3383433553774],[80.63404196486657,7.338359720274329],[80.63399466809516,7.338409623626051],[80.6339287049844,7.338480499036697],[80.63387035483657,7.338539893129625],[80.6338604723925,7.338553005981074],[80.63382695127594,7.338597483353574],[80.63382485708043,7.338631846136961],[80.63382906253099,7.338643283264689],[80.63384793411767,7.33869461286833],[80.63384809994514,7.338717157151152],[80.63384819459638,7.338729970225598],[80.63385242307692,7.338817056681465],[80.6338746943602,7.338853054934388],[80.63393718404308,7.338901434064774],[80.63394188562089,7.338905073559007],[80.63399757278262,7.338959890958339],[80.63400888464939,7.338991997236694],[80.6340036201647,7.339035286277994],[80.63400080220646,7.339058460817432],[80.63400305494969,7.339089479968187],[80.6340234282458,7.339115439868586],[80.63405349369967,7.339134257953917],[80.63411752150515,7.33916529666622],[80.63417040434788,7.33920908158577],[80.63420709058452,7.339274757220926],[80.6342234521095,7.339304049097481],[80.63423268989325,7.339324431352686],[80.63423632653767,7.33932731089397],[80.63472712057978,7.33931035831047],[80.63477819790715,7.339418438410015],[80.6348487125853,7.339556548332514],[80.63488618533738,7.339638851548446],[80.63489902980417,7.339694017969465],[80.63490567690083,7.339867103321462],[80.63486740659242,7.3400155775335],[80.63482777988332,7.340159710667571],[80.63478026662457,7.340321022130212],[80.63474498587983,7.340464705377421],[80.63474289447002,7.340496174400374],[80.63474424532032,7.340546620365103],[80.63474432589108,7.340549619053335],[80.63475508920251,7.340600986755191],[80.63477030000236,7.340620343595789],[80.63479629056039,7.340630479960824],[80.63484511335362,7.340630404914211],[80.63487119636828,7.340637466679954],[80.63494582314458,7.34066470964602],[80.63500288573694,7.340670333369594],[80.63505930481104,7.340697390630982],[80.63513616496388,7.340748471648385],[80.63540682374399,7.340534331314721],[80.6354707267513,7.340502351757975],[80.63566588310002,7.340533168209099],[80.63582661221363,7.340598254962855],[80.6360212921667,7.340658065722721],[80.63602589733628,7.340663084224795],[80.63609520517244,7.340781045745635],[80.63607818376214,7.34095799771569],[80.63611738129704,7.341410884919219],[80.6359692735893,7.341750734731312],[80.63598771880253,7.341854463844955],[80.63600817839854,7.341943945417288],[80.63602086824906,7.341987327807003],[80.63603694135772,7.342021412324173],[80.63605077982939,7.342081823967752],[80.63609658265352,7.342178056826379],[80.63611159294831,7.342253750619762],[80.63612326684553,7.342287484699636],[80.63612741793153,7.342336860840899],[80.63612841249565,7.342345452917062],[80.63612423313683,7.342386326025839],[80.63612123357649,7.342419874663245],[80.63611422898046,7.342518983885802],[80.63611425144545,7.342519556315444],[80.636117104222,7.342593137480574],[80.63613863833743,7.342664583093662],[80.63616731812711,7.342770667480006],[80.63617344592917,7.342804594251471],[80.63706684175438,7.343056220055578],[80.63711827305288,7.343357305906039],[80.63716816169504,7.34376092817109],[80.63721329274041,7.343886618318398],[80.6373927369605,7.343965180797337],[80.63744851430204,7.344237685701883],[80.6375578416806,7.344286857429315],[80.63755288922806,7.344271178029],[80.63761379954788,7.344252150464198],[80.63766900224186,7.344225395683132],[80.63777387847469,7.344111352281348],[80.63785966954447,7.343849351153564],[80.63778682676751,7.343420231430144],[80.63808438327924,7.342973302643664],[80.63773053469248,7.342729960934213],[80.63712251695985,7.341702170125853],[80.63718511590771,7.341669543347995],[80.6372464518742,7.341617565027343],[80.6372875031539,7.341559522503379],[80.6373936128094,7.341415318388937],[80.63745060734622,7.341348780349261],[80.63749029830383,7.341290103469245],[80.63753886352112,7.341235860404482],[80.63756478985178,7.34116424775448],[80.63760666949739,7.341063431099089],[80.6376428233395,7.341019492318289],[80.63768831479156,7.3409520463919],[80.63773090844747,7.340876550380172],[80.63776162859632,7.340829535287529],[80.63782295163179,7.340821686783088],[80.63793355058722,7.340804267864114],[80.63799524652731,7.340765040195101],[80.6380322137552,7.340723816344392],[80.63808440880103,7.340656099340648],[80.63807897254128,7.340655555990702],[80.63810579787096,7.340611343912602],[80.63816350586362,7.340571481981046],[80.63822809972335,7.340536776676903]]]]}},{"type":"Feature","properties":{"GND_N":"Meegammana West","GND_NO":"603","GND_C":"105","PROVINCE_N":"CENTRAL","PROVINCE_C":"2","DISTRICT_N":"KANDY","DISTRICT_C":"1","DSD_N":"PATHADUMBARA","DSD_C":"12","Admin_Code":"2112105","GND_NO_Cen":"603","GND_NAME_C":"Meegammana West","GND_NO_Gaz":"603","GND_NAME_G":"මීගම්මන n","shape_1":"Polygon","Area__Ha_":54.9390550106,"MWS_ID":"106","Alt_MWS":null,"Total_Pop":1437.0,"Density":2615.62563159,"Area_sqkm":0.54939054834},"geometry":{"type":"MultiPolygon","coordinates":[[[[80.66001074269627,7.343069023897757],[80.66000942835352,7.343062298263554],[80.66080589706893,7.343072922379688],[80.66086378797092,7.342584557224405],[80.66090288144997,7.342383323003064],[80.66090947418725,7.34233917305632],[80.66091597057346,7.342313894059094],[80.66097966663263,7.342200433184209],[80.66099238655532,7.342175250736155],[80.66106856447394,7.342074507539988],[80.66108764726094,7.342042995703723],[80.66125251330665,7.34192330478034],[80.66126528816307,7.341916885701076],[80.6614124942158,7.341839740315531],[80.66143159879343,7.341839646635586],[80.66148264802109,7.341833017596853],[80.66166173056989,7.341806482310659],[80.66182455389524,7.341753925132009],[80.66186725668693,7.341728527844317],[80.66189247644189,7.341720124263151],[80.66197316089392,7.341673766782657],[80.66198180139753,7.34166533455764],[80.66219322788895,7.341632401217275],[80.66223866697493,7.341628366917283],[80.66228808766054,7.341628569374881],[80.66230044419049,7.341628620440924],[80.66251235576377,7.341693325473934],[80.66253293097888,7.341698095456453],[80.66254939401006,7.341702780295966],[80.66272774945955,7.341728414490778],[80.66282631302474,7.341735009170859],[80.6628652611751,7.341749536680218],[80.66287433208025,7.341758280860618],[80.66289849002497,7.341775796965489],[80.66334484089796,7.342131755090044],[80.6633450567593,7.342091150171613],[80.66334733355788,7.342045753874855],[80.66335631312758,7.341996562099993],[80.6633703642464,7.34195044622785],[80.6633873095285,7.341917806088791],[80.66340588638784,7.341891223374855],[80.66342907780677,7.3418696172906],[80.66346144229858,7.341843165547361],[80.66346613154424,7.341839331580791],[80.66349620842281,7.341825773703783],[80.66352075989988,7.341802178491734],[80.66353344764778,7.341771074590671],[80.66354423510661,7.341739878877346],[80.6635513099919,7.341704339772471],[80.66355783928134,7.341670070170595],[80.66353413276018,7.341607957650771],[80.66354622793015,7.341512931195799],[80.66352255992184,7.341402270320629],[80.66352298181748,7.3413706949091],[80.66351706978182,7.341266732137683],[80.66353057641375,7.341095127017909],[80.66352471521328,7.34089368139073],[80.66379872143568,7.340584894774407],[80.663821742346,7.340545812985151],[80.66386404988413,7.340473990338705],[80.66383770615849,7.340460832474249],[80.66380895037531,7.340451255040532],[80.66377420383601,7.340445265278947],[80.66371668504745,7.340447642738917],[80.66366755700501,7.340447630417263],[80.66357529017293,7.340449999140794],[80.66349620319585,7.340455961236517],[80.66344108288202,7.340454751897059],[80.66338236877652,7.340452344350935],[80.66335001770265,7.340447549742225],[80.66330448858791,7.340424809555656],[80.66328172690204,7.340405662462777],[80.66324099112727,7.340386509938769],[80.66319546323119,7.340366162525066],[80.66315232747384,7.340352991347316],[80.66310559761953,7.340350587689462],[80.66305167504842,7.340351769579298],[80.66296047751517,7.340355849386172],[80.66283119930259,7.340336162630516],[80.66276769431302,7.340324183563896],[80.66271257947948,7.340305027356179],[80.66265506677523,7.340287067830884],[80.66259875695518,7.340258342885845],[80.66254604063344,7.340228420643866],[80.66250770187635,7.340208073173732],[80.66244420543569,7.340162597807993],[80.66236638070161,7.34010979395041],[80.66233039242073,7.340078826032988],[80.66228845899433,7.340057282144484],[80.66225371435426,7.34003693646981],[80.66222735590769,7.340024966760974],[80.66219260884249,7.340010601231108],[80.66211895991819,7.339985574937058],[80.66191247495503,7.339941383394182],[80.66181278510713,7.339920302215885],[80.66173801986527,7.339893485961252],[80.66164983770902,7.339855181631507],[80.66141403375005,7.339801526086386],[80.66119548957762,7.339732561390663],[80.66104212398028,7.339690412317749],[80.660929018401,7.339650186137709],[80.66057053566665,7.339512278246501],[80.66019776296467,7.339373979335899],[80.6601775494646,7.339347563966001],[80.66014496419173,7.339320758353921],[80.66012579587753,7.339301612032469],[80.66006828752101,7.339274798157775],[80.66003186425847,7.339259477085296],[80.6599455929206,7.339247969198884],[80.65983056157889,7.339240283557021],[80.65969252207832,7.339245989147477],[80.65963117275044,7.339242145301862],[80.65944712786593,7.339215300263935],[80.65933401714754,7.339192302447586],[80.65926500620915,7.339159743156381],[80.65918832665311,7.339125269255943],[80.65913081696972,7.339100371478017],[80.65906372366523,7.339063986554378],[80.65902347286453,7.33902377981658],[80.65899281321974,7.338966346817243],[80.65898515663528,7.338918493671812],[80.65898899877115,7.338887867772122],[80.65901009675783,7.338853419373032],[80.65904078428278,7.338811316750941],[80.65909040713856,7.33875079572225],[80.65914554291085,7.338688602262681],[80.65917910994482,7.338628795954892],[80.65922466782582,7.338533101923629],[80.65936373131542,7.338285500442649],[80.65949259140838,7.338103095540374],[80.65955552835013,7.337992452450683],[80.65957951256433,7.337917687365218],[80.65957353509481,7.337866842327453],[80.65954059508795,7.337821972239872],[80.65950698512522,7.337814132244661],[80.65949500283124,7.337806951682469],[80.65947104214904,7.33779498243736],[80.65942192349328,7.337756686930772],[80.65934764153428,7.337715992988178],[80.65927836827346,7.337686423254928],[80.65915594337035,7.337634593818725],[80.65902295371191,7.337568761185195],[80.65887559601663,7.337872240846865],[80.65866844359655,7.338280829012348],[80.65857045784291,7.338467087762338],[80.65843862893037,7.338505559272634],[80.65818748364882,7.338694418275353],[80.65793324404316,7.338989520053678],[80.65757817791263,7.339393166440752],[80.65720907956623,7.339522269952769],[80.65718504727155,7.339775883216078],[80.65672002310967,7.340149011166234],[80.65665848956434,7.340410404057477],[80.65660975552903,7.340505291229542],[80.65658752830313,7.340541187900033],[80.65647030596124,7.340738665218653],[80.6564424377369,7.340723230388768],[80.6564076618797,7.340708662746811],[80.65638021810618,7.340701329667546],[80.65634643293426,7.340701140686394],[80.6563303418671,7.340701373314172],[80.65631581688206,7.340701584656646],[80.65627759076978,7.340711340900532],[80.65624751715215,7.340722365343817],[80.65621064569653,7.340740259757307],[80.65618229175982,7.340759423373513],[80.65614270037311,7.340790430335925],[80.6561159743564,7.340815382820145],[80.65609533725419,7.340835736749058],[80.65607674320331,7.340854076439337],[80.65605155773574,7.340872878270369],[80.65603498036494,7.340879475234167],[80.65600708030556,7.340888148153932],[80.65596885383057,7.340899170393693],[80.65593560931563,7.340912726011216],[80.65588786669385,7.340941019667969],[80.65586042041866,7.340949693604498],[80.65582346312854,7.340953210466292],[80.65578659814894,7.340953651819037],[80.65575036757402,7.340952736886194],[80.65571848450212,7.340952548368225],[80.65566721899083,7.340948465238036],[80.65563914491341,7.340933989767692],[80.65561741178506,7.340910742462954],[80.65559260085115,7.340887495234008],[80.65557448927146,7.340869946907214],[80.65555837165952,7.340851042663079],[80.65554424889362,7.340827527015152],[80.65553501381426,7.340806816017407],[80.65551763581901,7.340762770935314],[80.65549916780262,7.340730212002136],[80.65547743720798,7.340700998107333],[80.65544683454091,7.340655230385521],[80.65542609685393,7.340635422399741],[80.65532049710043,7.340590630109207],[80.6551904343687,7.340565816268443],[80.65505956449358,7.340514688795339],[80.65505491315736,7.340512117513281],[80.65502004443884,7.340492842848215],[80.65475805788284,7.341326427113057],[80.6544302661297,7.341287924412798],[80.65436993421271,7.341322308578206],[80.65426313143018,7.341400821791696],[80.65416084824011,7.341486595943757],[80.654057024832,7.34157371344471],[80.6538621939584,7.341614460640561],[80.65369692202351,7.341622101196442],[80.65324700184156,7.341585040081958],[80.65324637255638,7.341587511366312],[80.6532019784404,7.341625299011099],[80.65314081919473,7.34169997847008],[80.65305410240354,7.341824927371243],[80.65305127196979,7.341840990611199],[80.65304639037836,7.341868694364935],[80.65302842344727,7.341937854049623],[80.65301664860067,7.341983170804412],[80.65300613615055,7.34200966486385],[80.65300712454311,7.342035255971466],[80.65302857608083,7.342090696466202],[80.65306905156733,7.342136284388912],[80.65310487687009,7.342168545240828],[80.6531425830024,7.342202499458876],[80.65319918961968,7.34221445086483],[80.65323842389257,7.342221730400021],[80.65338468247732,7.342248866066268],[80.65340109024385,7.342253302541751],[80.65350387337088,7.342281090926368],[80.65360821255283,7.342302552313312],[80.65361728310575,7.342305344563427],[80.6537075674907,7.34233314395448],[80.65371942887677,7.342338714979842],[80.65376054931723,7.342358027624413],[80.65379459406144,7.342403069337536],[80.65381785741953,7.342454622696512],[80.65381799662273,7.342455667203072],[80.6538193750918,7.342466025451915],[80.65382622224469,7.3425174685275],[80.65382653590305,7.342519825223551],[80.65382745198653,7.342564885927306],[80.65382814373042,7.342598952068669],[80.653830673649,7.342625087080539],[80.65383074474796,7.342626757345331],[80.65383112182825,7.342635667533706],[80.65382903643433,7.342646699446486],[80.65381870772694,7.342653929233946],[80.65378393955987,7.342663981911492],[80.65378120571768,7.342664772429363],[80.65369215449478,7.342721176545052],[80.65366569612866,7.342756798807122],[80.65366398078844,7.342759388258773],[80.65363374259579,7.342805017393827],[80.65360733922012,7.342844861852178],[80.65359011610457,7.342897035356044],[80.65359170588971,7.342929509267076],[80.65359290835478,7.342954097560773],[80.65359652192771,7.342982222333513],[80.65357853702349,7.343070810955799],[80.65357775138511,7.343134758439813],[80.65362082813576,7.343372914465245],[80.65369883412806,7.343605322338362],[80.65376082145086,7.343745489759278],[80.65362951069413,7.343846015857737],[80.65362551900576,7.343849071306531],[80.6541007794702,7.344613053780483],[80.65626149091086,7.346570576671932],[80.65651482482113,7.346799413723921],[80.65658283202153,7.346775160419214],[80.65690550428447,7.346653098758653],[80.6572275364485,7.346529302242144],[80.65723824844996,7.346528456850021],[80.65732426980982,7.346510825891837],[80.65743032113745,7.34648820214876],[80.6574863685636,7.346473186595929],[80.65775224644824,7.346404321102058],[80.65779221589537,7.34639398735374],[80.65783536300385,7.346376130650253],[80.65786832436396,7.346359148426598],[80.65789110978432,7.346353893213125],[80.65790739614984,7.34634548840906],[80.65814472245526,7.346270928895421],[80.65820037794079,7.346258159434883],[80.65826761302273,7.346238181207226],[80.65830698502926,7.346226327124095],[80.65836413949307,7.346210425535929],[80.65839080410615,7.346199268034464],[80.65867525662574,7.346130112067075],[80.65872101296225,7.346113273300897],[80.6587550430399,7.346099934723165],[80.65876611611513,7.346093414895164],[80.65879111366709,7.346080360612018],[80.65900366807854,7.345969024334465],[80.65907318176582,7.34582219021713],[80.65915469063212,7.345716935400128],[80.65937998690214,7.345645215207065],[80.65966607407088,7.345589134328832],[80.65966626231638,7.345558476736518],[80.65966645218398,7.345528545298962],[80.65966663853257,7.345501687582467],[80.65966673710089,7.345477994899577],[80.6596667365253,7.345476728876841],[80.65966611008263,7.345451047445715],[80.65966141401375,7.345397420220761],[80.65965572070604,7.345343703210555],[80.65965048502548,7.345278772976082],[80.65964497189508,7.345232290427212],[80.65964036343628,7.345190058332158],[80.6596381072913,7.345158226320014],[80.65963829796712,7.345118256227168],[80.65963803908846,7.345068972612464],[80.65964095509197,7.345005310519018],[80.65964431759659,7.344959191997769],[80.65964904035835,7.34491045045026],[80.65965421256479,7.344874912731104],[80.65965447028299,7.344873083395392],[80.65965684511,7.344856194366563],[80.65966337676494,7.34481071058421],[80.65966727690387,7.344793891582991],[80.65967625280078,7.344757087925015],[80.65968088135736,7.344725709852614],[80.65968288322756,7.344694058902651],[80.65968297786043,7.344678505839129],[80.65968307414369,7.344656622662851],[80.65967954817756,7.344627955376749],[80.65967339413129,7.344611314622684],[80.65965429312526,7.344566002324927],[80.65964107656035,7.344539594178463],[80.65962831036668,7.344515899054365],[80.65961473196593,7.344487680400646],[80.65958630067288,7.34444191533141],[80.65956276278256,7.344398140997507],[80.65955447792561,7.344372733384919],[80.65954439020354,7.34434179820993],[80.65953408048712,7.34427994218223],[80.65953463431651,7.34424024347306],[80.65953391724884,7.344211304721433],[80.65953483475805,7.344166361155769],[80.6595352130257,7.344105232254226],[80.65953568915063,7.344019684513614],[80.65953552663454,7.343944807369059],[80.65953374335977,7.343836472440389],[80.65953783531036,7.343775340886943],[80.65954300482042,7.343750112208358],[80.65956222403146,7.343685913580233],[80.65959249042506,7.343634285812023],[80.65962655984427,7.343587360495905],[80.65967186188985,7.343536551406385],[80.6597159861446,7.343490261707146],[80.65975005134565,7.34345943476298],[80.65980549324713,7.343427074243234],[80.65986292570476,7.343402944284866],[80.65992443179323,7.343380896174079],[80.65996130447684,7.343358569475344],[80.65997779397539,7.343338226051173],[80.65999745669525,7.343306309287987],[80.66000897421885,7.343258745085452],[80.6600175916805,7.343203315417064],[80.66001678686122,7.343166871839772],[80.66001706945327,7.343125092258321],[80.66001074269627,7.343069023897757]]]]}},{"type":"Feature","properties":{"GND_N":"Megodagama","GND_NO":"618","GND_C":"150","PROVINCE_N":"CENTRAL","PROVINCE_C":"2","DISTRICT_N":"KANDY","DISTRICT_C":"1","DSD_N":"PATHADUMBARA","DSD_C":"12","Admin_Code":"2112150","GND_NO_Cen":"618","GND_NAME_C":"Megodagama","GND_NO_Gaz":"618","GND_NAME_G":"මෙගොඩගම","shape_1":"Polygon","Area__Ha_":41.5686624684,"MWS_ID":"106","Alt_MWS":null,"Total_Pop":1119.0,"Density":2691.93170323,"Area_sqkm":0.41568662335},"geometry":{"type":"MultiPolygon","coordinates":[[[[80.62272884656291,7.345503262691784],[80.62281077138903,7.345366377808388],[80.6229089656521,7.345340709353072],[80.6230156095798,7.345241994362299],[80.62402569493491,7.345035329365509],[80.6240488594919,7.344986844104168],[80.62405862486698,7.344845242982071],[80.62405176929245,7.344746030738527],[80.62415165894542,7.344587273943604],[80.62419691942397,7.344577443259878],[80.62501081916258,7.344407397852127],[80.62498764649956,7.3440598139312],[80.62505456711307,7.344022035813572],[80.6251604675899,7.343982102300391],[80.62528848295764,7.343898048136707],[80.62538605216334,7.34384707839289],[80.62548190400155,7.343785348680201],[80.62553313422934,7.343743581771924],[80.62556616605215,7.343716650130098],[80.62563221573747,7.343663861143374],[80.62571783459255,7.343595163923283],[80.62576757584934,7.343558286945983],[80.62579719880054,7.343540663015041],[80.62589746215725,7.343485476401249],[80.62590129338741,7.343483366142718],[80.6260569308027,7.34340791005563],[80.62607668093408,7.343395257359523],[80.62620179296349,7.343327387130215],[80.62630434087683,7.343287544458422],[80.62637147888606,7.343259879911395],[80.62646178616245,7.343222670055328],[80.62655337380963,7.343175767407694],[80.62668319736107,7.343108441193228],[80.62678764664557,7.343065159986623],[80.62690787894232,7.343030240652059],[80.62691048329418,7.343029484619017],[80.6270689640909,7.342977028202346],[80.6270794305544,7.342973564592408],[80.62717662456937,7.342954608382716],[80.62725816147496,7.342905441497171],[80.62737046706799,7.342835756272193],[80.62740076057196,7.342816960481331],[80.62741683292582,7.34279696719913],[80.62745694267007,7.34274707665813],[80.62752880635239,7.34264464228966],[80.62758697241769,7.342598183211495],[80.62764696368666,7.342510576327682],[80.62766073931002,7.342492313107366],[80.6276833869479,7.342476858869428],[80.62772959198102,7.342447574815416],[80.62775052244535,7.342428862713902],[80.6277835064644,7.342389716495184],[80.62778972389057,7.34238364345878],[80.62780507083825,7.342368655227029],[80.62786522788325,7.342324454808894],[80.62786794591985,7.342322285385461],[80.62787501467479,7.342316499292692],[80.62787936288507,7.342312251420449],[80.6279000407391,7.342235844831735],[80.627905667938,7.342220553155284],[80.62795325840065,7.342091266516788],[80.62805003813628,7.341968767523064],[80.6281656682042,7.341809557397064],[80.62824640756617,7.341711560523644],[80.62835576901577,7.341606062847917],[80.62840569610157,7.341553721177689],[80.62845734404168,7.341490710221469],[80.62861954439703,7.341297426773981],[80.62866684682454,7.341255070404863],[80.62869909542721,7.34122619311351],[80.62873942926747,7.341144095844026],[80.62875094587145,7.341103678280054],[80.62874874495031,7.341075902856993],[80.62873804790885,7.340940989393243],[80.62867948664389,7.340819069468656],[80.62864293952295,7.340682508908962],[80.62863136654683,7.340622007367767],[80.62862523222445,7.340552012454554],[80.6286266076975,7.340506524758953],[80.62863541333235,7.340444132695485],[80.62865916750313,7.340399014982888],[80.62867973408373,7.340359955037568],[80.6287161578066,7.340324066260919],[80.62876109756189,7.340282665851843],[80.6287911340227,7.340248834063468],[80.6287919776063,7.340247883015931],[80.62880856824852,7.340221346326877],[80.62881491172352,7.340211943679959],[80.62882801149492,7.340180024348292],[80.6288298862611,7.340177802192109],[80.62883243834492,7.340167929871861],[80.62886359606856,7.340079298709677],[80.62890322186857,7.339940952758842],[80.62890112327564,7.339902230804786],[80.62890025178784,7.339886151142341],[80.6288948343789,7.339836685002674],[80.62890716714034,7.339837190937774],[80.62897254816617,7.339839875558885],[80.62901439086374,7.339851283477359],[80.62904191951147,7.339868835945278],[80.62914171309835,7.339935696504508],[80.62924431625851,7.339997493876257],[80.62930480968353,7.340033594389062],[80.62933696244554,7.340039664634108],[80.62936839737802,7.340027828577274],[80.629415234082,7.340001890460208],[80.62947820397117,7.339938337785807],[80.62951054718084,7.339918816361188],[80.6295996013979,7.339866124711513],[80.62966283240051,7.339840371879174],[80.62985929987254,7.339817648507946],[80.63001300918326,7.339818602907253],[80.6301768690391,7.339862374691108],[80.63024586167161,7.339880804183908],[80.63040843415465,7.339920012362116],[80.63058423993327,7.339934177444919],[80.63074936438382,7.339922113361363],[80.63089910672075,7.33986654735399],[80.63104424003382,7.339773270449019],[80.63121111828772,7.3396624561757],[80.63134303348154,7.339552807954159],[80.63145210787503,7.339488003853203],[80.63156318290342,7.339406924757922],[80.6317014425068,7.339278648059255],[80.631812804755,7.339149278406008],[80.63194780911093,7.339009065613102],[80.63174086650255,7.338831068753334],[80.63181407116954,7.338699784162054],[80.6318707635241,7.338698190931789],[80.63190715435834,7.338633886019762],[80.63175659181884,7.338532702354634],[80.63184064319088,7.338378249433107],[80.63185524454636,7.338289882199281],[80.63184242747796,7.338170733681633],[80.63155871823483,7.337774076429937],[80.63161751590158,7.337653410046071],[80.63158219380202,7.337513474332301],[80.63166902746877,7.337446162604266],[80.63171741442656,7.337425865766795],[80.63186871081648,7.337536548458941],[80.63205274743184,7.337598070236608],[80.63221077916337,7.337596343100428],[80.63228666150843,7.337556159488973],[80.63232799020778,7.337469935857611],[80.6323828750848,7.337376358265886],[80.63205421235804,7.337256913118004],[80.63180325732957,7.33715030306596],[80.63158133783892,7.337017491058937],[80.63148053919521,7.336891597025298],[80.63134230583482,7.336795436976772],[80.63133411914583,7.336774346934578],[80.63128230357857,7.336748200427092],[80.63126601490688,7.33665705064714],[80.6312577542206,7.336576404204267],[80.63134006355557,7.336503250192044],[80.63133123571195,7.336414643002877],[80.63142961623807,7.336348877778223],[80.63143546566036,7.336264810393566],[80.63152230620028,7.336211967508476],[80.63156490493743,7.336150516780835],[80.63160495669679,7.336145037860084],[80.6316050425071,7.336058867019355],[80.63164601060404,7.335992571416012],[80.63166486478286,7.335962075403765],[80.63156614881258,7.335931086668691],[80.63156059254158,7.335929342290203],[80.63146997484978,7.335904362512101],[80.63145779890506,7.335901005437887],[80.63134611221919,7.335918422433289],[80.63131751708404,7.335919372670473],[80.63118714971456,7.335923706497101],[80.63106170259331,7.33592194779024],[80.6309592999096,7.335919871859401],[80.6309301871795,7.335919281879447],[80.63089649207829,7.335921894354003],[80.63086369977043,7.335933639656607],[80.63073070983211,7.336008834451658],[80.63062679496608,7.336086117622871],[80.63047840549439,7.336166010618465],[80.63031842060799,7.336245355406935],[80.63018624374489,7.336329232496459],[80.63008612890872,7.336413209507458],[80.63004090003454,7.336445649251213],[80.62992885292887,7.336526014179183],[80.6298022835335,7.336631866593192],[80.62971277780812,7.336685191166776],[80.6296625034709,7.336696479428802],[80.62956250828285,7.336696718069053],[80.62951178968699,7.336681689196355],[80.62951094213373,7.336680960052692],[80.62940937792935,7.336593576788876],[80.62934871027188,7.336537762470825],[80.62930822784969,7.336522285677339],[80.62924464222677,7.336523259599765],[80.62919944291887,7.336531653899034],[80.629193644314,7.336534183139338],[80.62918802773639,7.33653680558217],[80.62918295365075,7.336539606349922],[80.6290707063518,7.336613994468335],[80.62906990721069,7.336614785469964],[80.6289545499786,7.336728983492912],[80.62892026390098,7.336768437756973],[80.62884464042213,7.336855458256342],[80.62880966779863,7.336881039402294],[80.62879484602246,7.336888977012759],[80.62879474183428,7.336889054748454],[80.6287160394113,7.336946499949787],[80.62859046893331,7.337035080189596],[80.62858992359325,7.33703529704256],[80.62860318934511,7.337208398202676],[80.62814978754544,7.337575188964166],[80.62788820510691,7.337607904328544],[80.62785698391383,7.337565565487721],[80.62781995388313,7.337521061636592],[80.6277643635785,7.337447432246853],[80.62769726967298,7.337380580398753],[80.62765352792741,7.337358047925549],[80.62756486382307,7.337333330254022],[80.62741579049955,7.337285080720069],[80.6273588264911,7.337259741407106],[80.62727451989532,7.337208256907865],[80.62704687616187,7.33754910282617],[80.62702522234565,7.337561933992753],[80.62697482925392,7.337657232381438],[80.62694818022372,7.337718714183262],[80.62693194199768,7.337788429488832],[80.62690855107373,7.337852356696765],[80.62690362260568,7.337861130394739],[80.6268732043997,7.337915285194964],[80.62676593687107,7.338058375932039],[80.62672160081266,7.338117522350379],[80.62671360116488,7.338128193151076],[80.62665302347311,7.338329349198554],[80.62670481016553,7.338482274704245],[80.62670279416736,7.338652345919182],[80.62669257286174,7.338860295567439],[80.62707505137666,7.339376252366367],[80.62707722704022,7.339634338775412],[80.62706597279762,7.339697094426283],[80.62706522916018,7.339754155569317],[80.62705147808033,7.33996521484051],[80.6270308949641,7.340031765452673],[80.62699331268453,7.340130022436991],[80.6269901886849,7.340138187235723],[80.62695093223407,7.340261755041972],[80.62691400881344,7.340342521248658],[80.62688721265604,7.340374807632137],[80.6268292263353,7.340426152626119],[80.62677967395013,7.340443949952515],[80.62675909807108,7.340456117703849],[80.62671471660735,7.340482360202573],[80.62666297736597,7.340541753724713],[80.62665391211824,7.340569785840279],[80.62651892406181,7.340646876795057],[80.62641977013793,7.340712718411811],[80.62637451147383,7.340742772211184],[80.62631787858636,7.340803973563465],[80.62620588119373,7.340933430215993],[80.62614199278396,7.341025104962667],[80.62605210754774,7.34111767530165],[80.62601070587966,7.34114415836483],[80.62590360167069,7.341261679803361],[80.62586591181459,7.341293588092369],[80.62580158913147,7.341329556805363],[80.62570755531192,7.341373745586409],[80.62557139375257,7.341443147486528],[80.62534364703211,7.341549958422655],[80.62527914892517,7.341566032382114],[80.62523702357194,7.341586817128926],[80.62518937402236,7.341604613106894],[80.62510005673514,7.341626468019872],[80.62501074245537,7.341642081431815],[80.62494606959976,7.341644500342051],[80.62480630896201,7.341645085310913],[80.62461057279877,7.34164239222768],[80.62442969005066,7.341643323999828],[80.62437126747153,7.341644389394579],[80.62434100978571,7.341658939301138],[80.6243091064929,7.341715627255565],[80.62429290630024,7.341738370360929],[80.62426768416543,7.341727810439338],[80.62416691341907,7.341696138437609],[80.62415340568826,7.341696047951685],[80.62395714790173,7.341855322809264],[80.62384188071817,7.341918083750241],[80.62375564344615,7.341903883160067],[80.62375080582966,7.341890280833286],[80.6236380961701,7.341884999386022],[80.62362481931277,7.341898455387537],[80.62357585945043,7.341938870020633],[80.62348015585286,7.342052315438422],[80.62274423278919,7.342429623427107],[80.62246127638062,7.342912837269568],[80.62230799374058,7.342935158014634],[80.62217633376028,7.342857405372059],[80.62203000120448,7.342745513917769],[80.62190542959746,7.342563656927142],[80.62187983083928,7.342497501243786],[80.62182246094082,7.342421656801975],[80.6218201566915,7.342424178103548],[80.62176433392364,7.342500299195469],[80.62170660314042,7.342590799811288],[80.62167686386599,7.342674798192453],[80.6216448537704,7.342779867801674],[80.6216114014272,7.342862055392523],[80.6215778630878,7.342936197388208],[80.621570757737,7.342953257282934],[80.62154676651504,7.34301088099446],[80.6214728055309,7.343152378533814],[80.62142305233061,7.34322289591197],[80.62135029392674,7.343291776698008],[80.62127500437174,7.343351343205781],[80.62121229498,7.343426921071542],[80.62131148752258,7.343402541025659],[80.6212903228557,7.343795682006187],[80.62175800487826,7.345084291609607],[80.62175914720656,7.345083878737634],[80.62175950028912,7.345097481347756],[80.62186061594034,7.345385867752521],[80.62175221748934,7.34547074063463],[80.62179509294758,7.345529790849129],[80.62199334882878,7.345529872630575],[80.62214126849739,7.345472968814835],[80.62224242568894,7.345565442058569],[80.6223020084102,7.345590005226367],[80.62244356535636,7.345613598152197],[80.62252535321447,7.345538189436105],[80.62262030634139,7.345537159411417],[80.62272884656291,7.345503262691784]]]]}},{"type":"Feature","properties":{"GND_N":"Aluthgama1","GND_NO":"625","GND_C":"055","PROVINCE_N":"CENTRAL","PROVINCE_C":"2","DISTRICT_N":"KANDY","DISTRICT_C":"1","DSD_N":"PATHADUMBARA","DSD_C":"12","Admin_Code":"2112055","GND_NO_Cen":"625","GND_NAME_C":"Aluthgama","GND_NO_Gaz":"625","GND_NAME_G":"අළුත්ගම","shape_1":"Polygon","Area__Ha_":104.945942697,"MWS_ID":"106","Alt_MWS":null,"Total_Pop":1351.0,"Density":1287.32942848,"Area_sqkm":1.0494594236},"geometry":{"type":"MultiPolygon","coordinates":[[[[80.6476699496173,7.366973903602192],[80.64788996051051,7.366533214287839],[80.64830850976023,7.365874745592827],[80.6486835737367,7.365343498274794],[80.64876941300534,7.365225685125713],[80.64898041389073,7.365244037393001],[80.6490594976596,7.364941343406652],[80.6492606917403,7.364690343158914],[80.64932657918983,7.364480196029024],[80.64949597543877,7.364285341913138],[80.6495093332762,7.364270302653611],[80.64954713891929,7.364020069823148],[80.64952523091873,7.363665901449127],[80.64947442430355,7.363192072321127],[80.64951942477524,7.362980015672944],[80.64962719230108,7.362823660913347],[80.64962701725477,7.362818068667459],[80.64970508806262,7.362755799794896],[80.64975961109478,7.362735771380226],[80.64983607361985,7.362694195145798],[80.64996607758012,7.362631384747622],[80.65005549525706,7.362582577723424],[80.6500749725008,7.362571460314417],[80.65012433630574,7.362518235323932],[80.65015614630217,7.362461906343342],[80.65018388659462,7.362382697401897],[80.6501950464518,7.362317770838266],[80.65020293977314,7.362279087069895],[80.6502244355101,7.362173724889153],[80.65023396790484,7.362120578193112],[80.65025763965362,7.361988622941886],[80.65026264789144,7.36189882727316],[80.65026131487872,7.361804599648996],[80.65025409568167,7.36170792785083],[80.65023712136664,7.3615165720968],[80.65022174604054,7.36143346341877],[80.65019849265164,7.361338324415126],[80.6501600313646,7.361211981840507],[80.65012254819665,7.361153554345481],[80.65006246224233,7.36107943356817],[80.65006242240047,7.361079384724681],[80.65000384372897,7.360982879299456],[80.64998801175523,7.360916407812042],[80.6499826846704,7.360855637287336],[80.6499819932959,7.360827683342066],[80.6499793710748,7.360721709385138],[80.64997415873431,7.360575573788217],[80.64997045059535,7.360555496357109],[80.64995904276455,7.360536503723598],[80.64994364911534,7.360518413361874],[80.64989800825514,7.360476169628468],[80.64984523228293,7.360414942599159],[80.64983797188604,7.360406521507314],[80.64976517409738,7.36030630440104],[80.64972090345252,7.360223638784842],[80.64967374149445,7.360115380630038],[80.64965537294066,7.360047100714829],[80.6496217178242,7.359899508377628],[80.6496158682887,7.359768021364227],[80.64961652758139,7.359679128766401],[80.64961602281602,7.35965440503533],[80.6496118819481,7.359451605329404],[80.64961002208504,7.35934712006039],[80.6496801101735,7.359179923776185],[80.6499313654984,7.359132669947591],[80.64997460831671,7.359124537106148],[80.64976619487055,7.358679951942974],[80.64974423979406,7.358447187703614],[80.64975801393742,7.358404014838448],[80.6497874679945,7.35834976419222],[80.64986504176031,7.358216583456595],[80.6498897010094,7.358147591342686],[80.6499077498411,7.35806205046176],[80.64991311351847,7.357993415526248],[80.64989247505521,7.357947560736246],[80.64983515297605,7.357890122346615],[80.64977284591262,7.357843532345747],[80.64971941973562,7.357789259191129],[80.64965793571874,7.357715180463985],[80.6496269728971,7.357663083970349],[80.64958260284916,7.357615685143746],[80.64955126946103,7.357576734364379],[80.6495040964428,7.357518088849287],[80.64946996078285,7.357468614824218],[80.64945404132689,7.357391925588543],[80.64944158695802,7.357313886307502],[80.64943423947824,7.357267849877688],[80.64941070870614,7.357193871387879],[80.64938291736482,7.357137886376552],[80.64931818698207,7.357016421307992],[80.64925308795344,7.35691412640367],[80.649154764461,7.356782003639835],[80.64913845810541,7.356760091414757],[80.64910467791421,7.356738197740842],[80.64900668908226,7.356668448301409],[80.64895453128356,7.356610919028778],[80.64893172271537,7.35654905835306],[80.64891562585863,7.356459619305981],[80.64889021753892,7.356299730748379],[80.64889494746622,7.356230463535224],[80.64891888192508,7.356158939220171],[80.64896274373393,7.356085161622604],[80.6490132142144,7.356024225164397],[80.64905018786068,7.355961477169726],[80.64910102540377,7.355886978097269],[80.64915404415714,7.355783631527938],[80.64915442490923,7.355718883676885],[80.64915075617473,7.355557464887986],[80.64914505836313,7.355526807463586],[80.64912781902535,7.35531420137911],[80.64908353656031,7.355271957948359],[80.64902259938518,7.355190824835319],[80.64899209429564,7.355122631865991],[80.64897742924244,7.355088263352815],[80.64897400380724,7.355030025387075],[80.64897764419834,7.354972875494299],[80.64902512284088,7.354924146244968],[80.64908302316374,7.354848291818895],[80.64914436422275,7.354783289974715],[80.64919763815944,7.354740802932489],[80.64922182636612,7.354728873920708],[80.64925534961091,7.354695061657454],[80.64933870963577,7.354601490109999],[80.64936625966482,7.354553027371356],[80.64940160995837,7.354471108600663],[80.64942400963994,7.354377881491882],[80.64988011786873,7.354332268108005],[80.6502357913201,7.35433758881924],[80.65051896811538,7.354359925039571],[80.65051544157551,7.354245075083588],[80.65051164895435,7.354206643026361],[80.65048974102652,7.354159522784294],[80.65045289288297,7.354099556364992],[80.6504280799446,7.354075405459349],[80.65038325388352,7.354036779206846],[80.65036127846597,7.35400422271059],[80.65034857634866,7.353985403346063],[80.65031389486812,7.35394804686324],[80.6502651742616,7.353908154386971],[80.65021581765431,7.35387196845726],[80.6501716249239,7.353836054361381],[80.65005688376121,7.353763406671984],[80.64995798380576,7.353717440304739],[80.64989521875593,7.353684416519187],[80.64985862588566,7.353683047937962],[80.64982758864495,7.353667532224595],[80.64979036510492,7.35368939314934],[80.64951584772766,7.353850613077698],[80.64932956586996,7.354030106635173],[80.64920021439981,7.354122657754101],[80.64902217367401,7.354268858954605],[80.64902013932414,7.354290864545619],[80.64900181217321,7.354396299951271],[80.64898748005479,7.354465113198087],[80.64897569641224,7.354494137917606],[80.64894597645217,7.354528492917281],[80.64890774559525,7.35454702113009],[80.64879115388854,7.354607757011801],[80.64864792375198,7.354686751254669],[80.64844037130622,7.354805879883225],[80.64829740933563,7.354903233209019],[80.64826007973389,7.354940568372849],[80.64822255911459,7.355009102771221],[80.64820630989585,7.355053654851091],[80.64791557777744,7.3550115605438],[80.64777101504046,7.354989436075401],[80.64754516976971,7.354991762220621],[80.64707111554019,7.355094934035407],[80.64658132985794,7.355226966080791],[80.64625956870135,7.355278362827293],[80.64587313936222,7.355206981662816],[80.64585695395265,7.355193499249722],[80.64510680440026,7.354969407003147],[80.64504657833966,7.354936925867555],[80.64499440807207,7.354924250371764],[80.64488661734504,7.354926660390978],[80.64483417278994,7.354925740709106],[80.64470038636729,7.354925703253194],[80.64468435245728,7.354926963661865],[80.64466542055169,7.354929398810066],[80.64465527462394,7.354929667120238],[80.644567504332,7.354927381482158],[80.64448842928101,7.354923467929666],[80.64446778073228,7.354914149364784],[80.64440998965115,7.354914946232459],[80.64440428039639,7.354914970777003],[80.64420625895194,7.355041640289845],[80.64418255086653,7.355062099440874],[80.64384565975122,7.355383223973704],[80.64361328316784,7.355758598368556],[80.64361283342586,7.355766262185663],[80.64341456421434,7.356139137127528],[80.64319116936967,7.356470044041849],[80.64295273755083,7.356644290705148],[80.64261492830883,7.356754538260651],[80.64216932775841,7.356963523751548],[80.64158263482916,7.357240165059088],[80.64102627341909,7.3573477213514],[80.6410144720264,7.357448327577729],[80.64101256685137,7.357455199688206],[80.64101084371418,7.357459176282616],[80.64100631423254,7.357463698227238],[80.64093238140386,7.35752724733394],[80.64089043414494,7.35755544884135],[80.64084295505948,7.357604809309668],[80.64079791573408,7.357676597168962],[80.64074825742533,7.357743319541615],[80.64072324153052,7.357795038878402],[80.64071443708086,7.357854810492288],[80.64071395564899,7.357945782999921],[80.64071302938743,7.358013152219343],[80.64071133236219,7.358023593666192],[80.6407088557934,7.358038834001049],[80.64068664375293,7.358098149405095],[80.64064250257334,7.358194896217486],[80.64062960280145,7.358320770065805],[80.64062967826982,7.358367523339568],[80.64063146742994,7.358444389441374],[80.64063652845469,7.358482190743476],[80.64068206459437,7.358567388753183],[80.64069663834171,7.35860537198583],[80.64070677262806,7.358631783346785],[80.64076136649875,7.358718158776591],[80.64078738381164,7.358778350572186],[80.64079521987233,7.358796482362998],[80.64080243659839,7.358894420311127],[80.64080567285619,7.358981595876576],[80.64083010090084,7.359070315162382],[80.64084709859634,7.359177027783436],[80.64088518928833,7.359321364784608],[80.640921553711,7.359500965369323],[80.64092543562201,7.359520142238328],[80.64094387889232,7.359642229306786],[80.64097102486323,7.359735470908089],[80.64100269662437,7.359839475956882],[80.64102135657083,7.359943117161666],[80.64102295173213,7.359951977076999],[80.64103580086746,7.359996020399677],[80.64107372931824,7.360081307404536],[80.64108965963477,7.360117664195998],[80.64109899949165,7.360141385917328],[80.64110368978542,7.360153298781358],[80.64111047332636,7.360183413136394],[80.64111481173319,7.360214704152707],[80.6411194181338,7.360261367456569],[80.64112070571078,7.36029885743713],[80.64112166195129,7.36032674816626],[80.64112237164616,7.360376123195668],[80.64111402593097,7.360416633345394],[80.6410931721565,7.360486167769367],[80.64107376580586,7.360558868585614],[80.6410191341096,7.360599364754841],[80.64095426337705,7.360642027240089],[80.64093324480405,7.360654500236112],[80.64089455909688,7.360682612290633],[80.64084656701087,7.360719947201894],[80.64083738898775,7.360727087496442],[80.64076563351263,7.360777525760542],[80.64070537980643,7.360831584697805],[80.64066875885935,7.360914859694251],[80.64066031245112,7.360994434684907],[80.64065893963904,7.36103485741027],[80.64065991824921,7.36109634924313],[80.64066496685349,7.361175115354227],[80.64067625409659,7.361291593593471],[80.64069478272484,7.361338440166663],[80.6407090202013,7.361374436545604],[80.64076385291216,7.361567250030139],[80.64076406120829,7.361570366312988],[80.64076709996559,7.361615902384226],[80.6407649176965,7.361640317839399],[80.64076019780784,7.361669164503529],[80.64074723541346,7.3617027092269],[80.64073409517788,7.361725313667606],[80.64070953800085,7.361757137612501],[80.64067229538435,7.361799355361789],[80.64060651323814,7.361865711998133],[80.64053946208017,7.361937855763104],[80.64050458034856,7.361963978567728],[80.64045755910024,7.361995433964457],[80.6403510219023,7.362043149604244],[80.64033930881084,7.362049184062575],[80.64023315624078,7.362103882799367],[80.64021213647982,7.362116988769184],[80.64017415900346,7.362198363369242],[80.64016254029313,7.362278029618187],[80.64016071283163,7.362329935913067],[80.64016839826283,7.362372801190593],[80.64022281489844,7.362444438333887],[80.64026283114698,7.362515347655164],[80.64029154080862,7.362542435656422],[80.64030102161848,7.362558421143814],[80.64033816719467,7.362647727580571],[80.64038389817186,7.362754615318367],[80.64038939979451,7.362767472524663],[80.64039828653668,7.362848436343446],[80.64039951503699,7.362859623818041],[80.6404470499704,7.362926376526808],[80.64047990948535,7.362994209939393],[80.64049566386382,7.363013566749483],[80.64050761750524,7.363026772258451],[80.64051078722366,7.363028853111025],[80.64058840291997,7.36306441746387],[80.64068503980157,7.363114997145586],[80.6408259717433,7.363151395407292],[80.64091066681115,7.363146900429596],[80.64102090788711,7.363135721331747],[80.641155781506,7.363140104516419],[80.64133222413527,7.363176601959013],[80.64151228187785,7.363234172432144],[80.64167847489452,7.363316967745552],[80.64181268904362,7.363402827110097],[80.64189476191139,7.363512284784017],[80.64190106023598,7.363520684009753],[80.6419341784097,7.363629843026524],[80.6419654535031,7.363714136839974],[80.6420044109454,7.363819135108004],[80.64209812434785,7.363941427356998],[80.6422139597988,7.36400901331827],[80.64235588476959,7.364054996987242],[80.6426785932593,7.364168767627001],[80.64275839284672,7.364178466551726],[80.6428365577599,7.3641810327565],[80.6428669077724,7.36418202839619],[80.64296899491359,7.364179889397782],[80.64305486926403,7.364170239855831],[80.64312543424995,7.364164112515195],[80.64325786111932,7.364176179090543],[80.64337107048372,7.364232823747098],[80.64358253317802,7.364364948739333],[80.64373785658475,7.364461996373683],[80.6441077249379,7.364684115165409],[80.64440089407744,7.364836759871729],[80.64449661981321,7.364886706366297],[80.64459198493998,7.364949313846946],[80.64474683921851,7.365087446990437],[80.6447727925248,7.365106633024515],[80.64495023919456,7.365237803292517],[80.6450386199097,7.365327356786916],[80.64508297926177,7.36541508785469],[80.64510259990355,7.365527046017926],[80.64510601190985,7.36562633831658],[80.6451060760814,7.365719211812324],[80.645095010416,7.365765960003301],[80.64508404288642,7.3657901016129],[80.64497116064555,7.365841702255903],[80.64493292769427,7.365863484678392],[80.64490769276469,7.365883895472629],[80.64489895041767,7.365890966344808],[80.64489725886432,7.365898426327721],[80.64489269303566,7.365918544770072],[80.6448961853909,7.365926356239333],[80.64490862498455,7.365954177985159],[80.6449423158171,7.365973542619833],[80.64496414543345,7.365975807969373],[80.64501034290609,7.365970667915501],[80.64504637457826,7.365961674363755],[80.64507873740483,7.365953597598419],[80.64515763660258,7.365949190556968],[80.64518969888313,7.365962041019047],[80.64530136727842,7.366027817274748],[80.64530499434044,7.366030374794108],[80.6453432790917,7.366057371231689],[80.64545191891285,7.366133980989108],[80.64548303377785,7.366155921182681],[80.64560655938794,7.366255974724729],[80.64567900046494,7.366337022109319],[80.64576164034038,7.366538344431624],[80.6458002009704,7.366631951690004],[80.64589201354657,7.366758129286722],[80.64594091116615,7.366812492901349],[80.64599841620792,7.366862788760375],[80.64604239350207,7.366876561401098],[80.6460818502506,7.366888919300279],[80.64611344427247,7.366898814306767],[80.64621398721863,7.366910420402435],[80.64622546417516,7.36690979886707],[80.6463102768003,7.366905204345351],[80.64642685812082,7.366901712328351],[80.64645475503912,7.366910039989263],[80.64648427948026,7.366925422569322],[80.64666032315623,7.367088430376662],[80.64687965498281,7.367287080080426],[80.64695772676774,7.367316040272835],[80.64697689026679,7.367319531890549],[80.64713670808275,7.367348649507183],[80.64721768720116,7.367353918723196],[80.64724778676043,7.367341600884271],[80.64728282364223,7.367327261546555],[80.64736708909263,7.367251053296574],[80.64739490488752,7.367223662811634],[80.64749384562893,7.36714402242198],[80.64758634333178,7.367101638245083],[80.64762548485409,7.367092243871924],[80.6476699496173,7.366973903602192]]]]}},{"type":"Feature","properties":{"GND_N":"Doragamuwa","GND_NO":"600","GND_C":"025","PROVINCE_N":"CENTRAL","PROVINCE_C":"2","DISTRICT_N":"KANDY","DISTRICT_C":"1","DSD_N":"PATHADUMBARA","DSD_C":"12","Admin_Code":"2112025","GND_NO_Cen":"600","GND_NAME_C":"Doragamuwa","GND_NO_Gaz":"600","GND_NAME_G":"දොරගමුව","shape_1":"Polygon","Area__Ha_":209.913889022,"MWS_ID":"106","Alt_MWS":null,"Total_Pop":2453.0,"Density":1168.57441845,"Area_sqkm":2.09913888348},"geometry":{"type":"MultiPolygon","coordinates":[[[[80.65971666642159,7.372165831483417],[80.65975879677794,7.372131117315704],[80.65980962287897,7.372100837387412],[80.65985673798492,7.372059343157136],[80.65990321689702,7.372025895224473],[80.65995956260323,7.372014968752296],[80.66005033013796,7.371999980964963],[80.66006591135685,7.372000077253972],[80.66010540440304,7.372005061172123],[80.66015531715223,7.372000010054411],[80.66018941412656,7.371980741024799],[80.66019146432986,7.371979582243512],[80.66020460521626,7.37195887716707],[80.66021829226291,7.371927954537224],[80.66024040242907,7.371894411620758],[80.6602706667979,7.371857795291907],[80.6603042808258,7.37183203234376],[80.66034604530208,7.371814136210648],[80.66043201211534,7.371801680950956],[80.66046449216184,7.371799793951081],[80.66050484220568,7.371797450506294],[80.66056420437718,7.371793179487979],[80.66056870373497,7.371792855104164],[80.66058944826638,7.371792681420817],[80.6606043356344,7.371792684368446],[80.66061703813239,7.371792688558977],[80.66062124482157,7.371792689647195],[80.66063247610595,7.371793235132914],[80.66069869150965,7.371793613975548],[80.66076264410397,7.371790646310703],[80.66082007743222,7.371780624311056],[80.66087207785964,7.371765988967472],[80.6609295099629,7.371750180332389],[80.66098114787638,7.371729214776658],[80.66104166493025,7.37170409081533],[80.66107455197478,7.371683571661491],[80.66109403185389,7.371662776856805],[80.66110989420741,7.371626520287969],[80.6611182352492,7.371601472398844],[80.66111880594651,7.37149973870094],[80.66111925462474,7.371432015726065],[80.66111927634954,7.371428569441129],[80.6611192801196,7.371428001541168],[80.66111965881052,7.371361199126322],[80.66111451076283,7.371298892375949],[80.66110710022328,7.371239024846345],[80.66109941152868,7.371210956080152],[80.66109144410201,7.371181868999239],[80.66105930529994,7.371114852929452],[80.66103966340697,7.371061673168502],[80.66103337843684,7.371038351438059],[80.66102011710649,7.370989143201387],[80.66098436604614,7.370879442289725],[80.66096399127674,7.370854568761962],[80.660935192256,7.370829783490398],[80.6608906356874,7.370789889613692],[80.6608901131338,7.370789460840209],[80.66084056744448,7.370748837708922],[80.66083149747186,7.370741403822783],[80.66079038917005,7.370688492511154],[80.66075951204982,7.37063630547106],[80.66074738818156,7.370619713843706],[80.66079521171342,7.370542063933706],[80.6608289059191,7.370500018121824],[80.66086148471277,7.370434755902846],[80.6608856176031,7.37039022079098],[80.66091467823135,7.370338586378352],[80.66105769763982,7.370140111119236],[80.66108306947785,7.370106831243818],[80.66110793025146,7.370074219513624],[80.66130172910638,7.369792511825066],[80.66130622416873,7.36977715523818],[80.66131255401311,7.369756432096934],[80.66131469101413,7.369745314266454],[80.66137648444332,7.369655580088891],[80.66140243991103,7.369617514783322],[80.66140978941395,7.369608491747816],[80.66143210838081,7.369568846596894],[80.66143795198332,7.369554390134163],[80.66155139015794,7.369359504415509],[80.66155666876452,7.369351124708413],[80.66156368650657,7.369339437514464],[80.66179196144937,7.369078923495435],[80.6617931647831,7.36907033384861],[80.66181992915521,7.368968496515338],[80.66183206753713,7.368925017213682],[80.66183447142416,7.368918657880067],[80.66190383831821,7.36876865842225],[80.66194970757542,7.368662765652777],[80.66198595777833,7.368560635024965],[80.66207681328324,7.368280588978174],[80.66209722231449,7.368210392397033],[80.66217089075059,7.367865836336677],[80.66217388866552,7.367853112681695],[80.66217688113726,7.367840420675827],[80.66217701118767,7.367827781293584],[80.66220924982416,7.367681388604894],[80.66221488071703,7.367648409277752],[80.66221769731831,7.367629174608632],[80.66234086429127,7.36730598710003],[80.66236034902121,7.367265218936356],[80.66269730443145,7.366519558261379],[80.662701470782,7.366496365804625],[80.66270989485992,7.366446855649484],[80.66271064175125,7.366427134840748],[80.66274346471018,7.366329174807228],[80.66275340340059,7.36630423218323],[80.66276667686805,7.366266858073448],[80.66278327151562,7.366217082315988],[80.6628032449499,7.366145654828882],[80.66281674841525,7.366105002684012],[80.6629094912213,7.365936565746076],[80.66291941820194,7.365914855086945],[80.66297282958111,7.365848600524903],[80.6629805332939,7.365806984729086],[80.66298468458297,7.365793074011645],[80.66298846141694,7.365769847089052],[80.6630171909168,7.365671664440773],[80.66303826016043,7.365600909113644],[80.66304655293266,7.365572433865061],[80.66306779205703,7.365510405989454],[80.66308019315265,7.3654623889274],[80.66309671347022,7.365394715208417],[80.66316512002862,7.365148624233139],[80.66317439126384,7.365133668531074],[80.66317359083794,7.365103838146267],[80.66316158764288,7.364908116305991],[80.66297313752544,7.364839769475256],[80.66298447140319,7.364599797037821],[80.66298463115946,7.364580659352399],[80.6630058677877,7.364210859800296],[80.66288032017928,7.3638060356594],[80.66245733335738,7.363401935339956],[80.66236466742426,7.363249515307328],[80.66226151477437,7.36297364823312],[80.66206076678482,7.362695268508355],[80.66195998135242,7.362454700460952],[80.66194362160242,7.362125352483149],[80.6619112253705,7.361831303420595],[80.6621143740883,7.361572017042239],[80.66231559673166,7.361266943491923],[80.66244884932217,7.36094219305668],[80.66248840094863,7.360724393999775],[80.66250749512882,7.360537313376682],[80.66248472578478,7.3603418916896],[80.66234679712434,7.360196671939442],[80.66213644978441,7.360002698180555],[80.66191736310894,7.359876957053953],[80.66200746741065,7.359131051710176],[80.66174148592351,7.358958713446007],[80.6616193143429,7.35874334541898],[80.6615331211344,7.358413139397658],[80.66181883473682,7.35820227968498],[80.66183642449772,7.358177856286043],[80.66182794331193,7.35814302585452],[80.66182832061332,7.358088134855533],[80.66184345208174,7.358066978068917],[80.66188558236469,7.358026656988335],[80.66192463593758,7.357974486960906],[80.66197184119271,7.357928019726437],[80.66204613745116,7.357845385531392],[80.66213547360515,7.357752355689873],[80.6622243984837,7.357666428108379],[80.66233425359673,7.357527870063459],[80.66239466758732,7.357334296190456],[80.66247157200002,7.357171437478946],[80.66255298647391,7.356976090153933],[80.66261880132996,7.356833367391327],[80.66245914965421,7.35691622959646],[80.6624142181643,7.356934123346715],[80.66236230994453,7.356952920524045],[80.66231729012944,7.356961950278989],[80.66225279438481,7.356971973421029],[80.66219219432648,7.356975574292624],[80.6621533338469,7.356981532783319],[80.66210577911676,7.356985319635532],[80.66200514211674,7.356990629352437],[80.66192326124398,7.356979575978986],[80.66189125138726,7.356695480597991],[80.66184805408014,7.356707982384869],[80.6617395255443,7.356527103398562],[80.66174834889522,7.35587406795646],[80.66040378804354,7.356132126354019],[80.66027863301633,7.355377193057137],[80.66004531845667,7.354602789180686],[80.65996459237664,7.354496619515126],[80.65995012898408,7.35448468440662],[80.6599211507264,7.354463693470812],[80.65980446375254,7.354405650405988],[80.65979272634905,7.354402462405083],[80.65977802854204,7.354393311574453],[80.65975742044134,7.354384019944078],[80.65973382336523,7.35437759959694],[80.65936570016875,7.354393792885064],[80.6586474910448,7.354597444419983],[80.65790996939694,7.354849915638002],[80.65774241665827,7.354931441140559],[80.65771751265456,7.354948382968671],[80.65757665944771,7.354909620777385],[80.65757107486748,7.354904047896935],[80.6574668792088,7.354821605867658],[80.65745677485032,7.354829070005032],[80.65740985032657,7.354841265628147],[80.65734481309312,7.354844593380951],[80.65732261822741,7.354844893143118],[80.65727914335592,7.354845480246881],[80.65722289352502,7.354844470573197],[80.65717108261452,7.354841562135194],[80.65711796813218,7.354835739685474],[80.65719910834378,7.355231033202778],[80.6571966243876,7.355231985676268],[80.65718812192186,7.355237751050679],[80.6571683442805,7.355266475448398],[80.65712574329568,7.355298249410588],[80.65700246739912,7.355326094413186],[80.65698097014739,7.355335922063012],[80.65689667238584,7.355367982414119],[80.6568798227775,7.355377851086613],[80.65686044029732,7.355385285608391],[80.65674592554954,7.355398503087301],[80.65672627419605,7.355398601838856],[80.65671398519409,7.355398660956424],[80.65668200860621,7.355398820622198],[80.65653396511979,7.355387063144004],[80.65651914030772,7.355382145208145],[80.65651173491061,7.355377194891694],[80.65649692549626,7.355372282385043],[80.65631790677658,7.355085955288949],[80.6562808105197,7.354884276204098],[80.65628043427334,7.354848458534708],[80.65628022492638,7.354828631671096],[80.65623683841167,7.354608337661086],[80.65623677193817,7.354589420562743],[80.65623285183355,7.354551645035315],[80.65610816980686,7.354123448421662],[80.65607844114497,7.353889315008104],[80.65607843760255,7.353885648969279],[80.65606483751075,7.35370898190294],[80.65603262509713,7.353357474013756],[80.6559491647797,7.353224106038339],[80.65593577437821,7.353204037802974],[80.6559108181464,7.353176249152749],[80.65585113227878,7.353086640359476],[80.6558378212049,7.353071381217505],[80.6558253130475,7.353071504458232],[80.65571319738402,7.353034486575432],[80.65569487094868,7.353015801490592],[80.65569177221609,7.353015831403138],[80.65559153546671,7.352960959445887],[80.6555838399905,7.352953674129952],[80.6555715773095,7.352953787482429],[80.65508295697907,7.352844292121723],[80.65487477095806,7.352850976441595],[80.65444697060477,7.353126307849262],[80.65444255951495,7.353125821944623],[80.65441076679875,7.35312328125699],[80.65434763559787,7.353113316771161],[80.65424609875669,7.353106417350021],[80.65411231593247,7.353091730317138],[80.65388117090485,7.353047718206131],[80.65382202206322,7.353045984780875],[80.65376550090882,7.353044340687645],[80.65360618516084,7.352991576341191],[80.6534363562366,7.352967204119881],[80.65330230688333,7.35293714545888],[80.65320276017583,7.352936665983649],[80.65319705273883,7.352936754846485],[80.65298183840954,7.352930998595649],[80.65274562776594,7.35284990724941],[80.6525879804932,7.352810926364573],[80.65245998511281,7.352779275744947],[80.65245972420819,7.352779404987957],[80.6523006379336,7.352755828378402],[80.65209928759066,7.352731264264062],[80.65192972344651,7.352729318220809],[80.65180843692485,7.352731727073494],[80.65167763664013,7.35274136675485],[80.651510787382,7.352745119310395],[80.65142265555225,7.352738131648722],[80.65138398283422,7.352727811839472],[80.6512666023676,7.352687174179353],[80.65113426671398,7.352684064434403],[80.65101488148466,7.352689635945036],[80.6509152348816,7.352719361406565],[80.65090813833054,7.35272135431028],[80.6508621520625,7.352734267527633],[80.6508212993405,7.352781191139709],[80.65080280430014,7.352802434329589],[80.65076302661704,7.352849808578979],[80.65071181537239,7.352860697395399],[80.65065939662865,7.352871844497678],[80.65061057499571,7.352869389198365],[80.65050469675279,7.352833730934304],[80.650418293529,7.35280621501733],[80.65032690283687,7.352792173579791],[80.65020416811137,7.352787525328476],[80.65012736564576,7.352756034939332],[80.65006368989081,7.35272799723873],[80.65004638337145,7.352976298115347],[80.65004601957867,7.352981517639678],[80.65004176592346,7.353004108599652],[80.6500331787793,7.353020877351848],[80.65002889581167,7.353025391321552],[80.64998941676228,7.353066985290798],[80.64989267329777,7.353083145013016],[80.64985870457366,7.353084944939737],[80.649857923778,7.353084946528106],[80.64975852358869,7.35308518615296],[80.64967110547667,7.353119798013147],[80.6496142929829,7.353187332358164],[80.64959903667209,7.353324692305861],[80.64960470902508,7.353445146830934],[80.64961438581513,7.353492444519288],[80.64963583618264,7.353555570805608],[80.64972304816078,7.353612618866985],[80.64974025600168,7.353623874137225],[80.64982758864495,7.353667532224595],[80.64985862588566,7.353683047937962],[80.64989521875593,7.353684416519187],[80.64995798380576,7.353717440304739],[80.65005688376121,7.353763406671984],[80.6501716249239,7.353836054361381],[80.65021581765431,7.35387196845726],[80.6502651742616,7.353908154386971],[80.65031389486812,7.35394804686324],[80.65034857634866,7.353985403346063],[80.65036127846597,7.35400422271059],[80.65038325388352,7.354036779206846],[80.6504280799446,7.354075405459349],[80.65045289288297,7.354099556364992],[80.65048974102652,7.354159522784294],[80.65051164895435,7.354206643026361],[80.65051544157551,7.354245075083588],[80.65051896811538,7.354359925039571],[80.6502357913201,7.35433758881924],[80.64988011786873,7.354332268108005],[80.64942400963994,7.354377881491882],[80.64940160995837,7.354471108600663],[80.64936625966482,7.354553027371356],[80.64933870963577,7.354601490109999],[80.64925534961091,7.354695061657454],[80.64922182636612,7.354728873920708],[80.64919763815944,7.354740802932489],[80.64914436422275,7.354783289974715],[80.64908302316374,7.354848291818895],[80.64902512284088,7.354924146244968],[80.64897764419834,7.354972875494299],[80.64897400380724,7.355030025387075],[80.64897742924244,7.355088263352815],[80.64899209429564,7.355122631865991],[80.64902259938518,7.355190824835319],[80.64908353656031,7.355271957948359],[80.64912781902535,7.35531420137911],[80.64914505836313,7.355526807463586],[80.64915075617473,7.355557464887986],[80.64915442490923,7.355718883676885],[80.64915404415714,7.355783631527938],[80.64910102540377,7.355886978097269],[80.64905018786068,7.355961477169726],[80.6490132142144,7.356024225164397],[80.64896274373393,7.356085161622604],[80.64891888192508,7.356158939220171],[80.64889494746622,7.356230463535224],[80.64889021753892,7.356299730748379],[80.64891562585863,7.356459619305981],[80.64893172271537,7.35654905835306],[80.64895453128356,7.356610919028778],[80.64900668908226,7.356668448301409],[80.64910467791421,7.356738197740842],[80.64913845810541,7.356760091414757],[80.649154764461,7.356782003639835],[80.64925308795344,7.35691412640367],[80.64931818698207,7.357016421307992],[80.64938291736482,7.357137886376552],[80.64941070870614,7.357193871387879],[80.64943423947824,7.357267849877688],[80.64944158695802,7.357313886307502],[80.64945404132689,7.357391925588543],[80.64946996078285,7.357468614824218],[80.6495040964428,7.357518088849287],[80.64955126946103,7.357576734364379],[80.64958260284916,7.357615685143746],[80.6496269728971,7.357663083970349],[80.64965793571874,7.357715180463985],[80.64971941973562,7.357789259191129],[80.64977284591262,7.357843532345747],[80.64983515297605,7.357890122346615],[80.64989247505521,7.357947560736246],[80.64991311351847,7.357993415526248],[80.6499077498411,7.35806205046176],[80.6498897010094,7.358147591342686],[80.64986504176031,7.358216583456595],[80.6497874679945,7.35834976419222],[80.64975801393742,7.358404014838448],[80.64974423979406,7.358447187703614],[80.64976619487055,7.358679951942974],[80.64997460831671,7.359124537106148],[80.6499313654984,7.359132669947591],[80.65011754946558,7.359229408489401],[80.65039083766288,7.359349052976652],[80.65067617611427,7.359432780938607],[80.65094784619393,7.359570773807387],[80.65095523706795,7.35960165956387],[80.65102378583789,7.360027971660329],[80.65103695041677,7.360236155377575],[80.65105973286101,7.360253990043036],[80.65105973118239,7.360259972897903],[80.65123742667203,7.360482605390212],[80.65126169388458,7.360516160828432],[80.65132162966293,7.360619178344685],[80.65135330462148,7.360717393365079],[80.65138044030452,7.360858653651717],[80.65143938455005,7.360941322294791],[80.65145939218912,7.360983106577685],[80.65147124425417,7.361030134436279],[80.65148833952712,7.361117945920828],[80.65153838361391,7.361287064146237],[80.65156734284338,7.361382747255066],[80.65157564267398,7.361503112023914],[80.6516626253349,7.361742234318749],[80.6517466256744,7.361950608629806],[80.6517807024089,7.362070538359338],[80.6517906945854,7.362105708497113],[80.65183836780741,7.362179439459313],[80.65184321091449,7.36218692932159],[80.6519257008231,7.362290223409778],[80.65204415303567,7.362398048065046],[80.65212791028821,7.36250450842564],[80.65214040564055,7.362518798941317],[80.6521828818864,7.36254193821474],[80.65226603000444,7.362637116322566],[80.65242457461176,7.362849491883772],[80.65252345390887,7.362978110823272],[80.6526696970731,7.363140746346473],[80.65271560076211,7.363210571051645],[80.652755421312,7.363338179806298],[80.65277849414313,7.363423643513817],[80.65281243983905,7.36350458781048],[80.65283735187734,7.363546120179515],[80.65235427103116,7.363745024219345],[80.65336534860879,7.36469967054207],[80.65346400740201,7.364871634163162],[80.65353114938532,7.365108729527476],[80.65361141267212,7.36536071779113],[80.65398199718534,7.36704523417403],[80.6541789719863,7.367492195240792],[80.65427004936117,7.368195880944508],[80.65405050118586,7.368660170400593],[80.65379435550068,7.369047913315879],[80.65373315447833,7.369073176278403],[80.65360695399733,7.369137888709929],[80.65360073083987,7.369144914323853],[80.6537187100724,7.369162424088097],[80.65387690823722,7.369185901458637],[80.65390994135446,7.369194713865044],[80.65395385860023,7.369194713218266],[80.65398491005958,7.369212370042508],[80.65436791226499,7.369205349616961],[80.65440361297746,7.369204512921098],[80.65471547878566,7.369197214178068],[80.65472437497688,7.369197005893846],[80.65515779377716,7.369243144246371],[80.65541605144767,7.369297314807604],[80.65571854611049,7.369415463766271],[80.65575021328202,7.369437720813128],[80.65579656003743,7.369481095426793],[80.65595600719114,7.369747588763238],[80.6563878200249,7.370092341891089],[80.65641388699908,7.370139812008182],[80.65652037569019,7.370263595905252],[80.65653017482623,7.370287689101459],[80.65655152243457,7.370328479685693],[80.65659157542991,7.370504229502445],[80.65659015848402,7.370511820727973],[80.65658020719306,7.370565177234198],[80.65649538173486,7.370770232746167],[80.65648328365128,7.3707930947493],[80.65647151515124,7.370850163824118],[80.65646277995226,7.370891594734412],[80.65645575351947,7.370924911811914],[80.65651188600253,7.37096225638403],[80.65652942398772,7.370954831346313],[80.65665446469049,7.37088156491052],[80.65672329978437,7.370847530067146],[80.65677516235856,7.37082007217824],[80.65680239834462,7.370798449486727],[80.6568377118598,7.370782704193074],[80.65685725782889,7.370766000648659],[80.65691836110275,7.370652736112328],[80.6569197373698,7.370644813900794],[80.65695267450285,7.370596626173836],[80.65711522621783,7.370540921186933],[80.65716377709354,7.37054028754702],[80.65718692635805,7.370547595941384],[80.65733358377719,7.370538068377123],[80.65739414965678,7.370567742835359],[80.65762245543358,7.370600917159469],[80.65763833269403,7.370601443153706],[80.65790574455337,7.370592093015714],[80.65797033402272,7.370591648915376],[80.65808094429383,7.370614835500393],[80.65808902794238,7.370614778857461],[80.65812867048233,7.370622504827762],[80.6581587522369,7.370646349239385],[80.65831582508956,7.370690917569424],[80.65833862760212,7.370707913587459],[80.65841669818232,7.370743188338268],[80.65846399229471,7.370761192770019],[80.6590212978403,7.370977190434094],[80.65881872176787,7.37148405482812],[80.65881788987913,7.371502505962611],[80.65882208244463,7.371573260460928],[80.65882494082973,7.371592048060372],[80.6588279741105,7.371607134402662],[80.65883084787087,7.371626014244757],[80.65883530832906,7.371694230440709],[80.65883870135967,7.3717019377831],[80.65883788200176,7.371720962247451],[80.65882672986531,7.37180849382351],[80.65882658030515,7.371812300890437],[80.65882181769973,7.37183534845713],[80.6588174611708,7.371847086945122],[80.6587865357912,7.371933850094448],[80.65878522138254,7.371958065114706],[80.65878456145138,7.371970207891847],[80.65881302233636,7.372078258511599],[80.65881979532155,7.372095187896845],[80.65887516098446,7.372197574710055],[80.65906064678987,7.372156284175575],[80.65930241819477,7.372205326236992],[80.65934680004321,7.372217185091442],[80.65940993665163,7.372220729277482],[80.65946800085449,7.37222326654687],[80.65952660583555,7.372225824748885],[80.65960505584266,7.372207579257618],[80.65969220511457,7.372176856670404],[80.65971666642159,7.372165831483417]]]]}},{"type":"Feature","properties":{"GND_N":"Kalugalawatta","GND_NO":"606","GND_C":"245","PROVINCE_N":"CENTRAL","PROVINCE_C":"2","DISTRICT_N":"KANDY","DISTRICT_C":"1","DSD_N":"PATHADUMBARA","DSD_C":"12","Admin_Code":"2112245","GND_NO_Cen":"606","GND_NAME_C":"Kalugalawatta","GND_NO_Gaz":"606","GND_NAME_G":"කළුගලවතaw","shape_1":"Polygon","Area__Ha_":39.9779487387,"MWS_ID":"106","Alt_MWS":null,"Total_Pop":3118.0,"Density":7799.29963489,"Area_sqkm":0.3997794861},"geometry":{"type":"MultiPolygon","coordinates":[[[[80.62235062206538,7.337953046187084],[80.62242380813188,7.337951898386075],[80.6224796892404,7.337962316985381],[80.62252958822029,7.337987291869222],[80.62477124984541,7.337900177327688],[80.62479040323147,7.337899833824051],[80.6258768757613,7.337696378577865],[80.62651842672325,7.337699069838029],[80.62678309868926,7.337631594971048],[80.62686870759018,7.337599552422024],[80.62695773516268,7.337533917113782],[80.6269965213003,7.337505322443545],[80.62727451989532,7.337208256907865],[80.6273588264911,7.337259741407106],[80.62741579049955,7.337285080720069],[80.62756486382307,7.337333330254022],[80.62765352792741,7.337358047925549],[80.62769726967298,7.337380580398753],[80.6277643635785,7.337447432246853],[80.62781995388313,7.337521061636592],[80.62785698391383,7.337565565487721],[80.62788820510691,7.337607904328544],[80.62814978754544,7.337575188964166],[80.62860318934511,7.337208398202676],[80.62858992359325,7.33703529704256],[80.62859046893331,7.337035080189596],[80.6287160394113,7.336946499949787],[80.62879474183428,7.336889054748454],[80.62879484602246,7.336888977012759],[80.62880966779863,7.336881039402294],[80.62884464042213,7.336855458256342],[80.62892026390098,7.336768437756973],[80.6289545499786,7.336728983492912],[80.62906990721069,7.336614785469964],[80.6290707063518,7.336613994468335],[80.62918295365075,7.336539606349922],[80.62918802773639,7.33653680558217],[80.629193644314,7.336534183139338],[80.62919944291887,7.336531653899034],[80.62924464222677,7.336523259599765],[80.62930822784969,7.336522285677339],[80.62934871027188,7.336537762470825],[80.62940937792935,7.336593576788876],[80.62951094213373,7.336680960052692],[80.62951178968699,7.336681689196355],[80.62956250828285,7.336696718069053],[80.6296625034709,7.336696479428802],[80.62971277780812,7.336685191166776],[80.6298022835335,7.336631866593192],[80.62992885292887,7.336526014179183],[80.63004090003454,7.336445649251213],[80.63008612890872,7.336413209507458],[80.63018624374489,7.336329232496459],[80.63031842060799,7.336245355406935],[80.63047840549439,7.336166010618465],[80.63062679496608,7.336086117622871],[80.63073070983211,7.336008834451658],[80.63086369977043,7.335933639656607],[80.63089649207829,7.335921894354003],[80.6309301871795,7.335919281879447],[80.6309592999096,7.335919871859401],[80.63106170259331,7.33592194779024],[80.63118714971456,7.335923706497101],[80.63131751708404,7.335919372670473],[80.63134611221919,7.335918422433289],[80.63145779890506,7.335901005437887],[80.63126953294348,7.335599647798381],[80.6311027109247,7.335533393640809],[80.63088963400793,7.33529315135871],[80.63089810832267,7.335025177979873],[80.63088784919188,7.335021197542983],[80.63082074734844,7.334995151840798],[80.63073699319918,7.334982921171193],[80.63050253866629,7.335205793404509],[80.63048151420311,7.335216945659761],[80.6303953295447,7.335280798428253],[80.63032180661672,7.335371951626652],[80.63031477916725,7.335376497978825],[80.63024856297822,7.335473154402655],[80.6302461664712,7.335475532840244],[80.6301108188177,7.335550919303789],[80.63000079894589,7.335542840639138],[80.62960442997243,7.335664254914517],[80.62933084442437,7.335968356153763],[80.62927763732253,7.335996159571993],[80.62922100121419,7.336048157343781],[80.62915151392004,7.33611195112537],[80.62914769317781,7.336115460371174],[80.62905420956614,7.336201287713769],[80.62904548640489,7.33621992159762],[80.62895963653446,7.336302887499563],[80.62885977261318,7.336402647987894],[80.62874146636982,7.336373474372167],[80.62870192772245,7.336355444088152],[80.62861462935288,7.336312371569271],[80.62848747173898,7.336270456991665],[80.62834474955565,7.336198426737833],[80.62827920099238,7.336142473216819],[80.62824088910581,7.336109769202321],[80.62815433392461,7.336010810125238],[80.62806061876202,7.335914562477253],[80.62796185232894,7.335839865351616],[80.62792424647704,7.335811424419306],[80.62790659383103,7.335785011187423],[80.62785752654715,7.335712741317709],[80.62783072618764,7.335682257514035],[80.62781199109403,7.335664270198905],[80.62772650834108,7.335582207357958],[80.62762345564416,7.335511274251976],[80.62751044394872,7.335435544124694],[80.62745022641472,7.335391936865214],[80.62744289683985,7.335373398072247],[80.62745314591189,7.335331260129895],[80.62746393816599,7.335289937142451],[80.62747626776765,7.335253228408276],[80.62748732898167,7.335220222366814],[80.62749359205922,7.335185499276763],[80.62748735260135,7.335151858111825],[80.62747341280546,7.335130602417941],[80.62745463356411,7.335112021851999],[80.62742687216132,7.33508455626356],[80.6273911310335,7.33503258237212],[80.6273628678547,7.334991482464997],[80.6273484728914,7.334966246787048],[80.6272907513504,7.334863801075142],[80.62729879100131,7.334855182133787],[80.62732188970762,7.334830413749214],[80.62736691846938,7.334797872929347],[80.62749084940292,7.334730273163704],[80.62751338877791,7.334712350143474],[80.62711159835564,7.334329737327016],[80.62711674518614,7.334277089717017],[80.62710462664133,7.334224005927849],[80.62706959413828,7.334165936351928],[80.62702876275915,7.334114014999547],[80.62701641364309,7.334108708075471],[80.62698474933693,7.334095101387859],[80.62692052538777,7.334109999205548],[80.62651368448284,7.333657354198761],[80.62646225935204,7.333719637077526],[80.62632467603036,7.333749585951911],[80.62623927035284,7.333796252842546],[80.62614550193953,7.333837161045703],[80.62606449539524,7.333878679376992],[80.62597247147359,7.333938363226769],[80.62589647961344,7.333986615726283],[80.62580897510541,7.333974283415923],[80.62580560973318,7.333884076441962],[80.6258538626655,7.333801269464565],[80.62590119928915,7.333725563651605],[80.62591590821519,7.333654299695643],[80.62584421420075,7.33357850430697],[80.62583434099588,7.333588024197087],[80.62576348577535,7.333663055656647],[80.62572389801905,7.333697892352507],[80.62571438206213,7.333706264801365],[80.62567296975953,7.333752912862664],[80.62562258208382,7.333835276901323],[80.62559357794414,7.333891967761405],[80.62557879462699,7.333952640505167],[80.62557777395251,7.333955000388801],[80.6255544987428,7.334008878982024],[80.62552269320918,7.334051733994181],[80.62544423413007,7.3341076820947],[80.62536531839669,7.334177468547555],[80.62532010894628,7.334211092458238],[80.62530389693016,7.334216148384669],[80.62529800752353,7.334216688986491],[80.62529230153649,7.334215874102495],[80.62528596267074,7.33421433375627],[80.62527346513144,7.334208724698229],[80.62521806116709,7.334130211835469],[80.62514909005189,7.333986854205093],[80.62509569413987,7.333865570368878],[80.6250862083314,7.333851665356357],[80.6250226367724,7.33375847653177],[80.62494723092436,7.333632300234249],[80.62487075245774,7.333463981322137],[80.62485547732884,7.333371647030938],[80.62483972677795,7.333343338002615],[80.62480359291432,7.333326414489151],[80.62467189634566,7.333328901217826],[80.62454209694094,7.333343234893023],[80.62449608500962,7.333342132384742],[80.62446022193534,7.333328013173131],[80.62439393554638,7.333287024125792],[80.62432258840423,7.333209593640277],[80.62430131603465,7.333174406420905],[80.62428212530224,7.333138594128213],[80.62423840690549,7.333057006858133],[80.62421849842791,7.333006358355889],[80.62421727891595,7.33299943732686],[80.62418052938119,7.332920599675816],[80.62413485286717,7.332870775309606],[80.62411175756527,7.332829318848878],[80.62409393958961,7.332797333111015],[80.6240452363797,7.332717283254745],[80.62396601292193,7.332631981721673],[80.62390779656474,7.33256811652096],[80.62390297192599,7.332564558268946],[80.62380655884503,7.332493476440921],[80.6237444506937,7.332415774996395],[80.62366603908023,7.332348556996444],[80.62357855871242,7.332298429001776],[80.62351843684782,7.332242252376639],[80.6234439998479,7.33220126042188],[80.62336656026916,7.332192190166991],[80.6232620331424,7.33220210190529],[80.62318177836238,7.33221726502544],[80.62304545653095,7.332235393213278],[80.62294129541141,7.332237075861523],[80.62284936461818,7.332225648486445],[80.62276903281004,7.332198582454207],[80.6226574551732,7.332169242263703],[80.62267681583756,7.332102541302473],[80.62265643713303,7.332097849153781],[80.62227577066659,7.331910675963414],[80.6222284845027,7.332091330070523],[80.62218959174803,7.332290863428399],[80.62215214651185,7.332468861347315],[80.62210896610088,7.332596615232231],[80.62207582419894,7.332800454115178],[80.62204701473658,7.332948309203612],[80.62198655294654,7.333153577441824],[80.62192462538853,7.333443542901738],[80.62180803698035,7.333789478452582],[80.62170154377354,7.334049281865827],[80.62159362499112,7.334271759735714],[80.6214972150696,7.334479885762529],[80.62139935001079,7.334731078595141],[80.62130580176628,7.334979400830732],[80.62127971330328,7.33505250003872],[80.62124535086423,7.335148779047843],[80.62117767055436,7.335437307253297],[80.62104235653302,7.335876547277181],[80.62094589379782,7.336232538990216],[80.6208576717439,7.3365852545303],[80.62074717079703,7.337078027675092],[80.62068382504143,7.337303390955182],[80.6206248084306,7.337482819051779],[80.62055429948113,7.337633528891258],[80.62052167293473,7.337675395746879],[80.62066797383291,7.337731844080995],[80.62069606466456,7.337748904403825],[80.62069278310716,7.337754055972891],[80.62069803796679,7.337757744627481],[80.62073081587121,7.337780746019283],[80.62078441495585,7.33783909017066],[80.62081839572896,7.337885552247735],[80.62082126291865,7.337889474288328],[80.62086626527837,7.33792738096977],[80.62094278662907,7.337972443429668],[80.62096551372257,7.337989024410011],[80.62101731118037,7.338026818580226],[80.62110986391687,7.338073784681268],[80.62114048596062,7.338086874162312],[80.62118883388992,7.338107542377577],[80.62125358974292,7.338125560320285],[80.62141082940332,7.338128150228203],[80.62145226197215,7.338127498948118],[80.62149542727582,7.33812682113236],[80.62164361908212,7.338108969738082],[80.62173202615212,7.338093174904832],[80.6218105628273,7.338067703353579],[80.62190939964064,7.338025958638752],[80.62195134252707,7.338005807144985],[80.62196964455329,7.337986914450741],[80.62198908820889,7.33798009094668],[80.62202345430661,7.337968032143997],[80.62211303886504,7.337957393058293],[80.62235062206538,7.337953046187084]]]]}},{"type":"Feature","properties":{"GND_N":"Kahalla","GND_NO":"605","GND_C":"240","PROVINCE_N":"CENTRAL","PROVINCE_C":"2","DISTRICT_N":"KANDY","DISTRICT_C":"1","DSD_N":"PATHADUMBARA","DSD_C":"12","Admin_Code":"2112240","GND_NO_Cen":"605","GND_NAME_C":"Kahalla","GND_NO_Gaz":"605","GND_NAME_G":"කහල්ල","shape_1":"Polygon","Area__Ha_":59.1234527509,"MWS_ID":"106","Alt_MWS":null,"Total_Pop":2980.0,"Density":5040.30104962,"Area_sqkm":0.59123452561},"geometry":{"type":"MultiPolygon","coordinates":[[[[80.63656376190723,7.336659379012954],[80.63691346229945,7.336486140296601],[80.63719227454114,7.336328601543453],[80.63749291796574,7.33626509591391],[80.63750862657557,7.336265074542293],[80.63780343466657,7.336223175184856],[80.63784288158352,7.336222698116388],[80.63841818451839,7.336313315146633],[80.63849430972172,7.335643332455082],[80.63934043982485,7.335611659383774],[80.63934067947933,7.335426277632632],[80.63932939726485,7.335296234720901],[80.63932354640357,7.335173700975814],[80.63932983155631,7.335173387290543],[80.63932975953732,7.335171943098941],[80.63932355044089,7.335172346333279],[80.6393236473508,7.335139788792465],[80.6393236704987,7.335064099660118],[80.63932393411483,7.335055082044922],[80.63932632600677,7.334972856438087],[80.63932798910724,7.334868770926016],[80.63932810453015,7.334781596286094],[80.63932767282729,7.334715311750649],[80.63932778641798,7.334637088791284],[80.63932733718262,7.334628136972645],[80.63932534585803,7.334617827327226],[80.63931639428101,7.334573332958904],[80.63929703456441,7.334496550945066],[80.63927233070994,7.334414433729712],[80.63926871320207,7.334402314080545],[80.6392394874581,7.334300661664878],[80.63921814313977,7.334203533159486],[80.63921561729538,7.334193641137744],[80.6391868387908,7.334080900307972],[80.63917698450622,7.334023565481906],[80.63917698366882,7.334023342119156],[80.6391436262024,7.334027234001119],[80.6390417518412,7.334043203610257],[80.63902328617779,7.33399892155346],[80.63898792705717,7.333946456734829],[80.63875036204465,7.334627038342129],[80.63837156850596,7.334487342379144],[80.63829285580707,7.334445242868072],[80.63824799403146,7.334411754556418],[80.63821311960864,7.334338535202002],[80.63811429166574,7.334306039491536],[80.6379996313262,7.334375536871228],[80.63792827062942,7.334360082997072],[80.63783864953781,7.334413147841662],[80.63775377793938,7.3343616786795],[80.63771633159179,7.334252233982534],[80.63771529315846,7.33420387523127],[80.63774596806225,7.334061499693319],[80.63778689171716,7.333933299525508],[80.63778907358036,7.333930701235222],[80.63776300058532,7.33375175632951],[80.6377086914232,7.333608527149438],[80.63769655345601,7.333596634553052],[80.63769155316386,7.333589546903594],[80.63768174386193,7.33357775721109],[80.6374838793256,7.33348597644529],[80.63746181668658,7.333483903301044],[80.63745302087835,7.333483978353663],[80.63731846231212,7.333453596540069],[80.63724553496091,7.333458151556743],[80.63699649841743,7.333452910873249],[80.63710383825973,7.332765711088888],[80.63706488648789,7.332750653254064],[80.63693973087356,7.332682159739085],[80.63681955174104,7.332636183939761],[80.6367026348816,7.33258527434801],[80.63665744484722,7.332565597176814],[80.63657872531991,7.332718361703066],[80.63608154511739,7.332821202304733],[80.63578122382816,7.332751011578948],[80.63578364596475,7.332669662271656],[80.63575490691473,7.332607445477156],[80.63565188479141,7.332523670405503],[80.63546741911793,7.33232502440574],[80.63531650506988,7.332121602387647],[80.63525903651887,7.331973241825319],[80.63487988974423,7.332036477167364],[80.63457486292731,7.33203777734229],[80.63421844494904,7.331858217039407],[80.63405659874377,7.332121355581746],[80.6339408750224,7.332324788597155],[80.63332226611821,7.332378692091176],[80.63313199179893,7.332200705689249],[80.63276669570773,7.332389986094211],[80.63264858172627,7.332402042490322],[80.6325225917751,7.332587667052685],[80.63242321247385,7.332562600571945],[80.63239440875466,7.332556573225097],[80.6323170651213,7.33256940491013],[80.63229497585256,7.332650414199797],[80.6319574248915,7.332958083108188],[80.6319208259213,7.333079519936758],[80.63182739739841,7.333616041773237],[80.63124331998289,7.334249715526982],[80.63088852983557,7.334372609357041],[80.63094961992904,7.334823409758473],[80.63089810832267,7.335025177979873],[80.63088963400793,7.33529315135871],[80.6311027109247,7.335533393640809],[80.63126953294348,7.335599647798381],[80.63145779890506,7.335901005437887],[80.63146997484978,7.335904362512101],[80.63156059254158,7.335929342290203],[80.63156614881258,7.335931086668691],[80.63166486478286,7.335962075403765],[80.63170015684565,7.335973155411264],[80.6318182589602,7.335998062595539],[80.63190158694918,7.336006770676755],[80.6319249553702,7.336004517433413],[80.63195195243009,7.335990509437882],[80.63204346140975,7.335903091989083],[80.63212192585767,7.335828966276953],[80.63217502543176,7.33575473836735],[80.63222304454113,7.335711619499885],[80.63227124052257,7.335684596342827],[80.6323387239174,7.335665445877909],[80.6323926201529,7.335657144475595],[80.63241671159712,7.335662577999061],[80.6324581033573,7.335667022328695],[80.63250202444983,7.335692626306394],[80.63253226974601,7.335714611411748],[80.63267740321652,7.335903656805042],[80.63280759955863,7.336065568342161],[80.6329470378277,7.336212201003161],[80.63301992091104,7.336310702666349],[80.63306202388718,7.336354393845515],[80.63311527437494,7.336385789171517],[80.63317178333347,7.336418634220161],[80.6332838939852,7.336489114091699],[80.63342942045381,7.336578053215084],[80.63353012532788,7.336630263416312],[80.63362657604597,7.336670536371066],[80.63373201008397,7.33665971732257],[80.63374924282219,7.336660572834285],[80.63379552286129,7.336662866356399],[80.63379612790015,7.336662896390265],[80.63384948544507,7.336665542116428],[80.63389142115939,7.336665917132301],[80.63390537045453,7.336664112046954],[80.6339940515849,7.336641714377902],[80.63403816440015,7.336637479037135],[80.6340869830919,7.336640387353735],[80.63410755213617,7.336614349081488],[80.63415964184088,7.336584886245765],[80.63425312423841,7.336562942194744],[80.63438627157896,7.336558552293282],[80.63451081740382,7.336549730369595],[80.63457032792982,7.336549024802456],[80.63460945534769,7.33655075441292],[80.63462893150339,7.336540633284101],[80.63463772636679,7.33653514333094],[80.63464587348288,7.336530058300379],[80.63466712892124,7.336510175797572],[80.63468356337802,7.336494804237881],[80.6347480975308,7.33653331435541],[80.63483628571802,7.336542912354804],[80.63504222873945,7.336542388456184],[80.63510943951377,7.336537619499708],[80.63520916722666,7.336526707879819],[80.63525192614254,7.336504476396542],[80.63526747497292,7.336494134261429],[80.63527258091061,7.336490737499667],[80.63532720013242,7.336484876683],[80.63543399002718,7.336485542286808],[80.63558959838292,7.336489841268214],[80.63559206655837,7.336492796393952],[80.63563613789226,7.336545560809047],[80.63575311951098,7.336675817728615],[80.63578753295897,7.336690387746251],[80.63587131645856,7.336691408675501],[80.63596144269616,7.336684744104256],[80.63603191705957,7.336665142773452],[80.63609098052646,7.33664011206174],[80.63617430977861,7.336636793050039],[80.63630591632457,7.336644338878171],[80.63634802921155,7.336660359039028],[80.63653957301513,7.336736560850098],[80.63656376190723,7.336659379012954]]],[[[80.62832658038135,7.334302875256633],[80.62818667342809,7.333955697769745],[80.62820084762245,7.333678896737201],[80.62824818627082,7.333447838045078],[80.62831694759956,7.333370823266738],[80.62840595639636,7.333290262140483],[80.62841506648618,7.333268264392635],[80.62848774484223,7.333145494135196],[80.62849503487925,7.333138395054696],[80.62853308766485,7.333025019038213],[80.62863138224267,7.332911161830417],[80.62877865068114,7.332745521393034],[80.62878442650117,7.332663497734694],[80.62881867640095,7.332512876791952],[80.62882328086762,7.332494766051698],[80.62886354767421,7.332390872327084],[80.62886475183143,7.332373103201133],[80.62887627479518,7.332348377052281],[80.6288867544339,7.332188437618337],[80.6288873682641,7.332178244535053],[80.6289336919537,7.332065582873749],[80.62899215413118,7.332044962261875],[80.62907868986369,7.331917463322971],[80.62920366794971,7.33172769047757],[80.62922114144216,7.331554614722758],[80.62924761097017,7.331491521232548],[80.62925358415285,7.33134320419682],[80.62919541238028,7.331205144465101],[80.62918429759164,7.331015779214439],[80.62917826177794,7.331004435491328],[80.62917209699165,7.330969347484416],[80.62916277720662,7.330962683350375],[80.62915190984776,7.330952189897578],[80.62913932599085,7.330939253364602],[80.6291308142187,7.330929577266481],[80.62912330135619,7.330917545790079],[80.62912076916352,7.330902896182963],[80.62911807084929,7.330848003301022],[80.62911771947881,7.330814724894824],[80.62913298145153,7.330673749303433],[80.62916971144787,7.330530068736237],[80.6291975461224,7.330444168305985],[80.62921386085416,7.330412614428538],[80.62922700041929,7.330390915492885],[80.62923461201339,7.330383592236874],[80.62925173461338,7.330368767293975],[80.62925454347096,7.330365603157659],[80.62925889212966,7.330362349999053],[80.62926414678968,7.33036108569548],[80.62928551676603,7.330359076091291],[80.6293082571809,7.330356939427605],[80.62938343503,7.330357416149487],[80.62947101981665,7.330357897814932],[80.62951314138537,7.33034760253203],[80.62953604788412,7.330336149797716],[80.62958959904488,7.330309375536093],[80.62969251487725,7.330233990365752],[80.62982813349613,7.330147853733907],[80.62990042609356,7.3301079984885],[80.62991433725469,7.330097572804795],[80.62994010846033,7.330078258985155],[80.63003460992861,7.329977461027941],[80.63009658581315,7.329907689909944],[80.63012793997073,7.329874659641044],[80.63012913492395,7.329871046440845],[80.63013346326755,7.329866173662956],[80.63016055760855,7.32982783918303],[80.63020025717643,7.329745199833501],[80.63025210007856,7.32964031770342],[80.63029217377522,7.32951291463804],[80.63031505871842,7.32940615571264],[80.63031684757004,7.329397804164781],[80.63033120997554,7.329242087204988],[80.63033158032665,7.3291144442637],[80.6303316191173,7.329101017207531],[80.63032956573919,7.329006609272121],[80.63031646349327,7.328914003639905],[80.63029975925667,7.328751404804448],[80.63028845885155,7.328688461749801],[80.63028348468575,7.328662867497417],[80.63025987597543,7.328558665305579],[80.63025137691456,7.328521153022582],[80.63020938571499,7.328409910296101],[80.6301651344632,7.328291071602645],[80.63013474435651,7.328162289188437],[80.63009842693312,7.328150611894227],[80.63001319569679,7.32815013022029],[80.6299577682982,7.328143060445025],[80.62984946702926,7.328064441389392],[80.62976136068224,7.327995595344984],[80.62969570831785,7.327949906722394],[80.62967596758095,7.327936245334185],[80.62958740997131,7.327865409645811],[80.62957917668699,7.327857347824852],[80.6294783916392,7.327758666491033],[80.62942596760158,7.327705023390036],[80.62937463014136,7.327652376274016],[80.62930753675616,7.32757928769308],[80.6291933567377,7.327483577070817],[80.62917705695219,7.327469914977899],[80.62910841895257,7.327414548363928],[80.6290029191699,7.32735889928369],[80.62893943418919,7.327333196326167],[80.62881281782781,7.327313803678686],[80.62871807778372,7.327287302794123],[80.62871346775496,7.327286701729618],[80.62869160498927,7.327283847814397],[80.62850568825677,7.32728266633522],[80.6284507696147,7.327282317312505],[80.62827695808389,7.327281264511273],[80.62807479583256,7.327277757974318],[80.62804472806151,7.327274584818332],[80.62803783250584,7.327305146127272],[80.6280246926482,7.32732783976334],[80.62792283276758,7.327484249425977],[80.62790705950796,7.327510881326714],[80.6278898471227,7.327539944418669],[80.62786655791365,7.327569596917661],[80.62783683578084,7.32760847297566],[80.6277404315519,7.327708726368278],[80.62769267959693,7.327761520894414],[80.62764183650683,7.327852024668377],[80.6276203533588,7.327900668985294],[80.62761174199183,7.32792119378146],[80.6275749466837,7.327987917253873],[80.62750313196739,7.328220299874493],[80.62750227873121,7.328223105639538],[80.62749789377027,7.32823751875361],[80.62749592071857,7.328244005559259],[80.62748354653091,7.328284678751888],[80.62745299998008,7.328345708989573],[80.62740669655157,7.328405648846832],[80.62734264209153,7.328463592452495],[80.62724461982128,7.328523242060167],[80.62709651000621,7.328579710880714],[80.62702322158268,7.328620831369584],[80.62696301868071,7.328647632057526],[80.6269566266127,7.328651035533954],[80.62686920046448,7.328749010156111],[80.62677169750573,7.328877929315775],[80.62672829469984,7.328930724273978],[80.62670327851046,7.32898081424894],[80.6267025543369,7.32898226179454],[80.6266340469389,7.32907312038283],[80.62659834692052,7.329113982017232],[80.62655368816955,7.329138563240996],[80.62653947518936,7.329157600381612],[80.62653708280685,7.329161233972026],[80.62653084492425,7.329182957734646],[80.62647854815953,7.32929109566027],[80.62638946006022,7.329444977154356],[80.6263692478002,7.329481772767256],[80.62636843028596,7.329483360447827],[80.6263550192638,7.329509350118009],[80.62634926575393,7.329523512271281],[80.62630253150023,7.329638557273019],[80.62626029286483,7.329733403486001],[80.62622839126537,7.329791082742933],[80.62621576299517,7.329897611553398],[80.6262159292858,7.330009609326497],[80.6262160926058,7.330119657424439],[80.62621613111904,7.330145297092222],[80.62621629204568,7.330200279569532],[80.62623447235735,7.330270187223966],[80.62628091040025,7.330350325624345],[80.62631983856271,7.330401702020751],[80.62634465791541,7.330447598164186],[80.62635016236409,7.330457779719689],[80.62637984491974,7.330535469099449],[80.62639557384965,7.330623012517811],[80.62640053792042,7.330680889455557],[80.6264113958396,7.330705850886806],[80.62639925100339,7.330729178715368],[80.62634270296242,7.330816787557082],[80.62630165069231,7.33087392299076],[80.62627987237796,7.330926773942586],[80.62627935448987,7.330928880791736],[80.6262788661791,7.330929215220265],[80.62624427105608,7.33101316623971],[80.62620863609988,7.331129628347901],[80.62619117074364,7.331172254895538],[80.62617699775969,7.331206844207878],[80.62616408798894,7.331274788189141],[80.626162206143,7.331284699606766],[80.62616073061206,7.331365994892582],[80.62617410560794,7.331447749096743],[80.62620279138498,7.331526885034584],[80.62624071692252,7.331597342762831],[80.62629054530869,7.331829043180303],[80.62629261017379,7.33184060445639],[80.62629589099454,7.331858975526542],[80.62631269199085,7.331953030269881],[80.62634217904503,7.332076569464676],[80.62636371030602,7.332145031345816],[80.62637251792638,7.332347779522867],[80.6263720713602,7.332423662906598],[80.62637203679114,7.332429526384196],[80.62635244464362,7.332510184421825],[80.6263208060998,7.332593188717768],[80.62629384531468,7.332761379745542],[80.62629842614577,7.33287369638775],[80.62628680419759,7.332917664154814],[80.62625779511477,7.333027412220734],[80.62622470864562,7.333103723290507],[80.62620467055794,7.333166205619823],[80.62618826860013,7.333189530208361],[80.62612601150207,7.333279033419164],[80.62609021400473,7.333336626345891],[80.62601462995667,7.333411560411115],[80.62591815223382,7.333507209533474],[80.62587797354581,7.333545951722591],[80.62584426131485,7.333578460011982],[80.62584421420075,7.33357850430697],[80.62591590821519,7.333654299695643],[80.62590119928915,7.333725563651605],[80.6258538626655,7.333801269464565],[80.62580560973318,7.333884076441962],[80.62580897510541,7.333974283415923],[80.62589647961344,7.333986615726283],[80.62597247147359,7.333938363226769],[80.62606449539524,7.333878679376992],[80.62614550193953,7.333837161045703],[80.62623927035284,7.333796252842546],[80.62632467603036,7.333749585951911],[80.62646225935204,7.333719637077526],[80.62651368448284,7.333657354198761],[80.62692052538777,7.334109999205548],[80.62698474933693,7.334095101387859],[80.62701641364309,7.334108708075471],[80.62702876275915,7.334114014999547],[80.62706959413828,7.334165936351928],[80.62710462664133,7.334224005927849],[80.62711674518614,7.334277089717017],[80.62711159835564,7.334329737327016],[80.62751338877791,7.334712350143474],[80.62749084940292,7.334730273163704],[80.62736691846938,7.334797872929347],[80.62732188970762,7.334830413749214],[80.62729879100131,7.334855182133787],[80.6272907513504,7.334863801075142],[80.6273484728914,7.334966246787048],[80.6273628678547,7.334991482464997],[80.6273911310335,7.33503258237212],[80.62742687216132,7.33508455626356],[80.62745463356411,7.335112021851999],[80.62747341280546,7.335130602417941],[80.62748735260135,7.335151858111825],[80.62749359205922,7.335185499276763],[80.62748732898167,7.335220222366814],[80.62747626776765,7.335253228408276],[80.62746393816599,7.335289937142451],[80.62745314591189,7.335331260129895],[80.62744289683985,7.335373398072247],[80.62745022641472,7.335391936865214],[80.62751044394872,7.335435544124694],[80.62762345564416,7.335511274251976],[80.62772650834108,7.335582207357958],[80.62781199109403,7.335664270198905],[80.62783072618764,7.335682257514035],[80.62785752654715,7.335712741317709],[80.62790659383103,7.335785011187423],[80.62792424647704,7.335811424419306],[80.62796185232894,7.335839865351616],[80.62806061876202,7.335914562477253],[80.62815433392461,7.336010810125238],[80.62824088910581,7.336109769202321],[80.62827920099238,7.336142473216819],[80.62834474955565,7.336198426737833],[80.62848747173898,7.336270456991665],[80.62861462935288,7.336312371569271],[80.62870192772245,7.336355444088152],[80.62874146636982,7.336373474372167],[80.62885977261318,7.336402647987894],[80.62895963653446,7.336302887499563],[80.62904548640489,7.33621992159762],[80.62905420956614,7.336201287713769],[80.62914769317781,7.336115460371174],[80.62915151392004,7.33611195112537],[80.62912804962812,7.335887717439951],[80.62903776948836,7.335731883094248],[80.6290380779153,7.335727702610921],[80.62899076586476,7.335600200528403],[80.62898853395487,7.335584043551525],[80.62897382738142,7.335464939549152],[80.6289802548338,7.3353845049691],[80.62900462195181,7.335270345834748],[80.6289918057708,7.335263937372155],[80.62892687658062,7.335222407751652],[80.62888059982214,7.335199695515487],[80.62885796977761,7.335157457224123],[80.6288377169472,7.335047668411446],[80.62882451661774,7.334975590368488],[80.62888245173664,7.33496412113622],[80.62888628746946,7.334939808447793],[80.62893505414588,7.334846842383376],[80.62893511646774,7.334836363361243],[80.62895324882936,7.334739970796704],[80.62884127693222,7.33461738045221],[80.62872838147749,7.334458281327843],[80.62857144147726,7.334388348077391],[80.62856359609773,7.334379255462346],[80.62832658038135,7.334302875256633]]]]}},{"type":"Feature","properties":{"GND_N":"Polgolla","GND_NO":"609","GND_C":"225","PROVINCE_N":"CENTRAL","PROVINCE_C":"2","DISTRICT_N":"KANDY","DISTRICT_C":"1","DSD_N":"PATHADUMBARA","DSD_C":"12","Admin_Code":"2112225","GND_NO_Cen":"609","GND_NAME_C":"Polgolla","GND_NO_Gaz":"609","GND_NAME_G":"පොල්ගොලa","shape_1":"Polygon","Area__Ha_":97.2634993747,"MWS_ID":"106","Alt_MWS":null,"Total_Pop":2213.0,"Density":2275.26258189,"Area_sqkm":0.97263499062},"geometry":{"type":"MultiPolygon","coordinates":[[[[80.64417363122779,7.335294791569691],[80.64426542355437,7.335051996346607],[80.64424774505002,7.334895032396546],[80.64412020696861,7.334502585799029],[80.64434327678812,7.334425862572807],[80.64436393221895,7.334399397915508],[80.6444334369289,7.334326773040106],[80.64448711035817,7.33426181289356],[80.64456523159582,7.334250418087097],[80.64467295555619,7.334322640972133],[80.64486419087432,7.334306609417822],[80.64500650087477,7.334333672462394],[80.64517552871686,7.334413990359628],[80.64522111407352,7.334496122404021],[80.64528542784346,7.33474218993068],[80.64548842367091,7.334682771332272],[80.64562625900172,7.334543511877807],[80.64578763438564,7.334455652499054],[80.64598663081532,7.334350522763923],[80.64609368293769,7.334547464621326],[80.64629550312698,7.334665149216364],[80.64665983209608,7.334471873137515],[80.646904245613,7.334257320191259],[80.6469091892567,7.334257238418989],[80.64676536686511,7.333702848162506],[80.64663835504699,7.333644881050334],[80.64633630400061,7.333484686245281],[80.64631947167945,7.333474521545392],[80.64631155943592,7.333460543270986],[80.64630059191514,7.333450258185938],[80.64629233521666,7.333443449117055],[80.64610344095381,7.333293704435585],[80.6460927032923,7.333287262695242],[80.64608198374245,7.333280833620092],[80.64607128411694,7.33327441359352],[80.645851752594,7.333113132792729],[80.64576391237988,7.33288674514831],[80.64590220937534,7.332550135390713],[80.64606408202079,7.332353649478478],[80.64606498632173,7.332346180206458],[80.64625409767748,7.332239629516559],[80.64641147367804,7.332268874931365],[80.64660431793364,7.332361175746819],[80.64675352147982,7.332490362137561],[80.64692472821586,7.332573758249215],[80.64715241608495,7.332571993422416],[80.6473328135413,7.332488858481724],[80.64814833232386,7.332623703423241],[80.648157354543,7.332623671632125],[80.64826103092953,7.332616549053959],[80.64842658133499,7.332656348396139],[80.648439097331,7.332642623748002],[80.6484657347926,7.332616677857195],[80.64851230882898,7.332552484753742],[80.64856041563809,7.332506469455615],[80.6485697477346,7.332499690746854],[80.64857618002898,7.332497793540506],[80.64858469392445,7.332495263914114],[80.64860977877578,7.332511096326595],[80.64862590259959,7.332506126341541],[80.64867173566293,7.332496100701563],[80.6487651247615,7.332478404698891],[80.64887209525739,7.332474726495894],[80.64899835888997,7.332472139798895],[80.64913974901977,7.332461689918408],[80.64926537356145,7.332473753562987],[80.64936056454944,7.332486711071981],[80.64944466510018,7.332497883955872],[80.6495017661659,7.332505469980621],[80.6496638937246,7.332510309394094],[80.64975127360171,7.332500519614415],[80.64976745684466,7.332499989728035],[80.64977421977478,7.332497948813519],[80.64981606780417,7.332493260029743],[80.64992884284743,7.332455762311369],[80.64993999579698,7.332447882645816],[80.6500669986169,7.33235813741379],[80.65016410931557,7.332305263004712],[80.65017589074603,7.33228166402639],[80.65018296091183,7.332262857431187],[80.65018640805623,7.332247303498238],[80.6501953111824,7.33215226475111],[80.65018700530214,7.332052968242635],[80.65016310643985,7.332010008091648],[80.65012997057667,7.331957911895575],[80.65006622693974,7.331879038856175],[80.65005770957652,7.331813577652589],[80.65005429594476,7.331787338368479],[80.65005438724184,7.331775132124384],[80.65005505024271,7.331685153347221],[80.65006982622108,7.331641750995751],[80.65009021789474,7.33160142484759],[80.65013308757229,7.331500064615248],[80.65016517821286,7.331407199984994],[80.65021946939741,7.331273560266038],[80.65027302893493,7.331171299618084],[80.65028242382564,7.331150390265003],[80.65059869497438,7.331297960543436],[80.6507363044766,7.331182732128726],[80.65087245228605,7.331014803245622],[80.65121682179598,7.330886343598356],[80.65142607801864,7.330681978837697],[80.65157423164472,7.330466620607289],[80.6515818277024,7.329901954709324],[80.6518195785913,7.32936323370224],[80.6518910632447,7.329084474280828],[80.65189195736171,7.329064370984491],[80.6519552460901,7.328872815670509],[80.65185726972368,7.328637953021128],[80.65190358580723,7.328419704339362],[80.65192381118769,7.32837366738226],[80.65194004083004,7.328313083616634],[80.6519642372812,7.328262719764637],[80.65196750616624,7.328236406375689],[80.65197913214658,7.328116137382973],[80.65199237803148,7.328036742397271],[80.65199313003689,7.32794115875475],[80.65200084801427,7.327868816702488],[80.652036846911,7.327727936348514],[80.65206160184762,7.327619878154909],[80.65209288118669,7.327507301153712],[80.65210757150668,7.327441653764942],[80.65210655470584,7.327188627879266],[80.65233818993094,7.326989857393826],[80.65227206529916,7.326930981741042],[80.65224907812025,7.326863502689281],[80.6522332787397,7.326803203971123],[80.65223473788868,7.326721374956257],[80.65225201938472,7.32662663234543],[80.65227936456417,7.326531890699655],[80.65229663611784,7.326473036227803],[80.65231102547543,7.326434280889822],[80.65232829214638,7.326389781311152],[80.6523703042779,7.326323366451362],[80.65241027689697,7.326292185359824],[80.65244766768988,7.326269226375494],[80.65248716894841,7.326259049378968],[80.65254832299132,7.326254897373188],[80.65263339161757,7.326285738490052],[80.65282329249527,7.326333092908404],[80.6529610816999,7.326357057648273],[80.65308090068467,7.32636905350298],[80.65319772521211,7.326378057978283],[80.65336249031878,7.326345203613181],[80.65346434808028,7.326312332917476],[80.65352127202938,7.326279449031725],[80.6535782001499,7.326234603027113],[80.65362614977104,7.326162837100127],[80.65369756075448,7.325915559691577],[80.6536742570488,7.325507865757168],[80.65364218873744,7.325192205714764],[80.65356365829793,7.324643495144961],[80.65352482418702,7.324248698630029],[80.65351048184318,7.324205700557451],[80.6534703716209,7.324085452642647],[80.65345598313307,7.324042314388705],[80.65341936850898,7.323914234354801],[80.6533961287652,7.323832942966514],[80.6533661972224,7.323749192758732],[80.6532883137509,7.323743189512677],[80.65317448789148,7.32373418498694],[80.65305466294795,7.323743125577219],[80.65283475323687,7.323762172298834],[80.652535203256,7.32386261408154],[80.65233867810852,7.323929553424938],[80.65222364344179,7.32394866308965],[80.65195044286546,7.323977299275409],[80.6515670064486,7.324001120085454],[80.65138488098786,7.323991498424431],[80.65126026577137,7.32399624938079],[80.6512171198445,7.324029735464493],[80.65106514598023,7.32409276467004],[80.65080485751497,7.324302379987711],[80.65063707207642,7.324426750702391],[80.6504884837878,7.324460206348316],[80.6502919760026,7.324460151357432],[80.65002727813255,7.324446742305516],[80.64948139515586,7.324202673102076],[80.64895885067666,7.323854039939245],[80.6483847004572,7.323459490026972],[80.64823499194222,7.323464385841336],[80.64788624560066,7.32344977873315],[80.64763218796124,7.323578908360485],[80.64745481060501,7.32371763093991],[80.64721989547985,7.323947256404791],[80.6470291348439,7.324223734574746],[80.64684592691316,7.324377823845158],[80.64673569103789,7.324382577683266],[80.64666743305467,7.324322516872579],[80.64657277651813,7.324234187186365],[80.64634756441573,7.324052281478387],[80.64608882029658,7.323808156290141],[80.6458444220207,7.323683669785398],[80.64554729316987,7.323583092052078],[80.64504890969876,7.323329327253737],[80.64455709141005,7.323039058054215],[80.64439894190679,7.323261533385075],[80.6443922763953,7.323259173915368],[80.64359269679346,7.324202101616468],[80.6429034200844,7.325038329355619],[80.64290279308756,7.325039089687827],[80.6427754882064,7.325193536568605],[80.64147078003091,7.326776404897717],[80.64090025953024,7.327629307694102],[80.64087636931326,7.327675400910639],[80.64151981683028,7.327867239292575],[80.64219592381853,7.327981728893106],[80.64272980959664,7.328004414837779],[80.6437049876848,7.328332711836028],[80.6443949510457,7.328678472057161],[80.64475787580004,7.328919774708372],[80.6451365044819,7.329193041494475],[80.64555712406765,7.329444538254602],[80.64570705461409,7.32970724539543],[80.64545035607341,7.330109685542817],[80.64551064740587,7.330605587036602],[80.64521126427383,7.331009449726881],[80.64484156066698,7.331472487248013],[80.64476273353968,7.331792073428343],[80.64450202022435,7.332213758949231],[80.64447622671032,7.332581456810106],[80.64457648835914,7.332833392152677],[80.64461281180041,7.332833396466539],[80.6446491435381,7.332851402717321],[80.64471168823017,7.332895679375508],[80.64473898992239,7.332961973599642],[80.64464508536263,7.33316713943016],[80.64446690617144,7.33319205949592],[80.64429604251127,7.33320238892049],[80.64412884044728,7.333183246351139],[80.64391555632541,7.333295926504257],[80.64388653848353,7.333419110089529],[80.64376469485404,7.333488403377517],[80.64375129879457,7.333488208619074],[80.64354179882885,7.333472019463161],[80.64352406965547,7.333471766446935],[80.64332472690036,7.333434026157319],[80.64303035821331,7.333443671058915],[80.64284731492423,7.333447323475854],[80.6427350443025,7.333591738768974],[80.64265026103853,7.333597968618938],[80.64251973005943,7.333500499404476],[80.64248153673911,7.333531986673052],[80.6424872150951,7.333540489704782],[80.642529771948,7.333601323902558],[80.64256166115455,7.333639819572493],[80.64258484154377,7.333681298653549],[80.64260626964351,7.33371252333437],[80.6426251741282,7.333753467603247],[80.642636891066,7.333774434611875],[80.64263973017552,7.333784996796628],[80.64264998938019,7.333807216733603],[80.64267387620161,7.333894488957234],[80.64270617791138,7.334001659224115],[80.64270949938535,7.334107734807846],[80.64270883967525,7.334114880404215],[80.6426988667978,7.334222848355956],[80.64268913493241,7.334357856809364],[80.64267306977915,7.334475413067669],[80.64269287225764,7.334585019422431],[80.64272408368501,7.334703673993493],[80.64275438823293,7.334835257998673],[80.64278814299084,7.334935917716094],[80.6428100464995,7.334992081360985],[80.6428344931367,7.335018674189473],[80.6428654649426,7.335035864216516],[80.64286997004578,7.335036326748203],[80.64288937803909,7.335038314740439],[80.64290830495517,7.335043746169993],[80.64292723596239,7.335044565661169],[80.64295395606831,7.335043758815759],[80.64301455250403,7.335036632811031],[80.64307152710741,7.335028510992314],[80.64310721698662,7.335018393393712],[80.64314236387455,7.33500366459675],[80.6431649227164,7.334991371873495],[80.64318864928339,7.335002773104841],[80.6432060358597,7.335016162825189],[80.64320920360225,7.335021227853195],[80.64321092418533,7.335025478581007],[80.6432118282239,7.335031265475592],[80.64321307779795,7.335093481805156],[80.6431821058653,7.335219888586658],[80.64351819312648,7.335127813460018],[80.64381745598926,7.335160472033339],[80.64387899769515,7.335445539650719],[80.64397608230513,7.335476448349482],[80.64413271524585,7.335461019136215],[80.64417363122779,7.335294791569691]]]]}},{"type":"Feature","properties":{"GND_N":"Balanagala","GND_NO":"610","GND_C":"230","PROVINCE_N":"CENTRAL","PROVINCE_C":"2","DISTRICT_N":"KANDY","DISTRICT_C":"1","DSD_N":"PATHADUMBARA","DSD_C":"12","Admin_Code":"2112230","GND_NO_Cen":"610","GND_NAME_C":"Balanagala","GND_NO_Gaz":"610","GND_NAME_G":"බලනගල","shape_1":"Polygon","Area__Ha_":42.9858075148,"MWS_ID":"106","Alt_MWS":null,"Total_Pop":1758.0,"Density":4089.72195077,"Area_sqkm":0.42985807377},"geometry":{"type":"MultiPolygon","coordinates":[[[[80.64140770026357,7.335440290231531],[80.64217434133401,7.335369456096723],[80.64220274241623,7.335372115082185],[80.64263114694187,7.335312650157697],[80.64299258825594,7.335330513503775],[80.64314817607631,7.335281072630962],[80.64314923047901,7.335280737447476],[80.64317667829118,7.335229935579436],[80.6431821058653,7.335219888586658],[80.64321307779795,7.335093481805156],[80.6432118282239,7.335031265475592],[80.64321092418533,7.335025478581007],[80.64320920360225,7.335021227853195],[80.6432060358597,7.335016162825189],[80.64318864928339,7.335002773104841],[80.6431649227164,7.334991371873495],[80.64314236387455,7.33500366459675],[80.64310721698662,7.335018393393712],[80.64307152710741,7.335028510992314],[80.64301455250403,7.335036632811031],[80.64295395606831,7.335043758815759],[80.64292723596239,7.335044565661169],[80.64290830495517,7.335043746169993],[80.64288937803909,7.335038314740439],[80.64286997004578,7.335036326748203],[80.6428654649426,7.335035864216516],[80.6428344931367,7.335018674189473],[80.6428100464995,7.334992081360985],[80.64278814299084,7.334935917716094],[80.64275438823293,7.334835257998673],[80.64272408368501,7.334703673993493],[80.64269287225764,7.334585019422431],[80.64267306977915,7.334475413067669],[80.64268913493241,7.334357856809364],[80.6426988667978,7.334222848355956],[80.64270883967525,7.334114880404215],[80.64270949938535,7.334107734807846],[80.64270617791138,7.334001659224115],[80.64267387620161,7.333894488957234],[80.64264998938019,7.333807216733603],[80.64263973017552,7.333784996796628],[80.642636891066,7.333774434611875],[80.6426251741282,7.333753467603247],[80.64260626964351,7.33371252333437],[80.64258484154377,7.333681298653549],[80.64256166115455,7.333639819572493],[80.642529771948,7.333601323902558],[80.6424872150951,7.333540489704782],[80.64248153673911,7.333531986673052],[80.64251973005943,7.333500499404476],[80.64265026103853,7.333597968618938],[80.6427350443025,7.333591738768974],[80.64284731492423,7.333447323475854],[80.64303035821331,7.333443671058915],[80.64332472690036,7.333434026157319],[80.64352406965547,7.333471766446935],[80.64354179882885,7.333472019463161],[80.64375129879457,7.333488208619074],[80.64376469485404,7.333488403377517],[80.64388653848353,7.333419110089529],[80.64391555632541,7.333295926504257],[80.64412884044728,7.333183246351139],[80.64429604251127,7.33320238892049],[80.64446690617144,7.33319205949592],[80.64464508536263,7.33316713943016],[80.64473898992239,7.332961973599642],[80.64471168823017,7.332895679375508],[80.6446491435381,7.332851402717321],[80.64461281180041,7.332833396466539],[80.64457648835914,7.332833392152677],[80.64447622671032,7.332581456810106],[80.64450202022435,7.332213758949231],[80.64476273353968,7.331792073428343],[80.64484156066698,7.331472487248013],[80.64521126427383,7.331009449726881],[80.64551064740587,7.330605587036602],[80.64545035607341,7.330109685542817],[80.64570705461409,7.32970724539543],[80.64555712406765,7.329444538254602],[80.6451365044819,7.329193041494475],[80.64475787580004,7.328919774708372],[80.6443949510457,7.328678472057161],[80.6437049876848,7.328332711836028],[80.64272980959664,7.328004414837779],[80.64219592381853,7.327981728893106],[80.64151981683028,7.327867239292575],[80.64087636931326,7.327675400910639],[80.64081337981112,7.327796930973268],[80.64071034842456,7.327887942329983],[80.639505136531,7.329916650773288],[80.63943347491941,7.330826394548567],[80.63942627826256,7.330961404611952],[80.63942155455388,7.331006617357787],[80.63941321095963,7.331044596395805],[80.63940903895785,7.331062771590909],[80.63939481025818,7.331090348461855],[80.63936418402146,7.331132207401394],[80.63929224024834,7.331215290812906],[80.63923026043526,7.331301904027116],[80.63918867724394,7.331335079220393],[80.63915977022344,7.331376488327022],[80.63913900994386,7.331434265065932],[80.63913066224771,7.331485538235973],[80.63913153519597,7.331592697353497],[80.63913540093513,7.331690363119894],[80.6391532140363,7.331789027873207],[80.6391864867099,7.331857452970227],[80.6392014602314,7.331888244489373],[80.63922741080383,7.331947846791104],[80.63924572039241,7.331989903308257],[80.63927847401865,7.332100056338577],[80.63930480272305,7.332196824647079],[80.63933313023716,7.332270533869258],[80.63934415943577,7.332339173729703],[80.6393374418851,7.332388183931167],[80.63930988265462,7.332464860317378],[80.63924989578703,7.332552921920874],[80.63920810879615,7.332597574447041],[80.63918094452946,7.332626601479769],[80.63914388288887,7.332682927262997],[80.63913346050606,7.332700286674906],[80.63912892937907,7.3327109551477],[80.63908731908853,7.332826242720153],[80.63905068240727,7.332970648511912],[80.63904513764797,7.333031867137574],[80.63900894460292,7.333209280070263],[80.63899179134133,7.333321860386724],[80.63899149122962,7.333343548161667],[80.63899134026425,7.333354404256937],[80.63899067985088,7.333402072508296],[80.63899619595522,7.333428479801825],[80.63903992053162,7.333510693273846],[80.63909568556859,7.333603944706356],[80.63913007801003,7.333689682096869],[80.63915356972797,7.333769402552244],[80.63916328563815,7.333802368216405],[80.63917665376889,7.333917489894561],[80.63917697288116,7.334020117376215],[80.63917698366882,7.334023342119156],[80.63917698450622,7.334023565481906],[80.6391868387908,7.334080900307972],[80.63921561729538,7.334193641137744],[80.63921814313977,7.334203533159486],[80.6392394874581,7.334300661664878],[80.63926871320207,7.334402314080545],[80.63927233070994,7.334414433729712],[80.63929703456441,7.334496550945066],[80.63931639428101,7.334573332958904],[80.63932534585803,7.334617827327226],[80.63932733718262,7.334628136972645],[80.63932778641798,7.334637088791284],[80.63932767282729,7.334715311750649],[80.63932810453015,7.334781596286094],[80.63932798910724,7.334868770926016],[80.63932632600677,7.334972856438087],[80.63932393411483,7.335055082044922],[80.6393236704987,7.335064099660118],[80.6393236473508,7.335139788792465],[80.63932355044089,7.335172346333279],[80.63932975953732,7.335171943098941],[80.63932983155631,7.335173387290543],[80.63953133141585,7.335163374749608],[80.63990497136183,7.335243150967106],[80.64011798350452,7.33518524532265],[80.6401684372354,7.335175404628005],[80.64019135882658,7.335158952378044],[80.64024435112186,7.335138079059599],[80.64029480366423,7.335135109234016],[80.64034480362855,7.335125177951873],[80.6404215302056,7.335098976413406],[80.64042750881286,7.335096987853404],[80.64042960590236,7.335096133018189],[80.64047886984689,7.335076025392073],[80.64053430671031,7.335067270419877],[80.64060142600987,7.335055624299478],[80.6406825834888,7.335050495186692],[80.64076944442633,7.335057664473439],[80.64085865995138,7.335063117184328],[80.64090702154985,7.335079590049438],[80.64093256086241,7.335086742631646],[80.64098472930887,7.335100413300185],[80.64103780059004,7.335120776066769],[80.64108571020581,7.335140323402423],[80.64116749264178,7.335165305827047],[80.64127173096203,7.335210280956881],[80.64131909640734,7.335232268814561],[80.64135519644752,7.335234843353211],[80.64140770026357,7.335440290231531]]]]}},{"type":"Feature","properties":{"GND_N":"Nawayalathenna","GND_NO":"608","GND_C":"235","PROVINCE_N":"CENTRAL","PROVINCE_C":"2","DISTRICT_N":"KANDY","DISTRICT_C":"1","DSD_N":"PATHADUMBARA","DSD_C":"12","Admin_Code":"2112235","GND_NO_Cen":"608","GND_NAME_C":"Nawayalathenna","GND_NO_Gaz":"608","GND_NAME_G":"නවයාලතැat","shape_1":"Polygon","Area__Ha_":70.8897654801,"MWS_ID":"106","Alt_MWS":null,"Total_Pop":2561.0,"Density":3612.65126339,"Area_sqkm":0.70889765252},"geometry":{"type":"MultiPolygon","coordinates":[[[[80.62960442997243,7.335664254914517],[80.63000079894589,7.335542840639138],[80.6301108188177,7.335550919303789],[80.6302461664712,7.335475532840244],[80.63024856297822,7.335473154402655],[80.63031477916725,7.335376497978825],[80.63032180661672,7.335371951626652],[80.6303953295447,7.335280798428253],[80.63048151420311,7.335216945659761],[80.63050253866629,7.335205793404509],[80.63073699319918,7.334982921171193],[80.63082074734844,7.334995151840798],[80.63088784919188,7.335021197542983],[80.63089810832267,7.335025177979873],[80.63094961992904,7.334823409758473],[80.63088852983557,7.334372609357041],[80.63124331998289,7.334249715526982],[80.63182739739841,7.333616041773237],[80.6319208259213,7.333079519936758],[80.6319574248915,7.332958083108188],[80.63229497585256,7.332650414199797],[80.6323170651213,7.33256940491013],[80.63239440875466,7.332556573225097],[80.63242321247385,7.332562600571945],[80.6325225917751,7.332587667052685],[80.63264858172627,7.332402042490322],[80.63276669570773,7.332389986094211],[80.63313199179893,7.332200705689249],[80.63332226611821,7.332378692091176],[80.6339408750224,7.332324788597155],[80.63405659874377,7.332121355581746],[80.63421844494904,7.331858217039407],[80.63457486292731,7.33203777734229],[80.63487988974423,7.332036477167364],[80.63525903651887,7.331973241825319],[80.63531650506988,7.332121602387647],[80.63546741911793,7.33232502440574],[80.63565188479141,7.332523670405503],[80.63575490691473,7.332607445477156],[80.63578364596475,7.332669662271656],[80.63578122382816,7.332751011578948],[80.63608154511739,7.332821202304733],[80.63657872531991,7.332718361703066],[80.63665744484722,7.332565597176814],[80.6367026348816,7.33258527434801],[80.63681955174104,7.332636183939761],[80.63693973087356,7.332682159739085],[80.63706488648789,7.332750653254064],[80.63710383825973,7.332765711088888],[80.63699649841743,7.333452910873249],[80.63724553496091,7.333458151556743],[80.63731846231212,7.333453596540069],[80.63745302087835,7.333483978353663],[80.63746181668658,7.333483903301044],[80.6374838793256,7.33348597644529],[80.63768174386193,7.33357775721109],[80.63769155316386,7.333589546903594],[80.63769655345601,7.333596634553052],[80.6377086914232,7.333608527149438],[80.63776300058532,7.33375175632951],[80.63778907358036,7.333930701235222],[80.63778689171716,7.333933299525508],[80.63774596806225,7.334061499693319],[80.63771529315846,7.33420387523127],[80.63771633159179,7.334252233982534],[80.63775377793938,7.3343616786795],[80.63783864953781,7.334413147841662],[80.63792827062942,7.334360082997072],[80.6379996313262,7.334375536871228],[80.63811429166574,7.334306039491536],[80.63821311960864,7.334338535202002],[80.63824799403146,7.334411754556418],[80.63829285580707,7.334445242868072],[80.63837156850596,7.334487342379144],[80.63875036204465,7.334627038342129],[80.63898792705717,7.333946456734829],[80.63902328617779,7.33399892155346],[80.6390417518412,7.334043203610257],[80.6391436262024,7.334027234001119],[80.63917698366882,7.334023342119156],[80.63917697288116,7.334020117376215],[80.63917665376889,7.333917489894561],[80.63916328563815,7.333802368216405],[80.63915356972797,7.333769402552244],[80.63913007801003,7.333689682096869],[80.63909568556859,7.333603944706356],[80.63903992053162,7.333510693273846],[80.63899619595522,7.333428479801825],[80.63899067985088,7.333402072508296],[80.63899134026425,7.333354404256937],[80.63899149122962,7.333343548161667],[80.63899179134133,7.333321860386724],[80.63900894460292,7.333209280070263],[80.63904513764797,7.333031867137574],[80.63905068240727,7.332970648511912],[80.63908731908853,7.332826242720153],[80.63912892937907,7.3327109551477],[80.63913346050606,7.332700286674906],[80.63914388288887,7.332682927262997],[80.63918094452946,7.332626601479769],[80.63920810879615,7.332597574447041],[80.63924989578703,7.332552921920874],[80.63930988265462,7.332464860317378],[80.6393374418851,7.332388183931167],[80.63934415943577,7.332339173729703],[80.63933313023716,7.332270533869258],[80.63930480272305,7.332196824647079],[80.63927847401865,7.332100056338577],[80.63924572039241,7.331989903308257],[80.63922741080383,7.331947846791104],[80.6392014602314,7.331888244489373],[80.6391864867099,7.331857452970227],[80.6391532140363,7.331789027873207],[80.63913540093513,7.331690363119894],[80.63913153519597,7.331592697353497],[80.63913066224771,7.331485538235973],[80.63913900994386,7.331434265065932],[80.63915977022344,7.331376488327022],[80.63918867724394,7.331335079220393],[80.63923026043526,7.331301904027116],[80.63929224024834,7.331215290812906],[80.63936418402146,7.331132207401394],[80.63939481025818,7.331090348461855],[80.63940903895785,7.331062771590909],[80.63941321095963,7.331044596395805],[80.63942155455388,7.331006617357787],[80.63942627826256,7.330961404611952],[80.63943347491941,7.330826394548567],[80.639505136531,7.329916650773288],[80.63948896300278,7.329912346801607],[80.63856035413384,7.329665254015516],[80.63772097659006,7.329319402719652],[80.63747951423652,7.329197623692242],[80.63510168236006,7.327748836771137],[80.63349624374227,7.327174097420516],[80.63266152770665,7.32691303374805],[80.62998700526425,7.326076543724597],[80.6295590295764,7.326721936398335],[80.62942860403085,7.326903734408641],[80.62938547119407,7.326935773292003],[80.62926964162966,7.326860421595648],[80.62926962250663,7.326857971836485],[80.62920485031184,7.326838432215568],[80.6291255051746,7.326850711997855],[80.62901875642717,7.326789782297077],[80.62890758045639,7.326772914117872],[80.62890264224737,7.326770491684547],[80.62879427748895,7.326729503059343],[80.6286230134742,7.326710849906068],[80.62848472483518,7.326714005713191],[80.62840754176698,7.326728847061371],[80.62840493262577,7.326733435533797],[80.62830029477584,7.326726199261727],[80.6281540908675,7.326814325959113],[80.62806098489482,7.326922166700177],[80.62797332124265,7.327041669278769],[80.62797053275908,7.327070897192273],[80.6279703427968,7.327072899253137],[80.62797095598658,7.327133125934979],[80.62798197938149,7.327156199205351],[80.62798451822864,7.327161514622373],[80.62798846181435,7.327169770386704],[80.62801675390088,7.327228998801945],[80.62802076417663,7.327235531893653],[80.62802208584749,7.327237685471188],[80.62804472806151,7.327274584818332],[80.62807479583256,7.327277757974318],[80.62827695808389,7.327281264511273],[80.6284507696147,7.327282317312505],[80.62850568825677,7.32728266633522],[80.62869160498927,7.327283847814397],[80.62871346775496,7.327286701729618],[80.62871807778372,7.327287302794123],[80.62881281782781,7.327313803678686],[80.62893943418919,7.327333196326167],[80.6290029191699,7.32735889928369],[80.62910841895257,7.327414548363928],[80.62917705695219,7.327469914977899],[80.6291933567377,7.327483577070817],[80.62930753675616,7.32757928769308],[80.62937463014136,7.327652376274016],[80.62942596760158,7.327705023390036],[80.6294783916392,7.327758666491033],[80.62957917668699,7.327857347824852],[80.62958740997131,7.327865409645811],[80.62967596758095,7.327936245334185],[80.62969570831785,7.327949906722394],[80.62976136068224,7.327995595344984],[80.62984946702926,7.328064441389392],[80.6299577682982,7.328143060445025],[80.63001319569679,7.32815013022029],[80.63009842693312,7.328150611894227],[80.63013474435651,7.328162289188437],[80.6301651344632,7.328291071602645],[80.63020938571499,7.328409910296101],[80.63025137691456,7.328521153022582],[80.63025987597543,7.328558665305579],[80.63028348468575,7.328662867497417],[80.63028845885155,7.328688461749801],[80.63029975925667,7.328751404804448],[80.63031646349327,7.328914003639905],[80.63032956573919,7.329006609272121],[80.6303316191173,7.329101017207531],[80.63033158032665,7.3291144442637],[80.63033120997554,7.329242087204988],[80.63031684757004,7.329397804164781],[80.63031505871842,7.32940615571264],[80.63029217377522,7.32951291463804],[80.63025210007856,7.32964031770342],[80.63020025717643,7.329745199833501],[80.63016055760855,7.32982783918303],[80.63013346326755,7.329866173662956],[80.63012913492395,7.329871046440845],[80.63012793997073,7.329874659641044],[80.63009658581315,7.329907689909944],[80.63003460992861,7.329977461027941],[80.62994010846033,7.330078258985155],[80.62991433725469,7.330097572804795],[80.62990042609356,7.3301079984885],[80.62982813349613,7.330147853733907],[80.62969251487725,7.330233990365752],[80.62958959904488,7.330309375536093],[80.62953604788412,7.330336149797716],[80.62951314138537,7.33034760253203],[80.62947101981665,7.330357897814932],[80.62938343503,7.330357416149487],[80.6293082571809,7.330356939427605],[80.62928551676603,7.330359076091291],[80.62926414678968,7.33036108569548],[80.62925889212966,7.330362349999053],[80.62925454347096,7.330365603157659],[80.62925173461338,7.330368767293975],[80.62923461201339,7.330383592236874],[80.62922700041929,7.330390915492885],[80.62921386085416,7.330412614428538],[80.6291975461224,7.330444168305985],[80.62916971144787,7.330530068736237],[80.62913298145153,7.330673749303433],[80.62911771947881,7.330814724894824],[80.62911807084929,7.330848003301022],[80.62912076916352,7.330902896182963],[80.62912330135619,7.330917545790079],[80.6291308142187,7.330929577266481],[80.62913932599085,7.330939253364602],[80.62915190984776,7.330952189897578],[80.62916277720662,7.330962683350375],[80.62917209699165,7.330969347484416],[80.62917826177794,7.331004435491328],[80.62918429759164,7.331015779214439],[80.62919541238028,7.331205144465101],[80.62925358415285,7.33134320419682],[80.62924761097017,7.331491521232548],[80.62922114144216,7.331554614722758],[80.62920366794971,7.33172769047757],[80.62907868986369,7.331917463322971],[80.62899215413118,7.332044962261875],[80.6289336919537,7.332065582873749],[80.6288873682641,7.332178244535053],[80.6288867544339,7.332188437618337],[80.62887627479518,7.332348377052281],[80.62886475183143,7.332373103201133],[80.62886354767421,7.332390872327084],[80.62882328086762,7.332494766051698],[80.62881867640095,7.332512876791952],[80.62878442650117,7.332663497734694],[80.62877865068114,7.332745521393034],[80.62863138224267,7.332911161830417],[80.62853308766485,7.333025019038213],[80.62849503487925,7.333138395054696],[80.62848774484223,7.333145494135196],[80.62841506648618,7.333268264392635],[80.62840595639636,7.333290262140483],[80.62831694759956,7.333370823266738],[80.62824818627082,7.333447838045078],[80.62820084762245,7.333678896737201],[80.62818667342809,7.333955697769745],[80.62832658038135,7.334302875256633],[80.62856359609773,7.334379255462346],[80.62857144147726,7.334388348077391],[80.62872838147749,7.334458281327843],[80.62884127693222,7.33461738045221],[80.62895324882936,7.334739970796704],[80.62893511646774,7.334836363361243],[80.62893505414588,7.334846842383376],[80.62888628746946,7.334939808447793],[80.62888245173664,7.33496412113622],[80.62882451661774,7.334975590368488],[80.6288377169472,7.335047668411446],[80.62885796977761,7.335157457224123],[80.62888059982214,7.335199695515487],[80.62892687658062,7.335222407751652],[80.6289918057708,7.335263937372155],[80.62900462195181,7.335270345834748],[80.6289802548338,7.3353845049691],[80.62897382738142,7.335464939549152],[80.62898853395487,7.335584043551525],[80.62899076586476,7.335600200528403],[80.6290380779153,7.335727702610921],[80.62903776948836,7.335731883094248],[80.62912804962812,7.335887717439951],[80.62915151392004,7.33611195112537],[80.62922100121419,7.336048157343781],[80.62927763732253,7.335996159571993],[80.62933084442437,7.335968356153763],[80.62960442997243,7.335664254914517]]]]}},{"type":"Feature","properties":{"GND_N":"Paranagama2","GND_NO":"627","GND_C":"050","PROVINCE_N":"CENTRAL","PROVINCE_C":"2","DISTRICT_N":"KANDY","DISTRICT_C":"1","DSD_N":"PATHADUMBARA","DSD_C":"12","Admin_Code":"2112050","GND_NO_Cen":"627","GND_NAME_C":"Paranagama","GND_NO_Gaz":"627","GND_NAME_G":"පරණගම","shape_1":"Polygon","Area__Ha_":66.6249199828,"MWS_ID":"106","Alt_MWS":null,"Total_Pop":792.0,"Density":1188.74439586,"Area_sqkm":0.66624919769},"geometry":{"type":"MultiPolygon","coordinates":[[[[80.63861922082556,7.360226761490295],[80.6387215145243,7.360171627877389],[80.63895775709742,7.360332357519275],[80.6391274777998,7.360432143939319],[80.63924907430791,7.360612939094104],[80.63927498381962,7.360658085184999],[80.63953014607378,7.360438891995283],[80.63986735081124,7.360376815136705],[80.64040398558863,7.360234665788929],[80.64060053780238,7.360038682954748],[80.64009632381006,7.359765948374843],[80.63947001191622,7.359555915425535],[80.63896766939388,7.359378299022581],[80.6388514865882,7.359182280645568],[80.63856685961167,7.358923280197872],[80.63850211684938,7.358753881164525],[80.63848789647732,7.358413866990496],[80.63858788265571,7.358088640693022],[80.63870297614883,7.357891242808646],[80.63869248626534,7.357728818145135],[80.63864567162202,7.357558325002222],[80.6387220005834,7.357333207420982],[80.6387780941876,7.357174593119885],[80.63879194494737,7.357138874780774],[80.6388230993485,7.356567323794156],[80.6388436259903,7.356554668072833],[80.63891945179462,7.356518521106832],[80.63897924910691,7.356474589516821],[80.63903954878987,7.356417019408835],[80.63906759156683,7.356390245323312],[80.63910184559532,7.356336360393156],[80.6391140899985,7.35628988308413],[80.63915452029396,7.356187076465868],[80.63917737294898,7.356103797360842],[80.63918599088363,7.356053159155987],[80.63918103323543,7.3559771050416],[80.6391761872888,7.355953223688823],[80.63917470221193,7.355945903824089],[80.63917237070257,7.355869128880896],[80.63916598600704,7.355723624935046],[80.63916211527194,7.355638891673316],[80.63920500655269,7.355562643304376],[80.63920534641291,7.355562039335434],[80.63925491317772,7.355498390817347],[80.63926995297996,7.355483926603947],[80.63932340868239,7.355436828875393],[80.63940114699777,7.355375088885851],[80.63948050991847,7.3553204933545],[80.63957582790731,7.355238139737757],[80.63963417978584,7.355174948718606],[80.6396367959514,7.35516535217199],[80.63964460817378,7.355136699070378],[80.63964741749146,7.355126391802127],[80.63966039276286,7.355053327348954],[80.63966629209105,7.355018242276216],[80.63967338315177,7.354933783646666],[80.63967601386645,7.35492103380717],[80.63968353768192,7.35490539169662],[80.63971109255526,7.354844540650313],[80.63975505422198,7.354744899191298],[80.63980635266326,7.354645804350683],[80.63987568225596,7.354524739577521],[80.63994569511648,7.354405545998609],[80.63995842546446,7.354383874684348],[80.64001062564729,7.354294816926675],[80.640037090224,7.354232765518476],[80.6400525043232,7.354196622586199],[80.6400597578208,7.354167325443299],[80.64005242792365,7.354147157306177],[80.6399769100918,7.354063214320764],[80.63991397202918,7.354017709745749],[80.63986249743218,7.353996934949862],[80.63985836298147,7.353995265256279],[80.63980556058712,7.353974179874546],[80.63978318998281,7.353968747256651],[80.6397777558748,7.353963590182414],[80.6397548477975,7.353935549878058],[80.63969507993754,7.353884529098969],[80.63960135677024,7.353797145968083],[80.63955519469746,7.353687620150034],[80.63950667016978,7.353608208633386],[80.63946339117389,7.353549325437993],[80.63944556261595,7.353492439471138],[80.63943654296581,7.353370355196452],[80.63943606945398,7.35335485533503],[80.63943519685796,7.353326315333229],[80.63943399650732,7.353285480356722],[80.63939819327925,7.353282102711805],[80.63919592787838,7.353263017117644],[80.6386624754036,7.353259983394255],[80.63838846975479,7.353107329160756],[80.63797606569403,7.353196173543276],[80.63795326318842,7.353205044027776],[80.63759850242464,7.353426526983883],[80.63708208580383,7.353549104025878],[80.63705855389674,7.353558619908341],[80.63655111095625,7.353732512761788],[80.63652713074347,7.353741760803086],[80.6361987242284,7.353797582949845],[80.63582860608544,7.353863800286004],[80.63581946200662,7.353852494565671],[80.63576303228874,7.353848135329257],[80.63569998879167,7.353842690659022],[80.63566666093611,7.353828300918333],[80.63566312997803,7.353825949532977],[80.63566059440471,7.353823867941489],[80.63565706251786,7.35381871231928],[80.63563216984079,7.353768516723036],[80.6355995477713,7.353710464847621],[80.63554652957177,7.353616114265312],[80.63549374137122,7.353550807175091],[80.63547423490003,7.35353697248084],[80.63545127087797,7.353520681522942],[80.63540672185123,7.353463877438121],[80.6353852778242,7.353395686423564],[80.63538828287572,7.353339438959141],[80.63540361288032,7.35326945090183],[80.63543035575034,7.353231515752291],[80.63544593332709,7.353209419537393],[80.63546477825001,7.353192605464667],[80.63547329568287,7.353183203412874],[80.63548525934621,7.353163312554973],[80.63549614193789,7.353119005237367],[80.63550213231409,7.353083377669928],[80.63550005907487,7.353051364772716],[80.63549146175862,7.353023961760063],[80.6354842257788,7.352991042940335],[80.63545833924418,7.352933068226649],[80.63542873594541,7.352881785073294],[80.63537947077421,7.352847135775815],[80.63531282266672,7.352789058713166],[80.6352799573024,7.352744556779811],[80.6352403816941,7.352717686597235],[80.63513061999892,7.352652813684797],[80.63509116263239,7.352635917059312],[80.63506215308848,7.352623492776249],[80.63501850795357,7.352576002331187],[80.63497586366151,7.352514406914509],[80.63495134178268,7.352435001578935],[80.63494647259385,7.352362294264068],[80.63494279933037,7.352240031645067],[80.63494275773384,7.352082320676536],[80.63493403162337,7.351938227546875],[80.63492723194936,7.351909257032325],[80.63491429313235,7.351870705323825],[80.6349127674871,7.351865901197074],[80.63485140325456,7.351672734954837],[80.63482715827459,7.351577232240068],[80.63478915553148,7.351449352118633],[80.63477332914255,7.351367689667758],[80.63478103909213,7.35133667458452],[80.6347965343846,7.351316874383408],[80.63485179899854,7.35128379531599],[80.63493605768473,7.351214370683014],[80.6350211386269,7.35112830896655],[80.63507460279395,7.351059869333517],[80.63513195610834,7.351006715410201],[80.63520678987149,7.350957635429089],[80.63521222085184,7.350955200047222],[80.63526422418428,7.350931880923946],[80.63530073932306,7.350897347211775],[80.63533200385484,7.350847621400746],[80.63533742245251,7.350809769976108],[80.63533863162877,7.350801322377949],[80.63534047292549,7.350707095715299],[80.6353483821897,7.350612597860705],[80.63536724196805,7.350551201761872],[80.63537603564362,7.350530224746118],[80.63541418321891,7.350486288616233],[80.63547434160716,7.350439012578152],[80.63555272648355,7.350379545946994],[80.63566414971977,7.350295016114032],[80.63573046556961,7.35025362083107],[80.63580203965955,7.350205986605117],[80.63581310045458,7.350173615195053],[80.63581221839827,7.350098106700768],[80.63581698357643,7.349922854684822],[80.63584372424239,7.349856577806231],[80.63585985261003,7.349836687333456],[80.63586222671505,7.349781797013464],[80.63586790918886,7.349569831569492],[80.6358598683937,7.349503905516738],[80.63584358647725,7.349430199895195],[80.63581308077951,7.349371590738446],[80.6357636438143,7.349308274187715],[80.635712491036,7.349234286343195],[80.63567527441774,7.349198645220674],[80.63560815774787,7.34919193234567],[80.63554900068135,7.349178020106241],[80.63552999415896,7.349173551416403],[80.63547891635207,7.349146406355626],[80.63542865316074,7.349121160576833],[80.63538727090544,7.349079639262361],[80.63535275854255,7.349051207145519],[80.6353144655085,7.349019662138356],[80.63528988407805,7.349014570431375],[80.63524101195766,7.34900444588439],[80.63517914815672,7.348994298254401],[80.63510251698655,7.349005307512382],[80.63503775012214,7.349012430191612],[80.63503448929237,7.349012429164609],[80.63503177295401,7.349012067493015],[80.63502724403271,7.349009171399431],[80.63497698386482,7.348971627983916],[80.63494055190978,7.348926850896913],[80.63493451990823,7.348919436441481],[80.63484026179444,7.348811341864395],[80.63480727705331,7.348752990489022],[80.63479644629876,7.348733830362389],[80.63478033098916,7.348709589110156],[80.63473550858413,7.348665445082925],[80.63463209867419,7.348568291423637],[80.63457304303152,7.348563389543252],[80.63450329903998,7.348558755566716],[80.63446236513919,7.348531975318783],[80.63438420899442,7.348493517810923],[80.63432868335528,7.348493861056209],[80.63409879850998,7.348486011249863],[80.63404183277954,7.348460402376841],[80.63398713449857,7.348422584345752],[80.63388642947343,7.348368114376586],[80.63383144531684,7.348377591171256],[80.63366369066986,7.348387938223559],[80.63358488693652,7.348389360039697],[80.63357166273926,7.348388541961328],[80.63357159252267,7.348367318902253],[80.6334787349931,7.34836762393778],[80.63338272450548,7.348359182456039],[80.63314704642282,7.348334149506195],[80.63314209306326,7.348332972334287],[80.63303172232426,7.348395061659509],[80.63302244269748,7.348400281937182],[80.63300408999936,7.348410606807394],[80.63294111676333,7.348476690172038],[80.63290034258608,7.348522706050751],[80.63287179359104,7.348574966414689],[80.63286379343782,7.348666117378879],[80.63286250393351,7.348735656794793],[80.63286929980188,7.348767462323213],[80.63289216826239,7.348874477358729],[80.63292727298048,7.348995663984947],[80.63293568313742,7.349041063477837],[80.63293631449068,7.349049473677097],[80.63293613121682,7.349056074110058],[80.63293368301316,7.349064122508961],[80.63292942332484,7.349071897229982],[80.63290966731954,7.349099834713597],[80.63284161965863,7.349174688155586],[80.63281237593961,7.349201350248631],[80.63273017439582,7.349276296808958],[80.63266031931252,7.349335234853799],[80.63261791998312,7.349361717285817],[80.63261375331109,7.349364700143552],[80.632609870452,7.349369562229197],[80.63259245874865,7.349391370193942],[80.6324983984674,7.349514504906499],[80.63245001006295,7.349574715820128],[80.63243450073134,7.349638012803007],[80.63242639009593,7.349790655264647],[80.63242479492295,7.349959758993178],[80.63241847719706,7.350173172845752],[80.63241601928226,7.350354848787545],[80.63241597195292,7.350358371927994],[80.63241730956058,7.350423843729929],[80.63242861026114,7.350488323997387],[80.63249551414357,7.350596590253628],[80.6325293705253,7.350656375387205],[80.63254901068387,7.350707294718494],[80.63251637139682,7.350800426323961],[80.63248373323752,7.350895639627039],[80.63246116248405,7.350947176623745],[80.63244537708704,7.351023766734094],[80.63244634225433,7.351120707174725],[80.63243508734273,7.351192505943688],[80.63239302300362,7.351306072612963],[80.63236347215121,7.351371805788084],[80.63229569208136,7.351455341408305],[80.63223245024098,7.351510030379799],[80.6322113373217,7.351534802338469],[80.63218107532737,7.3515613781482],[80.6320836846319,7.351614791003793],[80.63200097564649,7.35164930958333],[80.63195730394823,7.351690983786979],[80.631927043973,7.351705622810878],[80.63187332569234,7.351720617805967],[80.63181724849132,7.351750350326408],[80.6318045630831,7.351763730792437],[80.63180011935356,7.351780278966539],[80.631793627383,7.351965657602347],[80.63179622590295,7.352053104311763],[80.63179212281753,7.352139463700137],[80.63177697909515,7.352191997781365],[80.63167455882541,7.352392267343054],[80.63164610047914,7.352445883188589],[80.63158707968418,7.352608819111875],[80.63157257457215,7.352649960107159],[80.63156586499399,7.352670667329288],[80.63155362427582,7.352709277013122],[80.63151510276946,7.352787304811605],[80.63147849098047,7.352839199840314],[80.63143615710796,7.35294471894607],[80.631386573438,7.353055208452401],[80.63135684511639,7.353111535863475],[80.63133417816442,7.353182426603709],[80.63132942092727,7.353221525213542],[80.63132455107025,7.353261549790616],[80.63132406669263,7.353355777753371],[80.6313122604864,7.353453710590588],[80.6312985567798,7.353531655962214],[80.63127616476824,7.35358979434009],[80.6312266872935,7.353657420916004],[80.63120104758897,7.353674955143732],[80.63114161901144,7.353700798898813],[80.63106098484782,7.353757292468262],[80.63100617607384,7.353782322926995],[80.63094945571456,7.353833487948804],[80.63093306516745,7.353859074338788],[80.63091306733888,7.354205984663599],[80.63113663947995,7.354345910818552],[80.63144898813901,7.354583273198299],[80.63196065647305,7.355099881587801],[80.6320255029158,7.355219426580392],[80.63213284540721,7.355354380952297],[80.63212856808245,7.35554284846368],[80.63221734791664,7.35576270794794],[80.63223466794659,7.355975412228531],[80.63224106378267,7.3559754703513],[80.6322957683912,7.355993212223615],[80.63240245684682,7.356044791623716],[80.63244329238131,7.356089025029165],[80.63249898396207,7.356138870765959],[80.63254942673711,7.356168095856467],[80.6326135458347,7.356206910007926],[80.63265457551154,7.356213706320231],[80.63271278970004,7.356210289539819],[80.63273464433229,7.356228831989597],[80.63281722199868,7.356326433367133],[80.63286574141,7.356424565505146],[80.6328973234926,7.356519165445778],[80.63290455001304,7.356581112342594],[80.63290615621119,7.356656621948029],[80.63290492779882,7.356815055001045],[80.63289907869039,7.356976922915933],[80.63287976300465,7.357045734000134],[80.63284350375359,7.357130274486872],[80.63280245137722,7.357191030332714],[80.63276764696451,7.357258207804989],[80.63276599844043,7.357314455670039],[80.63276940401371,7.357427946468851],[80.63275569423841,7.357527956802835],[80.63275359685397,7.357532173788162],[80.63286811807319,7.357581361907868],[80.63318171246635,7.357528254056251],[80.6334194464957,7.357569124737107],[80.6339133801436,7.35766304528481],[80.63416065764515,7.357599322690231],[80.63442292080106,7.357515293209529],[80.63492390942109,7.357307531178266],[80.63516108837862,7.357390991508587],[80.63518542726834,7.357577432488493],[80.63517430095573,7.357759033330924],[80.63540726241465,7.358041720465592],[80.63569931456622,7.358329501869388],[80.6356836868214,7.358659909385334],[80.63577844437289,7.358978378598322],[80.63609361030299,7.359429404091639],[80.6362682337921,7.35975236001019],[80.63628274683381,7.359777756400876],[80.63650331816821,7.359963393186809],[80.6365106158989,7.359976137058506],[80.63685028071791,7.360169616752327],[80.63685717198084,7.360175834155235],[80.63702282475641,7.360363679975608],[80.63702351815397,7.360376741907616],[80.63715768278895,7.36059825222731],[80.63726703549825,7.360840457860161],[80.6374032116017,7.361023127216522],[80.63745171586787,7.360988437918024],[80.63769692304766,7.360817154357715],[80.63784044365592,7.360678551398893],[80.63798700664981,7.360555015882307],[80.63817428258142,7.360473742699138],[80.63830221152057,7.360460214010565],[80.63842362967299,7.360366928494319],[80.63850167959245,7.360302514770975],[80.63861922082556,7.360226761490295]]]]}},{"type":"Feature","properties":{"GND_N":"Bogahakumbura","GND_NO":"626","GND_C":"030","PROVINCE_N":"CENTRAL","PROVINCE_C":"2","DISTRICT_N":"KANDY","DISTRICT_C":"1","DSD_N":"PATHADUMBARA","DSD_C":"12","Admin_Code":"2112030","GND_NO_Cen":"626","GND_NAME_C":"Bogahakumbura","GND_NO_Gaz":"626","GND_NAME_G":"බෝගහකුඹum","shape_1":"Polygon","Area__Ha_":122.626412675,"MWS_ID":"106","Alt_MWS":null,"Total_Pop":1290.0,"Density":1051.9756519,"Area_sqkm":1.22626412282},"geometry":{"type":"MultiPolygon","coordinates":[[[[80.64038389817186,7.362754615318367],[80.64033816719467,7.362647727580571],[80.64030102161848,7.362558421143814],[80.64029154080862,7.362542435656422],[80.64026283114698,7.362515347655164],[80.64022281489844,7.362444438333887],[80.64016839826283,7.362372801190593],[80.64016071283163,7.362329935913067],[80.64016254029313,7.362278029618187],[80.64017415900346,7.362198363369242],[80.64021213647982,7.362116988769184],[80.64023315624078,7.362103882799367],[80.64033930881084,7.362049184062575],[80.6403510219023,7.362043149604244],[80.64045755910024,7.361995433964457],[80.64050458034856,7.361963978567728],[80.64053946208017,7.361937855763104],[80.64060651323814,7.361865711998133],[80.64067229538435,7.361799355361789],[80.64070953800085,7.361757137612501],[80.64073409517788,7.361725313667606],[80.64074723541346,7.3617027092269],[80.64076019780784,7.361669164503529],[80.6407649176965,7.361640317839399],[80.64076709996559,7.361615902384226],[80.64076406120829,7.361570366312988],[80.64076385291216,7.361567250030139],[80.6407090202013,7.361374436545604],[80.64069478272484,7.361338440166663],[80.64067625409659,7.361291593593471],[80.64066496685349,7.361175115354227],[80.64065991824921,7.36109634924313],[80.64065893963904,7.36103485741027],[80.64066031245112,7.360994434684907],[80.64066875885935,7.360914859694251],[80.64070537980643,7.360831584697805],[80.64076563351263,7.360777525760542],[80.64083738898775,7.360727087496442],[80.64084656701087,7.360719947201894],[80.64089455909688,7.360682612290633],[80.64093324480405,7.360654500236112],[80.64095426337705,7.360642027240089],[80.6410191341096,7.360599364754841],[80.64107376580586,7.360558868585614],[80.6410931721565,7.360486167769367],[80.64111402593097,7.360416633345394],[80.64112237164616,7.360376123195668],[80.64112166195129,7.36032674816626],[80.64112070571078,7.36029885743713],[80.6411194181338,7.360261367456569],[80.64111481173319,7.360214704152707],[80.64111047332636,7.360183413136394],[80.64110368978542,7.360153298781358],[80.64109899949165,7.360141385917328],[80.64108965963477,7.360117664195998],[80.64107372931824,7.360081307404536],[80.64103580086746,7.359996020399677],[80.64102295173213,7.359951977076999],[80.64102135657083,7.359943117161666],[80.64100269662437,7.359839475956882],[80.64097102486323,7.359735470908089],[80.64094387889232,7.359642229306786],[80.64092543562201,7.359520142238328],[80.640921553711,7.359500965369323],[80.64088518928833,7.359321364784608],[80.64084709859634,7.359177027783436],[80.64083010090084,7.359070315162382],[80.64080567285619,7.358981595876576],[80.64080243659839,7.358894420311127],[80.64079521987233,7.358796482362998],[80.64078738381164,7.358778350572186],[80.64076136649875,7.358718158776591],[80.64070677262806,7.358631783346785],[80.64069663834171,7.35860537198583],[80.64068206459437,7.358567388753183],[80.64063652845469,7.358482190743476],[80.64063146742994,7.358444389441374],[80.64062967826982,7.358367523339568],[80.64062960280145,7.358320770065805],[80.64064250257334,7.358194896217486],[80.64068664375293,7.358098149405095],[80.6407088557934,7.358038834001049],[80.64071133236219,7.358023593666192],[80.64071302938743,7.358013152219343],[80.64071395564899,7.357945782999921],[80.64071443708086,7.357854810492288],[80.64072324153052,7.357795038878402],[80.64074825742533,7.357743319541615],[80.64079791573408,7.357676597168962],[80.64084295505948,7.357604809309668],[80.64089043414494,7.35755544884135],[80.64093238140386,7.35752724733394],[80.64100631423254,7.357463698227238],[80.64101084371418,7.357459176282616],[80.64101256685137,7.357455199688206],[80.6410144720264,7.357448327577729],[80.64102627341909,7.3573477213514],[80.64158263482916,7.357240165059088],[80.64216932775841,7.356963523751548],[80.64261492830883,7.356754538260651],[80.64295273755083,7.356644290705148],[80.64319116936967,7.356470044041849],[80.64341456421434,7.356139137127528],[80.64361283342586,7.355766262185663],[80.64361328316784,7.355758598368556],[80.64384565975122,7.355383223973704],[80.64418255086653,7.355062099440874],[80.64420625895194,7.355041640289845],[80.64440428039639,7.354914970777003],[80.64440998965115,7.354914946232459],[80.64446778073228,7.354914149364784],[80.64448842928101,7.354923467929666],[80.644567504332,7.354927381482158],[80.64465527462394,7.354929667120238],[80.64466542055169,7.354929398810066],[80.64468435245728,7.354926963661865],[80.64470038636729,7.354925703253194],[80.64483417278994,7.354925740709106],[80.64488661734504,7.354926660390978],[80.64499440807207,7.354924250371764],[80.64504657833966,7.354936925867555],[80.64510680440026,7.354969407003147],[80.64585695395265,7.355193499249722],[80.64587313936222,7.355206981662816],[80.64625956870135,7.355278362827293],[80.64658132985794,7.355226966080791],[80.64707111554019,7.355094934035407],[80.64754516976971,7.354991762220621],[80.64777101504046,7.354989436075401],[80.64791557777744,7.3550115605438],[80.64820630989585,7.355053654851091],[80.64822255911459,7.355009102771221],[80.64826007973389,7.354940568372849],[80.64829740933563,7.354903233209019],[80.64844037130622,7.354805879883225],[80.64864792375198,7.354686751254669],[80.64879115388854,7.354607757011801],[80.64890774559525,7.35454702113009],[80.64894597645217,7.354528492917281],[80.64897569641224,7.354494137917606],[80.64898748005479,7.354465113198087],[80.64900181217321,7.354396299951271],[80.64902013932414,7.354290864545619],[80.64902217367401,7.354268858954605],[80.64920021439981,7.354122657754101],[80.64932956586996,7.354030106635173],[80.64951584772766,7.353850613077698],[80.64979036510492,7.35368939314934],[80.64982758864495,7.353667532224595],[80.64974025600168,7.353623874137225],[80.64972304816078,7.353612618866985],[80.64963583618264,7.353555570805608],[80.64961438581513,7.353492444519288],[80.64960470902508,7.353445146830934],[80.64959903667209,7.353324692305861],[80.6496142929829,7.353187332358164],[80.64967110547667,7.353119798013147],[80.64975852358869,7.35308518615296],[80.649857923778,7.353084946528106],[80.64985870457366,7.353084944939737],[80.64989267329777,7.353083145013016],[80.64998941676228,7.353066985290798],[80.65002889581167,7.353025391321552],[80.6500331787793,7.353020877351848],[80.65004176592346,7.353004108599652],[80.65004601957867,7.352981517639678],[80.65004638337145,7.352976298115347],[80.65006368989081,7.35272799723873],[80.65001741590652,7.352707622958835],[80.64990103826185,7.352651072236678],[80.64983718495789,7.352632787343221],[80.64973846190593,7.352596407477154],[80.64966692260278,7.352534622595281],[80.64959701991009,7.352454300893324],[80.64957121855815,7.352402568473194],[80.64956605702695,7.352381340350781],[80.64954678972896,7.352302092793322],[80.64954612583837,7.352292316204736],[80.64953172681783,7.352080264339435],[80.64951798870877,7.35197472849688],[80.6494952939619,7.351831480757332],[80.64949850081823,7.351699362343505],[80.64956395926968,7.351486870049283],[80.649576312699,7.351466848693168],[80.64963419038742,7.351373038362477],[80.64975281089333,7.351187961380202],[80.64986082678566,7.351023589873461],[80.64996112711553,7.350782173308283],[80.64885283263557,7.350786593693401],[80.64826053763232,7.350421908346738],[80.64772337599686,7.350275350082282],[80.64728515293788,7.350167120430174],[80.64727732247145,7.350166847791244],[80.64678894948655,7.350100125122533],[80.64661760731352,7.350076716601155],[80.64660204962972,7.35007622377925],[80.64618906869032,7.350017685385676],[80.6459080379198,7.34993973076585],[80.64588483137139,7.349931272418552],[80.64569940620954,7.349771147193065],[80.64568590231693,7.349747731805814],[80.64562113889718,7.34951080862385],[80.64561480553833,7.349495633507947],[80.64548145262252,7.349462147240456],[80.64546506449516,7.349476649260336],[80.64532384007217,7.349607800444124],[80.64516227924197,7.349777633449599],[80.64482083166267,7.349989797383268],[80.64443083188306,7.350059995907215],[80.64441614377458,7.350065595542287],[80.64441294598166,7.35006681269553],[80.64432016829277,7.350102179748517],[80.64421098943752,7.350143796098293],[80.64404722131769,7.350213196351496],[80.64399017142321,7.350294757434275],[80.64390670480158,7.350472024656631],[80.64372903234408,7.35073482989662],[80.6435535638387,7.35098722630204],[80.6430153037517,7.35096447538115],[80.64236195806369,7.350453661674702],[80.64229382726037,7.350508202326177],[80.6422026792405,7.350593540196292],[80.6421405139041,7.350687388053358],[80.64210036914629,7.350748236407095],[80.64205801777973,7.350806379331842],[80.64203240687375,7.350841539027918],[80.64198845505129,7.350911428337036],[80.64195836693514,7.350961246311797],[80.64189403317356,7.351036555310251],[80.64187264923869,7.351063768361493],[80.64181583625825,7.351129946162027],[80.6417531356408,7.35119304846901],[80.6417046703912,7.351211118135746],[80.64162568546477,7.351211004893811],[80.64154788129052,7.351203203625449],[80.64153031527749,7.351197235385159],[80.6415025963903,7.351187818705172],[80.64147406959768,7.351166197333908],[80.64143033724355,7.351111744355966],[80.64138751171237,7.35104490453116],[80.64134795112643,7.350976527468882],[80.64132802920258,7.350958435452127],[80.64127641270618,7.350910582387946],[80.64123756789182,7.350865626023951],[80.6412122180705,7.350824924841443],[80.64115598235054,7.350779150264413],[80.64106350914429,7.350755881848858],[80.64102242589884,7.3507566724762],[80.6410032728606,7.350757039269777],[80.64089194145981,7.350792454265179],[80.64082907218722,7.350817032263915],[80.64074192902476,7.350834369412405],[80.64068666601459,7.350866726678932],[80.64066018250337,7.35089365508295],[80.64063918886626,7.350915001087501],[80.64052782929582,7.351039942685945],[80.6404775389963,7.351102231985717],[80.64043811621711,7.351170948726596],[80.64036587486882,7.351328817783883],[80.64033541663308,7.351406578433219],[80.64030485698854,7.351525844655306],[80.64027992229425,7.351609396309874],[80.64026902722912,7.351663629359268],[80.64026531691928,7.351682097676446],[80.64024283652223,7.351734178590729],[80.64018032011313,7.351792215737049],[80.6401204369371,7.351826107029964],[80.64009947669771,7.351844634311231],[80.64003258622418,7.351929274641139],[80.63989130404968,7.352052005000186],[80.6398117232701,7.352320772475432],[80.63981220369185,7.35238782834356],[80.63984172476604,7.352419245509495],[80.63985991558528,7.352467449380602],[80.63985516500678,7.352599928923108],[80.63983477517465,7.352633924431228],[80.63974290192267,7.352718266825882],[80.63964703658776,7.352824041723777],[80.63958535575637,7.352894703075433],[80.63955778367884,7.352926290034842],[80.63948356518192,7.353040119775545],[80.63944304509567,7.353141569061241],[80.63943313680977,7.353256231386905],[80.63943399650732,7.353285480356722],[80.63943519685796,7.353326315333229],[80.63943606945398,7.35335485533503],[80.63943654296581,7.353370355196452],[80.63944556261595,7.353492439471138],[80.63946339117389,7.353549325437993],[80.63950667016978,7.353608208633386],[80.63955519469746,7.353687620150034],[80.63960135677024,7.353797145968083],[80.63969507993754,7.353884529098969],[80.6397548477975,7.353935549878058],[80.6397777558748,7.353963590182414],[80.63978318998281,7.353968747256651],[80.63980556058712,7.353974179874546],[80.63985836298147,7.353995265256279],[80.63986249743218,7.353996934949862],[80.63991397202918,7.354017709745749],[80.6399769100918,7.354063214320764],[80.64005242792365,7.354147157306177],[80.6400597578208,7.354167325443299],[80.6400525043232,7.354196622586199],[80.640037090224,7.354232765518476],[80.64001062564729,7.354294816926675],[80.63995842546446,7.354383874684348],[80.63994569511648,7.354405545998609],[80.63987568225596,7.354524739577521],[80.63980635266326,7.354645804350683],[80.63975505422198,7.354744899191298],[80.63971109255526,7.354844540650313],[80.63968353768192,7.35490539169662],[80.63967601386645,7.35492103380717],[80.63967338315177,7.354933783646666],[80.63966629209105,7.355018242276216],[80.63966039276286,7.355053327348954],[80.63964741749146,7.355126391802127],[80.63964460817378,7.355136699070378],[80.6396367959514,7.35516535217199],[80.63963417978584,7.355174948718606],[80.63957582790731,7.355238139737757],[80.63948050991847,7.3553204933545],[80.63940114699777,7.355375088885851],[80.63932340868239,7.355436828875393],[80.63926995297996,7.355483926603947],[80.63925491317772,7.355498390817347],[80.63920534641291,7.355562039335434],[80.63920500655269,7.355562643304376],[80.63916211527194,7.355638891673316],[80.63916598600704,7.355723624935046],[80.63917237070257,7.355869128880896],[80.63917470221193,7.355945903824089],[80.6391761872888,7.355953223688823],[80.63918103323543,7.3559771050416],[80.63918599088363,7.356053159155987],[80.63917737294898,7.356103797360842],[80.63915452029396,7.356187076465868],[80.6391140899985,7.35628988308413],[80.63910184559532,7.356336360393156],[80.63906759156683,7.356390245323312],[80.63903954878987,7.356417019408835],[80.63897924910691,7.356474589516821],[80.63891945179462,7.356518521106832],[80.6388436259903,7.356554668072833],[80.6388230993485,7.356567323794156],[80.63879194494737,7.357138874780774],[80.6387780941876,7.357174593119885],[80.6387220005834,7.357333207420982],[80.63864567162202,7.357558325002222],[80.63869248626534,7.357728818145135],[80.63870297614883,7.357891242808646],[80.63858788265571,7.358088640693022],[80.63848789647732,7.358413866990496],[80.63850211684938,7.358753881164525],[80.63856685961167,7.358923280197872],[80.6388514865882,7.359182280645568],[80.63896766939388,7.359378299022581],[80.63947001191622,7.359555915425535],[80.64009632381006,7.359765948374843],[80.64060053780238,7.360038682954748],[80.64040398558863,7.360234665788929],[80.63986735081124,7.360376815136705],[80.63953014607378,7.360438891995283],[80.63927498381962,7.360658085184999],[80.6393718165798,7.360826812976828],[80.63938587264221,7.361081745931839],[80.6395482287923,7.361381855123756],[80.63961253804459,7.3615081594251],[80.63963471390586,7.36164790413916],[80.63959645747077,7.361767413863466],[80.6395140648916,7.361935558758335],[80.6394144173116,7.362000700340968],[80.63940381202771,7.362042137574179],[80.63933810145254,7.362169713377333],[80.63929258183569,7.36224871632514],[80.63927892032939,7.362272423808147],[80.63927629393295,7.36227386988521],[80.63926034196895,7.362302351373292],[80.63923124935717,7.362357414368517],[80.6392078580116,7.362426947915139],[80.63919035626398,7.362487620214702],[80.63918382689324,7.362515018519994],[80.63919204896679,7.362621141604238],[80.63920135881726,7.362686344519909],[80.6392264325681,7.362739705925424],[80.63924608562196,7.362749840107251],[80.63931121240331,7.362753930295006],[80.63937099311742,7.362760820361249],[80.6394119357652,7.3627642710314],[80.63948919722513,7.362775960123063],[80.63956474433046,7.362771734797821],[80.63965034294942,7.362768506354003],[80.63978939498004,7.362740245975301],[80.63988116082162,7.362720741054159],[80.63997872021785,7.362713176453401],[80.6401327087933,7.362712590302024],[80.64022192163277,7.362741918570747],[80.64031130795453,7.36279946105072],[80.64034255386363,7.362811860361475],[80.64039951503699,7.362859623818041],[80.64039828653668,7.362848436343446],[80.64038939979451,7.362767472524663],[80.64038389817186,7.362754615318367]]],[[[80.65220789384813,7.369477777574266],[80.65229703093767,7.36947138356682],[80.65240554907658,7.36947168492618],[80.65251669180755,7.369480307455865],[80.65266307263676,7.369480711467205],[80.65271189808345,7.369479278078452],[80.6527917102447,7.369451176371269],[80.6528432598748,7.369418998401708],[80.65289061689319,7.369414559596917],[80.65307796693429,7.369396999988344],[80.65316320730015,7.369389973532574],[80.65320533400322,7.369372622553691],[80.65329483724435,7.369345699013375],[80.65332971275964,7.369338293336257],[80.6533619634337,7.369329983538657],[80.6534335315649,7.369301968975763],[80.65347611328058,7.369276933348657],[80.65356155792212,7.36918915101116],[80.65358004708348,7.369168272163217],[80.65359954746074,7.369146252364315],[80.65360073083987,7.369144914323853],[80.65360695399733,7.369137888709929],[80.65373315447833,7.369073176278403],[80.65379435550068,7.369047913315879],[80.65405050118586,7.368660170400593],[80.65427004936117,7.368195880944508],[80.6541789719863,7.367492195240792],[80.65398199718534,7.36704523417403],[80.65361141267212,7.36536071779113],[80.65353114938532,7.365108729527476],[80.65346400740201,7.364871634163162],[80.65336534860879,7.36469967054207],[80.65235427103116,7.363745024219345],[80.65283735187734,7.363546120179515],[80.65281243983905,7.36350458781048],[80.65277849414313,7.363423643513817],[80.652755421312,7.363338179806298],[80.65271560076211,7.363210571051645],[80.6526696970731,7.363140746346473],[80.65252345390887,7.362978110823272],[80.65242457461176,7.362849491883772],[80.65226603000444,7.362637116322566],[80.6521828818864,7.36254193821474],[80.65214040564055,7.362518798941317],[80.65212791028821,7.36250450842564],[80.65204415303567,7.362398048065046],[80.6519257008231,7.362290223409778],[80.65184321091449,7.36218692932159],[80.65183836780741,7.362179439459313],[80.6517906945854,7.362105708497113],[80.6517807024089,7.362070538359338],[80.6517466256744,7.361950608629806],[80.6516626253349,7.361742234318749],[80.65157564267398,7.361503112023914],[80.65156734284338,7.361382747255066],[80.65153838361391,7.361287064146237],[80.65148833952712,7.361117945920828],[80.65147124425417,7.361030134436279],[80.65145939218912,7.360983106577685],[80.65143938455005,7.360941322294791],[80.65138044030452,7.360858653651717],[80.65135330462148,7.360717393365079],[80.65132162966293,7.360619178344685],[80.65126169388458,7.360516160828432],[80.65123742667203,7.360482605390212],[80.65105973118239,7.360259972897903],[80.65105973286101,7.360253990043036],[80.65103695041677,7.360236155377575],[80.65102378583789,7.360027971660329],[80.65095523706795,7.35960165956387],[80.65094784619393,7.359570773807387],[80.65067617611427,7.359432780938607],[80.65039083766288,7.359349052976652],[80.65011754946558,7.359229408489401],[80.6499313654984,7.359132669947591],[80.6496801101735,7.359179923776185],[80.64961002208504,7.35934712006039],[80.6496118819481,7.359451605329404],[80.64961602281602,7.35965440503533],[80.64961652758139,7.359679128766401],[80.6496158682887,7.359768021364227],[80.6496217178242,7.359899508377628],[80.64965537294066,7.360047100714829],[80.64967374149445,7.360115380630038],[80.64972090345252,7.360223638784842],[80.64976517409738,7.36030630440104],[80.64983797188604,7.360406521507314],[80.64984523228293,7.360414942599159],[80.64989800825514,7.360476169628468],[80.64994364911534,7.360518413361874],[80.64995904276455,7.360536503723598],[80.64997045059535,7.360555496357109],[80.64997415873431,7.360575573788217],[80.6499793710748,7.360721709385138],[80.6499819932959,7.360827683342066],[80.6499826846704,7.360855637287336],[80.64998801175523,7.360916407812042],[80.65000384372897,7.360982879299456],[80.65006242240047,7.361079384724681],[80.65006246224233,7.36107943356817],[80.65012254819665,7.361153554345481],[80.6501600313646,7.361211981840507],[80.65019849265164,7.361338324415126],[80.65022174604054,7.36143346341877],[80.65023712136664,7.3615165720968],[80.65025409568167,7.36170792785083],[80.65026131487872,7.361804599648996],[80.65026264789144,7.36189882727316],[80.65025763965362,7.361988622941886],[80.65023396790484,7.362120578193112],[80.6502244355101,7.362173724889153],[80.65020293977314,7.362279087069895],[80.6501950464518,7.362317770838266],[80.65018388659462,7.362382697401897],[80.65015614630217,7.362461906343342],[80.65012433630574,7.362518235323932],[80.6500749725008,7.362571460314417],[80.65005549525706,7.362582577723424],[80.64996607758012,7.362631384747622],[80.64983607361985,7.362694195145798],[80.64975961109478,7.362735771380226],[80.64970508806262,7.362755799794896],[80.64962701725477,7.362818068667459],[80.64962719230108,7.362823660913347],[80.64951942477524,7.362980015672944],[80.64947442430355,7.363192072321127],[80.64952523091873,7.363665901449127],[80.64954713891929,7.364020069823148],[80.6495093332762,7.364270302653611],[80.64949597543877,7.364285341913138],[80.64932657918983,7.364480196029024],[80.6492606917403,7.364690343158914],[80.6490594976596,7.364941343406652],[80.64898041389073,7.365244037393001],[80.64876941300534,7.365225685125713],[80.6486835737367,7.365343498274794],[80.64830850976023,7.365874745592827],[80.64788996051051,7.366533214287839],[80.6476699496173,7.366973903602192],[80.64762548485409,7.367092243871924],[80.64758634333178,7.367101638245083],[80.64749384562893,7.36714402242198],[80.64739490488752,7.367223662811634],[80.64736708909263,7.367251053296574],[80.64728282364223,7.367327261546555],[80.64724778676043,7.367341600884271],[80.64727354569949,7.367457337082752],[80.64736273179322,7.367568472394188],[80.64763196416932,7.367685735495543],[80.6477342339572,7.36774720126595],[80.64784139745771,7.367901543704315],[80.64798037894336,7.368163272797416],[80.64804993273667,7.368522337139122],[80.64811421523612,7.369286046410401],[80.6481402337417,7.369486268713398],[80.64819742988975,7.36947244658562],[80.64833512405335,7.369446714335542],[80.64854591830952,7.369418562218389],[80.64863563617858,7.369408603449799],[80.6486523573894,7.369406745362453],[80.64883217599399,7.369368819632453],[80.64891089788534,7.369349761315749],[80.64904487461818,7.369332981266959],[80.64917694833285,7.369322079495019],[80.64943819055082,7.369316910523204],[80.64966791037014,7.369310286499923],[80.64977507097379,7.369306156135118],[80.64990397444015,7.369291455189046],[80.64996810786214,7.369288581352165],[80.65003051730096,7.369299179289607],[80.65008431334647,7.369331749292497],[80.65012334561796,7.369363231772791],[80.65012533478433,7.369366544786918],[80.65016778996488,7.369437228754958],[80.65016870442011,7.369438752759303],[80.6502170488196,7.369536792571551],[80.65023967703868,7.369592233478993],[80.65029455254876,7.369654827444807],[80.65034010269251,7.369694539069122],[80.65041590981576,7.369738963376538],[80.65045443263365,7.36975274038389],[80.65049334763874,7.369766655856236],[80.65056100900014,7.369784220120933],[80.65069262140673,7.369800263218369],[80.65074624598631,7.369801997348755],[80.6508294909128,7.369804645891462],[80.65083043299205,7.369804584663251],[80.65085914648111,7.36980271629273],[80.65094580146588,7.36979708237665],[80.65101890377997,7.369790230172408],[80.6511752679224,7.369725799114668],[80.65127347421392,7.369680703782878],[80.65133843155084,7.369647081951203],[80.65135808965083,7.36964130082278],[80.65144722828876,7.369623059743406],[80.6515165262603,7.369618828867178],[80.6515458799041,7.36960491263371],[80.65158981842555,7.369584035541261],[80.65159942048955,7.369579787100935],[80.65160684861092,7.3695786135808],[80.651771349769,7.369568894768064],[80.65189780484148,7.369567032731087],[80.6519556914933,7.369561660098428],[80.65196384053661,7.369560903655363],[80.65208387528743,7.369519339174249],[80.6521528175046,7.36949141632767],[80.65220789384813,7.369477777574266]]]]}},{"type":"Feature","properties":{"GND_N":"Moonamale","GND_NO":"628","GND_C":"125","PROVINCE_N":"CENTRAL","PROVINCE_C":"2","DISTRICT_N":"KANDY","DISTRICT_C":"1","DSD_N":"PATHADUMBARA","DSD_C":"12","Admin_Code":"2112125","GND_NO_Cen":"628","GND_NAME_C":"Moonamale","GND_NO_Gaz":"628","GND_NAME_G":"මූණමලේ","shape_1":"Polygon","Area__Ha_":48.3291810576,"MWS_ID":"106","Alt_MWS":null,"Total_Pop":763.0,"Density":1578.75632434,"Area_sqkm":0.48329180902},"geometry":{"type":"MultiPolygon","coordinates":[[[[80.63797606569403,7.353196173543276],[80.63838846975479,7.353107329160756],[80.6386624754036,7.353259983394255],[80.63919592787838,7.353263017117644],[80.63939819327925,7.353282102711805],[80.63943399650732,7.353285480356722],[80.63943313680977,7.353256231386905],[80.63944304509567,7.353141569061241],[80.63948356518192,7.353040119775545],[80.63955778367884,7.352926290034842],[80.63958535575637,7.352894703075433],[80.63964703658776,7.352824041723777],[80.63974290192267,7.352718266825882],[80.63983477517465,7.352633924431228],[80.63985516500678,7.352599928923108],[80.63985991558528,7.352467449380602],[80.63984172476604,7.352419245509495],[80.63981220369185,7.35238782834356],[80.6398117232701,7.352320772475432],[80.63989130404968,7.352052005000186],[80.64003258622418,7.351929274641139],[80.64009947669771,7.351844634311231],[80.6401204369371,7.351826107029964],[80.64018032011313,7.351792215737049],[80.64024283652223,7.351734178590729],[80.64026531691928,7.351682097676446],[80.64026902722912,7.351663629359268],[80.64027992229425,7.351609396309874],[80.64030485698854,7.351525844655306],[80.64033541663308,7.351406578433219],[80.64036587486882,7.351328817783883],[80.64043811621711,7.351170948726596],[80.6404775389963,7.351102231985717],[80.64052782929582,7.351039942685945],[80.64063918886626,7.350915001087501],[80.64066018250337,7.35089365508295],[80.64068666601459,7.350866726678932],[80.64074192902476,7.350834369412405],[80.64082907218722,7.350817032263915],[80.64089194145981,7.350792454265179],[80.6410032728606,7.350757039269777],[80.64102242589884,7.3507566724762],[80.64099691142363,7.350643585551857],[80.640897100415,7.350536722205443],[80.64064234215607,7.350400928615791],[80.6400979100603,7.350324575324667],[80.64023222310362,7.349929042274998],[80.64028135374441,7.349804731159318],[80.64039894638272,7.349511007325566],[80.64044318969695,7.349397319340462],[80.64058159791048,7.349005424498959],[80.63986680337595,7.348662806701427],[80.64007191020475,7.348042068151665],[80.64008889526322,7.347825709322028],[80.6401147278891,7.347490744135535],[80.63911616639301,7.347082665202897],[80.63895935590298,7.346966454323105],[80.63843991632831,7.346337002724001],[80.6384049779383,7.346180354374088],[80.63839301054679,7.345987195593474],[80.63838926286002,7.34593586088383],[80.63833233779711,7.34521192138332],[80.63830898721693,7.345225333128317],[80.63825635294592,7.345252987650828],[80.6382362669365,7.345262983042149],[80.63813631972879,7.345312725015397],[80.63808558649839,7.345340924492012],[80.63803612397504,7.345366499168059],[80.6379823994079,7.345404916313835],[80.63792036428914,7.345367279164995],[80.6378618601328,7.345337690472797],[80.63781929400298,7.345322936326122],[80.63775996930838,7.345310620423509],[80.63769516837016,7.345300933433651],[80.63766722095704,7.345296755067991],[80.63761713695054,7.345278835334343],[80.63750365386629,7.345243441169937],[80.63747793087164,7.345236922244992],[80.63740284544289,7.345231112387603],[80.63736606917266,7.345233541711668],[80.63732802639866,7.345236694985674],[80.63724460152874,7.345245260906865],[80.63717539546623,7.345259979564254],[80.6371210438582,7.34527569754951],[80.63684481611499,7.344955088594758],[80.63657949400925,7.344847179010765],[80.63648778279428,7.34483368450002],[80.63603918582012,7.344852908316106],[80.63585155517308,7.344993278547745],[80.63574145491283,7.345279345942469],[80.63563021166424,7.345576142477536],[80.63551686143512,7.345826854232727],[80.63543894021146,7.346096276214324],[80.63539934774376,7.34632885542825],[80.6351719234704,7.346503770715478],[80.63470532097033,7.346764915138913],[80.63452023331699,7.346871400521572],[80.63399609338806,7.347145426759439],[80.63386345439952,7.347264385241942],[80.63375101931881,7.347458511976992],[80.63370357544413,7.347531952356435],[80.63370118450625,7.347553641253326],[80.63368006251275,7.347607712636358],[80.63363312899847,7.347648571208745],[80.63362777174,7.347652838709476],[80.63358864463328,7.347684006558469],[80.63355891672505,7.347741058485871],[80.63355600485889,7.347777229594436],[80.63355352258945,7.347894878348333],[80.63355917573415,7.348061814087581],[80.63357395269134,7.348308692924492],[80.63357635514406,7.348367303235911],[80.63357159252267,7.348367318902253],[80.63357166273926,7.348388541961328],[80.63358488693652,7.348389360039697],[80.63366369066986,7.348387938223559],[80.63383144531684,7.348377591171256],[80.63388642947343,7.348368114376586],[80.63398713449857,7.348422584345752],[80.63404183277954,7.348460402376841],[80.63409879850998,7.348486011249863],[80.63432868335528,7.348493861056209],[80.63438420899442,7.348493517810923],[80.63446236513919,7.348531975318783],[80.63450329903998,7.348558755566716],[80.63457304303152,7.348563389543252],[80.63463209867419,7.348568291423637],[80.63473550858413,7.348665445082925],[80.63478033098916,7.348709589110156],[80.63479644629876,7.348733830362389],[80.63480727705331,7.348752990489022],[80.63484026179444,7.348811341864395],[80.63493451990823,7.348919436441481],[80.63494055190978,7.348926850896913],[80.63497698386482,7.348971627983916],[80.63502724403271,7.349009171399431],[80.63503177295401,7.349012067493015],[80.63503448929237,7.349012429164609],[80.63503775012214,7.349012430191612],[80.63510251698655,7.349005307512382],[80.63517914815672,7.348994298254401],[80.63524101195766,7.34900444588439],[80.63528988407805,7.349014570431375],[80.6353144655085,7.349019662138356],[80.63535275854255,7.349051207145519],[80.63538727090544,7.349079639262361],[80.63542865316074,7.349121160576833],[80.63547891635207,7.349146406355626],[80.63552999415896,7.349173551416403],[80.63554900068135,7.349178020106241],[80.63560815774787,7.34919193234567],[80.63567527441774,7.349198645220674],[80.635712491036,7.349234286343195],[80.6357636438143,7.349308274187715],[80.63581308077951,7.349371590738446],[80.63584358647725,7.349430199895195],[80.6358598683937,7.349503905516738],[80.63586790918886,7.349569831569492],[80.63586222671505,7.349781797013464],[80.63585985261003,7.349836687333456],[80.63584372424239,7.349856577806231],[80.63581698357643,7.349922854684822],[80.63581221839827,7.350098106700768],[80.63581310045458,7.350173615195053],[80.63580203965955,7.350205986605117],[80.63573046556961,7.35025362083107],[80.63566414971977,7.350295016114032],[80.63555272648355,7.350379545946994],[80.63547434160716,7.350439012578152],[80.63541418321891,7.350486288616233],[80.63537603564362,7.350530224746118],[80.63536724196805,7.350551201761872],[80.6353483821897,7.350612597860705],[80.63534047292549,7.350707095715299],[80.63533863162877,7.350801322377949],[80.63533742245251,7.350809769976108],[80.63533200385484,7.350847621400746],[80.63530073932306,7.350897347211775],[80.63526422418428,7.350931880923946],[80.63521222085184,7.350955200047222],[80.63520678987149,7.350957635429089],[80.63513195610834,7.351006715410201],[80.63507460279395,7.351059869333517],[80.6350211386269,7.35112830896655],[80.63493605768473,7.351214370683014],[80.63485179899854,7.35128379531599],[80.6347965343846,7.351316874383408],[80.63478103909213,7.35133667458452],[80.63477332914255,7.351367689667758],[80.63478915553148,7.351449352118633],[80.63482715827459,7.351577232240068],[80.63485140325456,7.351672734954837],[80.6349127674871,7.351865901197074],[80.63491429313235,7.351870705323825],[80.63492723194936,7.351909257032325],[80.63493403162337,7.351938227546875],[80.63494275773384,7.352082320676536],[80.63494279933037,7.352240031645067],[80.63494647259385,7.352362294264068],[80.63495134178268,7.352435001578935],[80.63497586366151,7.352514406914509],[80.63501850795357,7.352576002331187],[80.63506215308848,7.352623492776249],[80.63509116263239,7.352635917059312],[80.63513061999892,7.352652813684797],[80.6352403816941,7.352717686597235],[80.6352799573024,7.352744556779811],[80.63531282266672,7.352789058713166],[80.63537947077421,7.352847135775815],[80.63542873594541,7.352881785073294],[80.63545833924418,7.352933068226649],[80.6354842257788,7.352991042940335],[80.63549146175862,7.353023961760063],[80.63550005907487,7.353051364772716],[80.63550213231409,7.353083377669928],[80.63549614193789,7.353119005237367],[80.63548525934621,7.353163312554973],[80.63547329568287,7.353183203412874],[80.63546477825001,7.353192605464667],[80.63544593332709,7.353209419537393],[80.63543035575034,7.353231515752291],[80.63540361288032,7.35326945090183],[80.63538828287572,7.353339438959141],[80.6353852778242,7.353395686423564],[80.63540672185123,7.353463877438121],[80.63545127087797,7.353520681522942],[80.63547423490003,7.35353697248084],[80.63549374137122,7.353550807175091],[80.63554652957177,7.353616114265312],[80.6355995477713,7.353710464847621],[80.63563216984079,7.353768516723036],[80.63565706251786,7.35381871231928],[80.63566059440471,7.353823867941489],[80.63566312997803,7.353825949532977],[80.63566666093611,7.353828300918333],[80.63569998879167,7.353842690659022],[80.63576303228874,7.353848135329257],[80.63581946200662,7.353852494565671],[80.63582860608544,7.353863800286004],[80.6361987242284,7.353797582949845],[80.63652713074347,7.353741760803086],[80.63655111095625,7.353732512761788],[80.63705855389674,7.353558619908341],[80.63708208580383,7.353549104025878],[80.63759850242464,7.353426526983883],[80.63795326318842,7.353205044027776],[80.63797606569403,7.353196173543276]]]]}},{"type":"Feature","properties":{"GND_N":"Galewatta","GND_NO":"607","GND_C":"250","PROVINCE_N":"CENTRAL","PROVINCE_C":"2","DISTRICT_N":"KANDY","DISTRICT_C":"1","DSD_N":"PATHADUMBARA","DSD_C":"12","Admin_Code":"2112250","GND_NO_Cen":"607","GND_NAME_C":"Galewatta","GND_NO_Gaz":"607","GND_NAME_G":"ගාලේවත්ta","shape_1":"Polygon","Area__Ha_":30.3786645302,"MWS_ID":"106","Alt_MWS":null,"Total_Pop":2181.0,"Density":7179.38079485,"Area_sqkm":0.30378664433},"geometry":{"type":"MultiPolygon","coordinates":[[[[80.62609021400473,7.333336626345891],[80.62612601150207,7.333279033419164],[80.62618826860013,7.333189530208361],[80.62620467055794,7.333166205619823],[80.62622470864562,7.333103723290507],[80.62625779511477,7.333027412220734],[80.62628680419759,7.332917664154814],[80.62629842614577,7.33287369638775],[80.62629384531468,7.332761379745542],[80.6263208060998,7.332593188717768],[80.62635244464362,7.332510184421825],[80.62637203679114,7.332429526384196],[80.6263720713602,7.332423662906598],[80.62637251792638,7.332347779522867],[80.62636371030602,7.332145031345816],[80.62634217904503,7.332076569464676],[80.62631269199085,7.331953030269881],[80.62629589099454,7.331858975526542],[80.62629261017379,7.33184060445639],[80.62629054530869,7.331829043180303],[80.62624071692252,7.331597342762831],[80.62620279138498,7.331526885034584],[80.62617410560794,7.331447749096743],[80.62616073061206,7.331365994892582],[80.626162206143,7.331284699606766],[80.62616408798894,7.331274788189141],[80.62617699775969,7.331206844207878],[80.62619117074364,7.331172254895538],[80.62620863609988,7.331129628347901],[80.62624427105608,7.33101316623971],[80.6262788661791,7.330929215220265],[80.62627935448987,7.330928880791736],[80.62627987237796,7.330926773942586],[80.62630165069231,7.33087392299076],[80.62634270296242,7.330816787557082],[80.62639925100339,7.330729178715368],[80.6264113958396,7.330705850886806],[80.62640053792042,7.330680889455557],[80.62639557384965,7.330623012517811],[80.62637984491974,7.330535469099449],[80.62635016236409,7.330457779719689],[80.62634465791541,7.330447598164186],[80.62631983856271,7.330401702020751],[80.62628091040025,7.330350325624345],[80.62623447235735,7.330270187223966],[80.62621629204568,7.330200279569532],[80.62621613111904,7.330145297092222],[80.6262160926058,7.330119657424439],[80.6262159292858,7.330009609326497],[80.62621576299517,7.329897611553398],[80.62622839126537,7.329791082742933],[80.62626029286483,7.329733403486001],[80.62630253150023,7.329638557273019],[80.62634926575393,7.329523512271281],[80.6263550192638,7.329509350118009],[80.62636843028596,7.329483360447827],[80.6263692478002,7.329481772767256],[80.62638946006022,7.329444977154356],[80.62647854815953,7.32929109566027],[80.62653084492425,7.329182957734646],[80.62653708280685,7.329161233972026],[80.62653947518936,7.329157600381612],[80.62655368816955,7.329138563240996],[80.62659834692052,7.329113982017232],[80.6266340469389,7.32907312038283],[80.6267025543369,7.32898226179454],[80.62670327851046,7.32898081424894],[80.62672829469984,7.328930724273978],[80.62677169750573,7.328877929315775],[80.62686920046448,7.328749010156111],[80.6269566266127,7.328651035533954],[80.62696301868071,7.328647632057526],[80.62702322158268,7.328620831369584],[80.62709651000621,7.328579710880714],[80.62724461982128,7.328523242060167],[80.62734264209153,7.328463592452495],[80.62740669655157,7.328405648846832],[80.62745299998008,7.328345708989573],[80.62748354653091,7.328284678751888],[80.62749592071857,7.328244005559259],[80.62749789377027,7.32823751875361],[80.62750227873121,7.328223105639538],[80.62750313196739,7.328220299874493],[80.6275749466837,7.327987917253873],[80.62761174199183,7.32792119378146],[80.6276203533588,7.327900668985294],[80.62764183650683,7.327852024668377],[80.62769267959693,7.327761520894414],[80.6277404315519,7.327708726368278],[80.62783683578084,7.32760847297566],[80.62786655791365,7.327569596917661],[80.6278898471227,7.327539944418669],[80.62790705950796,7.327510881326714],[80.62792283276758,7.327484249425977],[80.6280246926482,7.32732783976334],[80.62803783250584,7.327305146127272],[80.62804472806151,7.327274584818332],[80.62802208584749,7.327237685471188],[80.62802076417663,7.327235531893653],[80.62801675390088,7.327228998801945],[80.62798846181435,7.327169770386704],[80.62798451822864,7.327161514622373],[80.62798197938149,7.327156199205351],[80.62797095598658,7.327133125934979],[80.6279703427968,7.327072899253137],[80.62797053275908,7.327070897192273],[80.62797332124265,7.327041669278769],[80.62797663506839,7.327006927107886],[80.6279780720241,7.326991876387539],[80.62797952499233,7.326974966428568],[80.62798400994456,7.326953903108199],[80.62798614900417,7.326943860641],[80.62798941517588,7.326927222570236],[80.6279924098262,7.326907237590035],[80.62799440801975,7.326890418240854],[80.62799498237727,7.326802430797875],[80.62799156069552,7.326747033967855],[80.62798579483528,7.326653669265766],[80.62798032940248,7.326604965401333],[80.62797495698919,7.326557086290419],[80.62797244484109,7.326492971388666],[80.62795101188551,7.326392947668529],[80.62794435471857,7.326370976371903],[80.62793273679921,7.326332624729886],[80.62792892488419,7.326260408665653],[80.62792790685987,7.326241163889053],[80.6279171704799,7.326037817296666],[80.62789868295998,7.326061142178144],[80.62787775154398,7.326085098359274],[80.62784404729788,7.326120266376431],[80.62783090615001,7.326146936221896],[80.6278298085886,7.326173704089218],[80.6278241736163,7.326226784729063],[80.62781357135647,7.32624767059492],[80.62777406839827,7.326283285225779],[80.62772931118283,7.326321794595491],[80.62761640827813,7.326460204950867],[80.6275460073401,7.32653532822723],[80.62750169931951,7.326584778865404],[80.62747604992323,7.326627633367046],[80.62745295106475,7.326643271044658],[80.62740274963464,7.326705558090576],[80.62737085119973,7.326757545770779],[80.6273270918956,7.326788277531434],[80.62730163992254,7.326792970565058],[80.62729720398617,7.326786367694881],[80.62729258672151,7.326780307345504],[80.62728642879219,7.32677424558141],[80.6272824462152,7.326771623596409],[80.62727174190205,7.326766978270717],[80.62726596410825,7.326764472345717],[80.62724314448722,7.326746560519741],[80.62721173206941,7.326701514991739],[80.6271712567074,7.326664969603997],[80.62715514282773,7.326640003732185],[80.62713706660706,7.326605675880171],[80.62712056809939,7.32657433997993],[80.62708969721807,7.326529656343727],[80.62704922360076,7.326490666618889],[80.62700703785296,7.326433499862436],[80.62698241954453,7.326374530330512],[80.62694974004097,7.326321348363432],[80.62691026421459,7.326278017406163],[80.6268822918916,7.326232883472039],[80.6268561245469,7.326212709761183],[80.62683312077847,7.326203930394375],[80.62679355108557,7.326175973425463],[80.62676557766493,7.32613418539938],[80.62672700326914,7.326103875763081],[80.62671559873588,7.326083253897252],[80.62669658363976,7.326069684860558],[80.62664341102246,7.326065091409601],[80.62664199668347,7.326063814969695],[80.62662893985764,7.326052020343183],[80.62649466542024,7.326316170039664],[80.62566720776236,7.325765942805982],[80.62559678061795,7.325716280304507],[80.62547485415166,7.325916925640834],[80.6251907623256,7.326254191712113],[80.62481319004723,7.326648848354579],[80.62454350747785,7.326892807598843],[80.62424505028822,7.327187000834186],[80.62399062796185,7.32745754501617],[80.62398487115837,7.327465268512976],[80.62382789420971,7.327675861467698],[80.62360156924134,7.327970557069075],[80.62350182789586,7.328114081023764],[80.62343277044249,7.328230817320612],[80.62338097364739,7.328326506436953],[80.6233195887299,7.328429846291029],[80.6232620160864,7.32860209699693],[80.62313732078044,7.328831747966619],[80.6231104582042,7.328900646571043],[80.62307400176591,7.328988682344526],[80.62304136126014,7.329132229041071],[80.6230298429896,7.329174336614616],[80.62299530593931,7.329256631625681],[80.62295885231805,7.329338925979997],[80.62291279498773,7.32946906905749],[80.62288784194045,7.329560937546984],[80.62288013891971,7.329660467734176],[80.62287045421802,7.329947581864961],[80.62285309816501,7.330244262688679],[80.62283387573927,7.330391641844821],[80.6228127432917,7.330519879908671],[80.62278201652225,7.330671083943866],[80.62271677192572,7.330845246338814],[80.62260357355217,7.331097869391243],[80.62249421515894,7.331327526283982],[80.6223982826612,7.331543786904015],[80.62233687273094,7.331717949640067],[80.62227577066659,7.331910675963414],[80.62265643713303,7.332097849153781],[80.62267681583756,7.332102541302473],[80.6226574551732,7.332169242263703],[80.62276903281004,7.332198582454207],[80.62284936461818,7.332225648486445],[80.62294129541141,7.332237075861523],[80.62304545653095,7.332235393213278],[80.62318177836238,7.33221726502544],[80.6232620331424,7.33220210190529],[80.62336656026916,7.332192190166991],[80.6234439998479,7.33220126042188],[80.62351843684782,7.332242252376639],[80.62357855871242,7.332298429001776],[80.62366603908023,7.332348556996444],[80.6237444506937,7.332415774996395],[80.62380655884503,7.332493476440921],[80.62390297192599,7.332564558268946],[80.62390779656474,7.33256811652096],[80.62396601292193,7.332631981721673],[80.6240452363797,7.332717283254745],[80.62409393958961,7.332797333111015],[80.62411175756527,7.332829318848878],[80.62413485286717,7.332870775309606],[80.62418052938119,7.332920599675816],[80.62421727891595,7.33299943732686],[80.62421849842791,7.333006358355889],[80.62423840690549,7.333057006858133],[80.62428212530224,7.333138594128213],[80.62430131603465,7.333174406420905],[80.62432258840423,7.333209593640277],[80.62439393554638,7.333287024125792],[80.62446022193534,7.333328013173131],[80.62449608500962,7.333342132384742],[80.62454209694094,7.333343234893023],[80.62467189634566,7.333328901217826],[80.62480359291432,7.333326414489151],[80.62483972677795,7.333343338002615],[80.62485547732884,7.333371647030938],[80.62487075245774,7.333463981322137],[80.62494723092436,7.333632300234249],[80.6250226367724,7.33375847653177],[80.6250862083314,7.333851665356357],[80.62509569413987,7.333865570368878],[80.62514909005189,7.333986854205093],[80.62521806116709,7.334130211835469],[80.62527346513144,7.334208724698229],[80.62528596267074,7.33421433375627],[80.62529230153649,7.334215874102495],[80.62529800752353,7.334216688986491],[80.62530389693016,7.334216148384669],[80.62532010894628,7.334211092458238],[80.62536531839669,7.334177468547555],[80.62544423413007,7.3341076820947],[80.62552269320918,7.334051733994181],[80.6255544987428,7.334008878982024],[80.62557777395251,7.333955000388801],[80.62557879462699,7.333952640505167],[80.62559357794414,7.333891967761405],[80.62562258208382,7.333835276901323],[80.62567296975953,7.333752912862664],[80.62571438206213,7.333706264801365],[80.62572389801905,7.333697892352507],[80.62576348577535,7.333663055656647],[80.62583434099588,7.333588024197087],[80.62584421420075,7.33357850430697],[80.62584426131485,7.333578460011982],[80.62587797354581,7.333545951722591],[80.62591815223382,7.333507209533474],[80.62601462995667,7.333411560411115],[80.62609021400473,7.333336626345891]]]]}},{"type":"Feature","properties":{"GND_N":"Molagodayawatta","GND_NO":"619","GND_C":"145","PROVINCE_N":"CENTRAL","PROVINCE_C":"2","DISTRICT_N":"KANDY","DISTRICT_C":"1","DSD_N":"PATHADUMBARA","DSD_C":"12","Admin_Code":"2112145","GND_NO_Cen":"619","GND_NAME_C":"Molagodayawatta","GND_NO_Gaz":"619","GND_NAME_G":"මොලගොඩයay","shape_1":"Polygon","Area__Ha_":55.4692598489,"MWS_ID":"106","Alt_MWS":null,"Total_Pop":2057.0,"Density":3708.3602922,"Area_sqkm":0.55469259671},"geometry":{"type":"MultiPolygon","coordinates":[[[[80.61954498431182,7.345837010682415],[80.61962143137497,7.345836404371081],[80.61979235066933,7.345839901263015],[80.61992278298405,7.345836964353696],[80.61999289725304,7.345819626214246],[80.6200574801465,7.345817208903465],[80.62014063595039,7.345804669882398],[80.62028592917153,7.34578672665141],[80.62036418872283,7.345786030413504],[80.62051509735012,7.345769264649959],[80.62073024040299,7.345712822319219],[80.6208181159032,7.345672431449429],[80.62095237708986,7.34560112954646],[80.62105637584993,7.345556855718258],[80.6211605168111,7.345512541221089],[80.62127805437919,7.345462526095605],[80.62138559428388,7.345395827664793],[80.62140027716012,7.345369065438459],[80.62141352159122,7.345313725010619],[80.62144542037768,7.345271868714415],[80.62149796698493,7.345236077447916],[80.62155177963656,7.345211408603631],[80.6216298675646,7.345182861436471],[80.6216576797567,7.345168943889036],[80.62170388995466,7.345121394507353],[80.62175825192058,7.345084971728654],[80.62175800487826,7.345084291609607],[80.6212903228557,7.343795682006187],[80.62131148752258,7.343402541025659],[80.62121229498,7.343426921071542],[80.62127500437174,7.343351343205781],[80.62135029392674,7.343291776698008],[80.62142305233061,7.34322289591197],[80.6214728055309,7.343152378533814],[80.62154676651504,7.34301088099446],[80.621570757737,7.342953257282934],[80.6215778630878,7.342936197388208],[80.6216114014272,7.342862055392523],[80.6216448537704,7.342779867801674],[80.62167686386599,7.342674798192453],[80.62170660314042,7.342590799811288],[80.62176433392364,7.342500299195469],[80.6218201566915,7.342424178103548],[80.62182246094082,7.342421656801975],[80.62187983083928,7.342497501243786],[80.62190542959746,7.342563656927142],[80.62203000120448,7.342745513917769],[80.62217633376028,7.342857405372059],[80.62230799374058,7.342935158014634],[80.62246127638062,7.342912837269568],[80.62274423278919,7.342429623427107],[80.62348015585286,7.342052315438422],[80.62357585945043,7.341938870020633],[80.62362481931277,7.341898455387537],[80.6236380961701,7.341884999386022],[80.62375080582966,7.341890280833286],[80.62375564344615,7.341903883160067],[80.62384188071817,7.341918083750241],[80.62395714790173,7.341855322809264],[80.62415340568826,7.341696047951685],[80.62416691341907,7.341696138437609],[80.62426768416543,7.341727810439338],[80.62429290630024,7.341738370360929],[80.6243091064929,7.341715627255565],[80.62434100978571,7.341658939301138],[80.62437126747153,7.341644389394579],[80.62442969005066,7.341643323999828],[80.62461057279877,7.34164239222768],[80.62480630896201,7.341645085310913],[80.62494606959976,7.341644500342051],[80.62501074245537,7.341642081431815],[80.62510005673514,7.341626468019872],[80.62518937402236,7.341604613106894],[80.62523702357194,7.341586817128926],[80.62527914892517,7.341566032382114],[80.62534364703211,7.341549958422655],[80.62557139375257,7.341443147486528],[80.62570755531192,7.341373745586409],[80.62580158913147,7.341329556805363],[80.62586591181459,7.341293588092369],[80.62590360167069,7.341261679803361],[80.62601070587966,7.34114415836483],[80.62605210754774,7.34111767530165],[80.62614199278396,7.341025104962667],[80.62620588119373,7.340933430215993],[80.62631787858636,7.340803973563465],[80.62637451147383,7.340742772211184],[80.62641977013793,7.340712718411811],[80.62651892406181,7.340646876795057],[80.62665391211824,7.340569785840279],[80.62666297736597,7.340541753724713],[80.62671471660735,7.340482360202573],[80.62675909807108,7.340456117703849],[80.62677967395013,7.340443949952515],[80.6268292263353,7.340426152626119],[80.62688721265604,7.340374807632137],[80.62691400881344,7.340342521248658],[80.62695093223407,7.340261755041972],[80.6269901886849,7.340138187235723],[80.62699331268453,7.340130022436991],[80.6270308949641,7.340031765452673],[80.62705147808033,7.33996521484051],[80.62706522916018,7.339754155569317],[80.62706597279762,7.339697094426283],[80.62707722704022,7.339634338775412],[80.62707505137666,7.339376252366367],[80.62669257286174,7.338860295567439],[80.62670279416736,7.338652345919182],[80.62670481016553,7.338482274704245],[80.62665302347311,7.338329349198554],[80.62671360116488,7.338128193151076],[80.62672160081266,7.338117522350379],[80.62676593687107,7.338058375932039],[80.6268732043997,7.337915285194964],[80.62690362260568,7.337861130394739],[80.62690855107373,7.337852356696765],[80.62693194199768,7.337788429488832],[80.62694818022372,7.337718714183262],[80.62697482925392,7.337657232381438],[80.62702522234565,7.337561933992753],[80.62704687616187,7.33754910282617],[80.62727451989532,7.337208256907865],[80.6269965213003,7.337505322443545],[80.62695773516268,7.337533917113782],[80.62686870759018,7.337599552422024],[80.62678309868926,7.337631594971048],[80.62651842672325,7.337699069838029],[80.6258768757613,7.337696378577865],[80.62479040323147,7.337899833824051],[80.62477124984541,7.337900177327688],[80.62252958822029,7.337987291869222],[80.6224796892404,7.337962316985381],[80.62242380813188,7.337951898386075],[80.62235062206538,7.337953046187084],[80.62211303886504,7.337957393058293],[80.62202345430661,7.337968032143997],[80.62198908820889,7.33798009094668],[80.62196964455329,7.337986914450741],[80.62195134252707,7.338005807144985],[80.62190939964064,7.338025958638752],[80.6218105628273,7.338067703353579],[80.62173202615212,7.338093174904832],[80.62164361908212,7.338108969738082],[80.62149542727582,7.33812682113236],[80.62145226197215,7.338127498948118],[80.62141082940332,7.338128150228203],[80.62125358974292,7.338125560320285],[80.62118883388992,7.338107542377577],[80.62114048596062,7.338086874162312],[80.62110986391687,7.338073784681268],[80.62101731118037,7.338026818580226],[80.62096551372257,7.337989024410011],[80.62094278662907,7.337972443429668],[80.62086626527837,7.33792738096977],[80.62082126291865,7.337889474288328],[80.62081839572896,7.337885552247735],[80.62078441495585,7.33783909017066],[80.62073081587121,7.337780746019283],[80.62069803796679,7.337757744627481],[80.62069278310716,7.337754055972891],[80.62069606466456,7.337748904403825],[80.62066797383291,7.337731844080995],[80.62052167293473,7.337675395746879],[80.62036105365934,7.337884568989229],[80.62026814576996,7.338007159908289],[80.62013629529945,7.338132727791607],[80.62002842211547,7.33821942356674],[80.61989959209058,7.338270221226597],[80.61981868606759,7.33833898139504],[80.61949206441177,7.338617012296143],[80.6192613325968,7.33880834139114],[80.61916543891562,7.338909993749748],[80.61910249736013,7.339002686958676],[80.61905153394574,7.33910734734527],[80.61900956486933,7.339191074506576],[80.61900653888277,7.339280796348659],[80.61901838899864,7.339654650139654],[80.61904520700334,7.340064398144917],[80.61906003347653,7.340495077406432],[80.6190659263698,7.340776214769215],[80.61905386184912,7.341012482584075],[80.61902981216862,7.341248746197944],[80.61900875439767,7.341499965274046],[80.61899675934858,7.34153585095217],[80.61898616673352,7.341563143553111],[80.61897756952662,7.341585291382807],[80.61893151903523,7.341691508855611],[80.61885957197954,7.341837913401195],[80.61880201763597,7.341945560140439],[80.61872432683019,7.342071865471119],[80.61862218577066,7.342205337824525],[80.6184970356988,7.34235315874022],[80.61840498141336,7.342432083562325],[80.61827796384411,7.342522513229779],[80.61808137121164,7.342658790794059],[80.61793323525859,7.34274200202484],[80.61780665672346,7.342858239539554],[80.61766997997718,7.343070657556199],[80.61751316514619,7.34330316557595],[80.6175016390039,7.343364891758263],[80.61747711283635,7.343596011415553],[80.61747268651146,7.34391183766988],[80.61743508449497,7.344520509855358],[80.61742068949127,7.344565008093818],[80.61740053923536,7.344619551975419],[80.61737175125153,7.344702806142277],[80.61733721412546,7.344778879029896],[80.6173012498392,7.344823369623191],[80.6172293252143,7.344903736436724],[80.61706531330083,7.345153469537617],[80.61703941639706,7.34519365649763],[80.61699192066747,7.345314227183501],[80.61692859098325,7.345490781089702],[80.61692391375695,7.345513062292554],[80.6168903113999,7.345642094915247],[80.61688054188737,7.34567960995992],[80.6169923133084,7.345709723065057],[80.61707731520865,7.345732622988645],[80.61729223683705,7.345790527393466],[80.6173069923738,7.345794503404519],[80.6173231714015,7.345735878825659],[80.61734182548268,7.34566828446354],[80.61736793151823,7.345618195472472],[80.61754635006334,7.345671524630391],[80.617731838888,7.345710296076911],[80.61788300433766,7.345733228266883],[80.61799432399725,7.345734805767209],[80.6181123491589,7.345733765845705],[80.61821260925335,7.345755866106818],[80.61828459589776,7.345822901022447],[80.61836300632294,7.345905401723836],[80.61843398677014,7.345995314156529],[80.61850677962073,7.346080346706554],[80.61850919050764,7.346081192170876],[80.61866536381152,7.346136016917816],[80.61877896672937,7.346159074874254],[80.61878370161267,7.346150301205705],[80.618797337967,7.346125032605886],[80.61883367780811,7.346078834707108],[80.61887177466699,7.346043460992704],[80.61889773735626,7.346019355122736],[80.6189158571116,7.346007515143574],[80.61893298196999,7.345996670449476],[80.61899005215528,7.345981951268699],[80.6191178618205,7.345962282309107],[80.61912513769836,7.345960409338713],[80.61923009984064,7.345933385807088],[80.61924178089649,7.345925288268563],[80.61928264692109,7.345896960891698],[80.61932885733594,7.34585746003627],[80.61939280879255,7.345847627337159],[80.61945558059627,7.345846472787506],[80.61954498431182,7.345837010682415]]]]}},{"type":"Feature","properties":{"GND_N":"Millanga","GND_NO":"617","GND_C":"160","PROVINCE_N":"CENTRAL","PROVINCE_C":"2","DISTRICT_N":"KANDY","DISTRICT_C":"1","DSD_N":"PATHADUMBARA","DSD_C":"12","Admin_Code":"2112160","GND_NO_Cen":"617","GND_NAME_C":"Millanga","GND_NO_Gaz":"617","GND_NAME_G":"මිල්ලංග","shape_1":"Polygon","Area__Ha_":64.8118333397,"MWS_ID":"106","Alt_MWS":null,"Total_Pop":1363.0,"Density":2103.01103077,"Area_sqkm":0.64811833131},"geometry":{"type":"MultiPolygon","coordinates":[[[[80.63186616391897,7.348420201817477],[80.63291310991767,7.348301500968087],[80.63296217098072,7.348309525136107],[80.63301127642649,7.348317557451693],[80.63302312677608,7.348317654379926],[80.63307957240917,7.348318120938797],[80.63314209306326,7.348332972334287],[80.63314704642282,7.348334149506195],[80.63338272450548,7.348359182456039],[80.6334787349931,7.34836762393778],[80.63357159252267,7.348367318902253],[80.63357635514406,7.348367303235911],[80.63357395269134,7.348308692924492],[80.63355917573415,7.348061814087581],[80.63355352258945,7.347894878348333],[80.63355600485889,7.347777229594436],[80.63355891672505,7.347741058485871],[80.63358864463328,7.347684006558469],[80.63362777174,7.347652838709476],[80.63363312899847,7.347648571208745],[80.63368006251275,7.347607712636358],[80.63370118450625,7.347553641253326],[80.63370357544413,7.347531952356435],[80.63375101931881,7.347458511976992],[80.63386345439952,7.347264385241942],[80.63399609338806,7.347145426759439],[80.63452023331699,7.346871400521572],[80.63470532097033,7.346764915138913],[80.6351719234704,7.346503770715478],[80.63539934774376,7.34632885542825],[80.63543894021146,7.346096276214324],[80.63551686143512,7.345826854232727],[80.63563021166424,7.345576142477536],[80.63574145491283,7.345279345942469],[80.63585155517308,7.344993278547745],[80.63603918582012,7.344852908316106],[80.63648778279428,7.34483368450002],[80.63657949400925,7.344847179010765],[80.63684481611499,7.344955088594758],[80.6371210438582,7.34527569754951],[80.63717539546623,7.345259979564254],[80.63724460152874,7.345245260906865],[80.63732802639866,7.345236694985674],[80.63736606917266,7.345233541711668],[80.63740284544289,7.345231112387603],[80.63747793087164,7.345236922244992],[80.63750365386629,7.345243441169937],[80.63761713695054,7.345278835334343],[80.63766722095704,7.345296755067991],[80.63769516837016,7.345300933433651],[80.63775996930838,7.345310620423509],[80.63781929400298,7.345322936326122],[80.6378618601328,7.345337690472797],[80.63792036428914,7.345367279164995],[80.6379823994079,7.345404916313835],[80.63803612397504,7.345366499168059],[80.63808558649839,7.345340924492012],[80.63813631972879,7.345312725015397],[80.6382362669365,7.345262983042149],[80.63825635294592,7.345252987650828],[80.63830898721693,7.345225333128317],[80.63833233779711,7.34521192138332],[80.63835446535826,7.345199211903081],[80.63840031464332,7.34514442534473],[80.6380947247594,7.344793196620016],[80.63769842879306,7.344545065286504],[80.6375851548296,7.344373327914985],[80.6375578416806,7.344286857429315],[80.63744851430204,7.344237685701883],[80.6373927369605,7.343965180797337],[80.63721329274041,7.343886618318398],[80.63716816169504,7.34376092817109],[80.63711827305288,7.343357305906039],[80.63706684175438,7.343056220055578],[80.63617344592917,7.342804594251471],[80.63616731812711,7.342770667480006],[80.63613863833743,7.342664583093662],[80.636117104222,7.342593137480574],[80.63611425144545,7.342519556315444],[80.63611422898046,7.342518983885802],[80.63612123357649,7.342419874663245],[80.63612423313683,7.342386326025839],[80.63612841249565,7.342345452917062],[80.63612741793153,7.342336860840899],[80.63612326684553,7.342287484699636],[80.63611159294831,7.342253750619762],[80.63609658265352,7.342178056826379],[80.63605077982939,7.342081823967752],[80.63603694135772,7.342021412324173],[80.63602086824906,7.341987327807003],[80.63600817839854,7.341943945417288],[80.63598771880253,7.341854463844955],[80.6359692735893,7.341750734731312],[80.63611738129704,7.341410884919219],[80.63607818376214,7.34095799771569],[80.63609520517244,7.340781045745635],[80.63602589733628,7.340663084224795],[80.6360212921667,7.340658065722721],[80.63582661221363,7.340598254962855],[80.63566588310002,7.340533168209099],[80.6354707267513,7.340502351757975],[80.63540682374399,7.340534331314721],[80.63513616496388,7.340748471648385],[80.63505930481104,7.340697390630982],[80.63500288573694,7.340670333369594],[80.63494582314458,7.34066470964602],[80.63487119636828,7.340637466679954],[80.63484511335362,7.340630404914211],[80.63479629056039,7.340630479960824],[80.63477030000236,7.340620343595789],[80.63475508920251,7.340600986755191],[80.63474432589108,7.340549619053335],[80.63474424532032,7.340546620365103],[80.63474289447002,7.340496174400374],[80.63474498587983,7.340464705377421],[80.63478026662457,7.340321022130212],[80.63482777988332,7.340159710667571],[80.63486740659242,7.3400155775335],[80.63490567690083,7.339867103321462],[80.63489902980417,7.339694017969465],[80.63488618533738,7.339638851548446],[80.6348487125853,7.339556548332514],[80.63477819790715,7.339418438410015],[80.63472712057978,7.33931035831047],[80.63423632653767,7.33932731089397],[80.63423268989325,7.339324431352686],[80.63425648945369,7.339376946228239],[80.63425755206381,7.339402176568927],[80.63425900663265,7.339436721336352],[80.63427031913197,7.339466929479903],[80.63430725433379,7.339530241342088],[80.63433442016834,7.339552858365987],[80.6343840483662,7.339577561475867],[80.63438650464823,7.339580917209677],[80.63439880506883,7.339597731152302],[80.63440422691967,7.339643671368329],[80.6344039362525,7.33970055182413],[80.63441701083725,7.339766797829127],[80.6344187679203,7.339775703942805],[80.63444364951869,7.339855200785851],[80.63444780026157,7.339902160651207],[80.63445041940754,7.339931796334068],[80.6344427884037,7.34000296333414],[80.63442194533943,7.340035782883568],[80.63436893633963,7.340100965345627],[80.63431203632405,7.340157014936981],[80.63424472285921,7.340203925975723],[80.63415547036001,7.340314856393311],[80.6341119718711,7.340377148973913],[80.63404988959434,7.340499661217939],[80.63403248624323,7.340539265000504],[80.63402883289942,7.340543302452081],[80.63397268357139,7.340605350465108],[80.63392439617355,7.340639336880918],[80.63389721869993,7.340653163166239],[80.63385545779482,7.340668703900216],[80.63382610088442,7.340674472166312],[80.63382375298346,7.340674934423502],[80.63378978692921,7.34067401934327],[80.63363491440249,7.340632914889333],[80.63354742474614,7.340606118864077],[80.63338631087436,7.340541501414958],[80.63338522771173,7.340541072431447],[80.6333372226025,7.340522042409285],[80.63328849798135,7.340501227966701],[80.63323189325422,7.34048583681518],[80.63320555181956,7.340485417868774],[80.63320290970523,7.340485376333226],[80.63316694525055,7.340502364827916],[80.63310008571541,7.340545479579704],[80.63307010169103,7.340552251370656],[80.63303541208384,7.340550884756503],[80.63301521717354,7.340539211923574],[80.63297817897337,7.34050935816513],[80.63292964790915,7.340455537658153],[80.63291986795427,7.340448209696091],[80.63290818382865,7.34044730166389],[80.63286932329004,7.340459678178238],[80.63285347106368,7.340463651135074],[80.63279514243217,7.340454680820558],[80.63272757052529,7.340459542446261],[80.63265319998293,7.340481131457961],[80.6325763800539,7.340514566018028],[80.63250435774913,7.340554331304712],[80.63243885540705,7.340604590370167],[80.6324154196366,7.340632462464566],[80.63213852595794,7.340593320502638],[80.63194244123547,7.340582799262937],[80.63163178013045,7.340567437390143],[80.63148929513021,7.340691552000205],[80.63143064411302,7.340808296436411],[80.63134603589204,7.341049732888845],[80.63126567863871,7.341309867118512],[80.63087115970336,7.341546074056265],[80.63061428477742,7.341635477691463],[80.63046209113925,7.341740013403726],[80.63033618376319,7.342066882720848],[80.63019817635384,7.342223398552733],[80.63008568058116,7.342480485437619],[80.62989806323401,7.343053859602254],[80.62981375026384,7.343186390855029],[80.62973309965464,7.343221033616509],[80.6296397837126,7.343288464889129],[80.62957056710863,7.343335556345462],[80.62950751385084,7.343370170454008],[80.6295049646851,7.343404261764274],[80.62951016865806,7.343555190381537],[80.62956183857143,7.343712646061854],[80.62961069939755,7.343868293120289],[80.62972956747787,7.344052176323665],[80.62974790532203,7.344084100515786],[80.62976861042331,7.344120145474833],[80.62968289382492,7.344132100372526],[80.62960454429356,7.344131803480586],[80.62952656104893,7.344119388158777],[80.62943933591059,7.344113300809892],[80.6294292407474,7.344114182817011],[80.62936922683548,7.344119427109439],[80.62934766457062,7.344136783530909],[80.62927915160283,7.344183841708742],[80.62924791701177,7.344205296865397],[80.62918359262116,7.344245969323547],[80.62909254711879,7.344291515328819],[80.62903665027477,7.344323237951031],[80.6289705111979,7.344373315415312],[80.6288460346854,7.344442543979779],[80.62882226487277,7.344454812957614],[80.62880717206396,7.344462605783852],[80.62877860444227,7.344471848296264],[80.62870232183977,7.344518212943416],[80.62865203795126,7.344558435981412],[80.62860202816482,7.344588713603343],[80.62854892072448,7.344610430992509],[80.6284168623273,7.344664432130154],[80.62826829215132,7.344730394394581],[80.62821547663408,7.344756692123347],[80.62817289495615,7.344787332963236],[80.628089861133,7.344801938039958],[80.62808566170459,7.344802676371107],[80.62800676863264,7.344805000586597],[80.62797833112462,7.344793236182992],[80.6279480794254,7.344789426311888],[80.62791936397161,7.344793667936557],[80.62776000932116,7.344879249791084],[80.62770947835024,7.344907606403964],[80.62770202784709,7.34491178632807],[80.62756585521426,7.345012115889546],[80.6275063294654,7.345057944205466],[80.62734790598802,7.345066751084616],[80.6272161149046,7.34507068534066],[80.62719428206191,7.345070604838688],[80.62714075427981,7.345070406190304],[80.62713577250791,7.345070387352735],[80.62706855773361,7.345083113838071],[80.62700604907707,7.345118451205869],[80.62698983015946,7.345134904987515],[80.62698112497074,7.345158595674535],[80.6269665195149,7.345228491452303],[80.62697147499848,7.345304544792434],[80.62699047732293,7.345356097160947],[80.62705719727913,7.345461017335079],[80.62710545189842,7.345531116687031],[80.62714955266519,7.345579382120946],[80.62718512954794,7.345618319569144],[80.62728536976893,7.345701459008786],[80.62732937816233,7.345741626381712],[80.62735961501392,7.345790197367654],[80.6273907387388,7.34589013202245],[80.6273968465141,7.345922467321469],[80.62740430152587,7.345961939808652],[80.62740781630195,7.346012580910682],[80.62739185747589,7.34606122608889],[80.62735108250844,7.346105885010407],[80.62733086119462,7.346137845327374],[80.62731401568568,7.346164471390097],[80.62730611840861,7.346215471327445],[80.62731080692522,7.346280130384365],[80.62732293694108,7.346305185349945],[80.62737165122923,7.346347161074136],[80.62738513970857,7.346370133884441],[80.62740622500263,7.346428378751167],[80.62740032754931,7.346452610244137],[80.62737861443337,7.346492636429663],[80.62733180755153,7.346578919210683],[80.62729301859156,7.346646274922845],[80.6272720872428,7.346664264458812],[80.6271919025297,7.346733506345591],[80.62709758564176,7.34680319566828],[80.62706921851255,7.346827230684383],[80.62749549272527,7.347075268211402],[80.62808162103279,7.347194192391712],[80.62862076192621,7.347445595773645],[80.62874133476402,7.347589629057691],[80.62915689338716,7.347763455493189],[80.62977809292991,7.348007611120878],[80.63037303799139,7.348077249018888],[80.63048251908303,7.348124842700822],[80.63139726681985,7.348348713016811],[80.63174234934468,7.34842060413627],[80.63186616391897,7.348420201817477]]]]}},{"type":"Feature","properties":{"GND_N":"Pallethalavinna Ihala","GND_NO":"614","GND_C":"120","PROVINCE_N":"CENTRAL","PROVINCE_C":"2","DISTRICT_N":"KANDY","DISTRICT_C":"1","DSD_N":"PATHADUMBARA","DSD_C":"12","Admin_Code":"2112120","GND_NO_Cen":"614","GND_NAME_C":"Pallethalavinna Ihala","GND_NO_Gaz":"614","GND_NAME_G":"ඉහළ පල්ලl","shape_1":"Polygon","Area__Ha_":61.4017592831,"MWS_ID":"106","Alt_MWS":null,"Total_Pop":1422.0,"Density":2315.89456258,"Area_sqkm":0.61401759086},"geometry":{"type":"MultiPolygon","coordinates":[[[[80.64205801777973,7.350806379331842],[80.64210036914629,7.350748236407095],[80.6421405139041,7.350687388053358],[80.6422026792405,7.350593540196292],[80.64229382726037,7.350508202326177],[80.64236195806369,7.350453661674702],[80.6430153037517,7.35096447538115],[80.6435535638387,7.35098722630204],[80.64372903234408,7.35073482989662],[80.64390670480158,7.350472024656631],[80.64399017142321,7.350294757434275],[80.64404722131769,7.350213196351496],[80.64421098943752,7.350143796098293],[80.64432016829277,7.350102179748517],[80.64441294598166,7.35006681269553],[80.64441614377458,7.350065595542287],[80.64435592966697,7.349752595575238],[80.64423525687582,7.349670138429278],[80.64387163082354,7.349261306061094],[80.64351831536803,7.349135157388142],[80.64327029779156,7.349155102408838],[80.64286678512029,7.34906132135987],[80.64254974590213,7.349032221469279],[80.64225545040287,7.349135092818344],[80.64219442821245,7.348942679083828],[80.64240215040358,7.347266954396416],[80.64287018902927,7.346961102722921],[80.64325828454656,7.346655234986014],[80.64356625340272,7.346272516477755],[80.64355781152699,7.345973447070558],[80.6435354435677,7.345871796985341],[80.64331863793105,7.345329301203114],[80.64338413617996,7.34529115999691],[80.64345534463074,7.345243253112693],[80.64357338166714,7.345192828930642],[80.64364612581731,7.345164816194838],[80.64371226068145,7.345120886694852],[80.64373827525773,7.345057684620369],[80.64374790205298,7.344968432920407],[80.64374717488981,7.34489448074921],[80.64374623236162,7.344798423771628],[80.64374424852103,7.344768489906225],[80.6437323013131,7.344737920990976],[80.64370622205094,7.344710784245321],[80.6436487112033,7.344690421372936],[80.64357308982756,7.34465314179753],[80.64344802608797,7.344574881819649],[80.6433505596476,7.344508702407052],[80.64331119073779,7.34448197044581],[80.64325413574959,7.344445690146033],[80.64323351244745,7.344356249531266],[80.64323036700385,7.344272962442947],[80.64325059718676,7.344167526901248],[80.64326547801507,7.344119386307449],[80.64329039906578,7.344038765278904],[80.64331578093646,7.343971041531399],[80.64333229450018,7.343875371337734],[80.64333095419475,7.343813606251619],[80.64332995954278,7.343804834233471],[80.643327154793,7.343800312799864],[80.64332135765632,7.34379479393953],[80.643311123895,7.34378972772383],[80.64328503499662,7.343786130820508],[80.64343859160967,7.343577282680419],[80.6435607966753,7.343331168898725],[80.6435948308799,7.34309395628352],[80.64333517935665,7.342891117882286],[80.64335150273867,7.342843954354871],[80.6433425639131,7.342840039699305],[80.64330190220399,7.342820766033016],[80.64333343594441,7.342780713917462],[80.64333959676111,7.342766338253937],[80.64334132188881,7.3427553958133],[80.64334404147506,7.342744725861951],[80.64334713291301,7.342711087668628],[80.64337360331757,7.34263766532715],[80.64342453010252,7.342562532955235],[80.64345225696817,7.342528178611218],[80.64350372743971,7.342449156989875],[80.64355746674065,7.342361358883056],[80.64356743090201,7.342337764987218],[80.64361938001849,7.342196168544483],[80.64366288769212,7.342096039057102],[80.64368019884748,7.342056200648734],[80.64373639866643,7.341908543912408],[80.6437538817606,7.341863075370386],[80.64377356485436,7.341811884152889],[80.64384907024818,7.341627430740463],[80.64392303007057,7.34146223667048],[80.64392252170836,7.341340517537923],[80.6439095850191,7.341290053699137],[80.64396403886872,7.341238614092766],[80.64397074700652,7.341214109498951],[80.64397730790806,7.341145348345342],[80.64398144639375,7.341047250031851],[80.64398034949473,7.340903304800451],[80.64398066828073,7.3408544409613],[80.64397487287779,7.340668541987129],[80.64399074326407,7.340615111486099],[80.64404364891234,7.3406408029065],[80.64406496244764,7.340641233301453],[80.6439286355243,7.340590725871081],[80.64385056313823,7.340561801370651],[80.64380174465997,7.340556451588315],[80.64376062236083,7.340557705473741],[80.64363000719625,7.340565534322669],[80.64357457089865,7.340576370461887],[80.64345980689015,7.340589629755584],[80.64337801488168,7.340590056796112],[80.64312195397964,7.340589710533716],[80.64288590967666,7.340589368264746],[80.64280357591103,7.340590158568867],[80.64271979406347,7.340590133651468],[80.64266019113579,7.340598163294563],[80.64258545899604,7.340621832840247],[80.6425380908401,7.340606807326697],[80.64249471477689,7.340569357225259],[80.64246980970601,7.340560396313778],[80.64245178922573,7.340545922118469],[80.64241991718717,7.340509017115653],[80.64239855295448,7.340466146854448],[80.64238063231092,7.34042074647942],[80.6423377958554,7.34039930175607],[80.64231877993373,7.340381842159298],[80.64226454141401,7.340324945408271],[80.64219526790771,7.340265512116544],[80.6421364071632,7.340221094234662],[80.64208650753464,7.340193678083134],[80.64202593847608,7.340179636067706],[80.64201269162707,7.340176565619968],[80.64190445699076,7.340166946738259],[80.64175020390852,7.340163283337882],[80.64168082025628,7.340163203762557],[80.64164405875019,7.340163161089478],[80.64164395911567,7.340163161059612],[80.64150374787909,7.34015443769707],[80.64141389808312,7.340146363337134],[80.6413450654096,7.340124367225168],[80.64128176336312,7.340087362265713],[80.64119700317102,7.340025030400811],[80.64111423090351,7.339972556004615],[80.64107400583933,7.339951253923599],[80.6410539173076,7.339940616001378],[80.64105114315225,7.339939914332197],[80.6408224189553,7.339881948387795],[80.64073511187559,7.339861394395919],[80.64052618804351,7.339740064450385],[80.6403601910199,7.339637736831937],[80.64030331765557,7.339605707340447],[80.64013875661718,7.339550223795523],[80.64008332628339,7.339544600316318],[80.63994964935964,7.339497627407678],[80.63980257078717,7.33943563717389],[80.63973314016341,7.339408805336014],[80.63973020854174,7.339407672259078],[80.63960205048954,7.339384574484319],[80.63951075321023,7.339371433409539],[80.63945930492133,7.339370876059029],[80.63934853913662,7.339342808949462],[80.63927970746784,7.339318281384804],[80.63924728209618,7.339317728005187],[80.63917290969226,7.339344021377594],[80.63914147224723,7.339367975764752],[80.63909100579788,7.339417696022096],[80.63896960985541,7.339493259417307],[80.63891416805559,7.339525072964574],[80.6388557387922,7.339545854921989],[80.63877041387087,7.339551254607524],[80.63876312534963,7.339692142532783],[80.63873601997855,7.339766738190688],[80.63872196351656,7.33982225798963],[80.63870852496512,7.339930228361733],[80.63867797028314,7.340028787848803],[80.63863998948432,7.340123455656412],[80.63860083628876,7.340201485764031],[80.63855996601593,7.340266853313365],[80.63851312417228,7.340311059278728],[80.63843303755915,7.34036221815327],[80.63837224487563,7.340412840359252],[80.6383080057811,7.340480915417798],[80.63822809972335,7.340536776676903],[80.63816350586362,7.340571481981046],[80.63810579787096,7.340611343912602],[80.63807897254128,7.340655555990702],[80.63808440880103,7.340656099340648],[80.6380322137552,7.340723816344392],[80.63799524652731,7.340765040195101],[80.63793355058722,7.340804267864114],[80.63782295163179,7.340821686783088],[80.63776162859632,7.340829535287529],[80.63773090844747,7.340876550380172],[80.63768831479156,7.3409520463919],[80.6376428233395,7.341019492318289],[80.63760666949739,7.341063431099089],[80.63756478985178,7.34116424775448],[80.63753886352112,7.341235860404482],[80.63749029830383,7.341290103469245],[80.63745060734622,7.341348780349261],[80.6373936128094,7.341415318388937],[80.6372875031539,7.341559522503379],[80.6372464518742,7.341617565027343],[80.63718511590771,7.341669543347995],[80.63712251695985,7.341702170125853],[80.63773053469248,7.342729960934213],[80.63808438327924,7.342973302643664],[80.63778682676751,7.343420231430144],[80.63785966954447,7.343849351153564],[80.63777387847469,7.344111352281348],[80.63766900224186,7.344225395683132],[80.63761379954788,7.344252150464198],[80.63755288922806,7.344271178029],[80.6375578416806,7.344286857429315],[80.6375851548296,7.344373327914985],[80.63769842879306,7.344545065286504],[80.6380947247594,7.344793196620016],[80.63840031464332,7.34514442534473],[80.63835446535826,7.345199211903081],[80.63833233779711,7.34521192138332],[80.63838926286002,7.34593586088383],[80.63839301054679,7.345987195593474],[80.6384049779383,7.346180354374088],[80.63843991632831,7.346337002724001],[80.63895935590298,7.346966454323105],[80.63911616639301,7.347082665202897],[80.6401147278891,7.347490744135535],[80.64008889526322,7.347825709322028],[80.64007191020475,7.348042068151665],[80.63986680337595,7.348662806701427],[80.64058159791048,7.349005424498959],[80.64044318969695,7.349397319340462],[80.64039894638272,7.349511007325566],[80.64028135374441,7.349804731159318],[80.64023222310362,7.349929042274998],[80.6400979100603,7.350324575324667],[80.64064234215607,7.350400928615791],[80.640897100415,7.350536722205443],[80.64099691142363,7.350643585551857],[80.64102242589884,7.3507566724762],[80.64106350914429,7.350755881848858],[80.64115598235054,7.350779150264413],[80.6412122180705,7.350824924841443],[80.64123756789182,7.350865626023951],[80.64127641270618,7.350910582387946],[80.64132802920258,7.350958435452127],[80.64134795112643,7.350976527468882],[80.64138751171237,7.35104490453116],[80.64143033724355,7.351111744355966],[80.64147406959768,7.351166197333908],[80.6415025963903,7.351187818705172],[80.64153031527749,7.351197235385159],[80.64154788129052,7.351203203625449],[80.64162568546477,7.351211004893811],[80.6417046703912,7.351211118135746],[80.6417531356408,7.35119304846901],[80.64181583625825,7.351129946162027],[80.64187264923869,7.351063768361493],[80.64189403317356,7.351036555310251],[80.64195836693514,7.350961246311797],[80.64198845505129,7.350911428337036],[80.64203240687375,7.350841539027918],[80.64205801777973,7.350806379331842]]]]}},{"type":"Feature","properties":{"GND_N":"Egodagama","GND_NO":"616","GND_C":"155","PROVINCE_N":"CENTRAL","PROVINCE_C":"2","DISTRICT_N":"KANDY","DISTRICT_C":"1","DSD_N":"PATHADUMBARA","DSD_C":"12","Admin_Code":"2112155","GND_NO_Cen":"616","GND_NAME_C":"Egodagama","GND_NO_Gaz":"616","GND_NAME_G":"එගොඩගම","shape_1":"Polygon","Area__Ha_":62.9901142707,"MWS_ID":"106","Alt_MWS":null,"Total_Pop":1690.0,"Density":2682.96069153,"Area_sqkm":0.62990114068},"geometry":{"type":"MultiPolygon","coordinates":[[[[80.61891946994795,7.348790503350955],[80.61901077357987,7.348789088496104],[80.61907109397582,7.348800415205786],[80.61917498500124,7.348807597390743],[80.61928186888579,7.34880664008829],[80.61941909656437,7.348800540671073],[80.61949292281261,7.34878437951045],[80.61953306032878,7.348754914254952],[80.61957953397325,7.348735306274093],[80.61976398391462,7.348648741424792],[80.61982015728275,7.348606711964326],[80.61982331489821,7.348603981174596],[80.6199071389236,7.348531504513131],[80.62000209885522,7.34843767123763],[80.62002965199581,7.348393371025694],[80.6200313766083,7.34839078171036],[80.62011493098635,7.34826544313384],[80.62014235235429,7.348243070342831],[80.62018406381449,7.348209039762018],[80.62032903525461,7.348084931562206],[80.62040070205494,7.348026950128066],[80.62046233173731,7.34797708942972],[80.62047472634966,7.34796706233138],[80.62052845117061,7.347935613145918],[80.62064667613099,7.347877507668677],[80.62073835490287,7.34784390039954],[80.62080702330611,7.347809832986115],[80.62096103845604,7.347722895358598],[80.62097526292759,7.347709697498086],[80.62104428929753,7.347651516097007],[80.62104250561524,7.347607731967471],[80.62109983490613,7.347543690259512],[80.62117176777653,7.347522389926452],[80.62117781071616,7.347531496512431],[80.62118979135676,7.347534528252602],[80.6212380354273,7.347604253831185],[80.62123805883165,7.347607286862845],[80.62127458034999,7.347713373017667],[80.62127464693656,7.347722483867218],[80.62136416580397,7.347833925506642],[80.62144075077015,7.347896437299392],[80.62145251485892,7.347902319312818],[80.62157005551235,7.347873921430426],[80.6216314651429,7.34785228099515],[80.6216430687853,7.347861140809555],[80.62169799339931,7.3479143244669],[80.62170087729949,7.347917274384401],[80.62171242389748,7.347926085345174],[80.62174122319021,7.347952553289846],[80.6218015235617,7.348011243263466],[80.6219273745745,7.348080533393472],[80.6220853895966,7.348124768243878],[80.6221403884301,7.348207256632976],[80.62214324755172,7.348219037032736],[80.62222978818873,7.348315660517527],[80.62224419530969,7.348324368452785],[80.62240636448166,7.348515669187015],[80.6224060715544,7.348527237801705],[80.62248254731715,7.348649924244953],[80.62249085597583,7.348655499393166],[80.62259538223573,7.348730480023749],[80.6227006871792,7.348766865355358],[80.6228315552785,7.348816248780735],[80.62283430345211,7.348816187324256],[80.6229000013889,7.348817587950998],[80.62291908280696,7.348817164029242],[80.62292996952269,7.348816923590699],[80.62293812527564,7.348816741901985],[80.62303844024099,7.348760811748356],[80.62308675339143,7.348757056416275],[80.62312435520822,7.348722811645062],[80.62319615799707,7.348700779366989],[80.62326069569103,7.348664892524444],[80.62334905541373,7.348626662614682],[80.62349044194627,7.348576752723965],[80.62349215388492,7.348576737029741],[80.62351941543807,7.348523291307179],[80.62353429445763,7.348449959415877],[80.62350789724121,7.34830399542599],[80.6234881829805,7.348210845762375],[80.62351112732136,7.348131546426343],[80.62352344910222,7.348122416283867],[80.62358901643032,7.348158522007004],[80.62364381199075,7.348176626667057],[80.62369742851192,7.348188582580438],[80.62374977528349,7.348208043749655],[80.62375354402253,7.348211368335536],[80.62380546425032,7.34825716620052],[80.62397369721415,7.348430400519389],[80.62406125499415,7.348520499476144],[80.6241001891236,7.348566088528242],[80.62413211493927,7.348604468829103],[80.62413425256521,7.348607207776107],[80.62420141414795,7.348744630873598],[80.62462504864907,7.348713552443654],[80.62474162499753,7.34873228645205],[80.62479426210245,7.348715904744515],[80.62490024198195,7.348682921803821],[80.62496388691218,7.348616196860421],[80.62496664147609,7.348613308549631],[80.62500758023229,7.348535700820388],[80.62507842688244,7.348394395198436],[80.62515142508526,7.348319007467289],[80.62524454094574,7.348226896938421],[80.62530612699274,7.348162615573917],[80.62531858523795,7.348132838437324],[80.62556345289904,7.347859292096039],[80.62577321963337,7.347617225199403],[80.62613188913878,7.3475327697842],[80.62654134871994,7.347317731940587],[80.62662027470932,7.347226517059073],[80.62667644182308,7.347200763226462],[80.62675861252492,7.347152139248704],[80.62680491252307,7.347111370719887],[80.62686724412549,7.347070066754273],[80.62694896769055,7.34700408092328],[80.62697969099057,7.346957701430227],[80.62700788316803,7.346893415035182],[80.62704530727369,7.34684748991709],[80.62706921851255,7.346827230684383],[80.62709758564176,7.34680319566828],[80.6271919025297,7.346733506345591],[80.6272720872428,7.346664264458812],[80.62729301859156,7.346646274922845],[80.62733180755153,7.346578919210683],[80.62737861443337,7.346492636429663],[80.62740032754931,7.346452610244137],[80.62740622500263,7.346428378751167],[80.62738513970857,7.346370133884441],[80.62737165122923,7.346347161074136],[80.62732293694108,7.346305185349945],[80.62731080692522,7.346280130384365],[80.62730611840861,7.346215471327445],[80.62731401568568,7.346164471390097],[80.62733086119462,7.346137845327374],[80.62735108250844,7.346105885010407],[80.62739185747589,7.34606122608889],[80.62740781630195,7.346012580910682],[80.62740430152587,7.345961939808652],[80.6273968465141,7.345922467321469],[80.6273907387388,7.34589013202245],[80.62735961501392,7.345790197367654],[80.62732937816233,7.345741626381712],[80.62728536976893,7.345701459008786],[80.62718512954794,7.345618319569144],[80.62714955266519,7.345579382120946],[80.62710545189842,7.345531116687031],[80.62705719727913,7.345461017335079],[80.62699047732293,7.345356097160947],[80.62697147499848,7.345304544792434],[80.6269665195149,7.345228491452303],[80.62698112497074,7.345158595674535],[80.62698983015946,7.345134904987515],[80.62700604907707,7.345118451205869],[80.62706855773361,7.345083113838071],[80.62713577250791,7.345070387352735],[80.62714075427981,7.345070406190304],[80.62719428206191,7.345070604838688],[80.6272161149046,7.34507068534066],[80.62734790598802,7.345066751084616],[80.6275063294654,7.345057944205466],[80.62756585521426,7.345012115889546],[80.62770202784709,7.34491178632807],[80.62770947835024,7.344907606403964],[80.62776000932116,7.344879249791084],[80.62791936397161,7.344793667936557],[80.6279480794254,7.344789426311888],[80.62797833112462,7.344793236182992],[80.62800676863264,7.344805000586597],[80.62808566170459,7.344802676371107],[80.628089861133,7.344801938039958],[80.62817289495615,7.344787332963236],[80.62821547663408,7.344756692123347],[80.62826829215132,7.344730394394581],[80.6284168623273,7.344664432130154],[80.62854892072448,7.344610430992509],[80.62860202816482,7.344588713603343],[80.62865203795126,7.344558435981412],[80.62870232183977,7.344518212943416],[80.62877860444227,7.344471848296264],[80.62880717206396,7.344462605783852],[80.62882226487277,7.344454812957614],[80.6288460346854,7.344442543979779],[80.6289705111979,7.344373315415312],[80.62903665027477,7.344323237951031],[80.62909254711879,7.344291515328819],[80.62918359262116,7.344245969323547],[80.62924791701177,7.344205296865397],[80.62927915160283,7.344183841708742],[80.62934766457062,7.344136783530909],[80.62936922683548,7.344119427109439],[80.6294292407474,7.344114182817011],[80.62943933591059,7.344113300809892],[80.62952656104893,7.344119388158777],[80.62960454429356,7.344131803480586],[80.62968289382492,7.344132100372526],[80.62976861042331,7.344120145474833],[80.62974790532203,7.344084100515786],[80.62972956747787,7.344052176323665],[80.62961069939755,7.343868293120289],[80.62956183857143,7.343712646061854],[80.62951016865806,7.343555190381537],[80.6295049646851,7.343404261764274],[80.62950751385084,7.343370170454008],[80.62957056710863,7.343335556345462],[80.6296397837126,7.343288464889129],[80.62973309965464,7.343221033616509],[80.62981375026384,7.343186390855029],[80.62989806323401,7.343053859602254],[80.63008568058116,7.342480485437619],[80.63019817635384,7.342223398552733],[80.63033618376319,7.342066882720848],[80.63046209113925,7.341740013403726],[80.63061428477742,7.341635477691463],[80.63087115970336,7.341546074056265],[80.63126567863871,7.341309867118512],[80.63134603589204,7.341049732888845],[80.63143064411302,7.340808296436411],[80.63148929513021,7.340691552000205],[80.63163178013045,7.340567437390143],[80.63194244123547,7.340582799262937],[80.63213852595794,7.340593320502638],[80.6324154196366,7.340632462464566],[80.63243885540705,7.340604590370167],[80.63250435774913,7.340554331304712],[80.6325763800539,7.340514566018028],[80.63265319998293,7.340481131457961],[80.63272757052529,7.340459542446261],[80.63279514243217,7.340454680820558],[80.63285347106368,7.340463651135074],[80.63286932329004,7.340459678178238],[80.63290818382865,7.34044730166389],[80.63291986795427,7.340448209696091],[80.63292964790915,7.340455537658153],[80.63297817897337,7.34050935816513],[80.63301521717354,7.340539211923574],[80.63303541208384,7.340550884756503],[80.63307010169103,7.340552251370656],[80.63310008571541,7.340545479579704],[80.63316694525055,7.340502364827916],[80.63320290970523,7.340485376333226],[80.63320555181956,7.340485417868774],[80.63323189325422,7.34048583681518],[80.63328849798135,7.340501227966701],[80.6333372226025,7.340522042409285],[80.63338522771173,7.340541072431447],[80.63338631087436,7.340541501414958],[80.63354742474614,7.340606118864077],[80.63363491440249,7.340632914889333],[80.63378978692921,7.34067401934327],[80.63382375298346,7.340674934423502],[80.63382610088442,7.340674472166312],[80.63385545779482,7.340668703900216],[80.63389721869993,7.340653163166239],[80.63392439617355,7.340639336880918],[80.63397268357139,7.340605350465108],[80.63402883289942,7.340543302452081],[80.63403248624323,7.340539265000504],[80.63404988959434,7.340499661217939],[80.6341119718711,7.340377148973913],[80.63415547036001,7.340314856393311],[80.63424472285921,7.340203925975723],[80.63431203632405,7.340157014936981],[80.63436893633963,7.340100965345627],[80.63442194533943,7.340035782883568],[80.6344427884037,7.34000296333414],[80.63445041940754,7.339931796334068],[80.63444780026157,7.339902160651207],[80.63444364951869,7.339855200785851],[80.6344187679203,7.339775703942805],[80.63441701083725,7.339766797829127],[80.6344039362525,7.33970055182413],[80.63440422691967,7.339643671368329],[80.63439880506883,7.339597731152302],[80.63438650464823,7.339580917209677],[80.6343840483662,7.339577561475867],[80.63433442016834,7.339552858365987],[80.63430725433379,7.339530241342088],[80.63427031913197,7.339466929479903],[80.63425900663265,7.339436721336352],[80.63425755206381,7.339402176568927],[80.63425648945369,7.339376946228239],[80.63423268989325,7.339324431352686],[80.6342234521095,7.339304049097481],[80.63420709058452,7.339274757220926],[80.63417040434788,7.33920908158577],[80.63411752150515,7.33916529666622],[80.63405349369967,7.339134257953917],[80.6340234282458,7.339115439868586],[80.63400305494969,7.339089479968187],[80.63400080220646,7.339058460817432],[80.6340036201647,7.339035286277994],[80.63400888464939,7.338991997236694],[80.63399757278262,7.338959890958339],[80.63394188562089,7.338905073559007],[80.63393718404308,7.338901434064774],[80.6338746943602,7.338853054934388],[80.63385242307692,7.338817056681465],[80.63384819459638,7.338729970225598],[80.63384809994514,7.338717157151152],[80.63384793411767,7.33869461286833],[80.63382906253099,7.338643283264689],[80.63382485708043,7.338631846136961],[80.63382695127594,7.338597483353574],[80.6338604723925,7.338553005981074],[80.63387035483657,7.338539893129625],[80.6339287049844,7.338480499036697],[80.63399466809516,7.338409623626051],[80.63404196486657,7.338359720274329],[80.63405129853528,7.3383433553774],[80.63405655979899,7.338321563382901],[80.63405539103975,7.338294072253959],[80.63404589092934,7.338258440679182],[80.63402145798436,7.338189885998989],[80.63400653296543,7.338120974417662],[80.63397704234528,7.338009373391444],[80.63393639809502,7.337929330751622],[80.63387375084106,7.337835714803949],[80.63383885669741,7.337806009196887],[80.63381371408255,7.337784603644923],[80.63376083024743,7.337741722985332],[80.63374236348906,7.337710608256291],[80.6337355925101,7.337637900283595],[80.63373198165105,7.337602451431211],[80.6337144181026,7.337573689075307],[80.63364867689147,7.337519770941256],[80.63359053771998,7.337483037841807],[80.63356192541653,7.337457980509363],[80.63355305871656,7.337427320973655],[80.63355660182839,7.33739395338182],[80.63359910181406,7.337334916010259],[80.6336725007596,7.337225338907376],[80.63372749913586,7.337169740931432],[80.6337343641718,7.337166064412472],[80.63378656579975,7.337138109128159],[80.6338091231862,7.337125818690289],[80.63384382613987,7.337084411791964],[80.63386512182694,7.337054938321691],[80.63387446090995,7.337021483038139],[80.63385618871573,7.336945425503408],[80.63382441634587,7.336885839152242],[80.63381500294925,7.336868184204805],[80.63379900616584,7.336842974444229],[80.633772362066,7.336800981994092],[80.63376249889748,7.336767881436175],[80.63376459413603,7.33673306649981],[80.63379423347658,7.336667241861529],[80.63379524866937,7.336664915416246],[80.63379552286129,7.336662866356399],[80.63374924282219,7.336660572834285],[80.63373201008397,7.33665971732257],[80.63362657604597,7.336670536371066],[80.63353012532788,7.336630263416312],[80.63342942045381,7.336578053215084],[80.6332838939852,7.336489114091699],[80.63317178333347,7.336418634220161],[80.63311527437494,7.336385789171517],[80.63306202388718,7.336354393845515],[80.63301992091104,7.336310702666349],[80.6329470378277,7.336212201003161],[80.63280759955863,7.336065568342161],[80.63267740321652,7.335903656805042],[80.63253226974601,7.335714611411748],[80.63250202444983,7.335692626306394],[80.6324581033573,7.335667022328695],[80.63241671159712,7.335662577999061],[80.6323926201529,7.335657144475595],[80.6323387239174,7.335665445877909],[80.63227124052257,7.335684596342827],[80.63222304454113,7.335711619499885],[80.63217502543176,7.33575473836735],[80.63212192585767,7.335828966276953],[80.63204346140975,7.335903091989083],[80.63195195243009,7.335990509437882],[80.6319249553702,7.336004517433413],[80.63190158694918,7.336006770676755],[80.6318182589602,7.335998062595539],[80.63170015684565,7.335973155411264],[80.63166486478286,7.335962075403765],[80.63164601060404,7.335992571416012],[80.6316050425071,7.336058867019355],[80.63160495669679,7.336145037860084],[80.63156490493743,7.336150516780835],[80.63152230620028,7.336211967508476],[80.63143546566036,7.336264810393566],[80.63142961623807,7.336348877778223],[80.63133123571195,7.336414643002877],[80.63134006355557,7.336503250192044],[80.6312577542206,7.336576404204267],[80.63126601490688,7.33665705064714],[80.63128230357857,7.336748200427092],[80.63133411914583,7.336774346934578],[80.63134230583482,7.336795436976772],[80.63148053919521,7.336891597025298],[80.63158133783892,7.337017491058937],[80.63180325732957,7.33715030306596],[80.63205421235804,7.337256913118004],[80.6323828750848,7.337376358265886],[80.63232799020778,7.337469935857611],[80.63228666150843,7.337556159488973],[80.63221077916337,7.337596343100428],[80.63205274743184,7.337598070236608],[80.63186871081648,7.337536548458941],[80.63171741442656,7.337425865766795],[80.63166902746877,7.337446162604266],[80.63158219380202,7.337513474332301],[80.63161751590158,7.337653410046071],[80.63155871823483,7.337774076429937],[80.63184242747796,7.338170733681633],[80.63185524454636,7.338289882199281],[80.63184064319088,7.338378249433107],[80.63175659181884,7.338532702354634],[80.63190715435834,7.338633886019762],[80.6318707635241,7.338698190931789],[80.63181407116954,7.338699784162054],[80.63174086650255,7.338831068753334],[80.63194780911093,7.339009065613102],[80.631812804755,7.339149278406008],[80.6317014425068,7.339278648059255],[80.63156318290342,7.339406924757922],[80.63145210787503,7.339488003853203],[80.63134303348154,7.339552807954159],[80.63121111828772,7.3396624561757],[80.63104424003382,7.339773270449019],[80.63089910672075,7.33986654735399],[80.63074936438382,7.339922113361363],[80.63058423993327,7.339934177444919],[80.63040843415465,7.339920012362116],[80.63024586167161,7.339880804183908],[80.6301768690391,7.339862374691108],[80.63001300918326,7.339818602907253],[80.62985929987254,7.339817648507946],[80.62966283240051,7.339840371879174],[80.6295996013979,7.339866124711513],[80.62951054718084,7.339918816361188],[80.62947820397117,7.339938337785807],[80.629415234082,7.340001890460208],[80.62936839737802,7.340027828577274],[80.62933696244554,7.340039664634108],[80.62930480968353,7.340033594389062],[80.62924431625851,7.339997493876257],[80.62914171309835,7.339935696504508],[80.62904191951147,7.339868835945278],[80.62901439086374,7.339851283477359],[80.62897254816617,7.339839875558885],[80.62890716714034,7.339837190937774],[80.6288948343789,7.339836685002674],[80.62890025178784,7.339886151142341],[80.62890112327564,7.339902230804786],[80.62890322186857,7.339940952758842],[80.62886359606856,7.340079298709677],[80.62883243834492,7.340167929871861],[80.6288298862611,7.340177802192109],[80.62882801149492,7.340180024348292],[80.62881491172352,7.340211943679959],[80.62880856824852,7.340221346326877],[80.6287919776063,7.340247883015931],[80.6287911340227,7.340248834063468],[80.62876109756189,7.340282665851843],[80.6287161578066,7.340324066260919],[80.62867973408373,7.340359955037568],[80.62865916750313,7.340399014982888],[80.62863541333235,7.340444132695485],[80.6286266076975,7.340506524758953],[80.62862523222445,7.340552012454554],[80.62863136654683,7.340622007367767],[80.62864293952295,7.340682508908962],[80.62867948664389,7.340819069468656],[80.62873804790885,7.340940989393243],[80.62874874495031,7.341075902856993],[80.62875094587145,7.341103678280054],[80.62873942926747,7.341144095844026],[80.62869909542721,7.34122619311351],[80.62866684682454,7.341255070404863],[80.62861954439703,7.341297426773981],[80.62845734404168,7.341490710221469],[80.62840569610157,7.341553721177689],[80.62835576901577,7.341606062847917],[80.62824640756617,7.341711560523644],[80.6281656682042,7.341809557397064],[80.62805003813628,7.341968767523064],[80.62795325840065,7.342091266516788],[80.627905667938,7.342220553155284],[80.6279000407391,7.342235844831735],[80.62787936288507,7.342312251420449],[80.62787501467479,7.342316499292692],[80.62786794591985,7.342322285385461],[80.62786522788325,7.342324454808894],[80.62780507083825,7.342368655227029],[80.62778972389057,7.34238364345878],[80.6277835064644,7.342389716495184],[80.62775052244535,7.342428862713902],[80.62772959198102,7.342447574815416],[80.6276833869479,7.342476858869428],[80.62766073931002,7.342492313107366],[80.62764696368666,7.342510576327682],[80.62758697241769,7.342598183211495],[80.62752880635239,7.34264464228966],[80.62745694267007,7.34274707665813],[80.62741683292582,7.34279696719913],[80.62740076057196,7.342816960481331],[80.62737046706799,7.342835756272193],[80.62725816147496,7.342905441497171],[80.62717662456937,7.342954608382716],[80.6270794305544,7.342973564592408],[80.6270689640909,7.342977028202346],[80.62691048329418,7.343029484619017],[80.62690787894232,7.343030240652059],[80.62678764664557,7.343065159986623],[80.62668319736107,7.343108441193228],[80.62655337380963,7.343175767407694],[80.62646178616245,7.343222670055328],[80.62637147888606,7.343259879911395],[80.62630434087683,7.343287544458422],[80.62620179296349,7.343327387130215],[80.62607668093408,7.343395257359523],[80.6260569308027,7.34340791005563],[80.62590129338741,7.343483366142718],[80.62589746215725,7.343485476401249],[80.62579719880054,7.343540663015041],[80.62576757584934,7.343558286945983],[80.62571783459255,7.343595163923283],[80.62563221573747,7.343663861143374],[80.62556616605215,7.343716650130098],[80.62553313422934,7.343743581771924],[80.62548190400155,7.343785348680201],[80.62538605216334,7.34384707839289],[80.62528848295764,7.343898048136707],[80.6251604675899,7.343982102300391],[80.62505456711307,7.344022035813572],[80.62498764649956,7.3440598139312],[80.62501081916258,7.344407397852127],[80.62419691942397,7.344577443259878],[80.62415165894542,7.344587273943604],[80.62405176929245,7.344746030738527],[80.62405862486698,7.344845242982071],[80.6240488594919,7.344986844104168],[80.62402569493491,7.345035329365509],[80.6230156095798,7.345241994362299],[80.6229089656521,7.345340709353072],[80.62281077138903,7.345366377808388],[80.62272884656291,7.345503262691784],[80.62262030634139,7.345537159411417],[80.62252535321447,7.345538189436105],[80.62244356535636,7.345613598152197],[80.6223020084102,7.345590005226367],[80.62224242568894,7.345565442058569],[80.62214126849739,7.345472968814835],[80.62199334882878,7.345529872630575],[80.62179509294758,7.345529790849129],[80.62175221748934,7.34547074063463],[80.62186061594034,7.345385867752521],[80.62175950028912,7.345097481347756],[80.62175914720656,7.345083878737634],[80.62175800487826,7.345084291609607],[80.62175825192058,7.345084971728654],[80.62170388995466,7.345121394507353],[80.6216576797567,7.345168943889036],[80.6216298675646,7.345182861436471],[80.62155177963656,7.345211408603631],[80.62149796698493,7.345236077447916],[80.62144542037768,7.345271868714415],[80.62141352159122,7.345313725010619],[80.62140027716012,7.345369065438459],[80.62138559428388,7.345395827664793],[80.62127805437919,7.345462526095605],[80.6211605168111,7.345512541221089],[80.62105637584993,7.345556855718258],[80.62095237708986,7.34560112954646],[80.6208181159032,7.345672431449429],[80.62073024040299,7.345712822319219],[80.62051509735012,7.345769264649959],[80.62036418872283,7.345786030413504],[80.62028592917153,7.34578672665141],[80.62014063595039,7.345804669882398],[80.6200574801465,7.345817208903465],[80.61999289725304,7.345819626214246],[80.61992278298405,7.345836964353696],[80.61979235066933,7.345839901263015],[80.61962143137497,7.345836404371081],[80.61954498431182,7.345837010682415],[80.61945558059627,7.345846472787506],[80.61939280879255,7.345847627337159],[80.61932885733594,7.34585746003627],[80.61928264692109,7.345896960891698],[80.61924178089649,7.345925288268563],[80.61923009984064,7.345933385807088],[80.61912513769836,7.345960409338713],[80.6191178618205,7.345962282309107],[80.61899005215528,7.345981951268699],[80.61893298196999,7.345996670449476],[80.6189158571116,7.346007515143574],[80.61889773735626,7.346019355122736],[80.61887177466699,7.346043460992704],[80.61883367780811,7.346078834707108],[80.618797337967,7.346125032605886],[80.61878370161267,7.346150301205705],[80.61877896672937,7.346159074874254],[80.61876742771703,7.346180454813909],[80.61874586264372,7.346201786922196],[80.61871914140922,7.346203859238187],[80.61865881606717,7.346205012734691],[80.61862458100548,7.346195325596305],[80.61855158697888,7.346164369251084],[80.61847125153908,7.346143904717518],[80.61842746812809,7.346138298930297],[80.61841423867024,7.346147542555169],[80.61834440652028,7.346242886396571],[80.61832539737713,7.34633646665069],[80.61840795068865,7.346388882730746],[80.61852606814698,7.34640657170086],[80.61853432823402,7.346413488885672],[80.61854052855074,7.34642048040307],[80.6186219139927,7.346458503189536],[80.61854843534293,7.346576450575307],[80.61850694716107,7.34666832736921],[80.61839616111965,7.346729892044917],[80.61838921548451,7.346740457254043],[80.61826360271387,7.346937772049014],[80.61820182970845,7.347118626623936],[80.61809252397988,7.347516953168248],[80.61806886167253,7.347787283581007],[80.61807139517735,7.347817915837513],[80.61811764037306,7.348300574375439],[80.6181329687528,7.348311391594126],[80.61813593584338,7.348368453081596],[80.61815356339424,7.348470645224158],[80.61818569904686,7.34852120874471],[80.61821593654601,7.348565619639531],[80.61832124121187,7.348670827761142],[80.6183480459098,7.348686752884924],[80.61838291542686,7.348695809068884],[80.61841282044334,7.348691743914816],[80.6184611789944,7.348685167680621],[80.61862130360375,7.348734058922805],[80.61864103338401,7.3487546848079],[80.61870904183223,7.348825783993309],[80.61875910878067,7.348888396339761],[80.6187637262516,7.348894168301388],[80.61886729301386,7.348795908129745],[80.61891946994795,7.348790503350955]]]]}},{"type":"Feature","properties":{"GND_N":"Galadeniya","GND_NO":"612","GND_C":"110","PROVINCE_N":"CENTRAL","PROVINCE_C":"2","DISTRICT_N":"KANDY","DISTRICT_C":"1","DSD_N":"PATHADUMBARA","DSD_C":"12","Admin_Code":"2112110","GND_NO_Cen":"612","GND_NAME_C":"Galadeniya","GND_NO_Gaz":"612","GND_NAME_G":"ගලදෙණිය","shape_1":"Polygon","Area__Ha_":78.8330511022,"MWS_ID":"106","Alt_MWS":null,"Total_Pop":3528.0,"Density":4475.28030693,"Area_sqkm":0.78833050849},"geometry":{"type":"MultiPolygon","coordinates":[[[[80.65101488148466,7.352689635945036],[80.65113426671398,7.352684064434403],[80.6512666023676,7.352687174179353],[80.65138398283422,7.352727811839472],[80.65142265555225,7.352738131648722],[80.651510787382,7.352745119310395],[80.65167763664013,7.35274136675485],[80.65180843692485,7.352731727073494],[80.65192972344651,7.352729318220809],[80.65209928759066,7.352731264264062],[80.6523006379336,7.352755828378402],[80.65245972420819,7.352779404987957],[80.65245998511281,7.352779275744947],[80.65250263030705,7.35275823448436],[80.65251812109247,7.352752089512864],[80.65254185337369,7.352747122407871],[80.65256477059836,7.352748123465449],[80.65259529333123,7.352754009847904],[80.65261507650163,7.352758306216471],[80.65264529373572,7.352699627204148],[80.65265038343979,7.352607811275424],[80.65265730211719,7.352584093359377],[80.65271628836051,7.352436599987738],[80.65274186375974,7.352389603261435],[80.65277372765053,7.352331045869062],[80.65278059368315,7.352307681517963],[80.65281968023625,7.352075841170658],[80.65283268314657,7.352035588871856],[80.65283332242069,7.352006864819042],[80.65302339571612,7.350795515864252],[80.65304584975662,7.35067581332602],[80.6531564760005,7.350369044986016],[80.65326484687786,7.350117480884996],[80.65326986842292,7.350098278516756],[80.65328795737221,7.350060826408019],[80.65329291364507,7.350041819350666],[80.65332525475209,7.349953233805357],[80.65335115062875,7.349912684793245],[80.65338479863632,7.349877277953929],[80.65346919224547,7.349790170724931],[80.65351078251572,7.34974696916352],[80.65353547722866,7.349723127685392],[80.65355462120529,7.349702816888258],[80.65371659782282,7.34938590622847],[80.65417592027137,7.349381488329001],[80.65417402913607,7.349341157774639],[80.65417307394658,7.349193755461055],[80.65417228463825,7.349095637625433],[80.65417084974936,7.349046353705262],[80.6541422456507,7.348974364417185],[80.65408184614688,7.348910808118987],[80.6540659097934,7.348894040738414],[80.65398568082888,7.348810643168519],[80.65393813804748,7.348767132392223],[80.65388081895449,7.348707705044174],[80.65372191786142,7.348472904965426],[80.65357550024959,7.348294987909457],[80.65353194506535,7.348247319298788],[80.65354106999177,7.348240554003403],[80.65364093320008,7.348166505461057],[80.65379032625185,7.348063635866372],[80.65385862456402,7.348006234078074],[80.65391843189151,7.347955969423347],[80.65401972570585,7.347860229702086],[80.65413052023601,7.347797683125659],[80.65431859628126,7.347668600945553],[80.65438672501602,7.347621414922924],[80.65440828460923,7.347607674493079],[80.65445430667428,7.347584085628527],[80.65448700747854,7.347570076930394],[80.65453121393486,7.347557971290887],[80.65457967516512,7.347551383041319],[80.65460847972938,7.347549039672091],[80.65464471120363,7.347548597348615],[80.65469661376605,7.347547707119794],[80.65471426730014,7.347548417260267],[80.65481065733431,7.347494565085182],[80.65520511495076,7.347385442050707],[80.65544131389915,7.347269684602356],[80.65564760124444,7.347166641603565],[80.65565437469725,7.347163259528405],[80.6558190599701,7.347101568921425],[80.65585384575886,7.347091112779109],[80.65586788276556,7.347080696279496],[80.6558818671901,7.347077177778462],[80.6558959268242,7.347070184970133],[80.65597391251589,7.347027936120935],[80.65600612693355,7.347010167997864],[80.65604175791711,7.34699593208637],[80.65605597970024,7.346988868780867],[80.65615983930904,7.346935523816937],[80.65619606277055,7.346917518017904],[80.65624692649696,7.346895751525993],[80.65626514374226,7.346888458685995],[80.65651482482113,7.346799413723921],[80.65626149091086,7.346570576671932],[80.6541007794702,7.344613053780483],[80.65362551900576,7.343849071306531],[80.6535859766608,7.343785509788036],[80.65353762384981,7.343728525555651],[80.65350213169134,7.343673263010329],[80.65341927930153,7.343584799624391],[80.65336920147342,7.343539389059648],[80.65335191203081,7.343503121824251],[80.653316509979,7.343453014713207],[80.65324777386084,7.343408503323819],[80.65316707758993,7.343378278419046],[80.65313564741172,7.343377455019472],[80.6530928001812,7.343392183377863],[80.65292990254466,7.343531129806427],[80.65288677807958,7.343569008192466],[80.65286385885345,7.343576960649123],[80.65279419821978,7.343603707911753],[80.65278685521949,7.343626223003675],[80.65278684795696,7.343632843394514],[80.65278673045428,7.34374676638716],[80.65278706707943,7.343843075515673],[80.65278525110784,7.343859080251722],[80.65278080980076,7.343866676068012],[80.65276885398536,7.343868390950622],[80.65275771403638,7.343864408052455],[80.65273760782006,7.343853822187464],[80.65267229253764,7.343820153325594],[80.65265546561295,7.343811478245435],[80.65254832285672,7.343776542669674],[80.65248908819994,7.343762058409924],[80.65236961761771,7.343757413497593],[80.65225920289299,7.343759643749268],[80.65218973170319,7.343753022237014],[80.6521638312543,7.343739179258147],[80.65213023140774,7.343723164727996],[80.6520451838418,7.343702613542174],[80.65192553642666,7.343685760390346],[80.65183261197474,7.343656434351004],[80.65174077914891,7.343610290392932],[80.65168462508633,7.343592550492302],[80.65157466810498,7.343577508541371],[80.65149305918081,7.343575496391538],[80.65144351371366,7.343567343896307],[80.65136463325324,7.343528707360284],[80.65133354990817,7.343502207189426],[80.65133110036852,7.343500119379134],[80.6513190478637,7.343238411118556],[80.65129270887407,7.343225294122185],[80.65125177787807,7.343192638334298],[80.65112843556207,7.343102805893251],[80.65103914015602,7.343052864434102],[80.65097257244513,7.343025626371706],[80.65088327671785,7.342976949095567],[80.65081064752849,7.342930539024516],[80.65067055171862,7.342832654394543],[80.65060417314518,7.342777201214561],[80.6505498342039,7.342750509095481],[80.65049214879387,7.342712874886022],[80.65046913985888,7.342717751665654],[80.65044947945331,7.34273592261749],[80.65043778553215,7.342769468930672],[80.65043303101696,7.342824584784176],[80.65041936271795,7.342821959380712],[80.65041192537349,7.342822076662731],[80.65039618699807,7.342824030061611],[80.65039583717846,7.342808614332978],[80.65021739521899,7.342821224469049],[80.65018532987403,7.3428245613772],[80.6501579678567,7.342829164722822],[80.65015688812302,7.342829345279723],[80.65012808246696,7.342836572501225],[80.65005144471658,7.342862955656545],[80.64999505594533,7.342868655883727],[80.64994483734603,7.342861388346497],[80.64989992054345,7.342824208902416],[80.64973429202192,7.342691410749426],[80.64963884409926,7.342618496209454],[80.64952655128927,7.342540062461012],[80.64947774189842,7.342492030256135],[80.64938393030859,7.342401663103179],[80.64938145085519,7.342399710919194],[80.64924175480407,7.342289670339209],[80.64923416584402,7.342284677350319],[80.64919240121174,7.342257192842368],[80.64913552607652,7.342231131942635],[80.64904966557,7.34220416032725],[80.64897122894202,7.342192562120718],[80.64889904511516,7.342173733070619],[80.64879941099,7.342167464197493],[80.64873464630902,7.342174228060347],[80.64864090080053,7.342173659734305],[80.64860489626048,7.342170739451324],[80.64734332902299,7.343599599402832],[80.6473606052754,7.343679940705871],[80.64735503082488,7.343772135358174],[80.64719131310072,7.344332601497327],[80.64715563553365,7.344567600199715],[80.64714936974808,7.344607053974736],[80.64710794417785,7.345004738467561],[80.64709365760935,7.345066498144496],[80.64708116591717,7.34513581920215],[80.64694531738434,7.345454722663137],[80.6469419961527,7.345547770707026],[80.646382560949,7.346724626983085],[80.6461825578704,7.347369299716853],[80.64602199787603,7.348205387300863],[80.64610701656017,7.34884646484218],[80.64639784040877,7.349197478651621],[80.64662705667914,7.349638978745377],[80.64664200731477,7.349683725181698],[80.64678159313483,7.350051632556144],[80.64678894948655,7.350100125122533],[80.64727732247145,7.350166847791244],[80.64728515293788,7.350167120430174],[80.64772337599686,7.350275350082282],[80.64826053763232,7.350421908346738],[80.64885283263557,7.350786593693401],[80.64996112711553,7.350782173308283],[80.64986082678566,7.351023589873461],[80.64975281089333,7.351187961380202],[80.64963419038742,7.351373038362477],[80.649576312699,7.351466848693168],[80.64956395926968,7.351486870049283],[80.64949850081823,7.351699362343505],[80.6494952939619,7.351831480757332],[80.64951798870877,7.35197472849688],[80.64953172681783,7.352080264339435],[80.64954612583837,7.352292316204736],[80.64954678972896,7.352302092793322],[80.64956605702695,7.352381340350781],[80.64957121855815,7.352402568473194],[80.64959701991009,7.352454300893324],[80.64966692260278,7.352534622595281],[80.64973846190593,7.352596407477154],[80.64983718495789,7.352632787343221],[80.64990103826185,7.352651072236678],[80.65001741590652,7.352707622958835],[80.65006368989081,7.35272799723873],[80.65012736564576,7.352756034939332],[80.65020416811137,7.352787525328476],[80.65032690283687,7.352792173579791],[80.650418293529,7.35280621501733],[80.65050469675279,7.352833730934304],[80.65061057499571,7.352869389198365],[80.65065939662865,7.352871844497678],[80.65071181537239,7.352860697395399],[80.65076302661704,7.352849808578979],[80.65080280430014,7.352802434329589],[80.6508212993405,7.352781191139709],[80.6508621520625,7.352734267527633],[80.65090813833054,7.35272135431028],[80.6509152348816,7.352719361406565],[80.65101488148466,7.352689635945036]]]]}}]}