{"type":"FeatureCollection","name":"SED_PPL_MWS_109","crs":{"type":"name","properties":{"name":"urn:ogc:def:crs:OGC:1.3:CRS84"}},"features":[{"type":"Feature","properties":{"GND_N":"Kahatagasthenna","GND_NO":"520","GND_C":"145","PROVINCE_N":"CENTRAL","PROVINCE_C":"2","DISTRICT_N":"KANDY","DISTRICT_C":"1","DSD_N":"POOJAPITIYA","DSD_C":"06","Admin_Code":"2106145","GND_NO_Cen":"520","GND_NAME_C":"Kahatagasthenna","GND_NO_Gaz":"520","GND_NAME_G":"කහටගස්තas","shape_1":"Polygon","Area__Ha_":100.590081593,"MWS_ID":"109","Alt_MWS":null,"Density":778.406767469,"Area":1.00590081269,"Total_Pop":783.0,"Field":0},"geometry":{"type":"MultiPolygon","coordinates":[[[[80.58108791571308,7.413281486949314],[80.58113032030796,7.413263782260544],[80.58115034892714,7.413247875439496],[80.58119847662809,7.413192100588244],[80.58125293643369,7.413159480291812],[80.58131310293331,7.413128127599848],[80.58137434518778,7.413122547804707],[80.58146194739257,7.413121862745204],[80.58153542826534,7.413096303347921],[80.58156633404361,7.413062133587351],[80.58160522983569,7.412991164285273],[80.5816175765154,7.412931395726905],[80.58164280058558,7.412841068504062],[80.58166141501998,7.412740608464108],[80.58166949141818,7.412711312808667],[80.58168371076897,7.412717196953057],[80.58184212990729,7.41277857749407],[80.58186894454516,7.412812541006195],[80.58191619068539,7.412872386256556],[80.58197974937941,7.412957598703838],[80.58204541599281,7.412987377816012],[80.58211588749487,7.41300495102052],[80.58219506570951,7.413001911873584],[80.58237307833058,7.413000724400533],[80.58245261392337,7.413011158469357],[80.58262083770587,7.413019278167458],[80.582857455705,7.413034754154413],[80.5829252908283,7.413073577945679],[80.58294367271519,7.413094386552527],[80.58294539324265,7.413096013224583],[80.58295118841035,7.413102164956245],[80.58296685295333,7.413119987299996],[80.58301670483286,7.413179496267249],[80.58301894127779,7.413182164912184],[80.58303672508634,7.413203394657391],[80.58305688920126,7.413165369631484],[80.58311182733236,7.413061762978969],[80.58314821395516,7.412914901211135],[80.58314753372039,7.412661012571564],[80.58314779665723,7.412652186756443],[80.58311447406051,7.412416094955582],[80.58320406604214,7.412308133773296],[80.58321830262693,7.412274469392912],[80.58331546251917,7.412087490463281],[80.58345868478118,7.411830723435745],[80.58362416857958,7.411726483671358],[80.58364843302148,7.411727396665875],[80.58375470804467,7.411702755386056],[80.58385420077023,7.411648269375426],[80.5839300984062,7.411584745552868],[80.58399058993996,7.41153411484239],[80.58400282573798,7.411520285304319],[80.58412000717242,7.411411548204213],[80.58417583587872,7.411354783420961],[80.58421933083932,7.411412468259948],[80.5843370804908,7.411367919190253],[80.58460871204528,7.411364552043252],[80.58490163695654,7.411371853733663],[80.58491144762147,7.411376859615848],[80.58519848454547,7.411528217482323],[80.58520845585335,7.411528347462041],[80.5856108495205,7.411642756220859],[80.58590755728095,7.411680646694544],[80.58588126176997,7.411553204732034],[80.5858992929918,7.411424609770171],[80.58593831196838,7.411263124585004],[80.58596235373088,7.41109266056087],[80.58597751577742,7.410670967481278],[80.5859775607082,7.410566288878482],[80.58598358153652,7.410500495761758],[80.5860466471971,7.410156582684285],[80.5860526744243,7.410075834315804],[80.58605573482737,7.409925339018741],[80.5860586480357,7.409839206946521],[80.58607163014943,7.409747335087783],[80.58610763399776,7.409628197681986],[80.58612062221515,7.409526277282554],[80.58613216170617,7.409445890271243],[80.58616096055937,7.40936120527831],[80.58622359201327,7.409226448472493],[80.58623168996154,7.409200966147365],[80.58630783152437,7.408936337343476],[80.5863524953442,7.408743989061316],[80.5864187369366,7.408543038363232],[80.58647779020943,7.408329162191417],[80.58654116344876,7.408105239308417],[80.58658435408513,7.407997591285339],[80.58664625059039,7.407862672221667],[80.58671966111173,7.407710745522881],[80.58675194370245,7.407639094683171],[80.58682620599915,7.407458890976845],[80.5868905447173,7.407171090746826],[80.58697528313533,7.406841336204234],[80.58699720773342,7.406646097972658],[80.58700727703959,7.406556424076967],[80.58698691429319,7.40652010429841],[80.58686807507087,7.406412864777863],[80.58678597642417,7.406352494275282],[80.5866250985673,7.406261068314271],[80.58654888991641,7.406230889311385],[80.58649280750724,7.406222251078949],[80.58643312560397,7.406220791418488],[80.58634907495984,7.406221498900349],[80.58620374195166,7.406228588955141],[80.58607646191206,7.40624791457207],[80.58599807572739,7.406265825030087],[80.58587726067988,7.406296638821685],[80.58582996794995,7.406322414552641],[80.58575210522564,7.40638702667498],[80.58565571143136,7.406481015056076],[80.58556795710258,7.406549884857746],[80.58549460032629,7.406576411707094],[80.58541836633823,7.406609397603998],[80.58535867944803,7.406619420551775],[80.58528173977751,7.406618669536905],[80.5851221178206,7.406598503941384],[80.58506028728063,7.406577661388952],[80.58483670177687,7.406477075361185],[80.5845807671065,7.406364989826729],[80.58441612490095,7.40630893210549],[80.58427665410669,7.406250730242603],[80.58412856032798,7.406173146448756],[80.58400634519636,7.406114951950078],[80.58392151298854,7.406077590473622],[80.58387694495175,7.406045270654239],[80.58385682938756,7.40600363177434],[80.58383815177338,7.405963427729104],[80.58381589175495,7.405890920669164],[80.5838001034586,7.405820571344164],[80.58377904641068,7.40575241627631],[80.58373474642447,7.405641096326076],[80.58368588795308,7.405552786933127],[80.58364492793426,7.405493911277],[80.58359965310311,7.405437185975298],[80.58353568459538,7.405371122047485],[80.58343728209792,7.405300675447078],[80.58336963360705,7.405251897335508],[80.58333010479328,7.405205941953311],[80.58329993325229,7.405142763777955],[80.58328341332086,7.405098972397312],[80.58327623538827,7.405070974079709],[80.58325971015323,7.405039385270787],[80.58321012596782,7.404968303262417],[80.58314689120903,7.404871373251367],[80.58310234581747,7.404789527768769],[80.58307360108722,7.404749319324739],[80.58305491987633,7.404715573730443],[80.58304127308091,7.404678960987842],[80.58302907104002,7.404632300330761],[80.5830211873226,7.404571284938566],[80.58301544988522,7.404536828757327],[80.58301258960829,7.404500219790808],[80.58301260742812,7.404459306718405],[80.58301910134817,7.404408347011121],[80.58302990351777,7.404370308855421],[80.58305581607081,7.404309307224128],[80.58307093239223,7.404272706961669],[80.58310907099921,7.404205251242105],[80.58315943059682,7.404147132253089],[80.58321913749393,7.404090453333012],[80.58327452647349,7.40404094993347],[80.58340687869607,7.403934775056306],[80.5835047069254,7.403847965170844],[80.58357448497352,7.403784112254755],[80.58361909174651,7.403724555602185],[80.58368160179532,7.403654366735951],[80.58379967027697,7.40350499002963],[80.58388096530663,7.403406688344956],[80.58390687799438,7.403344971358792],[80.58394431173346,7.403243779571727],[80.58395732694522,7.403082283270317],[80.58396385248652,7.402955954063251],[80.58399987000863,7.402803082017833],[80.58400491895527,7.402770784535903],[80.5839963628341,7.4025992294697],[80.58393750514644,7.40236305245523],[80.58392818306349,7.402303471568202],[80.58392677190805,7.402238151814427],[80.5839217627245,7.402182880857966],[80.58391889800048,7.402158474466964],[80.58387796319832,7.402037867944935],[80.58386361294707,7.401968954352867],[80.58385285512551,7.401902914357819],[80.58384352590501,7.401859842302266],[80.58383348235944,7.401807440310776],[80.58381004157796,7.401596287799348],[80.58380988167552,7.401511700738326],[80.58381277748376,7.401466482641994],[80.58381783021676,7.401421263668816],[80.58383006920886,7.401388969293098],[80.58386820837653,7.401319360360952],[80.58389554492543,7.401287070695139],[80.5839451863327,7.401227516170171],[80.58398384357947,7.401189409524838],[80.58403956640322,7.401133575176609],[80.58405731138978,7.401115877611523],[80.584071228152,7.401098024663606],[80.58410527367803,7.401053210658282],[80.58416475340498,7.400967581342258],[80.5841968910192,7.400918785792957],[80.58425828785694,7.400834591503963],[80.58427800235732,7.400799833414829],[80.58431921287645,7.400726950400688],[80.58433792689601,7.400686761576457],[80.58435376199738,7.400646572415376],[80.58436000961265,7.400611643034048],[80.58435268218383,7.400537594264575],[80.58416234139744,7.400493614054512],[80.58406535988077,7.400419931737114],[80.58400000202766,7.40027309008189],[80.58397880947598,7.400131342393684],[80.58398748948011,7.39993521958304],[80.58402616162171,7.399753648992915],[80.58399648260205,7.39955363652347],[80.58390631573329,7.399431078074565],[80.58367797793734,7.39938739776626],[80.58337561605633,7.399347068275699],[80.58309860874732,7.399336656470294],[80.5827196891231,7.399351516017608],[80.58262162879285,7.399272508427736],[80.58246694656953,7.399163378491243],[80.5823341618611,7.399036801493028],[80.58198891925834,7.398949111577456],[80.5811776107872,7.400079665745873],[80.58093993946295,7.40061692709686],[80.58070625357952,7.400736497352264],[80.58045704255873,7.401083768813538],[80.58000136747654,7.401749515611701],[80.57954980308288,7.402230809873635],[80.57958396404153,7.402486839372173],[80.57948709727512,7.402974446475901],[80.5795581166468,7.40334833742488],[80.57957052003053,7.403516194751324],[80.57957090357387,7.403525624017423],[80.57957141796241,7.40353824641127],[80.57957258203777,7.403566857049228],[80.57957349337863,7.403589313839743],[80.57961435312825,7.403782882021415],[80.57961832713472,7.403803673546252],[80.57962492505546,7.403817335854096],[80.57964148194473,7.403854486227644],[80.57964821429826,7.403871427572605],[80.57964832064121,7.40387471925775],[80.57977148537533,7.404109694405063],[80.57996944494441,7.404192477795358],[80.58014116175379,7.404197226863403],[80.58015661880505,7.40419574429526],[80.5802073986397,7.404194057536551],[80.58023875392684,7.404191060938968],[80.58027251340614,7.404188189285964],[80.58029507250511,7.404187104112078],[80.58063172174312,7.404192811757718],[80.58066587852312,7.404194925634625],[80.58068306561778,7.404195989402057],[80.58072010856833,7.404198136192861],[80.58073734697422,7.404193770586048],[80.58115564849909,7.404194810437765],[80.58170806502436,7.404376034391179],[80.58176861269077,7.404656467750249],[80.58180228003067,7.405091230126769],[80.58139725330322,7.405385739674497],[80.58139198233971,7.405401192694407],[80.58128827838392,7.405709054729802],[80.58128813903913,7.40572929372247],[80.5812746379119,7.406181806675631],[80.58127143614179,7.406386554209346],[80.58132475115737,7.406483307410745],[80.58125106452425,7.406701197855751],[80.58108700060022,7.407048674093873],[80.58106198884515,7.407175855092543],[80.58091321117422,7.407368210475141],[80.5808150340009,7.407547051617289],[80.5805902413346,7.407804025240998],[80.58001010028991,7.40811036324927],[80.57990606148157,7.408129400719289],[80.57985064143153,7.408116147317672],[80.57978252481938,7.408097488752504],[80.57970001244952,7.408064627275693],[80.57963969963727,7.408018661490795],[80.57956644565397,7.407942849113687],[80.57953620512971,7.407905306557848],[80.57939021250114,7.407817436666255],[80.57925227443364,7.407747654405339],[80.57918072594455,7.407707471080947],[80.57909787916229,7.407660915592071],[80.57905221041922,7.407635251332332],[80.57897169507828,7.407589549604716],[80.57883382302404,7.407575290117472],[80.57878671884862,7.407571110363315],[80.5786619868255,7.407546910301106],[80.57862765017934,7.407553496416547],[80.57853705513156,7.407564217302142],[80.57841249430176,7.407562443787202],[80.57826075106975,7.407572594852894],[80.5781892704336,7.407583595459074],[80.57808770655586,7.407610859987662],[80.5780269040986,7.407649535874382],[80.57798730814727,7.40766742329707],[80.57794055882042,7.407675993280313],[80.57788892277004,7.407675065972946],[80.57778574352699,7.407668147324318],[80.57767930698046,7.407654445883153],[80.57755693100891,7.407624730358264],[80.57750222404485,7.407607433878576],[80.57744824292648,7.40757955745392],[80.57738170752512,7.407473543339414],[80.57733327858216,7.407391411625337],[80.57731339597913,7.407284062809569],[80.57730253522986,7.407263621770784],[80.57724748209561,7.407186137880625],[80.57723517865976,7.407168821442],[80.57720521508223,7.407122326326853],[80.57712580246067,7.407042442377846],[80.57701231885459,7.406984878370757],[80.5769655837766,7.406963877782242],[80.57689250192576,7.406907597847185],[80.57688718338375,7.406901542107936],[80.57682042907949,7.406825545013887],[80.57671730616823,7.406695913188971],[80.57665654342985,7.406644341981841],[80.57660720148311,7.406578486204777],[80.57656617612297,7.406551972835461],[80.57652315193428,7.406540468069598],[80.57650508494376,7.406535802838383],[80.57647894822462,7.406529054104131],[80.57638358614948,7.406466163631891],[80.57632789697091,7.40641359902944],[80.57631486395343,7.406387097304786],[80.57629360415733,7.40632107324759],[80.57628357704333,7.406258129745996],[80.57629803417808,7.40614184378226],[80.57631563901721,7.406070412310068],[80.57632727346119,7.405986047627652],[80.57633020262108,7.405918858849581],[80.57632542699481,7.405888100695082],[80.57632270542327,7.405870566982792],[80.576293380305,7.405812858825158],[80.57619971175166,7.405787650184967],[80.57619510219159,7.405786409228006],[80.57612843097115,7.405777879783436],[80.57608405508039,7.405750730953705],[80.57607038523332,7.405730286814197],[80.57605691476802,7.405669512973176],[80.57604948881581,7.405619997621771],[80.57604444996971,7.405586402569661],[80.5760490666017,7.405395326910184],[80.57605410335779,7.405274967382448],[80.57606193381628,7.405184903025192],[80.57608061375706,7.405146025793402],[80.57611713708987,7.40511131724802],[80.5762160204114,7.405046866394732],[80.5763920929335,7.405051826860605],[80.57641157606298,7.405051842840794],[80.57643754722714,7.405051865349253],[80.57656972498708,7.405001388070427],[80.57658306911031,7.404988744762699],[80.57672276781355,7.404818941716468],[80.57673608399442,7.404793877885413],[80.5767426645111,7.404787653851865],[80.57676248949103,7.404762741241115],[80.57686210905985,7.404539223087685],[80.57691410463208,7.404388371809188],[80.57694713971689,7.40433241700243],[80.5769705029282,7.40431392465826],[80.57697311506675,7.404310927181662],[80.57698093063438,7.404301961871306],[80.57703198298319,7.404254263205215],[80.57703951817786,7.404248315404264],[80.57707722984003,7.404183464405897],[80.57708714295491,7.404161492637208],[80.57708527414444,7.404100833429727],[80.57701504151896,7.404065311101344],[80.57700766602694,7.404016207237559],[80.5768581981001,7.403912775672881],[80.57675495209378,7.403941493276252],[80.5767382444141,7.403962205021537],[80.57672712693068,7.403977055815546],[80.57667685921024,7.404119139794615],[80.57667108125705,7.404137601121426],[80.57667117269396,7.40414377298292],[80.5766565190818,7.404177661238688],[80.57659633136821,7.40433268033116],[80.5765908698419,7.404354555516004],[80.57658514890564,7.404367083780649],[80.5765823690086,7.404376486308431],[80.57649451245805,7.404525444139195],[80.57627687641777,7.404577409476975],[80.57613791912705,7.404601549621464],[80.5761260681664,7.404607623876785],[80.57599397496666,7.404601373672923],[80.57586059105431,7.404634825964174],[80.5758487350637,7.404644003753522],[80.57576540064306,7.404702331306921],[80.57575942486356,7.404705408648061],[80.57564058386673,7.404829685864323],[80.57553209772337,7.404936806890685],[80.57552614801754,7.404946316497417],[80.57539733709909,7.405061451238454],[80.57526339702277,7.40511837590397],[80.57514339980142,7.405124861582976],[80.57510588157706,7.405179860188817],[80.57497531480973,7.405382942211339],[80.5749653779395,7.40540706433335],[80.57496170444188,7.405413231779047],[80.57484581651866,7.405658653198265],[80.57476382402699,7.405789422494543],[80.57475095641162,7.405785935131195],[80.57472062004545,7.40584891645779],[80.57468656657625,7.4058744374511],[80.57462809479178,7.405869625438005],[80.5745034210455,7.405924059108587],[80.5744271070385,7.405978163804498],[80.57442726987745,7.405984626880782],[80.57441378481514,7.406091796102029],[80.57442045997773,7.406096680517597],[80.57439550209789,7.406224850423695],[80.5744080691319,7.406327507264309],[80.57441009549449,7.406333777666173],[80.5744131490572,7.406388025949324],[80.5744686907642,7.406429696666581],[80.57468722634248,7.406497819524391],[80.57478820254026,7.406587529788118],[80.57491392952629,7.406564084930107],[80.57502598923024,7.406574475321846],[80.57503028591952,7.406574468221267],[80.57505179910608,7.406580764610827],[80.57506468368886,7.406582850315098],[80.57524160087831,7.406630265610919],[80.57548160259802,7.406689066348183],[80.57570539298412,7.40673852189445],[80.57573844332265,7.406803858597688],[80.57591786928593,7.407051462357142],[80.57592838196246,7.407056161288673],[80.57605184776531,7.407135366242242],[80.57632636340382,7.40746841340367],[80.57643526941348,7.407950428507303],[80.57643523984727,7.407959751784509],[80.57637313852659,7.408224677161241],[80.57644982285909,7.408237708136887],[80.57691350006489,7.408362166327231],[80.57719323443283,7.408381915667418],[80.57745152172602,7.408350743392023],[80.57750012460846,7.408340161327575],[80.57755219597112,7.408760693030886],[80.57743223757485,7.409017847426692],[80.577228459204,7.409113461579874],[80.5767142824954,7.409292587535267],[80.57669972791551,7.409311351476896],[80.57669038422142,7.409315772005944],[80.57660263950557,7.409433468344233],[80.57659761105229,7.409443009121804],[80.57652125636969,7.409538321092683],[80.57635983531759,7.409788070267154],[80.57652813253372,7.409969940951751],[80.57657875263813,7.409978420646283],[80.57663102177564,7.410050662067781],[80.57663052667102,7.410146285700762],[80.57661586296307,7.410198096174758],[80.57661254908302,7.410194225206048],[80.57657923318084,7.410146464341721],[80.57654146746239,7.41012284527103],[80.57645387812553,7.410094320628532],[80.57638160460793,7.410056578128285],[80.57631666909819,7.410014499198609],[80.57625916634068,7.409966908300767],[80.57624894154107,7.40994040783809],[80.57614597409054,7.409864581553689],[80.57608058915629,7.409816805324956],[80.57599689642169,7.409787829295283],[80.5759057706372,7.409767079899096],[80.57579653982106,7.409721364669049],[80.57568766295219,7.409690298259382],[80.57568748360966,7.40969023849503],[80.57549518701424,7.409625643834731],[80.57544328774694,7.409607354545003],[80.57542787314613,7.40959667508946],[80.57539012770792,7.409570525712918],[80.57530001198981,7.409524003317108],[80.57522583027301,7.40949747484725],[80.57514505037744,7.409436035758604],[80.57514182892538,7.409547986116031],[80.57518781936129,7.409613297053402],[80.57525002401897,7.40967997175487],[80.57527610946191,7.409692281960314],[80.57529830534222,7.409695714744832],[80.57530074840248,7.40969609113095],[80.57532637809872,7.40971057234175],[80.57536132504646,7.409761047824442],[80.57537490045146,7.409788182825998],[80.57537133492323,7.409859890964547],[80.57536033607363,7.40994036831958],[80.57534753876848,7.409993354271483],[80.5753394305841,7.410004038481471],[80.57530094911294,7.410054735816176],[80.57528644273924,7.410076884509471],[80.57522782376375,7.410093768358085],[80.5751511633938,7.410137139004936],[80.57511681300326,7.410173476165221],[80.5750759323594,7.410228801484154],[80.57502798935677,7.410273903254724],[80.57494715478113,7.410334636262901],[80.57492395815733,7.410346471135948],[80.57491008946863,7.410364731633006],[80.57490455312066,7.410387426949508],[80.57490500007553,7.410398641322722],[80.57490816813052,7.410408408245708],[80.57492138855474,7.410419266681197],[80.57493769181964,7.410424065921514],[80.57497646387031,7.410427882410173],[80.57500825985166,7.410430971399169],[80.575146067093,7.410453922341654],[80.57516723476155,7.410457448715527],[80.57521423409023,7.410493641784232],[80.57525271457088,7.410539144340955],[80.57531889545116,7.410631684591678],[80.57533970516455,7.410691467936296],[80.57535478785476,7.410790947275268],[80.57535857804676,7.410825220889723],[80.57539606279855,7.410865117255792],[80.57545473236904,7.410940743765967],[80.5754800732537,7.410995012945429],[80.57548158927723,7.411002049050186],[80.57549254859207,7.411052892596166],[80.57548291605269,7.411118901835154],[80.5754638648294,7.411176768161337],[80.57544706625447,7.411263392106248],[80.57544712956647,7.411325608582546],[80.57546966169971,7.411380869411011],[80.57551248753725,7.411433249267535],[80.57556002968792,7.411473331017953],[80.57557821091505,7.41148421337583],[80.57561219509599,7.411504552751013],[80.5756977949213,7.411561880292598],[80.57575419885838,7.411599658255509],[80.57581424913155,7.411629345312315],[80.57586469019108,7.41166554077012],[80.57591893598284,7.411707975767611],[80.57594564036859,7.411752208757431],[80.57598693020695,7.411793824046447],[80.57604361205946,7.411858236320017],[80.57606505793439,7.411911869802754],[80.57607446495334,7.411943887008224],[80.57624817083168,7.411847386365278],[80.57628660420527,7.411801013274465],[80.57629047852775,7.411797573266645],[80.57633853280403,7.411754917534013],[80.57636344905832,7.411744709285345],[80.57642641456636,7.411736327625293],[80.5765351330865,7.41171594027191],[80.57663174518223,7.411701187551457],[80.57685749628487,7.412080036795853],[80.57710407857468,7.41210147327104],[80.57729933679407,7.412005091282877],[80.5773042341047,7.41200519837161],[80.57755970307245,7.412075809651014],[80.57771385692675,7.412340138124945],[80.57754737235834,7.412575672613276],[80.57756121960627,7.412586972548981],[80.5780090246955,7.412853057931549],[80.57802055148147,7.412861286734917],[80.57840649250359,7.413169438213531],[80.57853915680371,7.413314690939736],[80.57862766270596,7.413418576891398],[80.57871790494882,7.413391127296333],[80.57877680000652,7.413365290592582],[80.57885897218111,7.41335447552303],[80.57894494339442,7.413352614651974],[80.5791379924607,7.413355593100082],[80.57922061466694,7.41334930054622],[80.57932787557283,7.413347900276356],[80.57941221977633,7.413339890287239],[80.5794610486817,7.413339639703525],[80.57953462374148,7.413306303738374],[80.57958427270077,7.413295385525919],[80.57966037798984,7.413278326174734],[80.57971383301954,7.413283005116024],[80.5797164510107,7.413283234155525],[80.57987851454583,7.413293524288044],[80.5799277006035,7.413305032369514],[80.57994916139928,7.413326202365493],[80.57997631604051,7.413377667879847],[80.58001566712238,7.41341662422434],[80.58002593840989,7.41342679394603],[80.580074010993,7.413499971784028],[80.58013123668321,7.41356148823728],[80.58019500760768,7.413573906113248],[80.58025452486963,7.41357492797781],[80.58049024343454,7.413578195934041],[80.58049250946024,7.413575393614368],[80.58065888137993,7.413471382364066],[80.5807585650701,7.413396459162227],[80.58080885305918,7.4133744173499],[80.58087037059506,7.413360971276259],[80.58096632076845,7.413329633447898],[80.58106394375204,7.413290978770231],[80.58108791571308,7.413281486949314]]]]}},{"type":"Feature","properties":{"GND_N":"Ankumbura North","GND_NO":"533","GND_C":"045","PROVINCE_N":"CENTRAL","PROVINCE_C":"2","DISTRICT_N":"KANDY","DISTRICT_C":"1","DSD_N":"POOJAPITIYA","DSD_C":"06","Admin_Code":"2106045","GND_NO_Cen":"533","GND_NAME_C":"Ankumbura North","GND_NO_Gaz":"533","GND_NAME_G":"අංකුඹුර a","shape_1":"Polygon","Area__Ha_":92.6277470503,"MWS_ID":"109","Alt_MWS":null,"Density":1289.0306003,"Area":0.92627746752,"Total_Pop":1194.0,"Field":0},"geometry":{"type":"MultiPolygon","coordinates":[[[[80.5797090240662,7.438215176569414],[80.57971718832408,7.438205677859112],[80.5797611803163,7.438154495283335],[80.57984680306566,7.438022152602031],[80.58000474424249,7.437778030385084],[80.58021156110964,7.437458360510117],[80.58024091725919,7.437412995973074],[80.58063722325561,7.43694802974179],[80.58064862528738,7.436934651207373],[80.58107475266387,7.436474271631906],[80.58122418717267,7.436312823973466],[80.5816798961424,7.435690944266834],[80.58211159190576,7.435164757790886],[80.58223799650054,7.435010676013587],[80.58232745526973,7.434901629120318],[80.58244740637076,7.434638527159876],[80.58271672225442,7.434376174009711],[80.58276928750745,7.434324968624853],[80.58296064115804,7.434138586400634],[80.58295819010904,7.434135437481035],[80.582950992919,7.434127759591471],[80.58293089693787,7.434100922204292],[80.58252582758716,7.433810629498823],[80.58250010898018,7.433788608625762],[80.58245370588698,7.433755550835038],[80.58171656398198,7.43287774809339],[80.58169470942906,7.432845293303695],[80.5816899971213,7.432811301495553],[80.58168493099164,7.432788736205569],[80.58142218516242,7.432369483709886],[80.58121718675338,7.432096716999393],[80.58121760369352,7.432077780338051],[80.58123866323851,7.431985912304201],[80.58126134706025,7.431902456736167],[80.5812689674203,7.431881028290077],[80.58127990805576,7.431857636269572],[80.58133616185403,7.431737364410286],[80.58133699191981,7.431704006230573],[80.58133828131828,7.431652121957486],[80.58133948217312,7.431603802376938],[80.5813308980509,7.431550897338237],[80.5812352788842,7.431441073886345],[80.5811270543219,7.431358011103931],[80.58100248886058,7.431244849779318],[80.5809772700498,7.431221939214579],[80.58097057448055,7.43120276521022],[80.58096895419423,7.431179163297501],[80.58097086922166,7.4311528482466],[80.58097287834426,7.431114507015581],[80.58097397067802,7.431102751659078],[80.58094425490556,7.431102015143903],[80.58089089550928,7.431101540410123],[80.58085338718817,7.431105954940251],[80.58078616268085,7.431112616210987],[80.58071368978992,7.431103361372372],[80.58065589367656,7.43109736755036],[80.58062645406368,7.431090843646661],[80.58061722318463,7.431066604466642],[80.58061815097008,7.431019310239007],[80.58061573028905,7.430959896075499],[80.58061094685397,7.430916939946314],[80.58055807490616,7.430840685453581],[80.58050166977634,7.430758279284712],[80.58048872886515,7.430726261526901],[80.58048492794445,7.430719115918237],[80.58047795703035,7.430705999658555],[80.58044898969982,7.430653900380157],[80.58042698745507,7.430626038379831],[80.58042571980627,7.430624500518626],[80.58034550001848,7.430517576516948],[80.5803207914398,7.430463760045503],[80.58025920701645,7.430416258257506],[80.58024659632089,7.430405765576475],[80.58020613795253,7.430372104306807],[80.58017408797822,7.430323530400287],[80.58015201288373,7.430257777482935],[80.58015210731246,7.43025117616996],[80.58014984536786,7.430244573815678],[80.58014984564821,7.430243941713478],[80.58014930288138,7.430242131979006],[80.58013128741257,7.430213005713055],[80.58007549580383,7.430179523035556],[80.5800615558854,7.430151121100399],[80.58005433111,7.430101744294523],[80.58003403248586,7.430017896306151],[80.57997303537249,7.429765943548581],[80.57993509229168,7.429729573195068],[80.5798445118788,7.429697160253218],[80.57975835322209,7.429681483233073],[80.57974772602262,7.429670218244199],[80.57972706963072,7.429643432013182],[80.57969979205934,7.429630032747341],[80.57967250633857,7.429616628050497],[80.57966555009045,7.429603219697631],[80.57950672700979,7.429435258780505],[80.57948495628456,7.429367852010034],[80.57944227905959,7.429280006131489],[80.57940586024993,7.429171545999183],[80.57939176372774,7.429151168689482],[80.57902265373494,7.428716599505458],[80.57899974263223,7.42868146288249],[80.57859470808886,7.428378818573049],[80.57775056006378,7.42815683711032],[80.57773328095423,7.428102398954914],[80.57771828322004,7.428015218196873],[80.57769358781891,7.427929027824984],[80.57768763477365,7.427870699030316],[80.57766919607684,7.427977669800131],[80.5775786417286,7.428092112137671],[80.5776077158839,7.42810695649401],[80.57763379953164,7.428123787151057],[80.57763750335434,7.428127107571444],[80.57767692779224,7.428162441551875],[80.57768922195262,7.42817345774904],[80.57772607168117,7.428220950629969],[80.57773011904362,7.428286423406871],[80.57771232686856,7.428363822206644],[80.5776580173653,7.42846245650746],[80.57764378236972,7.428488404312003],[80.57762247669454,7.42852393267144],[80.57760162455685,7.428558196123857],[80.57758403239777,7.428595626067136],[80.57758094982692,7.428600869598943],[80.57752745824439,7.428691637784355],[80.5775105924561,7.428725449964796],[80.5774667182312,7.428786290280643],[80.57741823889428,7.428809237660484],[80.57733316196182,7.42883035913977],[80.57718166062045,7.428942994412984],[80.57716115192606,7.428962852576375],[80.57707079900925,7.429033617436022],[80.57701804713284,7.429088845282223],[80.57694491342002,7.429143703155584],[80.57689343315064,7.429193598024876],[80.57683750030544,7.429271251840402],[80.57675808718496,7.429386875485341],[80.57668729329632,7.429474197652009],[80.5766416193497,7.429505647482282],[80.57656332691526,7.42954476823537],[80.57649699450891,7.429588517113684],[80.5764945459089,7.42959013198672],[80.57640999595117,7.429643538660482],[80.57640826227356,7.429672928371411],[80.57643487441321,7.42972321825162],[80.57644517855755,7.429775581571024],[80.57646143179907,7.429892694185283],[80.57646131347386,7.429958074659515],[80.57645790697946,7.430082663271292],[80.5764566145528,7.430129979019858],[80.57644626949417,7.430168135610112],[80.57637330608476,7.430244516581453],[80.57632890330855,7.430269455120365],[80.57625533335009,7.430284704554225],[80.57622697330542,7.430293191240095],[80.57617141854587,7.430337567981716],[80.57614056038027,7.430370989468824],[80.57610081139501,7.430414038589039],[80.57596557303962,7.430570149305528],[80.57593748057177,7.430585872260981],[80.57582670901846,7.430726167910152],[80.575758454713,7.430808157528858],[80.57575217093614,7.430882305967974],[80.575751044298,7.430967400514015],[80.57575012219274,7.431005018765402],[80.57574092402632,7.431110997067135],[80.57572142549462,7.431154395314797],[80.57568253834918,7.431204566104976],[80.57561030292621,7.431273169428295],[80.57553735158572,7.431320250197057],[80.57548008326513,7.431339153891742],[80.57545335822908,7.431347974046003],[80.57526624362022,7.4314244821971],[80.57520887507486,7.431472475167618],[80.5751941041213,7.431481149705049],[80.57511245705203,7.431526961352427],[80.57503533725445,7.431578198997933],[80.57495728904533,7.431676731732472],[80.57489174857979,7.431766859282541],[80.57478660116887,7.431891877331401],[80.57473130968928,7.43195216778031],[80.5746970290553,7.432014422852881],[80.57464453908214,7.432109746943277],[80.57463368498662,7.432131323910481],[80.57460146727124,7.432195363181292],[80.57455223702765,7.432274468404914],[80.57448803897506,7.432398417123657],[80.57446277464493,7.432452021270294],[80.57446214212713,7.432454361297463],[80.57442978540833,7.432600500508393],[80.57442242942872,7.432639382741161],[80.5743465507176,7.432749671269795],[80.57429996035565,7.432802912119318],[80.57425998067748,7.432862215652771],[80.57425068712715,7.432977781193995],[80.57424522441246,7.433036829153174],[80.57422971837333,7.43306792983086],[80.57419731400623,7.433125795361175],[80.57419372258776,7.433132207887837],[80.57417366994396,7.433198121839456],[80.57416947207456,7.433266757705688],[80.57418363107952,7.433348363190563],[80.57418591803024,7.43336153438073],[80.57420445926869,7.433429002308671],[80.5742071279795,7.433536524166695],[80.57420355640213,7.433628335582521],[80.57420272767332,7.43364965033577],[80.57419644466903,7.43371547922457],[80.57412908922018,7.433811303776016],[80.57408539479789,7.433871057742646],[80.57408206505545,7.433877770613117],[80.57405320364882,7.433935972332642],[80.57404585534451,7.433971812511542],[80.57403813113511,7.434009483715625],[80.5740142717933,7.43407892357383],[80.57395697849476,7.434161368217405],[80.57388927312046,7.4342475292749],[80.57388835757067,7.434248693588719],[80.57374133400428,7.43441546794516],[80.57366220707307,7.43449980250024],[80.57361924401474,7.43454092828002],[80.57359839392396,7.434571392578863],[80.57356340377062,7.434613426290397],[80.57352051805974,7.434693257714306],[80.57351097093253,7.434715288297499],[80.57349548529947,7.43475103069796],[80.57346194522192,7.43479577704308],[80.57338283421677,7.434839237434065],[80.5733184054415,7.434872214711403],[80.57326683479025,7.434917315412172],[80.57318783263608,7.435029389170148],[80.57318660698029,7.435031129376062],[80.57312105822018,7.435133466410482],[80.57306548739336,7.435212746684997],[80.5729993147328,7.435290665650952],[80.5728800359899,7.435413053356844],[80.57283154470079,7.435459874479251],[80.57277561219851,7.435535446035941],[80.57276719610283,7.435548631310418],[80.57273209383223,7.435603609875599],[80.57271938798604,7.435652255995552],[80.57269241607244,7.435793131801931],[80.57268813392596,7.435847477938417],[80.5726459599545,7.43594907234517],[80.57262673224359,7.43599539323823],[80.57260342049558,7.436047528677059],[80.57257902953572,7.436102078085114],[80.57255891688636,7.436155826443295],[80.57255598974386,7.436163649054876],[80.57255378912804,7.436220710836992],[80.57256229331942,7.436246395803703],[80.57260394555212,7.436294071256528],[80.57264858546485,7.436346088691187],[80.57265423520111,7.436422404699984],[80.57265722888988,7.436462836178205],[80.57265365250532,7.436556430827014],[80.57264365733738,7.436620630243463],[80.5726187181626,7.436677317152043],[80.57257221273285,7.436739511253339],[80.5725140263319,7.436790758922834],[80.57249300495137,7.436815065741941],[80.5724679788918,7.436844001611457],[80.57245934620862,7.43690241416351],[80.57248704495997,7.436953790820922],[80.57248920558752,7.436987381832635],[80.57249100192377,7.437015285568872],[80.57248517944522,7.437068003261493],[80.5724586144676,7.437111937955077],[80.57241799307013,7.43718815221043],[80.572376727868,7.437281275567665],[80.57234200242286,7.437341847327363],[80.5721765024652,7.437493692647298],[80.57216879969687,7.437500150285436],[80.57211559811148,7.43754475724467],[80.57206773619214,7.437603243054615],[80.57203690119474,7.437672949049001],[80.57200178862792,7.437784885428552],[80.57198472375997,7.437855682915457],[80.57190376041416,7.437986949152922],[80.571872356189,7.438033653238273],[80.5718666809441,7.438042094018719],[80.57181637034752,7.438107904357961],[80.5717587263504,7.438159151264009],[80.57168958057646,7.438205689619616],[80.57161636621515,7.438232422943063],[80.57154341849471,7.438268291559146],[80.571503106633,7.438301591668609],[80.57148532297262,7.438316281855319],[80.57146028653712,7.438386805251324],[80.57144761330116,7.438561961216094],[80.57144126658314,7.438766057521483],[80.57143806402233,7.438836320617616],[80.57142682201743,7.438877059309519],[80.57141827888928,7.438908021113345],[80.57139134285639,7.438972122230439],[80.57133730328543,7.439066867299096],[80.5713006766346,7.439122013224295],[80.57127666123868,7.439139634954678],[80.57120797321407,7.43917351603172],[80.57110728776502,7.439241561902431],[80.57105689812666,7.43928196143846],[80.57103634095445,7.439293379488593],[80.57098304182551,7.43932298220327],[80.57100350610928,7.439343790449091],[80.57100801445998,7.439351034125576],[80.57104976830216,7.439418143957127],[80.5710270230544,7.439426001691147],[80.57096439870875,7.439475255826173],[80.57092822882933,7.439522081517158],[80.5709216819408,7.439526765441673],[80.5708067887534,7.439608928830151],[80.57072775516545,7.439680240104137],[80.5706931208012,7.439736923294059],[80.57063855296174,7.439796310116802],[80.57055979013406,7.439873592539284],[80.5704872839824,7.439931251048948],[80.57068913977291,7.440000090975676],[80.5711374308438,7.440152974292703],[80.57129020658853,7.440193145902577],[80.57132271947101,7.440192349785472],[80.57134437871969,7.44019182084061],[80.57142573444676,7.440184651221816],[80.57143695931424,7.440178984675504],[80.57145308208453,7.440178672910195],[80.57262556561787,7.439673639357276],[80.5730575009242,7.439863504295962],[80.57332422353414,7.4399560707064],[80.57336472277888,7.439950753910614],[80.5734431894133,7.439929538904619],[80.5735136948109,7.439883724338819],[80.57357496700351,7.439819185740186],[80.57362373730243,7.439757534254935],[80.57363356199785,7.439748819539468],[80.57368364618806,7.439704390031006],[80.57372651112607,7.439676827735007],[80.57380978355445,7.439646391054664],[80.57384801378427,7.439649935263017],[80.57388315833637,7.439665233887106],[80.57388515543336,7.439666461926523],[80.57395307938525,7.439708219793152],[80.57403757211911,7.439784671231785],[80.5741002303498,7.43985867200576],[80.57416715202537,7.439924895974213],[80.57418826637115,7.439949005048321],[80.57444488118932,7.439857657103711],[80.57456830705118,7.439852975687155],[80.5746941691033,7.439848201297433],[80.5747066259308,7.439828878571783],[80.5747190845696,7.439809554942275],[80.57474400093786,7.439770907681642],[80.5747493363391,7.43976263038696],[80.57479796808802,7.439744163288765],[80.57483203476326,7.439727281124632],[80.57487302912884,7.439706966690633],[80.57494809196956,7.439669769175941],[80.57507893516586,7.439604930078753],[80.57508740990008,7.439600274999862],[80.57512368397046,7.439580352671995],[80.57513592303653,7.439573630274439],[80.57545394378896,7.439398964381026],[80.57550923611844,7.439368596086609],[80.57557376256416,7.439333135361808],[80.57563834301858,7.439312381194195],[80.57590212583749,7.439227613469092],[80.57590224080555,7.439221820609987],[80.57610232676372,7.439125099938692],[80.57611748691609,7.439117770241932],[80.57640886973375,7.439137293402986],[80.57670025167744,7.439156813659904],[80.57683885513418,7.439151846350949],[80.57701508492426,7.439145528619363],[80.57754072020974,7.439126685766889],[80.57794442571596,7.43911221427895],[80.57797264523772,7.439111202337348],[80.57800077571954,7.439106722384],[80.57855103784388,7.439019094220074],[80.5787129870377,7.438996075256856],[80.57875527808996,7.438972648452309],[80.57892124611891,7.438880711282897],[80.57903019404228,7.438702232994863],[80.57928154845602,7.438656731223375],[80.57931560158025,7.438627017662706],[80.5794733871318,7.438489332891549],[80.57962532839159,7.438312553708385],[80.5797090240662,7.438215176569414]]]]}},{"type":"Feature","properties":{"GND_N":"Ankumbura South","GND_NO":"532","GND_C":"040","PROVINCE_N":"CENTRAL","PROVINCE_C":"2","DISTRICT_N":"KANDY","DISTRICT_C":"1","DSD_N":"POOJAPITIYA","DSD_C":"06","Admin_Code":"2106040","GND_NO_Cen":"532","GND_NAME_C":"Ankumbura South","GND_NO_Gaz":"532","GND_NAME_G":"අංකුඹුර a","shape_1":"Polygon","Area__Ha_":67.8718151107,"MWS_ID":"109","Alt_MWS":null,"Density":1516.09324376,"Area":0.67871814892,"Total_Pop":1029.0,"Field":0},"geometry":{"type":"MultiPolygon","coordinates":[[[[80.56840518506723,7.442439604303286],[80.5684950612409,7.442431960860794],[80.56856654121852,7.442434797683987],[80.56864889619536,7.442430585193431],[80.56874584198776,7.442418423542071],[80.56882837996895,7.442408423621685],[80.56887324769593,7.442361512666321],[80.56889726477945,7.44234280411519],[80.56896739594936,7.442325928439845],[80.56908147802844,7.442292891867401],[80.56918529039523,7.442262830114814],[80.56917263669335,7.44224346145593],[80.56916741492674,7.442173376223039],[80.56917125322788,7.442102571789051],[80.56918523396715,7.442041265374204],[80.56921545207676,7.441934392835715],[80.56923851264092,7.441832127946064],[80.56927361976437,7.441734028434614],[80.56931716998399,7.441596505638604],[80.56936109486955,7.441434657499395],[80.56936892369845,7.441356622378892],[80.56939196975517,7.441281305435627],[80.56942641744537,7.441240808232801],[80.56948886182323,7.441189835182984],[80.56957723673592,7.441098542698675],[80.57013947232653,7.441112062416865],[80.57014112390533,7.441075203249389],[80.57014407884175,7.440953668387979],[80.57014432636018,7.440856228090023],[80.57014441296029,7.44082209373698],[80.57015269856521,7.440770547394908],[80.5701650383774,7.440693783076625],[80.57019027506757,7.440585099551495],[80.57022031698958,7.440470629870698],[80.5702759197572,7.440325425159173],[80.57030242753697,7.440210773873348],[80.57034588260872,7.440083922486525],[80.57040434983502,7.440014770231437],[80.5704872839824,7.439931251048948],[80.57055979013406,7.439873592539284],[80.57063855296174,7.439796310116802],[80.5706931208012,7.439736923294059],[80.57072775516545,7.439680240104137],[80.5708067887534,7.439608928830151],[80.5709216819408,7.439526765441673],[80.57092822882933,7.439522081517158],[80.57096439870875,7.439475255826173],[80.5710270230544,7.439426001691147],[80.57104976830216,7.439418143957127],[80.57100801445998,7.439351034125576],[80.57100350610928,7.439343790449091],[80.57098304182551,7.43932298220327],[80.57103634095445,7.439293379488593],[80.57105689812666,7.43928196143846],[80.57110728776502,7.439241561902431],[80.57120797321407,7.43917351603172],[80.57127666123868,7.439139634954678],[80.5713006766346,7.439122013224295],[80.57133730328543,7.439066867299096],[80.57139134285639,7.438972122230439],[80.57141827888928,7.438908021113345],[80.57142682201743,7.438877059309519],[80.57143806402233,7.438836320617616],[80.57144126658314,7.438766057521483],[80.57144761330116,7.438561961216094],[80.57146028653712,7.438386805251324],[80.57148532297262,7.438316281855319],[80.571503106633,7.438301591668609],[80.57154341849471,7.438268291559146],[80.57161636621515,7.438232422943063],[80.57168958057646,7.438205689619616],[80.5717587263504,7.438159151264009],[80.57181637034752,7.438107904357961],[80.5718666809441,7.438042094018719],[80.571872356189,7.438033653238273],[80.57190376041416,7.437986949152922],[80.57198472375997,7.437855682915457],[80.57200178862792,7.437784885428552],[80.57203690119474,7.437672949049001],[80.57206773619214,7.437603243054615],[80.57211559811148,7.43754475724467],[80.57216879969687,7.437500150285436],[80.5721765024652,7.437493692647298],[80.57234200242286,7.437341847327363],[80.572376727868,7.437281275567665],[80.57241799307013,7.43718815221043],[80.5724586144676,7.437111937955077],[80.57248517944522,7.437068003261493],[80.57249100192377,7.437015285568872],[80.57248920558752,7.436987381832635],[80.57248704495997,7.436953790820922],[80.57245934620862,7.43690241416351],[80.5724679788918,7.436844001611457],[80.57249300495137,7.436815065741941],[80.5725140263319,7.436790758922834],[80.57257221273285,7.436739511253339],[80.5726187181626,7.436677317152043],[80.57264365733738,7.436620630243463],[80.57265365250532,7.436556430827014],[80.57265722888988,7.436462836178205],[80.57265423520111,7.436422404699984],[80.57264858546485,7.436346088691187],[80.57260394555212,7.436294071256528],[80.57256229331942,7.436246395803703],[80.57255378912804,7.436220710836992],[80.57255598974386,7.436163649054876],[80.57255891688636,7.436155826443295],[80.57257902953572,7.436102078085114],[80.57260342049558,7.436047528677059],[80.57262673224359,7.43599539323823],[80.5726459599545,7.43594907234517],[80.57268813392596,7.435847477938417],[80.57269241607244,7.435793131801931],[80.57271938798604,7.435652255995552],[80.57273209383223,7.435603609875599],[80.57276719610283,7.435548631310418],[80.57277561219851,7.435535446035941],[80.57283154470079,7.435459874479251],[80.5728800359899,7.435413053356844],[80.5729993147328,7.435290665650952],[80.57306548739336,7.435212746684997],[80.57312105822018,7.435133466410482],[80.57318660698029,7.435031129376062],[80.57318783263608,7.435029389170148],[80.57326683479025,7.434917315412172],[80.5733184054415,7.434872214711403],[80.57338283421677,7.434839237434065],[80.57346194522192,7.43479577704308],[80.57349548529947,7.43475103069796],[80.57351097093253,7.434715288297499],[80.57352051805974,7.434693257714306],[80.57356340377062,7.434613426290397],[80.57359839392396,7.434571392578863],[80.57361924401474,7.43454092828002],[80.57366220707307,7.43449980250024],[80.57374133400428,7.43441546794516],[80.57388835757067,7.434248693588719],[80.57388927312046,7.4342475292749],[80.57395697849476,7.434161368217405],[80.5740142717933,7.43407892357383],[80.57403813113511,7.434009483715625],[80.57404585534451,7.433971812511542],[80.57405320364882,7.433935972332642],[80.57408206505545,7.433877770613117],[80.57408539479789,7.433871057742646],[80.57412908922018,7.433811303776016],[80.57419644466903,7.43371547922457],[80.57420272767332,7.43364965033577],[80.57420355640213,7.433628335582521],[80.5742071279795,7.433536524166695],[80.57420445926869,7.433429002308671],[80.57418591803024,7.43336153438073],[80.57418363107952,7.433348363190563],[80.57416947207456,7.433266757705688],[80.57417366994396,7.433198121839456],[80.57419372258776,7.433132207887837],[80.57419731400623,7.433125795361175],[80.57422971837333,7.43306792983086],[80.57424522441246,7.433036829153174],[80.57425068712715,7.432977781193995],[80.57425998067748,7.432862215652771],[80.57429996035565,7.432802912119318],[80.5743465507176,7.432749671269795],[80.57442242942872,7.432639382741161],[80.57442978540833,7.432600500508393],[80.57446214212713,7.432454361297463],[80.57446277464493,7.432452021270294],[80.57448803897506,7.432398417123657],[80.57455223702765,7.432274468404914],[80.57460146727124,7.432195363181292],[80.57463368498662,7.432131323910481],[80.57464453908214,7.432109746943277],[80.5746970290553,7.432014422852881],[80.57473130968928,7.43195216778031],[80.57478660116887,7.431891877331401],[80.57489174857979,7.431766859282541],[80.57495728904533,7.431676731732472],[80.57503533725445,7.431578198997933],[80.57511245705203,7.431526961352427],[80.5751941041213,7.431481149705049],[80.57520887507486,7.431472475167618],[80.57526624362022,7.4314244821971],[80.57545335822908,7.431347974046003],[80.57548008326513,7.431339153891742],[80.57553735158572,7.431320250197057],[80.57561030292621,7.431273169428295],[80.57568253834918,7.431204566104976],[80.57572142549462,7.431154395314797],[80.57574092402632,7.431110997067135],[80.57575012219274,7.431005018765402],[80.575751044298,7.430967400514015],[80.57575217093614,7.430882305967974],[80.575758454713,7.430808157528858],[80.57582670901846,7.430726167910152],[80.57593748057177,7.430585872260981],[80.57596557303962,7.430570149305528],[80.57610081139501,7.430414038589039],[80.57614056038027,7.430370989468824],[80.57617141854587,7.430337567981716],[80.57622697330542,7.430293191240095],[80.57625533335009,7.430284704554225],[80.57632890330855,7.430269455120365],[80.57637330608476,7.430244516581453],[80.57644626949417,7.430168135610112],[80.5764566145528,7.430129979019858],[80.57645790697946,7.430082663271292],[80.57646131347386,7.429958074659515],[80.57646143179907,7.429892694185283],[80.57644517855755,7.429775581571024],[80.57643487441321,7.42972321825162],[80.57640826227356,7.429672928371411],[80.57640999595117,7.429643538660482],[80.5764945459089,7.42959013198672],[80.57649699450891,7.429588517113684],[80.57656332691526,7.42954476823537],[80.5766416193497,7.429505647482282],[80.57668729329632,7.429474197652009],[80.57675808718496,7.429386875485341],[80.57683750030544,7.429271251840402],[80.57689343315064,7.429193598024876],[80.57694491342002,7.429143703155584],[80.57701804713284,7.429088845282223],[80.57707079900925,7.429033617436022],[80.57716115192606,7.428962852576375],[80.57718166062045,7.428942994412984],[80.57733316196182,7.42883035913977],[80.57741823889428,7.428809237660484],[80.5774667182312,7.428786290280643],[80.5775105924561,7.428725449964796],[80.57752745824439,7.428691637784355],[80.57758094982692,7.428600869598943],[80.57758403239777,7.428595626067136],[80.57760162455685,7.428558196123857],[80.57762247669454,7.42852393267144],[80.57764378236972,7.428488404312003],[80.5776580173653,7.42846245650746],[80.57771232686856,7.428363822206644],[80.57773011904362,7.428286423406871],[80.57772607168117,7.428220950629969],[80.57768922195262,7.42817345774904],[80.57767692779224,7.428162441551875],[80.57763750335434,7.428127107571444],[80.57763379953164,7.428123787151057],[80.5776077158839,7.42810695649401],[80.5775786417286,7.428092112137671],[80.57755462204065,7.428117151265321],[80.57752028435921,7.428124459779324],[80.5774332217094,7.428127496299303],[80.57733264173575,7.428172213844747],[80.57727292448612,7.428206639818064],[80.57717994574486,7.428270622220726],[80.57712321853552,7.428304056598106],[80.57644236385786,7.42803502217435],[80.57590206040287,7.427971033973997],[80.57588292349392,7.427928470116081],[80.57587125245193,7.427901951821551],[80.57586548367044,7.427891356305322],[80.57583629228309,7.427817506532487],[80.57583574974848,7.427791238325246],[80.57583520991575,7.427765005386688],[80.57584966131185,7.427665520466084],[80.5758491123553,7.427639427689013],[80.57584801802308,7.427587337087331],[80.57565065844642,7.427508961315497],[80.57529039359778,7.427471469975393],[80.57524716864668,7.427460801427269],[80.57487236993212,7.427387278768663],[80.5748521059127,7.427387027224698],[80.57456123083568,7.427421510673035],[80.57454144172223,7.427430768896691],[80.57421853008522,7.42744662264911],[80.57397238935425,7.427588392629079],[80.57377517500531,7.427731829699358],[80.57355814088741,7.427838375055604],[80.57351988471356,7.42783832050929],[80.57329950823043,7.427799262782671],[80.57328027317207,7.427789521966223],[80.57313550407495,7.427643948368478],[80.57310628669057,7.427576451991704],[80.57308695067479,7.427538023269409],[80.57302900753898,7.427376146045154],[80.5729909540502,7.427323488712392],[80.57287594893158,7.427164346150662],[80.57285447074761,7.427178353785977],[80.57280988803876,7.427198859947435],[80.57271258679182,7.427205417603768],[80.57265623730814,7.42720313826177],[80.57263114407249,7.42720212388991],[80.57256855123275,7.427187174310293],[80.57254790345189,7.427170436285225],[80.57249882104152,7.427127731042012],[80.57248433650554,7.427104846637482],[80.57245182783436,7.427073031280909],[80.57237748213205,7.427058296023092],[80.5722320531845,7.427057976915168],[80.57214444816009,7.427060831294559],[80.57212014988798,7.427045117042092],[80.57207896808596,7.427018479280485],[80.57202816057854,7.42698219459108],[80.57197552585755,7.426981084317027],[80.5719103827056,7.426993895324722],[80.57184260621743,7.427019907815228],[80.57182531611649,7.427030131950217],[80.57177337331643,7.427060841393708],[80.57170913634096,7.427073109307557],[80.57166002943029,7.427083577403859],[80.57159895419393,7.427117369880181],[80.57155634743438,7.427174773863353],[80.5715008786127,7.427229094594645],[80.5714311883225,7.427279431668643],[80.57138558862093,7.427318518665794],[80.57134803597282,7.427350707794295],[80.57133800921982,7.427383473001723],[80.57133736258845,7.427392793269917],[80.57132843284587,7.427521555303494],[80.5713174133667,7.427645800323014],[80.57132288688577,7.427757663212669],[80.57134741041168,7.427819077054527],[80.57138634055937,7.427873984813],[80.57144888356304,7.427998626400798],[80.57148052504418,7.42814043442249],[80.57147888342638,7.428265759880238],[80.57147864584421,7.42828385470931],[80.57147342339341,7.428414251607948],[80.57147464893008,7.428451872644841],[80.57147435390677,7.428453149372944],[80.57147474804998,7.428454982560306],[80.57147574581337,7.428485600633276],[80.57148704702377,7.428512019393145],[80.57148735471432,7.42851273392796],[80.57149873194462,7.428539327251491],[80.57157724259997,7.428614510357859],[80.57167297374646,7.428671524158919],[80.57180701698894,7.428750893478542],[80.57181989646483,7.428767336777223],[80.57184676545333,7.428801641818911],[80.57185064595402,7.428826397771474],[80.57185186880068,7.428828747692474],[80.57185254496403,7.428837838879345],[80.57185257355846,7.428838695259666],[80.57185624901399,7.428862144411757],[80.57185380600423,7.428875158801527],[80.57183154737555,7.428993707021833],[80.571830618227,7.429002744115892],[80.5718176237773,7.429129164870156],[80.57181506161078,7.429213752327001],[80.57181467980762,7.429226374297493],[80.57184654092073,7.429285440325148],[80.57188429991936,7.429326511792062],[80.571950419607,7.429375398567363],[80.57197939186042,7.429396820177674],[80.57202056602547,7.429499295724316],[80.57197493648262,7.429630034842353],[80.57188267351654,7.429711198033581],[80.57184479858952,7.429736618401643],[80.57177374480251,7.429784305302709],[80.57170992455278,7.429874073264309],[80.57170211910716,7.429883428212877],[80.57163051855566,7.429969258893595],[80.57154841775989,7.430018504188273],[80.57147140517898,7.430049222816462],[80.57142047513113,7.430069537804133],[80.57138344196039,7.430123883289966],[80.57134377883553,7.430182087087735],[80.57129916740062,7.430265714650223],[80.5712251594595,7.430345992683396],[80.57119275548322,7.430381143922595],[80.5711820878606,7.43041060091381],[80.5711706219784,7.430442263110517],[80.57115932048275,7.430586312029779],[80.57114670140412,7.430658803501265],[80.57113316032333,7.430736594616908],[80.57108075149662,7.430833420346101],[80.57101630459215,7.430908325823599],[80.57100189130293,7.430925078449648],[80.57090248001418,7.430984626376184],[80.57082916120255,7.431045632327227],[80.57080112884931,7.431128452737251],[80.57080987804449,7.431152868221959],[80.57081633001236,7.43117087028963],[80.57087016201652,7.431205065791732],[80.57062127737596,7.431417510395031],[80.57005714824426,7.431585958309573],[80.5699817890126,7.431705216012504],[80.56983504381708,7.432075903105757],[80.56989833185251,7.432539678297491],[80.56988579333432,7.43255352716154],[80.5697783450464,7.432843368667829],[80.56973487707488,7.433181380952929],[80.56947923001219,7.433573080901006],[80.56923086207877,7.43379797069396],[80.56840151016668,7.434456861371625],[80.56837944958141,7.434483020407428],[80.56836121620034,7.434519791321741],[80.5682431347656,7.434636907186034],[80.56812882628215,7.434821982506853],[80.5680946202137,7.434877362620337],[80.56789047604201,7.435104326922878],[80.56787590646842,7.43511958818267],[80.56778089082782,7.435287754929281],[80.56777637394751,7.435398631947095],[80.56780431064563,7.435407080336485],[80.567916630361,7.435447826360473],[80.56801354526708,7.435497969783895],[80.56811978819864,7.435553362471679],[80.56822231424277,7.435612099279949],[80.5683229384929,7.435671287320528],[80.56835061336938,7.435695197177612],[80.5683892277954,7.435728560227967],[80.56842859101303,7.435826423322375],[80.56843971504354,7.43586355524297],[80.56846142490116,7.435936038275594],[80.56850785635532,7.436032187420158],[80.56858346903726,7.436104747241459],[80.5686493974277,7.436161024314455],[80.56873904899055,7.436243086677164],[80.56881547496025,7.436322157759871],[80.56887804722537,7.436385305866748],[80.5689684425264,7.436427127435226],[80.56900408807556,7.436439571814085],[80.56905377100979,7.436456918599262],[80.56909877507026,7.436500434375135],[80.56910797287884,7.43659213502073],[80.56908908381918,7.43669015260425],[80.56907644205559,7.436794410927571],[80.56907223162642,7.436886105307409],[80.56906709913177,7.437014060553139],[80.56906251586322,7.437126101379322],[80.5690576575528,7.437247002351769],[80.56904021051011,7.437359036260307],[80.5689815501253,7.437455948282908],[80.56897514447985,7.43746470337827],[80.56892262379519,7.437536494254551],[80.56886514249928,7.437628524526333],[80.5688438070502,7.437725001838976],[80.5688433188663,7.437799968508939],[80.5688458275402,7.437859652199189],[80.56885819750806,7.437948550111306],[80.5688656823633,7.43802234492793],[80.56891818512365,7.438114334402471],[80.56898020223106,7.43820271385546],[80.56906132436252,7.438314251258261],[80.56911647960175,7.438352710443221],[80.56914627435937,7.438377229833961],[80.56919652654892,7.438438837555663],[80.56927087395637,7.438507868118708],[80.56930707246595,7.438550936659788],[80.56933824024111,7.438588020039049],[80.56937481635642,7.438643109534555],[80.56941420233933,7.438691417227074],[80.56944362385013,7.438737278672958],[80.5694825538518,7.438795894197056],[80.56954716934823,7.438946490230053],[80.5695451991233,7.438986599282653],[80.5695414983061,7.439061965960711],[80.56952306129942,7.439159982858067],[80.56952242975314,7.439162104942108],[80.56948567571419,7.43928566231882],[80.5694816095182,7.439305471700001],[80.569461521903,7.43940329882561],[80.56941589696284,7.439522192227273],[80.56934399342657,7.439652830085323],[80.56931851898854,7.439740752665402],[80.56930926812429,7.439789134416103],[80.56931862389568,7.439849410897086],[80.56935058416262,7.43989491181621],[80.5694071940422,7.439922972263931],[80.5694453329759,7.4399279636797],[80.56938025567348,7.439987434963117],[80.5693527929836,7.440014642303327],[80.56929151299362,7.440088675386203],[80.56921899053809,7.44018648524088],[80.56917422920036,7.440236987244598],[80.56915689790166,7.440256539029364],[80.56909914752042,7.440344048619788],[80.56904810933742,7.440412478924615],[80.56896652557899,7.44051155141317],[80.56894605810328,7.440534302019033],[80.56890878517649,7.440575729287268],[80.56886517529325,7.440645429960287],[80.56881938919872,7.440719109408305],[80.56881357044665,7.440735839743357],[80.56879571139174,7.440787190768782],[80.56877365943609,7.440865673175585],[80.5687501707118,7.440916936559181],[80.56874538397011,7.440954625296912],[80.56873925869182,7.441002839391274],[80.56873810689513,7.441009277426074],[80.56872445243876,7.441085665798974],[80.56867757145572,7.441175622010296],[80.56862390371009,7.441248481164449],[80.56858457359131,7.4412949208443],[80.56857268789494,7.441308955344279],[80.56852282349169,7.441385435252315],[80.56849570436859,7.441452340301302],[80.56847111984726,7.441519879542562],[80.56845592541089,7.441551495581659],[80.56843366653244,7.441597811224473],[80.56840238867055,7.441644186840399],[80.56835266801058,7.441700010004316],[80.56834690843881,7.441710281891214],[80.56828033743902,7.441872192536565],[80.56824550896123,7.441957179829567],[80.5682087831578,7.442029145298275],[80.56813336645948,7.442111581498473],[80.56809841404852,7.44213459111899],[80.56805307233253,7.442164444073707],[80.56800100032612,7.442211179742809],[80.56799807578997,7.4422477841906],[80.5680450586993,7.442251522919317],[80.56813328996472,7.442271912795727],[80.56821427045193,7.442302515060125],[80.56823546357384,7.442316631997492],[80.56827158684824,7.44236982054064],[80.56831677016211,7.442422381231471],[80.5683447574964,7.442437768268254],[80.56840518506723,7.442439604303286]]]]}},{"type":"Feature","properties":{"GND_N":"Egodamulla South","GND_NO":"530","GND_C":"020","PROVINCE_N":"CENTRAL","PROVINCE_C":"2","DISTRICT_N":"KANDY","DISTRICT_C":"1","DSD_N":"POOJAPITIYA","DSD_C":"06","Admin_Code":"2106020","GND_NO_Cen":"530","GND_NAME_C":"Egodamulla South","GND_NO_Gaz":"530","GND_NAME_G":"එගොඩමුලll","shape_1":"Polygon","Area__Ha_":67.0081365173,"MWS_ID":"109","Alt_MWS":null,"Density":1886.33809231,"Area":0.67008136302,"Total_Pop":1264.0,"Field":0},"geometry":{"type":"MultiPolygon","coordinates":[[[[80.5644357174639,7.44459030623321],[80.56445945850209,7.444581093789375],[80.56448409809636,7.444587345196809],[80.56453045524596,7.444649493241553],[80.5646122200993,7.44474321624412],[80.56465144213252,7.444757433299109],[80.5647349712579,7.444761721566988],[80.56481352712089,7.444747832949329],[80.56483790209586,7.444733467217809],[80.56487117703256,7.444683926896523],[80.56490572912861,7.444612232888937],[80.56500965765959,7.444396067632675],[80.56505272533428,7.444323653333048],[80.56510722543317,7.444217334365362],[80.56514485002805,7.444163727675979],[80.56517085675182,7.44415098952678],[80.5652386289978,7.444138271273344],[80.56528982907957,7.444118039478788],[80.56532943668437,7.444079896236865],[80.56538228385097,7.44401788684141],[80.56541682988997,7.443960481531879],[80.5654950789499,7.443831747326676],[80.56549580417162,7.443823235553926],[80.56549899386546,7.443785811062749],[80.56548696040632,7.443754154149365],[80.5654793254399,7.443747206444457],[80.56543108506457,7.443703306248664],[80.56538653784165,7.443649118750531],[80.56537622583463,7.443615384586424],[80.56538468968694,7.443535267277531],[80.56541470710867,7.443471347086069],[80.56548607606733,7.443327508799954],[80.56553493592212,7.443271194535451],[80.56562575560207,7.443185328902445],[80.56569244625575,7.443162481969159],[80.56576610307563,7.443162155252703],[80.56590162827293,7.443166990675659],[80.56592283406674,7.443167747690464],[80.56616626916784,7.443166596279921],[80.56623151389283,7.443137962002335],[80.56629368362577,7.443094312265977],[80.5663401898353,7.443029948577421],[80.56645131398118,7.442871717224782],[80.56645922577351,7.442860451660478],[80.5665378142864,7.442775122616281],[80.56661158032112,7.442733559101604],[80.56667690301559,7.442731328366677],[80.56677429253875,7.442735082933287],[80.56687295291584,7.44273359226994],[80.56692487217053,7.442720867162723],[80.56701077726673,7.442681298762063],[80.56707095577411,7.442633309169135],[80.56712470949415,7.442573019041388],[80.56718081358504,7.442521680717402],[80.56722594308832,7.442494393236879],[80.56734511018054,7.44242961246629],[80.56754674310497,7.442315765542192],[80.56760945729754,7.442271665531068],[80.56766364828232,7.442242482349438],[80.56770460052218,7.442237707964072],[80.5677584989654,7.442256272261238],[80.56780840478521,7.44228252026851],[80.5678603171986,7.442280284856717],[80.56787925472332,7.442274596710824],[80.56789882893725,7.44226167451134],[80.56791849697777,7.442247666297955],[80.567967329122,7.442245338091445],[80.56799807578997,7.4422477841906],[80.56800100032612,7.442211179742809],[80.56805307233253,7.442164444073707],[80.56809841404852,7.44213459111899],[80.56813336645948,7.442111581498473],[80.5682087831578,7.442029145298275],[80.56824550896123,7.441957179829567],[80.56828033743902,7.441872192536565],[80.56834690843881,7.441710281891214],[80.56835266801058,7.441700010004316],[80.56840238867055,7.441644186840399],[80.56843366653244,7.441597811224473],[80.56845592541089,7.441551495581659],[80.56847111984726,7.441519879542562],[80.56849570436859,7.441452340301302],[80.56852282349169,7.441385435252315],[80.56857268789494,7.441308955344279],[80.56858457359131,7.4412949208443],[80.56862390371009,7.441248481164449],[80.56867757145572,7.441175622010296],[80.56872445243876,7.441085665798974],[80.56873810689513,7.441009277426074],[80.56873925869182,7.441002839391274],[80.56874538397011,7.440954625296912],[80.5687501707118,7.440916936559181],[80.56877365943609,7.440865673175585],[80.56879571139174,7.440787190768782],[80.56881357044665,7.440735839743357],[80.56881938919872,7.440719109408305],[80.56886517529325,7.440645429960287],[80.56890878517649,7.440575729287268],[80.56894605810328,7.440534302019033],[80.56896652557899,7.44051155141317],[80.56904810933742,7.440412478924615],[80.56909914752042,7.440344048619788],[80.56915689790166,7.440256539029364],[80.56917422920036,7.440236987244598],[80.56921899053809,7.44018648524088],[80.56929151299362,7.440088675386203],[80.5693527929836,7.440014642303327],[80.56938025567348,7.439987434963117],[80.5694453329759,7.4399279636797],[80.5694071940422,7.439922972263931],[80.56935058416262,7.43989491181621],[80.56931862389568,7.439849410897086],[80.56930926812429,7.439789134416103],[80.56931851898854,7.439740752665402],[80.56934399342657,7.439652830085323],[80.56941589696284,7.439522192227273],[80.569461521903,7.43940329882561],[80.5694816095182,7.439305471700001],[80.56948567571419,7.43928566231882],[80.56952242975314,7.439162104942108],[80.56952306129942,7.439159982858067],[80.5695414983061,7.439061965960711],[80.5695451991233,7.438986599282653],[80.56954716934823,7.438946490230053],[80.5694825538518,7.438795894197056],[80.56944362385013,7.438737278672958],[80.56941420233933,7.438691417227074],[80.56937481635642,7.438643109534555],[80.56933824024111,7.438588020039049],[80.56930707246595,7.438550936659788],[80.56927087395637,7.438507868118708],[80.56919652654892,7.438438837555663],[80.56914627435937,7.438377229833961],[80.56911647960175,7.438352710443221],[80.56906132436252,7.438314251258261],[80.56898020223106,7.43820271385546],[80.56891818512365,7.438114334402471],[80.5688656823633,7.43802234492793],[80.56885819750806,7.437948550111306],[80.5688458275402,7.437859652199189],[80.5688433188663,7.437799968508939],[80.5688438070502,7.437725001838976],[80.56886514249928,7.437628524526333],[80.56892262379519,7.437536494254551],[80.56897514447985,7.43746470337827],[80.5689815501253,7.437455948282908],[80.56904021051011,7.437359036260307],[80.5690576575528,7.437247002351769],[80.56906251586322,7.437126101379322],[80.56906709913177,7.437014060553139],[80.56907223162642,7.436886105307409],[80.56907644205559,7.436794410927571],[80.56908908381918,7.43669015260425],[80.56910797287884,7.43659213502073],[80.56909877507026,7.436500434375135],[80.56905377100979,7.436456918599262],[80.56900408807556,7.436439571814085],[80.5689684425264,7.436427127435226],[80.56887804722537,7.436385305866748],[80.56881547496025,7.436322157759871],[80.56873904899055,7.436243086677164],[80.5686493974277,7.436161024314455],[80.56858346903726,7.436104747241459],[80.56850785635532,7.436032187420158],[80.56846142490116,7.435936038275594],[80.56843971504354,7.43586355524297],[80.56842859101303,7.435826423322375],[80.5683892277954,7.435728560227967],[80.56835061336938,7.435695197177612],[80.5683229384929,7.435671287320528],[80.56822231424277,7.435612099279949],[80.56811978819864,7.435553362471679],[80.56801354526708,7.435497969783895],[80.567916630361,7.435447826360473],[80.56780431064563,7.435407080336485],[80.56777637394751,7.435398631947095],[80.56777835451058,7.435423303835141],[80.56758541289896,7.435623661674902],[80.56678923690068,7.43698556575505],[80.56602235850438,7.43729283914222],[80.56418974013442,7.437048674212162],[80.56300717418698,7.437301753344896],[80.56268199136929,7.437465166413111],[80.56183157096804,7.437795870374759],[80.5614712240378,7.437954008860392],[80.56098642524967,7.438229669241877],[80.56087024413365,7.438271011380724],[80.56081260244021,7.438320538671433],[80.56076492907387,7.43835704806505],[80.56058043087037,7.438448563302506],[80.5604966845674,7.4385205052387],[80.56043099908113,7.438550785190938],[80.56039655286777,7.43856666499912],[80.56038359323763,7.438575520767192],[80.56035295724755,7.438623444267758],[80.56032366310615,7.438669267745194],[80.56032702192745,7.438699935790827],[80.56033241011843,7.438749121143585],[80.56034487833263,7.438824453981112],[80.56036012666448,7.43895042952583],[80.56035633426711,7.439109855568343],[80.56035559528152,7.43914078114969],[80.56035328056524,7.439240794908486],[80.56034930369539,7.43940691172809],[80.56034846522417,7.439456015372808],[80.5603654269928,7.439559272273784],[80.56036996235945,7.439586876239797],[80.56036885637876,7.439810689297993],[80.56038104945182,7.439887380247009],[80.56039784625662,7.439998253026584],[80.56040453574693,7.440024564901011],[80.56042063284477,7.44008787962892],[80.56044262417917,7.440136361384029],[80.56048462478009,7.440210713870846],[80.56048697879487,7.440213790519733],[80.56049740025891,7.440208007209246],[80.56064016682404,7.440236833226525],[80.56072894064688,7.440259574177431],[80.56077921955574,7.440264392285829],[80.56079913263044,7.440270201202286],[80.56096455437935,7.44031846778388],[80.561064092561,7.440375486629345],[80.56113010509522,7.440440538299356],[80.56120089898752,7.44055098601623],[80.56122921415883,7.440636546845385],[80.56123274623145,7.440640888264645],[80.56125201274727,7.440701938342235],[80.56131475051065,7.44079628660928],[80.56131850654339,7.440897026750771],[80.56131823061445,7.440905526977839],[80.56134744440524,7.441006279465189],[80.5613704696196,7.44116454202942],[80.56136658609381,7.441327584300549],[80.56138649495169,7.441370095758148],[80.56161841569963,7.441574396765662],[80.56180236573596,7.441683001072444],[80.56184691603315,7.441731403248559],[80.56189118045462,7.441808831301524],[80.5618987645788,7.441862460491526],[80.56189013883376,7.441901612236109],[80.56187099164862,7.441965806921251],[80.56184259954475,7.44203822710872],[80.56179317102088,7.442149251357354],[80.56166997849036,7.442293155267326],[80.56163924513432,7.44233609433162],[80.56157905142823,7.442412386652716],[80.561578959881,7.442412477037739],[80.56155838284255,7.442437879528003],[80.56154295108588,7.442499995216074],[80.5615022473787,7.442552424521367],[80.56138730663825,7.442682497555547],[80.56135593783151,7.442726069295318],[80.56131864780782,7.442838001854639],[80.56125797916727,7.442960957256259],[80.5612435533899,7.443003632010372],[80.56119700589586,7.443149381549237],[80.56116632996076,7.443262042545594],[80.56116132997795,7.443295317218514],[80.56114724826004,7.443377420240697],[80.56112143810971,7.4435406327022],[80.5611030908363,7.443634309512413],[80.56109365705929,7.443661884980831],[80.56108893507381,7.443682410151831],[80.56100281988132,7.443777952148969],[80.56094445116176,7.443828745082771],[80.56084372002032,7.443877421258724],[80.56080797808063,7.443894693065959],[80.56080784306991,7.4438947345978],[80.56064950069918,7.443941910515947],[80.56057276102476,7.443949053250543],[80.56048324650301,7.443957383417067],[80.56036365676913,7.444057328259909],[80.560934528039,7.444482323854487],[80.56098517288025,7.444508730329718],[80.56106621312628,7.444516853186443],[80.5611891531349,7.444494994626338],[80.56121532647052,7.444488276676282],[80.56129769975902,7.444456624785366],[80.56139182147814,7.444445997977397],[80.56140695904831,7.444443106154559],[80.56142211474005,7.444440209818525],[80.56159123966609,7.444444331289841],[80.56161071115831,7.44444572429467],[80.56162632513355,7.444446841428627],[80.56174276305218,7.444447037092307],[80.56185863056038,7.444418530170498],[80.56187373295336,7.444415310056004],[80.56200594053088,7.444405710739352],[80.56204791198783,7.444399596309911],[80.56205169797136,7.444399792563829],[80.56219187423338,7.44439824977947],[80.5622110904011,7.44439557602611],[80.56234970591314,7.444423425597659],[80.56236135336356,7.444428607398742],[80.56248351537695,7.44447716454222],[80.56249549978561,7.444482487572278],[80.56251151261715,7.444492499499799],[80.56266296211038,7.444616119863616],[80.5626713190113,7.44462139954232],[80.56279033621772,7.444713545657448],[80.56280741562655,7.444719344080222],[80.56284695949552,7.444768581123985],[80.56285124552915,7.444768887935926],[80.56286489904636,7.444797979310168],[80.56288771377727,7.444842141533481],[80.56289233404,7.444851977952407],[80.56289086991707,7.444947669599911],[80.56289101434326,7.444952513970507],[80.56291776437439,7.44517528421886],[80.56292880383677,7.445246270255709],[80.56295305014991,7.445335192986626],[80.56310621582449,7.445457256838427],[80.56311987951676,7.445467235059738],[80.56327707318921,7.445596973724097],[80.56342119350052,7.445779639784216],[80.56342135703756,7.445784319582348],[80.56344631690644,7.445846067702679],[80.56351375561684,7.445980823576341],[80.56353436503349,7.445969193408312],[80.56354012954414,7.445965939815701],[80.563590509546,7.44595041016013],[80.56367313978367,7.445940412171288],[80.56372152156857,7.445935372251992],[80.56378115026752,7.445903840110874],[80.56382383847844,7.445869498334386],[80.56390567677215,7.445810758493624],[80.56398016620193,7.445775526750014],[80.5640481206628,7.445761272379744],[80.56407484963641,7.445755948949067],[80.56409542059798,7.445745107279776],[80.56413558110535,7.445693762635674],[80.56415536490525,7.445620433893284],[80.56418603264457,7.445527396758849],[80.5642262983555,7.445447477379255],[80.56425106606352,7.445370079886714],[80.56425490023386,7.445311485299036],[80.56425455065502,7.445247101228916],[80.56425431766266,7.445204053120055],[80.56425214307916,7.445055565244266],[80.56425098433785,7.444976351273571],[80.56424125898161,7.444939850228618],[80.56423343998867,7.444910510293611],[80.56421427861494,7.444816091953109],[80.56422408650195,7.444769436900932],[80.56424894097454,7.444703704835676],[80.56428948341038,7.444618988299227],[80.5642904764522,7.444616914324628],[80.56431566714045,7.444609418931834],[80.56437691526185,7.444601038301311],[80.5644357174639,7.44459030623321]]]]}},{"type":"Feature","properties":{"GND_N":"Welgala1","GND_NO":"537","GND_C":"060","PROVINCE_N":"CENTRAL","PROVINCE_C":"2","DISTRICT_N":"KANDY","DISTRICT_C":"1","DSD_N":"POOJAPITIYA","DSD_C":"06","Admin_Code":"2106060","GND_NO_Cen":"537","GND_NAME_C":"Welgala","GND_NO_Gaz":"537","GND_NAME_G":"වැල්ගාල","shape_1":"Polygon","Area__Ha_":60.3485750192,"MWS_ID":"109","Alt_MWS":null,"Density":1030.67885498,"Area":0.60348574825,"Total_Pop":622.0,"Field":0},"geometry":{"type":"MultiPolygon","coordinates":[[[[80.5719103827056,7.426993895324722],[80.57197552585755,7.426981084317027],[80.57202816057854,7.42698219459108],[80.57207896808596,7.427018479280485],[80.57212014988798,7.427045117042092],[80.57214444816009,7.427060831294559],[80.5722320531845,7.427057976915168],[80.57237748213205,7.427058296023092],[80.57245182783436,7.427073031280909],[80.57248433650554,7.427104846637482],[80.57249882104152,7.427127731042012],[80.57254790345189,7.427170436285225],[80.57256855123275,7.427187174310293],[80.57263114407249,7.42720212388991],[80.57265623730814,7.42720313826177],[80.57271258679182,7.427205417603768],[80.57280988803876,7.427198859947435],[80.57285447074761,7.427178353785977],[80.57287594893158,7.427164346150662],[80.57290050094076,7.427158299526072],[80.57296701297159,7.427125775370822],[80.57303224671934,7.42711097389624],[80.57311776810364,7.427113997209702],[80.57319259985756,7.427108063097617],[80.57327115180244,7.42709534936616],[80.57334010254729,7.427076752411023],[80.57342915857683,7.42706075724444],[80.57354350334191,7.427040221386794],[80.57359948770345,7.427046486581254],[80.57377007030757,7.427060309699602],[80.57385740631484,7.427053386453529],[80.57392526994174,7.42703469848155],[80.57399032104918,7.427024961737907],[80.57404613357112,7.42701078882713],[80.57401783482679,7.426160295539404],[80.57438828759679,7.426185859438516],[80.57452159812094,7.425284825275003],[80.57477796027926,7.425255824269135],[80.5748625491017,7.425163343305602],[80.57490113378907,7.425103927816358],[80.57494467210444,7.424994803658453],[80.57496398801489,7.424950107681584],[80.57501147005908,7.424900270890905],[80.57504451104155,7.424885184134614],[80.5750824703835,7.424860080014002],[80.57523504590579,7.424829769311732],[80.57528646143777,7.424829909237012],[80.57530727395937,7.42482501285419],[80.57554834817971,7.424815832052106],[80.5758548810387,7.424954428023667],[80.57597836145301,7.424990138280388],[80.57600290396731,7.424992708503806],[80.57607862666143,7.424991038952339],[80.57613992335169,7.424991026790352],[80.5761737241949,7.424639787549147],[80.57617478800638,7.424607199038502],[80.57617528501369,7.42459195013267],[80.57617594873899,7.424528560243244],[80.5761786209405,7.424431078425397],[80.57618692780203,7.424290102546403],[80.57622387075641,7.424032106583024],[80.5762238942941,7.424026131010846],[80.57622589357922,7.423996325436764],[80.57622703743162,7.423940971328902],[80.57623203098959,7.423904809907817],[80.57624467029844,7.423813293689247],[80.57627798013422,7.423678115647805],[80.57631525361846,7.423588607200573],[80.57632366004239,7.423541933073193],[80.57632469994532,7.42353616232908],[80.57633877440729,7.423462288647458],[80.57634992479282,7.423443936472707],[80.57638473920522,7.423387251924296],[80.5764479120492,7.423322623236788],[80.57645634795846,7.423314941426232],[80.57648443623621,7.423289361600267],[80.57652902751944,7.423246609392147],[80.57659889754632,7.423196813231199],[80.57664638278268,7.423165184238962],[80.57668598692328,7.423134365566254],[80.57675586704605,7.423058075340876],[80.57680610694885,7.422946598294145],[80.57682470540601,7.422887103110513],[80.5768237530497,7.422789077073142],[80.57682430015485,7.422781209949698],[80.57682519146712,7.422767417133732],[80.57682731072013,7.422734640093569],[80.57682897868307,7.422651897822536],[80.57682925706345,7.422637249267921],[80.57683029118206,7.422587999097114],[80.57718621440257,7.422583675248983],[80.57740726907676,7.422576294831969],[80.57767759008175,7.422611609124655],[80.57808519335913,7.422477454458668],[80.57808897655957,7.422477401888656],[80.57811173541174,7.42247335627622],[80.57814990506435,7.422465325071539],[80.57842615132473,7.422422614423325],[80.5784505790267,7.422418285587811],[80.57848345653673,7.422417629239444],[80.57851242128702,7.422417050724913],[80.57870260552636,7.422421336701436],[80.57940145294475,7.422362816196938],[80.57943329496474,7.422341798202956],[80.57944639307668,7.422333348843758],[80.57960276927763,7.422285555547774],[80.57961652052447,7.422285348221384],[80.57963008609595,7.422280970201694],[80.57966228044874,7.42228048075808],[80.5796991965555,7.422279919249183],[80.5798385653577,7.422273584812319],[80.57985708099977,7.422269080564361],[80.57988997293006,7.422268568805254],[80.58013042953039,7.422269973600551],[80.58013173173556,7.422262983067055],[80.58015542257102,7.422159181307721],[80.58019269697111,7.422067592626579],[80.58027040687648,7.421906118835185],[80.58036978153469,7.421715175451081],[80.58039471513855,7.421668886513489],[80.580406587881,7.42165749943265],[80.58030149073987,7.421268695536027],[80.58027370040853,7.421219580030296],[80.58026945294387,7.421196067376936],[80.58027743413965,7.421175724247934],[80.58030780158249,7.421133325276965],[80.58036688720861,7.421090487723056],[80.58046573467915,7.421066839654918],[80.58054137997294,7.421066601695075],[80.58062435259234,7.421090601165541],[80.58067960175455,7.42111911170413],[80.58073584129748,7.421161547014978],[80.58086036953176,7.421245882146453],[80.58098700904671,7.421269720798144],[80.58101600392587,7.4212663912645],[80.58102202398676,7.421011333724416],[80.58102168066196,7.42100101103942],[80.58088620146562,7.420760921596326],[80.58087874433424,7.42073519472495],[80.58083648632922,7.42068800537004],[80.58080661355736,7.420656640302298],[80.58075449636246,7.420619650674203],[80.58072564544466,7.420598642948139],[80.58070817694698,7.420583063290491],[80.58057245103271,7.420496003971053],[80.58045001476135,7.420497906023892],[80.58041285181486,7.420501815192399],[80.58037579849048,7.420505712650266],[80.58029673706628,7.420518157972247],[80.58025999689131,7.420526825717619],[80.57927063491755,7.42037061696537],[80.57921208381048,7.420350296804172],[80.57919200257423,7.420349198222421],[80.57915697996938,7.420333594442274],[80.57914200053172,7.420319136250791],[80.5789335236928,7.420219478974619],[80.5789099340732,7.420209642423384],[80.57890053177027,7.420204838246873],[80.5787033275849,7.420084705387],[80.57868100519168,7.420071211511942],[80.57865422931044,7.420019029893753],[80.57859906774891,7.419908542047462],[80.57859669762692,7.419769000057688],[80.57859452092018,7.419744116494188],[80.57855952862353,7.419634411690785],[80.57854837394987,7.419622215920287],[80.57848794719835,7.419580723465333],[80.57847271477564,7.419564860768479],[80.57842803141257,7.419527039517756],[80.57841301451157,7.419511384902833],[80.57839307890669,7.419490603454716],[80.57837819149506,7.419475084540647],[80.5783716724531,7.419446684950126],[80.5783090887217,7.419326178690702],[80.57829430546984,7.419306674589985],[80.57828920572543,7.419297176311006],[80.5782835564862,7.419278672812467],[80.57824972706815,7.419180086816704],[80.57823248157024,7.419140203317453],[80.57822171089096,7.419120217204249],[80.57816965354522,7.419031340639072],[80.57816359775326,7.419012390235803],[80.57814333551838,7.418978620234753],[80.57812635602085,7.418882845961084],[80.57812323563176,7.418847251498173],[80.57812246049411,7.418838404429493],[80.57812246796856,7.418746783923069],[80.57812870481222,7.418725524907048],[80.57812662904924,7.418703895041202],[80.57812825898807,7.418594154079303],[80.57812814085,7.418592951313578],[80.57766974287252,7.418095577708537],[80.57755912083893,7.418028125697745],[80.57752214150807,7.418000793109898],[80.57750497386746,7.417981456116635],[80.57749248455302,7.417969895443465],[80.57722565203184,7.417786191388813],[80.57722093414718,7.41777171331354],[80.57721263693799,7.417757282467343],[80.57689389740887,7.417719771416278],[80.57688699428648,7.417707666133274],[80.57674053275476,7.417611136502058],[80.57672152103532,7.417599108072239],[80.57670216233282,7.417581082198122],[80.57658745590444,7.417491233239418],[80.57658138259745,7.417491233224147],[80.57655608915385,7.417473320427687],[80.57630505513686,7.417331022483244],[80.57628593728872,7.41731332857632],[80.57624226070212,7.417289810807349],[80.57621107412477,7.417272194661836],[80.57619232592518,7.41726046022458],[80.575800654866,7.417126449850868],[80.57578279280153,7.417120441795233],[80.57490957718744,7.417142489934041],[80.57489765354664,7.41713627925788],[80.57484979410394,7.417117424719622],[80.57474151269886,7.417018235026361],[80.57472331656913,7.417011787289612],[80.57460129041206,7.416972653728871],[80.57457059542801,7.416965891046847],[80.57453981176579,7.416952938420409],[80.57452132388565,7.416952566504011],[80.57447801972252,7.416933121680243],[80.57437860806466,7.416894131255086],[80.5743412627971,7.416881237127354],[80.5743038956758,7.416874553687432],[80.57419685647852,7.416779322530449],[80.57415888487083,7.416747370077504],[80.57414625384652,7.416740897718673],[80.57381410391821,7.416582883739363],[80.57381334765297,7.416582492739356],[80.57373969828174,7.416615775245111],[80.57363648809654,7.416672156247144],[80.57352420207869,7.416764796234007],[80.57348076164045,7.416867051322177],[80.57345684926312,7.416925701149433],[80.57343530036657,7.416978551903054],[80.57338027265743,7.417113517289295],[80.57336727572498,7.417205750386546],[80.57336786882068,7.417295365420891],[80.57337198492293,7.41740700979284],[80.57337279025316,7.417428840753995],[80.57335518238263,7.417500815529386],[80.57332697761412,7.417567539648812],[80.57330640330768,7.417589051579781],[80.5732440607834,7.41761986138977],[80.5732398226507,7.417620352295044],[80.57317711043048,7.417627606842268],[80.57311478348169,7.417626402778322],[80.57310464797398,7.417626493097129],[80.57312242438962,7.41764340883067],[80.57336727491922,7.418188388425992],[80.57419745965102,7.418314675271922],[80.57432677236638,7.418360033812364],[80.57434669694315,7.41837068732481],[80.5743566625098,7.418377766154418],[80.57452611037125,7.418482942110948],[80.57454929209571,7.418496832661669],[80.5745592760708,7.418507266430939],[80.5747646697249,7.418691208266785],[80.57489190206954,7.418915059137496],[80.57498702415502,7.419112631077461],[80.57498365794851,7.419130096017563],[80.57498025686766,7.419140576164553],[80.57498258877352,7.419228156416215],[80.57495691600774,7.419357068365944],[80.57496024635299,7.419404545379595],[80.57496132647661,7.419419917985245],[80.57496074012475,7.419514055768004],[80.57495092478717,7.419580968271798],[80.57494609710258,7.419638751460401],[80.57492590920802,7.419716922262268],[80.57492377198882,7.419725191978955],[80.57489303901588,7.419775636828093],[80.57486846193814,7.419831783333772],[80.57482140633486,7.419917217007954],[80.57477698539192,7.419984205151128],[80.5747557759012,7.420007888070754],[80.57465910600672,7.420221077053184],[80.57460696064636,7.420342681107245],[80.57454369202789,7.420419066245079],[80.57448052618003,7.420468683375595],[80.57444751645413,7.420505325801385],[80.5744196160305,7.420536296092715],[80.57440936592275,7.420567038379538],[80.5744172697834,7.420716882789546],[80.57442872532405,7.420826037334339],[80.57443716216882,7.420873900992702],[80.57444697699212,7.420929587430601],[80.57445877001935,7.421093359751125],[80.57445781146058,7.42111938131554],[80.57445400200567,7.421222762233818],[80.57444669944722,7.421341673739676],[80.57440356144006,7.421443673112664],[80.57440108104561,7.421449536340238],[80.57430835685376,7.4215535785808],[80.57427688515806,7.421588550551228],[80.57427350195454,7.421595507564734],[80.57426329097106,7.421605945723337],[80.57425457072503,7.421613344319015],[80.5742234289477,7.421647948387207],[80.57412319601421,7.421728836309963],[80.57410792698458,7.421737781884887],[80.573989171971,7.42180735946635],[80.57386746854331,7.421889865284073],[80.57374178427038,7.42195880663339],[80.57364005910426,7.422017936420183],[80.57360685601412,7.422037237019765],[80.57351125055365,7.422099952384865],[80.57344979716768,7.422168017758334],[80.57343534146548,7.422280144660133],[80.57343305073695,7.42233666025161],[80.57345682447094,7.422450794055638],[80.57347696748393,7.422580206979773],[80.57347485311027,7.422615637201901],[80.57347076039898,7.422684198989813],[80.57346012221326,7.422776712566892],[80.57345848046141,7.422790989732957],[80.57343564940861,7.422875375363326],[80.57343098410018,7.42289262085377],[80.57338247996938,7.42297262882038],[80.5732765308612,7.423071690256132],[80.573156006499,7.423148228957283],[80.57304662691323,7.423220794729234],[80.57302180031868,7.423241323528721],[80.57290977701363,7.423333948937563],[80.57279848006186,7.423442686474277],[80.57270221606207,7.423559476383917],[80.57262634091941,7.423664610212998],[80.57252935503243,7.423774980160188],[80.5724410865274,7.423840954103786],[80.57231431782874,7.423900398523397],[80.5721760430351,7.423963273035546],[80.57202263814368,7.424030121252632],[80.57189192624851,7.424086626584879],[80.57177146250714,7.424138701029439],[80.5716687087492,7.424183236353301],[80.57154130455413,7.424247111298627],[80.57140674242142,7.424313152308238],[80.57129890830727,7.424372877355739],[80.57121961294415,7.424426826256781],[80.57104172859087,7.424534356094424],[80.57087652013558,7.424657263829471],[80.57078044925441,7.424744754230761],[80.57067577069246,7.424836854337754],[80.57059338144981,7.424919919984434],[80.57053329208081,7.424977134016993],[80.57058183520797,7.42500971111793],[80.57060761736615,7.42502320428628],[80.57065827778075,7.425049718158166],[80.57073127268016,7.425100753274507],[80.57084402717575,7.425177670510514],[80.57092127952076,7.425272745822225],[80.57092841152529,7.425281522588989],[80.57097402919625,7.425371248827672],[80.5710056123161,7.425462419063844],[80.57101989886654,7.425503659705027],[80.57105166667505,7.425567788893628],[80.57110608383334,7.425632018070043],[80.57132932642133,7.425788203355853],[80.57148872952291,7.425879520248821],[80.57159134553724,7.425937803246466],[80.57160176144927,7.425944942934114],[80.57161375410412,7.425953161267719],[80.57170754080836,7.42601743564491],[80.57174147505216,7.426100736835997],[80.57173223793814,7.426138287947966],[80.57172005460501,7.426187810566711],[80.57165724609742,7.42629089113959],[80.57164849642749,7.426308726132629],[80.57164269292261,7.426316666784337],[80.57159547943621,7.426401709329519],[80.57153084107438,7.426500427624353],[80.57150361324958,7.426607574913682],[80.57149857297863,7.426732002656848],[80.57149280386295,7.426863303608148],[80.57145638914841,7.427050024600491],[80.57142161092473,7.427145908118384],[80.57141838164581,7.427154813932484],[80.57137402877277,7.427265751345284],[80.57134803597282,7.427350707794295],[80.57138558862093,7.427318518665794],[80.5714311883225,7.427279431668643],[80.5715008786127,7.427229094594645],[80.57155634743438,7.427174773863353],[80.57159895419393,7.427117369880181],[80.57166002943029,7.427083577403859],[80.57170913634096,7.427073109307557],[80.57177337331643,7.427060841393708],[80.57182531611649,7.427030131950217],[80.57184260621743,7.427019907815228],[80.5719103827056,7.426993895324722]]],[[[80.58526808652303,7.414376726821791],[80.58536729190571,7.414325731853313],[80.5855860820076,7.414322913887307],[80.5856043768602,7.414319025119602],[80.58583596289384,7.414430367238887],[80.58598936252085,7.414437214218861],[80.58602204726547,7.414225837231295],[80.58602266177382,7.414106981334055],[80.58594606961232,7.414034436673692],[80.58578171603084,7.413877389544559],[80.5859783348393,7.413563714608935],[80.58609642488575,7.413431992893145],[80.58608598693824,7.41337709313205],[80.58593745609181,7.413325880795811],[80.58590606493713,7.413227452811511],[80.58582299952634,7.413051031574823],[80.58576450543188,7.412899555909653],[80.58581246999456,7.412838323950114],[80.5858662067454,7.412729244528497],[80.58589116847612,7.412650775869908],[80.58591039820058,7.412524453924204],[80.5859239122733,7.412310080924196],[80.58593935080539,7.412082310692364],[80.58593172894147,7.411969375304618],[80.58590755728095,7.411680646694544],[80.5856108495205,7.411642756220859],[80.58520845585335,7.411528347462041],[80.58519848454547,7.411528217482323],[80.58491144762147,7.411376859615848],[80.58490163695654,7.411371853733663],[80.58460871204528,7.411364552043252],[80.5843370804908,7.411367919190253],[80.58421933083932,7.411412468259948],[80.58417583587872,7.411354783420961],[80.58412000717242,7.411411548204213],[80.58400282573798,7.411520285304319],[80.58399058993996,7.41153411484239],[80.5839300984062,7.411584745552868],[80.58385420077023,7.411648269375426],[80.58375470804467,7.411702755386056],[80.58364843302148,7.411727396665875],[80.58362416857958,7.411726483671358],[80.58345868478118,7.411830723435745],[80.58331546251917,7.412087490463281],[80.58321830262693,7.412274469392912],[80.58320406604214,7.412308133773296],[80.58311447406051,7.412416094955582],[80.58314779665723,7.412652186756443],[80.58314753372039,7.412661012571564],[80.58314821395516,7.412914901211135],[80.58311182733236,7.413061762978969],[80.58305688920126,7.413165369631484],[80.58303672508634,7.413203394657391],[80.58304354397877,7.41321153537957],[80.58304979151475,7.413219044654828],[80.58308999353481,7.413266265464954],[80.5831186016703,7.413309322379446],[80.58313000007495,7.413344233155138],[80.58313578255874,7.413381582186808],[80.58314418443295,7.413434668010501],[80.58315493948058,7.413492819817625],[80.5831577221644,7.413551689791082],[80.58315817735134,7.413575679152927],[80.58315887341264,7.413612369456598],[80.58315721411779,7.413678110150579],[80.58315573230068,7.413752352207994],[80.58315479548973,7.413823249510942],[80.58315359301162,7.413882209087025],[80.58314994775394,7.413927603162486],[80.58314295482596,7.413944606316056],[80.58313961026427,7.413952737197399],[80.58313534485357,7.413968109281012],[80.58313823062069,7.414000392996376],[80.58315786806973,7.414050500425359],[80.58320531734634,7.414096006210016],[80.58327678235175,7.414123076583],[80.58334390759111,7.414130339171418],[80.583395001697,7.414129367512482],[80.58343748999326,7.414127486011701],[80.58348006939154,7.414124430770127],[80.58351340934978,7.414119289830525],[80.58353941398308,7.414110258141047],[80.58356813553502,7.414098966887307],[80.58359875671944,7.414096176837049],[80.58363127505793,7.41410342529204],[80.58367765002987,7.414125871918491],[80.58374412867882,7.414159722277765],[80.58380734443229,7.414199356901045],[80.58383586933284,7.414215339112442],[80.58385435006434,7.414225693159506],[80.58389329591178,7.414245423661492],[80.58393296382724,7.414271302780984],[80.5839795155349,7.414299900474504],[80.58403159534205,7.414323885930429],[80.58407733664066,7.414341176850574],[80.58411057789954,7.414354756559909],[80.5841282404906,7.41436118559761],[80.58413458096689,7.414363357743173],[80.58414309607835,7.414366616887706],[80.58415287719069,7.414370962638487],[80.5841649218805,7.414378110875945],[80.58418783687014,7.414388972326392],[80.58422316511982,7.414396855863981],[80.5842657443062,7.414394341316673],[80.58430180449523,7.414383505332146],[80.58433233757242,7.414375017224525],[80.58436051675245,7.414363093582656],[80.58436021403861,7.414355044313099],[80.58437147773598,7.414360320315252],[80.5843886288367,7.414363852661804],[80.58440253765443,7.414365308249451],[80.58442292710768,7.41436744304591],[80.58445366697289,7.414381415923867],[80.58510440849726,7.414619538656967],[80.58509879344057,7.414521267295199],[80.58526808652303,7.414376726821791]]]]}},{"type":"Feature","properties":{"GND_N":"Palliya Kotuwa","GND_NO":"526","GND_C":"085","PROVINCE_N":"CENTRAL","PROVINCE_C":"2","DISTRICT_N":"KANDY","DISTRICT_C":"1","DSD_N":"POOJAPITIYA","DSD_C":"06","Admin_Code":"2106085","GND_NO_Cen":"526","GND_NAME_C":"Palliya Kotuwa","GND_NO_Gaz":"526","GND_NAME_G":"පල්ලියක K","shape_1":"Polygon","Area__Ha_":32.8535487377,"MWS_ID":"109","Alt_MWS":null,"Density":6233.72538214,"Area":0.32853548632,"Total_Pop":2048.0,"Field":0},"geometry":{"type":"MultiPolygon","coordinates":[[[[80.5635102150813,7.418330334124884],[80.56359801354614,7.418300263126446],[80.56364558395101,7.418282562611449],[80.56369777306026,7.418262331370452],[80.56374000072206,7.418240015482372],[80.56376183695505,7.418230892545376],[80.56377896137688,7.418227645270876],[80.5638050307811,7.418213292105797],[80.56382064487555,7.418204695204116],[80.56384039873383,7.418194848736347],[80.56393219015085,7.418150309957765],[80.56395402295506,7.418146432823486],[80.56404780477405,7.418111119682242],[80.56409727602524,7.418094775563138],[80.56410986810245,7.418093424227002],[80.56416794869075,7.418072563639334],[80.5642708652453,7.418064925325504],[80.5643460586869,7.418061163143225],[80.56441075098805,7.418041571688305],[80.56449928510342,7.417988440436586],[80.56456344520404,7.417943165827945],[80.56464023244207,7.417828809095961],[80.56470451143244,7.417724213684721],[80.56471049864012,7.417709114810291],[80.56472909017687,7.417666983518123],[80.56474033492935,7.417643296344052],[80.56475331905764,7.417613905705331],[80.5647775179446,7.417559124185153],[80.56480010208791,7.417503249507011],[80.56482258656827,7.417466364067859],[80.56487541653662,7.417435553642972],[80.56490985723396,7.417402743211353],[80.56493622797292,7.417387021922211],[80.56499096156793,7.417351780438796],[80.56505919381961,7.417317539182034],[80.56514101919531,7.417274262325854],[80.56519918841211,7.4172552997555],[80.565274484236,7.417226489396371],[80.5653391776262,7.417204274442192],[80.56541835951013,7.417193278703049],[80.56549428343375,7.417179026847628],[80.56559132568403,7.417141093365207],[80.5656487663877,7.417129997755511],[80.5657180836846,7.417099917570009],[80.56579411261006,7.417053381478981],[80.56585881316707,7.417015974296041],[80.5659526987502,7.416946388011227],[80.56607296368821,7.416844622182552],[80.56609680184737,7.416818408898905],[80.56620402930992,7.416700087366532],[80.5662905833704,7.416614761904997],[80.56632911414268,7.416574281250736],[80.56640569257253,7.416493822491422],[80.56642816617156,7.416483343277288],[80.5665040934434,7.416457877084145],[80.5665149629834,7.416451484325287],[80.56657214700014,7.416417848918907],[80.56667127787438,7.416368793348966],[80.5667861702347,7.416322909311112],[80.56687660021926,7.416282348158961],[80.56696186899983,7.416234461577032],[80.56708810447203,7.416149878066903],[80.56715543443234,7.416107227917383],[80.56722747636553,7.416063945157491],[80.56736329986651,7.416004597714547],[80.56744874727693,7.415965752261836],[80.56753654910193,7.415925100211681],[80.56763505988678,7.41584574933926],[80.56771172005615,7.415808347487394],[80.56778376193546,7.415759188524496],[80.56781874958523,7.415718420315327],[80.56788627818673,7.415642220795382],[80.5679425799733,7.415546210132842],[80.56794258027095,7.415545577126403],[80.56798700030716,7.415479765251479],[80.56804508441833,7.415450313338662],[80.56811239714628,7.415443924359816],[80.56815261802498,7.415446022161265],[80.56824103211709,7.41545546820354],[80.56830560858275,7.415488506087439],[80.56834961545286,7.415532746699584],[80.56840033141631,7.415563786830735],[80.56840757686815,7.415569759470084],[80.56843066788609,7.415588941320961],[80.56847812619056,7.415616092355944],[80.56852685654512,7.415633296733761],[80.56856118897359,7.415635392651848],[80.56858555878937,7.415636037041833],[80.56863764901674,7.415636241323925],[80.56865673859639,7.415636110071934],[80.56871093807462,7.415635733868513],[80.5687827785533,7.415633324896657],[80.56887382391001,7.415632191788882],[80.56888704998063,7.415632922298193],[80.56894774524905,7.415635663488068],[80.56906116675145,7.415634630299884],[80.5691634402141,7.415644806959113],[80.56927023100401,7.415679310334056],[80.56929586110724,7.415695147430953],[80.56935381060819,7.415759831507555],[80.5693999110641,7.415783002010986],[80.56945535046707,7.415789086578998],[80.56948234802992,7.41578656710919],[80.56949411127908,7.415782919227254],[80.56950555797229,7.415749048748281],[80.5695174344346,7.415727984192976],[80.56952950555988,7.415679972635315],[80.56953812161824,7.415658906563331],[80.5695416329367,7.415606534130966],[80.56954222681748,7.41559768768716],[80.56955845054388,7.415429553292682],[80.56956052425086,7.415408065489711],[80.56957986637178,7.41530932544405],[80.56959005685883,7.415214560946578],[80.56961487441043,7.415030184876795],[80.5696380910048,7.414978290023892],[80.56969413334897,7.414856778782435],[80.56973556572397,7.414786263903158],[80.56979311872546,7.414725792373409],[80.56984993252856,7.414700227193517],[80.56986778673105,7.414681878287159],[80.56986790459737,7.414625269458925],[80.56986088170989,7.414532395076404],[80.56984408721142,7.414415099281404],[80.56982771163763,7.414366984076243],[80.5697961285065,7.414322646285801],[80.5697948483783,7.41432084976107],[80.56977512309577,7.414270018304377],[80.56975559400279,7.414186995835021],[80.56973523513703,7.414134989402782],[80.56974059816122,7.4140961062925],[80.56975519715736,7.414068533874749],[80.56981736959598,7.414009420925282],[80.56984773557349,7.413971183330231],[80.5698627372268,7.413954332420261],[80.56992659145453,7.413882598985624],[80.56993655796954,7.413879488312317],[80.57001199167148,7.413793933561439],[80.57004296597515,7.413768272268702],[80.57005110757376,7.413760181696594],[80.57006735645217,7.413735983053854],[80.57007548445343,7.413727908752269],[80.57008359920219,7.413717164060357],[80.5701152703566,7.41367157332103],[80.57012838880975,7.413656203668424],[80.57014388586782,7.413631796686174],[80.57016301180977,7.413551348587212],[80.57016535264667,7.413539760223218],[80.57014967539445,7.413445183562388],[80.57014931686672,7.413431088145112],[80.57013817454767,7.413295779602385],[80.57013483500114,7.413263416037879],[80.57013451147515,7.41325002869994],[80.57011785380435,7.413066368545549],[80.57011753079168,7.412970079028653],[80.57011631755854,7.412935484648253],[80.57011585532199,7.412922326032549],[80.5701118295695,7.412805199834207],[80.5701110256579,7.412780669546131],[80.57011023158604,7.412756408742625],[80.57010983767412,7.412744378719073],[80.5701047501994,7.412703196559653],[80.57009428373524,7.412618483650352],[80.57003635377623,7.412590297038449],[80.56990703178718,7.412586964416338],[80.56984216757822,7.412625798219968],[80.56964631491137,7.412679789572498],[80.56923829597054,7.412630232563698],[80.56913659027272,7.412629808123714],[80.5687833556051,7.412587970856275],[80.5683744324213,7.412552667948545],[80.56806914290829,7.412527111751399],[80.5679592084374,7.412517908814649],[80.5678251513702,7.412551022798682],[80.56774800673908,7.412573824617526],[80.56771338739507,7.412589021345826],[80.56770199377738,7.41259663197803],[80.56757449780093,7.412638274656882],[80.56754403657779,7.41265348598267],[80.5675250885152,7.412657325771442],[80.5674648888164,7.412684248226458],[80.56743819337521,7.412688114216339],[80.56728585943857,7.412738510482453],[80.56705016778876,7.412687440843508],[80.56687880942518,7.412694201204223],[80.56670844295562,7.412691543732],[80.5664855839324,7.412798747769992],[80.56632038573441,7.412830359945465],[80.56594175810498,7.412880988891475],[80.56583146598679,7.412880867998866],[80.56570162998457,7.412893506474088],[80.56515876531738,7.412861166571123],[80.56509019368838,7.412909478538968],[80.56501026684465,7.412962612229655],[80.56497056717004,7.413006000439076],[80.56490241276433,7.413068364415423],[80.56486544211053,7.413088060477159],[80.56481188414037,7.413128728295116],[80.56473058799517,7.413203565267077],[80.56466578165005,7.413271898240075],[80.56461012591674,7.413340237366141],[80.56460327725192,7.413347734329819],[80.5645785956903,7.413368473441025],[80.56361551835792,7.413539213332744],[80.56366905357122,7.413916430296991],[80.5636709116631,7.413929522663092],[80.56356968504772,7.414021349723514],[80.56356041512241,7.41404147760804],[80.56352827598711,7.414111265665059],[80.5635038014262,7.414144078958227],[80.56346998521475,7.414197325749557],[80.56344152210323,7.414233485734449],[80.56339783110205,7.414285460876671],[80.5633843888842,7.414312364450138],[80.56336137733464,7.414358419120907],[80.56336001649919,7.414364387720087],[80.56330244535798,7.414459038925905],[80.56324741579846,7.414543203328488],[80.56319121684058,7.414608194302861],[80.56315813280487,7.414647696135936],[80.56310593210362,7.414690987746082],[80.56303578699053,7.414747472546499],[80.56300207367991,7.414773047924335],[80.5629042968686,7.414832051476045],[80.56286426082889,7.414848891033762],[80.56285147122296,7.414854270876041],[80.56274119050201,7.414917880293185],[80.56266064499803,7.414939454256444],[80.56259920523546,7.414976139109444],[80.56252843001616,7.415024032722403],[80.56246498952369,7.415078531202507],[80.56244146325338,7.415098353788637],[80.56239955569214,7.415133662624954],[80.56232813576146,7.415203349399373],[80.56228318225422,7.415246642586007],[80.56224674022293,7.415296632550385],[80.56221554520853,7.415361727664827],[80.56216595788294,7.415429436375948],[80.56212552500975,7.415491178431266],[80.56207185306818,7.41557534332864],[80.56202890296805,7.415597025711218],[80.5619899384039,7.415615996221574],[80.56193248543823,7.415652683802785],[80.56190801864875,7.415667140724425],[80.56186642300295,7.415696057197584],[80.56184385229075,7.415723628208232],[80.56181474683989,7.415776243222224],[80.5618080283798,7.415806533856254],[80.56180326052339,7.415853333331817],[80.56180192884123,7.415866395227263],[80.56180055554692,7.415898046689959],[80.56180044967722,7.415929606525874],[80.56180370555714,7.41594081954272],[80.56182605501762,7.415994184617293],[80.56184904647913,7.416035068924161],[80.56185179362465,7.416039860298287],[80.56187855453457,7.416086538429406],[80.56192061661353,7.416215215436766],[80.56193156203733,7.416248703130918],[80.56193218724233,7.416269050968468],[80.56193145098734,7.416294732584385],[80.56192745511044,7.416313178270848],[80.56190959353285,7.416344095635496],[80.56187913465037,7.416383508199866],[80.56186380251621,7.416395456487063],[80.5629684830209,7.416564786220087],[80.56297921314545,7.416580878772359],[80.5629794538426,7.416585218598555],[80.56306339664813,7.416789906199933],[80.56316215166336,7.417052295798097],[80.56316686739292,7.41705897717994],[80.56317730259664,7.417081790305067],[80.56332482270615,7.417377895455157],[80.56333822503721,7.417396486941291],[80.5634117427179,7.417582491275802],[80.56342234641967,7.417682656042658],[80.56323723255976,7.417796423504559],[80.56328828549871,7.417908283910024],[80.5633329943489,7.417999278286404],[80.56324510881535,7.418022113930027],[80.56311834206122,7.418082370524152],[80.56304504822855,7.418090112306483],[80.56296586810593,7.41809513746353],[80.56287218907113,7.41810874825449],[80.56281573066458,7.418128281041097],[80.5627474226091,7.418151914530694],[80.56260669795712,7.418223918293126],[80.56259672324528,7.41824371755239],[80.56259535712864,7.418256828264613],[80.56259534498949,7.41828386757475],[80.56260845508844,7.418339215808389],[80.5626585545512,7.418333453306065],[80.56271662426664,7.418331581286044],[80.56275947658135,7.418329069847023],[80.56282017342095,7.418329190332348],[80.56286112203182,7.418329300423993],[80.56291384306809,7.418331405611199],[80.56297905988563,7.418355310291378],[80.56303449793221,7.418364650221653],[80.5631004439914,7.418377342883779],[80.56313930242763,7.41838730876008],[80.56319800367852,7.418392761767501],[80.56327518768984,7.41839424563186],[80.56332275147115,7.418388482743818],[80.56338744260239,7.418371511181967],[80.56343365730909,7.41834720959348],[80.5635102150813,7.418330334124884]]]]}},{"type":"Feature","properties":{"GND_N":"Egodamulla North","GND_NO":"531","GND_C":"005","PROVINCE_N":"CENTRAL","PROVINCE_C":"2","DISTRICT_N":"KANDY","DISTRICT_C":"1","DSD_N":"POOJAPITIYA","DSD_C":"06","Admin_Code":"2106005","GND_NO_Cen":"531","GND_NAME_C":"Egodamulla North","GND_NO_Gaz":"531","GND_NAME_G":"එගොඩමුලll","shape_1":"Polygon","Area__Ha_":195.440186764,"MWS_ID":"109","Alt_MWS":null,"Density":550.040409429,"Area":1.95440186134,"Total_Pop":1075.0,"Field":0},"geometry":{"type":"MultiPolygon","coordinates":[[[[80.54472134331735,7.451439459547903],[80.54518442106695,7.451312208105082],[80.54518864164937,7.451309565253536],[80.54533645898485,7.451216984991987],[80.54633019007245,7.450594593182351],[80.54644095801821,7.450525218230485],[80.54656926706457,7.450444856156093],[80.54657441658084,7.45044335408559],[80.54670187139438,7.450406191387647],[80.54682932437593,7.450369027747056],[80.54688360404239,7.450353200918148],[80.54693792448074,7.450337362347781],[80.54726405363093,7.450242267589314],[80.54728849364908,7.450235140842923],[80.54728401897341,7.450235139432549],[80.54730615199546,7.450228685189694],[80.54736358294645,7.450226263354437],[80.54762882679697,7.450215074170866],[80.54786840342882,7.450204968492139],[80.54799248576755,7.450199734247038],[80.54805433169132,7.450197125601546],[80.54842141263532,7.450181640593279],[80.54851218739276,7.450177810604882],[80.54864187338086,7.450172340327178],[80.54881125520214,7.450165193957328],[80.54892678299849,7.450160321292513],[80.5489656933236,7.450158679184268],[80.5490707276555,7.450147366147132],[80.54974277349288,7.45007497739947],[80.54994715397514,7.450052963844194],[80.55043891793797,7.449999993747918],[80.55123992197245,7.449950171807644],[80.55162422979548,7.449926268499463],[80.55213397286482,7.449894561036094],[80.55238192059039,7.449863095035457],[80.55262446100122,7.449832315234316],[80.5529682175927,7.449788690245852],[80.55311292254282,7.449739189878795],[80.55400680450448,7.449433410717768],[80.55415758401342,7.449381832273387],[80.55458594784115,7.449243867394761],[80.55472544163042,7.449198939602321],[80.55503628603986,7.449098824321495],[80.55543069096336,7.449536670121657],[80.55551523602784,7.449630527263861],[80.5556146514588,7.449921059257631],[80.55566046528409,7.449912373749458],[80.55566503437282,7.449924671698627],[80.55568285201163,7.44997262890629],[80.55568972505107,7.449972204600479],[80.55583401908122,7.450363732264814],[80.55589046810371,7.450516902393556],[80.55592296899428,7.450605084428993],[80.55600591151205,7.450840732922964],[80.55622566585399,7.451465078396629],[80.55623772011417,7.451466804354752],[80.55629216116733,7.451488536256824],[80.55632676502125,7.451496782520596],[80.55636191748178,7.451496799083712],[80.55638892111193,7.451484786307444],[80.55640931746208,7.451463454220846],[80.5564317108629,7.451432539427934],[80.55643225472853,7.451431996217987],[80.55643397777978,7.451428651189701],[80.55643434080696,7.451427386264115],[80.5564541602962,7.4512892192321],[80.5564541604761,7.451288858419279],[80.55646389123049,7.451217152816021],[80.55646417569041,7.451189932833255],[80.55646417632107,7.45118866772764],[80.55646372454282,7.451186225912142],[80.55643856888096,7.451122460761197],[80.55643595219793,7.451102835398826],[80.55643586182431,7.451102383207432],[80.55643550069045,7.451099851007617],[80.55643586434893,7.451097319167783],[80.55643695270957,7.451094968546501],[80.55643867413167,7.451093071290439],[80.55643900626829,7.451091979973726],[80.55644239482383,7.451080773849036],[80.55646007137719,7.451063059388955],[80.5564857718347,7.451048070834495],[80.55650329878576,7.451037850174604],[80.55650465912744,7.45103694746128],[80.55650701519798,7.451035953908775],[80.55662526161753,7.451006531746097],[80.55662634903102,7.451006080139188],[80.55670826675913,7.450973566232777],[80.5567500448814,7.450949532759908],[80.55678611958251,7.450916815241603],[80.5567863914691,7.450916635422101],[80.55678838545744,7.450915008683365],[80.55678983698273,7.450912929529138],[80.5568197529587,7.450872523367321],[80.55684887461507,7.450795220748686],[80.55684960044228,7.450793140330194],[80.55686295101691,7.450725957069782],[80.55686885021363,7.450707151602577],[80.5568695751346,7.45070507118357],[80.55687102665883,7.450702992028998],[80.55687302064585,7.450701365289839],[80.55688960997344,7.450681840782096],[80.55693519573309,7.450652745136325],[80.55696872166286,7.450644081438536],[80.55702045520074,7.450642840151758],[80.55702262880403,7.450642570844753],[80.5570859624166,7.450632654082365],[80.55713969716582,7.450613419244609],[80.55714114606766,7.450612967815337],[80.55714332202196,7.450611613357219],[80.55714495284106,7.450609714244774],[80.55716698173615,7.450584677135375],[80.55718248956487,7.450553667558591],[80.55718312429696,7.450552581816745],[80.55718394089993,7.450550141533899],[80.5571922929907,7.450517771975262],[80.557193572914,7.450492722785983],[80.55719357417141,7.45049019167025],[80.5571836528109,7.450400571314935],[80.55718365290075,7.45040039045637],[80.55718258943317,7.450394589794139],[80.55717344194869,7.450344771377474],[80.55717383180182,7.45029132784874],[80.55717383238587,7.450290152267997],[80.55717428663823,7.450287620472172],[80.55718618002466,7.450237437187626],[80.55720323075992,7.45020091218495],[80.55720604134603,7.450196844256916],[80.55722544010207,7.450175513443588],[80.5572401806227,7.450164401549403],[80.55731534784165,7.450107735940453],[80.5573155300356,7.450107554267634],[80.55737607227289,7.450061013113715],[80.55744604113629,7.450007513553879],[80.55744613178,7.450007423169384],[80.55744839823987,7.45000624870867],[80.5574736818532,7.449991249940201],[80.55750657613332,7.4499773400831],[80.55752442387593,7.449977801953619],[80.55752669002149,7.449977260497548],[80.5575292257932,7.449977441704874],[80.55753167160205,7.449978167252217],[80.55755467971125,7.449986225925035],[80.55760911440309,7.450016909257827],[80.55765105184365,7.450036733086235],[80.55768792077258,7.450046427229275],[80.55768982402955,7.450046881219921],[80.55769235984656,7.450046971997046],[80.55777263363966,7.450040500715699],[80.55791180409396,7.450017238623103],[80.55791388908598,7.450016607550653],[80.55794098252363,7.45000775793691],[80.55796218779709,7.449997369023674],[80.55796255028145,7.449997189248102],[80.5579647253247,7.449995833880985],[80.5580341534241,7.449936456957874],[80.55803469724161,7.449936003270789],[80.55806633381083,7.449900480144909],[80.55808391664469,7.449887015747548],[80.55808446046167,7.449886562964726],[80.55808654490474,7.449885208456623],[80.55819501509141,7.449836068356221],[80.55819565036826,7.449835706047596],[80.55819773490067,7.449834169776079],[80.55822338271972,7.449817272127444],[80.55823607429544,7.449803444501555],[80.55824523209336,7.449786808208893],[80.5582453227364,7.449786718728502],[80.5582468639439,7.449784639613251],[80.55824768144593,7.449782198424283],[80.55825667104058,7.449737440339302],[80.55826646610234,7.449720082733969],[80.55829429090731,7.449696042236778],[80.55832564800073,7.449675982366735],[80.5583266449446,7.449675259423],[80.55832900195462,7.449674175431556],[80.55833153799269,7.449673814962779],[80.55835518727541,7.449669576426699],[80.55838462796098,7.449673841095743],[80.55838508186034,7.449673842223436],[80.558387526898,7.449674294669138],[80.55838979309824,7.449675471365619],[80.5583916939175,7.449677190458215],[80.55840582232184,7.44968732459088],[80.55842945033078,7.449724322714067],[80.55847915431532,7.449794700275533],[80.55849799011085,7.449812434592624],[80.55849925782458,7.449813790751755],[80.55850143152581,7.44981514826083],[80.55850387824107,7.449815874707555],[80.55857535214902,7.449831373274747],[80.55863949512799,7.449835202844371],[80.55864194038993,7.449835203142201],[80.55864438691485,7.449834480006084],[80.55868588638339,7.449823920174969],[80.55870953833401,7.449812447275831],[80.55873074643559,7.449796270849809],[80.55873083612839,7.449796270893884],[80.55873301302452,7.449794825998802],[80.55873464292742,7.449792927783998],[80.55876882227608,7.449746916054126],[80.55879321769434,7.449697553630121],[80.55880690555512,7.449682457753249],[80.55880754001355,7.449681916393288],[80.55883938437317,7.449656610920592],[80.55886851135641,7.449639297158769],[80.55889816203914,7.449623738885244],[80.55899614584082,7.449724239494377],[80.55899696087299,7.44972496423326],[80.5590544634829,7.44978105772729],[80.55909621898607,7.449804318549466],[80.55909848238198,7.449805676099682],[80.5590993890978,7.449806038261776],[80.55930764981697,7.449856962563997],[80.55934940652615,7.449875972280873],[80.5593517616064,7.449876967253158],[80.55935212391267,7.449877148289332],[80.55947067894678,7.449956151166085],[80.55947303307637,7.449957238375191],[80.55947421158976,7.44995759976534],[80.55953300133922,7.449975716226323],[80.55959089337047,7.449977009672999],[80.5595934310433,7.449977011819421],[80.5595958766172,7.449976379106873],[80.55959642034391,7.44997610718075],[80.55965957656736,7.449958143557424],[80.55971395489524,7.449917567395299],[80.55971613088379,7.449916120686281],[80.55971631217022,7.449915939916321],[80.55978619898949,7.449846253088216],[80.55983632376386,7.449796270180108],[80.55983750113037,7.449795276033129],[80.55990538422418,7.449747019955692],[80.55990764977008,7.44974584638603],[80.55991018680271,7.449745304145717],[80.5599660895797,7.449738549264445],[80.56003829348586,7.449745366737818],[80.5600404677233,7.449745639992106],[80.5602419348416,7.449795927533507],[80.56036105422001,7.449834688495508],[80.56040508444335,7.44983633769593],[80.5604052647354,7.449836336879554],[80.56056563043965,7.449826378297527],[80.56056617312652,7.449826378561964],[80.56071380025719,7.449826451374689],[80.56073954686329,7.449838955818548],[80.5607495225206,7.449830054290437],[80.56083671841661,7.449752240695064],[80.56092296165593,7.449697579240154],[80.56103680613296,7.449541976783555],[80.5610879186824,7.449431705875016],[80.56113890855362,7.449292420647263],[80.56115951357727,7.44925308937678],[80.56116610828477,7.449241887481945],[80.56128470869974,7.44909988421865],[80.56138948884282,7.448958448439478],[80.56140742584388,7.448931836556004],[80.56141910812484,7.448915948364683],[80.56156756964884,7.448742354454014],[80.56158467534209,7.448716767628154],[80.5616110520231,7.448687385455588],[80.56178627815014,7.448476262699065],[80.56180550417851,7.448459268582777],[80.56197504086536,7.448370550862472],[80.56202722609021,7.448341607075817],[80.56207591384151,7.448324607307391],[80.56243343254258,7.448220579282811],[80.56254853260661,7.44821290404977],[80.56257571351009,7.448210114763201],[80.56263496789838,7.448203993256704],[80.56271143153093,7.448207105645049],[80.56278300945587,7.448196559024211],[80.5628670058439,7.448172635737556],[80.56293596815556,7.448139662256367],[80.56305505076394,7.448061046078905],[80.563061815431,7.448056087477725],[80.56314169450984,7.447997515957272],[80.56320006519756,7.447945186357931],[80.5632883853883,7.447974619292636],[80.56330312090354,7.447975291940188],[80.5633703742833,7.447978365420794],[80.56341658481247,7.447967355255806],[80.56351398345748,7.447956369684155],[80.56358609937925,7.447957308622644],[80.5636695509148,7.447935826511977],[80.56380989983444,7.447909217215969],[80.56389035701528,7.447901026741846],[80.5639263323046,7.447883138982606],[80.56394386770955,7.447871688183216],[80.56398515008372,7.447844734707799],[80.5640896400721,7.447782388532288],[80.5641742769905,7.447743092308963],[80.56427794150582,7.447701633969855],[80.56435432546301,7.447681866501884],[80.56444456975035,7.447664638577487],[80.56449775112684,7.447666291743086],[80.5646480528999,7.44766645312424],[80.56473266736954,7.447675718253485],[80.56480885532679,7.447686786121345],[80.5648798767563,7.447701018346092],[80.5649306926186,7.447723468179969],[80.5649560530703,7.44773641168216],[80.56499027526922,7.447788425800808],[80.56499434141399,7.447810944652492],[80.56501163254704,7.447838443428942],[80.56510251267888,7.44781777845401],[80.56519374736483,7.447813481344196],[80.56524239733196,7.447816398271965],[80.5653011839467,7.447839123150773],[80.56534981770217,7.447877850087826],[80.56541358283418,7.447911701039708],[80.56549337906046,7.447957587623971],[80.5655368619551,7.447964842669772],[80.56559665964579,7.447938324679863],[80.56561080596808,7.447932051994994],[80.5656670987734,7.447866787865485],[80.56570942844172,7.447824487052299],[80.56573690846298,7.447764365493462],[80.56574108156845,7.447745084319132],[80.56574798589477,7.44771318683348],[80.56574899430079,7.447688410570271],[80.56575156182407,7.447623934746854],[80.56575605365938,7.447513885244644],[80.56577511711215,7.447434677275066],[80.56581774936551,7.447327720497801],[80.56585577816733,7.447230533325875],[80.56588679198678,7.447100918461707],[80.565895015994,7.447084880198156],[80.56589833185481,7.447075457224243],[80.56592789697623,7.446991465094409],[80.56596045856129,7.446912354858251],[80.56598213313396,7.446867060035111],[80.56600456368868,7.446756295607557],[80.56604980821562,7.446682616242792],[80.56608336108003,7.446616438770697],[80.5660993327061,7.446599175244319],[80.56614934962657,7.446545121307222],[80.56622131797602,7.446474982251164],[80.5663188429403,7.446390023976579],[80.56641998116245,7.44632360722226],[80.56649239528674,7.446268479607346],[80.5665608416008,7.446174374134585],[80.566623583128,7.446074117656207],[80.56668967391545,7.445977932074701],[80.56674210077385,7.445906343140091],[80.56679483417798,7.445841668574078],[80.5668470440294,7.445788196145528],[80.56689581407441,7.445726636793182],[80.56694884140647,7.445670595639307],[80.56700831120531,7.445589599012443],[80.56707295273978,7.445492417055225],[80.56712555171708,7.445384289254289],[80.56713147561854,7.445360067827596],[80.56714815439837,7.445291880189685],[80.56715435237993,7.445213119120529],[80.56714108317023,7.445110385977307],[80.56713768139909,7.445060300055431],[80.56713235697866,7.444981881698713],[80.56714137848246,7.444869571754639],[80.56718555690377,7.444748689421906],[80.567220400095,7.444637387289052],[80.56724137533088,7.444535935412362],[80.5672811088344,7.444426804981401],[80.56734484488224,7.444328087055002],[80.5674127609854,7.444235312299993],[80.56742326352038,7.444220964298308],[80.5674704931541,7.444161304066884],[80.56752392294322,7.444019988105326],[80.5675426291778,7.443944146552583],[80.56755242435142,7.443904431864857],[80.56757946511605,7.443814196068235],[80.56759405624287,7.443792317219198],[80.5676372167434,7.443727592812809],[80.56767509918787,7.443700843549811],[80.56774760516512,7.443643726303955],[80.56780888013402,7.443578103398011],[80.567893802445,7.443507608418098],[80.56795889130379,7.443423268398295],[80.5680018658104,7.443357002948511],[80.56803968550254,7.443271112796074],[80.56806969801413,7.443218678753159],[80.56809636033111,7.44316217290655],[80.56812927727813,7.443098434739995],[80.56814082553704,7.443008554245131],[80.56811558488083,7.442932128639999],[80.56807911794698,7.442837251065148],[80.5680555714085,7.442805160170756],[80.568034846075,7.442776914754865],[80.56799591055716,7.442729692307534],[80.56795535982789,7.442649551891279],[80.56793375079863,7.442556851595341],[80.56792800844187,7.44244037582616],[80.5679285089371,7.442341627154498],[80.56794656611642,7.442277793390421],[80.567967329122,7.442245338091445],[80.56791849697777,7.442247666297955],[80.56789882893725,7.44226167451134],[80.56787925472332,7.442274596710824],[80.5678603171986,7.442280284856717],[80.56780840478521,7.44228252026851],[80.5677584989654,7.442256272261238],[80.56770460052218,7.442237707964072],[80.56766364828232,7.442242482349438],[80.56760945729754,7.442271665531068],[80.56754674310497,7.442315765542192],[80.56734511018054,7.44242961246629],[80.56722594308832,7.442494393236879],[80.56718081358504,7.442521680717402],[80.56712470949415,7.442573019041388],[80.56707095577411,7.442633309169135],[80.56701077726673,7.442681298762063],[80.56692487217053,7.442720867162723],[80.56687295291584,7.44273359226994],[80.56677429253875,7.442735082933287],[80.56667690301559,7.442731328366677],[80.56661158032112,7.442733559101604],[80.5665378142864,7.442775122616281],[80.56645922577351,7.442860451660478],[80.56645131398118,7.442871717224782],[80.5663401898353,7.443029948577421],[80.56629368362577,7.443094312265977],[80.56623151389283,7.443137962002335],[80.56616626916784,7.443166596279921],[80.56592283406674,7.443167747690464],[80.56590162827293,7.443166990675659],[80.56576610307563,7.443162155252703],[80.56569244625575,7.443162481969159],[80.56562575560207,7.443185328902445],[80.56553493592212,7.443271194535451],[80.56548607606733,7.443327508799954],[80.56541470710867,7.443471347086069],[80.56538468968694,7.443535267277531],[80.56537622583463,7.443615384586424],[80.56538653784165,7.443649118750531],[80.56543108506457,7.443703306248664],[80.5654793254399,7.443747206444457],[80.56548696040632,7.443754154149365],[80.56549899386546,7.443785811062749],[80.56549580417162,7.443823235553926],[80.5654950789499,7.443831747326676],[80.56541682988997,7.443960481531879],[80.56538228385097,7.44401788684141],[80.56532943668437,7.444079896236865],[80.56528982907957,7.444118039478788],[80.5652386289978,7.444138271273344],[80.56517085675182,7.44415098952678],[80.56514485002805,7.444163727675979],[80.56510722543317,7.444217334365362],[80.56505272533428,7.444323653333048],[80.56500965765959,7.444396067632675],[80.56490572912861,7.444612232888937],[80.56487117703256,7.444683926896523],[80.56483790209586,7.444733467217809],[80.56481352712089,7.444747832949329],[80.5647349712579,7.444761721566988],[80.56465144213252,7.444757433299109],[80.5646122200993,7.44474321624412],[80.56453045524596,7.444649493241553],[80.56448409809636,7.444587345196809],[80.56445945850209,7.444581093789375],[80.5644357174639,7.44459030623321],[80.56437691526185,7.444601038301311],[80.56431566714045,7.444609418931834],[80.5642904764522,7.444616914324628],[80.56428948341038,7.444618988299227],[80.56424894097454,7.444703704835676],[80.56422408650195,7.444769436900932],[80.56421427861494,7.444816091953109],[80.56423343998867,7.444910510293611],[80.56424125898161,7.444939850228618],[80.56425098433785,7.444976351273571],[80.56425214307916,7.445055565244266],[80.56425431766266,7.445204053120055],[80.56425455065502,7.445247101228916],[80.56425490023386,7.445311485299036],[80.56425106606352,7.445370079886714],[80.5642262983555,7.445447477379255],[80.56418603264457,7.445527396758849],[80.56415536490525,7.445620433893284],[80.56413558110535,7.445693762635674],[80.56409542059798,7.445745107279776],[80.56407484963641,7.445755948949067],[80.5640481206628,7.445761272379744],[80.56398016620193,7.445775526750014],[80.56390567677215,7.445810758493624],[80.56382383847844,7.445869498334386],[80.56378115026752,7.445903840110874],[80.56372152156857,7.445935372251992],[80.56367313978367,7.445940412171288],[80.563590509546,7.44595041016013],[80.56354012954414,7.445965939815701],[80.56353436503349,7.445969193408312],[80.56351375561684,7.445980823576341],[80.56344631690644,7.445846067702679],[80.56342135703756,7.445784319582348],[80.56342119350052,7.445779639784216],[80.56327707318921,7.445596973724097],[80.56311987951676,7.445467235059738],[80.56310621582449,7.445457256838427],[80.56295305014991,7.445335192986626],[80.56292880383677,7.445246270255709],[80.56291776437439,7.44517528421886],[80.56289101434326,7.444952513970507],[80.56289086991707,7.444947669599911],[80.56289233404,7.444851977952407],[80.56288771377727,7.444842141533481],[80.56286489904636,7.444797979310168],[80.56285124552915,7.444768887935926],[80.56284695949552,7.444768581123985],[80.56280741562655,7.444719344080222],[80.56279033621772,7.444713545657448],[80.5626713190113,7.44462139954232],[80.56266296211038,7.444616119863616],[80.56251151261715,7.444492499499799],[80.56249549978561,7.444482487572278],[80.56248351537695,7.44447716454222],[80.56236135336356,7.444428607398742],[80.56234970591314,7.444423425597659],[80.5622110904011,7.44439557602611],[80.56219187423338,7.44439824977947],[80.56205169797136,7.444399792563829],[80.56204791198783,7.444399596309911],[80.56200594053088,7.444405710739352],[80.56187373295336,7.444415310056004],[80.56185863056038,7.444418530170498],[80.56174276305218,7.444447037092307],[80.56162632513355,7.444446841428627],[80.56161071115831,7.44444572429467],[80.56159123966609,7.444444331289841],[80.56142211474005,7.444440209818525],[80.56140695904831,7.444443106154559],[80.56139182147814,7.444445997977397],[80.56129769975902,7.444456624785366],[80.56121532647052,7.444488276676282],[80.5611891531349,7.444494994626338],[80.56106621312628,7.444516853186443],[80.56098517288025,7.444508730329718],[80.560934528039,7.444482323854487],[80.56036365676913,7.444057328259909],[80.56048324650301,7.443957383417067],[80.56057276102476,7.443949053250543],[80.56064950069918,7.443941910515947],[80.56080784306991,7.4438947345978],[80.56080797808063,7.443894693065959],[80.56084372002032,7.443877421258724],[80.56094445116176,7.443828745082771],[80.56100281988132,7.443777952148969],[80.56108893507381,7.443682410151831],[80.56109365705929,7.443661884980831],[80.5611030908363,7.443634309512413],[80.56112143810971,7.4435406327022],[80.56114724826004,7.443377420240697],[80.56116132997795,7.443295317218514],[80.56116632996076,7.443262042545594],[80.56119700589586,7.443149381549237],[80.5612435533899,7.443003632010372],[80.56125797916727,7.442960957256259],[80.56131864780782,7.442838001854639],[80.56135593783151,7.442726069295318],[80.56138730663825,7.442682497555547],[80.5615022473787,7.442552424521367],[80.56154295108588,7.442499995216074],[80.56155838284255,7.442437879528003],[80.561578959881,7.442412477037739],[80.56157905142823,7.442412386652716],[80.56163924513432,7.44233609433162],[80.56166997849036,7.442293155267326],[80.56179317102088,7.442149251357354],[80.56184259954475,7.44203822710872],[80.56187099164862,7.441965806921251],[80.56189013883376,7.441901612236109],[80.5618987645788,7.441862460491526],[80.56189118045462,7.441808831301524],[80.56184691603315,7.441731403248559],[80.56180236573596,7.441683001072444],[80.56161841569963,7.441574396765662],[80.56138649495169,7.441370095758148],[80.56136658609381,7.441327584300549],[80.5613704696196,7.44116454202942],[80.56134744440524,7.441006279465189],[80.56131823061445,7.440905526977839],[80.56131850654339,7.440897026750771],[80.56131475051065,7.44079628660928],[80.56125201274727,7.440701938342235],[80.56123274623145,7.440640888264645],[80.56122921415883,7.440636546845385],[80.56120089898752,7.44055098601623],[80.56113010509522,7.440440538299356],[80.561064092561,7.440375486629345],[80.56096455437935,7.44031846778388],[80.56079913263044,7.440270201202286],[80.56077921955574,7.440264392285829],[80.56072894064688,7.440259574177431],[80.56064016682404,7.440236833226525],[80.56049740025891,7.440208007209246],[80.56048697879487,7.440213790519733],[80.56048462478009,7.440210713870846],[80.56044262417917,7.440136361384029],[80.56042063284477,7.44008787962892],[80.56040453574693,7.440024564901011],[80.56039784625662,7.439998253026584],[80.56038104945182,7.439887380247009],[80.56036885637876,7.439810689297993],[80.56036996235945,7.439586876239797],[80.5603654269928,7.439559272273784],[80.56034846522417,7.439456015372808],[80.56034930369539,7.43940691172809],[80.56035328056524,7.439240794908486],[80.56035559528152,7.43914078114969],[80.56035633426711,7.439109855568343],[80.56036012666448,7.43895042952583],[80.56034487833263,7.438824453981112],[80.56033241011843,7.438749121143585],[80.56028957768001,7.43871247638156],[80.56026830498551,7.438706345757221],[80.56026819990815,7.438706315864327],[80.56024517950128,7.438724481855845],[80.56022994698864,7.438749613798914],[80.5601370823233,7.438789477729263],[80.55967500757413,7.439027154701256],[80.55949295989824,7.439099425488535],[80.55883553002293,7.439543147859006],[80.55868397473105,7.439614224218306],[80.55859464588647,7.439664822611485],[80.55795796203998,7.439822300586603],[80.55775580887683,7.439930500980934],[80.55748196376128,7.440053105657189],[80.55743785697165,7.440063542038267],[80.55639949618437,7.440740471478227],[80.55553449712842,7.441939027808189],[80.55548729172126,7.44199649474047],[80.55483288261735,7.442472015476704],[80.55476360853059,7.442531160516959],[80.55349842908821,7.442953111500655],[80.55253725662122,7.443132807604441],[80.55252283867301,7.443129779080435],[80.55250757114905,7.443122726926843],[80.55248505298377,7.443114147376778],[80.55246572629676,7.443104311565956],[80.55229063315329,7.44303304436978],[80.5522670123981,7.443028092275389],[80.55225073330787,7.443022039749923],[80.55220681506806,7.443008258723196],[80.55216930697202,7.443004443531442],[80.55201281973568,7.44292101475701],[80.55196997044382,7.442909250821896],[80.55194358605722,7.442906913431425],[80.55168118669545,7.442918437746899],[80.5510311819119,7.442487866870763],[80.5509947400066,7.442480885288753],[80.55093515052857,7.442443677693858],[80.55090336295987,7.442427136476661],[80.5508897450372,7.442416977956655],[80.55063261104205,7.442291077116485],[80.55061095414023,7.442276185042043],[80.55059379272629,7.442257645529398],[80.54994135042165,7.44219957818165],[80.54990606402063,7.442195454667283],[80.54981850871692,7.442189089828553],[80.54979228965011,7.442186021727251],[80.54974871682653,7.442180923658852],[80.54972698929984,7.442178381435354],[80.54950204515126,7.442173823586724],[80.54947249710773,7.442178665422186],[80.54906312483787,7.442301503756227],[80.54894876551103,7.442613456910461],[80.54894363397436,7.442634776600615],[80.54891960476006,7.442958645821633],[80.54881978680486,7.443418552319835],[80.5487982581532,7.443450160772008],[80.54879180014784,7.443487503847854],[80.54862171267293,7.44397723123342],[80.5485997540221,7.444032689272424],[80.548547234447,7.44412958709847],[80.5482099576705,7.44461540858649],[80.54764369941287,7.444722257307547],[80.54759441406043,7.444736634538909],[80.5475696441345,7.444748114408033],[80.54683329203192,7.444980309578265],[80.54679574575786,7.445000925184395],[80.54675792217228,7.445021692564715],[80.54664421505915,7.445057637144159],[80.54625528444483,7.445196395296398],[80.54606622892013,7.445497969107837],[80.54563910066491,7.446111893610693],[80.54500347473628,7.446863026542656],[80.54492672680689,7.446953721358469],[80.54475125360183,7.447202337220262],[80.54473576338184,7.447224285343027],[80.54450421139111,7.447552351844974],[80.54425504027343,7.447861700073226],[80.54421913535752,7.447906277343669],[80.5439882446261,7.448207319112],[80.54376634441057,7.448286923255912],[80.5435444450244,7.448366526382083],[80.54347306129104,7.448368862623851],[80.54301197617572,7.448383961278273],[80.54189935170803,7.448448232289493],[80.54185679702144,7.448480053509343],[80.54184051899296,7.448471918920846],[80.5411660349476,7.448542425246682],[80.54106838952762,7.448595519543784],[80.54097074317862,7.448648613818006],[80.54096360648002,7.448659286098784],[80.54073934294775,7.448994675526929],[80.54073038161286,7.448998505862577],[80.54067742976791,7.449077697298582],[80.54067946043516,7.449093997340934],[80.54069580770168,7.449225245055094],[80.54070356956078,7.449287488900761],[80.54071275857044,7.449361194504181],[80.54087238582504,7.449573863119954],[80.5408883420308,7.449594290520666],[80.5412755864807,7.450090053774871],[80.54143996373658,7.450300492923758],[80.54195835651475,7.450991138629149],[80.54207847459561,7.451151168769782],[80.54212017435934,7.451204499758514],[80.54252189882325,7.451718293078431],[80.5427525230772,7.451930999442159],[80.54299347743547,7.451971209264573],[80.543071972871,7.45198430861154],[80.54334698086316,7.451895784870596],[80.54335009948197,7.451902273904156],[80.54368916440738,7.451772865335373],[80.54415484870857,7.451595128819251],[80.54429700202485,7.451556065578941],[80.54472134331735,7.451439459547903]]]]}},{"type":"Feature","properties":{"GND_N":"Ihalamulla","GND_NO":"528","GND_C":"010","PROVINCE_N":"CENTRAL","PROVINCE_C":"2","DISTRICT_N":"KANDY","DISTRICT_C":"1","DSD_N":"POOJAPITIYA","DSD_C":"06","Admin_Code":"2106010","GND_NO_Cen":"528","GND_NAME_C":"Ihalamulla","GND_NO_Gaz":"528","GND_NAME_G":"ඉහළමුල්ll","shape_1":"Polygon","Area__Ha_":88.4300700014,"MWS_ID":"109","Alt_MWS":null,"Density":715.819858594,"Area":0.88430069717,"Total_Pop":633.0,"Field":0},"geometry":{"type":"MultiPolygon","coordinates":[[[[80.57139853227861,7.447885498140365],[80.57139854423166,7.447859760130505],[80.57140240795935,7.447844794044073],[80.57152815825991,7.447357604129211],[80.57160712802707,7.447051658282619],[80.57165507928728,7.446916246132031],[80.5716853660903,7.446830722047132],[80.57184522571224,7.446379296312513],[80.5718547546115,7.446352388014915],[80.57193752734743,7.446118649914358],[80.57193796440347,7.44610219286792],[80.57197425648332,7.445988088600028],[80.57199548868456,7.445916478300845],[80.57200447328331,7.445885193868772],[80.57201282902581,7.445840434260052],[80.57202094428096,7.445728034245379],[80.57201451496022,7.445721249074686],[80.57200120151411,7.445713556434949],[80.57198244871552,7.445707489015452],[80.57203221244905,7.445656510681836],[80.57207273796644,7.44559557903942],[80.57210257706524,7.445523702316812],[80.57215667500942,7.445306153178866],[80.57218372888846,7.445181825201336],[80.57222707683574,7.445012321670079],[80.57225582706079,7.44499688956854],[80.57230426605012,7.444951986542049],[80.57235270684241,7.444907081702167],[80.57320988018805,7.444112488719595],[80.57324392276726,7.444062197529483],[80.57342789942481,7.4437904138762],[80.57361187494742,7.443518630136775],[80.5736722629623,7.443429411143864],[80.57368082822865,7.443381664704858],[80.57381295835984,7.442645063444214],[80.57376094135824,7.442503933586701],[80.57370238515136,7.442500837646064],[80.57363833998625,7.442485164975029],[80.57356406894986,7.442444166471631],[80.57352841403866,7.442423143402104],[80.57337957298043,7.442335384951144],[80.57335988944135,7.442328276323366],[80.57329433411263,7.442304599907247],[80.57322656916952,7.442302488079834],[80.57316160697945,7.442308970131285],[80.57310071375188,7.442334623269468],[80.57306047025929,7.442374304239712],[80.57304586476508,7.442382812376492],[80.57300075057731,7.44240909127426],[80.57293152374407,7.442431757298571],[80.57288976375887,7.442437721848427],[80.5728557793519,7.442442574969056],[80.57278419592237,7.442469489166985],[80.57272450200972,7.442511190409091],[80.57271821886947,7.442515577871487],[80.57266437495859,7.442578583348268],[80.57261280447783,7.44262314225986],[80.57256105742466,7.442657661609046],[80.57249881446269,7.442663149183776],[80.57235375877586,7.442685055896992],[80.57229431421615,7.442712428651404],[80.57223758706984,7.442740888706303],[80.5721806897729,7.442743484955913],[80.57212941280503,7.442740929310509],[80.57207622466157,7.442758989782592],[80.57202574768725,7.442787723074112],[80.57201188117622,7.442798749071529],[80.57199384309557,7.442816647589964],[80.5719808065511,7.442798101739315],[80.57190933935676,7.44276940265594],[80.5717838841548,7.442723316199973],[80.57161205011799,7.442656229568346],[80.57150479450303,7.442630949302945],[80.5714834539499,7.442629714121733],[80.57145442369554,7.442628033185235],[80.5713274011165,7.442638825982481],[80.57127285008893,7.442665295663301],[80.57122326285365,7.442726947391027],[80.57120630408926,7.442767541447281],[80.57118433869687,7.442853439228083],[80.5711541378168,7.442922151605528],[80.57115341454158,7.442922813214017],[80.57110138856308,7.442970417395872],[80.57107872740586,7.44299382721654],[80.57103858097604,7.443017140316257],[80.57102090679867,7.443035578825807],[80.57099321143023,7.443048604108474],[80.5709678956702,7.443060511880113],[80.57091034935979,7.443096839645103],[80.57087736455524,7.443112557265205],[80.57084175940585,7.443113265097871],[80.57077291901926,7.44308574353684],[80.57072419060631,7.443055788797487],[80.57064647292769,7.443023649390089],[80.57058188517173,7.443007883788749],[80.5705173949932,7.442975209731623],[80.57045972585274,7.442946540335348],[80.57043199043157,7.442932750530129],[80.57035354125341,7.442893747140034],[80.57031293336232,7.442890502648901],[80.57030117878098,7.442889562144728],[80.57024479600453,7.442878675358705],[80.57021856044044,7.442873609058921],[80.57014210703936,7.442848433217301],[80.57007660906436,7.442843791746144],[80.57000649145446,7.442831550235685],[80.56993992356563,7.442786123677582],[80.56987934511484,7.442721258480543],[80.5697915127547,7.44262047829136],[80.56974071954843,7.442550281396217],[80.56968267610799,7.442489214485769],[80.56961982256597,7.442442344550854],[80.56953865971316,7.442415900399419],[80.5694606617611,7.442402299591063],[80.56937343174447,7.442369793807558],[80.56935278302888,7.442355769415832],[80.56932949954428,7.442353767287013],[80.56929363801255,7.442321739430859],[80.5692459973521,7.442292870193818],[80.5691896558634,7.442269513079704],[80.56918529039523,7.442262830114814],[80.56908147802844,7.442292891867401],[80.56896739594936,7.442325928439845],[80.56889726477945,7.44234280411519],[80.56887324769593,7.442361512666321],[80.56882837996895,7.442408423621685],[80.56874584198776,7.442418423542071],[80.56864889619536,7.442430585193431],[80.56856654121852,7.442434797683987],[80.5684950612409,7.442431960860794],[80.56840518506723,7.442439604303286],[80.5683447574964,7.442437768268254],[80.56831677016211,7.442422381231471],[80.56827158684824,7.44236982054064],[80.56823546357384,7.442316631997492],[80.56821427045193,7.442302515060125],[80.56813328996472,7.442271912795727],[80.5680450586993,7.442251522919317],[80.56799807578997,7.4422477841906],[80.567967329122,7.442245338091445],[80.56794656611642,7.442277793390421],[80.5679285089371,7.442341627154498],[80.56792800844187,7.44244037582616],[80.56793375079863,7.442556851595341],[80.56795535982789,7.442649551891279],[80.56799591055716,7.442729692307534],[80.568034846075,7.442776914754865],[80.5680555714085,7.442805160170756],[80.56807911794698,7.442837251065148],[80.56811558488083,7.442932128639999],[80.56814082553704,7.443008554245131],[80.56812927727813,7.443098434739995],[80.56809636033111,7.44316217290655],[80.56806969801413,7.443218678753159],[80.56803968550254,7.443271112796074],[80.5680018658104,7.443357002948511],[80.56795889130379,7.443423268398295],[80.567893802445,7.443507608418098],[80.56780888013402,7.443578103398011],[80.56774760516512,7.443643726303955],[80.56767509918787,7.443700843549811],[80.5676372167434,7.443727592812809],[80.56759405624287,7.443792317219198],[80.56757946511605,7.443814196068235],[80.56755242435142,7.443904431864857],[80.5675426291778,7.443944146552583],[80.56752392294322,7.444019988105326],[80.5674704931541,7.444161304066884],[80.56742326352038,7.444220964298308],[80.5674127609854,7.444235312299993],[80.56734484488224,7.444328087055002],[80.5672811088344,7.444426804981401],[80.56724137533088,7.444535935412362],[80.567220400095,7.444637387289052],[80.56718555690377,7.444748689421906],[80.56714137848246,7.444869571754639],[80.56713235697866,7.444981881698713],[80.56713768139909,7.445060300055431],[80.56714108317023,7.445110385977307],[80.56715435237993,7.445213119120529],[80.56714815439837,7.445291880189685],[80.56713147561854,7.445360067827596],[80.56712555171708,7.445384289254289],[80.56707295273978,7.445492417055225],[80.56700831120531,7.445589599012443],[80.56694884140647,7.445670595639307],[80.56689581407441,7.445726636793182],[80.5668470440294,7.445788196145528],[80.56679483417798,7.445841668574078],[80.56674210077385,7.445906343140091],[80.56668967391545,7.445977932074701],[80.566623583128,7.446074117656207],[80.5665608416008,7.446174374134585],[80.56649239528674,7.446268479607346],[80.56641998116245,7.44632360722226],[80.5663188429403,7.446390023976579],[80.56622131797602,7.446474982251164],[80.56614934962657,7.446545121307222],[80.5660993327061,7.446599175244319],[80.56608336108003,7.446616438770697],[80.56604980821562,7.446682616242792],[80.56600456368868,7.446756295607557],[80.56598213313396,7.446867060035111],[80.56596045856129,7.446912354858251],[80.56592789697623,7.446991465094409],[80.56589833185481,7.447075457224243],[80.565895015994,7.447084880198156],[80.56588679198678,7.447100918461707],[80.56585577816733,7.447230533325875],[80.56581774936551,7.447327720497801],[80.56577511711215,7.447434677275066],[80.56575605365938,7.447513885244644],[80.56575156182407,7.447623934746854],[80.56574899430079,7.447688410570271],[80.56574798589477,7.44771318683348],[80.56574108156845,7.447745084319132],[80.56573690846298,7.447764365493462],[80.56570942844172,7.447824487052299],[80.5656670987734,7.447866787865485],[80.56561080596808,7.447932051994994],[80.56559665964579,7.447938324679863],[80.5655368619551,7.447964842669772],[80.56549337906046,7.447957587623971],[80.56541358283418,7.447911701039708],[80.56534981770217,7.447877850087826],[80.5653011839467,7.447839123150773],[80.56524239733196,7.447816398271965],[80.56519374736483,7.447813481344196],[80.56510251267888,7.44781777845401],[80.56501163254704,7.447838443428942],[80.56499434141399,7.447810944652492],[80.56499027526922,7.447788425800808],[80.5649560530703,7.44773641168216],[80.5649306926186,7.447723468179969],[80.5648798767563,7.447701018346092],[80.56480885532679,7.447686786121345],[80.56473266736954,7.447675718253485],[80.5646480528999,7.44766645312424],[80.56449775112684,7.447666291743086],[80.56444456975035,7.447664638577487],[80.56435432546301,7.447681866501884],[80.56427794150582,7.447701633969855],[80.5641742769905,7.447743092308963],[80.5640896400721,7.447782388532288],[80.56398515008372,7.447844734707799],[80.56394386770955,7.447871688183216],[80.5639263323046,7.447883138982606],[80.56389035701528,7.447901026741846],[80.56380989983444,7.447909217215969],[80.5636695509148,7.447935826511977],[80.56358609937925,7.447957308622644],[80.56351398345748,7.447956369684155],[80.56341658481247,7.447967355255806],[80.5633703742833,7.447978365420794],[80.56330312090354,7.447975291940188],[80.5632883853883,7.447974619292636],[80.56320006519756,7.447945186357931],[80.56314169450984,7.447997515957272],[80.563061815431,7.448056087477725],[80.56305505076394,7.448061046078905],[80.56293596815556,7.448139662256367],[80.5628670058439,7.448172635737556],[80.56278300945587,7.448196559024211],[80.56271143153093,7.448207105645049],[80.56263496789838,7.448203993256704],[80.56257571351009,7.448210114763201],[80.56254853260661,7.44821290404977],[80.56243343254258,7.448220579282811],[80.56207591384151,7.448324607307391],[80.56202722609021,7.448341607075817],[80.56197504086536,7.448370550862472],[80.56180550417851,7.448459268582777],[80.56178627815014,7.448476262699065],[80.5616110520231,7.448687385455588],[80.56158467534209,7.448716767628154],[80.56156756964884,7.448742354454014],[80.56141910812484,7.448915948364683],[80.56140742584388,7.448931836556004],[80.56138948884282,7.448958448439478],[80.56128470869974,7.44909988421865],[80.56116610828477,7.449241887481945],[80.56115951357727,7.44925308937678],[80.56113890855362,7.449292420647263],[80.5610879186824,7.449431705875016],[80.56103680613296,7.449541976783555],[80.56092296165593,7.449697579240154],[80.56083671841661,7.449752240695064],[80.5607495225206,7.449830054290437],[80.56073954686329,7.449838955818548],[80.56071380025719,7.449826451374689],[80.56056617312652,7.449826378561964],[80.56056563043965,7.449826378297527],[80.5604052647354,7.449836336879554],[80.56040508444335,7.44983633769593],[80.56036105422001,7.449834688495508],[80.5602419348416,7.449795927533507],[80.5600404677233,7.449745639992106],[80.56003829348586,7.449745366737818],[80.5599660895797,7.449738549264445],[80.55991018680271,7.449745304145717],[80.55990764977008,7.44974584638603],[80.55990538422418,7.449747019955692],[80.55983750113037,7.449795276033129],[80.55983632376386,7.449796270180108],[80.55978619898949,7.449846253088216],[80.55971631217022,7.449915939916321],[80.55971613088379,7.449916120686281],[80.55971395489524,7.449917567395299],[80.55965957656736,7.449958143557424],[80.55959642034391,7.44997610718075],[80.5595958766172,7.449976379106873],[80.5595934310433,7.449977011819421],[80.55959089337047,7.449977009672999],[80.55953300133922,7.449975716226323],[80.55947421158976,7.44995759976534],[80.55947303307637,7.449957238375191],[80.55947067894678,7.449956151166085],[80.55935212391267,7.449877148289332],[80.5593517616064,7.449876967253158],[80.55934940652615,7.449875972280873],[80.55930764981697,7.449856962563997],[80.5590993890978,7.449806038261776],[80.55909848238198,7.449805676099682],[80.55909621898607,7.449804318549466],[80.5590544634829,7.44978105772729],[80.55899696087299,7.44972496423326],[80.55899614584082,7.449724239494377],[80.55889816203914,7.449623738885244],[80.55886851135641,7.449639297158769],[80.55883938437317,7.449656610920592],[80.55880754001355,7.449681916393288],[80.55880690555512,7.449682457753249],[80.55879321769434,7.449697553630121],[80.55876882227608,7.449746916054126],[80.55873464292742,7.449792927783998],[80.55873301302452,7.449794825998802],[80.55873083612839,7.449796270893884],[80.55873074643559,7.449796270849809],[80.55870953833401,7.449812447275831],[80.55868588638339,7.449823920174969],[80.55864438691485,7.449834480006084],[80.55864194038993,7.449835203142201],[80.55863949512799,7.449835202844371],[80.55857535214902,7.449831373274747],[80.55850387824107,7.449815874707555],[80.55850143152581,7.44981514826083],[80.55849925782458,7.449813790751755],[80.55849799011085,7.449812434592624],[80.55847915431532,7.449794700275533],[80.55842945033078,7.449724322714067],[80.55840582232184,7.44968732459088],[80.5583916939175,7.449677190458215],[80.55838979309824,7.449675471365619],[80.558387526898,7.449674294669138],[80.55838508186034,7.449673842223436],[80.55838462796098,7.449673841095743],[80.55835518727541,7.449669576426699],[80.55833153799269,7.449673814962779],[80.55832900195462,7.449674175431556],[80.5583266449446,7.449675259423],[80.55832564800073,7.449675982366735],[80.55829429090731,7.449696042236778],[80.55826646610234,7.449720082733969],[80.55825667104058,7.449737440339302],[80.55824768144593,7.449782198424283],[80.5582468639439,7.449784639613251],[80.5582453227364,7.449786718728502],[80.55824523209336,7.449786808208893],[80.55823607429544,7.449803444501555],[80.55822338271972,7.449817272127444],[80.55819773490067,7.449834169776079],[80.55819565036826,7.449835706047596],[80.55819501509141,7.449836068356221],[80.55808654490474,7.449885208456623],[80.55808446046167,7.449886562964726],[80.55808391664469,7.449887015747548],[80.55806633381083,7.449900480144909],[80.55803469724161,7.449936003270789],[80.5580341534241,7.449936456957874],[80.5579647253247,7.449995833880985],[80.55796255028145,7.449997189248102],[80.55796218779709,7.449997369023674],[80.55794098252363,7.45000775793691],[80.55791388908598,7.450016607550653],[80.55791180409396,7.450017238623103],[80.55777263363966,7.450040500715699],[80.55769235984656,7.450046971997046],[80.55768982402955,7.450046881219921],[80.55768792077258,7.450046427229275],[80.55765105184365,7.450036733086235],[80.55760911440309,7.450016909257827],[80.55755467971125,7.449986225925035],[80.55753167160205,7.449978167252217],[80.5575292257932,7.449977441704874],[80.55752669002149,7.449977260497548],[80.55752442387593,7.449977801953619],[80.55750657613332,7.4499773400831],[80.5574736818532,7.449991249940201],[80.55744839823987,7.45000624870867],[80.55744613178,7.450007423169384],[80.55744604113629,7.450007513553879],[80.55737607227289,7.450061013113715],[80.5573155300356,7.450107554267634],[80.55731534784165,7.450107735940453],[80.5572401806227,7.450164401549403],[80.55722544010207,7.450175513443588],[80.55720604134603,7.450196844256916],[80.55720323075992,7.45020091218495],[80.55718618002466,7.450237437187626],[80.55717428663823,7.450287620472172],[80.55717383238587,7.450290152267997],[80.55717383180182,7.45029132784874],[80.55717344194869,7.450344771377474],[80.55718258943317,7.450394589794139],[80.55718365290075,7.45040039045637],[80.5571836528109,7.450400571314935],[80.55719357417141,7.45049019167025],[80.557193572914,7.450492722785983],[80.5571922929907,7.450517771975262],[80.55718394089993,7.450550141533899],[80.55718312429696,7.450552581816745],[80.55718248956487,7.450553667558591],[80.55716698173615,7.450584677135375],[80.55714495284106,7.450609714244774],[80.55714332202196,7.450611613357219],[80.55714114606766,7.450612967815337],[80.55713969716582,7.450613419244609],[80.5570859624166,7.450632654082365],[80.55702262880403,7.450642570844753],[80.55702045520074,7.450642840151758],[80.55696872166286,7.450644081438536],[80.55693519573309,7.450652745136325],[80.55688960997344,7.450681840782096],[80.55687302064585,7.450701365289839],[80.55687102665883,7.450702992028998],[80.5568695751346,7.45070507118357],[80.55686885021363,7.450707151602577],[80.55686295101691,7.450725957069782],[80.55684960044228,7.450793140330194],[80.55684887461507,7.450795220748686],[80.5568197529587,7.450872523367321],[80.55678983698273,7.450912929529138],[80.55678838545744,7.450915008683365],[80.5567863914691,7.450916635422101],[80.55678611958251,7.450916815241603],[80.5567500448814,7.450949532759908],[80.55670826675913,7.450973566232777],[80.55662634903102,7.451006080139188],[80.55662526161753,7.451006531746097],[80.55650701519798,7.451035953908775],[80.55650465912744,7.45103694746128],[80.55650329878576,7.451037850174604],[80.5564857718347,7.451048070834495],[80.55646007137719,7.451063059388955],[80.55644239482383,7.451080773849036],[80.55643900626829,7.451091979973726],[80.55643867413167,7.451093071290439],[80.55643695270957,7.451094968546501],[80.55643586434893,7.451097319167783],[80.55643550069045,7.451099851007617],[80.55643586182431,7.451102383207432],[80.55643595219793,7.451102835398826],[80.55643856888096,7.451122460761197],[80.55646372454282,7.451186225912142],[80.55646417632107,7.45118866772764],[80.55646417569041,7.451189932833255],[80.55646389123049,7.451217152816021],[80.5564541604761,7.451288858419279],[80.5564541602962,7.4512892192321],[80.55643434080696,7.451427386264115],[80.55643397777978,7.451428651189701],[80.55643225472853,7.451431996217987],[80.5564317108629,7.451432539427934],[80.55640931746208,7.451463454220846],[80.55638892111193,7.451484786307444],[80.55636191748178,7.451496799083712],[80.55632676502125,7.451496782520596],[80.55629216116733,7.451488536256824],[80.55623772011417,7.451466804354752],[80.55622566585399,7.451465078396629],[80.55623834806158,7.451501109021489],[80.55625683940804,7.451553643167952],[80.55625971725327,7.451561888133418],[80.55641932032182,7.451941711719765],[80.55655822089713,7.452272269038004],[80.55659347929793,7.452356175087912],[80.55663199994922,7.452447847013655],[80.5566310667692,7.452460590751384],[80.55659776320523,7.452915455283646],[80.55658841220729,7.45304318382914],[80.55658586169466,7.453078003267068],[80.55657402494539,7.453239656030912],[80.5565709207104,7.453282061306926],[80.55656781556915,7.453324465678075],[80.55655158287978,7.453546169445266],[80.55654839686565,7.453587227283339],[80.55651585544491,7.454006754201949],[80.55648129256997,7.454375609861021],[80.55644447802132,7.454768484217983],[80.55644977599624,7.45479270562204],[80.55650646005944,7.455051963801876],[80.55662638430152,7.4554957227891],[80.55668362311059,7.455707524834887],[80.55690228590181,7.456161394816949],[80.55691412054435,7.456185958566665],[80.55726893257233,7.456522729362175],[80.55785384316907,7.456576910824071],[80.5584225635081,7.456629593267777],[80.55927448028625,7.456700873346287],[80.55976743856002,7.456742088438476],[80.55989333148237,7.456752631705363],[80.5599165533285,7.456676782830825],[80.55985127431168,7.456427222094829],[80.55992385330332,7.456275716179775],[80.55997066090934,7.456178003987467],[80.56002714815814,7.456060088285295],[80.56005091879331,7.45601046687857],[80.5601975728786,7.455704327736449],[80.5603017625945,7.455486836453931],[80.56054813440046,7.455087796275553],[80.56074109720694,7.454692356139706],[80.5608253080354,7.454519780259305],[80.5610176511784,7.454312451643036],[80.56127156163343,7.454128326275078],[80.56137169856463,7.454020989204861],[80.56152584314461,7.453475945254151],[80.56154520748208,7.453448902720197],[80.56189475634307,7.45269749419675],[80.56235374954572,7.451681271642186],[80.56239101102065,7.451562089320211],[80.56245119243496,7.451504185749955],[80.56286072235932,7.450821184332812],[80.56353652388457,7.44993349800116],[80.56357265607845,7.449866794782354],[80.5635861852088,7.449825456080553],[80.5642637791698,7.449432057131791],[80.56443979039354,7.449293378446205],[80.5645164477229,7.449265231905748],[80.56653918899015,7.448959809225486],[80.5665656950767,7.448952965426446],[80.5667567110309,7.44889869605485],[80.56684571544099,7.448871403174979],[80.56687224657576,7.448867120328888],[80.56712694394584,7.448794392624317],[80.56752319933587,7.448533112137685],[80.56756287286233,7.44850546126061],[80.56767260297049,7.448450310358942],[80.56774259408922,7.448421376990306],[80.56776767845483,7.44841874736143],[80.56793063058866,7.448340698510838],[80.5680047658257,7.448301802636431],[80.56802324221164,7.448287050539308],[80.56818140804666,7.448202998448682],[80.56831262292476,7.448068236218869],[80.56834868555042,7.448064627840621],[80.568542649523,7.448074648929638],[80.56883723461407,7.448189395425342],[80.56914305954774,7.448317590218998],[80.56923794334547,7.448259850218235],[80.56930121162846,7.44819486106842],[80.56939412016618,7.448100768400182],[80.56948087717723,7.447983160293098],[80.5695056225882,7.447942049989022],[80.5695100677681,7.447939225242049],[80.56951605903073,7.447925726931973],[80.56958951069727,7.447937651783155],[80.56961429194905,7.447953450512193],[80.56977198576426,7.448056265432304],[80.5699775520455,7.448137503544572],[80.5701604042099,7.448188213784002],[80.57034459124772,7.44833140942095],[80.57058429160648,7.448350660218211],[80.57071860277766,7.448188024740118],[80.57071783799269,7.447748889298355],[80.57080179222918,7.447812501032112],[80.57085704117925,7.447849060141303],[80.57091944821495,7.447880016845249],[80.57099300505824,7.447897683779893],[80.57107236898473,7.447902332464796],[80.5711500137443,7.447896399195392],[80.5712206027305,7.447868942256941],[80.5712766451321,7.447853364612907],[80.5712972580423,7.447847636409938],[80.57136131143002,7.447849023401256],[80.57138875465915,7.447866487165398],[80.57139853227861,7.447885498140365]]]]}},{"type":"Feature","properties":{"GND_N":"Dehiwatta","GND_NO":"529","GND_C":"015","PROVINCE_N":"CENTRAL","PROVINCE_C":"2","DISTRICT_N":"KANDY","DISTRICT_C":"1","DSD_N":"POOJAPITIYA","DSD_C":"06","Admin_Code":"2106015","GND_NO_Cen":"529","GND_NAME_C":"Dehiwatta","GND_NO_Gaz":"529","GND_NAME_G":"දෙහිවත්ta","shape_1":"Polygon","Area__Ha_":115.175310933,"MWS_ID":"109","Alt_MWS":null,"Density":848.272077785,"Area":1.15175310562,"Total_Pop":977.0,"Field":0},"geometry":{"type":"MultiPolygon","coordinates":[[[[80.57151905203678,7.448414007915151],[80.57151970533067,7.448179615219074],[80.57150115893393,7.448124896856631],[80.57146298101524,7.448003252563023],[80.57143211218903,7.447950789232871],[80.5714225816776,7.447932258553022],[80.57139853227861,7.447885498140365],[80.57138875465915,7.447866487165398],[80.57136131143002,7.447849023401256],[80.5712972580423,7.447847636409938],[80.5712766451321,7.447853364612907],[80.5712206027305,7.447868942256941],[80.5711500137443,7.447896399195392],[80.57107236898473,7.447902332464796],[80.57099300505824,7.447897683779893],[80.57091944821495,7.447880016845249],[80.57085704117925,7.447849060141303],[80.57080179222918,7.447812501032112],[80.57071783799269,7.447748889298355],[80.57071860277766,7.448188024740118],[80.57058429160648,7.448350660218211],[80.57034459124772,7.44833140942095],[80.5701604042099,7.448188213784002],[80.5699775520455,7.448137503544572],[80.56977198576426,7.448056265432304],[80.56961429194905,7.447953450512193],[80.56958951069727,7.447937651783155],[80.56951605903073,7.447925726931973],[80.5695100677681,7.447939225242049],[80.5695056225882,7.447942049989022],[80.56948087717723,7.447983160293098],[80.56939412016618,7.448100768400182],[80.56930121162846,7.44819486106842],[80.56923794334547,7.448259850218235],[80.56914305954774,7.448317590218998],[80.56883723461407,7.448189395425342],[80.568542649523,7.448074648929638],[80.56834868555042,7.448064627840621],[80.56831262292476,7.448068236218869],[80.56818140804666,7.448202998448682],[80.56802324221164,7.448287050539308],[80.5680047658257,7.448301802636431],[80.56793063058866,7.448340698510838],[80.56776767845483,7.44841874736143],[80.56774259408922,7.448421376990306],[80.56767260297049,7.448450310358942],[80.56756287286233,7.44850546126061],[80.56752319933587,7.448533112137685],[80.56712694394584,7.448794392624317],[80.56687224657576,7.448867120328888],[80.56684571544099,7.448871403174979],[80.5667567110309,7.44889869605485],[80.5665656950767,7.448952965426446],[80.56653918899015,7.448959809225486],[80.5645164477229,7.449265231905748],[80.56443979039354,7.449293378446205],[80.5642637791698,7.449432057131791],[80.5635861852088,7.449825456080553],[80.56357265607845,7.449866794782354],[80.56353652388457,7.44993349800116],[80.56286072235932,7.450821184332812],[80.56245119243496,7.451504185749955],[80.56239101102065,7.451562089320211],[80.56235374954572,7.451681271642186],[80.56189475634307,7.45269749419675],[80.56154520748208,7.453448902720197],[80.56152584314461,7.453475945254151],[80.56137169856463,7.454020989204861],[80.56127156163343,7.454128326275078],[80.5610176511784,7.454312451643036],[80.5608253080354,7.454519780259305],[80.56074109720694,7.454692356139706],[80.56054813440046,7.455087796275553],[80.5603017625945,7.455486836453931],[80.5601975728786,7.455704327736449],[80.56005091879331,7.45601046687857],[80.56002714815814,7.456060088285295],[80.55997066090934,7.456178003987467],[80.55992385330332,7.456275716179775],[80.55985127431168,7.456427222094829],[80.5599165533285,7.456676782830825],[80.55989333148237,7.456752631705363],[80.56012639557431,7.456772151790786],[80.56141318158323,7.456808208963735],[80.56214078580285,7.457021149378074],[80.56320564905367,7.457181103197577],[80.56384687423984,7.457394783241427],[80.5639509881854,7.45742947942202],[80.56439786135935,7.457673899018653],[80.56479384540486,7.457890485921129],[80.56511985743604,7.458097182276276],[80.5652432152066,7.458175394702869],[80.56537145128956,7.458256697583985],[80.56560771400878,7.458406492435154],[80.56561536541008,7.458394750215328],[80.56561794604869,7.458390264341663],[80.56562136219252,7.458385428000175],[80.56564843305814,7.458356359728669],[80.56572891320191,7.458269947619845],[80.56580799572815,7.458209288197725],[80.56604065710866,7.45803083259695],[80.5660498181247,7.458024308858821],[80.56619184556698,7.457923153379088],[80.56620851266385,7.457911281595514],[80.5665812489479,7.457813569645558],[80.56666402736296,7.457791866963941],[80.56697991555068,7.457746980052852],[80.5670996920462,7.457729958237595],[80.567660158116,7.45765031237742],[80.56783870741702,7.45762493980223],[80.56834212876365,7.457577324287456],[80.56841274738362,7.45755025219319],[80.568653813521,7.4574578417421],[80.56894152615592,7.457338345925949],[80.56895752665237,7.457325809971985],[80.5690481604665,7.457254799397171],[80.56927724998968,7.457075313086493],[80.56931139983979,7.457050548713393],[80.56980480131082,7.456692742384521],[80.57009260180448,7.456381836729281],[80.57052432505105,7.455903479257716],[80.57064155295978,7.455623030930085],[80.57075878071535,7.455342582563801],[80.57076430713822,7.455329364358072],[80.57095035132858,7.454958403683515],[80.57097027645436,7.454918673745097],[80.5710522150013,7.454755297755405],[80.57129228565732,7.453989782448942],[80.57132610657901,7.453720793336821],[80.57134041989605,7.453606949383789],[80.57135203815929,7.453582124666901],[80.57146320827896,7.453344637157714],[80.57150836716492,7.453248168103757],[80.57179134202774,7.452922578665692],[80.57182015990017,7.452889421580285],[80.57191127049337,7.452822771093528],[80.57192646598938,7.452789226097454],[80.57193324432836,7.452774269494932],[80.5722365152378,7.452104823244786],[80.57226558292794,7.452040658909853],[80.57229278779634,7.451980607346807],[80.57239150956411,7.451762688171274],[80.57239177838217,7.451757376472845],[80.57236289408263,7.451734602993256],[80.57236216863346,7.451734060082683],[80.57231879480011,7.451683852690922],[80.57227270365925,7.451608718990379],[80.57225026193417,7.45157214080993],[80.57224999211621,7.451571778063702],[80.57219105897718,7.451470289119801],[80.57213927298596,7.451390868235466],[80.57213854795627,7.451389421030867],[80.57210877089922,7.451322490453256],[80.572067874858,7.451208078410691],[80.57201645543637,7.451117805250611],[80.57198687225019,7.451025553621263],[80.57194672905445,7.45084485717268],[80.5719467300438,7.450844677218639],[80.57194663948664,7.450844586747444],[80.57189652659738,7.450674104212545],[80.57189498767134,7.450671389716002],[80.57173278472877,7.450446359027135],[80.57171417679213,7.450420546402081],[80.5717138155123,7.450420093183877],[80.57162562440608,7.450309276418132],[80.57161904750114,7.450227978260251],[80.57160494772221,7.450155447370483],[80.57157772633977,7.450050084544061],[80.57154054498605,7.449930067548321],[80.57146391937034,7.449691568895553],[80.57143660568471,7.449590004051664],[80.57142314825086,7.449500021484178],[80.57140446860421,7.449340042341167],[80.57140034598122,7.449241381965899],[80.57140075153757,7.449150410184078],[80.57141108945332,7.449129615303059],[80.57145921543169,7.449090754738782],[80.5715188445421,7.449058137308711],[80.57153057979997,7.449048369126895],[80.57156379797205,7.44902072032698],[80.5715871994456,7.448964483158651],[80.57159610319346,7.448912399943232],[80.57159214427008,7.448851358271096],[80.57157476721319,7.448791330438905],[80.57157106856309,7.448778552863854],[80.57153135311493,7.448656906962555],[80.57152005781232,7.448591341331302],[80.57151674159499,7.448513932234407],[80.57151905203678,7.448414007915151]]],[[[80.5713274011165,7.442638825982481],[80.57145442369554,7.442628033185235],[80.5714834539499,7.442629714121733],[80.57150479450303,7.442630949302945],[80.57161205011799,7.442656229568346],[80.5717838841548,7.442723316199973],[80.57190933935676,7.44276940265594],[80.5719808065511,7.442798101739315],[80.57199384309557,7.442816647589964],[80.57201188117622,7.442798749071529],[80.57202574768725,7.442787723074112],[80.57207622466157,7.442758989782592],[80.57212941280503,7.442740929310509],[80.5721806897729,7.442743484955913],[80.57223758706984,7.442740888706303],[80.57229431421615,7.442712428651404],[80.57235375877586,7.442685055896992],[80.57249881446269,7.442663149183776],[80.57256105742466,7.442657661609046],[80.57261280447783,7.44262314225986],[80.57266437495859,7.442578583348268],[80.57271821886947,7.442515577871487],[80.57272450200972,7.442511190409091],[80.57278419592237,7.442469489166985],[80.5728557793519,7.442442574969056],[80.57288976375887,7.442437721848427],[80.57293152374407,7.442431757298571],[80.57300075057731,7.44240909127426],[80.57304586476508,7.442382812376492],[80.57306047025929,7.442374304239712],[80.57310071375188,7.442334623269468],[80.57316160697945,7.442308970131285],[80.57322656916952,7.442302488079834],[80.57329433411263,7.442304599907247],[80.57335988944135,7.442328276323366],[80.57337957298043,7.442335384951144],[80.57352841403866,7.442423143402104],[80.57356406894986,7.442444166471631],[80.57363833998625,7.442485164975029],[80.57370238515136,7.442500837646064],[80.57376094135824,7.442503933586701],[80.57356039293192,7.441959834692772],[80.57349802556269,7.441790626251496],[80.57331810904104,7.441206026108204],[80.57333741988504,7.441061984476193],[80.57338744146863,7.4406888711022],[80.573408524976,7.440531613107169],[80.57346259903476,7.440471697604151],[80.57367585858329,7.440235397203652],[80.57371939713472,7.440187155813372],[80.57381413353895,7.440082184288507],[80.57418826637115,7.439949005048321],[80.57416715202537,7.439924895974213],[80.5741002303498,7.43985867200576],[80.57403757211911,7.439784671231785],[80.57395307938525,7.439708219793152],[80.57388515543336,7.439666461926523],[80.57388315833637,7.439665233887106],[80.57384801378427,7.439649935263017],[80.57380978355445,7.439646391054664],[80.57372651112607,7.439676827735007],[80.57368364618806,7.439704390031006],[80.57363356199785,7.439748819539468],[80.57362373730243,7.439757534254935],[80.57357496700351,7.439819185740186],[80.5735136948109,7.439883724338819],[80.5734431894133,7.439929538904619],[80.57336472277888,7.439950753910614],[80.57332422353414,7.4399560707064],[80.5730575009242,7.439863504295962],[80.57262556561787,7.439673639357276],[80.57145308208453,7.440178672910195],[80.57143695931424,7.440178984675504],[80.57142573444676,7.440184651221816],[80.57134437871969,7.44019182084061],[80.57132271947101,7.440192349785472],[80.57129020658853,7.440193145902577],[80.5711374308438,7.440152974292703],[80.57068913977291,7.440000090975676],[80.5704872839824,7.439931251048948],[80.57040434983502,7.440014770231437],[80.57034588260872,7.440083922486525],[80.57030242753697,7.440210773873348],[80.5702759197572,7.440325425159173],[80.57022031698958,7.440470629870698],[80.57019027506757,7.440585099551495],[80.5701650383774,7.440693783076625],[80.57015269856521,7.440770547394908],[80.57014441296029,7.44082209373698],[80.57014432636018,7.440856228090023],[80.57014407884175,7.440953668387979],[80.57014112390533,7.441075203249389],[80.57013947232653,7.441112062416865],[80.56957723673592,7.441098542698675],[80.56948886182323,7.441189835182984],[80.56942641744537,7.441240808232801],[80.56939196975517,7.441281305435627],[80.56936892369845,7.441356622378892],[80.56936109486955,7.441434657499395],[80.56931716998399,7.441596505638604],[80.56927361976437,7.441734028434614],[80.56923851264092,7.441832127946064],[80.56921545207676,7.441934392835715],[80.56918523396715,7.442041265374204],[80.56917125322788,7.442102571789051],[80.56916741492674,7.442173376223039],[80.56917263669335,7.44224346145593],[80.56918529039523,7.442262830114814],[80.5691896558634,7.442269513079704],[80.5692459973521,7.442292870193818],[80.56929363801255,7.442321739430859],[80.56932949954428,7.442353767287013],[80.56935278302888,7.442355769415832],[80.56937343174447,7.442369793807558],[80.5694606617611,7.442402299591063],[80.56953865971316,7.442415900399419],[80.56961982256597,7.442442344550854],[80.56968267610799,7.442489214485769],[80.56974071954843,7.442550281396217],[80.5697915127547,7.44262047829136],[80.56987934511484,7.442721258480543],[80.56993992356563,7.442786123677582],[80.57000649145446,7.442831550235685],[80.57007660906436,7.442843791746144],[80.57014210703936,7.442848433217301],[80.57021856044044,7.442873609058921],[80.57024479600453,7.442878675358705],[80.57030117878098,7.442889562144728],[80.57031293336232,7.442890502648901],[80.57035354125341,7.442893747140034],[80.57043199043157,7.442932750530129],[80.57045972585274,7.442946540335348],[80.5705173949932,7.442975209731623],[80.57058188517173,7.443007883788749],[80.57064647292769,7.443023649390089],[80.57072419060631,7.443055788797487],[80.57077291901926,7.44308574353684],[80.57084175940585,7.443113265097871],[80.57087736455524,7.443112557265205],[80.57091034935979,7.443096839645103],[80.5709678956702,7.443060511880113],[80.57099321143023,7.443048604108474],[80.57102090679867,7.443035578825807],[80.57103858097604,7.443017140316257],[80.57107872740586,7.44299382721654],[80.57110138856308,7.442970417395872],[80.57115341454158,7.442922813214017],[80.5711541378168,7.442922151605528],[80.57118433869687,7.442853439228083],[80.57120630408926,7.442767541447281],[80.57122326285365,7.442726947391027],[80.57127285008893,7.442665295663301],[80.5713274011165,7.442638825982481]]]]}},{"type":"Feature","properties":{"GND_N":"Dolapihilla North","GND_NO":"518","GND_C":"155","PROVINCE_N":"CENTRAL","PROVINCE_C":"2","DISTRICT_N":"KANDY","DISTRICT_C":"1","DSD_N":"POOJAPITIYA","DSD_C":"06","Admin_Code":"2106155","GND_NO_Cen":"518","GND_NAME_C":"Dolapihilla North","GND_NO_Gaz":"518","GND_NAME_G":"දොලපිහිil","shape_1":"Polygon","Area__Ha_":80.2762299742,"MWS_ID":"109","Alt_MWS":null,"Density":1271.85843632,"Area":0.80276229716,"Total_Pop":1021.0,"Field":0},"geometry":{"type":"MultiPolygon","coordinates":[[[[80.58469251099585,7.399456247884495],[80.58472492408592,7.399327061340047],[80.58478010723768,7.399194294520373],[80.58482567113825,7.399140480414477],[80.58487482919223,7.399085469654277],[80.58490959625551,7.399057969551693],[80.58494316107902,7.39903286260336],[80.58498032007805,7.399014933693787],[80.58502705884555,7.399013757371496],[80.58506660257311,7.399022149033078],[80.5851097324913,7.399052075342329],[80.5851540557533,7.399093964195924],[80.58524271156526,7.399156211494403],[80.5853314306319,7.399214669799687],[80.58539247633011,7.399242409031039],[80.58546437806137,7.399247225364758],[80.58553509545264,7.399223329759763],[80.58558903595316,7.399197033290818],[80.58564778130112,7.399143224739111],[80.58574368162382,7.39907866460665],[80.58581800418335,7.399032040094708],[80.58584438036144,7.399005733620005],[80.58586357497276,7.398955496383565],[80.58587199452218,7.398887309677862],[80.58587680705259,7.39884185273755],[80.58586724879717,7.39877485473435],[80.58584452696998,7.398665980358233],[80.58582538352486,7.398590605374165],[80.58581820402158,7.398561889980009],[80.58576672860076,7.39843386206059],[80.58574877071075,7.398390787250913],[80.58572003506828,7.398329762967536],[80.58567094664214,7.398220878211274],[80.58561466670041,7.398115579526831],[80.58557749268662,7.398052679729974],[80.58553802939622,7.397973184200681],[80.58551527993733,7.39792891185068],[80.58550451414094,7.397881055475569],[80.58547101444127,7.397750642447168],[80.58544707087404,7.397692012967161],[80.58540157070966,7.39760227006305],[80.585374960129,7.397533363008644],[80.58533453542555,7.397425187277935],[80.58528544873276,7.397312713326477],[80.58524952580936,7.397245704010111],[80.58522079133526,7.397182287830492],[80.58519086868168,7.397094944351467],[80.58515135201412,7.397021952467819],[80.58512501041135,7.396968106576534],[80.58510706705694,7.396891534786432],[80.58510229875554,7.396834108991971],[80.58510060950347,7.396764150964612],[80.58510114494706,7.39673242213324],[80.58511673213124,7.396712091183682],[80.58516346859695,7.396715701282863],[80.58521499499194,7.396726489025338],[80.58529169101762,7.396733701105946],[80.5853647909452,7.396736124286007],[80.58540554375436,7.396719393257875],[80.58546068705937,7.396682331655868],[80.58551103437978,7.396650053532918],[80.58557697193453,7.396590265226643],[80.58561293941173,7.396555587265699],[80.58567408289855,7.396498191471482],[80.58571963895137,7.396457536582207],[80.58573402903744,7.396436008713437],[80.58575921467259,7.396392952342357],[80.58577361501557,7.396347498591084],[80.58578800959252,7.396317596029321],[80.58581439176282,7.396276932935313],[80.58585036495707,7.396226702859129],[80.58589113142554,7.396180064885391],[80.58592950053485,7.396132229499215],[80.58598455594209,7.396039978554346],[80.5861693031177,7.395848804923765],[80.586265209808,7.395767496170562],[80.58634313241663,7.395706518274904],[80.58643304245112,7.39563717077648],[80.58648458857216,7.395603695758859],[80.58663438330133,7.39552203096053],[80.58672605705415,7.395469539340792],[80.5868525949842,7.395375356342606],[80.58694130475382,7.395311989246978],[80.58714628452843,7.395187660366935],[80.58727814540407,7.395101581097132],[80.58737164510676,7.395045154613396],[80.58744835207355,7.395026046758835],[80.58750971628184,7.395008845887457],[80.58755190840432,7.394989723399915],[80.58761903558451,7.394949554905205],[80.58769384265766,7.394888334901912],[80.58774563871533,7.394829020456572],[80.58777442061356,7.394781179942586],[80.58780130262777,7.394691228225208],[80.58782120843733,7.394592820188599],[80.58782630189322,7.39452088461065],[80.58783398980829,7.394478778365666],[80.58789155119234,7.394390753098595],[80.58792608192394,7.394346742890943],[80.5879841404402,7.394265503665388],[80.58806909873672,7.394069208510905],[80.58822636596454,7.393863800489929],[80.58828520230635,7.393798026836854],[80.58841580482505,7.393648543699154],[80.58844457949303,7.393617451618779],[80.58847095104069,7.39360310610611],[80.58848892681522,7.393601917291515],[80.58852727307605,7.393609111748691],[80.58855003819018,7.393618692413408],[80.58858718749782,7.393622296302182],[80.5886351272005,7.393613942686827],[80.58869385194764,7.393602004448216],[80.58874658997512,7.393585277239626],[80.58878255757,7.393547011659892],[80.58881732910727,7.393505155514777],[80.5888640970625,7.393433396590786],[80.58889767767832,7.393373595066589],[80.58893964970468,7.393306617850048],[80.58898401775343,7.393239644348285],[80.58902958355159,7.39317865146135],[80.589067955591,7.393122440185446],[80.58910033718033,7.393063835429941],[80.58912178788827,7.393002359462574],[80.58913514441784,7.392937040451634],[80.58915194929753,7.39287244632466],[80.5891639501167,7.392834169749362],[80.58919121504238,7.392789089315522],[80.58923829805674,7.392721747066142],[80.58930688893668,7.39261841466339],[80.5893548534759,7.392548569675371],[80.58939801909354,7.39249499368961],[80.58941432348388,7.392478730406732],[80.58944981061927,7.392445248298461],[80.58951495492151,7.392382020900399],[80.58967518896138,7.392251062543719],[80.58972505968886,7.392212799985023],[80.58979314436827,7.392175503591571],[80.58982862652978,7.392151593435192],[80.58987658020206,7.392109503071632],[80.58989959766527,7.392087500288318],[80.5899022617994,7.392085422422318],[80.58996674235333,7.392006179573479],[80.5900031942389,7.391957385356847],[80.59003677398626,7.39189901795157],[80.59005884114194,7.391859788804798],[80.59007802763935,7.391829170980944],[80.59011448551067,7.391766021038196],[80.59015573844226,7.391700001044978],[80.59017013036087,7.39167321001037],[80.59020466326592,7.391627287022674],[80.59023152455612,7.391585187818102],[80.59029936028863,7.391488704984397],[80.59033519036892,7.391442789760783],[80.59038980796258,7.391358433453268],[80.59040899270904,7.391329729105728],[80.59043681218331,7.391292414923418],[80.59045408020836,7.391265625076735],[80.59047422506227,7.3912350085373],[80.59048861494603,7.39121300303135],[80.59051643011277,7.391188130163615],[80.59054328244258,7.391165172194777],[80.59057780596737,7.391139346274032],[80.59060143419649,7.391127480878235],[80.59064972026827,7.391115450309502],[80.59068615162622,7.391115465468874],[80.590717785527,7.391124091156883],[80.59076859237322,7.391136555420101],[80.59084431834611,7.39116529834571],[80.59087787117716,7.391171054580649],[80.59093826964256,7.391172036427116],[80.59099535891613,7.391173137162388],[80.59103988764234,7.391184520864806],[80.59106768592063,7.39119793047669],[80.59112615100855,7.391234322872994],[80.59116257172496,7.39126209177769],[80.59119324325017,7.391280289019939],[80.59123542160853,7.391290834348569],[80.591320747315,7.391290869737353],[80.5913955276796,7.391288986341647],[80.59145496815162,7.391289010070631],[80.59148660765045,7.391284238542349],[80.59156043875086,7.391260342320363],[80.59161220990275,7.391256535866007],[80.591641932004,7.391257504916502],[80.5917052022506,7.391269016581933],[80.59177038921109,7.391278612825268],[80.59180969473555,7.391283415527849],[80.59186776594906,7.391299903177087],[80.59196116406132,7.391301660849968],[80.59209443493232,7.391281618795963],[80.59209769028807,7.391201551844589],[80.59195297793823,7.390578004363935],[80.5915922170389,7.390230307454106],[80.59176090291407,7.389770583636496],[80.59170015995191,7.389308100822101],[80.59164800568153,7.38877345770826],[80.59157556201744,7.388149306054245],[80.59143040579853,7.387895795791082],[80.59119537527016,7.387538308267647],[80.59119482596645,7.387532621817465],[80.59092545436333,7.387345231826882],[80.59095899652542,7.387336775202414],[80.59120230127971,7.387275434582103],[80.59112081352126,7.387258122369873],[80.59102108503369,7.387241532339459],[80.59096230074917,7.387226767885305],[80.59087435778719,7.387185676255145],[80.59080924323341,7.38714947730175],[80.59071134706875,7.387081434344045],[80.59054001406211,7.386945175877545],[80.590450182639,7.386875507580513],[80.59038299334371,7.38681425866337],[80.59032802415066,7.386774627536732],[80.59026743568194,7.386742046677295],[80.59019807024784,7.38668586179605],[80.59015288941349,7.386634207573321],[80.59007499771835,7.386604785417553],[80.58993324493056,7.386568282166205],[80.58983612804367,7.386539201905347],[80.58971550432898,7.386503082694753],[80.5893186742478,7.386011353233708],[80.58927723310364,7.385685720073965],[80.58930703223159,7.385435706070606],[80.58905284299036,7.385381936713057],[80.58873686341057,7.385523762491446],[80.58843266100351,7.385626257868689],[80.58800321111912,7.385591063452081],[80.58705812061817,7.385813302738979],[80.58670625566455,7.386288278473462],[80.58665784698,7.386359447809539],[80.58628747008294,7.386903963007817],[80.58607191570398,7.387254007844085],[80.58593512552775,7.387568509303902],[80.58584344812544,7.387719908320152],[80.58590423144032,7.388185597562339],[80.58546583545873,7.388921636589602],[80.58543154846068,7.389046173479233],[80.58529945832014,7.389429040659979],[80.58527042869684,7.38958774412625],[80.58525429205172,7.389793298410472],[80.58528441167644,7.390228714966731],[80.58509886068522,7.39073285794932],[80.58496745674738,7.391112748331822],[80.58451414444708,7.392044611652751],[80.58445268040421,7.392214080308762],[80.58401739000973,7.39299730788218],[80.58396113694072,7.393148372643441],[80.58383816585807,7.393386042960609],[80.58380113939359,7.393609290636845],[80.58362463193363,7.394080633390173],[80.5827088930817,7.39487759593277],[80.58223834068062,7.395524760212976],[80.58235696887473,7.396234927974525],[80.58243451734921,7.396673555527693],[80.58228200278778,7.396707866013648],[80.58223437678716,7.396702163587671],[80.58212563849719,7.396774680616521],[80.582118918155,7.396763430952143],[80.58206737666863,7.396756263650744],[80.58204590330324,7.396765387690118],[80.58200129885546,7.396843589908919],[80.58199357602376,7.396856464630933],[80.58196766705565,7.396899641639097],[80.58190968600586,7.396910287059407],[80.581851149629,7.396947880268708],[80.58179061080567,7.397005095832481],[80.58174448703367,7.39704007198288],[80.58171413878492,7.397042862056026],[80.58167681104489,7.397057315410266],[80.58166629216953,7.397079556513764],[80.58164735005765,7.3971005270194],[80.58162533337628,7.39710910822255],[80.58161886717221,7.397100889864143],[80.5816110293227,7.397090926518465],[80.58157780596008,7.397037558508561],[80.58154748145517,7.397192812984446],[80.58155204056418,7.397277970776369],[80.58142080497207,7.397460783890496],[80.5814345423741,7.397480056838719],[80.58145956012878,7.397515156290014],[80.58154728979763,7.397629948958383],[80.58163401348848,7.397766536526378],[80.58168199123554,7.397844236551761],[80.58170571633349,7.39786486487173],[80.58176078058703,7.397895544561514],[80.58181420249878,7.397953081135926],[80.58186270163144,7.398013195514793],[80.58187893893474,7.398033320483346],[80.581895044742,7.398074472097614],[80.58189400749278,7.398103476053078],[80.5818926602735,7.398141118618337],[80.58188248476999,7.398208755562367],[80.5818814090287,7.398253259143733],[80.58187999375767,7.39831184428277],[80.58187113785256,7.398438035002864],[80.58186753077402,7.398489418271831],[80.58186321995576,7.398550842542394],[80.58186229890634,7.398579274128052],[80.58185949359743,7.398665685672666],[80.58185832280996,7.398701738560403],[80.5818580785463,7.398709272148265],[80.58187480092188,7.398730553923865],[80.58187193607432,7.398750181334625],[80.58189504362758,7.398788949564167],[80.5819890108093,7.398948982302969],[80.58198891925834,7.398949111577456],[80.5823341618611,7.399036801493028],[80.58246694656953,7.399163378491243],[80.58262162879285,7.399272508427736],[80.5827196891231,7.399351516017608],[80.58309860874732,7.399336656470294],[80.58337561605633,7.399347068275699],[80.58367797793734,7.39938739776626],[80.58390631573329,7.399431078074565],[80.58399648260205,7.39955363652347],[80.58402616162171,7.399753648992915],[80.58398748948011,7.39993521958304],[80.58397880947598,7.400131342393684],[80.58400000202766,7.40027309008189],[80.58406535988077,7.400419931737114],[80.58416234139744,7.400493614054512],[80.58435268218383,7.400537594264575],[80.58433616418152,7.400420322488546],[80.58434100792137,7.400303085234955],[80.58435303005422,7.400216957067355],[80.58439981289533,7.400114093584304],[80.58450177064317,7.399899997330196],[80.58459411030245,7.399757677264425],[80.58465651171444,7.399563901580115],[80.58469251099585,7.399456247884495]]]]}},{"type":"Feature","properties":{"GND_N":"Pallegama Pahala","GND_NO":"534","GND_C":"055","PROVINCE_N":"CENTRAL","PROVINCE_C":"2","DISTRICT_N":"KANDY","DISTRICT_C":"1","DSD_N":"POOJAPITIYA","DSD_C":"06","Admin_Code":"2106055","GND_NO_Cen":"534","GND_NAME_C":"Pallegama Pahala","GND_NO_Gaz":"534","GND_NAME_G":"පහළ පල්ලa","shape_1":"Polygon","Area__Ha_":45.1869211236,"MWS_ID":"109","Alt_MWS":null,"Density":1611.08565098,"Area":0.45186920978,"Total_Pop":728.0,"Field":0},"geometry":{"type":"MultiPolygon","coordinates":[[[[80.58038375884739,7.428315602917643],[80.58037398681564,7.428206291916149],[80.5803449835329,7.428207102929283],[80.58032814174862,7.428185209741914],[80.58033269501554,7.42793164826413],[80.58033309483257,7.427912575044773],[80.58033371302503,7.427883179391271],[80.58031942598836,7.4278224939683],[80.58028068096914,7.427754112142303],[80.58026656429361,7.427742420606403],[80.58022878942108,7.427711135205016],[80.58021122353047,7.427689876508857],[80.58020570713356,7.42766762931323],[80.58018592189507,7.427594801293685],[80.58017676415982,7.427561088738118],[80.58016509356462,7.427524822246813],[80.58012291537679,7.427437358260538],[80.58009574502053,7.427419440304706],[80.58007938815508,7.427417527726607],[80.57996538653535,7.427404191427396],[80.57988222300071,7.427399541837381],[80.57986845579651,7.42739248224411],[80.57985831308723,7.427383798331061],[80.5798517927867,7.427378187911462],[80.57983043817268,7.427322473874824],[80.57983035793951,7.427299142117128],[80.5798322354317,7.427208527135989],[80.57983507849613,7.427071352226442],[80.5798375667829,7.426976223272511],[80.5798310486514,7.426914738256673],[80.57982854605379,7.426891123286645],[80.57980421998583,7.426792545241198],[80.5797792458897,7.42672317564534],[80.57976704821192,7.42664992142436],[80.57976032864383,7.426481086518943],[80.57976054196608,7.426408742989387],[80.57975466035816,7.426364407309176],[80.58023037334064,7.425946125992018],[80.58026487937974,7.425883463609827],[80.58027619941912,7.425856164312618],[80.58031436084708,7.425785467970839],[80.58032826128539,7.425759565138472],[80.58038354167783,7.425714697593221],[80.58045441186701,7.425687359446848],[80.58047115205834,7.425680687702824],[80.58049045504242,7.425678360418708],[80.58055872351987,7.425660902343834],[80.58057145174448,7.425659373364113],[80.58065226268522,7.425663009874498],[80.58066163753811,7.425662585368197],[80.58077830240344,7.425634451665084],[80.5807844882824,7.425634174961011],[80.5808532169692,7.425612593455972],[80.58086875898121,7.425607095849148],[80.5809024880102,7.42560507240783],[80.58091155016481,7.425609086040433],[80.58095118476447,7.425615838667329],[80.58095424873468,7.425615652825848],[80.58099980079014,7.425663785895573],[80.58100593274776,7.425672788139744],[80.58105272503926,7.425741470053826],[80.58106232566892,7.425765240965932],[80.58109140433763,7.425812916445416],[80.5811012065852,7.425827348786801],[80.58117947324993,7.425873059140051],[80.58119235066924,7.425872187630953],[80.58124698774652,7.425868486837778],[80.58126623230348,7.42586718496541],[80.58132512780062,7.425835616552591],[80.58134648908184,7.425823012817689],[80.58139422150548,7.425787485011176],[80.58140271767024,7.425776613683089],[80.58144452952826,7.425723110401304],[80.5814501750256,7.425717666306889],[80.5814977970325,7.425591298347863],[80.58150225849221,7.425577558631419],[80.58150821927768,7.425473271567103],[80.58149582048846,7.42537060237314],[80.58149137106548,7.425340539832803],[80.58147070076676,7.425170629930993],[80.58147271899264,7.425134056587196],[80.58146739002761,7.42501934979849],[80.58145855064168,7.424970290605984],[80.58145061136877,7.424907717112615],[80.58144647338933,7.424880180405212],[80.58133841314043,7.423857889360455],[80.58143578002174,7.423519298737841],[80.58148163317594,7.423407836393573],[80.58150661441199,7.423374734758964],[80.58156841697212,7.423280772993961],[80.58158058431093,7.423262860615538],[80.58167647732736,7.423182952058232],[80.58181828013534,7.423124172549244],[80.58197043384438,7.42307839134435],[80.58212454258008,7.423057279219482],[80.58231671469292,7.423078322931],[80.58310332772201,7.422135972767694],[80.58295242669577,7.421840974722559],[80.58294095146712,7.421803147563662],[80.58293065778531,7.421739949095504],[80.58292734100388,7.421719583818304],[80.58292174466729,7.421685228095256],[80.5828941522684,7.421634374776254],[80.58275505557711,7.421611442767635],[80.5826959694731,7.421605998488783],[80.5825523722389,7.421350954371592],[80.58185673418454,7.421608490527941],[80.58181132608806,7.421656125225541],[80.58176292197747,7.421716331028178],[80.58171253428706,7.421759081242961],[80.5816408557265,7.421803089947581],[80.5815891112245,7.421841046786688],[80.58151190451426,7.421887402407154],[80.58144676251399,7.42189985402922],[80.58129256233671,7.421923750215297],[80.58126829006078,7.421906468421413],[80.58124240477834,7.421853193146225],[80.58119351670648,7.421777934292151],[80.58113729118118,7.42170547643084],[80.58103442449604,7.421598542600035],[80.58098179431241,7.421588483597575],[80.580957937127,7.42158114379508],[80.58095170063504,7.421579225755489],[80.58094866979947,7.421578293902947],[80.58089818909244,7.421562763943211],[80.5808335997985,7.421552517900971],[80.58075360529944,7.42155627984294],[80.5806513195621,7.421567990661549],[80.58059151975887,7.421584783321049],[80.58051133742792,7.421603558250959],[80.5804373984304,7.4216374376535],[80.58041492597127,7.421649544403425],[80.580406587881,7.42165749943265],[80.58039471513855,7.421668886513489],[80.58036978153469,7.421715175451081],[80.58027040687648,7.421906118835185],[80.58019269697111,7.422067592626579],[80.58015542257102,7.422159181307721],[80.58013173173556,7.422262983067055],[80.58013042953039,7.422269973600551],[80.57988997293006,7.422268568805254],[80.57985708099977,7.422269080564361],[80.5798385653577,7.422273584812319],[80.5796991965555,7.422279919249183],[80.57966228044874,7.42228048075808],[80.57963008609595,7.422280970201694],[80.57961652052447,7.422285348221384],[80.57960276927763,7.422285555547774],[80.57944639307668,7.422333348843758],[80.57943329496474,7.422341798202956],[80.57940145294475,7.422362816196938],[80.57870260552636,7.422421336701436],[80.57851242128702,7.422417050724913],[80.57848345653673,7.422417629239444],[80.5784505790267,7.422418285587811],[80.57842615132473,7.422422614423325],[80.57814990506435,7.422465325071539],[80.57811173541174,7.42247335627622],[80.57808897655957,7.422477401888656],[80.57808519335913,7.422477454458668],[80.57767759008175,7.422611609124655],[80.57740726907676,7.422576294831969],[80.57718621440257,7.422583675248983],[80.57683029118206,7.422587999097114],[80.57682925706345,7.422637249267921],[80.57682897868307,7.422651897822536],[80.57682731072013,7.422734640093569],[80.57682519146712,7.422767417133732],[80.57682430015485,7.422781209949698],[80.5768237530497,7.422789077073142],[80.57682470540601,7.422887103110513],[80.57680610694885,7.422946598294145],[80.57675586704605,7.423058075340876],[80.57668598692328,7.423134365566254],[80.57664638278268,7.423165184238962],[80.57659889754632,7.423196813231199],[80.57652902751944,7.423246609392147],[80.57648443623621,7.423289361600267],[80.57645634795846,7.423314941426232],[80.5764479120492,7.423322623236788],[80.57638473920522,7.423387251924296],[80.57634992479282,7.423443936472707],[80.57633877440729,7.423462288647458],[80.57632469994532,7.42353616232908],[80.57632366004239,7.423541933073193],[80.57631525361846,7.423588607200573],[80.57627798013422,7.423678115647805],[80.57624467029844,7.423813293689247],[80.57623203098959,7.423904809907817],[80.57622703743162,7.423940971328902],[80.57622589357922,7.423996325436764],[80.5762238942941,7.424026131010846],[80.57622387075641,7.424032106583024],[80.57618692780203,7.424290102546403],[80.5761786209405,7.424431078425397],[80.57617594873899,7.424528560243244],[80.57617528501369,7.42459195013267],[80.57617478800638,7.424607199038502],[80.5761737241949,7.424639787549147],[80.57613992335169,7.424991026790352],[80.57607862666143,7.424991038952339],[80.57600290396731,7.424992708503806],[80.57597836145301,7.424990138280388],[80.5758548810387,7.424954428023667],[80.57554834817971,7.424815832052106],[80.57530727395937,7.42482501285419],[80.57528646143777,7.424829909237012],[80.57523504590579,7.424829769311732],[80.5750824703835,7.424860080014002],[80.57504451104155,7.424885184134614],[80.57501147005908,7.424900270890905],[80.57496398801489,7.424950107681584],[80.57494467210444,7.424994803658453],[80.57490113378907,7.425103927816358],[80.5748625491017,7.425163343305602],[80.57477796027926,7.425255824269135],[80.57452159812094,7.425284825275003],[80.57438828759679,7.426185859438516],[80.57401783482679,7.426160295539404],[80.57404613357112,7.42701078882713],[80.57399032104918,7.427024961737907],[80.57392526994174,7.42703469848155],[80.57385740631484,7.427053386453529],[80.57377007030757,7.427060309699602],[80.57359948770345,7.427046486581254],[80.57354350334191,7.427040221386794],[80.57342915857683,7.42706075724444],[80.57334010254729,7.427076752411023],[80.57327115180244,7.42709534936616],[80.57319259985756,7.427108063097617],[80.57311776810364,7.427113997209702],[80.57303224671934,7.42711097389624],[80.57296701297159,7.427125775370822],[80.57290050094076,7.427158299526072],[80.57287594893158,7.427164346150662],[80.5729909540502,7.427323488712392],[80.57302900753898,7.427376146045154],[80.57308695067479,7.427538023269409],[80.57310628669057,7.427576451991704],[80.57313550407495,7.427643948368478],[80.57328027317207,7.427789521966223],[80.57329950823043,7.427799262782671],[80.57351988471356,7.42783832050929],[80.57355814088741,7.427838375055604],[80.57377517500531,7.427731829699358],[80.57397238935425,7.427588392629079],[80.57421853008522,7.42744662264911],[80.57454144172223,7.427430768896691],[80.57456123083568,7.427421510673035],[80.5748521059127,7.427387027224698],[80.57487236993212,7.427387278768663],[80.57524716864668,7.427460801427269],[80.57529039359778,7.427471469975393],[80.57565065844642,7.427508961315497],[80.57584801802308,7.427587337087331],[80.5758491123553,7.427639427689013],[80.57584966131185,7.427665520466084],[80.57583520991575,7.427765005386688],[80.57583574974848,7.427791238325246],[80.57583629228309,7.427817506532487],[80.57586548367044,7.427891356305322],[80.57587125245193,7.427901951821551],[80.57588292349392,7.427928470116081],[80.57590206040287,7.427971033973997],[80.57644236385786,7.42803502217435],[80.57712321853552,7.428304056598106],[80.57717994574486,7.428270622220726],[80.57727292448612,7.428206639818064],[80.57733264173575,7.428172213844747],[80.5774332217094,7.428127496299303],[80.57752028435921,7.428124459779324],[80.57755462204065,7.428117151265321],[80.5775786417286,7.428092112137671],[80.57766919607684,7.427977669800131],[80.57768763477365,7.427870699030316],[80.57769358781891,7.427929027824984],[80.57771828322004,7.428015218196873],[80.57773328095423,7.428102398954914],[80.57775056006378,7.42815683711032],[80.57859470808886,7.428378818573049],[80.57899974263223,7.42868146288249],[80.57902265373494,7.428716599505458],[80.57939176372774,7.429151168689482],[80.57940586024993,7.429171545999183],[80.57944227905959,7.429280006131489],[80.57948495628456,7.429367852010034],[80.57950672700979,7.429435258780505],[80.57966555009045,7.429603219697631],[80.57967250633857,7.429616628050497],[80.57969979205934,7.429630032747341],[80.57972706963072,7.429643432013182],[80.57974772602262,7.429670218244199],[80.57975835322209,7.429681483233073],[80.5798445118788,7.429697160253218],[80.57993509229168,7.429729573195068],[80.57997303537249,7.429765943548581],[80.58003403248586,7.430017896306151],[80.58005433111,7.430101744294523],[80.5800615558854,7.430151121100399],[80.58007549580383,7.430179523035556],[80.58013128741257,7.430213005713055],[80.58014930288138,7.430242131979006],[80.58014984564821,7.430243941713478],[80.58014984536786,7.430244573815678],[80.58015210731246,7.43025117616996],[80.58015201288373,7.430257777482935],[80.58017408797822,7.430323530400287],[80.58020613795253,7.430372104306807],[80.58024659632089,7.430405765576475],[80.58027576178932,7.430321434847822],[80.58041123247715,7.429929737704797],[80.58041694548835,7.42990701257487],[80.58048652200692,7.429742005781889],[80.58050737584007,7.42971991852724],[80.58058432506625,7.429646657525745],[80.58061692560509,7.429607750127782],[80.58064260786665,7.429565773212897],[80.5806426230923,7.429557978194822],[80.58063555789121,7.429348449877701],[80.5806076733078,7.429308468641522],[80.58053334764278,7.42918961238217],[80.5804512414879,7.429046787046163],[80.58045272292942,7.428972634586515],[80.58045737896992,7.428891974409937],[80.58048761591034,7.428842694614258],[80.58048286737375,7.428827389131444],[80.58047603836228,7.428749600451201],[80.58047127349265,7.428693429858972],[80.58046599296325,7.428649938162765],[80.58043372730279,7.428556718217853],[80.58041293571003,7.428499748391205],[80.58040861203351,7.42846406299291],[80.58038630969972,7.428336712103107],[80.58038375884739,7.428315602917643]]]]}},{"type":"Feature","properties":{"GND_N":"Uggala Janapadaya","GND_NO":"535","GND_C":"050","PROVINCE_N":"CENTRAL","PROVINCE_C":"2","DISTRICT_N":"KANDY","DISTRICT_C":"1","DSD_N":"POOJAPITIYA","DSD_C":"06","Admin_Code":"2106050","GND_NO_Cen":"535","GND_NAME_C":"Uggala Janapadaya","GND_NO_Gaz":"535","GND_NAME_G":"උග්ගල ජනa","shape_1":"Polygon","Area__Ha_":60.0345419668,"MWS_ID":"109","Alt_MWS":null,"Density":1170.99253069,"Area":0.60034541774,"Total_Pop":703.0,"Field":0},"geometry":{"type":"MultiPolygon","coordinates":[[[[80.58295819010904,7.434135437481035],[80.58296064115804,7.434138586400634],[80.58296298496269,7.434136302268197],[80.58319686914088,7.433903052572461],[80.58342652676028,7.433674014018801],[80.58361046060051,7.433490577176103],[80.58377983886143,7.433297527608172],[80.58380660148035,7.433198156269787],[80.58389017408403,7.433098178370025],[80.58392696786068,7.433070613319063],[80.58393584775321,7.433065010538453],[80.5839797141918,7.433029400321457],[80.58399629756974,7.433015119644112],[80.58404070690038,7.432976886295553],[80.58411726708218,7.432929554285464],[80.58413059997947,7.432921311078718],[80.58413609627277,7.432915368622046],[80.58417256812753,7.432875934535009],[80.58421453161974,7.432830828369293],[80.58435372695081,7.432739192159791],[80.58444986694938,7.43269510412787],[80.58450025079482,7.432665645882679],[80.58455537073466,7.432578225254137],[80.58455664059981,7.432574699051227],[80.58458419505583,7.43254577350754],[80.58471668227534,7.432458927045791],[80.58483023008836,7.432387628059189],[80.5849038160667,7.432333492514805],[80.58490689807068,7.432329423610869],[80.58490816746216,7.432326983465295],[80.58503621225913,7.432249449229978],[80.58510355802228,7.432170082025621],[80.5851132632702,7.432147569253165],[80.58511925256494,7.432122341089213],[80.58511917456008,7.432093223649877],[80.58511684531972,7.432032544428828],[80.58511187595846,7.432003695266386],[80.58510392253237,7.431957753636113],[80.58505585840973,7.431860702034489],[80.58504680346101,7.431850116972305],[80.58503240304658,7.431842424255468],[80.5850295983803,7.431842046859782],[80.5851693060037,7.431672860037799],[80.58545708007098,7.431361944252726],[80.58564893477687,7.43114669046501],[80.58584082169692,7.430883551445749],[80.58593679205232,7.430668257267823],[80.58597902745642,7.430552481252938],[80.58602759202493,7.430419345473383],[80.58602712723952,7.430417316939434],[80.58602481957631,7.430407274653425],[80.58591762461427,7.429940691807686],[80.5858544627906,7.429656611940469],[80.58588710980536,7.429392959606678],[80.58591997772533,7.429255833674764],[80.58585017989371,7.429102280584874],[80.58582000964974,7.428863367237065],[80.58566946551642,7.428628541175184],[80.58548946961652,7.428474769786485],[80.58525379454731,7.428306048069581],[80.58503466611286,7.428157650166146],[80.58486693155984,7.428016728426969],[80.58472616258929,7.427932209224523],[80.58467742227064,7.427935444559719],[80.58463497821126,7.427830074910658],[80.58460673473189,7.427779331740724],[80.5845582819688,7.427746214508697],[80.58447069320741,7.427707110206194],[80.58430252325464,7.427559909547925],[80.58422628040586,7.427473244161751],[80.58409996146857,7.427334652337884],[80.58407697192588,7.427287437257647],[80.5840630429112,7.427231456241245],[80.58407459141263,7.427134519859958],[80.58410387624855,7.427100626881056],[80.58417230208201,7.42702143478093],[80.58428654160265,7.426927184258607],[80.58430231336743,7.426914173744271],[80.58436587983543,7.426861729476742],[80.5844025180654,7.42677375826128],[80.584425056175,7.426610632182809],[80.58442505802962,7.4266105336154],[80.58442650000717,7.426538064898793],[80.58442792721908,7.426466218330866],[80.584498783632,7.426227966159227],[80.58467848429228,7.426108767149406],[80.58474788753067,7.426087818337202],[80.58477941697468,7.426083671271536],[80.58499345409783,7.426067999843169],[80.58502864920275,7.426065422387272],[80.58504716951194,7.426073436092193],[80.58514766667696,7.426116927145537],[80.58522848093922,7.426109004121369],[80.58532743625216,7.426047464154821],[80.58537112408305,7.425995577275823],[80.58541011256231,7.425912716247701],[80.58541247379655,7.425907697517676],[80.58542337211327,7.425845034515986],[80.58541479234175,7.42574962311969],[80.5854111092457,7.425708661466731],[80.58534415363235,7.425516197671875],[80.58531761186697,7.42528632606747],[80.58531148073604,7.425233230426006],[80.58534275466516,7.425187034365993],[80.58534611499948,7.425184456759552],[80.58541498281313,7.425131631186381],[80.58543810316736,7.425087783687764],[80.58550021681256,7.424955964068755],[80.58551455558955,7.424898095306105],[80.5854997292044,7.424828277312837],[80.5853960004243,7.424613461620272],[80.58531695014496,7.4245251692869],[80.58526932292723,7.424467001691615],[80.58515793858956,7.424360518177033],[80.58508262207636,7.424225383990366],[80.58506233463082,7.424179002071077],[80.58500460919817,7.424047023297377],[80.58497795607026,7.423880440557178],[80.58500654557183,7.423796682535284],[80.58502712006333,7.423736408331741],[80.58503909064108,7.423706028246549],[80.58513219505426,7.423558126451234],[80.58513722154909,7.423454496327779],[80.58516219303085,7.423319585249713],[80.58522973016034,7.423215440340285],[80.5852652690245,7.423152606167027],[80.58532967322198,7.42296273175443],[80.58538299197434,7.422849355985226],[80.58539392017303,7.422839053518302],[80.58543458869543,7.422800706244611],[80.58545964504596,7.422678768205899],[80.58551799171444,7.422371867146889],[80.5855430650599,7.421926520384895],[80.58561100155028,7.421727364833857],[80.58560599982073,7.421727548068025],[80.58554890617438,7.421729648657784],[80.58548602443676,7.421731961072829],[80.585483397195,7.421732051278505],[80.5853355529797,7.421723034333448],[80.58525194096612,7.421708167942064],[80.58524392832959,7.421696902397452],[80.58522979796732,7.421696058943849],[80.58517790786384,7.42168797573592],[80.5842585898117,7.421431334522545],[80.5835266305215,7.421238514741618],[80.58352698158122,7.421372700620124],[80.58343017206366,7.421426543784612],[80.58341924159663,7.421427475890702],[80.58322666406643,7.421498326117541],[80.58306749393242,7.421609950106276],[80.58305677010199,7.421612753280884],[80.58292734100388,7.421719583818304],[80.58293065778531,7.421739949095504],[80.58294095146712,7.421803147563662],[80.58295242669577,7.421840974722559],[80.58310332772201,7.422135972767694],[80.58231671469292,7.423078322931],[80.58212454258008,7.423057279219482],[80.58197043384438,7.42307839134435],[80.58181828013534,7.423124172549244],[80.58167647732736,7.423182952058232],[80.58158058431093,7.423262860615538],[80.58156841697212,7.423280772993961],[80.58150661441199,7.423374734758964],[80.58148163317594,7.423407836393573],[80.58143578002174,7.423519298737841],[80.58133841314043,7.423857889360455],[80.58144647338933,7.424880180405212],[80.58145061136877,7.424907717112615],[80.58145855064168,7.424970290605984],[80.58146739002761,7.42501934979849],[80.58147271899264,7.425134056587196],[80.58147070076676,7.425170629930993],[80.58149137106548,7.425340539832803],[80.58149582048846,7.42537060237314],[80.58150821927768,7.425473271567103],[80.58150225849221,7.425577558631419],[80.5814977970325,7.425591298347863],[80.5814501750256,7.425717666306889],[80.58144452952826,7.425723110401304],[80.58140271767024,7.425776613683089],[80.58139422150548,7.425787485011176],[80.58134648908184,7.425823012817689],[80.58132512780062,7.425835616552591],[80.58126623230348,7.42586718496541],[80.58124698774652,7.425868486837778],[80.58119235066924,7.425872187630953],[80.58117947324993,7.425873059140051],[80.5811012065852,7.425827348786801],[80.58109140433763,7.425812916445416],[80.58106232566892,7.425765240965932],[80.58105272503926,7.425741470053826],[80.58100593274776,7.425672788139744],[80.58099980079014,7.425663785895573],[80.58095424873468,7.425615652825848],[80.58095118476447,7.425615838667329],[80.58091155016481,7.425609086040433],[80.5809024880102,7.42560507240783],[80.58086875898121,7.425607095849148],[80.5808532169692,7.425612593455972],[80.5807844882824,7.425634174961011],[80.58077830240344,7.425634451665084],[80.58066163753811,7.425662585368197],[80.58065226268522,7.425663009874498],[80.58057145174448,7.425659373364113],[80.58055872351987,7.425660902343834],[80.58049045504242,7.425678360418708],[80.58047115205834,7.425680687702824],[80.58045441186701,7.425687359446848],[80.58038354167783,7.425714697593221],[80.58032826128539,7.425759565138472],[80.58031436084708,7.425785467970839],[80.58027619941912,7.425856164312618],[80.58026487937974,7.425883463609827],[80.58023037334064,7.425946125992018],[80.57975466035816,7.426364407309176],[80.57976054196608,7.426408742989387],[80.57976032864383,7.426481086518943],[80.57976704821192,7.42664992142436],[80.5797792458897,7.42672317564534],[80.57980421998583,7.426792545241198],[80.57982854605379,7.426891123286645],[80.5798310486514,7.426914738256673],[80.5798375667829,7.426976223272511],[80.57983507849613,7.427071352226442],[80.5798322354317,7.427208527135989],[80.57983035793951,7.427299142117128],[80.57983043817268,7.427322473874824],[80.5798517927867,7.427378187911462],[80.57985831308723,7.427383798331061],[80.57986845579651,7.42739248224411],[80.57988222300071,7.427399541837381],[80.57996538653535,7.427404191427396],[80.58007938815508,7.427417527726607],[80.58009574502053,7.427419440304706],[80.58012291537679,7.427437358260538],[80.58016509356462,7.427524822246813],[80.58017676415982,7.427561088738118],[80.58018592189507,7.427594801293685],[80.58020570713356,7.42766762931323],[80.58021122353047,7.427689876508857],[80.58022878942108,7.427711135205016],[80.58026656429361,7.427742420606403],[80.58028068096914,7.427754112142303],[80.58031942598836,7.4278224939683],[80.58033371302503,7.427883179391271],[80.58033309483257,7.427912575044773],[80.58033269501554,7.42793164826413],[80.58032814174862,7.428185209741914],[80.5803449835329,7.428207102929283],[80.58037398681564,7.428206291916149],[80.58038375884739,7.428315602917643],[80.58038630969972,7.428336712103107],[80.58040861203351,7.42846406299291],[80.58041293571003,7.428499748391205],[80.58043372730279,7.428556718217853],[80.58046599296325,7.428649938162765],[80.58047127349265,7.428693429858972],[80.58047603836228,7.428749600451201],[80.58048286737375,7.428827389131444],[80.58048761591034,7.428842694614258],[80.58045737896992,7.428891974409937],[80.58045272292942,7.428972634586515],[80.5804512414879,7.429046787046163],[80.58053334764278,7.42918961238217],[80.5806076733078,7.429308468641522],[80.58063555789121,7.429348449877701],[80.5806426230923,7.429557978194822],[80.58064260786665,7.429565773212897],[80.58061692560509,7.429607750127782],[80.58058432506625,7.429646657525745],[80.58050737584007,7.42971991852724],[80.58048652200692,7.429742005781889],[80.58041694548835,7.42990701257487],[80.58041123247715,7.429929737704797],[80.58027576178932,7.430321434847822],[80.58024659632089,7.430405765576475],[80.58025920701645,7.430416258257506],[80.5803207914398,7.430463760045503],[80.58034550001848,7.430517576516948],[80.58042571980627,7.430624500518626],[80.58042698745507,7.430626038379831],[80.58044898969982,7.430653900380157],[80.58047795703035,7.430705999658555],[80.58048492794445,7.430719115918237],[80.58048872886515,7.430726261526901],[80.58050166977634,7.430758279284712],[80.58055807490616,7.430840685453581],[80.58061094685397,7.430916939946314],[80.58061573028905,7.430959896075499],[80.58061815097008,7.431019310239007],[80.58061722318463,7.431066604466642],[80.58062645406368,7.431090843646661],[80.58065589367656,7.43109736755036],[80.58071368978992,7.431103361372372],[80.58078616268085,7.431112616210987],[80.58085338718817,7.431105954940251],[80.58089089550928,7.431101540410123],[80.58094425490556,7.431102015143903],[80.58097397067802,7.431102751659078],[80.58097287834426,7.431114507015581],[80.58097086922166,7.4311528482466],[80.58096895419423,7.431179163297501],[80.58097057448055,7.43120276521022],[80.5809772700498,7.431221939214579],[80.58100248886058,7.431244849779318],[80.5811270543219,7.431358011103931],[80.5812352788842,7.431441073886345],[80.5813308980509,7.431550897338237],[80.58133948217312,7.431603802376938],[80.58133828131828,7.431652121957486],[80.58133699191981,7.431704006230573],[80.58133616185403,7.431737364410286],[80.58127990805576,7.431857636269572],[80.5812689674203,7.431881028290077],[80.58126134706025,7.431902456736167],[80.58123866323851,7.431985912304201],[80.58121760369352,7.432077780338051],[80.58121718675338,7.432096716999393],[80.58142218516242,7.432369483709886],[80.58168493099164,7.432788736205569],[80.5816899971213,7.432811301495553],[80.58169470942906,7.432845293303695],[80.58171656398198,7.43287774809339],[80.58245370588698,7.433755550835038],[80.58250010898018,7.433788608625762],[80.58252582758716,7.433810629498823],[80.58293089693787,7.434100922204292],[80.582950992919,7.434127759591471],[80.58295819010904,7.434135437481035]]]]}},{"type":"Feature","properties":{"GND_N":"Uda Kithulgolla","GND_NO":"539","GND_C":"035","PROVINCE_N":"CENTRAL","PROVINCE_C":"2","DISTRICT_N":"KANDY","DISTRICT_C":"1","DSD_N":"POOJAPITIYA","DSD_C":"06","Admin_Code":"2106035","GND_NO_Cen":"539","GND_NAME_C":"Uda Kithulgolla","GND_NO_Gaz":"539","GND_NAME_G":"උඩ කිතුල","shape_1":"Polygon","Area__Ha_":54.3498729665,"MWS_ID":"109","Alt_MWS":null,"Density":1609.93937071,"Area":0.54349872792,"Total_Pop":875.0,"Field":0},"geometry":{"type":"MultiPolygon","coordinates":[[[[80.5697783450464,7.432843368667829],[80.56988579333432,7.43255352716154],[80.56989833185251,7.432539678297491],[80.56983504381708,7.432075903105757],[80.5699817890126,7.431705216012504],[80.57005714824426,7.431585958309573],[80.57062127737596,7.431417510395031],[80.57087016201652,7.431205065791732],[80.57081633001236,7.43117087028963],[80.57080987804449,7.431152868221959],[80.57080112884931,7.431128452737251],[80.57082916120255,7.431045632327227],[80.57090248001418,7.430984626376184],[80.57100189130293,7.430925078449648],[80.57101630459215,7.430908325823599],[80.57108075149662,7.430833420346101],[80.57113316032333,7.430736594616908],[80.57114670140412,7.430658803501265],[80.57115932048275,7.430586312029779],[80.5711706219784,7.430442263110517],[80.5711820878606,7.43041060091381],[80.57119275548322,7.430381143922595],[80.5712251594595,7.430345992683396],[80.57129916740062,7.430265714650223],[80.57134377883553,7.430182087087735],[80.57138344196039,7.430123883289966],[80.57142047513113,7.430069537804133],[80.57147140517898,7.430049222816462],[80.57154841775989,7.430018504188273],[80.57163051855566,7.429969258893595],[80.57170211910716,7.429883428212877],[80.57170992455278,7.429874073264309],[80.57177374480251,7.429784305302709],[80.57184479858952,7.429736618401643],[80.57188267351654,7.429711198033581],[80.57197493648262,7.429630034842353],[80.57202056602547,7.429499295724316],[80.57197939186042,7.429396820177674],[80.571950419607,7.429375398567363],[80.57188429991936,7.429326511792062],[80.57184654092073,7.429285440325148],[80.57181467980762,7.429226374297493],[80.57181506161078,7.429213752327001],[80.5718176237773,7.429129164870156],[80.571830618227,7.429002744115892],[80.57183154737555,7.428993707021833],[80.57185380600423,7.428875158801527],[80.57185624901399,7.428862144411757],[80.57185257355846,7.428838695259666],[80.57185254496403,7.428837838879345],[80.57185186880068,7.428828747692474],[80.57185064595402,7.428826397771474],[80.57184676545333,7.428801641818911],[80.57181989646483,7.428767336777223],[80.57180701698894,7.428750893478542],[80.57167297374646,7.428671524158919],[80.57157724259997,7.428614510357859],[80.57149873194462,7.428539327251491],[80.57148735471432,7.42851273392796],[80.57148704702377,7.428512019393145],[80.57147574581337,7.428485600633276],[80.57147474804998,7.428454982560306],[80.57147435390677,7.428453149372944],[80.57147464893008,7.428451872644841],[80.57147342339341,7.428414251607948],[80.57147864584421,7.42828385470931],[80.57147888342638,7.428265759880238],[80.57148052504418,7.42814043442249],[80.57144888356304,7.427998626400798],[80.57138634055937,7.427873984813],[80.57134741041168,7.427819077054527],[80.57132288688577,7.427757663212669],[80.5713174133667,7.427645800323014],[80.57132843284587,7.427521555303494],[80.57133736258845,7.427392793269917],[80.57133800921982,7.427383473001723],[80.57134803597282,7.427350707794295],[80.57137402877277,7.427265751345284],[80.57141838164581,7.427154813932484],[80.57142161092473,7.427145908118384],[80.57145638914841,7.427050024600491],[80.57149280386295,7.426863303608148],[80.57149857297863,7.426732002656848],[80.57150361324958,7.426607574913682],[80.57153084107438,7.426500427624353],[80.57159547943621,7.426401709329519],[80.57164269292261,7.426316666784337],[80.57164849642749,7.426308726132629],[80.57165724609742,7.42629089113959],[80.57172005460501,7.426187810566711],[80.57173223793814,7.426138287947966],[80.57174147505216,7.426100736835997],[80.57170754080836,7.42601743564491],[80.57161375410412,7.425953161267719],[80.57160176144927,7.425944942934114],[80.57149424197078,7.425962152735986],[80.5714757193866,7.425961582626669],[80.57143289067918,7.425966352922027],[80.57139572230254,7.425965213544927],[80.57138952213757,7.425965023495203],[80.5712659761014,7.425973466846513],[80.57122226873771,7.425972139055526],[80.57120350879752,7.425971568825225],[80.57115341283576,7.425970047270884],[80.57092816807058,7.426007162135049],[80.57088926234074,7.42601331052857],[80.57086306708531,7.426013310167745],[80.5705692688057,7.426044752140429],[80.57052356392025,7.426051046560605],[80.57008836868516,7.426344043298281],[80.5700687913695,7.426363348135326],[80.57003626099741,7.426401903008582],[80.56961938394113,7.426895085170605],[80.56950329736836,7.426980589162502],[80.56826376385173,7.427663190321111],[80.56796973501538,7.427706420622743],[80.56754332255232,7.427499806060242],[80.56749476684136,7.427493815789223],[80.56738553938715,7.427433782550285],[80.56737340199902,7.427427111284033],[80.56727366439273,7.427412958252459],[80.56720400271594,7.427401711296656],[80.56713352150459,7.427399326935204],[80.56703160116369,7.427414609418624],[80.56698982880754,7.427420872768348],[80.56688038616875,7.42743284828271],[80.56680074619409,7.427447008139244],[80.56672273331971,7.427470662937923],[80.56667615814489,7.427491169343114],[80.56657238377542,7.427583811434924],[80.56649887810835,7.427654853356061],[80.56647947568459,7.427671706568108],[80.56644477010393,7.427701850197949],[80.566400533063,7.427762599689054],[80.56638537534629,7.427820675360825],[80.56638349138319,7.427823652312015],[80.56637847240445,7.427827580003136],[80.56637575447002,7.42782970833173],[80.56624117406578,7.427857867714218],[80.56617147792264,7.427875233361896],[80.56611607262238,7.42789346665217],[80.56590763060159,7.427933048372549],[80.56583368951522,7.42796685293311],[80.56581082186491,7.427970279316039],[80.56573787457339,7.427986979601186],[80.565696087646,7.427993257288891],[80.56565003789716,7.428005987804164],[80.5656218519641,7.428010231849093],[80.56545205474018,7.428053527539768],[80.5653563290159,7.428085969753064],[80.56529861933876,7.428112856846931],[80.56525554153798,7.428143582383998],[80.56505529351217,7.428223182622276],[80.56499366883013,7.428245184622659],[80.56482639699348,7.428323093140379],[80.56478900307668,7.428340470334946],[80.56475676043175,7.428361480722818],[80.56449316594394,7.428480629671014],[80.56447654049985,7.428481574865402],[80.5644539297428,7.428497102567495],[80.56397026240133,7.428645692142454],[80.56398094947838,7.428661534160693],[80.56407743385526,7.428789265752788],[80.56408195384459,7.428790678612661],[80.56423529568133,7.428993458511743],[80.56425722784053,7.428995101239272],[80.5643032085097,7.429202400126625],[80.56428728723571,7.429250017185343],[80.56427907579322,7.429302821340876],[80.56427614635246,7.429326576658613],[80.56424415944805,7.429441315428141],[80.56424726647302,7.429459098052031],[80.56424194473328,7.429472760301665],[80.56421582362162,7.429652138116136],[80.56421780522177,7.429664750351652],[80.56418070795394,7.429798112422366],[80.564176602585,7.429827532580692],[80.56416744092482,7.429851698181166],[80.56415289743296,7.429899574519243],[80.56412331736315,7.430107241517447],[80.5640566089733,7.430478728086118],[80.56404220354538,7.430854203173634],[80.56404866009328,7.430896049765991],[80.56409501981067,7.431034788866913],[80.5640811522384,7.431114483115777],[80.56406909255654,7.431330875870061],[80.56406517605488,7.43135368753264],[80.56403015661398,7.431470529113255],[80.56401531967481,7.431512424298974],[80.5640276800714,7.43157930186644],[80.56401070735906,7.431614570266206],[80.56400822347636,7.431693331297752],[80.56401561250615,7.431776168184492],[80.56401322082914,7.43184968616165],[80.56399905737052,7.431915331147239],[80.56395500111935,7.431969659055727],[80.56393342312754,7.432007447324255],[80.56393014024984,7.432050220678429],[80.56397177703896,7.432125386547812],[80.5640039257782,7.432191171247616],[80.56401739402118,7.432218732439839],[80.56402452664898,7.432267657264726],[80.5640253979982,7.432339729026165],[80.5640326957044,7.432424104975651],[80.56402731684878,7.432494366062597],[80.56402695248634,7.432500379444786],[80.56402293444656,7.432566707502583],[80.56403478428649,7.432602613651133],[80.56405904889205,7.432633731169771],[80.56409428117396,7.432653101724916],[80.56416086598894,7.432658829712143],[80.5642781880369,7.432656534621269],[80.56439731805021,7.4326605713266],[80.56454220540886,7.4326642233076],[80.56462163769793,7.432821026942287],[80.5646261787376,7.432905337363514],[80.5646244261301,7.433008540009752],[80.56463650044478,7.433027963679544],[80.5646850787838,7.433112760816339],[80.56469740885777,7.433125932316282],[80.56479079544646,7.433192375550285],[80.56482213446813,7.433212690085083],[80.56564245235404,7.434074538143432],[80.56573988568988,7.434075475126853],[80.56645482776331,7.43419116112632],[80.56654167662242,7.434261285908605],[80.56661132742448,7.43429577244705],[80.56669203502481,7.434321583878288],[80.56686867343247,7.434372397306515],[80.5670183194574,7.434410537812409],[80.56708481274906,7.434418888683171],[80.5671922572605,7.434423099999123],[80.56730893787488,7.434437170639665],[80.56756268055345,7.434470840327989],[80.56764175941179,7.434494569136678],[80.56772184008021,7.434507176486537],[80.56778488108081,7.434536054919823],[80.56783577569729,7.434578850152278],[80.56788720869461,7.434632680735786],[80.56797323764226,7.434711213892675],[80.56802151376591,7.434737371571883],[80.56808855238702,7.434790228300145],[80.56812882628215,7.434821982506853],[80.5682431347656,7.434636907186034],[80.56836121620034,7.434519791321741],[80.56837944958141,7.434483020407428],[80.56840151016668,7.434456861371625],[80.56923086207877,7.43379797069396],[80.56947923001219,7.433573080901006],[80.56973487707488,7.433181380952929],[80.5697783450464,7.432843368667829]]]]}},{"type":"Feature","properties":{"GND_N":"Kovilamuduna","GND_NO":"525","GND_C":"070","PROVINCE_N":"CENTRAL","PROVINCE_C":"2","DISTRICT_N":"KANDY","DISTRICT_C":"1","DSD_N":"POOJAPITIYA","DSD_C":"06","Admin_Code":"2106070","GND_NO_Cen":"525","GND_NAME_C":"Kovilamuduna","GND_NO_Gaz":"525","GND_NAME_G":"කෝවිලමුud","shape_1":"Polygon","Area__Ha_":27.5391377566,"MWS_ID":"109","Alt_MWS":null,"Density":3576.72782597,"Area":0.27539137668,"Total_Pop":985.0,"Field":0},"geometry":{"type":"MultiPolygon","coordinates":[[[[80.56752285210914,7.420387157424216],[80.56754881793917,7.42036962268303],[80.5681307609409,7.420568059213476],[80.56825662718146,7.420614067185587],[80.56831970651488,7.420559175261803],[80.5683295866321,7.420545547639279],[80.56834046049832,7.420416291001144],[80.56882774564227,7.420281306753782],[80.56890681557991,7.420276313969388],[80.57032892616822,7.419885044786311],[80.57040150605766,7.419854513241711],[80.5704728049371,7.419843514769683],[80.57049726951458,7.419837647276026],[80.57055934535437,7.419794993287112],[80.57062015500794,7.419749717151751],[80.57064934909631,7.419697733692735],[80.57069493976351,7.419649193233607],[80.57069901227516,7.419644493687247],[80.57079292294365,7.419536111230309],[80.57087685075143,7.419452050581128],[80.57095361527834,7.419383812674615],[80.57100381731645,7.419352275964365],[80.57102955200769,7.419336552210117],[80.57133977311466,7.419271496588705],[80.5714375306792,7.419250019429946],[80.57157143919652,7.41922467043218],[80.57161011378412,7.419213571742865],[80.57165796661751,7.419199841255371],[80.57171940355782,7.419167043621135],[80.57181907322935,7.419128476982728],[80.57190777730236,7.419098314320349],[80.57201260943876,7.419060562068429],[80.57204612593577,7.419066545818949],[80.57205282577253,7.41877860683743],[80.57192376631885,7.41874027955521],[80.57188665228615,7.418758140406132],[80.57185604689813,7.41876318405436],[80.57173287790548,7.418803072821408],[80.57168411095252,7.418807184814069],[80.57165373962798,7.418811492459674],[80.57162324232942,7.418821789192153],[80.57156262401463,7.418835795033674],[80.57153847368829,7.418840077503377],[80.57129312319675,7.418911697632645],[80.57125447731502,7.418927364807378],[80.5711962878525,7.418950956342871],[80.57117063196068,7.418958952037806],[80.57109780003879,7.418998132276919],[80.57107100997335,7.419013841079971],[80.57095862858115,7.419073331588692],[80.57093429699431,7.419077737829727],[80.57089733583581,7.419088131901714],[80.57085999925667,7.41909931434244],[80.57082667131307,7.419120443166459],[80.57063859018027,7.419167361445953],[80.57059727640481,7.419163301938523],[80.57056641002735,7.41916843670977],[80.57053111404791,7.419164960538904],[80.57033827298436,7.419145961512571],[80.57032665592297,7.419144815813514],[80.57021401461277,7.419042254520676],[80.57019336358402,7.41903154532632],[80.57022684947863,7.418926050412331],[80.57032368599333,7.41881430542862],[80.57034208449171,7.418808326615505],[80.57037886155118,7.418796380733586],[80.57040286839657,7.418790906399664],[80.57053855595531,7.418802839909461],[80.57060077391274,7.418808869607033],[80.57061192066851,7.418810279135272],[80.57066440101305,7.418802271466324],[80.57082040585911,7.418792533812715],[80.57085534877474,7.418789560363817],[80.57086766207814,7.418783770426894],[80.57103649531805,7.4187025748925],[80.57106353834811,7.418680505395522],[80.57107656535534,7.418673104328174],[80.57121108444063,7.418532033063589],[80.57123240271181,7.41849278834919],[80.57124145764452,7.41846492576608],[80.5713106231422,7.418212470311655],[80.57132702444007,7.418166472760637],[80.57132771597753,7.418159913322162],[80.57136327756265,7.418084541339548],[80.5713816705927,7.418066789460362],[80.5714347570437,7.418033006850764],[80.57147126758461,7.417997734457939],[80.57151367106648,7.417956769525221],[80.57154327903915,7.41793395875161],[80.57165261795699,7.417880385294058],[80.57167662035813,7.417856937115535],[80.57171181803703,7.417833749098921],[80.57172896241435,7.417828343876924],[80.57187560656207,7.417727079623303],[80.571905306677,7.417696909712157],[80.57192818017205,7.41768546642388],[80.5720313108545,7.417621721215806],[80.57205976931894,7.417604465868044],[80.57209970400055,7.417575442769598],[80.5721166953015,7.41756405645306],[80.57230675396534,7.417464408068592],[80.57235650987585,7.417448831801497],[80.57236761554849,7.417442997861055],[80.57252193152655,7.417397217228585],[80.57254937448913,7.417391627696535],[80.57268151407611,7.41738982267176],[80.57270917769408,7.417390990125274],[80.57295819502164,7.417489512212327],[80.57299354336747,7.417520772685005],[80.57310464797398,7.417626493097129],[80.57311478348169,7.417626402778322],[80.57317711043048,7.417627606842268],[80.5732398226507,7.417620352295044],[80.5732440607834,7.41761986138977],[80.57330640330768,7.417589051579781],[80.57332697761412,7.417567539648812],[80.57335518238263,7.417500815529386],[80.57337279025316,7.417428840753995],[80.57337198492293,7.41740700979284],[80.57336786882068,7.417295365420891],[80.57336727572498,7.417205750386546],[80.57338027265743,7.417113517289295],[80.57343530036657,7.416978551903054],[80.57345684926312,7.416925701149433],[80.57340915470681,7.416527197116157],[80.57338557052684,7.416330142201458],[80.57336103847483,7.416258347134823],[80.5733512713807,7.416231462497132],[80.57334631694899,7.41621356332606],[80.57337918685441,7.416088055797875],[80.57337201465003,7.416048575509872],[80.57330013597513,7.415983940744741],[80.57281368518336,7.415735474866826],[80.57240132426006,7.415812570684555],[80.57239166409471,7.415836951483367],[80.57238260873876,7.415854204903365],[80.57237807500539,7.415867130630557],[80.572342305044,7.415953154310269],[80.57233791190833,7.415961747622475],[80.57232912473307,7.415978928820533],[80.57228961174394,7.416060470899144],[80.57228085933376,7.416069035081861],[80.57219782878344,7.416150293129149],[80.57214985030932,7.416201522041916],[80.57212354056315,7.416252673182465],[80.57211473097243,7.416265387146596],[80.57204039511001,7.416315784651403],[80.5720185854991,7.416332560161948],[80.5719100727607,7.416394961834866],[80.57188411306194,7.416415789386692],[80.57184167112875,7.416420727220393],[80.57138256713273,7.416402727491851],[80.57037330249575,7.416409678267694],[80.56999332527717,7.416311984749712],[80.56973900434188,7.416151062200589],[80.5696903786305,7.416120979934105],[80.56965569489932,7.416095061186518],[80.56961296709996,7.415910774003044],[80.56846156217053,7.416062675286029],[80.56843307309245,7.416067873422452],[80.56815204489322,7.416149260552951],[80.56791370565627,7.416210734133559],[80.56772596374327,7.416210735638096],[80.56758563788624,7.416246826225749],[80.56743935056814,7.416324306265911],[80.56729977919737,7.416393232068994],[80.56708922075164,7.416485235501405],[80.5666802259315,7.416726256338909],[80.56671911097605,7.416748800657262],[80.56672698842235,7.416757394268391],[80.56673948294144,7.416772592313203],[80.56677035919186,7.416807603080594],[80.56677777557296,7.416819929403324],[80.56679534207063,7.416849122897379],[80.56681035298273,7.416905105830295],[80.56681560007134,7.416924279356328],[80.56681549049492,7.41696442909814],[80.56681544722187,7.41698888935302],[80.56681540142245,7.417014860683609],[80.56681536659278,7.417034875428227],[80.56680980250249,7.417115173297373],[80.56680903816009,7.417124212269911],[80.56680506524216,7.417171146020617],[80.5668056847622,7.41720207410525],[80.56681481276269,7.417248196545909],[80.56687277362352,7.417286565958416],[80.56690301952676,7.417311720509086],[80.56691613517665,7.417354499838681],[80.56693976102804,7.417396018104162],[80.56700727997003,7.417452354011708],[80.56700948864422,7.417454196195988],[80.56701283372011,7.417468667394658],[80.56699686991381,7.417508178474736],[80.5669524399073,7.417594335058996],[80.56692795794964,7.417640985151016],[80.56690999674849,7.417691617210481],[80.56689329417398,7.417762686928056],[80.56689129956234,7.417766031879925],[80.56684561496728,7.417819273332379],[80.56669651378634,7.41794338355705],[80.56667840811829,7.417958456851498],[80.56667077323829,7.417971346688806],[80.56666245111859,7.417985397316606],[80.56661549321574,7.418049127060099],[80.5665937389481,7.418076608269307],[80.56657642488796,7.418097760603246],[80.5665433375244,7.418140518143294],[80.56651424590348,7.418164739520207],[80.56645669610698,7.418212730419533],[80.56639462226883,7.418254659494647],[80.56636625909326,7.418269116628779],[80.56631143918257,7.418295314385788],[80.56627636372582,7.418329479259469],[80.56627038304705,7.418334722248686],[80.5662432809577,7.418366269335595],[80.5662161798461,7.418393836619311],[80.56615861969617,7.418465430474075],[80.56613015745977,7.418499600269991],[80.5660513920481,7.418587007435702],[80.56595823059872,7.41865333860832],[80.56591782800139,7.418678487823943],[80.56591192506124,7.418682164606103],[80.56588156382699,7.418707107869835],[80.5658312503358,7.418780060646814],[80.5658080361438,7.418827434705839],[80.5657945893864,7.418907728817526],[80.56579058608516,7.418945888164663],[80.5657884862196,7.418964803210017],[80.56578224822584,7.41898151976338],[80.5657863099273,7.418984410004723],[80.5657830149425,7.419055214731233],[80.56577928655061,7.41908487383656],[80.56577030508029,7.41911181756931],[80.56575326100162,7.419138485290151],[80.56572996857093,7.419159815615059],[80.56570834977556,7.419174604158401],[80.56567052050515,7.419200481621498],[80.56562819850822,7.41923066410822],[80.56561560080986,7.419243771316729],[80.5656109768464,7.419251636490077],[80.56565129643222,7.419239265855886],[80.56570348961775,7.419214332953923],[80.5657892953877,7.419183626669819],[80.56585127701297,7.419168381574861],[80.5658553450947,7.419167381542167],[80.56587162910276,7.419161675916455],[80.5659073317889,7.419504622221402],[80.56610257647509,7.419565012072121],[80.56617919602792,7.419624398979012],[80.56619792650211,7.419634929303787],[80.56620594562287,7.419642868281628],[80.56622729263181,7.419658670976672],[80.5662352882098,7.419666588239794],[80.56634378354985,7.419726380838262],[80.56636741195558,7.419733982650089],[80.56644575610474,7.419774998672558],[80.56647949162326,7.419792835538184],[80.5665681237172,7.419923304722285],[80.5664509087468,7.42006999384219],[80.5662839728174,7.420264299496175],[80.56620545733182,7.420439155718974],[80.56620336756255,7.420453994209028],[80.5662301379955,7.420600514379564],[80.56623394506646,7.420618855277883],[80.56623776387882,7.420637272142497],[80.56630312760149,7.42079952809653],[80.56630939678533,7.420808753961643],[80.5663158356878,7.420821147651555],[80.56640122997742,7.420980623306106],[80.56694410068077,7.420814544294651],[80.56703543855048,7.420769862698814],[80.5670625056343,7.420749334385751],[80.56707935439461,7.420739129212062],[80.56711129073169,7.420705412239126],[80.56711204430691,7.420703828269244],[80.56719127632776,7.420589833974616],[80.56720968264132,7.420573299464442],[80.567273478918,7.420515992658056],[80.5672903782825,7.420504110032695],[80.56735766761166,7.420456800027544],[80.56742409049355,7.420417947474601],[80.56752285210914,7.420387157424216]]]]}},{"type":"Feature","properties":{"GND_N":"Batagolladeniya","GND_NO":"527","GND_C":"090","PROVINCE_N":"CENTRAL","PROVINCE_C":"2","DISTRICT_N":"KANDY","DISTRICT_C":"1","DSD_N":"POOJAPITIYA","DSD_C":"06","Admin_Code":"2106090","GND_NO_Cen":"527","GND_NAME_C":"Batagolladeniya","GND_NO_Gaz":"527","GND_NAME_G":"බටගොල්ලla","shape_1":"Polygon","Area__Ha_":108.655780853,"MWS_ID":"109","Alt_MWS":null,"Density":2112.17478663,"Area":1.08655780503,"Total_Pop":2295.0,"Field":0},"geometry":{"type":"MultiPolygon","coordinates":[[[[80.58185673418454,7.421608490527941],[80.5825523722389,7.421350954371592],[80.5826959694731,7.421605998488783],[80.58275505557711,7.421611442767635],[80.5828941522684,7.421634374776254],[80.58292174466729,7.421685228095256],[80.58292734100388,7.421719583818304],[80.58305677010199,7.421612753280884],[80.58306749393242,7.421609950106276],[80.58322666406643,7.421498326117541],[80.58341924159663,7.421427475890702],[80.58343017206366,7.421426543784612],[80.58352698158122,7.421372700620124],[80.5835266305215,7.421238514741618],[80.5842585898117,7.421431334522545],[80.58517790786384,7.42168797573592],[80.58522979796732,7.421696058943849],[80.58524392832959,7.421696902397452],[80.58525194096612,7.421708167942064],[80.5853355529797,7.421723034333448],[80.585483397195,7.421732051278505],[80.58548602443676,7.421731961072829],[80.58554890617438,7.421729648657784],[80.58555233949274,7.421715309809034],[80.58559006967951,7.421557727141834],[80.58556418527648,7.421536984146758],[80.58546629662347,7.42138359977716],[80.58545611396245,7.421326834565606],[80.58544095946657,7.421287086065326],[80.58543096362075,7.421244595242529],[80.58541592403019,7.421228316883909],[80.58529853602167,7.421012440879299],[80.58528918754216,7.420983462319403],[80.5852847242754,7.42095977598959],[80.5852753376838,7.420937247754964],[80.58519118395688,7.420786214068987],[80.58518235312299,7.420758527968145],[80.58517845994663,7.420730058157561],[80.58516972046942,7.420702705780888],[80.58487272010849,7.420342963021278],[80.58470831731837,7.420207332812395],[80.58470029734843,7.420183795960975],[80.58468408382673,7.420171496878155],[80.5846719825772,7.420158595498197],[80.58466009512638,7.420131042809492],[80.58454358686363,7.419924832103985],[80.58453656403205,7.419893624538526],[80.58453299455135,7.419877172953368],[80.58451768259192,7.419854072440203],[80.58446224746272,7.419721335872362],[80.58444739993654,7.419694783860166],[80.58442824380371,7.419680815072409],[80.58442504424977,7.419561205196633],[80.58442662184304,7.419524795310816],[80.58442679752449,7.419520771270265],[80.58441573763443,7.418731112765524],[80.5844787229943,7.418515740293063],[80.5844305764217,7.418472426350543],[80.584396349612,7.418432803417787],[80.58438567090242,7.418406935041867],[80.58438353276719,7.418323649374039],[80.58437695697098,7.418030202524897],[80.58437510910348,7.417902152526277],[80.58442886192992,7.417831459790073],[80.58447591969869,7.417734177858793],[80.58455287829874,7.417630759606404],[80.58460924927368,7.417578697375196],[80.58470159489784,7.417506754322394],[80.58476529219811,7.417479472031385],[80.58479700122713,7.417475506788584],[80.5848291639824,7.41748444332884],[80.58485633207789,7.417491991430463],[80.58495415403713,7.417531008696319],[80.58503875540633,7.417560614671838],[80.58511295360698,7.41755350355166],[80.58514385202137,7.417536515169847],[80.5851599865544,7.417517532796293],[80.58516845280201,7.417422132310068],[80.5851701224301,7.417329714886656],[80.585172402458,7.417086549781354],[80.58515405729793,7.416982096616286],[80.58512329777787,7.416885141960489],[80.58508782716798,7.416811992676372],[80.58508491993294,7.416806000465373],[80.58507234500603,7.416769913648452],[80.58507461951248,7.416743237895711],[80.58510170690728,7.416706779287969],[80.58512284346621,7.416678329277839],[80.58519797902456,7.416595890687788],[80.58520940440684,7.416573016909815],[80.58521261899955,7.416469204208425],[80.58523030942743,7.416413417652417],[80.58525923520999,7.416351033657655],[80.5853288044234,7.416153655725057],[80.58550595209361,7.41606031708582],[80.58560075562296,7.415919605884914],[80.58562198401894,7.415888099367162],[80.58571932664631,7.415779262949194],[80.58579735988295,7.415701256540521],[80.58588565415195,7.415567006392167],[80.58600038217259,7.415477077139112],[80.58607517622035,7.415461260445511],[80.58603992310505,7.415415249249602],[80.5859808057892,7.415252255333819],[80.58592368933179,7.415157572791929],[80.58588247734143,7.414965583943522],[80.58571859296441,7.414744752466825],[80.58543598507664,7.414695453848475],[80.58510685052704,7.41466228578112],[80.58510440849726,7.414619538656967],[80.58445366697289,7.414381415923867],[80.58442292710768,7.41436744304591],[80.58440253765443,7.414365308249451],[80.5843886288367,7.414363852661804],[80.58437147773598,7.414360320315252],[80.58436021403861,7.414355044313099],[80.58436051675245,7.414363093582656],[80.58433233757242,7.414375017224525],[80.58430180449523,7.414383505332146],[80.5842657443062,7.414394341316673],[80.58422316511982,7.414396855863981],[80.58418783687014,7.414388972326392],[80.5841649218805,7.414378110875945],[80.58415287719069,7.414370962638487],[80.58414309607835,7.414366616887706],[80.58413458096689,7.414363357743173],[80.5841282404906,7.41436118559761],[80.58411057789954,7.414354756559909],[80.58407733664066,7.414341176850574],[80.58403159534205,7.414323885930429],[80.5839795155349,7.414299900474504],[80.58393296382724,7.414271302780984],[80.58389329591178,7.414245423661492],[80.58385435006434,7.414225693159506],[80.58383586933284,7.414215339112442],[80.58380734443229,7.414199356901045],[80.58374412867882,7.414159722277765],[80.58367765002987,7.414125871918491],[80.58363127505793,7.41410342529204],[80.58359875671944,7.414096176837049],[80.58356813553502,7.414098966887307],[80.58353941398308,7.414110258141047],[80.58351340934978,7.414119289830525],[80.58348006939154,7.414124430770127],[80.58343748999326,7.414127486011701],[80.583395001697,7.414129367512482],[80.58334390759111,7.414130339171418],[80.58327678235175,7.414123076583],[80.58320531734634,7.414096006210016],[80.58315786806973,7.414050500425359],[80.58313823062069,7.414000392996376],[80.58313534485357,7.413968109281012],[80.58313961026427,7.413952737197399],[80.58314295482596,7.413944606316056],[80.58314994775394,7.413927603162486],[80.58315359301162,7.413882209087025],[80.58315479548973,7.413823249510942],[80.58315573230068,7.413752352207994],[80.58315721411779,7.413678110150579],[80.58315887341264,7.413612369456598],[80.58315817735134,7.413575679152927],[80.5831577221644,7.413551689791082],[80.58315493948058,7.413492819817625],[80.58314418443295,7.413434668010501],[80.58313578255874,7.413381582186808],[80.58313000007495,7.413344233155138],[80.5831186016703,7.413309322379446],[80.58308999353481,7.413266265464954],[80.58304979151475,7.413219044654828],[80.58304354397877,7.41321153537957],[80.58303672508634,7.413203394657391],[80.58301894127779,7.413182164912184],[80.58301670483286,7.413179496267249],[80.58296685295333,7.413119987299996],[80.58295118841035,7.413102164956245],[80.58294539324265,7.413096013224583],[80.58294367271519,7.413094386552527],[80.5829252908283,7.413073577945679],[80.582857455705,7.413034754154413],[80.58262083770587,7.413019278167458],[80.58245261392337,7.413011158469357],[80.58237307833058,7.413000724400533],[80.58219506570951,7.413001911873584],[80.58211588749487,7.41300495102052],[80.58204541599281,7.412987377816012],[80.58197974937941,7.412957598703838],[80.58191619068539,7.412872386256556],[80.58186894454516,7.412812541006195],[80.58184212990729,7.41277857749407],[80.58168371076897,7.412717196953057],[80.58166949141818,7.412711312808667],[80.58166141501998,7.412740608464108],[80.58164280058558,7.412841068504062],[80.5816175765154,7.412931395726905],[80.58160522983569,7.412991164285273],[80.58156633404361,7.413062133587351],[80.58153542826534,7.413096303347921],[80.58146194739257,7.413121862745204],[80.58137434518778,7.413122547804707],[80.58131310293331,7.413128127599848],[80.58125293643369,7.413159480291812],[80.58119847662809,7.413192100588244],[80.58115034892714,7.413247875439496],[80.58113032030796,7.413263782260544],[80.58108791571308,7.413281486949314],[80.58106394375204,7.413290978770231],[80.58096632076845,7.413329633447898],[80.58087037059506,7.413360971276259],[80.58080885305918,7.4133744173499],[80.5807585650701,7.413396459162227],[80.58065888137993,7.413471382364066],[80.58049250946024,7.413575393614368],[80.58049024343454,7.413578195934041],[80.58025452486963,7.41357492797781],[80.58019500760768,7.413573906113248],[80.58013123668321,7.41356148823728],[80.580074010993,7.413499971784028],[80.58002593840989,7.41342679394603],[80.58001566712238,7.41341662422434],[80.57997631604051,7.413377667879847],[80.57994916139928,7.413326202365493],[80.5799277006035,7.413305032369514],[80.57987851454583,7.413293524288044],[80.5797164510107,7.413283234155525],[80.57971383301954,7.413283005116024],[80.57966037798984,7.413278326174734],[80.57958427270077,7.413295385525919],[80.57953462374148,7.413306303738374],[80.5794610486817,7.413339639703525],[80.57941221977633,7.413339890287239],[80.57932787557283,7.413347900276356],[80.57922061466694,7.41334930054622],[80.5791379924607,7.413355593100082],[80.57894494339442,7.413352614651974],[80.57885897218111,7.41335447552303],[80.57877680000652,7.413365290592582],[80.57871790494882,7.413391127296333],[80.57862766270596,7.413418576891398],[80.57853915680371,7.413314690939736],[80.57840649250359,7.413169438213531],[80.57802055148147,7.412861286734917],[80.5780090246955,7.412853057931549],[80.57756121960627,7.412586972548981],[80.57754737235834,7.412575672613276],[80.57733678307703,7.412403811123028],[80.57682100083692,7.412212655297249],[80.57657737991192,7.412072618897513],[80.57618043578128,7.411983989559231],[80.5760810102493,7.411975792601592],[80.57607446495334,7.411943887008224],[80.5758710019296,7.411933486426796],[80.57557450903202,7.411905137833229],[80.5753317677477,7.411844313843806],[80.57500082209334,7.411934012337505],[80.57478046649184,7.411947725700872],[80.57407964986723,7.412011085506031],[80.57346776499227,7.412168640007067],[80.57343910067253,7.412175372982876],[80.57340306803513,7.41219713198852],[80.5727890297616,7.412383351631541],[80.572744789329,7.412405507430657],[80.57271523982764,7.412420305365615],[80.5725450963722,7.412722817403269],[80.57233485396517,7.413010154990398],[80.57202290996867,7.413094539063254],[80.57200768885487,7.413094436218112],[80.57174490344046,7.413005654719658],[80.57170881732138,7.412995759601832],[80.57168787439053,7.412985998952131],[80.57139627405454,7.412800682217319],[80.57135968549888,7.412799892190799],[80.57077541764956,7.412761172009844],[80.5707535535859,7.41276086077806],[80.5701047501994,7.412703196559653],[80.57010983767412,7.412744378719073],[80.57011023158604,7.412756408742625],[80.5701110256579,7.412780669546131],[80.5701118295695,7.412805199834207],[80.57011585532199,7.412922326032549],[80.57011631755854,7.412935484648253],[80.57011753079168,7.412970079028653],[80.57011785380435,7.413066368545549],[80.57013451147515,7.41325002869994],[80.57013483500114,7.413263416037879],[80.57013817454767,7.413295779602385],[80.57014931686672,7.413431088145112],[80.57014967539445,7.413445183562388],[80.57016535264667,7.413539760223218],[80.57016301180977,7.413551348587212],[80.57014388586782,7.413631796686174],[80.57012838880975,7.413656203668424],[80.5701152703566,7.41367157332103],[80.57008359920219,7.413717164060357],[80.57007548445343,7.413727908752269],[80.57006735645217,7.413735983053854],[80.57005110757376,7.413760181696594],[80.57004296597515,7.413768272268702],[80.57001199167148,7.413793933561439],[80.56993655796954,7.413879488312317],[80.56992659145453,7.413882598985624],[80.5698627372268,7.413954332420261],[80.56984773557349,7.413971183330231],[80.56981736959598,7.414009420925282],[80.56975519715736,7.414068533874749],[80.56974059816122,7.4140961062925],[80.56973523513703,7.414134989402782],[80.56975559400279,7.414186995835021],[80.56977512309577,7.414270018304377],[80.5697948483783,7.41432084976107],[80.5697961285065,7.414322646285801],[80.56982771163763,7.414366984076243],[80.56984408721142,7.414415099281404],[80.56986088170989,7.414532395076404],[80.56986790459737,7.414625269458925],[80.56986778673105,7.414681878287159],[80.56984993252856,7.414700227193517],[80.56979311872546,7.414725792373409],[80.56973556572397,7.414786263903158],[80.56969413334897,7.414856778782435],[80.5696380910048,7.414978290023892],[80.56961487441043,7.415030184876795],[80.56959005685883,7.415214560946578],[80.56957986637178,7.41530932544405],[80.56956052425086,7.415408065489711],[80.56955845054388,7.415429553292682],[80.56954222681748,7.41559768768716],[80.5695416329367,7.415606534130966],[80.56966075869106,7.415722729941597],[80.56967036793206,7.415732102000584],[80.56965576530887,7.415773144791483],[80.56963583705124,7.415829154809439],[80.56961153289656,7.415897464824136],[80.56961296709996,7.415910774003044],[80.56965569489932,7.416095061186518],[80.5696903786305,7.416120979934105],[80.56973900434188,7.416151062200589],[80.56999332527717,7.416311984749712],[80.57037330249575,7.416409678267694],[80.57138256713273,7.416402727491851],[80.57184167112875,7.416420727220393],[80.57188411306194,7.416415789386692],[80.5719100727607,7.416394961834866],[80.5720185854991,7.416332560161948],[80.57204039511001,7.416315784651403],[80.57211473097243,7.416265387146596],[80.57212354056315,7.416252673182465],[80.57214985030932,7.416201522041916],[80.57219782878344,7.416150293129149],[80.57228085933376,7.416069035081861],[80.57228961174394,7.416060470899144],[80.57232912473307,7.415978928820533],[80.57233791190833,7.415961747622475],[80.572342305044,7.415953154310269],[80.57237807500539,7.415867130630557],[80.57238260873876,7.415854204903365],[80.57239166409471,7.415836951483367],[80.57240132426006,7.415812570684555],[80.57281368518336,7.415735474866826],[80.57330013597513,7.415983940744741],[80.57337201465003,7.416048575509872],[80.57337918685441,7.416088055797875],[80.57334631694899,7.41621356332606],[80.5733512713807,7.416231462497132],[80.57336103847483,7.416258347134823],[80.57338557052684,7.416330142201458],[80.57340915470681,7.416527197116157],[80.57345684926312,7.416925701149433],[80.57348076164045,7.416867051322177],[80.57352420207869,7.416764796234007],[80.57363648809654,7.416672156247144],[80.57373969828174,7.416615775245111],[80.57381334765297,7.416582492739356],[80.57381410391821,7.416582883739363],[80.57414625384652,7.416740897718673],[80.57415888487083,7.416747370077504],[80.57419685647852,7.416779322530449],[80.5743038956758,7.416874553687432],[80.5743412627971,7.416881237127354],[80.57437860806466,7.416894131255086],[80.57447801972252,7.416933121680243],[80.57452132388565,7.416952566504011],[80.57453981176579,7.416952938420409],[80.57457059542801,7.416965891046847],[80.57460129041206,7.416972653728871],[80.57472331656913,7.417011787289612],[80.57474151269886,7.417018235026361],[80.57484979410394,7.417117424719622],[80.57489765354664,7.41713627925788],[80.57490957718744,7.417142489934041],[80.57578279280153,7.417120441795233],[80.575800654866,7.417126449850868],[80.57619232592518,7.41726046022458],[80.57621107412477,7.417272194661836],[80.57624226070212,7.417289810807349],[80.57628593728872,7.41731332857632],[80.57630505513686,7.417331022483244],[80.57655608915385,7.417473320427687],[80.57658138259745,7.417491233224147],[80.57658745590444,7.417491233239418],[80.57670216233282,7.417581082198122],[80.57672152103532,7.417599108072239],[80.57674053275476,7.417611136502058],[80.57688699428648,7.417707666133274],[80.57689389740887,7.417719771416278],[80.57721263693799,7.417757282467343],[80.57722093414718,7.41777171331354],[80.57722565203184,7.417786191388813],[80.57749248455302,7.417969895443465],[80.57750497386746,7.417981456116635],[80.57752214150807,7.418000793109898],[80.57755912083893,7.418028125697745],[80.57766974287252,7.418095577708537],[80.57812814085,7.418592951313578],[80.57812825898807,7.418594154079303],[80.57812662904924,7.418703895041202],[80.57812870481222,7.418725524907048],[80.57812246796856,7.418746783923069],[80.57812246049411,7.418838404429493],[80.57812323563176,7.418847251498173],[80.57812635602085,7.418882845961084],[80.57814333551838,7.418978620234753],[80.57816359775326,7.419012390235803],[80.57816965354522,7.419031340639072],[80.57822171089096,7.419120217204249],[80.57823248157024,7.419140203317453],[80.57824972706815,7.419180086816704],[80.5782835564862,7.419278672812467],[80.57828920572543,7.419297176311006],[80.57829430546984,7.419306674589985],[80.5783090887217,7.419326178690702],[80.5783716724531,7.419446684950126],[80.57837819149506,7.419475084540647],[80.57839307890669,7.419490603454716],[80.57841301451157,7.419511384902833],[80.57842803141257,7.419527039517756],[80.57847271477564,7.419564860768479],[80.57848794719835,7.419580723465333],[80.57854837394987,7.419622215920287],[80.57855952862353,7.419634411690785],[80.57859452092018,7.419744116494188],[80.57859669762692,7.419769000057688],[80.57859906774891,7.419908542047462],[80.57865422931044,7.420019029893753],[80.57868100519168,7.420071211511942],[80.5787033275849,7.420084705387],[80.57890053177027,7.420204838246873],[80.5789099340732,7.420209642423384],[80.5789335236928,7.420219478974619],[80.57914200053172,7.420319136250791],[80.57915697996938,7.420333594442274],[80.57919200257423,7.420349198222421],[80.57921208381048,7.420350296804172],[80.57927063491755,7.42037061696537],[80.58025999689131,7.420526825717619],[80.58029673706628,7.420518157972247],[80.58037579849048,7.420505712650266],[80.58041285181486,7.420501815192399],[80.58045001476135,7.420497906023892],[80.58057245103271,7.420496003971053],[80.58070817694698,7.420583063290491],[80.58072564544466,7.420598642948139],[80.58075449636246,7.420619650674203],[80.58080661355736,7.420656640302298],[80.58083648632922,7.42068800537004],[80.58087874433424,7.42073519472495],[80.58088620146562,7.420760921596326],[80.58102168066196,7.42100101103942],[80.58102202398676,7.421011333724416],[80.58101600392587,7.4212663912645],[80.58098700904671,7.421269720798144],[80.58086036953176,7.421245882146453],[80.58073584129748,7.421161547014978],[80.58067960175455,7.42111911170413],[80.58062435259234,7.421090601165541],[80.58054137997294,7.421066601695075],[80.58046573467915,7.421066839654918],[80.58036688720861,7.421090487723056],[80.58030780158249,7.421133325276965],[80.58027743413965,7.421175724247934],[80.58026945294387,7.421196067376936],[80.58027370040853,7.421219580030296],[80.58030149073987,7.421268695536027],[80.580406587881,7.42165749943265],[80.58041492597127,7.421649544403425],[80.5804373984304,7.4216374376535],[80.58051133742792,7.421603558250959],[80.58059151975887,7.421584783321049],[80.5806513195621,7.421567990661549],[80.58075360529944,7.42155627984294],[80.5808335997985,7.421552517900971],[80.58089818909244,7.421562763943211],[80.58094866979947,7.421578293902947],[80.58095170063504,7.421579225755489],[80.580957937127,7.42158114379508],[80.58098179431241,7.421588483597575],[80.58103442449604,7.421598542600035],[80.58113729118118,7.42170547643084],[80.58119351670648,7.421777934292151],[80.58124240477834,7.421853193146225],[80.58126829006078,7.421906468421413],[80.58129256233671,7.421923750215297],[80.58144676251399,7.42189985402922],[80.58151190451426,7.421887402407154],[80.5815891112245,7.421841046786688],[80.5816408557265,7.421803089947581],[80.58171253428706,7.421759081242961],[80.58176292197747,7.421716331028178],[80.58181132608806,7.421656125225541],[80.58185673418454,7.421608490527941]]]]}},{"type":"Feature","properties":{"GND_N":"Watagoda","GND_NO":"541","GND_C":"150","PROVINCE_N":"CENTRAL","PROVINCE_C":"2","DISTRICT_N":"KANDY","DISTRICT_C":"1","DSD_N":"POOJAPITIYA","DSD_C":"06","Admin_Code":"2106150","GND_NO_Cen":"541","GND_NAME_C":"Watagoda","GND_NO_Gaz":"541","GND_NAME_G":"වටගොඩ","shape_1":"Polygon","Area__Ha_":141.965662512,"MWS_ID":"109","Alt_MWS":null,"Density":704.395686622,"Area":1.41965662055,"Total_Pop":1000.0,"Field":0},"geometry":{"type":"MultiPolygon","coordinates":[[[[80.58634907495984,7.406221498900349],[80.58643312560397,7.406220791418488],[80.58649280750724,7.406222251078949],[80.58654888991641,7.406230889311385],[80.5866250985673,7.406261068314271],[80.58678597642417,7.406352494275282],[80.58686807507087,7.406412864777863],[80.58698691429319,7.40652010429841],[80.58700727703959,7.406556424076967],[80.58710206663734,7.406200169743309],[80.58754060090715,7.405796346932322],[80.587688480985,7.405446541784921],[80.5880923136835,7.404704930821792],[80.58913801497062,7.403397978273806],[80.58965353180353,7.402796426711082],[80.58991293334903,7.402235884887983],[80.58992164958136,7.402201992778041],[80.59032679249543,7.401616516865004],[80.59035887856912,7.401589810999078],[80.59087450442048,7.400729017712996],[80.59210281864041,7.399801527689886],[80.59276718497148,7.399145744256261],[80.59396023580163,7.397845077009607],[80.59457314957369,7.39697454517086],[80.59510383825965,7.396262816998511],[80.59515889808222,7.396241821695838],[80.59537894775872,7.395597830714692],[80.59562553200853,7.394191243703651],[80.59564149491919,7.393907104554255],[80.59568977857731,7.393156950618499],[80.59550784456354,7.392264045947778],[80.59612865742133,7.391547825842765],[80.59653192550216,7.390901122790538],[80.5969706825681,7.390362067617333],[80.59726529800817,7.390038574891429],[80.59686919094405,7.389834373672495],[80.59663796844801,7.389719615689823],[80.59660138651229,7.389682253466628],[80.59654460485555,7.389639909466384],[80.5965238314475,7.38962886776185],[80.59647495955548,7.389602894726696],[80.59647457555499,7.389602679349133],[80.59634880114685,7.389531585213159],[80.59630443029927,7.389490512204714],[80.59620766885172,7.389397529452801],[80.59617865437053,7.389369647289036],[80.59611598648594,7.389325040115407],[80.59607078144859,7.389308377357287],[80.5960666241433,7.389306844702255],[80.59597459912905,7.389281939338392],[80.5959314057926,7.389265863364156],[80.59586967155597,7.38923772198488],[80.59582769509481,7.389214238486823],[80.59576928653888,7.389163211570841],[80.5957395910647,7.389121512340624],[80.59564759896392,7.389013501069659],[80.59559017355397,7.388997563084544],[80.59553102410021,7.388988767440461],[80.59549807967811,7.38891722324903],[80.59547599094047,7.388881856262626],[80.59544139706003,7.388859053943792],[80.59537019589523,7.388854956646064],[80.59529699943035,7.38886342735996],[80.59522678846677,7.388879133653956],[80.59515042063533,7.388887421292987],[80.59510810670193,7.388889774277863],[80.59501644009958,7.388894872554205],[80.59493681745344,7.388887696249978],[80.59491535089657,7.388879459321318],[80.59486211194002,7.388818126302511],[80.59483540936137,7.388768017359106],[80.5948334275285,7.388740887625875],[80.59481567940256,7.388724149998816],[80.59479151094739,7.388677479318489],[80.59474784587594,7.388618957120068],[80.59474298404196,7.388612440582328],[80.59472760538706,7.388560889363365],[80.5946936049424,7.38841600615129],[80.59469178025373,7.388367883212733],[80.59469127390018,7.388354512966867],[80.59467611649934,7.388342376550551],[80.59464155820875,7.388314704543103],[80.59459527439128,7.38830039689457],[80.59454527786444,7.388282833162251],[80.59449074690113,7.38827557747385],[80.59446103657663,7.388272852476453],[80.59443531595593,7.388258372330119],[80.59441729932213,7.388233768093635],[80.59440509575244,7.388171186631676],[80.59440546165492,7.388158059997122],[80.59440693444192,7.388105263183041],[80.59440513797942,7.388101162365623],[80.59437801093112,7.388039278363604],[80.59431561566493,7.388066533774494],[80.59429610275225,7.388105650252042],[80.59427510752727,7.38816545735678],[80.59426970593529,7.388185194161067],[80.59425411366736,7.388217489310302],[80.59424272005313,7.38824320469401],[80.59422712932425,7.388269517914339],[80.59421094366259,7.388288651672907],[80.59418037062302,7.388322135283624],[80.59416059007236,7.388340072091818],[80.59414380643776,7.388355019610318],[80.59412102945633,7.38837474931996],[80.5941018491476,7.388389097213432],[80.59408267153351,7.388396865438116],[80.59406229734635,7.388402241306306],[80.59401076120427,7.388414780951226],[80.59396222263953,7.388424929043558],[80.59390589380895,7.38843686988162],[80.59382260028195,7.388450592909564],[80.59378424872092,7.388457156895023],[80.59375428661362,7.388463127472561],[80.5937387060094,7.38846910121865],[80.59372072799573,7.388476272177599],[80.59370094921569,7.388487629296582],[80.59368716206778,7.388498390221494],[80.59365419730824,7.388523499020751],[80.59364611312924,7.388513062831412],[80.59362031237372,7.388473172749477],[80.59361835771094,7.388470497941515],[80.5935936043842,7.388436627291224],[80.59357286945459,7.388413831408221],[80.59349552615542,7.388371207319464],[80.59336374303162,7.388320060508326],[80.5933220448842,7.38830100433355],[80.59318450714015,7.388238147170842],[80.59308478952164,7.388194428674142],[80.59298830471302,7.388142496844829],[80.59297583826361,7.388135786358016],[80.59290023447328,7.388088421650754],[80.59285711110496,7.38806140431665],[80.59278828204673,7.388021224306301],[80.59271419252582,7.387994517058815],[80.5926370219027,7.387975043815601],[80.59262438094999,7.38797414335881],[80.5925582131954,7.387969429148303],[80.59241101472114,7.38795894378047],[80.59235168187392,7.387956026481807],[80.59230195503218,7.387943797062986],[80.59223475880546,7.387898283190989],[80.59217109898458,7.387846441589997],[80.59213660068629,7.387807813853282],[80.59211098360203,7.387762317118377],[80.59209018032993,7.387686075350035],[80.59203461749324,7.387548147046674],[80.59199081238627,7.38745489679236],[80.59197624441897,7.387415281641798],[80.5919226455319,7.38734734766602],[80.59186261159257,7.387287729657557],[80.59185114557152,7.387278074256537],[80.5918194170592,7.387251358142923],[80.5918003968119,7.387244478524419],[80.59177295073306,7.387238588340431],[80.59172468050274,7.387233176960153],[80.59172113874727,7.387232780317505],[80.5916368054967,7.387226776166768],[80.59151722149194,7.387251414901048],[80.59145524990733,7.38727481054533],[80.59138712365089,7.387290064953814],[80.59131882053924,7.387292749543687],[80.59123340220654,7.387282043424385],[80.59120230127971,7.387275434582103],[80.59095899652542,7.387336775202414],[80.59092545436333,7.387345231826882],[80.59119482596645,7.387532621817465],[80.59119537527016,7.387538308267647],[80.59143040579853,7.387895795791082],[80.59157556201744,7.388149306054245],[80.59164800568153,7.38877345770826],[80.59170015995191,7.389308100822101],[80.59176090291407,7.389770583636496],[80.5915922170389,7.390230307454106],[80.59195297793823,7.390578004363935],[80.59209769028807,7.391201551844589],[80.59209443493232,7.391281618795963],[80.59196116406132,7.391301660849968],[80.59186776594906,7.391299903177087],[80.59180969473555,7.391283415527849],[80.59177038921109,7.391278612825268],[80.5917052022506,7.391269016581933],[80.591641932004,7.391257504916502],[80.59161220990275,7.391256535866007],[80.59156043875086,7.391260342320363],[80.59148660765045,7.391284238542349],[80.59145496815162,7.391289010070631],[80.5913955276796,7.391288986341647],[80.591320747315,7.391290869737353],[80.59123542160853,7.391290834348569],[80.59119324325017,7.391280289019939],[80.59116257172496,7.39126209177769],[80.59112615100855,7.391234322872994],[80.59106768592063,7.39119793047669],[80.59103988764234,7.391184520864806],[80.59099535891613,7.391173137162388],[80.59093826964256,7.391172036427116],[80.59087787117716,7.391171054580649],[80.59084431834611,7.39116529834571],[80.59076859237322,7.391136555420101],[80.590717785527,7.391124091156883],[80.59068615162622,7.391115465468874],[80.59064972026827,7.391115450309502],[80.59060143419649,7.391127480878235],[80.59057780596737,7.391139346274032],[80.59054328244258,7.391165172194777],[80.59051643011277,7.391188130163615],[80.59048861494603,7.39121300303135],[80.59047422506227,7.3912350085373],[80.59045408020836,7.391265625076735],[80.59043681218331,7.391292414923418],[80.59040899270904,7.391329729105728],[80.59038980796258,7.391358433453268],[80.59033519036892,7.391442789760783],[80.59029936028863,7.391488704984397],[80.59023152455612,7.391585187818102],[80.59020466326592,7.391627287022674],[80.59017013036087,7.39167321001037],[80.59015573844226,7.391700001044978],[80.59011448551067,7.391766021038196],[80.59007802763935,7.391829170980944],[80.59005884114194,7.391859788804798],[80.59003677398626,7.39189901795157],[80.5900031942389,7.391957385356847],[80.58996674235333,7.392006179573479],[80.5899022617994,7.392085422422318],[80.58989959766527,7.392087500288318],[80.58987658020206,7.392109503071632],[80.58982862652978,7.392151593435192],[80.58979314436827,7.392175503591571],[80.58972505968886,7.392212799985023],[80.58967518896138,7.392251062543719],[80.58951495492151,7.392382020900399],[80.58944981061927,7.392445248298461],[80.58941432348388,7.392478730406732],[80.58939801909354,7.39249499368961],[80.5893548534759,7.392548569675371],[80.58930688893668,7.39261841466339],[80.58923829805674,7.392721747066142],[80.58919121504238,7.392789089315522],[80.5891639501167,7.392834169749362],[80.58915194929753,7.39287244632466],[80.58913514441784,7.392937040451634],[80.58912178788827,7.393002359462574],[80.58910033718033,7.393063835429941],[80.589067955591,7.393122440185446],[80.58902958355159,7.39317865146135],[80.58898401775343,7.393239644348285],[80.58893964970468,7.393306617850048],[80.58889767767832,7.393373595066589],[80.5888640970625,7.393433396590786],[80.58881732910727,7.393505155514777],[80.58878255757,7.393547011659892],[80.58874658997512,7.393585277239626],[80.58869385194764,7.393602004448216],[80.5886351272005,7.393613942686827],[80.58858718749782,7.393622296302182],[80.58855003819018,7.393618692413408],[80.58852727307605,7.393609111748691],[80.58848892681522,7.393601917291515],[80.58847095104069,7.39360310610611],[80.58844457949303,7.393617451618779],[80.58841580482505,7.393648543699154],[80.58828520230635,7.393798026836854],[80.58822636596454,7.393863800489929],[80.58806909873672,7.394069208510905],[80.5879841404402,7.394265503665388],[80.58792608192394,7.394346742890943],[80.58789155119234,7.394390753098595],[80.58783398980829,7.394478778365666],[80.58782630189322,7.39452088461065],[80.58782120843733,7.394592820188599],[80.58780130262777,7.394691228225208],[80.58777442061356,7.394781179942586],[80.58774563871533,7.394829020456572],[80.58769384265766,7.394888334901912],[80.58761903558451,7.394949554905205],[80.58755190840432,7.394989723399915],[80.58750971628184,7.395008845887457],[80.58744835207355,7.395026046758835],[80.58737164510676,7.395045154613396],[80.58727814540407,7.395101581097132],[80.58714628452843,7.395187660366935],[80.58694130475382,7.395311989246978],[80.5868525949842,7.395375356342606],[80.58672605705415,7.395469539340792],[80.58663438330133,7.39552203096053],[80.58648458857216,7.395603695758859],[80.58643304245112,7.39563717077648],[80.58634313241663,7.395706518274904],[80.586265209808,7.395767496170562],[80.5861693031177,7.395848804923765],[80.58598455594209,7.396039978554346],[80.58592950053485,7.396132229499215],[80.58589113142554,7.396180064885391],[80.58585036495707,7.396226702859129],[80.58581439176282,7.396276932935313],[80.58578800959252,7.396317596029321],[80.58577361501557,7.396347498591084],[80.58575921467259,7.396392952342357],[80.58573402903744,7.396436008713437],[80.58571963895137,7.396457536582207],[80.58567408289855,7.396498191471482],[80.58561293941173,7.396555587265699],[80.58557697193453,7.396590265226643],[80.58551103437978,7.396650053532918],[80.58546068705937,7.396682331655868],[80.58540554375436,7.396719393257875],[80.5853647909452,7.396736124286007],[80.58529169101762,7.396733701105946],[80.58521499499194,7.396726489025338],[80.58516346859695,7.396715701282863],[80.58511673213124,7.396712091183682],[80.58510114494706,7.39673242213324],[80.58510060950347,7.396764150964612],[80.58510229875554,7.396834108991971],[80.58510706705694,7.396891534786432],[80.58512501041135,7.396968106576534],[80.58515135201412,7.397021952467819],[80.58519086868168,7.397094944351467],[80.58522079133526,7.397182287830492],[80.58524952580936,7.397245704010111],[80.58528544873276,7.397312713326477],[80.58533453542555,7.397425187277935],[80.585374960129,7.397533363008644],[80.58540157070966,7.39760227006305],[80.58544707087404,7.397692012967161],[80.58547101444127,7.397750642447168],[80.58550451414094,7.397881055475569],[80.58551527993733,7.39792891185068],[80.58553802939622,7.397973184200681],[80.58557749268662,7.398052679729974],[80.58561466670041,7.398115579526831],[80.58567094664214,7.398220878211274],[80.58572003506828,7.398329762967536],[80.58574877071075,7.398390787250913],[80.58576672860076,7.39843386206059],[80.58581820402158,7.398561889980009],[80.58582538352486,7.398590605374165],[80.58584452696998,7.398665980358233],[80.58586724879717,7.39877485473435],[80.58587680705259,7.39884185273755],[80.58587199452218,7.398887309677862],[80.58586357497276,7.398955496383565],[80.58584438036144,7.399005733620005],[80.58581800418335,7.399032040094708],[80.58574368162382,7.39907866460665],[80.58564778130112,7.399143224739111],[80.58558903595316,7.399197033290818],[80.58553509545264,7.399223329759763],[80.58546437806137,7.399247225364758],[80.58539247633011,7.399242409031039],[80.5853314306319,7.399214669799687],[80.58524271156526,7.399156211494403],[80.5851540557533,7.399093964195924],[80.5851097324913,7.399052075342329],[80.58506660257311,7.399022149033078],[80.58502705884555,7.399013757371496],[80.58498032007805,7.399014933693787],[80.58494316107902,7.39903286260336],[80.58490959625551,7.399057969551693],[80.58487482919223,7.399085469654277],[80.58482567113825,7.399140480414477],[80.58478010723768,7.399194294520373],[80.58472492408592,7.399327061340047],[80.58469251099585,7.399456247884495],[80.58465651171444,7.399563901580115],[80.58459411030245,7.399757677264425],[80.58450177064317,7.399899997330196],[80.58439981289533,7.400114093584304],[80.58435303005422,7.400216957067355],[80.58434100792137,7.400303085234955],[80.58433616418152,7.400420322488546],[80.58435268218383,7.400537594264575],[80.58436000961265,7.400611643034048],[80.58435376199738,7.400646572415376],[80.58433792689601,7.400686761576457],[80.58431921287645,7.400726950400688],[80.58427800235732,7.400799833414829],[80.58425828785694,7.400834591503963],[80.5841968910192,7.400918785792957],[80.58416475340498,7.400967581342258],[80.58410527367803,7.401053210658282],[80.584071228152,7.401098024663606],[80.58405731138978,7.401115877611523],[80.58403956640322,7.401133575176609],[80.58398384357947,7.401189409524838],[80.5839451863327,7.401227516170171],[80.58389554492543,7.401287070695139],[80.58386820837653,7.401319360360952],[80.58383006920886,7.401388969293098],[80.58381783021676,7.401421263668816],[80.58381277748376,7.401466482641994],[80.58380988167552,7.401511700738326],[80.58381004157796,7.401596287799348],[80.58383348235944,7.401807440310776],[80.58384352590501,7.401859842302266],[80.58385285512551,7.401902914357819],[80.58386361294707,7.401968954352867],[80.58387796319832,7.402037867944935],[80.58391889800048,7.402158474466964],[80.5839217627245,7.402182880857966],[80.58392677190805,7.402238151814427],[80.58392818306349,7.402303471568202],[80.58393750514644,7.40236305245523],[80.5839963628341,7.4025992294697],[80.58400491895527,7.402770784535903],[80.58399987000863,7.402803082017833],[80.58396385248652,7.402955954063251],[80.58395732694522,7.403082283270317],[80.58394431173346,7.403243779571727],[80.58390687799438,7.403344971358792],[80.58388096530663,7.403406688344956],[80.58379967027697,7.40350499002963],[80.58368160179532,7.403654366735951],[80.58361909174651,7.403724555602185],[80.58357448497352,7.403784112254755],[80.5835047069254,7.403847965170844],[80.58340687869607,7.403934775056306],[80.58327452647349,7.40404094993347],[80.58321913749393,7.404090453333012],[80.58315943059682,7.404147132253089],[80.58310907099921,7.404205251242105],[80.58307093239223,7.404272706961669],[80.58305581607081,7.404309307224128],[80.58302990351777,7.404370308855421],[80.58301910134817,7.404408347011121],[80.58301260742812,7.404459306718405],[80.58301258960829,7.404500219790808],[80.58301544988522,7.404536828757327],[80.5830211873226,7.404571284938566],[80.58302907104002,7.404632300330761],[80.58304127308091,7.404678960987842],[80.58305491987633,7.404715573730443],[80.58307360108722,7.404749319324739],[80.58310234581747,7.404789527768769],[80.58314689120903,7.404871373251367],[80.58321012596782,7.404968303262417],[80.58325971015323,7.405039385270787],[80.58327623538827,7.405070974079709],[80.58328341332086,7.405098972397312],[80.58329993325229,7.405142763777955],[80.58333010479328,7.405205941953311],[80.58336963360705,7.405251897335508],[80.58343728209792,7.405300675447078],[80.58353568459538,7.405371122047485],[80.58359965310311,7.405437185975298],[80.58364492793426,7.405493911277],[80.58368588795308,7.405552786933127],[80.58373474642447,7.405641096326076],[80.58377904641068,7.40575241627631],[80.5838001034586,7.405820571344164],[80.58381589175495,7.405890920669164],[80.58383815177338,7.405963427729104],[80.58385682938756,7.40600363177434],[80.58387694495175,7.406045270654239],[80.58392151298854,7.406077590473622],[80.58400634519636,7.406114951950078],[80.58412856032798,7.406173146448756],[80.58427665410669,7.406250730242603],[80.58441612490095,7.40630893210549],[80.5845807671065,7.406364989826729],[80.58483670177687,7.406477075361185],[80.58506028728063,7.406577661388952],[80.5851221178206,7.406598503941384],[80.58528173977751,7.406618669536905],[80.58535867944803,7.406619420551775],[80.58541836633823,7.406609397603998],[80.58549460032629,7.406576411707094],[80.58556795710258,7.406549884857746],[80.58565571143136,7.406481015056076],[80.58575210522564,7.40638702667498],[80.58582996794995,7.406322414552641],[80.58587726067988,7.406296638821685],[80.58599807572739,7.406265825030087],[80.58607646191206,7.40624791457207],[80.58620374195166,7.406228588955141],[80.58634907495984,7.406221498900349]]]]}},{"type":"Feature","properties":{"GND_N":"Godahena","GND_NO":"521","GND_C":"140","PROVINCE_N":"CENTRAL","PROVINCE_C":"2","DISTRICT_N":"KANDY","DISTRICT_C":"1","DSD_N":"POOJAPITIYA","DSD_C":"06","Admin_Code":"2106140","GND_NO_Cen":"521","GND_NAME_C":"Godahena","GND_NO_Gaz":"521","GND_NAME_G":"ගොඩහේන","shape_1":"Polygon","Area__Ha_":115.468704974,"MWS_ID":"109","Alt_MWS":null,"Density":1020.1898463,"Area":1.15468704602,"Total_Pop":1178.0,"Field":0},"geometry":{"type":"MultiPolygon","coordinates":[[[[80.5805902413346,7.407804025240998],[80.5808150340009,7.407547051617289],[80.58091321117422,7.407368210475141],[80.58106198884515,7.407175855092543],[80.58108700060022,7.407048674093873],[80.58125106452425,7.406701197855751],[80.58132475115737,7.406483307410745],[80.58127143614179,7.406386554209346],[80.5812746379119,7.406181806675631],[80.58128813903913,7.40572929372247],[80.58128827838392,7.405709054729802],[80.58139198233971,7.405401192694407],[80.58139725330322,7.405385739674497],[80.58180228003067,7.405091230126769],[80.58176861269077,7.404656467750249],[80.58170806502436,7.404376034391179],[80.58115564849909,7.404194810437765],[80.58073734697422,7.404193770586048],[80.58072010856833,7.404198136192861],[80.58068306561778,7.404195989402057],[80.58066587852312,7.404194925634625],[80.58063172174312,7.404192811757718],[80.58029507250511,7.404187104112078],[80.58027251340614,7.404188189285964],[80.58023875392684,7.404191060938968],[80.5802073986397,7.404194057536551],[80.58015661880505,7.40419574429526],[80.58014116175379,7.404197226863403],[80.57996944494441,7.404192477795358],[80.57977148537533,7.404109694405063],[80.57964832064121,7.40387471925775],[80.57964821429826,7.403871427572605],[80.57964148194473,7.403854486227644],[80.57962492505546,7.403817335854096],[80.57961832713472,7.403803673546252],[80.57961435312825,7.403782882021415],[80.57957349337863,7.403589313839743],[80.57957258203777,7.403566857049228],[80.57957141796241,7.40353824641127],[80.57957090357387,7.403525624017423],[80.57957052003053,7.403516194751324],[80.5795581166468,7.40334833742488],[80.57948709727512,7.402974446475901],[80.57958396404153,7.402486839372173],[80.57954980308288,7.402230809873635],[80.58000136747654,7.401749515611701],[80.58045704255873,7.401083768813538],[80.58070625357952,7.400736497352264],[80.58093993946295,7.40061692709686],[80.5811776107872,7.400079665745873],[80.58198891925834,7.398949111577456],[80.5819890108093,7.398948982302969],[80.58189504362758,7.398788949564167],[80.58187193607432,7.398750181334625],[80.58172241192104,7.398499308532319],[80.58171009283518,7.398468213439084],[80.58166591268066,7.398303245938068],[80.58166220185039,7.398272991076812],[80.58166113215482,7.39826437266363],[80.58165899636558,7.398247185575159],[80.58163690930776,7.398137179106246],[80.58163332028414,7.398108043816929],[80.58163128115022,7.398091486160862],[80.58160827399966,7.398005661082295],[80.58159754993206,7.397985498723502],[80.58156578841867,7.397961476679082],[80.58149854496179,7.397956758518069],[80.58139694315646,7.397968580281042],[80.5813916610112,7.397970507740103],[80.58130735990837,7.397992307821109],[80.58124265944902,7.398036676853901],[80.58123184471394,7.398045608379276],[80.58118282608504,7.398077385606627],[80.58117922910368,7.398082930082588],[80.5811646005186,7.398087915395194],[80.58112439800374,7.398103053802319],[80.58111525882022,7.398104488535989],[80.58109700038482,7.398107352585743],[80.58108604597996,7.398112523981336],[80.58103147988476,7.398119160222965],[80.58102243666646,7.398118666132319],[80.5810025883293,7.398117580418698],[80.58094893664979,7.398108933535522],[80.58094185908078,7.398106648893353],[80.58093307570108,7.398102377668265],[80.58092260552651,7.398096137954375],[80.58088659991522,7.398066084152889],[80.58088164268713,7.398058380086109],[80.58087845006918,7.398050791638632],[80.58086996185371,7.398044815038517],[80.58086324097125,7.398038942302979],[80.5808169652557,7.397994738986709],[80.5808154458994,7.397991054216368],[80.58079876756308,7.397983092709188],[80.58078727347835,7.397975401147222],[80.580690610279,7.398030987439773],[80.58068532005169,7.398032745783349],[80.58063970054002,7.398109130675075],[80.58063795896176,7.398114310625179],[80.5806309910271,7.398126372690116],[80.58059462766664,7.398184593419104],[80.58058948682086,7.398194772635971],[80.58058435957267,7.398204930155615],[80.58056225437625,7.398243581836113],[80.58055887428937,7.398250280284372],[80.58051263902001,7.398385606030996],[80.58041241936102,7.398572266661117],[80.580398180488,7.398593214760306],[80.58025227667734,7.398825659690623],[80.57996471552627,7.398960335666592],[80.57994757606966,7.398970825188466],[80.57992695347171,7.398981341208092],[80.5797902110183,7.399073422408834],[80.57977275249242,7.399090480592176],[80.57975533591365,7.399111004961402],[80.57974487294193,7.399121225226362],[80.57960308248195,7.399295863688613],[80.57959610441588,7.399306150597274],[80.57889987443215,7.399168731521407],[80.57874207868593,7.399147326534758],[80.57867512920055,7.399035398316046],[80.57869948682931,7.399010551818278],[80.57872043474154,7.39896118562022],[80.57875616031708,7.398885422326132],[80.5787617838826,7.398869508298391],[80.57876106540893,7.398855492290552],[80.57872176304508,7.39882617566623],[80.57863616285766,7.398812844552777],[80.5785414403366,7.398811897331091],[80.57837897407464,7.398540286718202],[80.57850111099425,7.398259213283351],[80.5785115640413,7.398248918890697],[80.57854038146802,7.39822572924134],[80.5785534769911,7.398215400752534],[80.57872532115746,7.398113907294379],[80.57878937108255,7.398092764294253],[80.57884830641031,7.398071562952661],[80.57886172671141,7.39806626067773],[80.5789753100356,7.397945848747425],[80.57899657837599,7.397927456634723],[80.57900722898351,7.397916943477524],[80.57906728661176,7.397816304683329],[80.57907547703229,7.397795151388243],[80.57892943427615,7.397519830668514],[80.57776186002951,7.397033170561307],[80.5777217088133,7.396994321285949],[80.57773827796245,7.396928162203928],[80.57771110773142,7.396910245936628],[80.57770708209088,7.396908008722582],[80.57756611404292,7.396829698942668],[80.5775161364917,7.396767188875169],[80.57750597054984,7.396407184851699],[80.57749832709358,7.396349702555383],[80.57748710115925,7.396265292331484],[80.57743369066493,7.396183971358914],[80.5774102092791,7.39618011491153],[80.57715741264482,7.395697351944857],[80.57697215059198,7.395301475801269],[80.5769601669888,7.395282742465067],[80.57695518692192,7.395251457008274],[80.57693789075438,7.395207593611688],[80.57693202176837,7.395195048396175],[80.57679060702756,7.394916708718949],[80.57677883756038,7.394891185111983],[80.57676056751487,7.394865680298866],[80.57669858164498,7.394801928595869],[80.57651044380384,7.394616482564484],[80.57566834630265,7.394304505644105],[80.57556870859635,7.394285470580736],[80.57552269536238,7.394273874872556],[80.57547469900665,7.394238585701366],[80.57542580104781,7.39419787034076],[80.57537308786185,7.394176504294191],[80.57534835870595,7.394175770618581],[80.57529291964478,7.394174660477457],[80.57525603858514,7.394201049306047],[80.57523357636136,7.394193351755389],[80.57518240166416,7.394177322633084],[80.57515967152706,7.394161126380647],[80.57510142998306,7.394145365350604],[80.57507435141115,7.394131697353219],[80.5750524411598,7.394107361893838],[80.5750344350088,7.394059517394198],[80.57500257955208,7.393990324344077],[80.57496003601058,7.393916424125327],[80.57492952857407,7.393873093650558],[80.57492642808607,7.393864389302301],[80.57491306259982,7.393826877575027],[80.57488011160409,7.393776493386154],[80.5748394847082,7.393673113055891],[80.57483703945428,7.393673773896231],[80.57457053300627,7.393745797284398],[80.57453732998202,7.393799700934064],[80.57409537978944,7.394517170217286],[80.5740169040929,7.395027863080608],[80.57402118688962,7.39505812729828],[80.57402203242259,7.395073278261602],[80.5740422388668,7.395314182006272],[80.57403918966033,7.39532020233191],[80.5738051233955,7.395455820107569],[80.57378601151505,7.39546901234392],[80.57374203380927,7.395498944467123],[80.57373112535538,7.39550263989148],[80.57355045909759,7.395609387712628],[80.57343274277265,7.395774474933346],[80.57343345118134,7.395800240463341],[80.57343466960852,7.39582995438263],[80.57337381202562,7.396305419192451],[80.5732005321259,7.397182434313675],[80.5731994714226,7.39720404560389],[80.57319088291993,7.397382007170594],[80.57318834259578,7.397396382513016],[80.57318641672238,7.397414144724421],[80.57317988280903,7.397479056644867],[80.57301945593568,7.397890184136853],[80.57301493886585,7.397918634849355],[80.57301030163232,7.397928574565762],[80.57295004187672,7.398052202334882],[80.57282178551486,7.398219484696838],[80.57186262876657,7.399349638249221],[80.57172259195919,7.39962402057854],[80.57171895973225,7.399640900308111],[80.57165695203346,7.399713177533287],[80.57152972250039,7.399855743740293],[80.57152396200159,7.399867456247134],[80.57130587177834,7.400079019095585],[80.57115208109674,7.400157560571912],[80.57090704293779,7.400109042541201],[80.57058937677532,7.399959672714775],[80.5705086850883,7.399892834215692],[80.57050148938245,7.399879687856118],[80.57049427014623,7.399866493557872],[80.57019242772503,7.399732073347984],[80.5699062314562,7.399690328807573],[80.56970871265753,7.399607212071054],[80.56968993965258,7.399609867423229],[80.5695531105404,7.399626439389809],[80.5695377359295,7.399634035576072],[80.56942623287154,7.399687103973267],[80.56941854103295,7.399690905679285],[80.56936506555179,7.399784463712897],[80.56936125184052,7.399795976340702],[80.56932303598046,7.399887618017098],[80.56932313563658,7.399903147535557],[80.56932318456231,7.399910904607848],[80.56931966356477,7.399964927413382],[80.56932367480604,7.399984415947156],[80.56935157968219,7.400097278695656],[80.56936391535253,7.400215406256704],[80.5693678090477,7.400230545072529],[80.56936875820848,7.400361229822226],[80.5693688654535,7.400376028672919],[80.56933578205336,7.400464315984236],[80.56931338717762,7.400482717948435],[80.5692758231549,7.400501235848068],[80.56919215822705,7.4005164497251],[80.56914230649295,7.400531600634204],[80.56902622469067,7.400581031524073],[80.5689376203402,7.400694298558276],[80.56893384034557,7.400713102533902],[80.5689390841094,7.400836207661329],[80.56904948784883,7.400891640814677],[80.56905728506028,7.400895032837722],[80.56918810584925,7.400948309665234],[80.56936026820827,7.401033777789366],[80.56938964056373,7.401053614498494],[80.5693969559554,7.401056775696546],[80.56952680196032,7.401190097523791],[80.56967759206023,7.401304272426211],[80.56940031011547,7.401739806315371],[80.56913546297625,7.402217642415383],[80.56930499603162,7.402351625716042],[80.56933215984431,7.402363823722139],[80.56934120684764,7.402381602762077],[80.56939973249881,7.402446563807218],[80.5694799684667,7.402432464211041],[80.56948883468553,7.402431913994041],[80.56951094601878,7.402421487781779],[80.56955057593879,7.402396471653394],[80.5695681180753,7.402381888982924],[80.5696250599455,7.402324950198758],[80.56965153640802,7.402301661493155],[80.5697569251157,7.402217921037354],[80.5699225316715,7.402337519463497],[80.57010590046647,7.402509066991739],[80.57028803103485,7.402635750857196],[80.57040023713695,7.402947178896115],[80.57111767402532,7.40410018592832],[80.57114009031328,7.40410821826254],[80.5711625645698,7.404116271421151],[80.57129285294886,7.404148074906935],[80.57131605400085,7.404147714824737],[80.57136241986849,7.404146995544319],[80.5714317828127,7.404150163554205],[80.57167925777189,7.404146783124472],[80.57177525235328,7.404149687505614],[80.57186460273158,7.404147491300938],[80.5718740514624,7.404139099251649],[80.5722664253676,7.404044905964756],[80.57242042820307,7.403994184906009],[80.5725393409515,7.404001142719037],[80.5726766983023,7.404044365770882],[80.57289481082297,7.404320791118293],[80.57299050674754,7.40431131529223],[80.57302589361504,7.404297774241878],[80.57329724993716,7.404270529499485],[80.57376368463434,7.404669790452882],[80.57393735535196,7.404919247980481],[80.57401227052989,7.405087702601047],[80.57419168500955,7.405100326649398],[80.57439336694289,7.405119855978555],[80.5745024654969,7.405114964358345],[80.57452002640534,7.405114776083686],[80.57455506744327,7.40511075337467],[80.57470350198749,7.405155462972706],[80.57462732475241,7.405305630219008],[80.57439520575872,7.405420825470807],[80.5743357015161,7.40543945320595],[80.57425293011477,7.405460213557525],[80.57423438141198,7.405469131445294],[80.57418602191892,7.405486876198681],[80.57416032400836,7.405499455949356],[80.57410817967923,7.405521148035958],[80.57398695660433,7.405547623207293],[80.57376511718999,7.405532428759042],[80.57344157804555,7.405566741483486],[80.57337301874077,7.405596478758522],[80.57325654211228,7.40578814179749],[80.57325356198942,7.405791480002947],[80.57324642803906,7.405821166589318],[80.57324703651618,7.405827732054279],[80.573230823412,7.405867825657398],[80.57321054113854,7.405901693135881],[80.57319448968434,7.40598641561675],[80.57318364999044,7.406017430730395],[80.57317216199684,7.406041798069643],[80.57315921792666,7.406090552697112],[80.5731367641296,7.40610873869199],[80.57300581108709,7.406191432835133],[80.57299528778346,7.4061981795024],[80.57297065198914,7.406211698326047],[80.57294947011687,7.406221857458393],[80.57287606508825,7.406292939554268],[80.57285174241584,7.406326891076633],[80.57284159473984,7.406354079517203],[80.57280771371722,7.406449679744427],[80.57280786367534,7.406456523523188],[80.57280485256584,7.406483950341205],[80.57280725329309,7.406493625594307],[80.57286206340672,7.406516388254061],[80.5730277137962,7.406585186773376],[80.57316923172509,7.406549621204875],[80.57326819505542,7.406500005134127],[80.57331375507667,7.406477163502081],[80.57350577249518,7.406354085917441],[80.5735760662961,7.406273703425374],[80.57358489799964,7.406263601036642],[80.57370497106957,7.406175034699618],[80.57376559842318,7.40616307945799],[80.57376947692855,7.406162314379374],[80.57383733263141,7.406153935288519],[80.57392466850999,7.406138239341358],[80.57397495627467,7.406115565274385],[80.57399960955973,7.406087451971831],[80.5740066016713,7.40606277691555],[80.57403980557687,7.405945586217349],[80.57406464250025,7.405912049027637],[80.57431228362418,7.405782666269164],[80.57441991421827,7.405761102409202],[80.57443286807526,7.405760201273336],[80.57458515538893,7.40574960230906],[80.57458519705655,7.405749610466584],[80.57460463100347,7.405746284226803],[80.57475095641162,7.405785935131195],[80.57476382402699,7.405789422494543],[80.57484581651866,7.405658653198265],[80.57496170444188,7.405413231779047],[80.5749653779395,7.40540706433335],[80.57497531480973,7.405382942211339],[80.57510588157706,7.405179860188817],[80.57514339980142,7.405124861582976],[80.57526339702277,7.40511837590397],[80.57539733709909,7.405061451238454],[80.57552614801754,7.404946316497417],[80.57553209772337,7.404936806890685],[80.57564058386673,7.404829685864323],[80.57575942486356,7.404705408648061],[80.57576540064306,7.404702331306921],[80.5758487350637,7.404644003753522],[80.57586059105431,7.404634825964174],[80.57599397496666,7.404601373672923],[80.5761260681664,7.404607623876785],[80.57613791912705,7.404601549621464],[80.57627687641777,7.404577409476975],[80.57649451245805,7.404525444139195],[80.5765823690086,7.404376486308431],[80.57658514890564,7.404367083780649],[80.5765908698419,7.404354555516004],[80.57659633136821,7.40433268033116],[80.5766565190818,7.404177661238688],[80.57667117269396,7.40414377298292],[80.57667108125705,7.404137601121426],[80.57667685921024,7.404119139794615],[80.57672712693068,7.403977055815546],[80.5767382444141,7.403962205021537],[80.57675495209378,7.403941493276252],[80.5768581981001,7.403912775672881],[80.57700766602694,7.404016207237559],[80.57701504151896,7.404065311101344],[80.57708527414444,7.404100833429727],[80.57708714295491,7.404161492637208],[80.57707722984003,7.404183464405897],[80.57703951817786,7.404248315404264],[80.57703198298319,7.404254263205215],[80.57698093063438,7.404301961871306],[80.57697311506675,7.404310927181662],[80.5769705029282,7.40431392465826],[80.57694713971689,7.40433241700243],[80.57691410463208,7.404388371809188],[80.57686210905985,7.404539223087685],[80.57676248949103,7.404762741241115],[80.5767426645111,7.404787653851865],[80.57673608399442,7.404793877885413],[80.57672276781355,7.404818941716468],[80.57658306911031,7.404988744762699],[80.57656972498708,7.405001388070427],[80.57643754722714,7.405051865349253],[80.57641157606298,7.405051842840794],[80.5763920929335,7.405051826860605],[80.5762160204114,7.405046866394732],[80.57611713708987,7.40511131724802],[80.57608061375706,7.405146025793402],[80.57606193381628,7.405184903025192],[80.57605410335779,7.405274967382448],[80.5760490666017,7.405395326910184],[80.57604444996971,7.405586402569661],[80.57604948881581,7.405619997621771],[80.57605691476802,7.405669512973176],[80.57607038523332,7.405730286814197],[80.57608405508039,7.405750730953705],[80.57612843097115,7.405777879783436],[80.57619510219159,7.405786409228006],[80.57619971175166,7.405787650184967],[80.576293380305,7.405812858825158],[80.57632270542327,7.405870566982792],[80.57632542699481,7.405888100695082],[80.57633020262108,7.405918858849581],[80.57632727346119,7.405986047627652],[80.57631563901721,7.406070412310068],[80.57629803417808,7.40614184378226],[80.57628357704333,7.406258129745996],[80.57629360415733,7.40632107324759],[80.57631486395343,7.406387097304786],[80.57632789697091,7.40641359902944],[80.57638358614948,7.406466163631891],[80.57647894822462,7.406529054104131],[80.57650508494376,7.406535802838383],[80.57652315193428,7.406540468069598],[80.57656617612297,7.406551972835461],[80.57660720148311,7.406578486204777],[80.57665654342985,7.406644341981841],[80.57671730616823,7.406695913188971],[80.57682042907949,7.406825545013887],[80.57688718338375,7.406901542107936],[80.57689250192576,7.406907597847185],[80.5769655837766,7.406963877782242],[80.57701231885459,7.406984878370757],[80.57712580246067,7.407042442377846],[80.57720521508223,7.407122326326853],[80.57723517865976,7.407168821442],[80.57724748209561,7.407186137880625],[80.57730253522986,7.407263621770784],[80.57731339597913,7.407284062809569],[80.57733327858216,7.407391411625337],[80.57738170752512,7.407473543339414],[80.57744824292648,7.40757955745392],[80.57750222404485,7.407607433878576],[80.57755693100891,7.407624730358264],[80.57767930698046,7.407654445883153],[80.57778574352699,7.407668147324318],[80.57788892277004,7.407675065972946],[80.57794055882042,7.407675993280313],[80.57798730814727,7.40766742329707],[80.5780269040986,7.407649535874382],[80.57808770655586,7.407610859987662],[80.5781892704336,7.407583595459074],[80.57826075106975,7.407572594852894],[80.57841249430176,7.407562443787202],[80.57853705513156,7.407564217302142],[80.57862765017934,7.407553496416547],[80.5786619868255,7.407546910301106],[80.57878671884862,7.407571110363315],[80.57883382302404,7.407575290117472],[80.57897169507828,7.407589549604716],[80.57905221041922,7.407635251332332],[80.57909787916229,7.407660915592071],[80.57918072594455,7.407707471080947],[80.57925227443364,7.407747654405339],[80.57939021250114,7.407817436666255],[80.57953620512971,7.407905306557848],[80.57956644565397,7.407942849113687],[80.57963969963727,7.408018661490795],[80.57970001244952,7.408064627275693],[80.57978252481938,7.408097488752504],[80.57985064143153,7.408116147317672],[80.57990606148157,7.408129400719289],[80.58001010028991,7.40811036324927],[80.5805902413346,7.407804025240998]]]]}},{"type":"Feature","properties":{"GND_N":"Ankumbura Udagama","GND_NO":"536","GND_C":"065","PROVINCE_N":"CENTRAL","PROVINCE_C":"2","DISTRICT_N":"KANDY","DISTRICT_C":"1","DSD_N":"POOJAPITIYA","DSD_C":"06","Admin_Code":"2106065","GND_NO_Cen":"536","GND_NAME_C":"Ankumbura Udagama","GND_NO_Gaz":"536","GND_NAME_G":"අංකුඹුර a","shape_1":"Polygon","Area__Ha_":73.6620242133,"MWS_ID":"109","Alt_MWS":null,"Density":1157.99153208,"Area":0.73662023976,"Total_Pop":853.0,"Field":0},"geometry":{"type":"MultiPolygon","coordinates":[[[[80.56703160116369,7.427414609418624],[80.56713352150459,7.427399326935204],[80.56720400271594,7.427401711296656],[80.56727366439273,7.427412958252459],[80.56737340199902,7.427427111284033],[80.56738553938715,7.427433782550285],[80.56749476684136,7.427493815789223],[80.56754332255232,7.427499806060242],[80.56796973501538,7.427706420622743],[80.56826376385173,7.427663190321111],[80.56950329736836,7.426980589162502],[80.56961938394113,7.426895085170605],[80.57003626099741,7.426401903008582],[80.5700687913695,7.426363348135326],[80.57008836868516,7.426344043298281],[80.57052356392025,7.426051046560605],[80.5705692688057,7.426044752140429],[80.57086306708531,7.426013310167745],[80.57088926234074,7.42601331052857],[80.57092816807058,7.426007162135049],[80.57115341283576,7.425970047270884],[80.57120350879752,7.425971568825225],[80.57122226873771,7.425972139055526],[80.5712659761014,7.425973466846513],[80.57138952213757,7.425965023495203],[80.57139572230254,7.425965213544927],[80.57143289067918,7.425966352922027],[80.5714757193866,7.425961582626669],[80.57149424197078,7.425962152735986],[80.57160176144927,7.425944942934114],[80.57159134553724,7.425937803246466],[80.57148872952291,7.425879520248821],[80.57132932642133,7.425788203355853],[80.57110608383334,7.425632018070043],[80.57105166667505,7.425567788893628],[80.57101989886654,7.425503659705027],[80.5710056123161,7.425462419063844],[80.57097402919625,7.425371248827672],[80.57092841152529,7.425281522588989],[80.57092127952076,7.425272745822225],[80.57084402717575,7.425177670510514],[80.57073127268016,7.425100753274507],[80.57065827778075,7.425049718158166],[80.57060761736615,7.42502320428628],[80.57058183520797,7.42500971111793],[80.57053329208081,7.424977134016993],[80.57059338144981,7.424919919984434],[80.57067577069246,7.424836854337754],[80.57078044925441,7.424744754230761],[80.57087652013558,7.424657263829471],[80.57104172859087,7.424534356094424],[80.57121961294415,7.424426826256781],[80.57129890830727,7.424372877355739],[80.57140674242142,7.424313152308238],[80.57154130455413,7.424247111298627],[80.5716687087492,7.424183236353301],[80.57177146250714,7.424138701029439],[80.57189192624851,7.424086626584879],[80.57202263814368,7.424030121252632],[80.5721760430351,7.423963273035546],[80.57231431782874,7.423900398523397],[80.5724410865274,7.423840954103786],[80.57252935503243,7.423774980160188],[80.57262634091941,7.423664610212998],[80.57270221606207,7.423559476383917],[80.57279848006186,7.423442686474277],[80.57290977701363,7.423333948937563],[80.57302180031868,7.423241323528721],[80.57304662691323,7.423220794729234],[80.573156006499,7.423148228957283],[80.5732765308612,7.423071690256132],[80.57338247996938,7.42297262882038],[80.57343098410018,7.42289262085377],[80.57343564940861,7.422875375363326],[80.57345848046141,7.422790989732957],[80.57346012221326,7.422776712566892],[80.57347076039898,7.422684198989813],[80.57347485311027,7.422615637201901],[80.57347696748393,7.422580206979773],[80.57345682447094,7.422450794055638],[80.57343305073695,7.42233666025161],[80.57343534146548,7.422280144660133],[80.57344979716768,7.422168017758334],[80.57351125055365,7.422099952384865],[80.57360685601412,7.422037237019765],[80.57364005910426,7.422017936420183],[80.57374178427038,7.42195880663339],[80.57386746854331,7.421889865284073],[80.573989171971,7.42180735946635],[80.57410792698458,7.421737781884887],[80.57412319601421,7.421728836309963],[80.5742234289477,7.421647948387207],[80.57425457072503,7.421613344319015],[80.57426329097106,7.421605945723337],[80.57427350195454,7.421595507564734],[80.57427688515806,7.421588550551228],[80.57430835685376,7.4215535785808],[80.57440108104561,7.421449536340238],[80.57440356144006,7.421443673112664],[80.57444669944722,7.421341673739676],[80.57445400200567,7.421222762233818],[80.57445781146058,7.42111938131554],[80.57445877001935,7.421093359751125],[80.57444697699212,7.420929587430601],[80.57443716216882,7.420873900992702],[80.57442872532405,7.420826037334339],[80.5744172697834,7.420716882789546],[80.57440936592275,7.420567038379538],[80.5744196160305,7.420536296092715],[80.57444751645413,7.420505325801385],[80.57448052618003,7.420468683375595],[80.57454369202789,7.420419066245079],[80.57460696064636,7.420342681107245],[80.57465910600672,7.420221077053184],[80.5747557759012,7.420007888070754],[80.57477698539192,7.419984205151128],[80.57482140633486,7.419917217007954],[80.57486846193814,7.419831783333772],[80.57489303901588,7.419775636828093],[80.57492377198882,7.419725191978955],[80.57492590920802,7.419716922262268],[80.57494609710258,7.419638751460401],[80.57495092478717,7.419580968271798],[80.57496074012475,7.419514055768004],[80.57496132647661,7.419419917985245],[80.57496024635299,7.419404545379595],[80.57495691600774,7.419357068365944],[80.57498258877352,7.419228156416215],[80.57498025686766,7.419140576164553],[80.57498365794851,7.419130096017563],[80.57498702415502,7.419112631077461],[80.57489190206954,7.418915059137496],[80.5747646697249,7.418691208266785],[80.5745592760708,7.418507266430939],[80.57454929209571,7.418496832661669],[80.57452611037125,7.418482942110948],[80.5743566625098,7.418377766154418],[80.57434669694315,7.41837068732481],[80.57432677236638,7.418360033812364],[80.57419745965102,7.418314675271922],[80.57336727491922,7.418188388425992],[80.57312242438962,7.41764340883067],[80.57310464797398,7.417626493097129],[80.57299354336747,7.417520772685005],[80.57295819502164,7.417489512212327],[80.57270917769408,7.417390990125274],[80.57268151407611,7.41738982267176],[80.57254937448913,7.417391627696535],[80.57252193152655,7.417397217228585],[80.57236761554849,7.417442997861055],[80.57235650987585,7.417448831801497],[80.57230675396534,7.417464408068592],[80.5721166953015,7.41756405645306],[80.57209970400055,7.417575442769598],[80.57205976931894,7.417604465868044],[80.5720313108545,7.417621721215806],[80.57192818017205,7.41768546642388],[80.571905306677,7.417696909712157],[80.57187560656207,7.417727079623303],[80.57172896241435,7.417828343876924],[80.57171181803703,7.417833749098921],[80.57167662035813,7.417856937115535],[80.57165261795699,7.417880385294058],[80.57154327903915,7.41793395875161],[80.57151367106648,7.417956769525221],[80.57147126758461,7.417997734457939],[80.5714347570437,7.418033006850764],[80.5713816705927,7.418066789460362],[80.57136327756265,7.418084541339548],[80.57132771597753,7.418159913322162],[80.57132702444007,7.418166472760637],[80.5713106231422,7.418212470311655],[80.57124145764452,7.41846492576608],[80.57123240271181,7.41849278834919],[80.57121108444063,7.418532033063589],[80.57107656535534,7.418673104328174],[80.57106353834811,7.418680505395522],[80.57103649531805,7.4187025748925],[80.57086766207814,7.418783770426894],[80.57085534877474,7.418789560363817],[80.57082040585911,7.418792533812715],[80.57066440101305,7.418802271466324],[80.57061192066851,7.418810279135272],[80.57060077391274,7.418808869607033],[80.57053855595531,7.418802839909461],[80.57040286839657,7.418790906399664],[80.57037886155118,7.418796380733586],[80.57034208449171,7.418808326615505],[80.57032368599333,7.41881430542862],[80.57022684947863,7.418926050412331],[80.57019336358402,7.41903154532632],[80.57021401461277,7.419042254520676],[80.57032665592297,7.419144815813514],[80.57033827298436,7.419145961512571],[80.57053111404791,7.419164960538904],[80.57056641002735,7.41916843670977],[80.57059727640481,7.419163301938523],[80.57063859018027,7.419167361445953],[80.57082667131307,7.419120443166459],[80.57085999925667,7.41909931434244],[80.57089733583581,7.419088131901714],[80.57093429699431,7.419077737829727],[80.57095862858115,7.419073331588692],[80.57107100997335,7.419013841079971],[80.57109780003879,7.418998132276919],[80.57117063196068,7.418958952037806],[80.5711962878525,7.418950956342871],[80.57125447731502,7.418927364807378],[80.57129312319675,7.418911697632645],[80.57153847368829,7.418840077503377],[80.57156262401463,7.418835795033674],[80.57162324232942,7.418821789192153],[80.57165373962798,7.418811492459674],[80.57168411095252,7.418807184814069],[80.57173287790548,7.418803072821408],[80.57185604689813,7.41876318405436],[80.57188665228615,7.418758140406132],[80.57192376631885,7.41874027955521],[80.57205282577253,7.41877860683743],[80.57204612593577,7.419066545818949],[80.57201260943876,7.419060562068429],[80.57190777730236,7.419098314320349],[80.57181907322935,7.419128476982728],[80.57171940355782,7.419167043621135],[80.57165796661751,7.419199841255371],[80.57161011378412,7.419213571742865],[80.57157143919652,7.41922467043218],[80.5714375306792,7.419250019429946],[80.57133977311466,7.419271496588705],[80.57102955200769,7.419336552210117],[80.57100381731645,7.419352275964365],[80.57095361527834,7.419383812674615],[80.57087685075143,7.419452050581128],[80.57079292294365,7.419536111230309],[80.57069901227516,7.419644493687247],[80.57069493976351,7.419649193233607],[80.57064934909631,7.419697733692735],[80.57062015500794,7.419749717151751],[80.57055934535437,7.419794993287112],[80.57049726951458,7.419837647276026],[80.5704728049371,7.419843514769683],[80.57040150605766,7.419854513241711],[80.57032892616822,7.419885044786311],[80.56890681557991,7.420276313969388],[80.56882774564227,7.420281306753782],[80.56834046049832,7.420416291001144],[80.5683295866321,7.420545547639279],[80.56831970651488,7.420559175261803],[80.56825662718146,7.420614067185587],[80.5681307609409,7.420568059213476],[80.56754881793917,7.42036962268303],[80.56752285210914,7.420387157424216],[80.56742409049355,7.420417947474601],[80.56735766761166,7.420456800027544],[80.5672903782825,7.420504110032695],[80.567273478918,7.420515992658056],[80.56720968264132,7.420573299464442],[80.56719127632776,7.420589833974616],[80.56711204430691,7.420703828269244],[80.56711129073169,7.420705412239126],[80.56707935439461,7.420739129212062],[80.5670625056343,7.420749334385751],[80.56703543855048,7.420769862698814],[80.56694410068077,7.420814544294651],[80.56640122997742,7.420980623306106],[80.56627124103777,7.421020390650845],[80.56626874107154,7.421053927050476],[80.56627018020305,7.421054750638899],[80.56635756452675,7.421132742141624],[80.56643888490113,7.421200512232836],[80.56651150455447,7.421274427406855],[80.56659807054969,7.421360829323481],[80.56667103538847,7.421474983945343],[80.56668374828482,7.421498002436517],[80.5667095044648,7.4215446336953],[80.56673009049773,7.421602760622758],[80.56672522465028,7.421641236071602],[80.56671711861158,7.421671370585477],[80.56670453029182,7.421718165520821],[80.5666744050153,7.421822235640568],[80.5666322210184,7.421943211284296],[80.56659239410415,7.422064456610703],[80.56655710238157,7.422170152916031],[80.56653931022204,7.42224782343733],[80.56650889554973,7.42238508011804],[80.56649887634205,7.422498926096645],[80.56648269575759,7.422614940376405],[80.56645093080444,7.422735829581573],[80.56641460568423,7.422921011080178],[80.56633560054891,7.423128329434157],[80.56633149936118,7.423181860838752],[80.56628467706818,7.423342261493039],[80.56625717147791,7.423457907781812],[80.56621146071267,7.423566763248725],[80.56616410602405,7.423705368323021],[80.56611812535654,7.423808255305302],[80.5660569329873,7.423894224772394],[80.56596683657801,7.423993836299166],[80.56587185383447,7.42407942711581],[80.56586835637287,7.42408248830501],[80.56574759831614,7.424188155788273],[80.56564400763372,7.424276817074738],[80.56554557596381,7.424373621243459],[80.56546246056654,7.42446165919255],[80.56542848610125,7.424505461565074],[80.56538477407425,7.424561818154658],[80.56530917167481,7.424660984271977],[80.5652467263289,7.424716115671687],[80.56518202449239,7.424753705387468],[80.56508933415593,7.424782778703706],[80.56498585594849,7.424821252435995],[80.56493166438611,7.424831172083206],[80.56487006794804,7.424842448258077],[80.56472562513203,7.424920510528975],[80.56466373565382,7.424947789835776],[80.56460438261645,7.42497733288755],[80.56449753144665,7.42506327945462],[80.56444449367942,7.425115523288312],[80.56442441406386,7.425135301483215],[80.56441613985461,7.425143452464199],[80.56432351122209,7.4252325717064],[80.56423015863392,7.425316173481418],[80.56412893895344,7.425371198484072],[80.56404846367407,7.425429485219855],[80.56402965798254,7.425443167251071],[80.56396436323006,7.42549066756676],[80.56389157844487,7.425569666292887],[80.56387933451025,7.425596448352427],[80.56384296998968,7.425675988073606],[80.56379072009796,7.425813415835097],[80.56371827444086,7.425942515317463],[80.5636590444706,7.426092599840951],[80.56355641959155,7.426243386099573],[80.56347754058187,7.426372753742711],[80.56343173674672,7.426484683438912],[80.56338537696514,7.426622294823884],[80.56333186301421,7.426752216268985],[80.56327825833351,7.426886115653534],[80.56326652041251,7.426913587911939],[80.5632315497128,7.426995423340175],[80.56315892464758,7.427118191663637],[80.56308504633532,7.427211480279543],[80.56301996505628,7.427283338618151],[80.56295290176824,7.427330330612145],[80.56291291888678,7.427371705473678],[80.56289108934222,7.427473034728892],[80.56288186067776,7.427515871237957],[80.56290242940116,7.427522966269948],[80.56303687673085,7.427626326600095],[80.56315601057615,7.427743661739212],[80.5631627995355,7.427744032141659],[80.56325943637444,7.427857146964073],[80.5632868702001,7.427881505538993],[80.5632972329448,7.427889742301976],[80.56346722468417,7.428007311552014],[80.56349276483486,7.428030355267157],[80.56350378022589,7.428039728131974],[80.56364353783346,7.428161432631844],[80.56397026240133,7.428645692142454],[80.5644539297428,7.428497102567495],[80.56447654049985,7.428481574865402],[80.56449316594394,7.428480629671014],[80.56475676043175,7.428361480722818],[80.56478900307668,7.428340470334946],[80.56482639699348,7.428323093140379],[80.56499366883013,7.428245184622659],[80.56505529351217,7.428223182622276],[80.56525554153798,7.428143582383998],[80.56529861933876,7.428112856846931],[80.5653563290159,7.428085969753064],[80.56545205474018,7.428053527539768],[80.5656218519641,7.428010231849093],[80.56565003789716,7.428005987804164],[80.565696087646,7.427993257288891],[80.56573787457339,7.427986979601186],[80.56581082186491,7.427970279316039],[80.56583368951522,7.42796685293311],[80.56590763060159,7.427933048372549],[80.56611607262238,7.42789346665217],[80.56617147792264,7.427875233361896],[80.56624117406578,7.427857867714218],[80.56637575447002,7.42782970833173],[80.56637847240445,7.427827580003136],[80.56638349138319,7.427823652312015],[80.56638537534629,7.427820675360825],[80.566400533063,7.427762599689054],[80.56644477010393,7.427701850197949],[80.56647947568459,7.427671706568108],[80.56649887810835,7.427654853356061],[80.56657238377542,7.427583811434924],[80.56667615814489,7.427491169343114],[80.56672273331971,7.427470662937923],[80.56680074619409,7.427447008139244],[80.56688038616875,7.42743284828271],[80.56698982880754,7.427420872768348],[80.56703160116369,7.427414609418624]]]]}},{"type":"Feature","properties":{"GND_N":"Watagalathenna","GND_NO":"522","GND_C":"095","PROVINCE_N":"CENTRAL","PROVINCE_C":"2","DISTRICT_N":"KANDY","DISTRICT_C":"1","DSD_N":"POOJAPITIYA","DSD_C":"06","Admin_Code":"2106095","GND_NO_Cen":"522","GND_NAME_C":"Watagalathenna","GND_NO_Gaz":"522","GND_NAME_G":"වටගලතැනat","shape_1":"Polygon","Area__Ha_":52.3469770193,"MWS_ID":"109","Alt_MWS":null,"Density":1965.72956435,"Area":0.52346976851,"Total_Pop":1029.0,"Field":0},"geometry":{"type":"MultiPolygon","coordinates":[[[[80.5758710019296,7.411933486426796],[80.57607446495334,7.411943887008224],[80.57606505793439,7.411911869802754],[80.57604361205946,7.411858236320017],[80.57598693020695,7.411793824046447],[80.57594564036859,7.411752208757431],[80.57591893598284,7.411707975767611],[80.57586469019108,7.41166554077012],[80.57581424913155,7.411629345312315],[80.57575419885838,7.411599658255509],[80.5756977949213,7.411561880292598],[80.57561219509599,7.411504552751013],[80.57557821091505,7.41148421337583],[80.57556002968792,7.411473331017953],[80.57551248753725,7.411433249267535],[80.57546966169971,7.411380869411011],[80.57544712956647,7.411325608582546],[80.57544706625447,7.411263392106248],[80.5754638648294,7.411176768161337],[80.57548291605269,7.411118901835154],[80.57549254859207,7.411052892596166],[80.57548158927723,7.411002049050186],[80.5754800732537,7.410995012945429],[80.57545473236904,7.410940743765967],[80.57539606279855,7.410865117255792],[80.57535857804676,7.410825220889723],[80.57535478785476,7.410790947275268],[80.57533970516455,7.410691467936296],[80.57531889545116,7.410631684591678],[80.57525271457088,7.410539144340955],[80.57521423409023,7.410493641784232],[80.57516723476155,7.410457448715527],[80.575146067093,7.410453922341654],[80.57500825985166,7.410430971399169],[80.57497646387031,7.410427882410173],[80.57493769181964,7.410424065921514],[80.57492138855474,7.410419266681197],[80.57490816813052,7.410408408245708],[80.57490500007553,7.410398641322722],[80.57490455312066,7.410387426949508],[80.57491008946863,7.410364731633006],[80.57492395815733,7.410346471135948],[80.57494715478113,7.410334636262901],[80.57502798935677,7.410273903254724],[80.5750759323594,7.410228801484154],[80.57511681300326,7.410173476165221],[80.5751511633938,7.410137139004936],[80.57522782376375,7.410093768358085],[80.57528644273924,7.410076884509471],[80.57530094911294,7.410054735816176],[80.5753394305841,7.410004038481471],[80.57534753876848,7.409993354271483],[80.57536033607363,7.40994036831958],[80.57537133492323,7.409859890964547],[80.57537490045146,7.409788182825998],[80.57536132504646,7.409761047824442],[80.57532637809872,7.40971057234175],[80.57530074840248,7.40969609113095],[80.57529830534222,7.409695714744832],[80.57527610946191,7.409692281960314],[80.57525002401897,7.40967997175487],[80.57518781936129,7.409613297053402],[80.57514182892538,7.409547986116031],[80.57514505037744,7.409436035758604],[80.57522583027301,7.40949747484725],[80.57530001198981,7.409524003317108],[80.57539012770792,7.409570525712918],[80.57542787314613,7.40959667508946],[80.57544328774694,7.409607354545003],[80.57549518701424,7.409625643834731],[80.57568748360966,7.40969023849503],[80.57568766295219,7.409690298259382],[80.57579653982106,7.409721364669049],[80.5759057706372,7.409767079899096],[80.57599689642169,7.409787829295283],[80.57608058915629,7.409816805324956],[80.57614597409054,7.409864581553689],[80.57624894154107,7.40994040783809],[80.57625916634068,7.409966908300767],[80.57631666909819,7.410014499198609],[80.57638160460793,7.410056578128285],[80.57645387812553,7.410094320628532],[80.57654146746239,7.41012284527103],[80.57657923318084,7.410146464341721],[80.57661254908302,7.410194225206048],[80.57661586296307,7.410198096174758],[80.57663052667102,7.410146285700762],[80.57663102177564,7.410050662067781],[80.57657875263813,7.409978420646283],[80.57652813253372,7.409969940951751],[80.57635983531759,7.409788070267154],[80.57652125636969,7.409538321092683],[80.57659761105229,7.409443009121804],[80.57660263950557,7.409433468344233],[80.57669038422142,7.409315772005944],[80.57669972791551,7.409311351476896],[80.5767142824954,7.409292587535267],[80.577228459204,7.409113461579874],[80.57743223757485,7.409017847426692],[80.57755219597112,7.408760693030886],[80.57750012460846,7.408340161327575],[80.57745152172602,7.408350743392023],[80.57719323443283,7.408381915667418],[80.57691350006489,7.408362166327231],[80.57644982285909,7.408237708136887],[80.57637313852659,7.408224677161241],[80.57643523984727,7.407959751784509],[80.57643526941348,7.407950428507303],[80.57632636340382,7.40746841340367],[80.57605184776531,7.407135366242242],[80.57592838196246,7.407056161288673],[80.57591786928593,7.407051462357142],[80.57573844332265,7.406803858597688],[80.57570539298412,7.40673852189445],[80.57548160259802,7.406689066348183],[80.57524160087831,7.406630265610919],[80.57506468368886,7.406582850315098],[80.57505179910608,7.406580764610827],[80.57503028591952,7.406574468221267],[80.57502598923024,7.406574475321846],[80.57491392952629,7.406564084930107],[80.57478820254026,7.406587529788118],[80.57468722634248,7.406497819524391],[80.5744686907642,7.406429696666581],[80.5744131490572,7.406388025949324],[80.57441009549449,7.406333777666173],[80.5744080691319,7.406327507264309],[80.57439550209789,7.406224850423695],[80.57442045997773,7.406096680517597],[80.57441378481514,7.406091796102029],[80.57442726987745,7.405984626880782],[80.5744271070385,7.405978163804498],[80.5745034210455,7.405924059108587],[80.57462809479178,7.405869625438005],[80.57468656657625,7.4058744374511],[80.57472062004545,7.40584891645779],[80.57475095641162,7.405785935131195],[80.57460463100347,7.405746284226803],[80.57458519705655,7.405749610466584],[80.57458515538893,7.40574960230906],[80.57443286807526,7.405760201273336],[80.57441991421827,7.405761102409202],[80.57431228362418,7.405782666269164],[80.57406464250025,7.405912049027637],[80.57403980557687,7.405945586217349],[80.5740066016713,7.40606277691555],[80.57399960955973,7.406087451971831],[80.57397495627467,7.406115565274385],[80.57392466850999,7.406138239341358],[80.57383733263141,7.406153935288519],[80.57376947692855,7.406162314379374],[80.57376559842318,7.40616307945799],[80.57370497106957,7.406175034699618],[80.57358489799964,7.406263601036642],[80.5735760662961,7.406273703425374],[80.57350577249518,7.406354085917441],[80.57331375507667,7.406477163502081],[80.57326819505542,7.406500005134127],[80.57316923172509,7.406549621204875],[80.5730277137962,7.406585186773376],[80.57286206340672,7.406516388254061],[80.57283362663877,7.406553162010504],[80.57271409916413,7.406707724760081],[80.57225106174099,7.40798962410477],[80.57167492208866,7.408171594194899],[80.571286086449,7.408228621019986],[80.57094132072835,7.408325636796194],[80.57039769309266,7.408472378902077],[80.56944034958995,7.408529478965001],[80.56921514249676,7.40844069632043],[80.56894475964211,7.408441572406699],[80.56893420263734,7.408446529357866],[80.56853450933272,7.40853229625638],[80.56804741910013,7.408709960718801],[80.56761221710411,7.408973840975976],[80.5670722864557,7.409383719785797],[80.56668081359592,7.409669640141044],[80.56628650835403,7.410093320040048],[80.56641804743401,7.41014788216166],[80.56663378805415,7.410183015351126],[80.5669124150481,7.410091419344346],[80.56692157470773,7.410087515289749],[80.566942360435,7.410072830270346],[80.56704012752381,7.410013803163336],[80.56707434382503,7.410015319476917],[80.56713644114363,7.410038144142618],[80.56714914319844,7.410050888015895],[80.56719061202166,7.410095038017786],[80.5671944965483,7.410118099372986],[80.5672450957015,7.410205205877788],[80.56727859126373,7.410255953481767],[80.56730588011017,7.410403547289601],[80.56731847094906,7.410406265184156],[80.56735669195405,7.410418130304187],[80.56737895294644,7.41047556441091],[80.567389960095,7.410567083357151],[80.56739461230774,7.410670122754259],[80.56739581535346,7.410698966721307],[80.56739576767086,7.410715570464552],[80.56739948622094,7.41095251204084],[80.56739936040478,7.410998435712685],[80.56740186251277,7.411069606733396],[80.5674068990381,7.411145297707111],[80.56741129667815,7.411234916336216],[80.56741381401052,7.411275700329823],[80.56741642434207,7.411315219257967],[80.56745863752259,7.411323767481448],[80.56746252894048,7.411324554236163],[80.56751251088839,7.411378021541982],[80.56754547046016,7.411411044687856],[80.56757445118656,7.41142887199594],[80.56763304709864,7.411460007236474],[80.56771747689066,7.411464116152221],[80.56772474196933,7.411464796875032],[80.56777657729057,7.411928872943398],[80.56798695706463,7.412312418906064],[80.56806914290829,7.412527111751399],[80.5683744324213,7.412552667948545],[80.5687833556051,7.412587970856275],[80.56913659027272,7.412629808123714],[80.56923829597054,7.412630232563698],[80.56964631491137,7.412679789572498],[80.56984216757822,7.412625798219968],[80.56990703178718,7.412586964416338],[80.57003635377623,7.412590297038449],[80.57009428373524,7.412618483650352],[80.5701047501994,7.412703196559653],[80.5707535535859,7.41276086077806],[80.57077541764956,7.412761172009844],[80.57135968549888,7.412799892190799],[80.57139627405454,7.412800682217319],[80.57168787439053,7.412985998952131],[80.57170881732138,7.412995759601832],[80.57174490344046,7.413005654719658],[80.57200768885487,7.413094436218112],[80.57202290996867,7.413094539063254],[80.57233485396517,7.413010154990398],[80.5725450963722,7.412722817403269],[80.57271523982764,7.412420305365615],[80.572744789329,7.412405507430657],[80.5727890297616,7.412383351631541],[80.57340306803513,7.41219713198852],[80.57343910067253,7.412175372982876],[80.57346776499227,7.412168640007067],[80.57407964986723,7.412011085506031],[80.57478046649184,7.411947725700872],[80.57500082209334,7.411934012337505],[80.5753317677477,7.411844313843806],[80.57557450903202,7.411905137833229],[80.5758710019296,7.411933486426796]]],[[[80.57607446495334,7.411943887008224],[80.5760810102493,7.411975792601592],[80.57618043578128,7.411983989559231],[80.57657737991192,7.412072618897513],[80.57682100083692,7.412212655297249],[80.57733678307703,7.412403811123028],[80.57754737235834,7.412575672613276],[80.57771385692675,7.412340138124945],[80.57755970307245,7.412075809651014],[80.5773042341047,7.41200519837161],[80.57729933679407,7.412005091282877],[80.57710407857468,7.41210147327104],[80.57685749628487,7.412080036795853],[80.57663174518223,7.411701187551457],[80.5765351330865,7.41171594027191],[80.57642641456636,7.411736327625293],[80.57636344905832,7.411744709285345],[80.57633853280403,7.411754917534013],[80.57629047852775,7.411797573266645],[80.57628660420527,7.411801013274465],[80.57624817083168,7.411847386365278],[80.57607446495334,7.411943887008224]]]]}}]}