{"type":"FeatureCollection","name":"SED_PPL_MWS_116","crs":{"type":"name","properties":{"name":"urn:ogc:def:crs:OGC:1.3:CRS84"}},"features":[{"type":"Feature","properties":{"GND_N":"Katukele West","GND_NO":"256","GND_C":"105","PROVINCE_N":"CENTRAL","PROVINCE_C":"2","DISTRICT_N":"KANDY","DISTRICT_C":"1","DSD_N":"GANGAWATA KORALE","DSD_C":"30","Admin_Code":"2130105","GND_NO_Cen":"256","GND_NAME_C":"Katukele West","GND_NO_Gaz":"256","GND_NAME_G":"කටුකැලේ","shape_1":"Polygon","Area__Ha_":25.8221243087,"MWS_ID":"116","Alt_MWS":null,"Total_Pop":1564.0,"Density":6056.82158951,"Area_Sqkm":0.25822124309},"geometry":{"type":"MultiPolygon","coordinates":[[[[80.62725560638869,7.287391693329225],[80.62748881876219,7.287386239426692],[80.62761288586212,7.287428592583407],[80.62777225986704,7.287504969048988],[80.62788557315376,7.287585967608257],[80.62804977989046,7.287698096281763],[80.6281814584367,7.287753867116527],[80.62825933078535,7.287814905950118],[80.6285065803324,7.287974897468608],[80.6284715332076,7.287930060610937],[80.62836827016045,7.287828843458901],[80.62817095091832,7.287635430716604],[80.62774921310859,7.287269773045878],[80.62734331671625,7.286932063173333],[80.6273376379784,7.286927324563065],[80.6272652684895,7.286866927634128],[80.62720152939282,7.286813733600708],[80.62689685968877,7.286557172687756],[80.62662560186439,7.286322596293892],[80.62638827358236,7.286129919212055],[80.6263835400749,7.28612607616341],[80.62610064252628,7.285896405967639],[80.62613292840105,7.285860892951693],[80.6261342719854,7.285859413053681],[80.62617910491242,7.285810100013795],[80.6262121708322,7.285773729067124],[80.62628863645031,7.285686669145834],[80.62633140097986,7.285631430409853],[80.62635197619826,7.285583690028767],[80.62635987109165,7.285539291364219],[80.62635879497049,7.285501762428853],[80.62635776962217,7.285496747728229],[80.62634991041298,7.285458353838725],[80.62634939231327,7.285455821618277],[80.6263186240227,7.285386180077066],[80.62626790990981,7.285372598709905],[80.62619835765096,7.285365882884658],[80.62614130205245,7.285366135236116],[80.62612221725894,7.285365756326477],[80.62603072291802,7.285363927277416],[80.62600011178792,7.28536093471407],[80.62594387429658,7.285349430468056],[80.62589388768328,7.285332412949373],[80.62581919105578,7.285272162421147],[80.62576251237455,7.28522584324155],[80.62570147933343,7.285201135448862],[80.62566146609015,7.285150841967831],[80.62564082599572,7.28512153657725],[80.62560326565402,7.285051168379711],[80.6256401683002,7.284924218328206],[80.62568747733457,7.284823131189365],[80.62572890352273,7.284745504230449],[80.62573157597407,7.284740498898094],[80.62576473739318,7.28467836170489],[80.6257856222038,7.284639229512224],[80.62578634829826,7.284634526473353],[80.62578490006358,7.284629371463698],[80.62573945691071,7.284564427376091],[80.6256803653092,7.284500172339861],[80.6256358884136,7.284451808057055],[80.6256351300261,7.284425758448947],[80.62563511658145,7.284425338847839],[80.62563424265966,7.284395412453778],[80.62563418715493,7.284393479035235],[80.6256357407319,7.284335419675424],[80.62563712099215,7.284283788044308],[80.62564845255612,7.28425394981549],[80.62565764121983,7.284240734676961],[80.62563505725383,7.284220688702373],[80.62560364486622,7.284192803999042],[80.62558963427104,7.284179585654004],[80.62550595459832,7.284100623859581],[80.62535596213742,7.283950924327362],[80.62534625042458,7.283941232382969],[80.62526241946699,7.283843720523961],[80.62516935108611,7.283745572551539],[80.6251073287618,7.283698165438524],[80.62507893662139,7.283684317397658],[80.6250505544428,7.283670475688496],[80.62497667028707,7.283619175184072],[80.624894822405,7.283549970417955],[80.6248221220429,7.283476898283044],[80.62481886188462,7.283473621805505],[80.62473837589528,7.283399802808873],[80.62466775150838,7.283347781713172],[80.62466629844232,7.283346271944231],[80.62461895382818,7.28329712438001],[80.62450017203459,7.283178530400195],[80.62438650956094,7.283058427922676],[80.62437741008375,7.283048812124923],[80.62431263892286,7.282978284568498],[80.62424731553699,7.282907155455817],[80.62416619638425,7.282826191247716],[80.62407113247694,7.282738533203415],[80.62403386759674,7.282706376304715],[80.62401487798269,7.282689990270964],[80.62396357144655,7.282645716404105],[80.62395840882324,7.282641559392966],[80.6238540182806,7.282557508141493],[80.62371015168499,7.282434927476285],[80.62355768095709,7.282308544884312],[80.62351938420036,7.282277604787746],[80.62342766473222,7.282209751074184],[80.62340657554195,7.282191637991388],[80.62340586390755,7.282191026442015],[80.62334255741489,7.282136655523953],[80.62321652499793,7.282033250150896],[80.62312870417458,7.281955540793008],[80.62309573608846,7.281927962855477],[80.62309015433947,7.281923292952865],[80.62307765719696,7.281912839498688],[80.6230504084853,7.281890045449487],[80.62301525931812,7.281860640075216],[80.62294527624373,7.281788273017542],[80.62290770056651,7.281751724626726],[80.62285132800925,7.281696891180058],[80.62284297252978,7.281688764991639],[80.622755880161,7.281597219972311],[80.62265094988976,7.281495811976091],[80.62264162394878,7.281489207396647],[80.6226263254604,7.281479324498545],[80.62260339821884,7.281462840309077],[80.62257623395264,7.281532579980545],[80.62212168279537,7.281954465389226],[80.62198686483416,7.282050125441659],[80.62177665008345,7.282361101394179],[80.62177696152864,7.282361389973209],[80.62184949386278,7.282428598124747],[80.62173342315293,7.282588983654429],[80.62164770578906,7.2827135664155],[80.62160089989945,7.282805950287641],[80.62158897888169,7.282829477984444],[80.62154022967485,7.282905332334392],[80.62151220673506,7.282956191600593],[80.62148612853032,7.283003522035691],[80.62143339152296,7.283085162547402],[80.6213839238531,7.283140579384957],[80.62129096498526,7.283253745479302],[80.62129087438174,7.283253856677518],[80.62124203702679,7.283319763628985],[80.62119917674728,7.283383682253108],[80.62114970995215,7.283439009537397],[80.62110884775478,7.283491716384867],[80.62108908611968,7.283545153910655],[80.62108907494128,7.283572374330411],[80.62108905960369,7.283619576226996],[80.62109089708461,7.283669843441938],[80.62109202844708,7.28370084152702],[80.62089914256921,7.283636907103118],[80.620704858588,7.283609234665345],[80.62057842918514,7.283685723225137],[80.62047274578698,7.28379824270685],[80.62046127508177,7.283792104868657],[80.62044684583601,7.283887511995382],[80.62043242693379,7.283960832430127],[80.62078373014445,7.284213373226263],[80.62083723007603,7.284262776503554],[80.62132859509444,7.284697458151239],[80.62120041819354,7.285248734245303],[80.62128027737053,7.285424799557156],[80.62124780485503,7.285493773172352],[80.62137891455706,7.2855981104508],[80.62148683792445,7.285685865692139],[80.62151028465773,7.285717071263274],[80.62160391130925,7.285768016455889],[80.62174635885637,7.285807040613671],[80.62187160442242,7.28582471640051],[80.62198018815624,7.285838408439198],[80.62210705856272,7.285877065447594],[80.62222648866869,7.285951169464738],[80.62231758218208,7.28599722950866],[80.62238856555669,7.28605657503942],[80.6224683158718,7.286165932397257],[80.62249172461007,7.286311443602961],[80.62249373878242,7.286332722535552],[80.62249912345672,7.286389576986664],[80.62253203657949,7.286541964123805],[80.62255655684864,7.28661504013574],[80.62259946340478,7.286676093358856],[80.62264264208176,7.286738597172279],[80.62275987318534,7.286890921601687],[80.62282358518334,7.287027492968679],[80.62285892711743,7.287234047744209],[80.62287246760631,7.287282093430012],[80.62290641608787,7.28740253548531],[80.62297991334331,7.287527354211673],[80.62299635474606,7.287548598244086],[80.62302132960787,7.287454391010729],[80.62306517456037,7.287289005255463],[80.62310941712721,7.28721938259338],[80.62315709525066,7.287137922860737],[80.62331707046994,7.287156065784706],[80.62345387030895,7.287164807824554],[80.62363836414029,7.287253584076658],[80.62380324683588,7.287101459096435],[80.62391015332334,7.28706524253794],[80.6239892835178,7.287105763884951],[80.62416876025598,7.287250355427502],[80.6243487775599,7.28721560752984],[80.62444485033247,7.287222953807532],[80.62449239374904,7.287123947693805],[80.62453399692308,7.287024919685834],[80.62458545264202,7.286945078862292],[80.62459530627342,7.286883045175688],[80.62466416887347,7.286765157112214],[80.62474709635755,7.286709172386261],[80.62489454371968,7.286702400621853],[80.62511377511807,7.286699493390125],[80.62520976242114,7.286699458553902],[80.62531993357284,7.286709329646989],[80.62537212817253,7.286734886396608],[80.62535819140527,7.286809321255512],[80.62533044437356,7.286853537835365],[80.62532491616572,7.286899681667634],[80.62533006720625,7.28698999341525],[80.62533169533569,7.286990735487299],[80.62536922836118,7.286991543803567],[80.62545670358564,7.287026208702647],[80.62554343808517,7.28708768140062],[80.62555078034916,7.287092885399399],[80.62560349750628,7.287134896994716],[80.62565454055213,7.28717557327502],[80.62574416387072,7.287289456682595],[80.62580888673813,7.287382349243136],[80.6258482253321,7.287462914933175],[80.62589875751654,7.287566405711509],[80.62598206803565,7.28786910362921],[80.6260232461592,7.28795764858061],[80.62606616473941,7.287987142217176],[80.62614676578865,7.287993228727328],[80.6262073567617,7.28799225411302],[80.62630834554575,7.287967327960848],[80.6264208678727,7.287934411570894],[80.62653472053236,7.287841735633041],[80.62663507497503,7.287714140961867],[80.6266701970846,7.287693446760353],[80.62684925497395,7.287566795041786],[80.62700423455874,7.28748201899971],[80.62725560638869,7.287391693329225]]]]}},{"type":"Feature","properties":{"GND_N":"Ampitiya South","GND_NO":"253","GND_C":"225","PROVINCE_N":"CENTRAL","PROVINCE_C":"2","DISTRICT_N":"KANDY","DISTRICT_C":"1","DSD_N":"GANGAWATA KORALE","DSD_C":"30","Admin_Code":"2130225","GND_NO_Cen":"253","GND_NAME_C":"Ampitiya South","GND_NO_Gaz":"253","GND_NAME_G":"අම්පිටිa","shape_1":"Polygon","Area__Ha_":68.8927769291,"MWS_ID":"116","Alt_MWS":null,"Total_Pop":1740.0,"Density":2525.66390493,"Area_Sqkm":0.68892776929},"geometry":{"type":"MultiPolygon","coordinates":[[[[80.64730989620973,7.287834816316233],[80.64741116537854,7.287775613302089],[80.64751243545228,7.287716320738867],[80.64756731194626,7.287688978465884],[80.64758190878094,7.287681705689516],[80.64763335675576,7.287662729955112],[80.64769141727504,7.287636338996218],[80.64773988258538,7.287593038437588],[80.64780773860414,7.287516281431562],[80.64784923193598,7.287464024462786],[80.6478672541786,7.287386106628315],[80.64787407769448,7.287356599324825],[80.64788116752301,7.287269699551217],[80.64788036388396,7.287226306304543],[80.64787920528708,7.287163623252275],[80.64787857885064,7.287140382466272],[80.64786242085044,7.287121618998114],[80.64777989348175,7.28702577913156],[80.64784891988995,7.286976333328299],[80.64786875799119,7.286955533645816],[80.64789901702578,7.286923808410206],[80.64795516010822,7.286821218420904],[80.6479575532048,7.286816844078255],[80.647985910688,7.286777516718593],[80.64799365443562,7.286766757700478],[80.6480166256487,7.286734842293043],[80.64802878410171,7.286715906907203],[80.64806963029842,7.286652295292088],[80.64809041628692,7.286578468394826],[80.64810040947874,7.286542973685089],[80.64810906637486,7.286512228000023],[80.64812838103394,7.286427501108904],[80.64814199275206,7.286333185170678],[80.64816747215576,7.286226395009935],[80.64820373301548,7.286108302294439],[80.64825754912397,7.286034979396754],[80.64833219644109,7.285961117996785],[80.64845149824751,7.285867828486154],[80.64851454589262,7.285819284283862],[80.64858248993968,7.285746869641163],[80.64860596989044,7.28571867555505],[80.64863594381103,7.285682678254025],[80.64868784847016,7.285642723576208],[80.6487258944544,7.285613344434121],[80.64874982742278,7.285600435012536],[80.64878621962592,7.285580806507783],[80.64883604955071,7.285517881003645],[80.64889629332079,7.285456043592328],[80.64895291429968,7.285397912798447],[80.64898299422106,7.285351982628669],[80.64903573115815,7.285257315947216],[80.64906599614828,7.28519737001675],[80.6490709928948,7.285183711007306],[80.64909527147655,7.285117346449609],[80.6491375921647,7.285023492506708],[80.6492289147342,7.284908941961],[80.64928445340928,7.284831276948542],[80.64930949325563,7.284801499825137],[80.64932368240967,7.284784626784325],[80.64936844809898,7.284688241452479],[80.64939745334729,7.284602159854472],[80.64939831648047,7.284598791564386],[80.64941984762267,7.284514899900078],[80.64948290819885,7.284419332656203],[80.64959536053937,7.284365602397129],[80.64962004389237,7.284353809048647],[80.64976985149796,7.284304386459264],[80.64980508355023,7.284297161882335],[80.6499389481315,7.284269708459929],[80.65007138585301,7.284159691643661],[80.650386072839,7.283927473602376],[80.65042304840503,7.283900188381323],[80.65050148072307,7.283842310327743],[80.65064620367728,7.283705273435696],[80.65067849154924,7.283674701554109],[80.65069471191362,7.283645134411947],[80.65069569255094,7.283642553800507],[80.6507513568283,7.283496121734278],[80.6507889554847,7.283442596463936],[80.65085915258136,7.283410694002874],[80.65097896992349,7.283410094201546],[80.65111300493858,7.283419989135067],[80.6511855472283,7.283422268157388],[80.6513472090181,7.283413361137471],[80.65138831703864,7.283392424287182],[80.65145599345476,7.283357957334512],[80.65148168394872,7.283329239204956],[80.65153517303544,7.283269448714795],[80.65154546628045,7.283257871939835],[80.65166082541516,7.283128140624023],[80.65172932286025,7.283016206644056],[80.65178491958288,7.282916144423448],[80.65179302286843,7.282901558419885],[80.65182033831522,7.282852216252996],[80.6518742098752,7.282754902629861],[80.65196055013298,7.28264387782268],[80.65207894908868,7.282531233150204],[80.65208286538385,7.282527026498409],[80.6522065932877,7.282394085243246],[80.65228486202571,7.282323300595072],[80.65233000913466,7.282298989900065],[80.65242888203805,7.282245749850924],[80.65251126104934,7.282186398500844],[80.65254355936247,7.282163128739381],[80.65269048108277,7.282072015045342],[80.65282553445167,7.281996450286647],[80.65288603884593,7.28197467396903],[80.6529285201989,7.281948356738993],[80.65294268631467,7.281938736092278],[80.65294404026264,7.281938740078655],[80.6530239059867,7.281889262949041],[80.65304609276963,7.281875515431457],[80.65323026025517,7.281704200824322],[80.65330445204148,7.281631333175923],[80.65335435670852,7.281602609760471],[80.65341884010496,7.281565495643054],[80.65346369043432,7.281539680893437],[80.65356731660592,7.281467183816715],[80.65365282516345,7.281411500959082],[80.65374720644435,7.28136549744789],[80.65385726949532,7.281267772862171],[80.65390936236116,7.281204847380698],[80.65401988779652,7.281071581912693],[80.65403301184406,7.281050515170042],[80.65406954987247,7.280991871867461],[80.65409270200428,7.280954714833084],[80.65410016146109,7.280942740242028],[80.65414142736459,7.280862543213312],[80.65418506639853,7.280777728538851],[80.6542370026457,7.28062048222919],[80.65427117451921,7.280513604487843],[80.65430109787758,7.28047743405473],[80.65431148996981,7.280464872452572],[80.65431844345504,7.280451788139678],[80.65425726806797,7.280424004981163],[80.65408085494454,7.280343889361361],[80.65354790747315,7.279850014859433],[80.65326228736842,7.279563491676559],[80.65315403528692,7.279384741862202],[80.65302621019028,7.279104238892301],[80.65292645697804,7.27889534544946],[80.65287877848935,7.278825366425771],[80.65280175119594,7.278743913715542],[80.65270241135325,7.278782237240288],[80.65242015077754,7.278838131987158],[80.65207666151944,7.27885360544039],[80.6518888380422,7.278981291351222],[80.65181669315479,7.278978933887511],[80.65162337730371,7.278993389333787],[80.65153872688603,7.278989116681486],[80.65129953068706,7.279142078856343],[80.65098062536671,7.279182071237882],[80.65074700578032,7.279211596227974],[80.65045235689828,7.279229912462026],[80.6500962073021,7.279096324423858],[80.64984944532523,7.278995333390226],[80.64959051579208,7.279137394986638],[80.64942205889332,7.279312886800089],[80.64921983710501,7.279583216105594],[80.64915661009759,7.279767088597426],[80.64901414284284,7.279744317056179],[80.64879796620878,7.279691617563151],[80.6483453419434,7.279650318658835],[80.64774153109029,7.279865892796116],[80.6475755513003,7.279884990637284],[80.64757471598868,7.279886059287136],[80.64754163929935,7.27995812472235],[80.64752496888279,7.279977742473476],[80.64748729421275,7.279979993415886],[80.64741004510236,7.279970837045601],[80.64735182691477,7.279915387524623],[80.64734798183481,7.279911174180564],[80.64729379400941,7.279851798407996],[80.64724091653099,7.279808738457019],[80.6471390328225,7.279800027167195],[80.64707545883668,7.279797839593131],[80.64701785722885,7.279803248061983],[80.6469566277919,7.279833253461883],[80.64687608895345,7.279920405348887],[80.64684401632628,7.279967872139014],[80.64683315182471,7.279984892555071],[80.6466750547034,7.2800103305869],[80.64631597762788,7.280093929070978],[80.64567547110379,7.280128098250922],[80.64502305233702,7.280278044725552],[80.64436593255049,7.279812622684932],[80.64435583198427,7.279827716191039],[80.64393319136467,7.280459247282143],[80.64381216129203,7.281902986419627],[80.64377866307933,7.283172948396012],[80.643789291674,7.283272123798067],[80.64378496564335,7.283459200385177],[80.64374032580295,7.283693851433632],[80.64381383412145,7.28469591030229],[80.64376582790923,7.284973444245511],[80.64376577496171,7.285150499671632],[80.64411200258385,7.285319988853846],[80.6442160687979,7.285552653210857],[80.64425137596044,7.285771980693617],[80.64425196920689,7.285876980479045],[80.64404252741498,7.286160877877749],[80.64404675441206,7.286224745564549],[80.64406710966763,7.286300061931424],[80.64414120645164,7.286441455202826],[80.64432709535379,7.286595059362632],[80.64443376345564,7.286655951027853],[80.64448057378924,7.286698104326037],[80.64450799516403,7.286767021167081],[80.64453478953628,7.286812153731672],[80.64470569332438,7.287103388396141],[80.64481886335331,7.287232556794635],[80.64500257493566,7.287394661407031],[80.64516269504286,7.287513196081061],[80.6451924723525,7.287463262736143],[80.64525733989473,7.287390303328201],[80.64528230284103,7.28738034242295],[80.64532572441699,7.287363013171468],[80.64544916721142,7.287359432604307],[80.64551111211131,7.287367679691964],[80.64558074406274,7.287417255674132],[80.64563977273826,7.287481749593044],[80.64566683925567,7.28756962860756],[80.64566963240756,7.287578698676678],[80.64574341014227,7.28769528564227],[80.64576196646067,7.287729021529423],[80.64579980258878,7.287800110725135],[80.64584190913935,7.28782354343969],[80.64591266009978,7.287837270382116],[80.64595067317775,7.28784464508913],[80.6460268428324,7.287836076159147],[80.64610301788257,7.287802548434914],[80.6461660579369,7.287778964257969],[80.64624562787697,7.287910111196407],[80.64625115074524,7.287919065392116],[80.64636783612362,7.28810855147935],[80.6463909106133,7.288174572282719],[80.64641160127279,7.288228471112809],[80.64641522030584,7.28823789951894],[80.64644638707357,7.28831909595648],[80.64649905156158,7.288475917346225],[80.64650828149969,7.288503138633963],[80.64656188816363,7.288681139983584],[80.64661920353363,7.288660973275352],[80.6466415521697,7.288653110435267],[80.646717818835,7.288622565934491],[80.6467671502265,7.288601092008201],[80.64685151076313,7.288564368887815],[80.64688349430014,7.288520248023738],[80.64692570990083,7.288473415365862],[80.6469912110976,7.288401091617133],[80.6470220154583,7.288360045037921],[80.64709313633116,7.288268548928282],[80.64715004706368,7.288146302419642],[80.64722326152086,7.288014567177143],[80.64723984948128,7.287967728978248],[80.64727183762375,7.287904074219884],[80.64730989620973,7.287834816316233]]]]}},{"type":"Feature","properties":{"GND_N":"Uda Bowala","GND_NO":"244","GND_C":"200","PROVINCE_N":"CENTRAL","PROVINCE_C":"2","DISTRICT_N":"KANDY","DISTRICT_C":"1","DSD_N":"GANGAWATA KORALE","DSD_C":"30","Admin_Code":"2130200","GND_NO_Cen":"244","GND_NAME_C":"Uda Bowala","GND_NO_Gaz":"244","GND_NAME_G":"උඩබෝවල","shape_1":"Polygon","Area__Ha_":69.9397430844,"MWS_ID":"116","Alt_MWS":null,"Total_Pop":4872.0,"Density":6965.99642083,"Area_Sqkm":0.69939743084},"geometry":{"type":"MultiPolygon","coordinates":[[[[80.60848308386213,7.271202437093827],[80.60853851797589,7.271181297835889],[80.60860391752033,7.271145781129583],[80.60864324040315,7.271093166153712],[80.60866716844166,7.271040725435648],[80.60867436273334,7.271026125413085],[80.60873631989865,7.27090040229008],[80.60875621105782,7.270849244183871],[80.60878644891355,7.270771467222385],[80.60878856102404,7.270697677786095],[80.60877889897482,7.270616829529824],[80.60876117745374,7.270539233784287],[80.60875753455687,7.270525833380483],[80.60875050651467,7.270499983994795],[80.608730428932,7.27042627407094],[80.60872772092962,7.270380356182119],[80.60872736905041,7.270374367757737],[80.60871202068856,7.270244413745231],[80.60869193825864,7.27018625873293],[80.60863620657959,7.270038293246943],[80.6086214528306,7.270014415094239],[80.60861931615999,7.270012780228207],[80.60858127929973,7.269897195328465],[80.60847706325221,7.26973451966748],[80.60842647154959,7.269539073821717],[80.60840224146983,7.269341850832804],[80.60840806515827,7.269172239206532],[80.6084697254902,7.269033235401738],[80.60847138691813,7.269046484960308],[80.60849207711809,7.269179785979935],[80.60850606852925,7.269303048563514],[80.60853303069007,7.269371604711683],[80.60856976833624,7.269454361128685],[80.60862327435211,7.269496151586269],[80.60863857497942,7.269508102184831],[80.60873175699922,7.269528846088078],[80.60883372995698,7.269532410559183],[80.60887863626081,7.269527567424969],[80.60893987253962,7.269520964212734],[80.60898017679754,7.269512750840359],[80.60908596153911,7.269489368431868],[80.60909012787971,7.269485661422245],[80.60918099197556,7.269404759814035],[80.60932112398471,7.269320983474395],[80.60935866656567,7.269301604525007],[80.60938099809059,7.269290078364325],[80.60945996733292,7.269290921312251],[80.60947232056016,7.269304263424873],[80.60957383594202,7.269413909541971],[80.60961331903749,7.269456555622651],[80.6096244661931,7.269434946879276],[80.60963413014733,7.269260509470359],[80.60966560092005,7.26913437166925],[80.60966765699823,7.269118790379095],[80.60967532369362,7.269060703481755],[80.60968421912845,7.268993306331395],[80.60970083057909,7.268888775906773],[80.60967858388206,7.268805390986327],[80.60966513711493,7.268790838519672],[80.6096284314468,7.268751113459314],[80.60957891673354,7.268689060963641],[80.60953998885367,7.268653778824248],[80.60950096493109,7.268626001457461],[80.6094516322124,7.268564129875808],[80.60942842177083,7.268510782823752],[80.60942141004855,7.268494667370315],[80.60941804395999,7.268469836681572],[80.60940984956393,7.268409387334211],[80.6094134158929,7.268392254816773],[80.6094308973349,7.268308293998375],[80.60947759182795,7.268159462896635],[80.60954354379682,7.268063655450455],[80.60957635667187,7.268015987234358],[80.6095962729866,7.267986857008453],[80.60963643271708,7.267928110158956],[80.60966961480743,7.267829553317863],[80.60965492463907,7.267805205886897],[80.6096090340525,7.267729143453852],[80.60960309227973,7.267719295216773],[80.6095003271569,7.267657222224534],[80.60938272310128,7.267559333343072],[80.60926313605408,7.267436213644477],[80.609229508374,7.267385211218295],[80.60920403305498,7.267346575426563],[80.60918658954441,7.26724953636891],[80.60921719608719,7.267190204566056],[80.60925193158523,7.267122868486608],[80.60938652185244,7.267081952220434],[80.6095259811919,7.267098643623182],[80.60968139196095,7.267083869287796],[80.6097456572236,7.267062448256048],[80.60981960565215,7.26703780150421],[80.60995293208413,7.266966037919048],[80.60995467484231,7.266965098987491],[80.60997205169575,7.266955745824904],[80.61013654715322,7.266863295926824],[80.61022830191297,7.266816216253384],[80.61038596954678,7.266820704158268],[80.61052844634165,7.266857242194019],[80.61057242000587,7.266868520461623],[80.61057758007321,7.266871410692122],[80.61070714767327,7.266943988574602],[80.61072018640162,7.266949989771073],[80.6108766511708,7.267022000482707],[80.61103646598073,7.267096212532083],[80.61112490991538,7.267162697483498],[80.61114684797698,7.267179189114279],[80.61115706147541,7.267186867655977],[80.61127521791774,7.267260882681725],[80.6114208148021,7.267334635462404],[80.61146204684495,7.267364334208592],[80.61149147166837,7.267390837373013],[80.61154704729012,7.267436981558038],[80.6115772860181,7.267486561022083],[80.61161119123331,7.267542152719514],[80.6116499163376,7.267639559336644],[80.61165583916446,7.267649330675251],[80.61169191103052,7.26770884511659],[80.61171559284993,7.267766550972174],[80.61174296181113,7.267833246034461],[80.61174873365053,7.267847314565873],[80.61177822703003,7.267934409668709],[80.6118044668442,7.267995730043512],[80.61182635834689,7.268063199909474],[80.61184255471774,7.268099920495316],[80.61187169895277,7.268106274754437],[80.6118919986777,7.268110699638251],[80.61192178730958,7.268103233662094],[80.61197414610339,7.268090111310848],[80.6120122871957,7.268065453935212],[80.61208040054815,7.268021422771368],[80.61215788069634,7.267989970229091],[80.61221861975514,7.267965315591572],[80.61236616813704,7.267900621766206],[80.61246879687921,7.267840521798193],[80.61257994351296,7.26776640999087],[80.61268682993759,7.267700162247432],[80.6127394853038,7.267595552457407],[80.61275052560167,7.26750830926226],[80.61275392597001,7.267481435500408],[80.61276021936885,7.267360622854885],[80.61276895843966,7.267323542338909],[80.61278361939387,7.267261338796539],[80.61281046293624,7.267161061244516],[80.6128934481796,7.267024311673579],[80.61289682090629,7.267018755041171],[80.61296374902138,7.26700602848147],[80.61302016140607,7.267027480789174],[80.61306254118287,7.267038979797283],[80.61309540713548,7.26705879677573],[80.61312602887634,7.26709892811756],[80.61315062385233,7.267131161816607],[80.6132331610052,7.267282299686215],[80.61335556031511,7.26739746150336],[80.61336642122234,7.267405566155682],[80.61339691795638,7.267428323959919],[80.61342964795637,7.267478726211723],[80.61356679025717,7.267696252262888],[80.61372160356308,7.267983224251537],[80.61376984382765,7.268168227637136],[80.61393122927504,7.268329850104027],[80.61406491247095,7.268388756356156],[80.61413390753759,7.268426105257851],[80.61426069300234,7.268428478274219],[80.61450979879903,7.26839391163839],[80.61454290376801,7.268452330594397],[80.61454691495622,7.268459409103375],[80.61455267923009,7.268469579146529],[80.61455271090684,7.26846963522464],[80.61455757375676,7.268460479984634],[80.61455833680553,7.268459043318966],[80.61457171100021,7.268433865956921],[80.6145899192301,7.268419313169844],[80.6146131968445,7.268410639257391],[80.61465847533557,7.268418073405598],[80.61476974977897,7.268452028062808],[80.61483559498333,7.268472121629534],[80.61488865913093,7.268487151963065],[80.61499850800949,7.268493611619178],[80.61505357073285,7.268493812070353],[80.61507684779399,7.268486676353783],[80.61508275402487,7.268477203164247],[80.61521641117865,7.268525887730981],[80.61523660963053,7.268537649947309],[80.61545354713883,7.268662397852614],[80.61546552628687,7.268666179378268],[80.61563716631693,7.268783603447277],[80.61573056892536,7.268956391035434],[80.61593312111651,7.269103582045652],[80.61594471695464,7.269102954040238],[80.61623269455286,7.26915695231107],[80.6166977532362,7.269255420415898],[80.61694026960537,7.269406900601314],[80.61722652350586,7.269591290951888],[80.61753255166141,7.269735353409579],[80.61783939575858,7.269776756716523],[80.618058910609,7.269667578191709],[80.61826772633167,7.269506504184807],[80.61851686187958,7.26927615367411],[80.61877677101305,7.269088450096834],[80.6190302895931,7.268846827765895],[80.61920610149028,7.268655533595872],[80.61931931389819,7.26853707560196],[80.61955737045184,7.268365172116875],[80.61953423296833,7.268489687612753],[80.61953300082477,7.268650381918691],[80.61953745852405,7.268688913119487],[80.61954621591256,7.268764614489383],[80.6195481698226,7.268781510267258],[80.61958588704944,7.268917892275908],[80.61967023027724,7.26903887925604],[80.61967359843122,7.269043711209198],[80.61976665693344,7.2691556961292],[80.61977561958831,7.269167058180585],[80.61984921367477,7.269260353451635],[80.6199267296474,7.269336502661412],[80.6199296972782,7.269339416446813],[80.61995553706753,7.269364163487319],[80.61995791445139,7.269366440439273],[80.6199950617564,7.26940201769929],[80.62002276956879,7.269414506642183],[80.62002739282379,7.269398682925273],[80.62002739920196,7.269382857616421],[80.6200137968245,7.269364201666696],[80.62001211406599,7.269361892399619],[80.61998512656237,7.269324876281035],[80.61996025396266,7.269279240165216],[80.6199316380779,7.26922674180605],[80.61989208074235,7.269173374251002],[80.61988112810725,7.269157702508976],[80.61985288660502,7.269117293907463],[80.61985135524537,7.269093600627389],[80.61985217171868,7.269086908159064],[80.61985706474914,7.269081846652703],[80.61986847824656,7.269074254442701],[80.61987889342869,7.269072810247328],[80.61991457531268,7.269072009591316],[80.61993467836035,7.269077261487383],[80.61994346110143,7.269085131053367],[80.62000880618872,7.26920108439481],[80.62007487330624,7.269326897596809],[80.62007526254239,7.269327425844214],[80.62009805817682,7.269358444076452],[80.62009975814105,7.269360757870663],[80.62015164689416,7.269431362063986],[80.62015738375734,7.269437393936132],[80.62022270798529,7.269482939978722],[80.62033425782884,7.269550169033725],[80.62041865054437,7.269583746823314],[80.62050185258364,7.269656120616774],[80.62052954995251,7.269698993218771],[80.62057401161078,7.26975430032703],[80.62059092507646,7.269775338429065],[80.62060611460272,7.269847868787854],[80.62061867535647,7.269927542240525],[80.62061930960205,7.269950308298776],[80.62062073196894,7.270001332303151],[80.62062069994457,7.270099541459378],[80.6206213634098,7.270116355401961],[80.62062267418824,7.270149550120199],[80.62063461686843,7.270180571832017],[80.62067028155624,7.270232581531493],[80.62074059179801,7.270279680998334],[80.62075213135289,7.270287411328283],[80.6208281311082,7.270333502627647],[80.62090714236703,7.270381420735873],[80.62105491628883,7.270452548733942],[80.62108964287982,7.270475373493367],[80.62111892969335,7.270494620771453],[80.62117833114674,7.270517068739935],[80.62121721556855,7.270534373235916],[80.62124035715742,7.270544670320122],[80.62133543944755,7.270569752051835],[80.6213921324414,7.270567692441687],[80.62147726257221,7.270564375611831],[80.62153857286441,7.270563763542143],[80.62163230828938,7.270557736711395],[80.62171671299575,7.270559754979605],[80.62177957849299,7.270569025636622],[80.62182366131748,7.270575525426697],[80.6218869577277,7.27059589473285],[80.6220493189997,7.270647947481209],[80.62208750511857,7.270660267144634],[80.6220945573709,7.270662543867907],[80.62212058406017,7.27067094104344],[80.62212339108488,7.270674830503643],[80.62216677196957,7.270668332467238],[80.62219775029791,7.270651161236116],[80.6222454393471,7.27062844416477],[80.62228216761078,7.270610948428859],[80.62230629621001,7.270603094614158],[80.62236929866097,7.270582583807986],[80.62248405201204,7.27055757356567],[80.6226133879869,7.270521264445597],[80.62271627399969,7.270496158784294],[80.622741180397,7.270488666026854],[80.62281264352168,7.270467164195563],[80.62286073637193,7.27045795658597],[80.62291816187837,7.270429580894615],[80.62292807677727,7.270421310777105],[80.6229861031635,7.270372903147625],[80.62303502989177,7.270358920174209],[80.62304615297774,7.270355742596023],[80.62313191897776,7.270343925215845],[80.62313853643585,7.270343807180078],[80.6231406538046,7.270343770819266],[80.62313115141396,7.270187768910046],[80.62314898760468,7.270174796373114],[80.62314965398434,7.270121834250294],[80.62321902388045,7.270106413087275],[80.62322681919714,7.270104679457519],[80.62326313591059,7.270098813749602],[80.62334627182865,7.270105984910657],[80.62340563218423,7.270118940100236],[80.6234637220433,7.270131616328134],[80.62349869261972,7.270137572108294],[80.6235105402531,7.270139589987006],[80.62360164185061,7.270150111518963],[80.6236609597811,7.270154652116016],[80.62368172246177,7.270153825340901],[80.6237030593177,7.270152975246289],[80.62371049823666,7.270152679330915],[80.62372018790374,7.27015159742911],[80.62373033479085,7.27014282910035],[80.62373776801333,7.270121852663386],[80.62374501772868,7.27010792882835],[80.62375462051585,7.27009861773366],[80.62382591156035,7.270041941888763],[80.62386015625397,7.270009036757454],[80.6238866061195,7.269995209808342],[80.62389991659037,7.269996479405433],[80.62389032639598,7.26997115567891],[80.62408027185205,7.269930063756444],[80.62410234991627,7.269925287405401],[80.62418739511473,7.26990216668994],[80.62420568541926,7.269898661417656],[80.6243042284484,7.269879778255149],[80.62431804771849,7.269878833370959],[80.62427054988699,7.269678279063533],[80.62420719020577,7.269412727123785],[80.62416279529634,7.269168665986309],[80.62425610592304,7.268976152960494],[80.62443733912158,7.268837147186318],[80.62463886583808,7.268718519376792],[80.62461588854227,7.268699044742228],[80.62450236643802,7.268570595612589],[80.62445139584757,7.268522900031615],[80.62444359363668,7.268515597878303],[80.62433279737373,7.268411923924457],[80.62419880850811,7.268277589884116],[80.62414595296413,7.26818271068707],[80.62414334395,7.268131344456633],[80.62414263808274,7.268076001737225],[80.62414392500717,7.267987123583475],[80.62414393612305,7.267986385675376],[80.6241373390532,7.267944875016324],[80.62410724830981,7.267938385578612],[80.62409450622184,7.267935637642986],[80.62408902650238,7.267935038058272],[80.62405882601234,7.2679317353468],[80.62403573264282,7.267931728494731],[80.62398492723064,7.267931711426572],[80.62396952606724,7.267932152073128],[80.62395984305982,7.267932426440378],[80.62390314907802,7.267933040396687],[80.62386284244003,7.267954821467788],[80.62384635451994,7.267966028384543],[80.62382397673863,7.2679924283346],[80.62375339385618,7.268098478506333],[80.62370990351464,7.268159051311398],[80.62368850718471,7.268178075179429],[80.62366170990762,7.268201899984626],[80.6236366221388,7.268207859940373],[80.62357330929218,7.268236866761019],[80.62351724542582,7.268254029637876],[80.6234479565851,7.268279688502856],[80.62336092395145,7.268286350089338],[80.6233206255028,7.268281092433928],[80.62322889191422,7.268265959594546],[80.62320381036815,7.268250849252921],[80.62319254918985,7.268236761824161],[80.62314683335497,7.268218011921547],[80.62298676510663,7.268080053312189],[80.62289413594202,7.267942086728382],[80.62279877690052,7.267906595796845],[80.62276331464784,7.267884954652251],[80.62268084503373,7.26787704028022],[80.62249397932996,7.267780076258936],[80.62244910947102,7.26765475619719],[80.62240648687201,7.26760277411173],[80.62233806361613,7.26750946381796],[80.62220645276844,7.267415283803821],[80.62208025886378,7.267370459775426],[80.62206407822136,7.267205631365123],[80.62200168057922,7.267206694392613],[80.62197369883168,7.267198365274606],[80.62195735875616,7.267177023571575],[80.62193595308682,7.267149067874894],[80.62187228682667,7.267030402457455],[80.62186028141389,7.267008029512681],[80.62185884239354,7.267005347762138],[80.62179745393304,7.266965808776015],[80.6217486477485,7.26694869989748],[80.62170628457213,7.266943599650411],[80.62170572311075,7.266943531636179],[80.62170642620646,7.267006109688703],[80.62169968332265,7.267023574918735],[80.62169789046979,7.267022768572786],[80.62120096441811,7.266799311807996],[80.62085484226019,7.266706009302193],[80.62051361195523,7.266569342335641],[80.6202251508072,7.266387145319049],[80.61960738307792,7.266077709248424],[80.61938591097584,7.265614313612446],[80.61932404362211,7.26553631229052],[80.61903176495943,7.265152685004924],[80.6190156053403,7.265133872598148],[80.61875389945146,7.264868447318323],[80.61872195637179,7.264850799586736],[80.61849317670739,7.264578964139469],[80.61826053170253,7.264331737855349],[80.61774097100252,7.264358521938964],[80.61771556569954,7.264376841481553],[80.61772931523825,7.26439093714768],[80.61776530397316,7.264464432534853],[80.61777320614883,7.264480568073142],[80.6177660711251,7.264510657185345],[80.61774857593753,7.264584435911982],[80.61774436494063,7.264602187727759],[80.61774278405645,7.264603856519468],[80.61771600777655,7.26463210935713],[80.61770295928781,7.264656431464831],[80.61762994786284,7.264710030224156],[80.61762545356426,7.264711835450253],[80.61762540465435,7.264711854423521],[80.61751944716904,7.264754392855099],[80.61736855077825,7.264813571882099],[80.617401396032,7.264894971616327],[80.61741457793852,7.264926586165734],[80.61745867327006,7.265032354487885],[80.61751136346447,7.265097897871645],[80.6175424044024,7.265136510745444],[80.61758585683647,7.265190561710011],[80.61760564413645,7.265320788346561],[80.61756121142753,7.265440660837699],[80.61754916980394,7.265473144631387],[80.61751154990245,7.265580471385426],[80.61744005529461,7.265698277094512],[80.61728254206528,7.265773098216386],[80.61716036787007,7.265791141425567],[80.61707135523154,7.265763891546062],[80.61705455540047,7.265765654464144],[80.61700524178164,7.265770831462516],[80.6169408412897,7.265835629309433],[80.61689662057998,7.26588012358456],[80.61684692042574,7.265915611778387],[80.61683037260386,7.266193949668583],[80.61677744245216,7.266433675466059],[80.61665023114801,7.266541076412029],[80.61656639167452,7.266712669210142],[80.61656412447118,7.26671903289908],[80.61652745187475,7.266835566605696],[80.61639454739709,7.266889972382448],[80.61626629502278,7.266962387155794],[80.61598981431264,7.267044979888039],[80.61586852796513,7.267058418341017],[80.61577304773195,7.267047584448664],[80.61583189756456,7.266866704810319],[80.61577240100632,7.266859178030294],[80.61567097659925,7.266845034070752],[80.61566356789243,7.266844556686602],[80.61561881499391,7.266841670569298],[80.6155726359728,7.266820312640661],[80.61549534133188,7.266769355769563],[80.61545556588068,7.266743133139419],[80.61542653454033,7.266707194865207],[80.61534444098308,7.266605574476564],[80.615178397895,7.266530707907267],[80.61506794449308,7.266463422834113],[80.6149349175595,7.266421808300666],[80.61484107186597,7.266457355613429],[80.61479843670968,7.266658804754081],[80.61483915365264,7.266741668818397],[80.6148007820917,7.266839276509934],[80.61473748944398,7.266934958194359],[80.61463013789933,7.266948319894277],[80.61436134625313,7.266892671708174],[80.61412245184522,7.266806892724547],[80.61378371859958,7.266675227853685],[80.61366266288817,7.266568786829239],[80.61361102727948,7.266490536118845],[80.61358946922374,7.266401890378635],[80.61355016454826,7.266328680151493],[80.61348528441194,7.266267759263574],[80.6134391845084,7.266261026446901],[80.61330198499157,7.266344209225463],[80.61309394059647,7.266457685043453],[80.61304922110729,7.266482825758355],[80.61292894298258,7.266478200331545],[80.61286163967988,7.266539460711068],[80.61280655084482,7.26658960255407],[80.61277868935197,7.266614960927015],[80.61276609890947,7.266626420238929],[80.61275210300515,7.266647726906379],[80.61269902711645,7.26672850816133],[80.61267683626981,7.266762282211437],[80.6126574562007,7.266791778111698],[80.6126530969399,7.266798199804524],[80.61260327759454,7.266871560605382],[80.61259538724889,7.266883181670814],[80.6124935122381,7.266863250203537],[80.61248258224595,7.266855936771143],[80.612419812662,7.266813938137928],[80.61238712900979,7.266756040966471],[80.61229032098896,7.266783511246156],[80.61223459948931,7.266787479967968],[80.61215499595683,7.266783790536123],[80.61215223052442,7.266732998437894],[80.61190478129838,7.266724312477638],[80.61190391715105,7.266717353550774],[80.61190910662098,7.266639404491782],[80.61191110511793,7.266610081374648],[80.61191928393234,7.266490068828374],[80.61192361507551,7.266426497879083],[80.61162496102415,7.266394055243363],[80.61160822630376,7.26640342317278],[80.61148435656516,7.266433504122077],[80.61137999757149,7.26641612525702],[80.61131610339373,7.266388964776669],[80.61135237897489,7.266259575797449],[80.61135751848873,7.266239364680872],[80.61109845308759,7.266221042327254],[80.61105191749867,7.266212183093226],[80.61088436380975,7.26612744575761],[80.61071053325469,7.266124555458366],[80.61054962540717,7.266174818429514],[80.61040115325511,7.266287387862191],[80.6103888906448,7.26629378132059],[80.61028956977383,7.266377285401615],[80.61028332613,7.266380591056684],[80.61007733786383,7.266491025959953],[80.60988674251261,7.266563999327841],[80.6097496829496,7.266629143835351],[80.60964713639923,7.266672453927279],[80.60949274589787,7.266671418697664],[80.60936908257872,7.266544150392758],[80.60936474902685,7.266539691487064],[80.60931602752358,7.266495842877166],[80.60925240103548,7.266413642700431],[80.60919866615241,7.266384223100856],[80.60916870899216,7.266379862361568],[80.60911772871654,7.266361034062052],[80.60909056139813,7.266357678122765],[80.60903404387469,7.266373934733879],[80.60897716627927,7.266389196471546],[80.60890199248269,7.265800252151575],[80.6087921897054,7.265752106293108],[80.60865016586949,7.265723834123563],[80.60811773095891,7.265584604880511],[80.60800515203994,7.265508779798602],[80.60793935152991,7.265429047383154],[80.60770491735377,7.265385032857849],[80.60764532475396,7.26541013947395],[80.60766057688558,7.265420561813738],[80.60767922137546,7.265448205154414],[80.60769108021002,7.265465787407828],[80.60770891138836,7.265488764240812],[80.60770967118663,7.2654912314622],[80.60774201597285,7.265596297283424],[80.60772018975678,7.265600992450496],[80.60761375948987,7.265655302393448],[80.6075243974956,7.265682579096652],[80.60745960587641,7.265702357406632],[80.60736794606991,7.265732708757793],[80.60732537895997,7.265738569963841],[80.60725210830024,7.265757623450279],[80.60710294068858,7.265790847074961],[80.60701636820653,7.265824670063131],[80.60690892904046,7.265866645670982],[80.60692006649263,7.265597856594108],[80.60683387104802,7.265425553749653],[80.60665659627449,7.265324995884232],[80.60654155066155,7.265411088604905],[80.60632104973897,7.265564134358423],[80.60606427902513,7.265466150851887],[80.6060161892108,7.265261092931991],[80.60593924040336,7.26526456006746],[80.60588127995948,7.265264809581176],[80.6058301463584,7.265259440506061],[80.60582888579046,7.26525930800395],[80.60581471888986,7.265257820525646],[80.60575006920389,7.265230214974181],[80.60573682138721,7.265221837049939],[80.60573469641278,7.265220493360702],[80.60570588657774,7.265202275286707],[80.60568446843153,7.265188731621378],[80.605672657487,7.265181263060425],[80.60560258226586,7.26512969141641],[80.60556295028755,7.265092400221788],[80.6055080695404,7.265040762843785],[80.60549690929606,7.26503686832901],[80.60546700980086,7.265026439496155],[80.60543436303064,7.265015052873688],[80.60537277550854,7.265027599477851],[80.60530384192968,7.265068085363113],[80.60524432431255,7.265119789051017],[80.60518146516043,7.265144634574463],[80.60509813230212,7.265187376655859],[80.60499750091311,7.26523101649058],[80.60485865431436,7.265274641857062],[80.60484659499011,7.265277393613483],[80.60482333765586,7.265282703025947],[80.6048837144568,7.265430110058611],[80.60463500239884,7.265897259378038],[80.60468814940546,7.265930830943313],[80.60479771949413,7.265958634498266],[80.60482290853393,7.265972459965155],[80.6048630000344,7.265994468676834],[80.60445945954706,7.266794914312086],[80.60439139132947,7.266926056742864],[80.60541107544178,7.267225745694152],[80.60534806529137,7.267342594052073],[80.60518275387565,7.267637823670388],[80.60512959927101,7.267769582242349],[80.60505864780913,7.267904935922975],[80.6050032428301,7.267978905958907],[80.60492842112194,7.268062900984082],[80.60483987817958,7.268130518402708],[80.6047540864197,7.268176847745934],[80.60467159891105,7.268231245609427],[80.604603648821,7.268327532655309],[80.60452193894011,7.268468390276828],[80.60449697402899,7.268565050790992],[80.60436752289141,7.269066301987671],[80.60446423225052,7.269155488450792],[80.60471169918087,7.269409049240815],[80.60482810275585,7.269528318387076],[80.60494859822761,7.269651780494828],[80.60500006302301,7.269704514473764],[80.60501577203131,7.2697187604674],[80.6052482739816,7.269929605093503],[80.60525001671273,7.269931185568287],[80.60531520301195,7.26999030364298],[80.60560829500298,7.270276141266004],[80.60573125100281,7.270396054709098],[80.60585848096107,7.270520133137354],[80.60591181001465,7.270572143369962],[80.60600842029757,7.27066636011136],[80.60602876497855,7.270686203638668],[80.60605264664855,7.270709492983404],[80.60606188878579,7.270718546718197],[80.60611485616668,7.270766741537967],[80.60613308201188,7.270783322444666],[80.60613693504176,7.270786828064979],[80.60614883996263,7.270797660657284],[80.60617375248285,7.270820328222497],[80.60626604576531,7.270726782890489],[80.60634155720288,7.270639479977634],[80.60639789021228,7.270576095906433],[80.60652134802633,7.270428994917353],[80.60657407486246,7.270394321992089],[80.60664118076396,7.270356063456968],[80.60669270587678,7.27034053144661],[80.60673104419963,7.270336957519285],[80.60676458367975,7.270354914149494],[80.60689394545344,7.270433919922316],[80.60694664357605,7.270478203436127],[80.60702090964028,7.270516513037244],[80.60707960925956,7.27053208625663],[80.60712410881003,7.270542401072198],[80.60719222042013,7.270553662457209],[80.60731322484448,7.270553708499298],[80.60749653096354,7.270553776815698],[80.60755950844222,7.270548448605053],[80.60768843976972,7.270514653057492],[80.60775434523607,7.270484769563156],[80.60779628091072,7.270475812664168],[80.60785019042957,7.270484805199393],[80.60787412586117,7.270553602610637],[80.60790102346574,7.270715115682609],[80.60794291214677,7.270834762384088],[80.60803271900419,7.270960409745379],[80.60814345899385,7.271184760477745],[80.6081540724899,7.271205483804493],[80.60815516940686,7.271204943438399],[80.6081790678774,7.271193190942032],[80.60824363626999,7.271203434420443],[80.60832142962883,7.271206175269606],[80.60834802635034,7.271205559350642],[80.60835551233826,7.271205386690421],[80.60848308386213,7.271202437093827]]]]}},{"type":"Feature","properties":{"GND_N":"Mahanuwara","GND_NO":"257","GND_C":"120","PROVINCE_N":"CENTRAL","PROVINCE_C":"2","DISTRICT_N":"KANDY","DISTRICT_C":"1","DSD_N":"GANGAWATA KORALE","DSD_C":"30","Admin_Code":"2130120","GND_NO_Cen":"257","GND_NAME_C":"Mahanuwara","GND_NO_Gaz":"257","GND_NAME_G":"මහනුවර","shape_1":"Polygon","Area__Ha_":61.5479799251,"MWS_ID":"116","Alt_MWS":null,"Total_Pop":1190.0,"Density":1933.45094583,"Area_Sqkm":0.61547979925},"geometry":{"type":"MultiPolygon","coordinates":[[[[80.63670279278763,7.302077424645604],[80.63681556546557,7.302031972180371],[80.63690310440369,7.302037027153353],[80.63694942425518,7.302039701013822],[80.63708200222044,7.302091919303749],[80.63723640382106,7.302152736062337],[80.63737614752915,7.302167338380851],[80.63749968380388,7.30216755635173],[80.63765700202606,7.302165978776273],[80.63758050153731,7.302067205394036],[80.63757836119942,7.301959140544046],[80.63756653169848,7.301845464228572],[80.63756232983874,7.301811385187473],[80.63755009107068,7.301712075404922],[80.6375478593356,7.301600846369359],[80.63754608687411,7.301471711373091],[80.63754648387098,7.301359125785937],[80.63754471332207,7.301291335984151],[80.6375437089733,7.301252958869266],[80.63750650667356,7.301186029015953],[80.6374704742921,7.301169788409505],[80.63746675242504,7.301168111591352],[80.63739135806647,7.301127766430926],[80.63738973662724,7.300949640869219],[80.63737185920968,7.300647565641902],[80.63727300685858,7.300659497322617],[80.63727006072277,7.300500983871173],[80.63735396153203,7.300405303712061],[80.63779129210631,7.300387494043104],[80.63792008718218,7.300408469064971],[80.6379479956258,7.300733583567959],[80.6379593556821,7.300751252607744],[80.63827971592775,7.300830999881415],[80.63843793720557,7.300588191351995],[80.63851037353439,7.300350703725273],[80.63861342060684,7.300180010004715],[80.6390011727306,7.299888954309539],[80.6394485964173,7.299928493374952],[80.63947749074796,7.299469114389694],[80.63972550512408,7.299479957030174],[80.63973671453884,7.299110726252192],[80.63978697139996,7.29905875397396],[80.64029103891428,7.29852494498839],[80.64016721980315,7.298400088521981],[80.64013953880817,7.298348080937693],[80.64009658482367,7.298243677039869],[80.6400469237233,7.298171003109767],[80.63997916260527,7.297948629894587],[80.63998855593336,7.297905151124031],[80.63995356791291,7.297581127847979],[80.63996401055857,7.297317554672001],[80.64013143828035,7.297132823505633],[80.64022829134396,7.297017717728531],[80.64025638245164,7.296980120745693],[80.6403523703145,7.296826721961747],[80.64062496004428,7.29668658178855],[80.6408379123372,7.296338816345301],[80.64118775091448,7.296095264783363],[80.64136829396503,7.295918800578381],[80.64162654152707,7.295720733062637],[80.6416660059539,7.295664952030608],[80.64179454044874,7.29545384907965],[80.64182808840305,7.295187579733582],[80.64183224535489,7.295154583848523],[80.64183399019468,7.295110433568496],[80.6422776758231,7.295081374529583],[80.64262566359692,7.293304941157676],[80.64267814186196,7.293103826042503],[80.64240082744405,7.292655546756691],[80.6423965046049,7.292658806393629],[80.64234882383155,7.292694754597767],[80.64234305883772,7.292699099875012],[80.64208316383501,7.292895044068643],[80.64186688555779,7.292994851031582],[80.64183053678371,7.293011624084997],[80.64173298592043,7.293047585409614],[80.64164636894766,7.293072401719931],[80.64154821269554,7.293100523417843],[80.64146841846375,7.293112164220046],[80.6411426359914,7.2931541178856],[80.64101665280363,7.293167373437576],[80.64086386504147,7.293169407558241],[80.64086218682364,7.293169422428303],[80.6407975668298,7.293170008934846],[80.64072882782101,7.293170632176882],[80.64057043205483,7.293151866443299],[80.64041366441447,7.293140064279697],[80.64027510313414,7.293114608946569],[80.64009624301495,7.293080192438319],[80.63993042004851,7.293060879851693],[80.63974268396976,7.293027817884356],[80.63950440314368,7.293024760694722],[80.63949041224214,7.293024957213637],[80.63932861028826,7.293027239482745],[80.63916812429825,7.293029452461997],[80.63898852761385,7.293031929963131],[80.63897630097303,7.293032096256009],[80.63887839818307,7.293033431985707],[80.63885623715956,7.293033767975425],[80.63884325880052,7.293033964782329],[80.63879633056604,7.293039454996169],[80.63867669861504,7.293053447931223],[80.63852544373543,7.293077727589035],[80.63840545830375,7.293057039410199],[80.63834785055693,7.293047107042979],[80.63828862015377,7.29304799416113],[80.63820311530729,7.293048730361269],[80.6381669879021,7.293049041249014],[80.63802941464532,7.293050898202952],[80.63793006093837,7.293052315574669],[80.63788987876615,7.293052845848382],[80.6378096973679,7.293053905536862],[80.63780273487744,7.29302044418308],[80.63779893296467,7.293008325354323],[80.63779051416873,7.292998375437874],[80.63774143968723,7.292953145228828],[80.6376872070005,7.292900408619511],[80.63765080902444,7.292867661674293],[80.63764519649732,7.292859068166933],[80.63763569341856,7.292837994985146],[80.63760665130873,7.292740592612811],[80.63757217491225,7.292646987547765],[80.63755010019464,7.292567130793472],[80.63753191655934,7.292498037345922],[80.63749980104585,7.292384626950394],[80.63746949793631,7.292264887890735],[80.6374256876677,7.292189183341569],[80.6373803438948,7.292084813712229],[80.63732684834622,7.291994637323636],[80.6372695447919,7.291906359698267],[80.63722518942814,7.291853959761189],[80.63720997427188,7.291835986572369],[80.6371694092971,7.291806584228439],[80.63712412881753,7.291799607149303],[80.63707814771706,7.291800235040159],[80.6370527598464,7.291800580799985],[80.63702894292551,7.291810973851711],[80.63699705538744,7.291824888483986],[80.63692703105289,7.291873608836318],[80.63687103292388,7.29196592182608],[80.63686530266962,7.291977862286458],[80.63683324115154,7.2920446749751],[80.63674581697904,7.292128567322704],[80.6366697131533,7.292219967963267],[80.63658682601367,7.292281525390893],[80.63650611444095,7.292330875382497],[80.63645502439853,7.292366490023724],[80.63640565569366,7.292391523940121],[80.6363149924942,7.292411932208678],[80.63624534407501,7.2924191450509],[80.63614018066984,7.292432054828751],[80.63612262082992,7.292434209761664],[80.63601131126951,7.292442132179078],[80.63586930128588,7.292444078435957],[80.63574250532159,7.292450096936948],[80.63561824888089,7.292447345356534],[80.63546863181621,7.292444586742456],[80.63535524120786,7.292446088701274],[80.63521957186188,7.29244794539721],[80.63511252163842,7.29244438427283],[80.63502820721146,7.292432783742821],[80.6349402682574,7.29242705912941],[80.63482766868627,7.292424465614507],[80.63478902303731,7.292423575434407],[80.63467599647097,7.292416575983119],[80.63453172405416,7.292413003957307],[80.63442159387338,7.292414507609328],[80.63431526754322,7.292415920190922],[80.63413512459074,7.292431147174537],[80.63399836751066,7.292433093592047],[80.63397365604001,7.292390764423043],[80.63394620964168,7.29240513329204],[80.63391957825999,7.292419775515691],[80.63385852361642,7.292461715032459],[80.63382220717423,7.29248430754274],[80.63383296867254,7.292503395348766],[80.63388564193208,7.292628568407966],[80.63394102368042,7.292766491179337],[80.63400347094937,7.292906226583844],[80.63403297541042,7.292988261591726],[80.6340644597564,7.293075802618127],[80.63408978097516,7.293194997736224],[80.63410157079754,7.293258856096657],[80.63412070214017,7.29336248439947],[80.63412798131506,7.293404654342882],[80.63416274092936,7.293606026446364],[80.63418877217556,7.293765643223431],[80.6342112926055,7.293949612679721],[80.63421813184824,7.29400547453518],[80.63424676683124,7.294237256413695],[80.63427723162387,7.294419211766157],[80.63431791838538,7.294636980728941],[80.63433275726466,7.294713670290427],[80.63421690845861,7.294722585560917],[80.6340602221158,7.294736191223925],[80.63389423413322,7.294747984389704],[80.63389861279822,7.294851982425552],[80.63389930646976,7.294989701662714],[80.63389937983807,7.295003995099197],[80.63390514569778,7.29509750275206],[80.63393436895792,7.295195628839727],[80.63395563814159,7.295240669832596],[80.63401402930157,7.295322798038887],[80.63405123835015,7.295365222474028],[80.63408645916202,7.29539706503075],[80.63416332506235,7.295479924285722],[80.63423376404349,7.295552108018062],[80.63429696400813,7.295604035789397],[80.6344874577972,7.295578961444235],[80.63450018419213,7.295651484210889],[80.63453843486522,7.295834798436941],[80.63455549832626,7.296008792593184],[80.63457962897391,7.296173654601002],[80.6345955271557,7.296303517498184],[80.63462735705602,7.296462503044042],[80.63466724448804,7.296631168964496],[80.63470432797509,7.296791151788772],[80.63473879849954,7.296902481386581],[80.63482468725525,7.297094582252282],[80.63486631904674,7.297188643705598],[80.63491944758813,7.297299980036896],[80.6349778316087,7.297403360140751],[80.63507332964029,7.297570143483453],[80.63516640366771,7.297660422019081],[80.63524099993512,7.297762449797665],[80.63529386488901,7.29785126976366],[80.63535903846031,7.297964960992502],[80.63539741858733,7.298031529668025],[80.63549074728094,7.298182577374997],[80.63550835919106,7.298214468588955],[80.63557979982974,7.298343829693009],[80.6355825246867,7.298342039118172],[80.63561277004635,7.29838825390241],[80.63568427728995,7.298519127909559],[80.63572852564329,7.298582147187125],[80.63576195045908,7.298629748343474],[80.63581698936883,7.298715313434794],[80.63586116050601,7.298799517780162],[80.63587757114244,7.298829741071489],[80.6359304065277,7.298927046028556],[80.63600842696361,7.299086227595438],[80.63603461171417,7.299195117420816],[80.63604424387614,7.29923517741558],[80.63606385891188,7.299364046674823],[80.6360668852375,7.299531252318702],[80.63606713149478,7.299548978540773],[80.63606918919238,7.299697283047504],[80.63606287928896,7.299796050858391],[80.63598323211683,7.299799488683162],[80.63596948701397,7.299800769424745],[80.63573588040647,7.299818437355436],[80.63574298921493,7.299922596270583],[80.63568168961999,7.299925419402703],[80.63559206581537,7.299933239918913],[80.63557033887898,7.300450043135667],[80.63567171392663,7.300474624745618],[80.63576681780208,7.300502741108938],[80.63570580407568,7.300654197357096],[80.63570412467296,7.300660814522206],[80.63570276560165,7.300662537700083],[80.6356988569134,7.300667491157813],[80.63560938207058,7.300832782496139],[80.63560557755322,7.300837674492823],[80.63559598532287,7.300852408925921],[80.63559025257015,7.300857375378506],[80.63552810244374,7.300932448401231],[80.63556459760197,7.300960075382491],[80.63557754666454,7.300967405177314],[80.63559049555774,7.300972381975773],[80.63562943334345,7.30098270226145],[80.63565524811736,7.3009887709442],[80.63566240275088,7.30098976700248],[80.63568078931529,7.300989231054058],[80.6357442789714,7.300986537017892],[80.63584056614468,7.30094388389963],[80.6359067860092,7.300899051081832],[80.63598645175534,7.300868623457195],[80.63599999160705,7.300863451436775],[80.6360878443355,7.300863478737456],[80.63617106740104,7.300894793462509],[80.63623819858994,7.300927746297219],[80.63622712591776,7.300961749169848],[80.63620725511957,7.301022763550375],[80.63616636952837,7.301147996802112],[80.63612483398911,7.301327307156885],[80.63608881303693,7.301422742418726],[80.63607633772321,7.3014557935241],[80.63604033221385,7.301617833401822],[80.63602366327176,7.301669185386693],[80.63598412539937,7.301790989918999],[80.63592818638551,7.301979428323452],[80.63592435195254,7.301993096571892],[80.63588448253635,7.302135226099222],[80.63577848974354,7.302467751359673],[80.63577555332779,7.302476967099134],[80.63576109789665,7.302522320615947],[80.63573460398804,7.302677852440408],[80.63566245482613,7.302851274324722],[80.63556963724325,7.303089800451418],[80.63553493116113,7.303147394614447],[80.63549596870719,7.303200825845087],[80.63548540191148,7.303212614655147],[80.6354334635891,7.303532052425156],[80.63556208295145,7.303494745765389],[80.63560663375591,7.303478319436215],[80.63571009135738,7.303440171119688],[80.63582548920776,7.303400418646421],[80.63596734094676,7.303336165958697],[80.63605015933048,7.303313194386332],[80.63610248307478,7.30329867940663],[80.63625556775628,7.303220867384034],[80.63636400441364,7.303143040559157],[80.63640006873342,7.303086080667773],[80.63642036886344,7.303045573292748],[80.6364269066983,7.30299140848725],[80.63640322253464,7.30284671179507],[80.63639766626886,7.302831634440605],[80.63635426497007,7.302713855438507],[80.63635328781639,7.302699013718064],[80.63634777552643,7.302615374851815],[80.63634772496057,7.302588682530551],[80.63634746379978,7.302449976869286],[80.63643426827929,7.302329822844517],[80.63656735735388,7.302188701501986],[80.63658723601873,7.302172367809314],[80.63670279278763,7.302077424645604]]]]}},{"type":"Feature","properties":{"GND_N":"Malwatta","GND_NO":"254","GND_C":"140","PROVINCE_N":"CENTRAL","PROVINCE_C":"2","DISTRICT_N":"KANDY","DISTRICT_C":"1","DSD_N":"GANGAWATA KORALE","DSD_C":"30","Admin_Code":"2130140","GND_NO_Cen":"254","GND_NAME_C":"Malwatta","GND_NO_Gaz":"254","GND_NAME_G":"මල්වත්ත","shape_1":"Polygon","Area__Ha_":248.182429917,"MWS_ID":"116","Alt_MWS":null,"Total_Pop":2184.0,"Density":879.997830922,"Area_Sqkm":2.48182429917},"geometry":{"type":"MultiPolygon","coordinates":[[[[80.64165023185517,7.293026255366152],[80.64166016452137,7.292907602872535],[80.64163632334741,7.292835677424084],[80.64172219820591,7.29278162838258],[80.64180100976752,7.292718259279553],[80.64184494689172,7.292675047559464],[80.64186288554089,7.292656875495078],[80.64187557219013,7.292632643034665],[80.64187983620614,7.292611032356526],[80.64188602296261,7.292513550291235],[80.64188283158319,7.292285212733175],[80.6418821233437,7.292230593501047],[80.64188947192461,7.292185198751726],[80.64191631286762,7.292077413768651],[80.6419424208525,7.291988709367426],[80.6419550286845,7.291928034356681],[80.64196699731194,7.291884902641717],[80.64197688913364,7.291817805363867],[80.64198251742366,7.29177376836429],[80.64199538886841,7.291737146996944],[80.64201985246407,7.29170197776819],[80.64206632987737,7.291649633312689],[80.64208879407475,7.291634627644035],[80.64211823117967,7.291622156094459],[80.64217085776292,7.291601283213436],[80.64220808410425,7.29159026175973],[80.64226333229053,7.291582591571742],[80.64234810603116,7.291572578037091],[80.64238270066946,7.291573131777234],[80.6425577601304,7.291598594550941],[80.64264062540704,7.291613721841295],[80.64270121449877,7.291614642253744],[80.64272657689345,7.291602442559153],[80.64277749337329,7.291542411857123],[80.64280367828835,7.291505161386433],[80.64280983627859,7.291485684508903],[80.64325004985542,7.291590593270196],[80.64324736717748,7.291498872595306],[80.6432441381194,7.291392705510933],[80.6432424450952,7.291298748784111],[80.6432486107279,7.291274786556954],[80.64326854659792,7.291240157602462],[80.64332127588118,7.291171716443078],[80.64334936645143,7.291121536768324],[80.64338225831777,7.291067107373036],[80.64342692291774,7.291015936929391],[80.6435350825712,7.290938831628632],[80.6436426222246,7.290814159753724],[80.64367641794554,7.290768773635911],[80.64388929865868,7.290600635601031],[80.64396176988575,7.290540248447385],[80.64416005526259,7.290422476618199],[80.64429972800353,7.290358673603061],[80.6445172100932,7.290252119679854],[80.64477308558033,7.290168907857216],[80.64497861648034,7.290049236923046],[80.64515680784837,7.289886152291799],[80.6454061908834,7.289707353326659],[80.64549206698457,7.289645433389423],[80.64558002197535,7.289591472812917],[80.64573489507552,7.289577320010445],[80.6458186693115,7.289577072007151],[80.64602550576123,7.289635550590793],[80.64609587587158,7.289639368039121],[80.64617160548511,7.289584408186],[80.64623775419136,7.289466144306214],[80.64624456624453,7.289395249762967],[80.64624196972967,7.289288450752049],[80.64623947227483,7.289158501594957],[80.64625544804794,7.289036696485374],[80.64631009137692,7.288923673337347],[80.64636129246617,7.28881616544478],[80.64640161053214,7.288763909183086],[80.64647000186694,7.28871346868447],[80.64650002679583,7.288702905996668],[80.64656188816363,7.288681139983584],[80.64650828149969,7.288503138633963],[80.64649905156158,7.288475917346225],[80.64644638707357,7.28831909595648],[80.64641522030584,7.28823789951894],[80.64641160127279,7.288228471112809],[80.6463909106133,7.288174572282719],[80.64636783612362,7.28810855147935],[80.64625115074524,7.287919065392116],[80.64624562787697,7.287910111196407],[80.6461660579369,7.287778964257969],[80.64610301788257,7.287802548434914],[80.6460268428324,7.287836076159147],[80.64595067317775,7.28784464508913],[80.64591266009978,7.287837270382116],[80.64584190913935,7.28782354343969],[80.64579980258878,7.287800110725135],[80.64576196646067,7.287729021529423],[80.64574341014227,7.28769528564227],[80.64566963240756,7.287578698676678],[80.64566683925567,7.28756962860756],[80.64563977273826,7.287481749593044],[80.64558074406274,7.287417255674132],[80.64551111211131,7.287367679691964],[80.64544916721142,7.287359432604307],[80.64532572441699,7.287363013171468],[80.64528230284103,7.28738034242295],[80.64525733989473,7.287390303328201],[80.6451924723525,7.287463262736143],[80.64516269504286,7.287513196081061],[80.64500257493566,7.287394661407031],[80.64481886335331,7.287232556794635],[80.64470569332438,7.287103388396141],[80.64453478953628,7.286812153731672],[80.64450799516403,7.286767021167081],[80.64448057378924,7.286698104326037],[80.64443376345564,7.286655951027853],[80.64432709535379,7.286595059362632],[80.64414120645164,7.286441455202826],[80.64406710966763,7.286300061931424],[80.64404675441206,7.286224745564549],[80.64404252741498,7.286160877877749],[80.64425196920689,7.285876980479045],[80.64425137596044,7.285771980693617],[80.6442160687979,7.285552653210857],[80.64411200258385,7.285319988853846],[80.64376577496171,7.285150499671632],[80.64376582790923,7.284973444245511],[80.64381383412145,7.28469591030229],[80.64374032580295,7.283693851433632],[80.64378496564335,7.283459200385177],[80.643789291674,7.283272123798067],[80.64377866307933,7.283172948396012],[80.64381216129203,7.281902986419627],[80.64393319136467,7.280459247282143],[80.64435583198427,7.279827716191039],[80.64447718678197,7.279431224198582],[80.6445090463998,7.279332374962494],[80.64454113691276,7.279348392295501],[80.64459800335189,7.279376261410604],[80.6447235898263,7.279153930483266],[80.64476192690208,7.279060074868193],[80.64485219089221,7.278845148021489],[80.64488672728717,7.278740710028178],[80.64488828400957,7.278685006254888],[80.64489008197437,7.278653011595162],[80.64489010382017,7.27865263269812],[80.64488784559678,7.278629300997887],[80.64488350408038,7.278616366380808],[80.64487834230705,7.27860876963237],[80.64489809060797,7.2785938534446],[80.64492354233992,7.278580025884848],[80.64504473590108,7.278517030147231],[80.64508386750438,7.278493440061001],[80.64511710739109,7.278484019612873],[80.64522380017239,7.278453782560009],[80.64531147146742,7.278436807022718],[80.64551678893481,7.278412630138311],[80.64563733367436,7.278394308482723],[80.64587481437343,7.278328632256104],[80.64595406485645,7.278305686664286],[80.64605460188581,7.278266017557926],[80.64608937972515,7.278265303215921],[80.64618140376777,7.27822219437209],[80.64624961079119,7.2781898389818],[80.64625911137972,7.278179073257817],[80.64629979893171,7.278132974477696],[80.64639700864608,7.278011192619021],[80.64649240904608,7.277885519902715],[80.64654442020249,7.277793930613275],[80.64657513987856,7.277726839145704],[80.64659272980143,7.277655675449469],[80.64660145032026,7.277563982411166],[80.64660511487742,7.277421012973572],[80.64661466457493,7.277280214646651],[80.64663781886958,7.277066715063851],[80.64664291183264,7.27699862241786],[80.64666939338849,7.276867234603388],[80.64669078251897,7.276805205459932],[80.6467599229593,7.276675185400751],[80.64680649250734,7.276600505004655],[80.64690256399614,7.276346965572191],[80.64692865495621,7.276317220515089],[80.64696670051524,7.276286937193171],[80.64705936845209,7.276207384882693],[80.64712368473829,7.276158300421501],[80.64720141362993,7.276067710402341],[80.64726872350363,7.275994751332634],[80.64737128485336,7.275844304321557],[80.64745319648631,7.275697650391819],[80.64753274897552,7.275572878129172],[80.64762751687991,7.275435993402079],[80.64766051418653,7.275320253638366],[80.64770013754976,7.275155319791324],[80.64772852147792,7.275023750672378],[80.64777138338624,7.274938215653212],[80.6479185464696,7.274783083300188],[80.64811844221568,7.274323981212132],[80.64861436540171,7.273960412804559],[80.64888710911899,7.273582220901757],[80.64929028498489,7.273150743103973],[80.64951713749099,7.272739983865436],[80.64972116479305,7.272119670880651],[80.6500136262478,7.271201667304444],[80.65021954817063,7.270842237378203],[80.6507784773139,7.270372336861042],[80.65124330085106,7.269954074395708],[80.65162896421194,7.269517222477774],[80.65184299767658,7.269065361388363],[80.65191831059533,7.268831114704693],[80.65191503189929,7.268822453278916],[80.65188510011073,7.268743400694945],[80.6516143578228,7.268839468344058],[80.65105876174417,7.269190647446897],[80.65055786960615,7.269429667471159],[80.64998858948755,7.269444986325164],[80.64963706215926,7.269500950569309],[80.64907944879407,7.269256908852892],[80.64859699712326,7.268972618057305],[80.64807410746296,7.268763996564259],[80.64808720963967,7.268541989884126],[80.64787122933676,7.267731564222812],[80.64785147956435,7.267699517306277],[80.64753838458134,7.266893273480298],[80.64747878688271,7.266765018919616],[80.64700522888856,7.266232222462335],[80.64684367197414,7.266079606605182],[80.64654815675227,7.265630823355989],[80.64487481730977,7.264480685403268],[80.64390751833173,7.264280583461086],[80.6430156752441,7.263942121350063],[80.64292853590047,7.263911920896684],[80.64285912951992,7.264277248566805],[80.64258752059159,7.265417291291921],[80.64199792102968,7.266656737586817],[80.64121348343443,7.268444339580829],[80.64046994524705,7.269785016134033],[80.64010348097197,7.271078828020582],[80.63982246377567,7.272051426579805],[80.63972501224852,7.273127209836913],[80.63971816319541,7.273854050314061],[80.63962853791368,7.274443642178925],[80.63958320574088,7.275250085013089],[80.63953878033153,7.275956528343158],[80.63951663003769,7.276907591686036],[80.63954000028669,7.277513788934311],[80.63956556447269,7.278049841784854],[80.63951661399474,7.278146979980313],[80.63945308356223,7.278294814463497],[80.63940015084994,7.278436955931269],[80.63939669341099,7.278492659099637],[80.63939374092305,7.278669089699201],[80.63938931317396,7.278937936991857],[80.63939183992883,7.279263305374763],[80.63938636490002,7.279398949293716],[80.63937653582278,7.27955747258991],[80.63935621679965,7.279670683472151],[80.63932114923105,7.279730448246584],[80.63931144769488,7.279761101209509],[80.63927040397026,7.279820139823244],[80.63917962145175,7.279943912422382],[80.63905857354501,7.280119671484051],[80.63901399437246,7.280189741506464],[80.63899586224056,7.280255749277537],[80.63896558781998,7.280340473355464],[80.6389190006862,7.280458471762113],[80.6389019538441,7.280532256870077],[80.63887498309468,7.280626220310574],[80.63886296869295,7.280668072361507],[80.63881721327645,7.280734253497921],[80.6387776204473,7.280786691085104],[80.6387573111224,7.280858486630489],[80.63874949998173,7.280938425611908],[80.63874847209367,7.281039344693101],[80.63874937074019,7.281062313377028],[80.63876953730768,7.281155825417888],[80.63877584834606,7.2812523174491],[80.63878867839229,7.281348357500591],[80.63878647627592,7.281442042697804],[80.63878138225228,7.281515471516586],[80.63874115828497,7.281561397014522],[80.6386732968061,7.28165406750955],[80.63865779084269,7.281717454483217],[80.63864254697695,7.281806342900423],[80.6385932681173,7.281846840710997],[80.63848888945846,7.282005875951478],[80.63846443519303,7.282011385659138],[80.63840854255979,7.282057036868975],[80.63838596021556,7.282083466400054],[80.6383739361077,7.282097540934482],[80.63836768215826,7.282104860270596],[80.63834166892634,7.282170686551938],[80.63827633094256,7.282306040884855],[80.63823265896966,7.282366977627187],[80.63820720305065,7.28239608843624],[80.63819623536831,7.282423485489614],[80.6381992988235,7.282477925505495],[80.63818994091415,7.282568986027856],[80.63817879963644,7.282592461062533],[80.63817698172501,7.282596291137825],[80.6381395675304,7.282634351801941],[80.63804888794027,7.28271489755589],[80.63798049703365,7.282760995232832],[80.63789860521041,7.282825900093348],[80.63784968157778,7.282888733322187],[80.63780120733551,7.282956813452565],[80.63774024581703,7.282989891393766],[80.63763101046882,7.28303995634435],[80.6375660620493,7.283079546738428],[80.63754341731267,7.28309355559511],[80.63744215687835,7.283297315673547],[80.63728505440022,7.283613449940117],[80.63720465377754,7.283758150874241],[80.63716825070163,7.283823666420335],[80.63712910536303,7.283894821260818],[80.6371081673758,7.283951063404601],[80.63711285816588,7.284011381895906],[80.6371309646536,7.284032819461618],[80.63719053525355,7.28410256049511],[80.63723099763075,7.284168767958147],[80.63723299748595,7.284171160455916],[80.63730088844493,7.284252437520777],[80.63732141891587,7.284340069940235],[80.63729909556287,7.284486468921979],[80.63715720834782,7.284691547563745],[80.63712251374139,7.284723211929],[80.63698397624037,7.284849646977584],[80.63679883727967,7.284999149957374],[80.6366369255207,7.2850991774481],[80.6366307788108,7.285102145282631],[80.63689753761757,7.285579130123532],[80.63684788844567,7.285930764078658],[80.63687293386923,7.286260626440565],[80.63691756521293,7.28642912369108],[80.6369170659717,7.286444490365906],[80.63698438918993,7.286579066041831],[80.63692615209757,7.288291046395756],[80.63676422171864,7.289172902927022],[80.63675866205969,7.289186812109146],[80.63720732960903,7.289257455306896],[80.6372199801975,7.289347618244237],[80.6372342710761,7.289408030105284],[80.63724186443835,7.289454152816725],[80.63724339606208,7.289480106794118],[80.637242573066,7.289505697421462],[80.63723368729627,7.289538883524949],[80.6372211787363,7.289569535559813],[80.63714960686252,7.289653885033771],[80.63707878141972,7.289658474266902],[80.637048532089,7.289661630914686],[80.63701882280945,7.289669760490903],[80.6369604909849,7.289692078804769],[80.63684020289992,7.289745304268519],[80.63673874168414,7.289828107136095],[80.63666653816941,7.289901605599762],[80.63661326330755,7.289968506678859],[80.6365860612214,7.290071951473638],[80.63657768913426,7.290203705876547],[80.63656832766105,7.290307516096489],[80.63656194392982,7.290449580169794],[80.63657639596731,7.290571304764561],[80.63657756582198,7.290575092348389],[80.63661041491748,7.290681549850788],[80.63664154585219,7.29076502666469],[80.63668063648458,7.290872650833002],[80.63672235817897,7.290968339007179],[80.63675982201345,7.291068003892804],[80.63680336437623,7.291133670657272],[80.63687743075228,7.291189850747247],[80.63694851795782,7.291218176461586],[80.63706208340096,7.291233133375123],[80.63717420599295,7.291230905340851],[80.63722383729908,7.291228932959274],[80.63723557437739,7.291227296165117],[80.6372943929055,7.291219097761851],[80.63736883954329,7.291214236513364],[80.63746937242982,7.291202692327297],[80.63748268621741,7.291201250436273],[80.63747779464104,7.291207306861393],[80.63744382009087,7.291243107737943],[80.63744146511281,7.291246814657788],[80.63742794477996,7.291271928431252],[80.63741717835168,7.291291931024116],[80.63741702694122,7.291292461803616],[80.6374128264535,7.29130712288613],[80.63741219078446,7.291312638036489],[80.6374139938588,7.291336512197336],[80.63741399122384,7.291347997752546],[80.63741045555678,7.291362465518404],[80.6374063772825,7.291371416867421],[80.63739731549616,7.291384978631354],[80.63743126025001,7.291442954904253],[80.63743531812902,7.291459037376477],[80.63745686034805,7.29154442559845],[80.63746724403829,7.29159674182898],[80.63748769583374,7.291699793469991],[80.63751120041951,7.291833005465742],[80.6375299559566,7.291965316219529],[80.63753307103786,7.291987285415335],[80.63755848015187,7.292117965038898],[80.63757918485561,7.29223218489707],[80.63760966637017,7.292360877511266],[80.63764005830912,7.292486403225509],[80.63764727045124,7.292594380150389],[80.63764868689003,7.292697470250066],[80.63765644619998,7.292799117219166],[80.63766132930321,7.29282064023023],[80.6376872070005,7.292900408619511],[80.63774143968723,7.292953145228828],[80.63779051416873,7.292998375437874],[80.63779893296467,7.293008325354323],[80.63780273487744,7.29302044418308],[80.6378096973679,7.293053905536862],[80.63788987876615,7.293052845848382],[80.63793006093837,7.293052315574669],[80.63802941464532,7.293050898202952],[80.6381669879021,7.293049041249014],[80.63820311530729,7.293048730361269],[80.63828862015377,7.29304799416113],[80.63834785055693,7.293047107042979],[80.63840545830375,7.293057039410199],[80.63852544373543,7.293077727589035],[80.63867669861504,7.293053447931223],[80.63879633056604,7.293039454996169],[80.63884325880052,7.293033964782329],[80.63885623715956,7.293033767975425],[80.63887839818307,7.293033431985707],[80.63897630097303,7.293032096256009],[80.63898852761385,7.293031929963131],[80.63916812429825,7.293029452461997],[80.63932861028826,7.293027239482745],[80.63949041224214,7.293024957213637],[80.63950440314368,7.293024760694722],[80.63974268396976,7.293027817884356],[80.63993042004851,7.293060879851693],[80.64009624301495,7.293080192438319],[80.64027510313414,7.293114608946569],[80.64041366441447,7.293140064279697],[80.64057043205483,7.293151866443299],[80.64072882782101,7.293170632176882],[80.6407975668298,7.293170008934846],[80.64086218682364,7.293169422428303],[80.64086386504147,7.293169407558241],[80.64101665280363,7.293167373437576],[80.6411426359914,7.2931541178856],[80.64146841846375,7.293112164220046],[80.64154821269554,7.293100523417843],[80.64164636894766,7.293072401719931],[80.64165023185517,7.293026255366152]]]]}},{"type":"Feature","properties":{"GND_N":"Ihala Katukele","GND_NO":"258","GND_C":"115","PROVINCE_N":"CENTRAL","PROVINCE_C":"2","DISTRICT_N":"KANDY","DISTRICT_C":"1","DSD_N":"GANGAWATA KORALE","DSD_C":"30","Admin_Code":"2130115","GND_NO_Cen":"258","GND_NAME_C":"Ihala Katukele","GND_NO_Gaz":"258","GND_NAME_G":"ඉහළ කටුකt","shape_1":"Polygon","Area__Ha_":22.3559257251,"MWS_ID":"116","Alt_MWS":null,"Total_Pop":2638.0,"Density":11800.0034194,"Area_Sqkm":0.22355925725},"geometry":{"type":"MultiPolygon","coordinates":[[[[80.63529386488901,7.29785126976366],[80.63524099993512,7.297762449797665],[80.63516640366771,7.297660422019081],[80.63507332964029,7.297570143483453],[80.6349778316087,7.297403360140751],[80.63491944758813,7.297299980036896],[80.63486631904674,7.297188643705598],[80.63482468725525,7.297094582252282],[80.63473879849954,7.296902481386581],[80.63470432797509,7.296791151788772],[80.63466724448804,7.296631168964496],[80.63462735705602,7.296462503044042],[80.6345955271557,7.296303517498184],[80.63457962897391,7.296173654601002],[80.63455549832626,7.296008792593184],[80.63453843486522,7.295834798436941],[80.63450018419213,7.295651484210889],[80.6344874577972,7.295578961444235],[80.63429696400813,7.295604035789397],[80.63423376404349,7.295552108018062],[80.63416332506235,7.295479924285722],[80.63408645916202,7.29539706503075],[80.63405123835015,7.295365222474028],[80.63401402930157,7.295322798038887],[80.63395563814159,7.295240669832596],[80.63393436895792,7.295195628839727],[80.63390514569778,7.29509750275206],[80.63389937983807,7.295003995099197],[80.63389930646976,7.294989701662714],[80.63389861279822,7.294851982425552],[80.63389423413322,7.294747984389704],[80.6340602221158,7.294736191223925],[80.63421690845861,7.294722585560917],[80.63433275726466,7.294713670290427],[80.63431791838538,7.294636980728941],[80.63427723162387,7.294419211766157],[80.63424676683124,7.294237256413695],[80.63421813184824,7.29400547453518],[80.6342112926055,7.293949612679721],[80.63418877217556,7.293765643223431],[80.63416274092936,7.293606026446364],[80.63412798131506,7.293404654342882],[80.63412070214017,7.29336248439947],[80.63410157079754,7.293258856096657],[80.63408978097516,7.293194997736224],[80.6340644597564,7.293075802618127],[80.63403297541042,7.292988261591726],[80.63400347094937,7.292906226583844],[80.63394102368042,7.292766491179337],[80.63388564193208,7.292628568407966],[80.63383296867254,7.292503395348766],[80.63382220717423,7.29248430754274],[80.63376137109658,7.292376409516212],[80.6336569773991,7.292146398727088],[80.63365530036019,7.292142703215158],[80.63357318503746,7.292022363373221],[80.63357254683534,7.292021429026514],[80.63352338538756,7.291949383039561],[80.63352068955157,7.291945432191748],[80.63341360932021,7.29175422957004],[80.63333281344687,7.291594710265012],[80.63322832114211,7.291388407460307],[80.63314841420747,7.291230644560312],[80.63306269831456,7.29107019402471],[80.63299065153741,7.290927471244768],[80.6329245789925,7.290800577462214],[80.63278055631457,7.290583317230547],[80.63254401019736,7.290254257474005],[80.63253703929895,7.290245664376862],[80.6323687033407,7.290159159420833],[80.63211503689574,7.290054107061889],[80.63160079957744,7.289841141209859],[80.63158423108575,7.289830563697559],[80.63135135076347,7.290131589458132],[80.63123488669537,7.290263162558009],[80.63123977731068,7.290263128859835],[80.63131188476763,7.290361574537528],[80.63136042886569,7.290445080795244],[80.63136604989455,7.290460563362509],[80.63139677190563,7.29054522412165],[80.631436407282,7.290619340848735],[80.63139521857093,7.290649779146865],[80.63161785657182,7.290976068771239],[80.63157171897616,7.290993306292446],[80.63153050355102,7.291019426546172],[80.63146700848526,7.291043278898723],[80.63144526399864,7.291069496718663],[80.63141853679235,7.291103309990214],[80.63120293960289,7.29123806155525],[80.6311983022801,7.291241790316447],[80.63117382908533,7.291264888305244],[80.63120418905531,7.291306709409998],[80.63144340003949,7.291624710167766],[80.6317361589489,7.292013897489324],[80.63176790910232,7.292056104234633],[80.63202772915538,7.292391955891357],[80.6320200391082,7.292400401434918],[80.63186900046968,7.292566282840236],[80.63180268099889,7.292639120426508],[80.63164845317894,7.292895712272613],[80.63140261011988,7.293030826795581],[80.63097650194186,7.293280277559925],[80.63093528726193,7.293297716443925],[80.63077479449971,7.293320634976303],[80.63074245736689,7.293334822115571],[80.63068528176635,7.293366948043984],[80.63068439404452,7.293367447837402],[80.63064761112213,7.293403518572482],[80.63061127137749,7.293472233879347],[80.63059712914655,7.293514640222406],[80.63058705328868,7.293585353462755],[80.63056553299623,7.29372986498206],[80.63056118536804,7.293759062616948],[80.63038585860599,7.293837199288232],[80.63035882846529,7.293849246723547],[80.63037733999134,7.293998833448989],[80.63087579907584,7.293886540496016],[80.6310282493311,7.293926366214313],[80.63113606009166,7.293993394345367],[80.63121513381493,7.294004187282811],[80.63142356791249,7.29409635652702],[80.63167994458703,7.294206514952797],[80.63152050282999,7.294486402613375],[80.63141649350544,7.294431927516213],[80.63122101912772,7.294329589021533],[80.63114105589449,7.294490445154354],[80.63113762186939,7.294534476368799],[80.63113662321452,7.29456162503021],[80.63118545985785,7.294601379409224],[80.63116290758795,7.294626754138085],[80.63116198736888,7.294671878558088],[80.63119575580444,7.294710321376573],[80.63122599033528,7.294759887792119],[80.63126329092688,7.294803938418122],[80.63131943492016,7.294825841476696],[80.63138381295934,7.294877045680408],[80.63144203912277,7.294901751826725],[80.63152472479618,7.294912720401513],[80.63161936554258,7.294917633961045],[80.63169100553328,7.294914672702309],[80.63172660505214,7.294897501437973],[80.63174208093453,7.294890044083233],[80.63176917754114,7.294876987385419],[80.6318723398811,7.29485622231937],[80.63197667517255,7.294854898309011],[80.6320628925201,7.294864511459404],[80.63208299448793,7.294877178119172],[80.63208304275366,7.294898975452741],[80.63208309415121,7.294922305580799],[80.63208315271545,7.294948709436806],[80.63208340573931,7.295007036152974],[80.63204578639721,7.295112375432309],[80.63202985208733,7.295145749068646],[80.63201269896891,7.295189693616259],[80.63199001994445,7.295328034771309],[80.63197884493219,7.295429312223586],[80.63195590238966,7.295522267231929],[80.63192563876221,7.295563042524761],[80.63188306264728,7.295594679514965],[80.6318738001325,7.295600774267698],[80.63183197160762,7.295628302339556],[80.63176222672274,7.295652153621944],[80.6317372363421,7.295654968857505],[80.63169819385276,7.295659368453159],[80.63160815513233,7.295701027076467],[80.6315160351126,7.295739973914146],[80.63142807895825,7.295785884296242],[80.63130489881132,7.295863724235807],[80.63131781762807,7.296000880382701],[80.63132798641176,7.296060511569602],[80.6313374806808,7.296094161013961],[80.63130555873653,7.296160010239992],[80.63123670496813,7.296363652505839],[80.63114764425866,7.296627054542785],[80.63174491539328,7.296405965020073],[80.63205133257118,7.296540650394493],[80.63205891951658,7.296534800169595],[80.63206309953068,7.296533862838285],[80.63220396931352,7.296510300981956],[80.63220946798441,7.296509403859349],[80.63231881398886,7.296485087666404],[80.63234690029259,7.29653242873762],[80.63235243053022,7.296531944889757],[80.6325014599078,7.296495985739848],[80.63250717581845,7.296495473011518],[80.63257915365914,7.296564119853603],[80.63258496188463,7.296572323729287],[80.63262287445733,7.296708883721343],[80.63283162134309,7.297040746053569],[80.6330866683192,7.298000418062954],[80.63314536549443,7.297972403288359],[80.6332185520518,7.297952078767792],[80.63333058742786,7.297941714773949],[80.63341689856331,7.297940295210916],[80.63351751163341,7.297969355161207],[80.63361033535543,7.297999949942617],[80.63373350217785,7.298019159166548],[80.6337931837543,7.298025600366379],[80.63385087377503,7.298029054017626],[80.63390530912464,7.298019938633558],[80.63396961791446,7.29800322840253],[80.63409743064938,7.297937254563532],[80.63420033587902,7.297872177152325],[80.63430647657769,7.297831673357383],[80.63433529977955,7.297820674341406],[80.63434860793801,7.297820498569193],[80.63439770157485,7.297819880084462],[80.6344435967775,7.297817873388865],[80.6344839228599,7.297816109101254],[80.63451607664072,7.297812502891736],[80.63455754850023,7.297801827052041],[80.63464940485385,7.297778180323516],[80.63469568671556,7.297773493369627],[80.6347778103395,7.297770810730016],[80.63478616444272,7.297770537535997],[80.63486169931178,7.297767576099374],[80.63489835114514,7.297774107603117],[80.63491629364161,7.297779823894761],[80.63498196209481,7.297808307387413],[80.63505811557027,7.297851467370092],[80.63517320443603,7.297926198779797],[80.63526338725215,7.298003183138826],[80.63532956499128,7.298088749055139],[80.6353960097033,7.298195298490564],[80.63543918980842,7.29825662279894],[80.63548237286766,7.29831433170104],[80.63549984982083,7.298326001755221],[80.63556450783923,7.298353874445057],[80.63557979982974,7.298343829693009],[80.63550835919106,7.298214468588955],[80.63549074728094,7.298182577374997],[80.63539741858733,7.298031529668025],[80.63535903846031,7.297964960992502],[80.63529386488901,7.29785126976366]]]]}},{"type":"Feature","properties":{"GND_N":"Ogastawatta","GND_NO":"246","GND_C":"305","PROVINCE_N":"CENTRAL","PROVINCE_C":"2","DISTRICT_N":"KANDY","DISTRICT_C":"1","DSD_N":"GANGAWATA KORALE","DSD_C":"30","Admin_Code":"2130305","GND_NO_Cen":"246","GND_NAME_C":"Ogastawatta","GND_NO_Gaz":"246","GND_NAME_G":"ඔගස්ටාවat","shape_1":"Polygon","Area__Ha_":58.8608376552,"MWS_ID":"116","Alt_MWS":null,"Total_Pop":4513.0,"Density":7667.23713046,"Area_Sqkm":0.58860837655},"geometry":{"type":"MultiPolygon","coordinates":[[[[80.61267683626981,7.266762282211437],[80.61269902711645,7.26672850816133],[80.61275210300515,7.266647726906379],[80.61276609890947,7.266626420238929],[80.61277868935197,7.266614960927015],[80.61280655084482,7.26658960255407],[80.61286163967988,7.266539460711068],[80.61292894298258,7.266478200331545],[80.61298170901881,7.266430175514558],[80.61300999628493,7.266394358109659],[80.61302102361493,7.266380396020423],[80.61307364691835,7.266313770525702],[80.6131471488219,7.266220707090949],[80.61319256121946,7.26617760172474],[80.61321781126266,7.266153634108412],[80.6132483430043,7.266116736852216],[80.61328132369373,7.266076881593706],[80.61334499782261,7.266046428554346],[80.61341292597537,7.266032617119833],[80.61346565651557,7.266047660154769],[80.61347957081458,7.266051632330111],[80.6135245531017,7.26610130196839],[80.61352782198973,7.2661049122165],[80.61359474723633,7.266177746220254],[80.61359506588869,7.266178094491398],[80.613601963094,7.266185602684064],[80.61361328559694,7.26620445694989],[80.6136700248374,7.266298936310128],[80.61370214706626,7.2663797021191],[80.61377738302745,7.266432993464211],[80.61382044058878,7.266455933889911],[80.61385125562221,7.266472352611304],[80.6138881199419,7.26649199281744],[80.61398681897626,7.266526933365763],[80.61400954624953,7.266537431420064],[80.61402400245868,7.266515254937298],[80.61405892968577,7.266461668472321],[80.61395468824054,7.266275494783652],[80.61381298324604,7.265960849546654],[80.61385508298102,7.265894567437915],[80.61406586448342,7.265831930365253],[80.61407702770494,7.265830323794749],[80.61420280470014,7.26574874906341],[80.6144381236653,7.265220992125681],[80.6141179821338,7.265278301011494],[80.61394030544555,7.265245863371374],[80.61389445660204,7.265155621890922],[80.61387920448456,7.265026273912826],[80.61391837160593,7.264907391935228],[80.61396177362467,7.264800400346161],[80.61398997115371,7.264665904347877],[80.61398747217095,7.264513081600115],[80.61395297444867,7.264384773916037],[80.61392156382577,7.264259433449585],[80.61386894671095,7.264133358326445],[80.61380981724139,7.264020197934461],[80.61379683893853,7.263871347650618],[80.6138207771823,7.263727240098345],[80.61385938028248,7.263529412222641],[80.61387694792937,7.263389150194226],[80.61390913408046,7.263198115853104],[80.61393882140078,7.26294713976062],[80.61395860859541,7.262721241881827],[80.6140143913312,7.26250477791173],[80.61408448957981,7.26236750890997],[80.6141470454603,7.262261671694773],[80.61416369679951,7.262163479325897],[80.61417027550783,7.262005831728867],[80.61411805451343,7.261826178591515],[80.61403650149917,7.2616068974197],[80.61415340743727,7.261389820452648],[80.61435450448029,7.261141212409321],[80.61446944897251,7.260907890645103],[80.61502207661329,7.260284617982265],[80.61513049373109,7.260277864277192],[80.61534361018069,7.260219269603052],[80.61549855039019,7.260183676883273],[80.61575766234539,7.260199546917865],[80.61614082346242,7.259749625734043],[80.61636849890384,7.259434962212101],[80.61641660241881,7.259372063133356],[80.61661352793905,7.259123392868583],[80.61672077574701,7.258941662821772],[80.61679229165945,7.258835313804559],[80.61681139822709,7.258706440953219],[80.61689570543584,7.258495506444175],[80.61691894712777,7.258288954436931],[80.61668861194028,7.258308463431524],[80.6166286936529,7.258313539013543],[80.61661413335266,7.258316154563662],[80.61655740460385,7.258326342383332],[80.61650924249425,7.258334990469542],[80.61649986890947,7.258336674600369],[80.61640454181597,7.258353792958747],[80.61639523754658,7.258351526208633],[80.6163473135441,7.258339847421151],[80.6163212404187,7.258311415964524],[80.61627290167506,7.258258704239323],[80.61621332194855,7.258212962535372],[80.61620726420671,7.258208310468806],[80.6161471522522,7.258149057365915],[80.61608233225645,7.258091882492162],[80.61602040663095,7.258039684110729],[80.615943441595,7.258008186251743],[80.61588921564851,7.258006466096409],[80.61585405875397,7.258005351324505],[80.6157884013259,7.258011477377297],[80.61577264181328,7.258012104816832],[80.6157096100592,7.258022391584059],[80.61567985705514,7.258025923214569],[80.61564277379675,7.258030325806138],[80.61557638927385,7.258041243476415],[80.61549759301181,7.258063642302004],[80.61541762195077,7.258086674614321],[80.61538555871098,7.258100501809005],[80.61534806102095,7.258116673742625],[80.61531414996547,7.25813157639838],[80.61526500338523,7.258153177250219],[80.61520485999307,7.258185168261027],[80.61518868955446,7.258190254655998],[80.61512588169887,7.258210008576562],[80.61507955556286,7.25824824145921],[80.6150603882795,7.258264062678919],[80.61498800832835,7.25832661568325],[80.61494632215842,7.258386066974395],[80.61494129350474,7.258393239932412],[80.6149386269595,7.258397042485864],[80.61488047316124,7.258436541688899],[80.61486188995814,7.258442260226441],[80.61478773103475,7.258465084694103],[80.61472568970696,7.258483599934576],[80.61467270392275,7.258508539851754],[80.6146160056429,7.258527056979611],[80.61457508234474,7.258527041495659],[80.6145098689598,7.258527019158938],[80.61441976950628,7.258501936917038],[80.61441294259818,7.258498191569196],[80.61435974070761,7.258469000658041],[80.61430596090386,7.25843009550431],[80.61424675250964,7.258379705558018],[80.61413529007673,7.258331465458519],[80.61410073319041,7.258321326718381],[80.61405298668377,7.258307316458635],[80.61405210290796,7.258307058416185],[80.61403823502177,7.258305623754734],[80.61396304275328,7.258303300841416],[80.61395644369928,7.258303096821509],[80.61389522596497,7.258302803630895],[80.61388150643661,7.258304343272517],[80.6138341858814,7.258309654494604],[80.61377640762541,7.25830936251904],[80.61376846546959,7.258309417550626],[80.6137316281744,7.25830967474528],[80.61372331653172,7.258309732356682],[80.61371473592378,7.258309793488761],[80.61369714992318,7.258317636544999],[80.61368009740742,7.258325241959774],[80.61367705771687,7.258326599134832],[80.6136598593661,7.258351935178498],[80.61365594599567,7.258357700520702],[80.61363094192586,7.258373863222702],[80.61361427767812,7.258384634741175],[80.6136008672762,7.258407959160166],[80.61360167835211,7.258418993764119],[80.61360084875115,7.258456972411667],[80.61359982312311,7.258463360949363],[80.613591772403,7.258513488136474],[80.61358234203182,7.258549657806138],[80.61356693280287,7.258586003479768],[80.61356644340913,7.258589545461704],[80.61356003317451,7.258635919471591],[80.6135199866777,7.258688264291992],[80.61349367997262,7.258725551051556],[80.61347151217032,7.258756973980896],[80.61341643526873,7.258801988539511],[80.61335632792031,7.258854012351216],[80.61334813146303,7.258861105479103],[80.61326606966091,7.25890023235595],[80.61321782845741,7.258967207645287],[80.61321560227441,7.258970298659445],[80.61317247707132,7.259023997891772],[80.61317042271803,7.259037788687795],[80.61316683598783,7.259061890707112],[80.61316430684793,7.259078886184414],[80.61314083562736,7.259123459915146],[80.61313185467243,7.259161347911871],[80.61310729601955,7.259212883483054],[80.61309239373051,7.259242076278997],[80.61307983498838,7.259266679672163],[80.61301397974916,7.259318473483602],[80.61300234752979,7.259320225455904],[80.61298899637914,7.259322236344489],[80.61294687079113,7.259328578438204],[80.61292841400923,7.259327613232784],[80.6128544999452,7.259323750563636],[80.61273850187415,7.259293867659412],[80.61265176135478,7.259253503546419],[80.6126272515012,7.259230043403153],[80.61257227589229,7.259177422947301],[80.61256116689808,7.259169761296829],[80.61255969384669,7.25916874704106],[80.61255772736462,7.259167390780525],[80.61251007820115,7.259134536515293],[80.6124260386187,7.259123151742879],[80.61242105894516,7.259122476238669],[80.6122887480181,7.259133371421568],[80.61218450662467,7.25914834427422],[80.61214670967203,7.259160120914916],[80.61209085654797,7.259177520309493],[80.61208707706194,7.259178619479441],[80.61206362305538,7.259185438484553],[80.61201133699286,7.25920064170236],[80.61200428474032,7.25920648637626],[80.61193741741089,7.25926192762338],[80.61188963559673,7.259305145069097],[80.61186865942678,7.259324118801162],[80.61182308809252,7.259377545723028],[80.61179172652369,7.259453586283755],[80.61176163800155,7.259512806353344],[80.61172755394236,7.259532181358158],[80.61168564292822,7.259556004503366],[80.61162214468013,7.259598122915181],[80.61152541579779,7.259623769120937],[80.61143811901749,7.259618946416788],[80.61136098591794,7.259546845399879],[80.61131880808291,7.259485246095206],[80.61127862221073,7.2594222033383],[80.61127725958724,7.259421348276009],[80.61120582821763,7.25937659815783],[80.6111433437452,7.25936545249021],[80.61107497127074,7.25936606061616],[80.61104508289789,7.259377896109996],[80.61097570337358,7.259405814724398],[80.610971205103,7.259411132198941],[80.61087613528372,7.259523516949567],[80.61086843444416,7.259534738357488],[80.61081180213407,7.259617270671521],[80.61078825325407,7.259645674395051],[80.6107567994774,7.259683610209744],[80.61073932173151,7.259704691286846],[80.61072283488532,7.259720360468448],[80.61071905900906,7.259723948271295],[80.61071590912309,7.259726943079452],[80.61069357184059,7.259748171591653],[80.61063581552916,7.259781465051688],[80.61062020321656,7.25979046531049],[80.61058734798752,7.259792553107131],[80.61058160359833,7.259792916348109],[80.61050980732794,7.259797479464932],[80.6104477618823,7.259791693667935],[80.61044261459627,7.259791213410238],[80.61034771697474,7.259759439474911],[80.61026386009404,7.25975841225997],[80.61017853741893,7.259795819198405],[80.61008115819325,7.259868310487042],[80.60999664325814,7.259927962646549],[80.60989038940426,7.259999455002171],[80.6098731085183,7.260014536063427],[80.60979853145871,7.260079631214101],[80.6097103897606,7.260150859784077],[80.6096685614812,7.260180744315061],[80.60965151076779,7.260192924446603],[80.60963701543979,7.260203283344643],[80.60963574696378,7.260209903284041],[80.60962476707815,7.260267301719034],[80.60964058784388,7.26034155083967],[80.60966488191772,7.260380161761026],[80.60967416619731,7.260394917976055],[80.60967624080091,7.260417434988395],[80.60967414928054,7.260440855678636],[80.60963147184728,7.260501791863606],[80.60957800929567,7.260590393052712],[80.60954510669968,7.260669235314183],[80.60952461011222,7.26075025246075],[80.60952418383762,7.260761813822875],[80.60952241287676,7.260809845246321],[80.60952038441735,7.26091275422574],[80.60949364714781,7.260969537362541],[80.6094536050172,7.261010668444055],[80.60942703402601,7.261026630479035],[80.60940351198501,7.261040761515249],[80.60933441057436,7.261055204946862],[80.609285327259,7.261053469610711],[80.60921678669924,7.261015644496402],[80.6091363758067,7.260996443648194],[80.60913083709777,7.260996473258287],[80.60907087939056,7.260996808364524],[80.60904527055656,7.260996952657178],[80.60899155664549,7.26102767736002],[80.6089267874176,7.261077031148925],[80.60880640483805,7.261150685640739],[80.60874461785376,7.261221741974865],[80.60871415648741,7.261305740504514],[80.60870508025101,7.261333246963642],[80.60868614263498,7.261390642430449],[80.60866736202593,7.261486221257619],[80.60866548400092,7.261497880650771],[80.60865465243816,7.261565161337102],[80.60865915756271,7.261629459871783],[80.60871908670484,7.261686904367291],[80.60873794672237,7.261692338057242],[80.60879922457718,7.261709994598898],[80.60885156273106,7.261726381808436],[80.6088646196377,7.261729285823603],[80.60886740144072,7.261729904489385],[80.60892934908026,7.261743683608199],[80.60893909709334,7.261750937003866],[80.60900168736397,7.261797516335805],[80.6090225774486,7.261877283591432],[80.60902200770057,7.26194863110465],[80.60900087592576,7.262032633995015],[80.60897435656184,7.262136510579341],[80.60896845520591,7.262159626012518],[80.60896015503413,7.262192138080722],[80.60893358753285,7.262281654307357],[80.60891317829187,7.262358612935587],[80.60889994334275,7.262408516551011],[80.60888938100119,7.262482476523991],[80.60888895516267,7.262485467802132],[80.60885904503455,7.262550475265661],[80.6088154716265,7.262591877175574],[80.60876928392598,7.262596020820467],[80.6087138663309,7.262580354096369],[80.60864541052214,7.262557723029241],[80.60855829588515,7.26254385408196],[80.60850431869278,7.262551341646092],[80.6084161899008,7.262583502237115],[80.60837342260253,7.262607400707952],[80.60834762182284,7.262621817506561],[80.60826592452447,7.262649459836831],[80.60819237852043,7.262679815369692],[80.60810987714484,7.26268033008457],[80.60803783955622,7.262684760681545],[80.60803244470698,7.262685091464108],[80.60797257239989,7.262718169463759],[80.60795989828377,7.262725700319674],[80.60792316218289,7.262747535556549],[80.60789213541135,7.262765975442642],[80.60786702585855,7.262784533274415],[80.60782890633119,7.262812704442464],[80.6077629585756,7.262869199802199],[80.60772942129444,7.262948764216008],[80.60766763009659,7.263022715061788],[80.60766385056061,7.263031121868056],[80.6076636384715,7.263031593835495],[80.6076417080866,7.263080399969725],[80.60759712263739,7.263159057769706],[80.60753959525223,7.26321537355664],[80.6074915218043,7.263266129580846],[80.60746322203704,7.263296008077671],[80.60741486816644,7.263350719410979],[80.60741248630511,7.26335341334767],[80.60739981672899,7.263358414852828],[80.6073039779207,7.263396236001491],[80.60723744946708,7.263404408718982],[80.60722029547021,7.263406515681742],[80.60714248931461,7.263385911062909],[80.6071217549926,7.263377085469975],[80.60705674595066,7.263318043681272],[80.60705043688158,7.26331231347098],[80.6070481029994,7.263310210999569],[80.60703402819018,7.263297524704327],[80.60703329579655,7.26329686519401],[80.60703317720127,7.263296758441973],[80.60701817445272,7.263283237128126],[80.6069929734223,7.263260524287253],[80.60697985099863,7.263248697433824],[80.60697756057193,7.263246633863313],[80.6069440611482,7.263224647694795],[80.60693913083006,7.263225088058314],[80.60693572742514,7.263225392442094],[80.60687631636482,7.263230702932002],[80.60679091788839,7.263238334997335],[80.60676644211604,7.263247435800568],[80.60676548384477,7.263247791737867],[80.60667874035192,7.263280045645771],[80.6066730803911,7.263282149651363],[80.60666819314132,7.263283657105737],[80.606574990311,7.263312406211751],[80.60653830394872,7.263322064005786],[80.60642645699714,7.263351507842261],[80.60636094088586,7.263367247114618],[80.60634995390885,7.263369885372126],[80.60628362810186,7.263385818754988],[80.6061488228727,7.263391351376251],[80.60613302240561,7.263392001068892],[80.60608586201695,7.263396038269855],[80.60603742014402,7.263400186214164],[80.60600052792005,7.263403345564748],[80.60589300987505,7.263456480018145],[80.60587130372471,7.263488852244918],[80.60584960753803,7.263521210909741],[80.60583019583066,7.263605032513434],[80.60583610757688,7.263648536236243],[80.60583984103137,7.263675997707472],[80.60584500590836,7.263714005699392],[80.60584985990839,7.263812757422531],[80.60585561507351,7.26392091423609],[80.60582416168096,7.263984775151758],[80.60581455935232,7.264004275551745],[80.60580380332993,7.264006803557391],[80.60576793150405,7.264015238071327],[80.60573621681311,7.264022694785442],[80.60563440366855,7.264078994569607],[80.60562608025192,7.264093178144383],[80.60562206308201,7.264100023111369],[80.60559407881884,7.264147705524356],[80.60558716800426,7.26420787886723],[80.60558462846437,7.264229994451677],[80.60559320870571,7.264288776476608],[80.60562408050987,7.264316732868512],[80.6056864643206,7.264353650096647],[80.60570282789052,7.264365595765377],[80.60577111597266,7.264415446736864],[80.60581909240472,7.264471530659408],[80.60586742426378,7.264548142390367],[80.60587209564218,7.264557179037785],[80.60589945787328,7.264610100091862],[80.60592242698566,7.264701443331482],[80.60593380254255,7.26479486211188],[80.60592263296147,7.264873441852287],[80.60592079889842,7.264878757560977],[80.60590268855422,7.264931218420509],[80.60591009029143,7.264998141436505],[80.60595380239036,7.265029828359321],[80.60597074908073,7.265042112447117],[80.6060310557483,7.26505922642099],[80.60606762973445,7.265069428029495],[80.60609371779086,7.265076703896474],[80.60612984126524,7.265107282896182],[80.60614802805007,7.265142841490749],[80.60615047413165,7.265147621650193],[80.60615199041746,7.265207034930274],[80.60610714698198,7.265245632748156],[80.60603677693564,7.265260165612689],[80.6060161892108,7.265261092931991],[80.60606427902513,7.265466150851887],[80.60632104973897,7.265564134358423],[80.60654155066155,7.265411088604905],[80.60665659627449,7.265324995884232],[80.60683387104802,7.265425553749653],[80.60692006649263,7.265597856594108],[80.60690892904046,7.265866645670982],[80.60701636820653,7.265824670063131],[80.60710294068858,7.265790847074961],[80.60725210830024,7.265757623450279],[80.60732537895997,7.265738569963841],[80.60736794606991,7.265732708757793],[80.60745960587641,7.265702357406632],[80.6075243974956,7.265682579096652],[80.60761375948987,7.265655302393448],[80.60772018975678,7.265600992450496],[80.60774201597285,7.265596297283424],[80.60770967118663,7.2654912314622],[80.60770891138836,7.265488764240812],[80.60769108021002,7.265465787407828],[80.60767922137546,7.265448205154414],[80.60766057688558,7.265420561813738],[80.60764532475396,7.26541013947395],[80.60770491735377,7.265385032857849],[80.60793935152991,7.265429047383154],[80.60800515203994,7.265508779798602],[80.60811773095891,7.265584604880511],[80.60865016586949,7.265723834123563],[80.6087921897054,7.265752106293108],[80.60890199248269,7.265800252151575],[80.60897716627927,7.266389196471546],[80.60903404387469,7.266373934733879],[80.60909056139813,7.266357678122765],[80.60911772871654,7.266361034062052],[80.60916870899216,7.266379862361568],[80.60919866615241,7.266384223100856],[80.60925240103548,7.266413642700431],[80.60931602752358,7.266495842877166],[80.60936474902685,7.266539691487064],[80.60936908257872,7.266544150392758],[80.60949274589787,7.266671418697664],[80.60964713639923,7.266672453927279],[80.6097496829496,7.266629143835351],[80.60988674251261,7.266563999327841],[80.61007733786383,7.266491025959953],[80.61028332613,7.266380591056684],[80.61028956977383,7.266377285401615],[80.6103888906448,7.26629378132059],[80.61040115325511,7.266287387862191],[80.61054962540717,7.266174818429514],[80.61071053325469,7.266124555458366],[80.61088436380975,7.26612744575761],[80.61105191749867,7.266212183093226],[80.61109845308759,7.266221042327254],[80.61135751848873,7.266239364680872],[80.61135237897489,7.266259575797449],[80.61131610339373,7.266388964776669],[80.61137999757149,7.26641612525702],[80.61148435656516,7.266433504122077],[80.61160822630376,7.26640342317278],[80.61162496102415,7.266394055243363],[80.61192361507551,7.266426497879083],[80.61191928393234,7.266490068828374],[80.61191110511793,7.266610081374648],[80.61190910662098,7.266639404491782],[80.61190391715105,7.266717353550774],[80.61190478129838,7.266724312477638],[80.61215223052442,7.266732998437894],[80.61215499595683,7.266783790536123],[80.61223459948931,7.266787479967968],[80.61229032098896,7.266783511246156],[80.61238712900979,7.266756040966471],[80.612419812662,7.266813938137928],[80.61248258224595,7.266855936771143],[80.6124935122381,7.266863250203537],[80.61259538724889,7.266883181670814],[80.61260327759454,7.266871560605382],[80.6126530969399,7.266798199804524],[80.6126574562007,7.266791778111698],[80.61267683626981,7.266762282211437]]]]}},{"type":"Feature","properties":{"GND_N":"Nagasthenna","GND_NO":"262","GND_C":"155","PROVINCE_N":"CENTRAL","PROVINCE_C":"2","DISTRICT_N":"KANDY","DISTRICT_C":"1","DSD_N":"GANGAWATA KORALE","DSD_C":"30","Admin_Code":"2130155","GND_NO_Cen":"262","GND_NAME_C":"Nagasthenna","GND_NO_Gaz":"262","GND_NAME_G":"නාගස්තැn","shape_1":"Polygon","Area__Ha_":28.979250124,"MWS_ID":"116","Alt_MWS":null,"Total_Pop":3840.0,"Density":13250.8604728,"Area_Sqkm":0.28979250124},"geometry":{"type":"MultiPolygon","coordinates":[[[[80.6298319632702,7.284479772783058],[80.62984420527053,7.28447342401655],[80.62996722883322,7.284545429192885],[80.63021495808275,7.284624516440208],[80.63023476260676,7.28468995098732],[80.63022135521948,7.284846675075748],[80.63047724160026,7.284940788007332],[80.63067993384064,7.285002755585111],[80.63069363981784,7.28500348163177],[80.63075304083495,7.284984193875942],[80.63083762432098,7.284962780960507],[80.63092918995478,7.284956836572618],[80.63106028193233,7.284993505684928],[80.63106844874457,7.284997565012039],[80.63119893243012,7.285069934879376],[80.63134660712005,7.285126095157084],[80.63152119243838,7.285086693611103],[80.63163557834022,7.285062541907551],[80.63173228579195,7.284973459162811],[80.6317235873814,7.284912817418393],[80.63171746395508,7.284913693539497],[80.63165816738389,7.284717623426767],[80.63181995495444,7.284714142023114],[80.63187174474159,7.284632676310718],[80.6319340189505,7.284518322616725],[80.6319151410196,7.284519689323467],[80.63189213025726,7.284539034069189],[80.63183037065696,7.284517039775736],[80.63172090026451,7.284446829953296],[80.63170325896952,7.284387592444729],[80.631686692873,7.284367330753567],[80.63176830046133,7.284339505198353],[80.6319857661223,7.284284050407044],[80.63214379906836,7.284197218949118],[80.63219663884476,7.284168185039961],[80.63224918493819,7.2841143966302],[80.63234957121126,7.283990086872419],[80.6324628971861,7.2839005959819],[80.63252522290767,7.28384545238417],[80.63263889316858,7.283815014378323],[80.63279529694023,7.283823745335973],[80.63292815352803,7.283833011359087],[80.63295075674431,7.283836214330891],[80.63320192062109,7.283871802233281],[80.63329927826605,7.28387255646425],[80.63339129739224,7.283858025355389],[80.63350043984434,7.283825958859807],[80.63357715686644,7.283797587039268],[80.63364291853952,7.283762339948783],[80.63370096329858,7.28374085210582],[80.63370369507192,7.283739841955701],[80.633783937023,7.283736793515978],[80.63385313393177,7.283721260387733],[80.6338777736701,7.283702459538516],[80.63388946529146,7.283674972394246],[80.6338921921056,7.283643773878989],[80.63389064893597,7.283620621415946],[80.6338756968212,7.283396170396821],[80.63387544645607,7.283328619752949],[80.6339260185211,7.283212703966164],[80.6339430573627,7.283172919070801],[80.63397231910183,7.283098047427861],[80.63398076298415,7.283076442656814],[80.63400397807895,7.282983035408967],[80.63400808891666,7.28287943517215],[80.63400845041784,7.282870360600247],[80.6339896304746,7.282814468724431],[80.63394011023114,7.282754407392311],[80.63390405383647,7.282713138102229],[80.63388723923,7.282693892848317],[80.63380603317653,7.282598734550711],[80.63376185842249,7.282529179696194],[80.63371939975255,7.282477258392213],[80.63364507015767,7.282400007442538],[80.63350818096286,7.282256722585474],[80.63337452641242,7.282194826024677],[80.63325752704861,7.282160787238541],[80.63312236145879,7.282140341590035],[80.63305684436024,7.282130430485132],[80.63294538089048,7.282117579393671],[80.63289953850654,7.282112294585935],[80.63282827305504,7.282083062086549],[80.63281118880519,7.282071820698067],[80.63276798380264,7.28204339106586],[80.63273519070607,7.282021812119406],[80.63271409999085,7.281990245235255],[80.63271094050445,7.281955065922753],[80.6327160257764,7.281915097322474],[80.63274060245617,7.281863763290368],[80.63274312274645,7.281858497426475],[80.63277275976053,7.281788604168657],[80.63281235785469,7.281722059086107],[80.63285187130914,7.281639690470155],[80.6328796080939,7.281564551641323],[80.63288371839515,7.28150327462549],[80.63288415881043,7.281496729416289],[80.6328926848398,7.281453236023959],[80.63290982416832,7.281379450288861],[80.63291245851354,7.281354401916258],[80.63292434870387,7.28127202363335],[80.6329394929339,7.281209450627851],[80.63294872300679,7.281190460465073],[80.63295997490214,7.281167316572144],[80.63296340445527,7.281159207864484],[80.63297837158748,7.281123825399591],[80.63300745791855,7.28108232707905],[80.63303382390478,7.281040103548064],[80.6330720570045,7.280996619555284],[80.63313864284022,7.280928727429837],[80.63320807092299,7.28087689210225],[80.63321455509166,7.280872051607062],[80.63328902216735,7.280800274349328],[80.63331674441103,7.280770621048565],[80.6333471018274,7.280713206459227],[80.63337349090095,7.280606507878697],[80.63338138595884,7.28055053398147],[80.63338325401175,7.280505730851214],[80.63338394209907,7.280489223006866],[80.63338395557261,7.28044382606765],[80.63338396985428,7.280401595999681],[80.63338661147027,7.280353487883806],[80.6333997758196,7.280248140674141],[80.63340304352809,7.280227704445044],[80.63340758803086,7.280176341436557],[80.63342473064853,7.280094597804813],[80.63343110358257,7.280040583050526],[80.63343662564313,7.279993771709785],[80.63345125424122,7.279846012215797],[80.63345420906568,7.279669584420292],[80.6334561587192,7.279512869220508],[80.63345746480861,7.279392235530794],[80.63345655313012,7.279322599343095],[80.63345552029537,7.279243747358743],[80.63344569396862,7.279106652732501],[80.63342263339374,7.278995506537957],[80.63341652259311,7.278845208440988],[80.63341831682227,7.278758926684442],[80.63341974136246,7.27869039357841],[80.63341643130445,7.27856143883393],[80.63341999431013,7.278466397645112],[80.63342652365883,7.278436014198986],[80.63344537547445,7.278390444148874],[80.63349445392257,7.278313788248831],[80.63350436293695,7.278298313313296],[80.63356661357868,7.278188460954842],[80.63361536695612,7.278100035425435],[80.63367471521978,7.278006548223327],[80.63370987458192,7.277944795357848],[80.63372338517816,7.277889637992798],[80.63372402284992,7.277874988473936],[80.6336499173722,7.277956351555693],[80.63356476624553,7.278021795397284],[80.63345117442023,7.278095371694381],[80.63337916723484,7.278122387645833],[80.63328378831558,7.278168747396425],[80.63315326285738,7.278236076762804],[80.6330893090902,7.278290134797158],[80.63293865896343,7.278415423595963],[80.63292742276343,7.278437845863112],[80.6329216057804,7.278443650554312],[80.6329083067129,7.278456920614761],[80.6328964700376,7.278459487800345],[80.63282588834382,7.278474799711424],[80.63274863586349,7.278478121142831],[80.63268206537501,7.278495914808217],[80.6326206534818,7.278524923465993],[80.63249403017406,7.278569736716192],[80.6322928608048,7.278653501706042],[80.63224340387117,7.278683779235494],[80.63221233662682,7.278692360231509],[80.63210019202307,7.278776064841201],[80.63205734586325,7.278799109122634],[80.63199086257691,7.27886684197357],[80.63198813207417,7.27886962454945],[80.63189971856778,7.278940221557876],[80.63183576760477,7.278979086205485],[80.63176909803765,7.279017473407725],[80.6317064185626,7.279053560421958],[80.6316879382702,7.279066756445766],[80.63163323123482,7.279088533584185],[80.63156402391833,7.279135699827529],[80.6315639900732,7.27924405256399],[80.63156398684761,7.279251286087053],[80.63157065715592,7.279349405154915],[80.63157080285674,7.279375157053561],[80.63157134368642,7.279470671575316],[80.63157599868846,7.27963733620583],[80.6315885593006,7.279724242887295],[80.63161172143077,7.279794154764047],[80.63164267413666,7.279860629159041],[80.63167244330025,7.27994365464113],[80.63167379011139,7.279977205636602],[80.63164668983511,7.280049721213806],[80.6316038281676,7.28012349958358],[80.63155273440806,7.280199302764424],[80.63154520398957,7.280210473930048],[80.63148115003757,7.280290212102608],[80.63139145786188,7.280390381124474],[80.63138526182415,7.280397583726415],[80.63133872947463,7.280451676014668],[80.63132485760681,7.280499781421094],[80.63129059572577,7.280588119990357],[80.63123259677796,7.280704665216397],[80.63119833395645,7.280793005585566],[80.63118382069183,7.280864170519287],[80.63118117529308,7.280926113554335],[80.63116276074986,7.28101897961457],[80.6311356608718,7.281084170297219],[80.63108492907725,7.281134976778507],[80.63101898148929,7.281185686129951],[80.63094569783286,7.281234496790648],[80.63087314305774,7.281275346185802],[80.63085738029888,7.281289176962312],[80.6308177848731,7.281343876400574],[80.63073597522869,7.281438077604165],[80.63064565194455,7.281531010026717],[80.63053947250083,7.281646366760275],[80.63041758907167,7.281769981024657],[80.63036797575579,7.281820298553537],[80.63029143126008,7.281875707658132],[80.63021226282338,7.281917912168296],[80.63014297372513,7.281938961869261],[80.63012873960595,7.281944572090821],[80.63003410149678,7.281981880194353],[80.62996616507908,7.282020742368776],[80.62993854742295,7.282039764500469],[80.62984995258498,7.28208854832068],[80.62971528665285,7.282175419117379],[80.62960879562509,7.282306414543176],[80.62953149510717,7.282363466388806],[80.62938700300215,7.282371581735692],[80.62916597817376,7.282412176433383],[80.6289848294551,7.282504536382696],[80.62880058396625,7.282622657945138],[80.62870942051238,7.282687902636218],[80.62858196641928,7.282784237163829],[80.62848351296434,7.282856047382201],[80.6283775986286,7.282925349314525],[80.62836122935472,7.282946227037703],[80.62835339170879,7.282954899456061],[80.62830052858473,7.283013397822089],[80.628255673249,7.283091154131563],[80.62823255921171,7.283151733077418],[80.62820555663339,7.2831919675427],[80.62814748806757,7.283244036397668],[80.62809404408591,7.283273047026855],[80.62798915408175,7.283322477135653],[80.62790409580275,7.283369924258279],[80.62771867776793,7.283468795075959],[80.6275912527509,7.283533322265153],[80.62756894820652,7.283544616009881],[80.62750164510457,7.283586826646163],[80.62745560831159,7.283602341100194],[80.62744883779528,7.283604622238055],[80.62739014014787,7.283641499395506],[80.6273334304904,7.283686334163726],[80.62725767635278,7.283735034876579],[80.62724837059004,7.283741016489092],[80.62712826193436,7.283803646013989],[80.62711396275759,7.283808517301273],[80.6270702029438,7.28382342929595],[80.62699411328289,7.283867807283472],[80.62697810735109,7.28389059677071],[80.62696928483433,7.283903156438205],[80.6269296970863,7.283940763284648],[80.62686701138091,7.283984238659738],[80.62680768180157,7.284011980259693],[80.62670078317406,7.284106535935161],[80.62668365702723,7.284134473238751],[80.62663356992887,7.284147660399728],[80.62662154347755,7.284151166925256],[80.62660409887283,7.284156254187957],[80.62650223632257,7.284185958475875],[80.62648364396043,7.284205549472119],[80.62647269347353,7.284217087466315],[80.62649065745082,7.284229795258267],[80.62649729072227,7.284234487171247],[80.62651563498657,7.284247464570518],[80.62655962500978,7.284278578120573],[80.62657091548152,7.28428776415226],[80.62660837413796,7.284318238906224],[80.62668484153075,7.284380446803451],[80.6269236682682,7.284574739309419],[80.62695693944188,7.284601807046442],[80.62702645608135,7.284658359792955],[80.62715025054617,7.284769614546928],[80.62736650599169,7.284963960872634],[80.62746674513492,7.285054047090703],[80.62753473972249,7.285112667401054],[80.62773236847387,7.2852861433456],[80.62796099995847,7.285486827197167],[80.62816606115857,7.285664935425803],[80.6282956447238,7.285777488539249],[80.62832949673577,7.285806890373814],[80.62841615929763,7.285878359575385],[80.62864089845743,7.286063697600888],[80.62872715549287,7.286134831115112],[80.62882630354376,7.286198164680973],[80.62889327212208,7.286240921170182],[80.62907485609021,7.286356860445583],[80.62908526901266,7.286363483334819],[80.62911510248912,7.286382460805081],[80.62922634150277,7.286453218027476],[80.62921180336528,7.28637143083273],[80.62918168298394,7.286201987173936],[80.62918071031747,7.286135339712961],[80.6291844645429,7.286006839451512],[80.62919715758918,7.285947818807007],[80.62919743514205,7.285946527552333],[80.62922280962262,7.285900145051627],[80.62924101785181,7.285883601320227],[80.62925639452932,7.285876804151562],[80.62929826372599,7.285858299442418],[80.62932127125376,7.285846642313585],[80.62938369269031,7.285780467601928],[80.62943280122795,7.285713383350422],[80.62948916378934,7.285619354116464],[80.6295232485576,7.285520976989631],[80.62953912288194,7.285443212064025],[80.62954385805445,7.285364087972546],[80.62955973233971,7.285286413475825],[80.62956421207107,7.285251941985736],[80.62957298812918,7.285184411467346],[80.62958788697442,7.285045606657531],[80.6295939779182,7.284971997444859],[80.62960931646364,7.284870720456034],[80.62963062012732,7.284806973985543],[80.62967095223999,7.284713482105658],[80.62971327385729,7.284634551053124],[80.62977370874525,7.284543959447737],[80.6298319632702,7.284479772783058]]]]}},{"type":"Feature","properties":{"GND_N":"Getambe","GND_NO":"259","GND_C":"180","PROVINCE_N":"CENTRAL","PROVINCE_C":"2","DISTRICT_N":"KANDY","DISTRICT_C":"1","DSD_N":"GANGAWATA KORALE","DSD_C":"30","Admin_Code":"2130180","GND_NO_Cen":"259","GND_NAME_C":"Getambe","GND_NO_Gaz":"259","GND_NAME_G":"ගැටඹේ","shape_1":"Polygon","Area__Ha_":256.572496263,"MWS_ID":"116","Alt_MWS":null,"Total_Pop":2690.0,"Density":1048.43661701,"Area_Sqkm":2.56572496263},"geometry":{"type":"MultiPolygon","coordinates":[[[[80.61028942701607,7.281839043479686],[80.61047429880932,7.281477639815471],[80.6105274740711,7.281497140689231],[80.61064764070261,7.281532542021582],[80.61069015901985,7.281545145476403],[80.61076952691516,7.281568669202108],[80.61089902696516,7.281594849995798],[80.61101603334455,7.281601947212874],[80.61110270383699,7.281602340582487],[80.6111757830272,7.281618192551157],[80.6112068345635,7.281654104695265],[80.61123860086464,7.281716693121185],[80.61126129989023,7.281801344126291],[80.61129142557488,7.281890067200193],[80.61134272398397,7.282034593462671],[80.61155873931921,7.281985930248835],[80.61156491290902,7.281946867527098],[80.61159817477451,7.281877247428056],[80.61166359472875,7.28178946344871],[80.61172329356171,7.281744180507022],[80.6119698204319,7.281649718928642],[80.61204230695041,7.281621943365301],[80.6121537025489,7.281622436842676],[80.61224997428133,7.281619125834498],[80.6123305929573,7.281577917947651],[80.61240522664271,7.281552896705066],[80.61245122931612,7.28156475972937],[80.61248861402343,7.281613514274651],[80.61250589634862,7.281658917429645],[80.61253339901907,7.281736516554061],[80.61253493300157,7.281739529341473],[80.61261199602912,7.281758409222645],[80.61308026901521,7.282190138747833],[80.61334958152743,7.282104580263438],[80.61357818822465,7.281796549415064],[80.6137527004734,7.281532959056936],[80.61396038367998,7.281714964854536],[80.61415965333069,7.281587667065798],[80.61418504711177,7.281589414233875],[80.61418825533097,7.281590796253534],[80.6142306352344,7.281603290812162],[80.61429257940651,7.281609552682614],[80.61436946883929,7.281610122785605],[80.61437229987897,7.281610179865452],[80.61449136836363,7.281612607103978],[80.6146316194536,7.281707519498513],[80.61487742251042,7.281933411654615],[80.61503898210974,7.282022733892474],[80.61504023799863,7.282023427940288],[80.61500510367124,7.282219954773256],[80.61499959618081,7.282306713425878],[80.61559342464784,7.28263090747937],[80.61570776279696,7.282776918822847],[80.6158200243982,7.282945731395905],[80.61597542420354,7.283101579772961],[80.61619678613754,7.283304190334867],[80.61668747446589,7.283234699849064],[80.61668555000713,7.28322431144387],[80.61665270105073,7.283147615880312],[80.6166323497977,7.283074359267234],[80.6165859028542,7.283035005701037],[80.61649072899627,7.283008747311681],[80.61658002896323,7.283001274037195],[80.6166517656446,7.28297579711332],[80.61673743352581,7.282995089889092],[80.61676790256053,7.282986916693504],[80.61683271809169,7.282969530810341],[80.61682545281808,7.282923791325992],[80.6168048850657,7.282794268017562],[80.6168044204043,7.282789320413015],[80.61679649496976,7.282705009466967],[80.61679008558565,7.282643785906145],[80.61679472375343,7.282589077220284],[80.61679836813326,7.282527496386667],[80.61679965478172,7.282474504694314],[80.61679288199865,7.28241906854299],[80.6167902676566,7.282405490418584],[80.61678402198872,7.282373036405142],[80.616748532987,7.282340196794848],[80.61670371136151,7.282317303029849],[80.61666141398885,7.28232967615302],[80.61663963775447,7.282339506379918],[80.61659655810821,7.282358953581911],[80.61653913102366,7.282381269588347],[80.61650221723762,7.282369484338697],[80.61648724489713,7.282364702523099],[80.6164250363484,7.282334838553273],[80.6163441870167,7.282260928438109],[80.61629974086286,7.282200867016072],[80.61614623493057,7.281996634696063],[80.61610692925878,7.281944338514663],[80.61605887200204,7.281852082610421],[80.6160346239011,7.281783889589683],[80.61602124615283,7.281713620521537],[80.61602139254636,7.281681385794677],[80.61602154097856,7.281648510822063],[80.61601386226666,7.281594159501868],[80.61599920485811,7.281556987463222],[80.61596943972829,7.281508725127335],[80.61596562371011,7.281502536535258],[80.61592289172734,7.281461284278921],[80.6158644018504,7.281421474220965],[80.61578897479464,7.281380935610275],[80.61572268782668,7.281362554745754],[80.61564842754842,7.281354298328475],[80.61560499144625,7.281344889008261],[80.61557860740008,7.281339172583198],[80.61552263177536,7.28132188774959],[80.615510154576,7.281317013645686],[80.61545084088301,7.281278991049185],[80.61539362520497,7.281221727435567],[80.61533287976545,7.281153070152385],[80.61524676751294,7.281113791867368],[80.615203893943,7.281096514370611],[80.61518365289533,7.281088359396301],[80.61511166609863,7.28105405978029],[80.61504764597764,7.281025733198991],[80.61503284906938,7.281014256845028],[80.61498091910634,7.280973982392376],[80.6149069401763,7.280938960400583],[80.61482861489301,7.280899323997462],[80.6147632283164,7.280890880699243],[80.61475417497167,7.280889711821295],[80.61470400690413,7.280876218894108],[80.61463599786666,7.280864439572445],[80.61457387697405,7.280843618412556],[80.61447489488918,7.280831555802099],[80.6143963766584,7.280825016738635],[80.61432909547045,7.280801480790948],[80.61426570994252,7.28077161520433],[80.61420640892464,7.280721496497996],[80.61417517733751,7.280687120900347],[80.61415571891915,7.280648410673987],[80.61413662182079,7.280612322150078],[80.61413139763239,7.280588274866823],[80.61412052791823,7.280538253079823],[80.61411593190181,7.280474860710974],[80.61409322356201,7.280412273914689],[80.61402361577491,7.280308345474303],[80.61396076142393,7.280239667360465],[80.61393643716573,7.280213091122996],[80.61387497947533,7.280113866149882],[80.61383181058795,7.280029299247941],[80.61382086654574,7.280007252938432],[80.61379687888805,7.27995893194921],[80.61375577488538,7.27991967044778],[80.61371390631577,7.279893557230854],[80.61370615753846,7.279888725470323],[80.61363833160775,7.279869439450226],[80.61355827851955,7.27985277150201],[80.61348910163657,7.27981268510537],[80.6134210052085,7.279790143465744],[80.61335508618942,7.279756932731191],[80.61328944828165,7.279697677263665],[80.6132529689778,7.279644762410892],[80.61325616587695,7.279572148047849],[80.61328092778511,7.27946752822821],[80.61333648603518,7.279353154833212],[80.61339012407495,7.279284537557379],[80.61344583798325,7.279240609392817],[80.61351866193085,7.279207536295381],[80.61362209848484,7.279176918519252],[80.61368116768044,7.279118159155471],[80.61370854426588,7.279045643902151],[80.61372985654502,7.278963360902474],[80.61373923338304,7.278911116364492],[80.61374074612831,7.278902685187981],[80.61375345210232,7.278830346427088],[80.6137751126565,7.278784325189277],[80.61385309921646,7.278754782478579],[80.61394700827499,7.278771997922917],[80.61406500395172,7.278798988451897],[80.61408893129732,7.278800849943141],[80.61416425973734,7.278806710587602],[80.61423871591947,7.278775086648957],[80.61426191695409,7.27872897550785],[80.61427273021476,7.278625888850265],[80.61428575986642,7.278539662808041],[80.61428984541669,7.278529031476886],[80.61429085157734,7.278518964232958],[80.61430837609865,7.278477685460264],[80.6143158941394,7.278471811085955],[80.61432559773067,7.278432477382325],[80.61432572570462,7.278416559888646],[80.61432597702489,7.278385001616273],[80.61433069178398,7.278372433492958],[80.61433958853215,7.278312662254663],[80.61430991402301,7.278227466304569],[80.61421357872995,7.278155087591889],[80.6141012098877,7.2780980753599],[80.61400151792733,7.278041973756757],[80.61397562114254,7.278029226461666],[80.6139055377477,7.277994734727526],[80.6138057549991,7.277944419683635],[80.6137851286288,7.277927845451033],[80.6137396613483,7.277891312472709],[80.61367374430566,7.277853308982579],[80.6136137290679,7.277773347045649],[80.61360641728888,7.277764776148362],[80.61354619673392,7.277694196271344],[80.61347720926531,7.277632045858122],[80.61341962518644,7.277593772229123],[80.613327982595,7.277568238813805],[80.6132052838431,7.277522436000845],[80.61308439294532,7.277491194891694],[80.6129854109963,7.277478408528164],[80.61290481817983,7.277452878109456],[80.61281797645073,7.277427345420275],[80.6127617448016,7.27740345151719],[80.61271698493988,7.277381978953689],[80.6126893061221,7.277368699212329],[80.6125987489542,7.277352118641632],[80.61254845493131,7.277352574309336],[80.61248373128558,7.277353161300609],[80.6123673557136,7.277352667932458],[80.61224464430998,7.277347106334239],[80.61216939717525,7.277315158076981],[80.61211544049829,7.277261512451472],[80.61204563831849,7.277199090238441],[80.61198489616511,7.277129256019555],[80.61194859729153,7.277079235802344],[80.61192566274667,7.277052180683278],[80.61188242342033,7.277001171346836],[80.61184168447903,7.276960371589336],[80.61176517687505,7.276910787998879],[80.61166829303947,7.276856946764311],[80.61157231204773,7.276808349889998],[80.61150259239078,7.276768355239799],[80.61144672018003,7.276752600032371],[80.61143123215652,7.276749505294879],[80.61135109162528,7.276733484416862],[80.61128291257884,7.276690776481814],[80.61124010094558,7.276624565910887],[80.61120335105525,7.276574905383615],[80.61115754011391,7.27653057874427],[80.61112948097674,7.276502583954889],[80.61111356927306,7.27648670854028],[80.6111674164252,7.276363814434686],[80.6112876951893,7.2761408761892],[80.61147682590847,7.275801201194022],[80.61152325895736,7.27571903233311],[80.61176240281264,7.275327985673309],[80.61187213800935,7.275096411848264],[80.61195173483547,7.274928442959116],[80.6119386354374,7.274839635657885],[80.6120053133924,7.274711247928816],[80.6120267240287,7.274670019480742],[80.61209632600982,7.274534761902937],[80.61214485637647,7.274412416452815],[80.61215080550996,7.274397418031404],[80.6121474705547,7.274393556353449],[80.61212799401896,7.27437100321315],[80.61200413888548,7.274272841433715],[80.61189892368468,7.274179350781599],[80.61189051758826,7.274171880901019],[80.61181217109527,7.274104906909186],[80.61178190154496,7.274079030138697],[80.61175896987737,7.274059427372818],[80.61174323053112,7.273993222157339],[80.61174052321309,7.273981831478058],[80.6117461251272,7.273942989179612],[80.611752662207,7.273897658846963],[80.61175731896898,7.273865363358301],[80.61176603597406,7.273839735865771],[80.61179813522263,7.273745343720092],[80.61180586584021,7.273722608733566],[80.61181165722849,7.273705581003047],[80.6118307403418,7.273649465985346],[80.61184447629967,7.27360907575843],[80.61184698396652,7.273601701173749],[80.61185129451795,7.2735800374479],[80.61185349651852,7.273568972291743],[80.61166061021709,7.27354416321225],[80.61152967014378,7.273544190660703],[80.6114185008718,7.273509696267994],[80.61128050548817,7.273446480457926],[80.61114825930615,7.273385180207613],[80.61093743997229,7.273268342416476],[80.61079945244678,7.273184071579673],[80.61065189420997,7.273065342355714],[80.61059824097829,7.273005985992218],[80.61049861398546,7.272858562630047],[80.6103565238309,7.272494140723103],[80.61029273207424,7.27235124833792],[80.61024387634602,7.272281363987633],[80.61020746938527,7.272241155280372],[80.61015188470935,7.272225821433865],[80.61007137362057,7.272224834245491],[80.60998415191033,7.272233416626228],[80.60985187558472,7.272255380592838],[80.60973972864771,7.272272565445618],[80.60967598678513,7.2722847446719],[80.60960529389833,7.27230266275108],[80.60953220693789,7.27231699256818],[80.60939682112249,7.272322924678469],[80.60930456684143,7.27232647895817],[80.60919075259504,7.2723216514225],[80.60908652968385,7.272292901351916],[80.60898709982467,7.272262958443499],[80.60896794456681,7.272229452372539],[80.6089691533506,7.272200741201698],[80.60898128455234,7.272153518462433],[80.60901354460155,7.272032077067561],[80.60903633684205,7.2719531289858],[80.60903156905475,7.271886131943808],[80.60902200116611,7.271841865496395],[80.60898847697142,7.271779643407471],[80.60892140563742,7.271726981875707],[80.60880281004643,7.271692244469186],[80.60872254844203,7.271663502270473],[80.60863648997909,7.271678514417876],[80.60854879194717,7.271757949385237],[80.60846851438302,7.271777059228222],[80.60839902725458,7.271777033484593],[80.60834991168416,7.271759071199417],[80.60831040444577,7.271681295547634],[80.60831043113575,7.271609516514819],[80.60829488548998,7.27153055244746],[80.60827335267417,7.271442017730241],[80.60826796367525,7.271431207503538],[80.60815516940686,7.271204943438399],[80.6081540724899,7.271205483804493],[80.60814345899385,7.271184760477745],[80.60803271900419,7.270960409745379],[80.60794291214677,7.270834762384088],[80.60790102346574,7.270715115682609],[80.60787412586117,7.270553602610637],[80.60785019042957,7.270484805199393],[80.60779628091072,7.270475812664168],[80.60775434523607,7.270484769563156],[80.60768843976972,7.270514653057492],[80.60755950844222,7.270548448605053],[80.60749653096354,7.270553776815698],[80.60731322484448,7.270553708499298],[80.60719222042013,7.270553662457209],[80.60712410881003,7.270542401072198],[80.60707960925956,7.27053208625663],[80.60702090964028,7.270516513037244],[80.60694664357605,7.270478203436127],[80.60689394545344,7.270433919922316],[80.60676458367975,7.270354914149494],[80.60673104419963,7.270336957519285],[80.60669270587678,7.27034053144661],[80.60664118076396,7.270356063456968],[80.60657407486246,7.270394321992089],[80.60652134802633,7.270428994917353],[80.60639789021228,7.270576095906433],[80.60634155720288,7.270639479977634],[80.60626604576531,7.270726782890489],[80.60617375248285,7.270820328222497],[80.60614883996263,7.270797660657284],[80.60613693504176,7.270786828064979],[80.60613308201188,7.270783322444666],[80.60611485616668,7.270766741537967],[80.60606188878579,7.270718546718197],[80.60605264664855,7.270709492983404],[80.60602876497855,7.270686203638668],[80.60600842029757,7.27066636011136],[80.60591181001465,7.270572143369962],[80.60585848096107,7.270520133137354],[80.60573125100281,7.270396054709098],[80.60560829500298,7.270276141266004],[80.60531520301195,7.26999030364298],[80.60525001671273,7.269931185568287],[80.6052482739816,7.269929605093503],[80.60501577203131,7.2697187604674],[80.60500006302301,7.269704514473764],[80.60494859822761,7.269651780494828],[80.60482810275585,7.269528318387076],[80.60471169918087,7.269409049240815],[80.60446423225052,7.269155488450792],[80.60436752289141,7.269066301987671],[80.60419345519436,7.268905774626393],[80.6041318844625,7.268848993581944],[80.60395137750153,7.268682525127581],[80.60394080296201,7.268671921773495],[80.6038261759356,7.268556959371254],[80.60362634079694,7.268361276263756],[80.60335778490563,7.268098300293819],[80.60325317051462,7.267995716954182],[80.60320701563097,7.267950457967979],[80.60311664862525,7.267861844281468],[80.60267456942024,7.267428341419937],[80.60261798764517,7.267372857047368],[80.60247721519242,7.267238876755339],[80.60236957872952,7.267132669421408],[80.60225406913644,7.267011629378567],[80.60222406487824,7.266981505480446],[80.6022240386257,7.266981478341293],[80.60212171783965,7.266878736470689],[80.60204106131049,7.266790120879836],[80.60202612401422,7.266773710181419],[80.60201539695022,7.266761977250763],[80.60197344010412,7.266716086743958],[80.601901387653,7.266625809615406],[80.6018001883078,7.266501609904092],[80.60178791872141,7.266483528168807],[80.60171094510164,7.266370089017427],[80.60166425004242,7.266279872255945],[80.60160549664272,7.266166360525262],[80.6015919215186,7.266145038164846],[80.60158735642645,7.266137677189622],[80.60153762845943,7.266028825182862],[80.60134798563554,7.265633666674914],[80.60129595448801,7.265523271012654],[80.60120060709723,7.265320969698146],[80.60102526189853,7.264948931461372],[80.60098762468594,7.264869079633571],[80.6009828695894,7.264858989392967],[80.60093286398792,7.264759197423216],[80.60082613929123,7.264546220857803],[80.6007131249792,7.264296499103679],[80.60069139915316,7.264259550825322],[80.60059511087297,7.264095789503714],[80.60059304677603,7.264091650614273],[80.60050606795124,7.263917064757976],[80.60040931999501,7.263750364235288],[80.60035448945408,7.263646119353035],[80.60033258258271,7.263604470421373],[80.60025141200676,7.263440578342879],[80.6001591407153,7.263301703095778],[80.60015303050928,7.26329250667593],[80.60006143543063,7.26315682566975],[80.5999739514229,7.263033940320468],[80.59996986301452,7.26302819640812],[80.5999339950835,7.262977814603709],[80.5998153245974,7.262834073822205],[80.5997011915704,7.262671074934377],[80.59955536284095,7.262504263790757],[80.59942700766943,7.262352110024939],[80.5992847860942,7.262185536226095],[80.59925178087755,7.26214687796425],[80.59925176096296,7.262146855348917],[80.59921980033683,7.262109445430402],[80.59919572939286,7.262081273330485],[80.59902997997158,7.261903873902457],[80.59877605875376,7.261645777918613],[80.59860841368548,7.261460510164195],[80.59837185461187,7.261266262733036],[80.5981152020126,7.261044697345338],[80.5979876970276,7.260934334969899],[80.59788462247896,7.260845118436514],[80.59765340547587,7.26065503434261],[80.59741004702684,7.26047914199823],[80.59740933904445,7.260478631692312],[80.59715953794026,7.260299086910733],[80.59689769388079,7.260145706854148],[80.59686863521449,7.26012869085518],[80.59665264597501,7.259997615331644],[80.5965818990244,7.259954680864406],[80.59638185020468,7.259846904559303],[80.59627903716553,7.259791514125525],[80.59614496003267,7.25972228537368],[80.59609240681945,7.259695152606541],[80.59606028800253,7.259678569407158],[80.59599192800506,7.259643277156637],[80.59593254645283,7.259614121445965],[80.59575597366184,7.259527431689664],[80.59571207125265,7.259508311730545],[80.59558222021334,7.259451761013946],[80.59544685654593,7.259391301476149],[80.59530307029479,7.259332101850947],[80.59521921036803,7.259302916391608],[80.59512695486326,7.259270809380668],[80.59491345062946,7.259178126213187],[80.59471574608402,7.259104656659254],[80.59465315105145,7.259081397361295],[80.59463329865835,7.25907401844387],[80.5942486511414,7.258942740425449],[80.59420996365823,7.258929527512125],[80.59415719689076,7.258911505289615],[80.59410085112475,7.258891381833431],[80.59372981291837,7.258758866332625],[80.59372775387284,7.258758134827806],[80.59368126871183,7.258741599038193],[80.59363151027095,7.258723898088992],[80.59357087167481,7.258702328668922],[80.59353165837544,7.258688379384545],[80.59327455403415,7.258596924934256],[80.59325449601593,7.258589789131971],[80.59322067101813,7.258781939818443],[80.59314376198853,7.259329720898891],[80.59329110850081,7.26050476431313],[80.59354036626112,7.261346491100663],[80.59375299356694,7.262014014428114],[80.59375668522603,7.263314657143677],[80.59355771231769,7.264166454436467],[80.59354683614383,7.264540111468946],[80.59356222224557,7.264764936312617],[80.59356289506107,7.264780763685966],[80.59349476464972,7.265323166699867],[80.59349537805942,7.265342566947973],[80.59344244193574,7.265770693031179],[80.59348045951006,7.266055685710451],[80.5934574750683,7.266212137042168],[80.59344499628718,7.266208340270212],[80.5934448835317,7.266332634785034],[80.59339186206414,7.268112748930442],[80.59327620379065,7.269706199587234],[80.5931103057552,7.271098647704124],[80.59303086003844,7.272017389328255],[80.59256288461182,7.273804499595255],[80.5921453764947,7.275218378116585],[80.59200856347144,7.275785377692812],[80.59195801005669,7.276359589771643],[80.59195792890563,7.276560571751581],[80.5920595039119,7.276719320794337],[80.59217530373347,7.276896144456372],[80.5924416976232,7.27719146749657],[80.59252313882205,7.27726327952526],[80.59259502292265,7.277268093356776],[80.59274753207087,7.277309627397904],[80.59301843671066,7.277270240842673],[80.59325162987014,7.277129585995871],[80.5934882393355,7.276987997355673],[80.59396626531759,7.276486398319986],[80.59402224805383,7.276435291619656],[80.59498676766513,7.275886069327265],[80.59502337625581,7.275888268776317],[80.59633348106519,7.275701484081273],[80.59644221840716,7.275703129701466],[80.59766614240436,7.275459927263228],[80.59873480836518,7.274788329704546],[80.59903143603545,7.27449868661942],[80.59921124963023,7.274240352550892],[80.59945627302218,7.272668483994518],[80.59928992794384,7.270668293637508],[80.59929928767934,7.269703944532305],[80.59930913400704,7.269036999901946],[80.59949025442339,7.268735463963404],[80.60027531002882,7.26817034430852],[80.60090231351688,7.268098526166169],[80.60226971959216,7.268786428157323],[80.60269125142061,7.269105899101667],[80.60311762554184,7.269464959175247],[80.6033140228313,7.269689942409219],[80.60342411556222,7.270029739097772],[80.603467138904,7.270312086057244],[80.60352923749348,7.270833706123393],[80.60377830284112,7.271183125014782],[80.60452561762298,7.271925127062916],[80.60488490132035,7.272293730318142],[80.60514841701747,7.272451744707243],[80.60542628988297,7.27267197134627],[80.60579522965173,7.272849166492247],[80.60614979371746,7.273026354135396],[80.60650908051706,7.273390170565657],[80.60666709988165,7.273725199781144],[80.6066957378372,7.274036253570377],[80.60659499139597,7.274323331047394],[80.60635053199682,7.274457227210513],[80.6062210709685,7.274639019419668],[80.60617785177146,7.274873482543886],[80.60609143848748,7.275275413516856],[80.60596512562627,7.275767932442706],[80.60587546507706,7.276117540988589],[80.60567630577475,7.276849613786691],[80.60536691481822,7.277603178108304],[80.60513669877693,7.278084010966933],[80.60481302349267,7.278586342448811],[80.60465469818345,7.279052846444527],[80.60464022190031,7.279311246280573],[80.60446759008308,7.279591119350787],[80.60438846356519,7.279727470768924],[80.60435240272184,7.280036106330628],[80.60421562613656,7.280545687515726],[80.60423223904743,7.280964404812662],[80.60458676236448,7.281646654728009],[80.60560782906663,7.282980268459081],[80.60721891849425,7.284809093355444],[80.60787307897229,7.285921997328894],[80.60794790404017,7.286039449747735],[80.60847328086744,7.286864125469116],[80.60850943598237,7.286994800620754],[80.6085321623566,7.286956552544165],[80.60879006446973,7.286522514312848],[80.60874332806907,7.286324750495425],[80.6088153089399,7.286073550212532],[80.60894477052928,7.285894150187065],[80.60909220212312,7.285721934212774],[80.60920726183296,7.285610719510101],[80.60934767936463,7.285584073645444],[80.60957030812307,7.285564196912103],[80.609793158559,7.285557101560672],[80.60995419669511,7.285523782111277],[80.61004773431102,7.285294124591585],[80.60994722827017,7.284928013351368],[80.61022045749694,7.284763022491029],[80.61095054312618,7.28432219019434],[80.6110527599538,7.283946183289785],[80.61105276318894,7.283934881317947],[80.61105285494772,7.283931624053759],[80.61105286111021,7.28391480402896],[80.61105315391077,7.283857200968932],[80.61104964574945,7.283791999474756],[80.61104605933298,7.283737694797354],[80.61104514246357,7.283723813418474],[80.61102959836002,7.283633377486161],[80.61104429197555,7.283573245830442],[80.6110271281057,7.283454414205909],[80.61101364555934,7.283410173512511],[80.61098606084767,7.283319658121589],[80.61096400392599,7.283207788739896],[80.61094021394425,7.283129556969932],[80.61089532590175,7.283043903109149],[80.61086664448061,7.282965760881476],[80.61087544857025,7.282942862638264],[80.61089529040322,7.282891256823781],[80.61091896461444,7.282791160088148],[80.6109197344893,7.282667450873384],[80.61093100225683,7.282564636693097],[80.61030822677083,7.282401953405657],[80.6101605648813,7.282018443274745],[80.61028942701607,7.281839043479686]]]]}},{"type":"Feature","properties":{"GND_N":"Deiyannewela","GND_NO":"261","GND_C":"150","PROVINCE_N":"CENTRAL","PROVINCE_C":"2","DISTRICT_N":"KANDY","DISTRICT_C":"1","DSD_N":"GANGAWATA KORALE","DSD_C":"30","Admin_Code":"2130150","GND_NO_Cen":"261","GND_NAME_C":"Deiyannewela","GND_NO_Gaz":"261","GND_NAME_G":"දෙයියන්ew","shape_1":"Polygon","Area__Ha_":33.5998627912,"MWS_ID":"116","Alt_MWS":null,"Total_Pop":3273.0,"Density":9741.11120733,"Area_Sqkm":0.33599862791},"geometry":{"type":"MultiPolygon","coordinates":[[[[80.63439950847541,7.290360375116776],[80.63443667766374,7.290243460379321],[80.63449285611158,7.290157479676972],[80.63436621260311,7.290256551557252],[80.63435754078203,7.29025672246012],[80.63426242245161,7.290258597944638],[80.63419794194084,7.290251886736643],[80.63414804284311,7.290236045739124],[80.63412260764686,7.290194349360722],[80.63411113611788,7.290097856599471],[80.6341098956628,7.290010771809778],[80.63412036327546,7.289844564171026],[80.63412211596541,7.289818017092651],[80.6341313744505,7.289677813215429],[80.63416087623918,7.289538051577343],[80.63416611338039,7.28951324185627],[80.63418082595187,7.289467211117392],[80.63420328235561,7.289396959241342],[80.63423507298603,7.289287953668958],[80.63426475293022,7.289186186377858],[80.63427600067835,7.289130665692066],[80.63428698672624,7.289043402974848],[80.63428537735935,7.288977297900807],[80.634278789011,7.288892794116707],[80.63427229898639,7.288809546440371],[80.63425990945687,7.288749315045536],[80.6342227970827,7.288686273444982],[80.63417291292106,7.288626483317981],[80.63416673421347,7.288621581860225],[80.63411623251864,7.288581522526022],[80.63406172177564,7.288551934661087],[80.63402513748623,7.28853754382248],[80.63397786370764,7.288531561444782],[80.63392379422262,7.288535794644566],[80.63378051754397,7.288537738060781],[80.63358535330215,7.288517601863274],[80.63352367101716,7.288512584302482],[80.63347677135422,7.288500676995836],[80.6334716982323,7.288499389473826],[80.63331276286253,7.288474922139759],[80.63305557255438,7.288414615028207],[80.6329863896472,7.288386608533817],[80.63298023283158,7.288384116130891],[80.63290146070655,7.288310751254676],[80.63285094488441,7.288247254045591],[80.6328269542965,7.288211734444499],[80.63279174330255,7.288159607368802],[80.6327512978544,7.288041222138459],[80.63273304145282,7.287921938743403],[80.6327358708264,7.287850590115544],[80.63274911296563,7.287795160530914],[80.63275048085305,7.287788414862975],[80.63276353472757,7.287724085969604],[80.6327671138307,7.287712944281108],[80.63278356973193,7.28766169540492],[80.63290065626087,7.287426072028732],[80.63295503524783,7.287302560540184],[80.6329726823967,7.287236000369952],[80.63297844841172,7.287214254608021],[80.63298958237836,7.287172261388185],[80.63304413848998,7.287064034476926],[80.63311073831186,7.286954995690592],[80.63316157801366,7.286853821151995],[80.63316956402008,7.286802820973417],[80.63317248588999,7.286725142243951],[80.63317135181731,7.286717169546995],[80.63316752939649,7.286690324997544],[80.63315703445888,7.286616620050988],[80.63315179122704,7.286594950379425],[80.63311578958812,7.286446146721703],[80.63311508639497,7.286441706369718],[80.63310855969095,7.286400567544946],[80.6331134745795,7.286323974609721],[80.63312415673161,7.286290078373222],[80.63313350893749,7.286260408429091],[80.63316151199042,7.286208871099722],[80.63322556269381,7.286141159049449],[80.63324459100541,7.286111323963503],[80.63327097685769,7.286015927402908],[80.63327015020081,7.285978152582149],[80.63326927981367,7.285938338543446],[80.63326725020747,7.285904157947903],[80.63326115958007,7.285801613447432],[80.63325955427742,7.285774565226435],[80.63325928042036,7.28576995319269],[80.63321783156672,7.285674446550815],[80.63315509118233,7.285605970028098],[80.63308266396778,7.285528720495374],[80.63306539725023,7.285512706144757],[80.63299556352574,7.285447938614644],[80.6328971406537,7.285381169829476],[80.63281113484416,7.285284472521897],[80.63276797407336,7.285161654430498],[80.63274066452604,7.285029074890125],[80.63271696130758,7.284950573833807],[80.6326468389921,7.284743103470501],[80.6325788646345,7.284616208113202],[80.63249856398231,7.284515986680892],[80.63247393678694,7.284497982309133],[80.6324548676696,7.284496807885163],[80.63242820205984,7.284495164423612],[80.63238345970521,7.284501571647935],[80.63238210388067,7.284501752077203],[80.63237086870394,7.284511876699955],[80.63231759782177,7.284566388334289],[80.6322716479263,7.284675794411559],[80.6322315052441,7.284742158397647],[80.63219780137138,7.284787091537473],[80.6321727577448,7.284808216222816],[80.63214389936654,7.284832560819418],[80.63210205484381,7.284848191024246],[80.63197544140611,7.28485077402403],[80.6319341094032,7.284849663913306],[80.63187319364955,7.284848028475557],[80.63181821977545,7.284849638663827],[80.6317937635421,7.284860572921112],[80.63177419625917,7.28487648240763],[80.63172736233179,7.284912277851674],[80.6317235873814,7.284912817418393],[80.63173228579195,7.284973459162811],[80.63163557834022,7.285062541907551],[80.63152119243838,7.285086693611103],[80.63134660712005,7.285126095157084],[80.63119893243012,7.285069934879376],[80.63106844874457,7.284997565012039],[80.63106028193233,7.284993505684928],[80.63092918995478,7.284956836572618],[80.63083762432098,7.284962780960507],[80.63075304083495,7.284984193875942],[80.63069363981784,7.28500348163177],[80.63067993384064,7.285002755585111],[80.63047724160026,7.284940788007332],[80.63022135521948,7.284846675075748],[80.63023476260676,7.28468995098732],[80.63021495808275,7.284624516440208],[80.62996722883322,7.284545429192885],[80.62984420527053,7.28447342401655],[80.6298319632702,7.284479772783058],[80.62977370874525,7.284543959447737],[80.62971327385729,7.284634551053124],[80.62967095223999,7.284713482105658],[80.62963062012732,7.284806973985543],[80.62960931646364,7.284870720456034],[80.6295939779182,7.284971997444859],[80.62958788697442,7.285045606657531],[80.62957298812918,7.285184411467346],[80.62956421207107,7.285251941985736],[80.62955973233971,7.285286413475825],[80.62954385805445,7.285364087972546],[80.62953912288194,7.285443212064025],[80.6295232485576,7.285520976989631],[80.62948916378934,7.285619354116464],[80.62943280122795,7.285713383350422],[80.62938369269031,7.285780467601928],[80.62932127125376,7.285846642313585],[80.62929826372599,7.285858299442418],[80.62925639452932,7.285876804151562],[80.62924101785181,7.285883601320227],[80.62922280962262,7.285900145051627],[80.62919743514205,7.285946527552333],[80.62919715758918,7.285947818807007],[80.6291844645429,7.286006839451512],[80.62918071031747,7.286135339712961],[80.62918168298394,7.286201987173936],[80.62921180336528,7.28637143083273],[80.62922634150277,7.286453218027476],[80.62911510248912,7.286382460805081],[80.62908526901266,7.286363483334819],[80.62907485609021,7.286356860445583],[80.62889327212208,7.286240921170182],[80.62882630354376,7.286198164680973],[80.62872715549287,7.286134831115112],[80.62864089845743,7.286063697600888],[80.62841615929763,7.285878359575385],[80.62832949673577,7.285806890373814],[80.6282956447238,7.285777488539249],[80.62816606115857,7.285664935425803],[80.62796099995847,7.285486827197167],[80.62773236847387,7.2852861433456],[80.62753473972249,7.285112667401054],[80.62746674513492,7.285054047090703],[80.62736650599169,7.284963960872634],[80.62715025054617,7.284769614546928],[80.62702645608135,7.284658359792955],[80.62695693944188,7.284601807046442],[80.6269236682682,7.284574739309419],[80.62668484153075,7.284380446803451],[80.62660837413796,7.284318238906224],[80.62657091548152,7.28428776415226],[80.62655962500978,7.284278578120573],[80.62651563498657,7.284247464570518],[80.62649729072227,7.284234487171247],[80.62649065745082,7.284229795258267],[80.62647269347353,7.284217087466315],[80.6264666325182,7.284223475264804],[80.62646196994515,7.284226984225175],[80.62639995871672,7.284273641999579],[80.62636420872819,7.28430678823443],[80.62633599973515,7.28433294218165],[80.62626869333073,7.284381663610099],[80.62617503192182,7.284437065412098],[80.62611433607603,7.284485155094206],[80.62603652332723,7.284535950182566],[80.62597917907489,7.284584673067092],[80.62590394498493,7.284506968419931],[80.62585044291066,7.28443777143871],[80.62578673709983,7.284367774365051],[80.62576597712918,7.284344962740547],[80.62568150721528,7.284261919594963],[80.62565764121983,7.284240734676961],[80.62564845255612,7.28425394981549],[80.62563712099215,7.284283788044308],[80.6256357407319,7.284335419675424],[80.62563418715493,7.284393479035235],[80.62563424265966,7.284395412453778],[80.62563511658145,7.284425338847839],[80.6256351300261,7.284425758448947],[80.6256358884136,7.284451808057055],[80.6256803653092,7.284500172339861],[80.62573945691071,7.284564427376091],[80.62578490006358,7.284629371463698],[80.62578634829826,7.284634526473353],[80.6257856222038,7.284639229512224],[80.62576473739318,7.28467836170489],[80.62573157597407,7.284740498898094],[80.62572890352273,7.284745504230449],[80.62568747733457,7.284823131189365],[80.6256401683002,7.284924218328206],[80.62560326565402,7.285051168379711],[80.62564082599572,7.28512153657725],[80.62566146609015,7.285150841967831],[80.62570147933343,7.285201135448862],[80.62576251237455,7.28522584324155],[80.62581919105578,7.285272162421147],[80.62589388768328,7.285332412949373],[80.62594387429658,7.285349430468056],[80.62600011178792,7.28536093471407],[80.62603072291802,7.285363927277416],[80.62612221725894,7.285365756326477],[80.62614130205245,7.285366135236116],[80.62619835765096,7.285365882884658],[80.62626790990981,7.285372598709905],[80.6263186240227,7.285386180077066],[80.62634939231327,7.285455821618277],[80.62634991041298,7.285458353838725],[80.62635776962217,7.285496747728229],[80.62635879497049,7.285501762428853],[80.62635987109165,7.285539291364219],[80.62635197619826,7.285583690028767],[80.62633140097986,7.285631430409853],[80.62628863645031,7.285686669145834],[80.6262121708322,7.285773729067124],[80.62617910491242,7.285810100013795],[80.6261342719854,7.285859413053681],[80.62613292840105,7.285860892951693],[80.62610064252628,7.285896405967639],[80.6263835400749,7.28612607616341],[80.62638827358236,7.286129919212055],[80.62662560186439,7.286322596293892],[80.62689685968877,7.286557172687756],[80.62720152939282,7.286813733600708],[80.6272652684895,7.286866927634128],[80.62729852893185,7.286866746883006],[80.62742233204241,7.286866072357713],[80.62759420588917,7.286865135988799],[80.6279409572927,7.286949693714129],[80.62802273099118,7.286969633291235],[80.62807192626659,7.286997837452902],[80.62844509070025,7.28721176763075],[80.62850979437597,7.287248861594612],[80.62855220992034,7.287277100565264],[80.62866435434975,7.28735176119368],[80.6288258928102,7.287459305709266],[80.62882888537001,7.287461299769405],[80.62884626485547,7.287472875995969],[80.62885931423054,7.287498731564694],[80.62895605053147,7.287690397590317],[80.62896964067075,7.287776995372052],[80.62900394998822,7.287995615496875],[80.62911582160594,7.288204816333788],[80.62932946883177,7.288478709721356],[80.62975139812939,7.288822752259374],[80.63000701748433,7.288973221564367],[80.63004350866612,7.288983973780153],[80.63008740653142,7.289041708743553],[80.63017882478118,7.289126992382599],[80.63021754011562,7.289191380424845],[80.63020349009643,7.289234624179919],[80.63013193469473,7.289297878752508],[80.63044748194451,7.289673481687187],[80.63063911985205,7.289867347392659],[80.6308668136795,7.290108164281881],[80.63102491411092,7.290268522743585],[80.63109201728521,7.290244617351704],[80.63117586168232,7.290316423339173],[80.63123488669537,7.290263162558009],[80.63135135076347,7.290131589458132],[80.63158423108575,7.289830563697559],[80.63160079957744,7.289841141209859],[80.63211503689574,7.290054107061889],[80.6323687033407,7.290159159420833],[80.63253703929895,7.290245664376862],[80.63254401019736,7.290254257474005],[80.63278055631457,7.290583317230547],[80.6329245789925,7.290800577462214],[80.63299065153741,7.290927471244768],[80.63306269831456,7.29107019402471],[80.63314841420747,7.291230644560312],[80.63322832114211,7.291388407460307],[80.63333281344687,7.291594710265012],[80.63341360932021,7.29175422957004],[80.63352068955157,7.291945432191748],[80.63352338538756,7.291949383039561],[80.63357254683534,7.292021429026514],[80.63371360010883,7.291937083990722],[80.63373733223409,7.291925877215673],[80.63375472531038,7.291915483216804],[80.6337612488394,7.291904091959561],[80.63379207279775,7.291805623070835],[80.63383113233785,7.291726146237457],[80.63387994768554,7.291641128192421],[80.63388704299084,7.291628770413243],[80.63396377611679,7.291556450337564],[80.63403045192062,7.291495069150093],[80.63410954293893,7.291412621595339],[80.63417541003157,7.29133659041962],[80.63423518971713,7.291267506889882],[80.63423556751962,7.291267068421621],[80.63430116062362,7.291195287365089],[80.63434900254883,7.29112937869367],[80.63437647127446,7.291043840239977],[80.6343747865484,7.290923658721756],[80.63437431082315,7.290889947053754],[80.6343734586037,7.290829520342594],[80.63437186656441,7.290711236080462],[80.63436654420597,7.290641422202085],[80.6343618469169,7.290605611224462],[80.6343464706486,7.290538958344875],[80.63437311637406,7.290478378398517],[80.63439950847541,7.290360375116776]]]]}},{"type":"Feature","properties":{"GND_N":"Katukele","GND_NO":"255","GND_C":"110","PROVINCE_N":"CENTRAL","PROVINCE_C":"2","DISTRICT_N":"KANDY","DISTRICT_C":"1","DSD_N":"GANGAWATA KORALE","DSD_C":"30","Admin_Code":"2130110","GND_NO_Cen":"255","GND_NAME_C":"Katukele","GND_NO_Gaz":"255","GND_NAME_G":"කටුකැලේ","shape_1":"Polygon","Area__Ha_":42.3243962443,"MWS_ID":"116","Alt_MWS":null,"Total_Pop":2252.0,"Density":5320.80832766,"Area_Sqkm":0.42324396244},"geometry":{"type":"MultiPolygon","coordinates":[[[[80.63074781458357,7.294413295521029],[80.63081873019031,7.294412414062397],[80.63096806073636,7.294454511311836],[80.63102202726,7.294493775417823],[80.63109455137396,7.294560265905388],[80.63116290758795,7.294626754138085],[80.63118545985785,7.294601379409224],[80.63113662321452,7.29456162503021],[80.63113762186939,7.294534476368799],[80.63114105589449,7.294490445154354],[80.63122101912772,7.294329589021533],[80.63141649350544,7.294431927516213],[80.63152050282999,7.294486402613375],[80.63167994458703,7.294206514952797],[80.63142356791249,7.29409635652702],[80.63121513381493,7.294004187282811],[80.63113606009166,7.293993394345367],[80.6310282493311,7.293926366214313],[80.63087579907584,7.293886540496016],[80.63037733999134,7.293998833448989],[80.63035882846529,7.293849246723547],[80.63038585860599,7.293837199288232],[80.63056118536804,7.293759062616948],[80.63056553299623,7.29372986498206],[80.63058705328868,7.293585353462755],[80.63059712914655,7.293514640222406],[80.63061127137749,7.293472233879347],[80.63064761112213,7.293403518572482],[80.63068439404452,7.293367447837402],[80.63068528176635,7.293366948043984],[80.63074245736689,7.293334822115571],[80.63077479449971,7.293320634976303],[80.63093528726193,7.293297716443925],[80.63097650194186,7.293280277559925],[80.63140261011988,7.293030826795581],[80.63164845317894,7.292895712272613],[80.63180268099889,7.292639120426508],[80.63186900046968,7.292566282840236],[80.6320200391082,7.292400401434918],[80.63202772915538,7.292391955891357],[80.63176790910232,7.292056104234633],[80.6317361589489,7.292013897489324],[80.63144340003949,7.291624710167766],[80.63120418905531,7.291306709409998],[80.63117382908533,7.291264888305244],[80.6311983022801,7.291241790316447],[80.63120293960289,7.29123806155525],[80.63141853679235,7.291103309990214],[80.63144526399864,7.291069496718663],[80.63146700848526,7.291043278898723],[80.63153050355102,7.291019426546172],[80.63157171897616,7.290993306292446],[80.63161785657182,7.290976068771239],[80.63139521857093,7.290649779146865],[80.631436407282,7.290619340848735],[80.63139677190563,7.29054522412165],[80.63136604989455,7.290460563362509],[80.63136042886569,7.290445080795244],[80.63131188476763,7.290361574537528],[80.63123977731068,7.290263128859835],[80.63123488669537,7.290263162558009],[80.63117586168232,7.290316423339173],[80.63109201728521,7.290244617351704],[80.63102491411092,7.290268522743585],[80.6308668136795,7.290108164281881],[80.63063911985205,7.289867347392659],[80.63044748194451,7.289673481687187],[80.63013193469473,7.289297878752508],[80.63020349009643,7.289234624179919],[80.63021754011562,7.289191380424845],[80.63017882478118,7.289126992382599],[80.63008740653142,7.289041708743553],[80.63004350866612,7.288983973780153],[80.63000701748433,7.288973221564367],[80.62975139812939,7.288822752259374],[80.62932946883177,7.288478709721356],[80.62911582160594,7.288204816333788],[80.62900394998822,7.287995615496875],[80.62896964067075,7.287776995372052],[80.62895605053147,7.287690397590317],[80.62885931423054,7.287498731564694],[80.62884626485547,7.287472875995969],[80.62882888537001,7.287461299769405],[80.6288258928102,7.287459305709266],[80.62866435434975,7.28735176119368],[80.62855220992034,7.287277100565264],[80.62850979437597,7.287248861594612],[80.62844509070025,7.28721176763075],[80.62807192626659,7.286997837452902],[80.62802273099118,7.286969633291235],[80.6279409572927,7.286949693714129],[80.62759420588917,7.286865135988799],[80.62742233204241,7.286866072357713],[80.62729852893185,7.286866746883006],[80.6272652684895,7.286866927634128],[80.6273376379784,7.286927324563065],[80.62734331671625,7.286932063173333],[80.62774921310859,7.287269773045878],[80.62817095091832,7.287635430716604],[80.62836827016045,7.287828843458901],[80.6284715332076,7.287930060610937],[80.6285065803324,7.287974897468608],[80.62825933078535,7.287814905950118],[80.6281814584367,7.287753867116527],[80.62804977989046,7.287698096281763],[80.62788557315376,7.287585967608257],[80.62777225986704,7.287504969048988],[80.62761288586212,7.287428592583407],[80.62748881876219,7.287386239426692],[80.62725560638869,7.287391693329225],[80.62700423455874,7.28748201899971],[80.62684925497395,7.287566795041786],[80.6266701970846,7.287693446760353],[80.62663507497503,7.287714140961867],[80.62653472053236,7.287841735633041],[80.6264208678727,7.287934411570894],[80.62630834554575,7.287967327960848],[80.6262073567617,7.28799225411302],[80.62614676578865,7.287993228727328],[80.62606616473941,7.287987142217176],[80.6260232461592,7.28795764858061],[80.62598206803565,7.28786910362921],[80.62589875751654,7.287566405711509],[80.6258482253321,7.287462914933175],[80.62580888673813,7.287382349243136],[80.62574416387072,7.287289456682595],[80.62565454055213,7.28717557327502],[80.62560349750628,7.287134896994716],[80.62555078034916,7.287092885399399],[80.62554343808517,7.28708768140062],[80.62545670358564,7.287026208702647],[80.62536922836118,7.286991543803567],[80.62533169533569,7.286990735487299],[80.62533006720625,7.28698999341525],[80.62532491616572,7.286899681667634],[80.62533044437356,7.286853537835365],[80.62535819140527,7.286809321255512],[80.62537212817253,7.286734886396608],[80.62531993357284,7.286709329646989],[80.62520976242114,7.286699458553902],[80.62511377511807,7.286699493390125],[80.62489454371968,7.286702400621853],[80.62474709635755,7.286709172386261],[80.62466416887347,7.286765157112214],[80.62459530627342,7.286883045175688],[80.62458545264202,7.286945078862292],[80.62453399692308,7.287024919685834],[80.62449239374904,7.287123947693805],[80.62444485033247,7.287222953807532],[80.6243487775599,7.28721560752984],[80.62416876025598,7.287250355427502],[80.6239892835178,7.287105763884951],[80.62391015332334,7.28706524253794],[80.62380324683588,7.287101459096435],[80.62363836414029,7.287253584076658],[80.62345387030895,7.287164807824554],[80.62331707046994,7.287156065784706],[80.62315709525066,7.287137922860737],[80.62310941712721,7.28721938259338],[80.62306517456037,7.287289005255463],[80.62302132960787,7.287454391010729],[80.62299635474606,7.287548598244086],[80.62306265447653,7.287634269957815],[80.62308485132444,7.287647650311143],[80.62296081367236,7.287764817670656],[80.62295280201943,7.287778615519625],[80.62287147568912,7.28788144243322],[80.62280300257596,7.287954746397926],[80.62277824903923,7.287981245823031],[80.62264960002521,7.288113050380654],[80.62255391426267,7.288253093457565],[80.62247500907243,7.288317362549122],[80.622414404092,7.288274354985164],[80.62228729992393,7.288520208822999],[80.62209055597926,7.288698420532311],[80.62199710460878,7.288861052823433],[80.62201596614376,7.288876430599811],[80.62215440181077,7.288989295024008],[80.62232610134717,7.28906875946245],[80.6223941820039,7.289105812037066],[80.62240219132646,7.289120177805174],[80.62243668378566,7.289159345857668],[80.62247596917597,7.289219314502873],[80.62254331394608,7.289329571925036],[80.62258304345836,7.289412508194508],[80.62258600912446,7.289482684908224],[80.62258505821063,7.289615345803802],[80.62289873463165,7.289580885389],[80.62303825954284,7.290180503554703],[80.62434716772842,7.289868491674786],[80.62464081886698,7.289627284312977],[80.62486311877717,7.289663300360792],[80.62500781334172,7.289736366749682],[80.62518673197901,7.289828936784459],[80.62519466372795,7.289829167320421],[80.62544274833931,7.289945664714554],[80.62571267485654,7.290043766688093],[80.62603616856178,7.290137699391605],[80.62628185479322,7.290114439136669],[80.62653763981332,7.290135625869682],[80.62654643636475,7.29013620572953],[80.62676486382327,7.290202965866127],[80.62698693990342,7.290183404154066],[80.62706510223342,7.290113417025945],[80.62729432955122,7.290112588349856],[80.62749496852854,7.290218891056622],[80.62766539492515,7.290370686457308],[80.62775815973856,7.29051629435708],[80.627805911841,7.290590925894051],[80.62754899381845,7.29071142930169],[80.6275353437156,7.290658918267309],[80.627546355115,7.290811679456635],[80.62743730197825,7.29090423964798],[80.62737350327183,7.290958391799967],[80.62731199497503,7.29099888429775],[80.62729315182364,7.291011990477672],[80.62726143808082,7.291061083668452],[80.62724919251728,7.291115880386341],[80.6272487146437,7.291191570382153],[80.6272267515104,7.291335888976882],[80.62732356874767,7.291326877874541],[80.6274318769251,7.291359558900866],[80.62752677227164,7.291416561234376],[80.62753365374765,7.291421447639769],[80.62756461313896,7.291465406047458],[80.62767941899287,7.291571156828928],[80.62775717647848,7.291685668047613],[80.62781066599547,7.291793659394132],[80.62784831568959,7.291873159085186],[80.62785374099359,7.291902370755499],[80.62785506678871,7.291996147401781],[80.6278526989937,7.292035754186521],[80.62794348930855,7.292185717423739],[80.62801629321254,7.292222365588239],[80.62805921232672,7.292251860849319],[80.6281329319754,7.292257943857758],[80.62820665346968,7.292258419272557],[80.62826506935696,7.292258167123244],[80.62834867723096,7.292247398034101],[80.6283821062859,7.292402411922275],[80.62839378495164,7.292653337191812],[80.62833064744066,7.292938496573088],[80.62828470429514,7.293126458962822],[80.62831197719986,7.293257652400952],[80.62844556298167,7.293343607622899],[80.62849723675522,7.293576477092532],[80.62853810055218,7.293853201707603],[80.62860176666312,7.294135195006248],[80.62873314828565,7.294478390123542],[80.62929189775289,7.294825260314495],[80.62947085030639,7.294931072215514],[80.6299986226063,7.29514571516505],[80.63010359923831,7.294996361939242],[80.63023704982884,7.294809290378966],[80.6302441327232,7.294799360710722],[80.63042498888615,7.294635025930939],[80.63045494569751,7.294607807043936],[80.63059189167407,7.294469128460611],[80.63060135274696,7.294459548614393],[80.63067046151741,7.29442792029749],[80.63068072887275,7.29442322032796],[80.63068368996532,7.294421864828101],[80.63071098459118,7.294418217529163],[80.63074781458357,7.294413295521029]]]]}},{"type":"Feature","properties":{"GND_N":"Heeressagala","GND_NO":"242","GND_C":"215","PROVINCE_N":"CENTRAL","PROVINCE_C":"2","DISTRICT_N":"KANDY","DISTRICT_C":"1","DSD_N":"GANGAWATA KORALE","DSD_C":"30","Admin_Code":"2130215","GND_NO_Cen":"242","GND_NAME_C":"Heeressagala","GND_NO_Gaz":"242","GND_NAME_G":"හීරැස්සag","shape_1":"Polygon","Area__Ha_":323.792435159,"MWS_ID":"116","Alt_MWS":null,"Total_Pop":4880.0,"Density":1507.13836091,"Area_Sqkm":3.23792435159},"geometry":{"type":"MultiPolygon","coordinates":[[[[80.6279171560921,7.280806961182502],[80.62811358233922,7.280795417908378],[80.62824704885494,7.280725778688986],[80.62824938793871,7.280723645298299],[80.62835236032245,7.280612616955978],[80.62835882070236,7.280608657314902],[80.62847005540999,7.280552448707425],[80.62850355875138,7.280564108886478],[80.62852993255372,7.28051578700476],[80.62855432296294,7.280428800982495],[80.62856749476344,7.280306905185443],[80.62857533728882,7.28014485657683],[80.62857800185434,7.280028203212006],[80.6285753188948,7.279918871150142],[80.62856936840863,7.279839832185539],[80.6285700297009,7.279806115448677],[80.6285725909964,7.279675703071911],[80.62857779400618,7.279556517579263],[80.62859031667516,7.279478119463568],[80.62861007965611,7.279420069632605],[80.62865892126956,7.279333813210906],[80.62870240972617,7.279280383965426],[80.62874790610367,7.279182281875595],[80.62876902832718,7.279118987519398],[80.62879470390239,7.278976025511572],[80.62879901373938,7.278937618435331],[80.6291654097305,7.278986911896267],[80.6292213384726,7.278959911293704],[80.62927091234417,7.278913314172228],[80.62936295161025,7.278884230008581],[80.62947795991585,7.278891045082118],[80.62955043414993,7.278935531378062],[80.62961983463302,7.278971679892693],[80.62975950673687,7.278994162710473],[80.62988211645425,7.279033554059069],[80.6301742314162,7.279114349406032],[80.63029789196996,7.279167065894556],[80.63050028891651,7.279249172262633],[80.63071103983711,7.279319353465223],[80.63070557230192,7.279387198886177],[80.63071679337972,7.279414874182995],[80.63075707953067,7.279461639630739],[80.63077626292007,7.279514998801798],[80.630813288584,7.279559502437524],[80.6309035765267,7.279574905514878],[80.63093264755723,7.279575547865289],[80.631001507163,7.279480798063422],[80.63105007075738,7.279412810930297],[80.63106963244913,7.279385463834458],[80.63122746094774,7.279377575568486],[80.63140177305988,7.279386729603369],[80.63157080285674,7.279375157053561],[80.63157065715592,7.279349405154915],[80.63156398684761,7.279251286087053],[80.6315639900732,7.27924405256399],[80.63156402391833,7.279135699827529],[80.63155007393335,7.279145206831329],[80.631575774681,7.278923841538496],[80.63157174936279,7.27876766702563],[80.6315716475246,7.278523231928415],[80.63157295465341,7.278398077634967],[80.63157774792283,7.278345358268416],[80.63158086164722,7.27831108525362],[80.63160717224888,7.278167490253895],[80.63165260825618,7.277967202431249],[80.63167038320144,7.277894049948644],[80.63171787624019,7.277777409953294],[80.63175086840972,7.277693772404223],[80.6317983501655,7.27760941513012],[80.63187481777445,7.277511233965544],[80.63191377428697,7.277467748482443],[80.63194076887821,7.277453198706665],[80.63196060826434,7.277432132948956],[80.63200113749977,7.277378446509934],[80.63201732545306,7.277357004299732],[80.63206208604781,7.277288471441733],[80.63213336818829,7.277260099915593],[80.6322145168669,7.277252892223686],[80.63227457071517,7.277219269427323],[80.6323365352943,7.27716060163614],[80.63236688814244,7.277117112471828],[80.6323688919826,7.277084106025071],[80.63236292384637,7.277058422807913],[80.63224477460173,7.276939921450803],[80.63219398502821,7.276889896391076],[80.63216756213997,7.276818719281703],[80.63214901903348,7.276748179500698],[80.63208167395626,7.276642805772673],[80.63202953427712,7.27656113054051],[80.63198663726844,7.276466255414653],[80.63194437660691,7.276358267179937],[80.63193027673351,7.276327021705301],[80.63191731806529,7.276298303218614],[80.63185593979446,7.276225849822421],[80.63184372987875,7.276214797144921],[80.63178468571866,7.276161350234358],[80.63171868171277,7.276107976151227],[80.63164542780959,7.27607241271655],[80.63160901592941,7.276060352140778],[80.63144675172047,7.276006606327107],[80.63136760558972,7.275982888245571],[80.63134252177724,7.275975464926234],[80.63134253763558,7.275928893292167],[80.63135170282376,7.275874909296657],[80.63137154932969,7.275828705731112],[80.63140579393203,7.275795800035942],[80.63144736747878,7.275775376977639],[80.63150216360016,7.275765445353538],[80.63153340300735,7.275753162237306],[80.63154237810944,7.275749633800586],[80.63162091222765,7.275704805435875],[80.63165769646902,7.275679578975027],[80.63166972629257,7.275701476009838],[80.63166990557222,7.275704417767027],[80.63179705841573,7.275703414793996],[80.6318452392739,7.27570343016637],[80.63190193597666,7.275688888055263],[80.63199433023365,7.27562896217231],[80.63213608885553,7.275543913248899],[80.63218364632601,7.275513634211837],[80.63227795485106,7.275417355868503],[80.63230631133368,7.275383092678884],[80.63232934036422,7.275302073481962],[80.63233524541991,7.275241487008856],[80.63235437187804,7.275189405193333],[80.63238934489794,7.275135338944534],[80.63240911311314,7.275061553135933],[80.63242138595118,7.274974559397193],[80.63249218729442,7.274975943766739],[80.6325449840473,7.274981837599094],[80.63260240934898,7.274954093698439],[80.63272179720074,7.274875728427979],[80.63272538164055,7.2748731007533],[80.63277850417775,7.274834149333294],[80.63282008414205,7.274795910458722],[80.63283968836814,7.274770531053584],[80.63288468349182,7.274712282820525],[80.63292690074059,7.27466346378309],[80.63295136886552,7.27461608510567],[80.6330047277162,7.274560035156513],[80.63307863172393,7.274544234121325],[80.63337280353255,7.274480030147552],[80.63341600648124,7.274467021804623],[80.63354235261367,7.27443848564673],[80.63360620160842,7.274427472356848],[80.63374893495669,7.274414044081735],[80.6338481951035,7.274409102546035],[80.63396801558626,7.274390781945042],[80.63408710918138,7.274382862386677],[80.63417496682015,7.274350877609484],[80.63425078496515,7.274295738860604],[80.63431763174924,7.274264017851726],[80.63445167953955,7.274220291547404],[80.63452178380575,7.274194541742141],[80.6345895265482,7.274187779759523],[80.63466659994135,7.274172701089078],[80.63480734106886,7.274161260419609],[80.63492159635935,7.274163072151603],[80.63516111841501,7.273993313158689],[80.63562648492962,7.273814250219401],[80.63589952673797,7.273638810449793],[80.63618122525237,7.273410953401166],[80.63649861271118,7.273162533366309],[80.63670741134482,7.272724866699329],[80.63670286601989,7.272639745875802],[80.63648622088729,7.27265069077284],[80.63646847230585,7.272650686198944],[80.63648197232911,7.27263097653875],[80.63650318098294,7.272579435947691],[80.63651669180268,7.272516048406398],[80.63654471037906,7.272410253482417],[80.63654898609693,7.272348041398518],[80.63654103789499,7.272273160765804],[80.63653627357581,7.272164190662181],[80.63651972183642,7.272092383816531],[80.63651392839935,7.272083972905911],[80.63648251883397,7.272038656677665],[80.63642647855707,7.271970816577594],[80.63638430032051,7.271898639188335],[80.63637941592714,7.271876302274796],[80.63638622670916,7.271819332320371],[80.63641591553129,7.271575179399547],[80.63643486585089,7.271502027957633],[80.63646940316818,7.27139894705288],[80.63650983697418,7.271257979432864],[80.63651976533532,7.271190839728527],[80.63648878209385,7.270947458434845],[80.63600169672215,7.270157419078147],[80.6355024339923,7.269289510315015],[80.6354917055849,7.269296499965446],[80.63539081143047,7.269320433569677],[80.63532044181441,7.269328459087137],[80.6352936376677,7.269320855498288],[80.63526023521332,7.269272374405558],[80.63524485786978,7.269210876941949],[80.63523482892026,7.269141422362172],[80.63525891341104,7.269154994419298],[80.63531279776987,7.269153203481098],[80.63536642040327,7.269125276258163],[80.63539446225353,7.269101816477376],[80.63527637211381,7.268896528942508],[80.63591661887364,7.268482829511967],[80.63653476620821,7.267079724918261],[80.63813550797973,7.26591490467129],[80.63817202913745,7.265925898574928],[80.63821441991703,7.265900319674807],[80.63828308401085,7.265843731130451],[80.63834413279385,7.265804773288509],[80.6384425971658,7.265730289463673],[80.63851850690483,7.265665291246155],[80.63856543680323,7.265606346669496],[80.63857216291278,7.265597158267512],[80.63864135919397,7.265502645112024],[80.63872434173614,7.265410883404841],[80.63878702853464,7.265351580053794],[80.63883468173434,7.265293357301502],[80.6388731908509,7.265226360924403],[80.63889132304352,7.265161075643215],[80.63890664273511,7.265109534031207],[80.63916077479418,7.26512302089129],[80.64003166119542,7.264295519332407],[80.64006227514287,7.264296823494421],[80.6401534812604,7.264261581202669],[80.64040989740009,7.264140663980589],[80.64035803183852,7.26405048837568],[80.64032772818456,7.264014200403883],[80.64110165677177,7.263278820751704],[80.64109870749324,7.263277798912729],[80.64010115282466,7.263426183482648],[80.63983482375279,7.263446414104875],[80.63948327280346,7.263280885582886],[80.6391061443175,7.263057495273173],[80.6388671332802,7.26291372712649],[80.63872059595117,7.262842604371334],[80.63842683584288,7.262706437247147],[80.63836295113647,7.26268889330815],[80.63834699057072,7.262677185850233],[80.63796363232491,7.262546319332841],[80.63762546318893,7.262413298694337],[80.63760659290085,7.262404611602388],[80.63757709211077,7.262388470694445],[80.63733118178816,7.262201402447553],[80.63731428727874,7.262181838070776],[80.63730308522851,7.262168868721338],[80.63708447692119,7.262007221471356],[80.63675264697578,7.261982325296318],[80.63660642265864,7.261931947611358],[80.63639505856902,7.261858557855268],[80.63628502426188,7.261805525338051],[80.6361252586623,7.26166682895062],[80.63581445331745,7.261465223039509],[80.63551196039826,7.261323238479853],[80.63496362851205,7.261218078247495],[80.63453495291755,7.261128338787837],[80.63379017573362,7.260923120457685],[80.63338953947603,7.260637614976685],[80.63336115677518,7.260657789205025],[80.63324826761374,7.260616624960571],[80.63301965492677,7.26057965178227],[80.6329673357406,7.260589482227728],[80.63290376487755,7.260583430431271],[80.63264512127084,7.260546777644365],[80.6325720210871,7.260548079300249],[80.63221491795501,7.260511660935118],[80.63216823479804,7.26050305702588],[80.63211005834394,7.260492332483228],[80.63187481797735,7.260550883714955],[80.63157327646532,7.260684961973594],[80.63110248257104,7.260625346317955],[80.63056197422362,7.26043634977831],[80.6301397263172,7.259629513970118],[80.62995516882441,7.259107165412922],[80.62921252197374,7.258681035088026],[80.62920731262909,7.258322560850414],[80.62904517694186,7.258008285141269],[80.62860339253872,7.257871335733706],[80.62657323270531,7.258553616493645],[80.62619833290486,7.258757705340498],[80.62580028845625,7.258811360627242],[80.62524605685692,7.258830347748755],[80.62480660662736,7.258861102249679],[80.62469271229845,7.259031696452548],[80.62466766198281,7.259354462243778],[80.62465966428228,7.25952290790807],[80.62463770934298,7.259913005586569],[80.62468378047629,7.260458272008793],[80.62469255477396,7.26063163635297],[80.62474100827949,7.260829391274945],[80.62473550337825,7.260917729086967],[80.62473551986666,7.260963124249711],[80.62473555246154,7.261044241234794],[80.62474011706932,7.261113510638094],[80.62474149924377,7.261134493665682],[80.62477055320106,7.261182521912771],[80.62478275146648,7.261199602863438],[80.62482468233098,7.261258320663346],[80.62487357613617,7.261326049459952],[80.62490787105506,7.26137355675985],[80.62491708863249,7.261429535349043],[80.62491949710765,7.261457931298322],[80.62492502486494,7.261523133461128],[80.62493085234952,7.261610079713288],[80.62493460637337,7.261666106215467],[80.62494025362984,7.261750390135959],[80.6249354495993,7.261836307359438],[80.62493506057716,7.261843260422999],[80.62491267327044,7.261901942281597],[80.62489617772404,7.261942089682195],[80.62489087193626,7.261944245580716],[80.62487172382038,7.261952027055554],[80.62481765645771,7.26195924343698],[80.62473913116206,7.261983000404347],[80.62465336809079,7.261990930523425],[80.6246527196458,7.261991013502636],[80.62458102842395,7.262000226997453],[80.62452548130955,7.262007366887453],[80.62448844929541,7.262012126508683],[80.62441651231137,7.26204931092085],[80.6244132696626,7.262050986414753],[80.62438156576093,7.262073402537146],[80.62436841715508,7.262124762598396],[80.62435765787568,7.262156273987637],[80.62434140337434,7.262203880146135],[80.62432740602085,7.262239607219115],[80.6243097441376,7.262284684470893],[80.62429726226141,7.262316541629573],[80.62425105152805,7.262392306813393],[80.6242232767958,7.262442391419602],[80.62419695191477,7.26248986216736],[80.624153522349,7.262576191446681],[80.62413831964189,7.26260640818463],[80.62408948298034,7.262678283962216],[80.62406938090582,7.26270311573234],[80.62404572554227,7.262732333991462],[80.62402814845474,7.262754044045694],[80.62397905085174,7.262828880413683],[80.62397541476501,7.26283441805412],[80.62391806883954,7.262893089021295],[80.62388309713634,7.262943175707983],[80.62387702442979,7.262950257079896],[80.62380790173917,7.26303086700884],[80.62380323129437,7.263036833844395],[80.62374656532747,7.263109251340433],[80.62369126683669,7.263144037587032],[80.62368062090891,7.263150735801251],[80.62357328956236,7.26322292190437],[80.62347083420623,7.263291826096748],[80.6234121337615,7.263341272640539],[80.62334880846876,7.263409074080921],[80.62329328790048,7.263481736969377],[80.6232697143035,7.263512590194195],[80.62323188959238,7.263549903476779],[80.62321427133625,7.263567281867945],[80.62317205123836,7.263624600480017],[80.62313762406718,7.263665490518614],[80.62310156612968,7.26370831430951],[80.62304214244786,7.263753781621489],[80.62300991094033,7.263777234700837],[80.62288189886713,7.263870382640345],[80.62285154656523,7.263880277212154],[80.62284928318444,7.263881016166924],[80.62282121599888,7.263890165459156],[80.62277040209429,7.263919176413764],[80.62271681339206,7.263937487604493],[80.62268526355936,7.263948267072897],[80.62265318756722,7.263961700492542],[80.62262020583007,7.263975512506241],[80.6225909765861,7.263987752300632],[80.62247073235426,7.264034086040861],[80.6224352801419,7.264047745279912],[80.6223563099999,7.264083946700977],[80.622340266344,7.26409130047932],[80.62225904173029,7.264136598413869],[80.62221499603233,7.264161161524513],[80.62218129548522,7.264195423187183],[80.62211009641629,7.264250109365542],[80.62206026188454,7.264312207237886],[80.62205401591872,7.264319992073444],[80.62202637507919,7.264372072377664],[80.62201974365415,7.264429311646045],[80.62201908027048,7.264518294006542],[80.62200466143378,7.264578244440592],[80.62197756217321,7.264640813944339],[80.62196707695794,7.264683257490224],[80.62196241655938,7.264702122393442],[80.62196164596679,7.264704522153353],[80.62190512066196,7.264880701072365],[80.62185691510525,7.264959087792249],[80.62184870122937,7.264969503478167],[80.62183716411386,7.264984129374535],[80.62178572690821,7.264981489370699],[80.62172768384833,7.264958500275488],[80.62163333463285,7.264914338988869],[80.62159264784476,7.264890999500109],[80.62155872468608,7.264871539970076],[80.62153921418859,7.264863315904302],[80.62141357627189,7.26481035948751],[80.62128688013367,7.264811673558341],[80.62120247353798,7.264823580603748],[80.62115725755254,7.264835262306091],[80.62115343098486,7.264836252113877],[80.62110809906757,7.264847964517903],[80.62103092971422,7.264879588732936],[80.62096227606726,7.264905336973224],[80.62089109122013,7.264915260829331],[80.62084909350718,7.26492509701527],[80.62078159339478,7.264940905516996],[80.62076241200273,7.264950079429735],[80.62073947168342,7.264961051616577],[80.62074501185016,7.264977992029462],[80.6207518683063,7.264998952523689],[80.62075121216353,7.265063519582213],[80.62073402013576,7.265136651054278],[80.62072950802158,7.265148144110533],[80.62070281156144,7.265184363165468],[80.62067146167433,7.265226899895824],[80.62059362811944,7.2653461508321],[80.62053890000405,7.265427246267408],[80.62052574313404,7.265503657216231],[80.62052102699056,7.265600006438317],[80.62052045332139,7.265611719686526],[80.62055284471127,7.265698001382182],[80.62061286041676,7.265775701676224],[80.6206346792378,7.265794789974227],[80.62070792377799,7.265852780977471],[80.62075935021971,7.265889603779862],[80.62083069209136,7.265950216591607],[80.62083408399916,7.265957049768729],[80.6208579250907,7.266005093648399],[80.62086960672097,7.266028633059858],[80.62095803495943,7.266176154385798],[80.62097705514707,7.266204038774809],[80.62106230975473,7.266329017416357],[80.62114025034069,7.266425805490115],[80.62117320968757,7.26647789561533],[80.62122071717705,7.266552978113221],[80.62129595497836,7.266603644845818],[80.62134124000822,7.266602406056284],[80.62136786275836,7.266601679051358],[80.62142643914937,7.266601661083409],[80.62150841584882,7.266601637532983],[80.62161706614359,7.266629620310179],[80.62163111559525,7.266633239604934],[80.62168126623065,7.266693754625651],[80.62170030731365,7.266761361434829],[80.62170243203371,7.266768909477683],[80.62170638048633,7.266874985643251],[80.62170573439754,7.266942305404268],[80.62170572311075,7.266943531636179],[80.62170628457213,7.266943599650411],[80.6217486477485,7.26694869989748],[80.62179745393304,7.266965808776015],[80.62185884239354,7.267005347762138],[80.62186028141389,7.267008029512681],[80.62187228682667,7.267030402457455],[80.62193595308682,7.267149067874894],[80.62195735875616,7.267177023571575],[80.62197369883168,7.267198365274606],[80.62200168057922,7.267206694392613],[80.62206407822136,7.267205631365123],[80.62208025886378,7.267370459775426],[80.62220645276844,7.267415283803821],[80.62233806361613,7.26750946381796],[80.62240648687201,7.26760277411173],[80.62244910947102,7.26765475619719],[80.62249397932996,7.267780076258936],[80.62268084503373,7.26787704028022],[80.62276331464784,7.267884954652251],[80.62279877690052,7.267906595796845],[80.62289413594202,7.267942086728382],[80.62298676510663,7.268080053312189],[80.62314683335497,7.268218011921547],[80.62319254918985,7.268236761824161],[80.62320381036815,7.268250849252921],[80.62322889191422,7.268265959594546],[80.6233206255028,7.268281092433928],[80.62336092395145,7.268286350089338],[80.6234479565851,7.268279688502856],[80.62351724542582,7.268254029637876],[80.62357330929218,7.268236866761019],[80.6236366221388,7.268207859940373],[80.62366170990762,7.268201899984626],[80.62368850718471,7.268178075179429],[80.62370990351464,7.268159051311398],[80.62375339385618,7.268098478506333],[80.62382397673863,7.2679924283346],[80.62384635451994,7.267966028384543],[80.62386284244003,7.267954821467788],[80.62390314907802,7.267933040396687],[80.62395984305982,7.267932426440378],[80.62396952606724,7.267932152073128],[80.62398492723064,7.267931711426572],[80.62403573264282,7.267931728494731],[80.62405882601234,7.2679317353468],[80.62408902650238,7.267935038058272],[80.62409450622184,7.267935637642986],[80.62410724830981,7.267938385578612],[80.6241373390532,7.267944875016324],[80.62414393612305,7.267986385675376],[80.62414392500717,7.267987123583475],[80.62414263808274,7.268076001737225],[80.62414334395,7.268131344456633],[80.62414595296413,7.26818271068707],[80.62419880850811,7.268277589884116],[80.62433279737373,7.268411923924457],[80.62444359363668,7.268515597878303],[80.62445139584757,7.268522900031615],[80.62450236643802,7.268570595612589],[80.62461588854227,7.268699044742228],[80.62463886583808,7.268718519376792],[80.62443733912158,7.268837147186318],[80.62425610592304,7.268976152960494],[80.62416279529634,7.269168665986309],[80.62420719020577,7.269412727123785],[80.62427054988699,7.269678279063533],[80.62431804771849,7.269878833370959],[80.6243042284484,7.269879778255149],[80.62420568541926,7.269898661417656],[80.62418739511473,7.26990216668994],[80.62410234991627,7.269925287405401],[80.62408027185205,7.269930063756444],[80.62389032639598,7.26997115567891],[80.62389991659037,7.269996479405433],[80.6238866061195,7.269995209808342],[80.62386015625397,7.270009036757454],[80.62382591156035,7.270041941888763],[80.62375462051585,7.27009861773366],[80.62374501772868,7.27010792882835],[80.62373776801333,7.270121852663386],[80.62373033479085,7.27014282910035],[80.62372018790374,7.27015159742911],[80.62371049823666,7.270152679330915],[80.6237030593177,7.270152975246289],[80.62368172246177,7.270153825340901],[80.6236609597811,7.270154652116016],[80.62360164185061,7.270150111518963],[80.6235105402531,7.270139589987006],[80.62349869261972,7.270137572108294],[80.6234637220433,7.270131616328134],[80.62340563218423,7.270118940100236],[80.62334627182865,7.270105984910657],[80.62326313591059,7.270098813749602],[80.62322681919714,7.270104679457519],[80.62321902388045,7.270106413087275],[80.62314965398434,7.270121834250294],[80.62314898760468,7.270174796373114],[80.62313115141396,7.270187768910046],[80.6231406538046,7.270343770819266],[80.62313853643585,7.270343807180078],[80.62313191897776,7.270343925215845],[80.62304615297774,7.270355742596023],[80.62303502989177,7.270358920174209],[80.6229861031635,7.270372903147625],[80.62292807677727,7.270421310777105],[80.62291816187837,7.270429580894615],[80.62286073637193,7.27045795658597],[80.62281264352168,7.270467164195563],[80.622741180397,7.270488666026854],[80.62271627399969,7.270496158784294],[80.6226133879869,7.270521264445597],[80.62248405201204,7.27055757356567],[80.62236929866097,7.270582583807986],[80.62230629621001,7.270603094614158],[80.62228216761078,7.270610948428859],[80.6222454393471,7.27062844416477],[80.62219775029791,7.270651161236116],[80.62216677196957,7.270668332467238],[80.62212339108488,7.270674830503643],[80.62211460512793,7.270676182160958],[80.62206086341385,7.270694596290593],[80.62204341445128,7.270700575936083],[80.62198399400596,7.27073618345467],[80.62194177530223,7.270781656446297],[80.62190951557255,7.270838345286171],[80.62188840881412,7.270854796418142],[80.62186005994434,7.270865366203777],[80.62181341792511,7.270866404722566],[80.62180001633679,7.270866703095092],[80.62171615064867,7.270877254843749],[80.62160475187821,7.270904169592928],[80.62160402459838,7.270904345683832],[80.62151960626717,7.270944557457313],[80.62146281794529,7.270957741791317],[80.62141337198146,7.270956457963553],[80.62131032064474,7.270956119785919],[80.62122934850395,7.270955852442553],[80.62111565832637,7.270959390041619],[80.62107284881608,7.270960720982213],[80.62103339962545,7.270971316754909],[80.6210221339213,7.27097567615877],[80.62099632869042,7.271000130532502],[80.62098254596935,7.271013191184914],[80.62088559114837,7.271100211618345],[80.62084738446177,7.271134502359672],[80.62078867547734,7.271202305877576],[80.62077480618979,7.271240553153159],[80.62078403249127,7.27127283904851],[80.62077959914531,7.271323673849244],[80.62077748703109,7.271347894891989],[80.62076248316869,7.271430326043395],[80.62076033820146,7.271442117423892],[80.62072671484495,7.271508029600904],[80.62068449458012,7.271565347939967],[80.62065611338332,7.271622226111549],[80.62065533672256,7.271623782150953],[80.62065288902934,7.27163101845042],[80.62064170390475,7.271690578361524],[80.62063580731339,7.271724849435373],[80.62063074996476,7.271733637527071],[80.62060282172376,7.271782172746841],[80.62060265232111,7.271782317377174],[80.62059312877375,7.271811052866965],[80.62060158446278,7.271816827037165],[80.62061298888298,7.272019689723146],[80.62062538633701,7.272118745048025],[80.62065426148871,7.272268497664751],[80.62064120661633,7.272413632066017],[80.6206212573123,7.272760662487062],[80.62056870899555,7.272749946517298],[80.6204031601532,7.272745367157399],[80.62023027591555,7.272742776486099],[80.62004752004363,7.272743526458042],[80.61994001172481,7.272766640435091],[80.61987579218486,7.272798811464676],[80.61986287418048,7.272804241867172],[80.61973286262787,7.272858897358106],[80.61967877080995,7.272932670716816],[80.61964379581777,7.272980767560795],[80.61962992797667,7.273014401040187],[80.61962737231515,7.273074356371155],[80.61962734788369,7.273142180016291],[80.6196293224234,7.273196258037787],[80.61963464100621,7.273264715638437],[80.61963997097224,7.273302969512052],[80.61965253298706,7.273378754474033],[80.6196663667776,7.273445948089506],[80.61966706318435,7.273526974811201],[80.61966780077523,7.273554531900945],[80.61966974536824,7.273627081210384],[80.61969744634108,7.273660008332596],[80.61976208347596,7.273732464464818],[80.61979838842203,7.27376412852965],[80.61987697100675,7.27383785639274],[80.61997330335322,7.273918824795127],[80.6199876675136,7.273926976620802],[80.6200090371914,7.273939103467691],[80.6200187671913,7.27394996208178],[80.62003251658318,7.273952430147631],[80.62003596093959,7.273954385535345],[80.62003668610225,7.27395510922817],[80.6200854920626,7.273974838970672],[80.62014951221289,7.273998554696333],[80.62017658842807,7.274005075013545],[80.6202121759816,7.274016300639487],[80.62026695617472,7.274047246686757],[80.62030326190079,7.274074207430685],[80.62034346320256,7.274102525968035],[80.6204048513641,7.274142697263616],[80.6204068508983,7.274145631511761],[80.62043988169648,7.274194074651603],[80.6204840539246,7.274257391081374],[80.62054543123578,7.274331745924123],[80.62059892383449,7.274420023414999],[80.62061412759402,7.27445167925716],[80.62064118133851,7.274523490238433],[80.62064251663034,7.274588057953504],[80.62064258313157,7.274660493575374],[80.62063620600601,7.27469097183075],[80.62062933993509,7.274723790254861],[80.6206207999579,7.274796854121696],[80.62060701268466,7.274859518504989],[80.62058190361614,7.274928688170119],[80.62055040152886,7.274990338161762],[80.62054280249333,7.27499775173965],[80.62045621479812,7.275062761253115],[80.62039917991177,7.275093389365659],[80.62036955376216,7.27512503068519],[80.62035902857825,7.275184982368143],[80.62035964250634,7.275240324131037],[80.62037220696811,7.275314755329032],[80.62038350604097,7.275376703088605],[80.62042305509719,7.275453129424516],[80.62046132787871,7.27555650445926],[80.62046274755971,7.27563888787895],[80.62044162460207,7.275701459299146],[80.62039741830296,7.275736438809715],[80.6203426247169,7.275743654368623],[80.6203381468135,7.275938912695769],[80.62035545834854,7.27603255835376],[80.62043619579853,7.276203723729513],[80.62056494887821,7.27632912435184],[80.62084006054552,7.276446782829497],[80.62098288227112,7.276495092696737],[80.62243630375146,7.276703512650104],[80.62244627593057,7.276705648385828],[80.62245614518571,7.276712163627228],[80.62247343633162,7.276728808682539],[80.62248719492882,7.276747079378815],[80.62252675030605,7.276811660069417],[80.62255914283992,7.276897942507824],[80.62258158678533,7.276942080128754],[80.6226363491029,7.277029725706318],[80.62265616895164,7.27706726011468],[80.62270106812208,7.277130486148625],[80.6227590964071,7.277198962494115],[80.62277445800089,7.277214610341585],[80.62278688995538,7.277227276611603],[80.62283703961978,7.277294482442696],[80.62286209902562,7.277376150427078],[80.62286542189628,7.277458533582296],[80.62286661584614,7.277473595158076],[80.62287200486223,7.277541550854329],[80.62287468193864,7.277656126082382],[80.62287674140144,7.277725305980671],[80.62284964321802,7.277782630528254],[80.62284492843807,7.277798635097995],[80.62284174799238,7.277830102869317],[80.6228272427139,7.277874228855858],[80.62282727195242,7.27788412465638],[80.62282732296393,7.277901900562918],[80.62283583446143,7.277911759449525],[80.62285104789858,7.277915744445049],[80.62287939269066,7.277915754051658],[80.6229124495706,7.277915673918401],[80.62294668688797,7.277906462528223],[80.62300085079175,7.277884686259326],[80.62304137097676,7.277874205538959],[80.62304206652378,7.27787416508078],[80.62309051184273,7.277880105568993],[80.62316249521258,7.277924892936111],[80.62319617378473,7.27795294315445],[80.62324624257965,7.27799464213541],[80.62328589676554,7.278030195563095],[80.62329911848909,7.278034811074207],[80.62337300998696,7.278058529691284],[80.62342381545098,7.278064424822102],[80.62350495593383,7.278082176559736],[80.62355439797521,7.278097385539634],[80.62361117956829,7.278103915678205],[80.62363689804697,7.278109168406594],[80.62367384157217,7.27812898600965],[80.62367582889883,7.278146710119795],[80.62366132301774,7.27819282560088],[80.6236488124046,7.278227817919503],[80.62363217845936,7.278254591443241],[80.62386941073966,7.278528186957161],[80.62386966512685,7.278528479132779],[80.62389809941577,7.278561270604743],[80.62390106243376,7.27856468806006],[80.6239941689393,7.278672064716787],[80.62405325190046,7.278740203949468],[80.62444953644959,7.278839642221471],[80.62478844907034,7.279099537708563],[80.62479407585687,7.279099492568196],[80.62497468876188,7.279423136216178],[80.62522197795018,7.279764082385296],[80.62540220899612,7.280004495471879],[80.62565534754444,7.280274754875527],[80.62657616703775,7.280395026227858],[80.62674762257487,7.280449185577682],[80.6273509904412,7.280468219393545],[80.62738212990716,7.280469200863094],[80.62734960293953,7.280509521183252],[80.62733715537807,7.280713543291252],[80.62733312244255,7.280779632068089],[80.6273357690105,7.280819980240742],[80.62734649579274,7.280819123779137],[80.62758181117384,7.280800331979058],[80.6276469444484,7.280932425976937],[80.6279171560921,7.280806961182502]]]]}},{"type":"Feature","properties":{"GND_N":"Suduhumpala West","GND_NO":"266","GND_C":"165","PROVINCE_N":"CENTRAL","PROVINCE_C":"2","DISTRICT_N":"KANDY","DISTRICT_C":"1","DSD_N":"GANGAWATA KORALE","DSD_C":"30","Admin_Code":"2130165","GND_NO_Cen":"266","GND_NAME_C":"Suduhumpala West","GND_NO_Gaz":"266","GND_NAME_G":"සුදුහුමpa","shape_1":"Polygon","Area__Ha_":21.9386976237,"MWS_ID":"116","Alt_MWS":null,"Total_Pop":3016.0,"Density":13747.3976429,"Area_Sqkm":0.21938697624},"geometry":{"type":"MultiPolygon","coordinates":[[[[80.62636893909243,7.28257364844316],[80.62693501674639,7.282439785384513],[80.62728367670627,7.28251264069885],[80.62736085287581,7.282517680472838],[80.62749660667247,7.282475846857568],[80.627496508982,7.282475483295507],[80.62749588576453,7.282473129189158],[80.62749199539383,7.282458465536481],[80.62745018093234,7.282300863372963],[80.62744248522155,7.282271858930939],[80.62743724420186,7.282236228562028],[80.62742382408533,7.282162669926835],[80.62742373096889,7.282162168007879],[80.62740551324411,7.282062319697115],[80.62740075392237,7.282035264089745],[80.62738940748086,7.281970773584523],[80.6273751403667,7.28188967910934],[80.62736977061864,7.281695342565558],[80.62736975200177,7.281694125367207],[80.62736642906077,7.28147773353799],[80.62736640157193,7.281475957477274],[80.62736525535915,7.281439264089302],[80.62735958881333,7.281257888823374],[80.62735905198875,7.28124074576886],[80.6273496119215,7.281050189676324],[80.62734573892271,7.280971982442021],[80.6273357690105,7.280819980240742],[80.62733312244255,7.280779632068089],[80.62733715537807,7.280713543291252],[80.62734960293953,7.280509521183252],[80.62738212990716,7.280469200863094],[80.6273509904412,7.280468219393545],[80.62674762257487,7.280449185577682],[80.62657616703775,7.280395026227858],[80.62565534754444,7.280274754875527],[80.62540220899612,7.280004495471879],[80.62522197795018,7.279764082385296],[80.62497468876188,7.279423136216178],[80.62479407585687,7.279099492568196],[80.62478844907034,7.279099537708563],[80.62444953644959,7.278839642221471],[80.62405325190046,7.278740203949468],[80.6239941689393,7.278672064716787],[80.62390106243376,7.27856468806006],[80.62389809941577,7.278561270604743],[80.62386966512685,7.278528479132779],[80.62386941073966,7.278528186957161],[80.62340102039086,7.279021583239339],[80.62316514783362,7.279224822519627],[80.62300318407623,7.279086220303838],[80.62291822996694,7.279022574697479],[80.62291765906053,7.279023605409689],[80.62288987495485,7.279073740511919],[80.6228211068253,7.279142421636709],[80.62278151397341,7.279184639170095],[80.62275896196817,7.279199538959171],[80.62266085583613,7.279264357774011],[80.62260668793172,7.279297345546954],[80.62252426702322,7.279318477343715],[80.6225053175789,7.279320326535689],[80.62245036301273,7.279325687559748],[80.62235074314412,7.279325110201944],[80.62230192639439,7.279329706446384],[80.6223004879674,7.279330475519014],[80.62227771136396,7.279342649637337],[80.62227643417164,7.279343331047325],[80.62227565245702,7.279343749473699],[80.62227131279714,7.279329919392694],[80.622262359365,7.279301388293269],[80.62224452983665,7.279269822948516],[80.62222008417399,7.279247387004501],[80.62213957503745,7.279242115537608],[80.62202746020778,7.279227698014753],[80.62196343785725,7.279207961476113],[80.62189742965194,7.27916905573673],[80.62186248256448,7.27913748363374],[80.62181095949252,7.27911377240433],[80.62168863056861,7.279274636916209],[80.62137708235252,7.27906087520648],[80.62129077139079,7.279201534429163],[80.62108179594722,7.279498194516915],[80.62106151169455,7.279518108454004],[80.62093540980503,7.279662230094292],[80.62084508498113,7.279799633258431],[80.62093685031908,7.279834286011797],[80.62100944690606,7.279857997337108],[80.62110432577272,7.279890331587728],[80.62116973681273,7.279903991807461],[80.6212143041588,7.279910467422302],[80.62130487644303,7.279919829047798],[80.62137056688945,7.279921608599975],[80.62137535026761,7.279922324636821],[80.62151981232162,7.279928516089826],[80.62158522067371,7.279950072623919],[80.62164343279944,7.279995312197328],[80.62169804164995,7.280063522545009],[80.62173036388455,7.280141054970745],[80.6217461643645,7.280186998061344],[80.62175333527392,7.280237247209041],[80.62176551723336,7.280350661832164],[80.62177052123168,7.280431773200563],[80.62177623784603,7.280534420790678],[80.62177909860587,7.280574618040881],[80.62177980244974,7.280619121750269],[80.62177618170949,7.280693052719091],[80.62177471954072,7.280768420457987],[80.6217725467223,7.280816512363755],[80.62177469422123,7.280842351749615],[80.62178762584139,7.280863890334832],[80.62180271316443,7.280892608013662],[80.62183577200528,7.280919177776503],[80.62186092329766,7.280941437642746],[80.621914107893,7.28097734577163],[80.62194860482457,7.280998889900361],[80.62203700553432,7.281053473032706],[80.62210384299838,7.281099434409698],[80.62219368552027,7.281146120724238],[80.62227993018405,7.281199985963382],[80.62232879935318,7.281238761929367],[80.62250630881269,7.281380945282764],[80.62256739388762,7.281436954157966],[80.62260339821884,7.281462840309077],[80.6226263254604,7.281479324498545],[80.62264162394878,7.281489207396647],[80.62265094988976,7.281495811976091],[80.622755880161,7.281597219972311],[80.62284297252978,7.281688764991639],[80.62285132800925,7.281696891180058],[80.62290770056651,7.281751724626726],[80.62294527624373,7.281788273017542],[80.62301525931812,7.281860640075216],[80.6230504084853,7.281890045449487],[80.62307765719696,7.281912839498688],[80.62309015433947,7.281923292952865],[80.62309573608846,7.281927962855477],[80.62312870417458,7.281955540793008],[80.62321652499793,7.282033250150896],[80.62334255741489,7.282136655523953],[80.62340586390755,7.282191026442015],[80.62340657554195,7.282191637991388],[80.62342766473222,7.282209751074184],[80.62351938420036,7.282277604787746],[80.62355768095709,7.282308544884312],[80.62371015168499,7.282434927476285],[80.6238540182806,7.282557508141493],[80.62395840882324,7.282641559392966],[80.62396357144655,7.282645716404105],[80.62401487798269,7.282689990270964],[80.62403386759674,7.282706376304715],[80.62407113247694,7.282738533203415],[80.62416619638425,7.282826191247716],[80.62424731553699,7.282907155455817],[80.62431263892286,7.282978284568498],[80.62437741008375,7.283048812124923],[80.62438650956094,7.283058427922676],[80.62450017203459,7.283178530400195],[80.62461895382818,7.28329712438001],[80.62466629844232,7.283346271944231],[80.62466775150838,7.283347781713172],[80.62473837589528,7.283399802808873],[80.62481886188462,7.283473621805505],[80.6248221220429,7.283476898283044],[80.624894822405,7.283549970417955],[80.62497667028707,7.283619175184072],[80.6250505544428,7.283670475688496],[80.62507893662139,7.283684317397658],[80.6251073287618,7.283698165438524],[80.62516935108611,7.283745572551539],[80.62526241946699,7.283843720523961],[80.62534625042458,7.283941232382969],[80.62535596213742,7.283950924327362],[80.62550595459832,7.284100623859581],[80.62558963427104,7.284179585654004],[80.62560364486622,7.284192803999042],[80.62563505725383,7.284220688702373],[80.62565764121983,7.284240734676961],[80.62568641684005,7.284199344357884],[80.62571040034773,7.284188647202523],[80.62580435159087,7.284146750455588],[80.62587491492611,7.284108342852044],[80.6259063761685,7.284098391509864],[80.62594790301391,7.284085255842633],[80.62599117252029,7.284071570029996],[80.62602970766754,7.284059381070749],[80.62613285124539,7.28397670142717],[80.62612974105417,7.283974501129395],[80.6261273570267,7.283972815621185],[80.62612607082616,7.283965169311037],[80.62611489269472,7.283898804217404],[80.62608584799796,7.283823737411686],[80.62606331386289,7.283771009054318],[80.62604733940692,7.283753558836503],[80.6260203906079,7.283724116625566],[80.62601388313493,7.283717006640868],[80.62598872307062,7.283665633862157],[80.62597553388831,7.283565522215469],[80.62599467084657,7.283482514448104],[80.62600581870068,7.283454846474968],[80.62603091825832,7.283415969776779],[80.62605205953794,7.283403266817719],[80.62606461531361,7.283395724577633],[80.6260786149943,7.283387300216764],[80.62611869366161,7.283363187619256],[80.6262400769063,7.283288712412572],[80.6263396224102,7.283243258970749],[80.62641411475404,7.283200705445862],[80.62645511511246,7.283177284010709],[80.62653818694601,7.283109397443683],[80.62658240771331,7.283031642004543],[80.62658034987058,7.282958574528628],[80.62657375982918,7.282894638110694],[80.6265427224017,7.282814958724856],[80.62648596554196,7.282729302419716],[80.62644178762145,7.282672678407472],[80.62638544896367,7.282598662419468],[80.62637507110156,7.282585028418249],[80.62636893909243,7.28257364844316]]]]}},{"type":"Feature","properties":{"GND_N":"Suduhumpala East","GND_NO":"265","GND_C":"160","PROVINCE_N":"CENTRAL","PROVINCE_C":"2","DISTRICT_N":"KANDY","DISTRICT_C":"1","DSD_N":"GANGAWATA KORALE","DSD_C":"30","Admin_Code":"2130160","GND_NO_Cen":"265","GND_NAME_C":"Suduhumpala East","GND_NO_Gaz":"265","GND_NAME_G":"සුදුහුමa","shape_1":"Polygon","Area__Ha_":15.6550226142,"MWS_ID":"116","Alt_MWS":null,"Total_Pop":2925.0,"Density":18684.0994873,"Area_Sqkm":0.15655022614},"geometry":{"type":"MultiPolygon","coordinates":[[[[80.62880058396625,7.282622657945138],[80.6289848294551,7.282504536382696],[80.62916597817376,7.282412176433383],[80.62938700300215,7.282371581735692],[80.62953149510717,7.282363466388806],[80.62960879562509,7.282306414543176],[80.62971528665285,7.282175419117379],[80.62984995258498,7.28208854832068],[80.62993854742295,7.282039764500469],[80.62996616507908,7.282020742368776],[80.63003410149678,7.281981880194353],[80.63012873960595,7.281944572090821],[80.63014297372513,7.281938961869261],[80.63021226282338,7.281917912168296],[80.63029143126008,7.281875707658132],[80.63036797575579,7.281820298553537],[80.63041758907167,7.281769981024657],[80.63053947250083,7.281646366760275],[80.63064565194455,7.281531010026717],[80.63073597522869,7.281438077604165],[80.6308177848731,7.281343876400574],[80.63085738029888,7.281289176962312],[80.63087314305774,7.281275346185802],[80.63094569783286,7.281234496790648],[80.63101898148929,7.281185686129951],[80.63108492907725,7.281134976778507],[80.6311356608718,7.281084170297219],[80.63116276074986,7.28101897961457],[80.63118117529308,7.280926113554335],[80.63118382069183,7.280864170519287],[80.63119833395645,7.280793005585566],[80.63123259677796,7.280704665216397],[80.63129059572577,7.280588119990357],[80.63132485760681,7.280499781421094],[80.63133872947463,7.280451676014668],[80.63138526182415,7.280397583726415],[80.63139145786188,7.280390381124474],[80.63148115003757,7.280290212102608],[80.63154520398957,7.280210473930048],[80.63155273440806,7.280199302764424],[80.6316038281676,7.28012349958358],[80.63164668983511,7.280049721213806],[80.63167379011139,7.279977205636602],[80.63167244330025,7.27994365464113],[80.63164267413666,7.279860629159041],[80.63161172143077,7.279794154764047],[80.6315885593006,7.279724242887295],[80.63157599868846,7.27963733620583],[80.63157134368642,7.279470671575316],[80.63157080285674,7.279375157053561],[80.63140177305988,7.279386729603369],[80.63122746094774,7.279377575568486],[80.63106963244913,7.279385463834458],[80.63105007075738,7.279412810930297],[80.631001507163,7.279480798063422],[80.63093264755723,7.279575547865289],[80.6309035765267,7.279574905514878],[80.630813288584,7.279559502437524],[80.63077626292007,7.279514998801798],[80.63075707953067,7.279461639630739],[80.63071679337972,7.279414874182995],[80.63070557230192,7.279387198886177],[80.63071103983711,7.279319353465223],[80.63050028891651,7.279249172262633],[80.63029789196996,7.279167065894556],[80.6301742314162,7.279114349406032],[80.62988211645425,7.279033554059069],[80.62975950673687,7.278994162710473],[80.62961983463302,7.278971679892693],[80.62955043414993,7.278935531378062],[80.62947795991585,7.278891045082118],[80.62936295161025,7.278884230008581],[80.62927091234417,7.278913314172228],[80.6292213384726,7.278959911293704],[80.6291654097305,7.278986911896267],[80.62879901373938,7.278937618435331],[80.62879470390239,7.278976025511572],[80.62876902832718,7.279118987519398],[80.62874790610367,7.279182281875595],[80.62870240972617,7.279280383965426],[80.62865892126956,7.279333813210906],[80.62861007965611,7.279420069632605],[80.62859031667516,7.279478119463568],[80.62857779400618,7.279556517579263],[80.6285725909964,7.279675703071911],[80.6285700297009,7.279806115448677],[80.62856936840863,7.279839832185539],[80.6285753188948,7.279918871150142],[80.62857800185434,7.280028203212006],[80.62857533728882,7.28014485657683],[80.62856749476344,7.280306905185443],[80.62855432296294,7.280428800982495],[80.62852993255372,7.28051578700476],[80.62850355875138,7.280564108886478],[80.62847005540999,7.280552448707425],[80.62835882070236,7.280608657314902],[80.62835236032245,7.280612616955978],[80.62824938793871,7.280723645298299],[80.62824704885494,7.280725778688986],[80.62811358233922,7.280795417908378],[80.6279171560921,7.280806961182502],[80.6276469444484,7.280932425976937],[80.62758181117384,7.280800331979058],[80.62734649579274,7.280819123779137],[80.6273357690105,7.280819980240742],[80.62734573892271,7.280971982442021],[80.6273496119215,7.281050189676324],[80.62735905198875,7.28124074576886],[80.62735958881333,7.281257888823374],[80.62736525535915,7.281439264089302],[80.62736640157193,7.281475957477274],[80.62736642906077,7.28147773353799],[80.62736975200177,7.281694125367207],[80.62736977061864,7.281695342565558],[80.6273751403667,7.28188967910934],[80.62738940748086,7.281970773584523],[80.62740075392237,7.282035264089745],[80.62740551324411,7.282062319697115],[80.62742373096889,7.282162168007879],[80.62742382408533,7.282162669926835],[80.62743724420186,7.282236228562028],[80.62744248522155,7.282271858930939],[80.62745018093234,7.282300863372963],[80.62749199539383,7.282458465536481],[80.62749588576453,7.282473129189158],[80.627496508982,7.282475483295507],[80.62749660667247,7.282475846857568],[80.62736085287581,7.282517680472838],[80.62728367670627,7.28251264069885],[80.62693501674639,7.282439785384513],[80.62636893909243,7.28257364844316],[80.62637507110156,7.282585028418249],[80.62638544896367,7.282598662419468],[80.62644178762145,7.282672678407472],[80.62648596554196,7.282729302419716],[80.6265427224017,7.282814958724856],[80.62657375982918,7.282894638110694],[80.62658034987058,7.282958574528628],[80.62658240771331,7.283031642004543],[80.62653818694601,7.283109397443683],[80.62645511511246,7.283177284010709],[80.62641411475404,7.283200705445862],[80.6263396224102,7.283243258970749],[80.6262400769063,7.283288712412572],[80.62611869366161,7.283363187619256],[80.6260786149943,7.283387300216764],[80.62606461531361,7.283395724577633],[80.62605205953794,7.283403266817719],[80.62603091825832,7.283415969776779],[80.62600581870068,7.283454846474968],[80.62599467084657,7.283482514448104],[80.62597553388831,7.283565522215469],[80.62598872307062,7.283665633862157],[80.62601388313493,7.283717006640868],[80.6260203906079,7.283724116625566],[80.62604733940692,7.283753558836503],[80.62606331386289,7.283771009054318],[80.62608584799796,7.283823737411686],[80.62611489269472,7.283898804217404],[80.62612607082616,7.283965169311037],[80.6261273570267,7.283972815621185],[80.62612974105417,7.283974501129395],[80.62613285124539,7.28397670142717],[80.62602970766754,7.284059381070749],[80.62599117252029,7.284071570029996],[80.62594790301391,7.284085255842633],[80.6259063761685,7.284098391509864],[80.62587491492611,7.284108342852044],[80.62580435159087,7.284146750455588],[80.62571040034773,7.284188647202523],[80.62568641684005,7.284199344357884],[80.62565764121983,7.284240734676961],[80.62568150721528,7.284261919594963],[80.62576597712918,7.284344962740547],[80.62578673709983,7.284367774365051],[80.62585044291066,7.28443777143871],[80.62590394498493,7.284506968419931],[80.62597917907489,7.284584673067092],[80.62603652332723,7.284535950182566],[80.62611433607603,7.284485155094206],[80.62617503192182,7.284437065412098],[80.62626869333073,7.284381663610099],[80.62633599973515,7.28433294218165],[80.62636420872819,7.28430678823443],[80.62639995871672,7.284273641999579],[80.62646196994515,7.284226984225175],[80.6264666325182,7.284223475264804],[80.62647269347353,7.284217087466315],[80.62648364396043,7.284205549472119],[80.62650223632257,7.284185958475875],[80.62660409887283,7.284156254187957],[80.62662154347755,7.284151166925256],[80.62663356992887,7.284147660399728],[80.62668365702723,7.284134473238751],[80.62670078317406,7.284106535935161],[80.62680768180157,7.284011980259693],[80.62686701138091,7.283984238659738],[80.6269296970863,7.283940763284648],[80.62696928483433,7.283903156438205],[80.62697810735109,7.28389059677071],[80.62699411328289,7.283867807283472],[80.6270702029438,7.28382342929595],[80.62711396275759,7.283808517301273],[80.62712826193436,7.283803646013989],[80.62724837059004,7.283741016489092],[80.62725767635278,7.283735034876579],[80.6273334304904,7.283686334163726],[80.62739014014787,7.283641499395506],[80.62744883779528,7.283604622238055],[80.62745560831159,7.283602341100194],[80.62750164510457,7.283586826646163],[80.62756894820652,7.283544616009881],[80.6275912527509,7.283533322265153],[80.62771867776793,7.283468795075959],[80.62790409580275,7.283369924258279],[80.62798915408175,7.283322477135653],[80.62809404408591,7.283273047026855],[80.62814748806757,7.283244036397668],[80.62820555663339,7.2831919675427],[80.62823255921171,7.283151733077418],[80.628255673249,7.283091154131563],[80.62830052858473,7.283013397822089],[80.62835339170879,7.282954899456061],[80.62836122935472,7.282946227037703],[80.6283775986286,7.282925349314525],[80.62848351296434,7.282856047382201],[80.62858196641928,7.282784237163829],[80.62870942051238,7.282687902636218],[80.62880058396625,7.282622657945138]]]]}},{"type":"Feature","properties":{"GND_N":"Hanthana Pedesa","GND_NO":"263","GND_C":"220","PROVINCE_N":"CENTRAL","PROVINCE_C":"2","DISTRICT_N":"KANDY","DISTRICT_C":"1","DSD_N":"GANGAWATA KORALE","DSD_C":"30","Admin_Code":"2130220","GND_NO_Cen":"263","GND_NAME_C":"Hanthana Pedesa","GND_NO_Gaz":"263","GND_NAME_G":"හන්තාන ප","shape_1":"Polygon","Area__Ha_":135.649230605,"MWS_ID":"116","Alt_MWS":null,"Total_Pop":2150.0,"Density":1584.97028727,"Area_Sqkm":1.35649230605},"geometry":{"type":"MultiPolygon","coordinates":[[[[80.63479658566423,7.28592986551806],[80.63481557181422,7.285898385422604],[80.63488011716137,7.285921657965407],[80.63508382090352,7.285938298408054],[80.63520380725069,7.28578163545076],[80.63555528855143,7.285245815868147],[80.63562003361034,7.285276131082564],[80.63565200298686,7.285280119056762],[80.63570643776468,7.285259066615767],[80.63590415527756,7.285384857869574],[80.63598604523457,7.285278888969629],[80.63609327020595,7.285262595928645],[80.63623223750314,7.285278567390689],[80.63646061291655,7.285184325538481],[80.6366307788108,7.285102145282631],[80.6366369255207,7.2850991774481],[80.63679883727967,7.284999149957374],[80.63698397624037,7.284849646977584],[80.63712251374139,7.284723211929],[80.63715720834782,7.284691547563745],[80.63729909556287,7.284486468921979],[80.63732141891587,7.284340069940235],[80.63730088844493,7.284252437520777],[80.63723299748595,7.284171160455916],[80.63723099763075,7.284168767958147],[80.63719053525355,7.28410256049511],[80.6371309646536,7.284032819461618],[80.63711285816588,7.284011381895906],[80.6371081673758,7.283951063404601],[80.63712910536303,7.283894821260818],[80.63716825070163,7.283823666420335],[80.63720465377754,7.283758150874241],[80.63728505440022,7.283613449940117],[80.63744215687835,7.283297315673547],[80.63754341731267,7.28309355559511],[80.6375660620493,7.283079546738428],[80.63763101046882,7.28303995634435],[80.63774024581703,7.282989891393766],[80.63780120733551,7.282956813452565],[80.63784968157778,7.282888733322187],[80.63789860521041,7.282825900093348],[80.63798049703365,7.282760995232832],[80.63804888794027,7.28271489755589],[80.6381395675304,7.282634351801941],[80.63817698172501,7.282596291137825],[80.63817879963644,7.282592461062533],[80.63818994091415,7.282568986027856],[80.6381992988235,7.282477925505495],[80.63819623536831,7.282423485489614],[80.63820720305065,7.28239608843624],[80.63823265896966,7.282366977627187],[80.63827633094256,7.282306040884855],[80.63834166892634,7.282170686551938],[80.63836768215826,7.282104860270596],[80.6383739361077,7.282097540934482],[80.63838596021556,7.282083466400054],[80.63840854255979,7.282057036868975],[80.63846443519303,7.282011385659138],[80.63848888945846,7.282005875951478],[80.6385932681173,7.281846840710997],[80.63864254697695,7.281806342900423],[80.63865779084269,7.281717454483217],[80.6386732968061,7.28165406750955],[80.63874115828497,7.281561397014522],[80.63878138225228,7.281515471516586],[80.63878647627592,7.281442042697804],[80.63878867839229,7.281348357500591],[80.63877584834606,7.2812523174491],[80.63876953730768,7.281155825417888],[80.63874937074019,7.281062313377028],[80.63874847209367,7.281039344693101],[80.63874949998173,7.280938425611908],[80.6387573111224,7.280858486630489],[80.6387776204473,7.280786691085104],[80.63881721327645,7.280734253497921],[80.63886296869295,7.280668072361507],[80.63887498309468,7.280626220310574],[80.6389019538441,7.280532256870077],[80.6389190006862,7.280458471762113],[80.63896558781998,7.280340473355464],[80.63899586224056,7.280255749277537],[80.63901399437246,7.280189741506464],[80.63905857354501,7.280119671484051],[80.63917962145175,7.279943912422382],[80.63927040397026,7.279820139823244],[80.63931144769488,7.279761101209509],[80.63932114923105,7.279730448246584],[80.63935621679965,7.279670683472151],[80.63937653582278,7.27955747258991],[80.63938636490002,7.279398949293716],[80.63939183992883,7.279263305374763],[80.63938931317396,7.278937936991857],[80.63939374092305,7.278669089699201],[80.63939669341099,7.278492659099637],[80.63940015084994,7.278436955931269],[80.63945308356223,7.278294814463497],[80.63951661399474,7.278146979980313],[80.63956556447269,7.278049841784854],[80.63954000028669,7.277513788934311],[80.63951663003769,7.276907591686036],[80.63953878033153,7.275956528343158],[80.63958320574088,7.275250085013089],[80.63962853791368,7.274443642178925],[80.63971816319541,7.273854050314061],[80.63972501224852,7.273127209836913],[80.63982246377567,7.272051426579805],[80.64010348097197,7.271078828020582],[80.64046994524705,7.269785016134033],[80.64121348343443,7.268444339580829],[80.64199792102968,7.266656737586817],[80.64258752059159,7.265417291291921],[80.64285912951992,7.264277248566805],[80.64292853590047,7.263911920896684],[80.64110165677177,7.263278820751704],[80.64032772818456,7.264014200403883],[80.64035803183852,7.26405048837568],[80.64040989740009,7.264140663980589],[80.6401534812604,7.264261581202669],[80.64006227514287,7.264296823494421],[80.64003166119542,7.264295519332407],[80.63916077479418,7.26512302089129],[80.63890664273511,7.265109534031207],[80.63889132304352,7.265161075643215],[80.6388731908509,7.265226360924403],[80.63883468173434,7.265293357301502],[80.63878702853464,7.265351580053794],[80.63872434173614,7.265410883404841],[80.63864135919397,7.265502645112024],[80.63857216291278,7.265597158267512],[80.63856543680323,7.265606346669496],[80.63851850690483,7.265665291246155],[80.6384425971658,7.265730289463673],[80.63834413279385,7.265804773288509],[80.63828308401085,7.265843731130451],[80.63821441991703,7.265900319674807],[80.63817202913745,7.265925898574928],[80.63813550797973,7.26591490467129],[80.63653476620821,7.267079724918261],[80.63591661887364,7.268482829511967],[80.63527637211381,7.268896528942508],[80.63539446225353,7.269101816477376],[80.63536642040327,7.269125276258163],[80.63531279776987,7.269153203481098],[80.63525891341104,7.269154994419298],[80.63523482892026,7.269141422362172],[80.63524485786978,7.269210876941949],[80.63526023521332,7.269272374405558],[80.6352936376677,7.269320855498288],[80.63532044181441,7.269328459087137],[80.63539081143047,7.269320433569677],[80.6354917055849,7.269296499965446],[80.6355024339923,7.269289510315015],[80.63600169672215,7.270157419078147],[80.63648878209385,7.270947458434845],[80.63651976533532,7.271190839728527],[80.63650983697418,7.271257979432864],[80.63646940316818,7.27139894705288],[80.63643486585089,7.271502027957633],[80.63641591553129,7.271575179399547],[80.63638622670916,7.271819332320371],[80.63637941592714,7.271876302274796],[80.63638430032051,7.271898639188335],[80.63642647855707,7.271970816577594],[80.63648251883397,7.272038656677665],[80.63651392839935,7.272083972905911],[80.63651972183642,7.272092383816531],[80.63653627357581,7.272164190662181],[80.63654103789499,7.272273160765804],[80.63654898609693,7.272348041398518],[80.63654471037906,7.272410253482417],[80.63651669180268,7.272516048406398],[80.63650318098294,7.272579435947691],[80.63648197232911,7.27263097653875],[80.63646847230585,7.272650686198944],[80.63648622088729,7.27265069077284],[80.63670286601989,7.272639745875802],[80.63670741134482,7.272724866699329],[80.63649861271118,7.273162533366309],[80.63618122525237,7.273410953401166],[80.63589952673797,7.273638810449793],[80.63562648492962,7.273814250219401],[80.63516111841501,7.273993313158689],[80.63492159635935,7.274163072151603],[80.63480734106886,7.274161260419609],[80.63466659994135,7.274172701089078],[80.6345895265482,7.274187779759523],[80.63452178380575,7.274194541742141],[80.63445167953955,7.274220291547404],[80.63431763174924,7.274264017851726],[80.63425078496515,7.274295738860604],[80.63417496682015,7.274350877609484],[80.63408710918138,7.274382862386677],[80.63396801558626,7.274390781945042],[80.6338481951035,7.274409102546035],[80.63374893495669,7.274414044081735],[80.63360620160842,7.274427472356848],[80.63354235261367,7.27443848564673],[80.63341600648124,7.274467021804623],[80.63337280353255,7.274480030147552],[80.63307863172393,7.274544234121325],[80.6330047277162,7.274560035156513],[80.63295136886552,7.27461608510567],[80.63292690074059,7.27466346378309],[80.63288468349182,7.274712282820525],[80.63283968836814,7.274770531053584],[80.63282008414205,7.274795910458722],[80.63277850417775,7.274834149333294],[80.63272538164055,7.2748731007533],[80.63272179720074,7.274875728427979],[80.63260240934898,7.274954093698439],[80.6325449840473,7.274981837599094],[80.63249218729442,7.274975943766739],[80.63242138595118,7.274974559397193],[80.63240911311314,7.275061553135933],[80.63238934489794,7.275135338944534],[80.63235437187804,7.275189405193333],[80.63233524541991,7.275241487008856],[80.63232934036422,7.275302073481962],[80.63230631133368,7.275383092678884],[80.63227795485106,7.275417355868503],[80.63218364632601,7.275513634211837],[80.63213608885553,7.275543913248899],[80.63199433023365,7.27562896217231],[80.63190193597666,7.275688888055263],[80.6318452392739,7.27570343016637],[80.63179705841573,7.275703414793996],[80.63166990557222,7.275704417767027],[80.63166972629257,7.275701476009838],[80.63165769646902,7.275679578975027],[80.63162091222765,7.275704805435875],[80.63154237810944,7.275749633800586],[80.63153340300735,7.275753162237306],[80.63150216360016,7.275765445353538],[80.63144736747878,7.275775376977639],[80.63140579393203,7.275795800035942],[80.63137154932969,7.275828705731112],[80.63135170282376,7.275874909296657],[80.63134253763558,7.275928893292167],[80.63134252177724,7.275975464926234],[80.63136760558972,7.275982888245571],[80.63144675172047,7.276006606327107],[80.63160901592941,7.276060352140778],[80.63164542780959,7.27607241271655],[80.63171868171277,7.276107976151227],[80.63178468571866,7.276161350234358],[80.63184372987875,7.276214797144921],[80.63185593979446,7.276225849822421],[80.63191731806529,7.276298303218614],[80.63193027673351,7.276327021705301],[80.63194437660691,7.276358267179937],[80.63198663726844,7.276466255414653],[80.63202953427712,7.27656113054051],[80.63208167395626,7.276642805772673],[80.63214901903348,7.276748179500698],[80.63216756213997,7.276818719281703],[80.63219398502821,7.276889896391076],[80.63224477460173,7.276939921450803],[80.63236292384637,7.277058422807913],[80.6323688919826,7.277084106025071],[80.63236688814244,7.277117112471828],[80.6323365352943,7.27716060163614],[80.63227457071517,7.277219269427323],[80.6322145168669,7.277252892223686],[80.63213336818829,7.277260099915593],[80.63206208604781,7.277288471441733],[80.63201732545306,7.277357004299732],[80.63200113749977,7.277378446509934],[80.63196060826434,7.277432132948956],[80.63194076887821,7.277453198706665],[80.63191377428697,7.277467748482443],[80.63187481777445,7.277511233965544],[80.6317983501655,7.27760941513012],[80.63175086840972,7.277693772404223],[80.63171787624019,7.277777409953294],[80.63167038320144,7.277894049948644],[80.63165260825618,7.277967202431249],[80.63160717224888,7.278167490253895],[80.63158086164722,7.27831108525362],[80.63157774792283,7.278345358268416],[80.63157295465341,7.278398077634967],[80.6315716475246,7.278523231928415],[80.63157174936279,7.27876766702563],[80.631575774681,7.278923841538496],[80.63155007393335,7.279145206831329],[80.63156402391833,7.279135699827529],[80.63163323123482,7.279088533584185],[80.6316879382702,7.279066756445766],[80.6317064185626,7.279053560421958],[80.63176909803765,7.279017473407725],[80.63183576760477,7.278979086205485],[80.63189971856778,7.278940221557876],[80.63198813207417,7.27886962454945],[80.63199086257691,7.27886684197357],[80.63205734586325,7.278799109122634],[80.63210019202307,7.278776064841201],[80.63221233662682,7.278692360231509],[80.63224340387117,7.278683779235494],[80.6322928608048,7.278653501706042],[80.63249403017406,7.278569736716192],[80.6326206534818,7.278524923465993],[80.63268206537501,7.278495914808217],[80.63274863586349,7.278478121142831],[80.63282588834382,7.278474799711424],[80.6328964700376,7.278459487800345],[80.6329083067129,7.278456920614761],[80.6329216057804,7.278443650554312],[80.63292742276343,7.278437845863112],[80.63293865896343,7.278415423595963],[80.6330893090902,7.278290134797158],[80.63315326285738,7.278236076762804],[80.63328378831558,7.278168747396425],[80.63337916723484,7.278122387645833],[80.63345117442023,7.278095371694381],[80.63356476624553,7.278021795397284],[80.6336499173722,7.277956351555693],[80.63372402284992,7.277874988473936],[80.63372338517816,7.277889637992798],[80.63370987458192,7.277944795357848],[80.63367471521978,7.278006548223327],[80.63361536695612,7.278100035425435],[80.63356661357868,7.278188460954842],[80.63350436293695,7.278298313313296],[80.63349445392257,7.278313788248831],[80.63344537547445,7.278390444148874],[80.63342652365883,7.278436014198986],[80.63341999431013,7.278466397645112],[80.63341643130445,7.27856143883393],[80.63341974136246,7.27869039357841],[80.63341831682227,7.278758926684442],[80.63341652259311,7.278845208440988],[80.63342263339374,7.278995506537957],[80.63344569396862,7.279106652732501],[80.63345552029537,7.279243747358743],[80.63345655313012,7.279322599343095],[80.63345746480861,7.279392235530794],[80.6334561587192,7.279512869220508],[80.63345420906568,7.279669584420292],[80.63345125424122,7.279846012215797],[80.63343662564313,7.279993771709785],[80.63343110358257,7.280040583050526],[80.63342473064853,7.280094597804813],[80.63340758803086,7.280176341436557],[80.63340304352809,7.280227704445044],[80.6333997758196,7.280248140674141],[80.63338661147027,7.280353487883806],[80.63338396985428,7.280401595999681],[80.63338395557261,7.28044382606765],[80.63338394209907,7.280489223006866],[80.63338325401175,7.280505730851214],[80.63338138595884,7.28055053398147],[80.63337349090095,7.280606507878697],[80.6333471018274,7.280713206459227],[80.63331674441103,7.280770621048565],[80.63328902216735,7.280800274349328],[80.63321455509166,7.280872051607062],[80.63320807092299,7.28087689210225],[80.63313864284022,7.280928727429837],[80.6330720570045,7.280996619555284],[80.63303382390478,7.281040103548064],[80.63300745791855,7.28108232707905],[80.63297837158748,7.281123825399591],[80.63296340445527,7.281159207864484],[80.63295997490214,7.281167316572144],[80.63294872300679,7.281190460465073],[80.6329394929339,7.281209450627851],[80.63292434870387,7.28127202363335],[80.63291245851354,7.281354401916258],[80.63290982416832,7.281379450288861],[80.6328926848398,7.281453236023959],[80.63288415881043,7.281496729416289],[80.63288371839515,7.28150327462549],[80.6328796080939,7.281564551641323],[80.63285187130914,7.281639690470155],[80.63281235785469,7.281722059086107],[80.63277275976053,7.281788604168657],[80.63274312274645,7.281858497426475],[80.63274060245617,7.281863763290368],[80.6327160257764,7.281915097322474],[80.63271094050445,7.281955065922753],[80.63271409999085,7.281990245235255],[80.63273519070607,7.282021812119406],[80.63276798380264,7.28204339106586],[80.63281118880519,7.282071820698067],[80.63282827305504,7.282083062086549],[80.63289953850654,7.282112294585935],[80.63294538089048,7.282117579393671],[80.63305684436024,7.282130430485132],[80.63312236145879,7.282140341590035],[80.63325752704861,7.282160787238541],[80.63337452641242,7.282194826024677],[80.63350818096286,7.282256722585474],[80.63364507015767,7.282400007442538],[80.63371939975255,7.282477258392213],[80.63376185842249,7.282529179696194],[80.63380603317653,7.282598734550711],[80.63388723923,7.282693892848317],[80.63390405383647,7.282713138102229],[80.63394011023114,7.282754407392311],[80.6339896304746,7.282814468724431],[80.63400845041784,7.282870360600247],[80.63400808891666,7.28287943517215],[80.63400397807895,7.282983035408967],[80.63398076298415,7.283076442656814],[80.63397231910183,7.283098047427861],[80.6339430573627,7.283172919070801],[80.6339260185211,7.283212703966164],[80.63387544645607,7.283328619752949],[80.6338756968212,7.283396170396821],[80.63389064893597,7.283620621415946],[80.6338921921056,7.283643773878989],[80.63388946529146,7.283674972394246],[80.6338777736701,7.283702459538516],[80.63385313393177,7.283721260387733],[80.633783937023,7.283736793515978],[80.63370369507192,7.283739841955701],[80.63370096329858,7.28374085210582],[80.63364291853952,7.283762339948783],[80.63357715686644,7.283797587039268],[80.63350043984434,7.283825958859807],[80.63339129739224,7.283858025355389],[80.63329927826605,7.28387255646425],[80.63320192062109,7.283871802233281],[80.63295075674431,7.283836214330891],[80.63292815352803,7.283833011359087],[80.63279529694023,7.283823745335973],[80.63263889316858,7.283815014378323],[80.63252522290767,7.28384545238417],[80.6324628971861,7.2839005959819],[80.63234957121126,7.283990086872419],[80.63224918493819,7.2841143966302],[80.63219663884476,7.284168185039961],[80.63214379906836,7.284197218949118],[80.6319857661223,7.284284050407044],[80.63176830046133,7.284339505198353],[80.631686692873,7.284367330753567],[80.63170325896952,7.284387592444729],[80.63172090026451,7.284446829953296],[80.63183037065696,7.284517039775736],[80.63189213025726,7.284539034069189],[80.6319151410196,7.284519689323467],[80.6319340189505,7.284518322616725],[80.63187174474159,7.284632676310718],[80.63181995495444,7.284714142023114],[80.63165816738389,7.284717623426767],[80.63171746395508,7.284913693539497],[80.6317235873814,7.284912817418393],[80.63172736233179,7.284912277851674],[80.63177419625917,7.28487648240763],[80.6317937635421,7.284860572921112],[80.63181821977545,7.284849638663827],[80.63187319364955,7.284848028475557],[80.6319341094032,7.284849663913306],[80.63197544140611,7.28485077402403],[80.63210205484381,7.284848191024246],[80.63214389936654,7.284832560819418],[80.6321727577448,7.284808216222816],[80.63219780137138,7.284787091537473],[80.6322315052441,7.284742158397647],[80.6322716479263,7.284675794411559],[80.63231759782177,7.284566388334289],[80.63237086870394,7.284511876699955],[80.63238210388067,7.284501752077203],[80.63238345970521,7.284501571647935],[80.63242820205984,7.284495164423612],[80.6324548676696,7.284496807885163],[80.63247393678694,7.284497982309133],[80.63249856398231,7.284515986680892],[80.6325788646345,7.284616208113202],[80.6326468389921,7.284743103470501],[80.63271696130758,7.284950573833807],[80.63274066452604,7.285029074890125],[80.63276797407336,7.285161654430498],[80.63281113484416,7.285284472521897],[80.6328971406537,7.285381169829476],[80.63299556352574,7.285447938614644],[80.63306539725023,7.285512706144757],[80.63308266396778,7.285528720495374],[80.63315509118233,7.285605970028098],[80.63321783156672,7.285674446550815],[80.63325928042036,7.28576995319269],[80.63325955427742,7.285774565226435],[80.63326115958007,7.285801613447432],[80.63327005267108,7.285800260709475],[80.6333101435852,7.285794156679567],[80.63442279598243,7.285644274289186],[80.63442679434952,7.285117895900556],[80.63472776203635,7.285110333474086],[80.63473802164903,7.28523910678127],[80.6347259772914,7.285247817783276],[80.63471347316963,7.285267077340493],[80.63471300256556,7.285323685683335],[80.63472304443356,7.28535850450884],[80.63475572005396,7.285417837041247],[80.63476068087407,7.285430568473105],[80.63478676092407,7.285497515886727],[80.6347885208344,7.285508368078465],[80.63479787719417,7.285566065564192],[80.63479776188125,7.285644920786072],[80.63478306101129,7.285737969007209],[80.63477852764949,7.285817596929578],[80.63477541130054,7.285872345195457],[80.63477384990864,7.285941705682203],[80.63479658566423,7.28592986551806]]]]}},{"type":"Feature","properties":{"GND_N":"Welata","GND_NO":"260","GND_C":"170","PROVINCE_N":"CENTRAL","PROVINCE_C":"2","DISTRICT_N":"KANDY","DISTRICT_C":"1","DSD_N":"GANGAWATA KORALE","DSD_C":"30","Admin_Code":"2130170","GND_NO_Cen":"260","GND_NAME_C":"Welata","GND_NO_Gaz":"260","GND_NAME_G":"වෙල්අට","shape_1":"Polygon","Area__Ha_":57.0282728192,"MWS_ID":"116","Alt_MWS":null,"Total_Pop":2402.0,"Density":4211.94590202,"Area_Sqkm":0.57028272819},"geometry":{"type":"MultiPolygon","coordinates":[[[[80.62057842918514,7.283685723225137],[80.620704858588,7.283609234665345],[80.62089914256921,7.283636907103118],[80.62109202844708,7.28370084152702],[80.62109089708461,7.283669843441938],[80.62108905960369,7.283619576226996],[80.62108907494128,7.283572374330411],[80.62108908611968,7.283545153910655],[80.62110884775478,7.283491716384867],[80.62114970995215,7.283439009537397],[80.62119917674728,7.283383682253108],[80.62124203702679,7.283319763628985],[80.62129087438174,7.283253856677518],[80.62129096498526,7.283253745479302],[80.6213839238531,7.283140579384957],[80.62143339152296,7.283085162547402],[80.62148612853032,7.283003522035691],[80.62151220673506,7.282956191600593],[80.62154022967485,7.282905332334392],[80.62158897888169,7.282829477984444],[80.62160089989945,7.282805950287641],[80.62164770578906,7.2827135664155],[80.62173342315293,7.282588983654429],[80.62184949386278,7.282428598124747],[80.62177696152864,7.282361389973209],[80.62177665008345,7.282361101394179],[80.62198686483416,7.282050125441659],[80.62212168279537,7.281954465389226],[80.62257623395264,7.281532579980545],[80.62260339821884,7.281462840309077],[80.62256739388762,7.281436954157966],[80.62250630881269,7.281380945282764],[80.62232879935318,7.281238761929367],[80.62227993018405,7.281199985963382],[80.62219368552027,7.281146120724238],[80.62210384299838,7.281099434409698],[80.62203700553432,7.281053473032706],[80.62194860482457,7.280998889900361],[80.621914107893,7.28097734577163],[80.62186092329766,7.280941437642746],[80.62183577200528,7.280919177776503],[80.62180271316443,7.280892608013662],[80.62178762584139,7.280863890334832],[80.62177469422123,7.280842351749615],[80.6217725467223,7.280816512363755],[80.62177471954072,7.280768420457987],[80.62177618170949,7.280693052719091],[80.62177980244974,7.280619121750269],[80.62177909860587,7.280574618040881],[80.62177623784603,7.280534420790678],[80.62177052123168,7.280431773200563],[80.62176551723336,7.280350661832164],[80.62175333527392,7.280237247209041],[80.6217461643645,7.280186998061344],[80.62173036388455,7.280141054970745],[80.62169804164995,7.280063522545009],[80.62164343279944,7.279995312197328],[80.62158522067371,7.279950072623919],[80.62151981232162,7.279928516089826],[80.62137535026761,7.279922324636821],[80.62137056688945,7.279921608599975],[80.62130487644303,7.279919829047798],[80.6212143041588,7.279910467422302],[80.62116973681273,7.279903991807461],[80.62110432577272,7.279890331587728],[80.62100944690606,7.279857997337108],[80.62093685031908,7.279834286011797],[80.62084508498113,7.279799633258431],[80.62084335179969,7.279798979756303],[80.62080747386457,7.279785431823074],[80.62066732018707,7.279715757739081],[80.62063523641616,7.279695795066508],[80.62029778656188,7.279485828116957],[80.62016739411828,7.279376844476538],[80.62009093617267,7.27931072529632],[80.62002123096686,7.279243945580802],[80.61994937201696,7.279167117399131],[80.61989834994317,7.279111829671729],[80.61984230646279,7.279037159179154],[80.61981357067047,7.278984032290639],[80.61975753387316,7.278884957362381],[80.61971586837855,7.278805268422704],[80.61967490662633,7.2787672120289],[80.61963106547577,7.278740638379968],[80.61958506400464,7.278725549532632],[80.61948657977355,7.278725515426885],[80.61931117447516,7.278739092424667],[80.61916041055211,7.27873526736169],[80.61905957901759,7.278729673597204],[80.618997039478,7.278725345578021],[80.6189460072758,7.278707382851481],[80.61885760324489,7.278662130629314],[80.61877279989746,7.2786018067196],[80.61866356795265,7.278501995129306],[80.61861972538402,7.278479729483244],[80.61839903959734,7.278473191315265],[80.61820973766294,7.278490835117181],[80.61809880988191,7.278436734415916],[80.61802310530327,7.278395554026106],[80.61794931842176,7.278350547284131],[80.61789278237222,7.278310331234423],[80.61781229962246,7.278227996115095],[80.61773948081242,7.278152363647345],[80.61767241624591,7.278074817870548],[80.61760630886144,7.278000146294669],[80.617556479632,7.277963759565293],[80.61749898718045,7.277918757560431],[80.61743862269562,7.277864183397224],[80.61737346961202,7.277798123800832],[80.61728244885636,7.277703344393068],[80.61720771567514,7.277620054435406],[80.61705634084005,7.277439117097558],[80.61690879182252,7.277283064763948],[80.61687717404007,7.277252428505238],[80.61683885459286,7.277195948520327],[80.61679095492917,7.27712510844214],[80.61676413082921,7.277091602702282],[80.61669546206349,7.27703122079489],[80.616616888875,7.276971855438247],[80.61655366558207,7.276868470394604],[80.61646745262246,7.276726795366814],[80.61637166641162,7.276556405319909],[80.61622608752275,7.276250096277768],[80.61615137457783,7.276116082893935],[80.61608240568664,7.27600121200881],[80.61603667772096,7.275890295717486],[80.61602720313893,7.275828491388594],[80.6160265742717,7.275824387438714],[80.61601934590584,7.275777237231416],[80.61601908098513,7.275776022658639],[80.61601037391426,7.275735962568132],[80.6159906113491,7.275691862659379],[80.61590617429916,7.275643210194078],[80.61587562926385,7.275627050330501],[80.61583190401043,7.275609687593277],[80.61576961536949,7.275578561109476],[80.61567259260477,7.275517513379278],[80.61564024776872,7.275507333922203],[80.61561269322466,7.275503734967327],[80.61550606771554,7.275489340406743],[80.61539285562178,7.275469561973537],[80.61528922821398,7.27545397203452],[80.61520836133423,7.275440783858761],[80.61516164107412,7.275428804212595],[80.61509096060118,7.275406050305559],[80.61502088088926,7.275387481716042],[80.61494720596805,7.275365921304756],[80.61484298505832,7.275333583360767],[80.61480405057878,7.275321606453738],[80.61477769742034,7.275309036286453],[80.61473397314757,7.275291673444915],[80.61463335097686,7.275244980926507],[80.61459861099092,7.275234201892272],[80.6145423049871,7.275218629581594],[80.61447641821084,7.275200661054957],[80.61443209469151,7.275185093012071],[80.61438777332022,7.275163543001163],[80.61431709731664,7.275133609714774],[80.61427277500273,7.275109668715268],[80.61423325147318,7.275076156476981],[80.6142009137889,7.275046237794573],[80.61418414784967,7.275028286804401],[80.61417936510205,7.275000768960106],[80.61417579167822,7.274942148046184],[80.61417196774218,7.274915349465856],[80.614157602456,7.27488280478758],[80.614152339638,7.274855527315631],[80.61412216220691,7.274817233746524],[80.61410060649116,7.274791385568487],[80.6140766528731,7.274767450035804],[80.61405605308943,7.274747823802884],[80.61402778443221,7.274730586703037],[80.61399807732981,7.274716698624395],[80.61393924175495,7.274694173956462],[80.6138778076121,7.27466746323472],[80.61383564797312,7.274631079759425],[80.61376162403218,7.274530482045033],[80.61373603149228,7.274453030158037],[80.61371689430449,7.274363061415591],[80.61369585940946,7.274221409264147],[80.61367866703593,7.274054875688302],[80.61366531545896,7.273868245354747],[80.61362414014128,7.273761996664903],[80.61356377392113,7.273715079634578],[80.61349764624782,7.273697827995711],[80.61345355915103,7.273690155414757],[80.61336921708153,7.273686298075647],[80.61327241121145,7.273686263245794],[80.61320915202838,7.273688153979775],[80.61314972397089,7.273696746065911],[80.61309124922954,7.273718737545613],[80.61299442890044,7.273763685396172],[80.61288035290345,7.273815323364358],[80.61278736656152,7.273856443733835],[80.61271547114016,7.273886086148553],[80.61263208200197,7.273896583921583],[80.61255732012181,7.273896557806738],[80.61250939968764,7.273890797253342],[80.61242506307413,7.273866840701644],[80.612345516788,7.27384671378285],[80.61227651800331,7.27382276185076],[80.61220081209584,7.273786366982455],[80.61214906800889,7.273750937538141],[80.61209158283006,7.273683921416612],[80.61204368108127,7.273629352876422],[80.61199959903193,7.273605409937251],[80.61185349651852,7.273568972291743],[80.61185129451795,7.2735800374479],[80.61184698396652,7.273601701173749],[80.61184447629967,7.27360907575843],[80.6118307403418,7.273649465985346],[80.61181165722849,7.273705581003047],[80.61180586584021,7.273722608733566],[80.61179813522263,7.273745343720092],[80.61176603597406,7.273839735865771],[80.61175731896898,7.273865363358301],[80.611752662207,7.273897658846963],[80.6117461251272,7.273942989179612],[80.61174052321309,7.273981831478058],[80.61174323053112,7.273993222157339],[80.61175896987737,7.274059427372818],[80.61178190154496,7.274079030138697],[80.61181217109527,7.274104906909186],[80.61189051758826,7.274171880901019],[80.61189892368468,7.274179350781599],[80.61200413888548,7.274272841433715],[80.61212799401896,7.27437100321315],[80.6121474705547,7.274393556353449],[80.61215080550996,7.274397418031404],[80.61214485637647,7.274412416452815],[80.61209632600982,7.274534761902937],[80.6120267240287,7.274670019480742],[80.6120053133924,7.274711247928816],[80.6119386354374,7.274839635657885],[80.61195173483547,7.274928442959116],[80.61187213800935,7.275096411848264],[80.61176240281264,7.275327985673309],[80.61152325895736,7.27571903233311],[80.61147682590847,7.275801201194022],[80.6112876951893,7.2761408761892],[80.6111674164252,7.276363814434686],[80.61111356927306,7.27648670854028],[80.61112948097674,7.276502583954889],[80.61115754011391,7.27653057874427],[80.61120335105525,7.276574905383615],[80.61124010094558,7.276624565910887],[80.61128291257884,7.276690776481814],[80.61135109162528,7.276733484416862],[80.61143123215652,7.276749505294879],[80.61144672018003,7.276752600032371],[80.61150259239078,7.276768355239799],[80.61157231204773,7.276808349889998],[80.61166829303947,7.276856946764311],[80.61176517687505,7.276910787998879],[80.61184168447903,7.276960371589336],[80.61188242342033,7.277001171346836],[80.61192566274667,7.277052180683278],[80.61194859729153,7.277079235802344],[80.61198489616511,7.277129256019555],[80.61204563831849,7.277199090238441],[80.61211544049829,7.277261512451472],[80.61216939717525,7.277315158076981],[80.61224464430998,7.277347106334239],[80.6123673557136,7.277352667932458],[80.61248373128558,7.277353161300609],[80.61254845493131,7.277352574309336],[80.6125987489542,7.277352118641632],[80.6126893061221,7.277368699212329],[80.61271698493988,7.277381978953689],[80.6127617448016,7.27740345151719],[80.61281797645073,7.277427345420275],[80.61290481817983,7.277452878109456],[80.6129854109963,7.277478408528164],[80.61308439294532,7.277491194891694],[80.6132052838431,7.277522436000845],[80.613327982595,7.277568238813805],[80.61341962518644,7.277593772229123],[80.61347720926531,7.277632045858122],[80.61354619673392,7.277694196271344],[80.61360641728888,7.277764776148362],[80.6136137290679,7.277773347045649],[80.61367374430566,7.277853308982579],[80.6137396613483,7.277891312472709],[80.6137851286288,7.277927845451033],[80.6138057549991,7.277944419683635],[80.6139055377477,7.277994734727526],[80.61397562114254,7.278029226461666],[80.61400151792733,7.278041973756757],[80.6141012098877,7.2780980753599],[80.61421357872995,7.278155087591889],[80.61430991402301,7.278227466304569],[80.61433958853215,7.278312662254663],[80.61433069178398,7.278372433492958],[80.61432597702489,7.278385001616273],[80.61432572570462,7.278416559888646],[80.61432559773067,7.278432477382325],[80.6143158941394,7.278471811085955],[80.61430837609865,7.278477685460264],[80.61429085157734,7.278518964232958],[80.61428984541669,7.278529031476886],[80.61428575986642,7.278539662808041],[80.61427273021476,7.278625888850265],[80.61426191695409,7.27872897550785],[80.61423871591947,7.278775086648957],[80.61416425973734,7.278806710587602],[80.61408893129732,7.278800849943141],[80.61406500395172,7.278798988451897],[80.61394700827499,7.278771997922917],[80.61385309921646,7.278754782478579],[80.6137751126565,7.278784325189277],[80.61375345210232,7.278830346427088],[80.61374074612831,7.278902685187981],[80.61373923338304,7.278911116364492],[80.61372985654502,7.278963360902474],[80.61370854426588,7.279045643902151],[80.61368116768044,7.279118159155471],[80.61362209848484,7.279176918519252],[80.61351866193085,7.279207536295381],[80.61344583798325,7.279240609392817],[80.61339012407495,7.279284537557379],[80.61333648603518,7.279353154833212],[80.61328092778511,7.27946752822821],[80.61325616587695,7.279572148047849],[80.6132529689778,7.279644762410892],[80.61328944828165,7.279697677263665],[80.61335508618942,7.279756932731191],[80.6134210052085,7.279790143465744],[80.61348910163657,7.27981268510537],[80.61355827851955,7.27985277150201],[80.61363833160775,7.279869439450226],[80.61370615753846,7.279888725470323],[80.61371390631577,7.279893557230854],[80.61375577488538,7.27991967044778],[80.61379687888805,7.27995893194921],[80.61382086654574,7.280007252938432],[80.61383181058795,7.280029299247941],[80.61387497947533,7.280113866149882],[80.61393643716573,7.280213091122996],[80.61396076142393,7.280239667360465],[80.61402361577491,7.280308345474303],[80.61409322356201,7.280412273914689],[80.61411593190181,7.280474860710974],[80.61412052791823,7.280538253079823],[80.61413139763239,7.280588274866823],[80.61413662182079,7.280612322150078],[80.61415571891915,7.280648410673987],[80.61417517733751,7.280687120900347],[80.61420640892464,7.280721496497996],[80.61426570994252,7.28077161520433],[80.61432909547045,7.280801480790948],[80.6143963766584,7.280825016738635],[80.61447489488918,7.280831555802099],[80.61457387697405,7.280843618412556],[80.61463599786666,7.280864439572445],[80.61470400690413,7.280876218894108],[80.61475417497167,7.280889711821295],[80.6147632283164,7.280890880699243],[80.61482861489301,7.280899323997462],[80.6149069401763,7.280938960400583],[80.61498091910634,7.280973982392376],[80.61503284906938,7.281014256845028],[80.61504764597764,7.281025733198991],[80.61511166609863,7.28105405978029],[80.61518365289533,7.281088359396301],[80.615203893943,7.281096514370611],[80.61524676751294,7.281113791867368],[80.61533287976545,7.281153070152385],[80.61539362520497,7.281221727435567],[80.61545084088301,7.281278991049185],[80.615510154576,7.281317013645686],[80.61552263177536,7.28132188774959],[80.61557860740008,7.281339172583198],[80.61560499144625,7.281344889008261],[80.61564842754842,7.281354298328475],[80.61572268782668,7.281362554745754],[80.61578897479464,7.281380935610275],[80.6158644018504,7.281421474220965],[80.61592289172734,7.281461284278921],[80.61596562371011,7.281502536535258],[80.61596943972829,7.281508725127335],[80.61599920485811,7.281556987463222],[80.61601386226666,7.281594159501868],[80.61602154097856,7.281648510822063],[80.61602139254636,7.281681385794677],[80.61602124615283,7.281713620521537],[80.6160346239011,7.281783889589683],[80.61605887200204,7.281852082610421],[80.61610692925878,7.281944338514663],[80.61614623493057,7.281996634696063],[80.61629974086286,7.282200867016072],[80.6163441870167,7.282260928438109],[80.6164250363484,7.282334838553273],[80.61648724489713,7.282364702523099],[80.61650221723762,7.282369484338697],[80.61653913102366,7.282381269588347],[80.61659655810821,7.282358953581911],[80.61663963775447,7.282339506379918],[80.61666141398885,7.28232967615302],[80.61670371136151,7.282317303029849],[80.616748532987,7.282340196794848],[80.61678402198872,7.282373036405142],[80.6167902676566,7.282405490418584],[80.61679288199865,7.28241906854299],[80.61679965478172,7.282474504694314],[80.61679836813326,7.282527496386667],[80.61679472375343,7.282589077220284],[80.61679008558565,7.282643785906145],[80.61679649496976,7.282705009466967],[80.6168044204043,7.282789320413015],[80.6168048850657,7.282794268017562],[80.61682545281808,7.282923791325992],[80.61683271809169,7.282969530810341],[80.61690998030727,7.28293845092378],[80.61700762104833,7.282908642414501],[80.61709919479775,7.282868614031373],[80.61723651202567,7.282813410330397],[80.61730398294911,7.282811263719409],[80.61735841518875,7.282806580470093],[80.6174287681906,7.28285245333402],[80.61753805647535,7.282912695659348],[80.6175454840992,7.282916790236087],[80.61754811601571,7.282919104366284],[80.6175613498386,7.282930741961496],[80.6175998969596,7.282964646042299],[80.61760987142011,7.282968340000901],[80.61765613064503,7.282985465634034],[80.61767793483963,7.28299401984544],[80.61771426550675,7.283008273542977],[80.61774595554434,7.283014993672871],[80.61778517189897,7.283023310723557],[80.61779332237191,7.283029600292588],[80.61785633870123,7.283078225931545],[80.61793699385288,7.283187855676876],[80.61800188881648,7.283246026870207],[80.61804518352099,7.283284835705089],[80.61813734462547,7.283284698829663],[80.61819416441548,7.283284616504263],[80.61832924697373,7.283246141294712],[80.61835556696643,7.283238643866202],[80.61848445097394,7.283211198036391],[80.61854554063605,7.283219663722602],[80.61847965568006,7.282869124808846],[80.61862875550148,7.282834018402276],[80.61881999759635,7.28272225981632],[80.61897247274793,7.282648091296561],[80.61916752096259,7.282698022341695],[80.61936645995179,7.282859749102396],[80.61949763849906,7.282978829787958],[80.61976518429775,7.283169986272338],[80.61980190497134,7.283378590010511],[80.61983156462946,7.283526186123341],[80.6199687347135,7.283597306329494],[80.62020923914551,7.283621005248035],[80.62036078690042,7.283738334751493],[80.62046127508177,7.283792104868657],[80.62047274578698,7.28379824270685],[80.62057842918514,7.283685723225137]]]]}},{"type":"Feature","properties":{"GND_N":"Ampitiya North","GND_NO":"252","GND_C":"230","PROVINCE_N":"CENTRAL","PROVINCE_C":"2","DISTRICT_N":"KANDY","DISTRICT_C":"1","DSD_N":"GANGAWATA KORALE","DSD_C":"30","Admin_Code":"2130230","GND_NO_Cen":"252","GND_NAME_C":"Ampitiya North","GND_NO_Gaz":"252","GND_NAME_G":"අම්පිටිa","shape_1":"Polygon","Area__Ha_":58.1631197174,"MWS_ID":"116","Alt_MWS":null,"Total_Pop":3835.0,"Density":6593.52527621,"Area_Sqkm":0.58163119717},"geometry":{"type":"MultiPolygon","coordinates":[[[[80.651528660219,7.289925864675838],[80.6517722446476,7.289844983099244],[80.6521667073772,7.289979019917574],[80.65247822293698,7.289964749548319],[80.65294252144878,7.289892550291854],[80.65297616934491,7.289890588996447],[80.65301170669994,7.289891072547359],[80.65326276853082,7.28990791941934],[80.65347425227436,7.289893135508078],[80.65346773489232,7.289900508335034],[80.65356596723457,7.289877168713989],[80.65378538215755,7.289628219122966],[80.65390843435297,7.289194280627007],[80.65405825920085,7.288865250393528],[80.65444313296706,7.28843858433438],[80.65463073677478,7.288596601401084],[80.65480230344554,7.288525250035938],[80.65484355838491,7.288508093815826],[80.65500008311908,7.288415386810793],[80.65506443540272,7.288320060590983],[80.655298272813,7.288295367018534],[80.65597574849029,7.288248731133478],[80.65603561574653,7.288112491053968],[80.65617557066233,7.288000600745727],[80.65618272693104,7.28799488021127],[80.65626453287477,7.28794028649749],[80.6562686009336,7.287937571048281],[80.65631318867509,7.287824906599322],[80.656317679521,7.287771747372619],[80.65633653777972,7.287548557472921],[80.65633231682868,7.28740775711251],[80.65632791502433,7.28727952562569],[80.65640645423575,7.287207382090179],[80.65646742417174,7.287136410383567],[80.65652058030341,7.287101927077076],[80.65662195674007,7.287036164896332],[80.65665983006213,7.286973415310977],[80.65666006592191,7.286941244754797],[80.65666058183317,7.286870777897914],[80.65665680532767,7.286764611595755],[80.65655622368963,7.286624055204638],[80.65653612366528,7.286541425422212],[80.65652891791107,7.28650852854682],[80.65652564685641,7.286497579270304],[80.65651017775585,7.286430974077934],[80.65648240236108,7.286324169305563],[80.65647571594084,7.286262571762282],[80.65646333961054,7.286148548391649],[80.65640632590933,7.285987294946207],[80.65635652307948,7.285931676981113],[80.65634220342122,7.285915685989629],[80.65629876550163,7.285867175728662],[80.6561051705629,7.285735638488893],[80.65592108594167,7.2856045549469],[80.65574512808064,7.285557484256097],[80.65573498635706,7.285554678209408],[80.65566933190581,7.285553242751044],[80.65566908927292,7.285552929797081],[80.6553104274538,7.284992968436814],[80.65519479425956,7.284688451949813],[80.65519530802634,7.284667255198064],[80.65550206259552,7.28404048443474],[80.6555029833844,7.283926517032272],[80.65550507236266,7.283667557423049],[80.65552713203584,7.283215419346509],[80.65539817536228,7.282612824381625],[80.65532576275066,7.282546123436696],[80.65531489731652,7.282331221670056],[80.6551471610673,7.282335962358454],[80.65491714957926,7.28224258645146],[80.65475915506224,7.281670702720034],[80.65486681771362,7.281584130027608],[80.6549341513161,7.281397988921873],[80.65481199427164,7.281213721323326],[80.65487377215692,7.281183937463638],[80.65498229589163,7.281127861728582],[80.65483814546167,7.280865248357482],[80.65481042013941,7.280830764312963],[80.65479274328159,7.280788511374127],[80.65476982681201,7.280754594712919],[80.65475399359003,7.280699907179305],[80.65474466725233,7.280652712649915],[80.65471369219769,7.280595759381828],[80.65468558757517,7.280550674068404],[80.65465683280244,7.280495141150886],[80.65464254954297,7.280445778573501],[80.65451618375731,7.280404520965997],[80.65441621123237,7.28035683630828],[80.65437491581679,7.280345521379679],[80.65434184101464,7.280407761157329],[80.65431844345504,7.280451788139678],[80.65431148996981,7.280464872452572],[80.65430109787758,7.28047743405473],[80.65427117451921,7.280513604487843],[80.6542370026457,7.28062048222919],[80.65418506639853,7.280777728538851],[80.65414142736459,7.280862543213312],[80.65410016146109,7.280942740242028],[80.65409270200428,7.280954714833084],[80.65406954987247,7.280991871867461],[80.65403301184406,7.281050515170042],[80.65401988779652,7.281071581912693],[80.65390936236116,7.281204847380698],[80.65385726949532,7.281267772862171],[80.65374720644435,7.28136549744789],[80.65365282516345,7.281411500959082],[80.65356731660592,7.281467183816715],[80.65346369043432,7.281539680893437],[80.65341884010496,7.281565495643054],[80.65335435670852,7.281602609760471],[80.65330445204148,7.281631333175923],[80.65323026025517,7.281704200824322],[80.65304609276963,7.281875515431457],[80.6530239059867,7.281889262949041],[80.65294404026264,7.281938740078655],[80.65294268631467,7.281938736092278],[80.6529285201989,7.281948356738993],[80.65288603884593,7.28197467396903],[80.65282553445167,7.281996450286647],[80.65269048108277,7.282072015045342],[80.65254355936247,7.282163128739381],[80.65251126104934,7.282186398500844],[80.65242888203805,7.282245749850924],[80.65233000913466,7.282298989900065],[80.65228486202571,7.282323300595072],[80.6522065932877,7.282394085243246],[80.65208286538385,7.282527026498409],[80.65207894908868,7.282531233150204],[80.65196055013298,7.28264387782268],[80.6518742098752,7.282754902629861],[80.65182033831522,7.282852216252996],[80.65179302286843,7.282901558419885],[80.65178491958288,7.282916144423448],[80.65172932286025,7.283016206644056],[80.65166082541516,7.283128140624023],[80.65154546628045,7.283257871939835],[80.65153517303544,7.283269448714795],[80.65148168394872,7.283329239204956],[80.65145599345476,7.283357957334512],[80.65138831703864,7.283392424287182],[80.6513472090181,7.283413361137471],[80.6511855472283,7.283422268157388],[80.65111300493858,7.283419989135067],[80.65097896992349,7.283410094201546],[80.65085915258136,7.283410694002874],[80.6507889554847,7.283442596463936],[80.6507513568283,7.283496121734278],[80.65069569255094,7.283642553800507],[80.65069471191362,7.283645134411947],[80.65067849154924,7.283674701554109],[80.65064620367728,7.283705273435696],[80.65050148072307,7.283842310327743],[80.65042304840503,7.283900188381323],[80.650386072839,7.283927473602376],[80.65007138585301,7.284159691643661],[80.6499389481315,7.284269708459929],[80.64980508355023,7.284297161882335],[80.64976985149796,7.284304386459264],[80.64962004389237,7.284353809048647],[80.64959536053937,7.284365602397129],[80.64948290819885,7.284419332656203],[80.64941984762267,7.284514899900078],[80.64939831648047,7.284598791564386],[80.64939745334729,7.284602159854472],[80.64936844809898,7.284688241452479],[80.64932368240967,7.284784626784325],[80.64930949325563,7.284801499825137],[80.64928445340928,7.284831276948542],[80.6492289147342,7.284908941961],[80.6491375921647,7.285023492506708],[80.64909527147655,7.285117346449609],[80.6490709928948,7.285183711007306],[80.64906599614828,7.28519737001675],[80.64903573115815,7.285257315947216],[80.64898299422106,7.285351982628669],[80.64895291429968,7.285397912798447],[80.64889629332079,7.285456043592328],[80.64883604955071,7.285517881003645],[80.64878621962592,7.285580806507783],[80.64874982742278,7.285600435012536],[80.6487258944544,7.285613344434121],[80.64868784847016,7.285642723576208],[80.64863594381103,7.285682678254025],[80.64860596989044,7.28571867555505],[80.64858248993968,7.285746869641163],[80.64851454589262,7.285819284283862],[80.64845149824751,7.285867828486154],[80.64833219644109,7.285961117996785],[80.64825754912397,7.286034979396754],[80.64820373301548,7.286108302294439],[80.64816747215576,7.286226395009935],[80.64814199275206,7.286333185170678],[80.64812838103394,7.286427501108904],[80.64810906637486,7.286512228000023],[80.64810040947874,7.286542973685089],[80.64809041628692,7.286578468394826],[80.64813156634344,7.28661190041835],[80.64823790350673,7.286698294278662],[80.6483621531575,7.2867294492611],[80.64853490821073,7.286722298042877],[80.64857225830065,7.286732859108572],[80.6485625256519,7.286830208286108],[80.64851504418304,7.286904989840601],[80.64865742279221,7.287130340074267],[80.64879546079659,7.287185668160958],[80.6490291324629,7.287115038237078],[80.64917943584821,7.287157666903536],[80.6493210357122,7.287249013350933],[80.64934703511462,7.287259884054521],[80.64946288064007,7.287290385279006],[80.64970230074222,7.287289832030912],[80.64988823776791,7.287279959322639],[80.65005178087185,7.287378623879893],[80.65023691508061,7.287451250447966],[80.65063383591044,7.287598371825665],[80.65060003574953,7.287666277459593],[80.65055102586687,7.287711479024193],[80.6505081756889,7.287758852626532],[80.65046568956312,7.287796549370118],[80.6504254698358,7.287826199340421],[80.6503881492611,7.28785214337296],[80.65037310388212,7.287860415371299],[80.65032782371807,7.287885314519117],[80.65030155190242,7.287909179915392],[80.65027273739874,7.287957462614171],[80.65026811094035,7.287994266491564],[80.65026890870034,7.288049790066684],[80.65027043110803,7.288111374488141],[80.6502708090971,7.28812315948137],[80.65027285526101,7.288186974061947],[80.65027067298915,7.288221247473892],[80.65023791322186,7.288250698750415],[80.6502203959893,7.288266446838152],[80.65016269329709,7.288305678432192],[80.6501198489513,7.288328636697082],[80.6500931224373,7.288362268434749],[80.65006258698688,7.288414257379275],[80.65005461062648,7.288473073786172],[80.65005169651941,7.2884945574228],[80.65004471208536,7.288533168341487],[80.65000801999113,7.288581629681402],[80.64996390023542,7.288627915900157],[80.64992340426309,7.288673392871289],[80.64990990771625,7.288684248882378],[80.64987249440449,7.28871434269401],[80.6498650671497,7.288720427485646],[80.64977250646965,7.288726523723173],[80.64972269089071,7.288737542283017],[80.64964869119774,7.288761936854019],[80.64958909351392,7.288776208151811],[80.64953520167434,7.288796359920878],[80.6494973372134,7.288823568845112],[80.64946736246944,7.288839449957615],[80.64938628698984,7.288882406952263],[80.64937042988771,7.288901015784785],[80.64933582293429,7.28894162467911],[80.64923363881262,7.289036910489108],[80.64922353592603,7.289043993773395],[80.64903344614949,7.289177292544266],[80.64896976581535,7.289223032380598],[80.64865238122346,7.289450996511521],[80.64860869294333,7.289482374362911],[80.6483984477905,7.289588022598341],[80.6483074252535,7.289633760026217],[80.6482980751466,7.289640145379868],[80.64868330703086,7.290071333192618],[80.64895466329875,7.290131860629729],[80.64919818680445,7.290195063147569],[80.64936143955461,7.290334170146798],[80.6495384502609,7.290502803751209],[80.64969128341065,7.290632585242983],[80.64980716848267,7.290751198139433],[80.65008503498605,7.290780413402174],[80.65020861687104,7.29073618132828],[80.65047837012656,7.290571829674284],[80.65064884722226,7.290479676101921],[80.6507361070999,7.290412821664756],[80.65076088098543,7.290395744440262],[80.65102567369432,7.290292566320182],[80.65128282993382,7.290022040892984],[80.651528660219,7.289925864675838]]]]}},{"type":"Feature","properties":{"GND_N":"Bogambara","GND_NO":"264","GND_C":"145","PROVINCE_N":"CENTRAL","PROVINCE_C":"2","DISTRICT_N":"KANDY","DISTRICT_C":"1","DSD_N":"GANGAWATA KORALE","DSD_C":"30","Admin_Code":"2130145","GND_NO_Cen":"264","GND_NAME_C":"Bogambara","GND_NO_Gaz":"264","GND_NAME_G":"බෝගම්බර","shape_1":"Polygon","Area__Ha_":27.6528623577,"MWS_ID":"116","Alt_MWS":null,"Total_Pop":1994.0,"Density":7210.82676436,"Area_Sqkm":0.27652862358},"geometry":{"type":"MultiPolygon","coordinates":[[[[80.63751120041951,7.291833005465742],[80.63748769583374,7.291699793469991],[80.63746724403829,7.29159674182898],[80.63745686034805,7.29154442559845],[80.63743531812902,7.291459037376477],[80.63743126025001,7.291442954904253],[80.63739731549616,7.291384978631354],[80.6374063772825,7.291371416867421],[80.63741045555678,7.291362465518404],[80.63741399122384,7.291347997752546],[80.6374139938588,7.291336512197336],[80.63741219078446,7.291312638036489],[80.6374128264535,7.29130712288613],[80.63741702694122,7.291292461803616],[80.63741717835168,7.291291931024116],[80.63742794477996,7.291271928431252],[80.63744146511281,7.291246814657788],[80.63744382009087,7.291243107737943],[80.63747779464104,7.291207306861393],[80.63748268621741,7.291201250436273],[80.63746937242982,7.291202692327297],[80.63736883954329,7.291214236513364],[80.6372943929055,7.291219097761851],[80.63723557437739,7.291227296165117],[80.63722383729908,7.291228932959274],[80.63717420599295,7.291230905340851],[80.63706208340096,7.291233133375123],[80.63694851795782,7.291218176461586],[80.63687743075228,7.291189850747247],[80.63680336437623,7.291133670657272],[80.63675982201345,7.291068003892804],[80.63672235817897,7.290968339007179],[80.63668063648458,7.290872650833002],[80.63664154585219,7.29076502666469],[80.63661041491748,7.290681549850788],[80.63657756582198,7.290575092348389],[80.63657639596731,7.290571304764561],[80.63656194392982,7.290449580169794],[80.63656832766105,7.290307516096489],[80.63657768913426,7.290203705876547],[80.6365860612214,7.290071951473638],[80.63661326330755,7.289968506678859],[80.63666653816941,7.289901605599762],[80.63673874168414,7.289828107136095],[80.63684020289992,7.289745304268519],[80.6369604909849,7.289692078804769],[80.63701882280945,7.289669760490903],[80.637048532089,7.289661630914686],[80.63707878141972,7.289658474266902],[80.63714960686252,7.289653885033771],[80.6372211787363,7.289569535559813],[80.63723368729627,7.289538883524949],[80.637242573066,7.289505697421462],[80.63724339606208,7.289480106794118],[80.63724186443835,7.289454152816725],[80.6372342710761,7.289408030105284],[80.6372199801975,7.289347618244237],[80.63720732960903,7.289257455306896],[80.63675866205969,7.289186812109146],[80.63676422171864,7.289172902927022],[80.63692615209757,7.288291046395756],[80.63698438918993,7.286579066041831],[80.6369170659717,7.286444490365906],[80.63691756521293,7.28642912369108],[80.63687293386923,7.286260626440565],[80.63684788844567,7.285930764078658],[80.63689753761757,7.285579130123532],[80.6366307788108,7.285102145282631],[80.63646061291655,7.285184325538481],[80.63623223750314,7.285278567390689],[80.63609327020595,7.285262595928645],[80.63598604523457,7.285278888969629],[80.63590415527756,7.285384857869574],[80.63570643776468,7.285259066615767],[80.63565200298686,7.285280119056762],[80.63562003361034,7.285276131082564],[80.63555528855143,7.285245815868147],[80.63520380725069,7.28578163545076],[80.63508382090352,7.285938298408054],[80.63488011716137,7.285921657965407],[80.63481557181422,7.285898385422604],[80.63479658566423,7.28592986551806],[80.63477384990864,7.285941705682203],[80.63477541130054,7.285872345195457],[80.63477852764949,7.285817596929578],[80.63478306101129,7.285737969007209],[80.63479776188125,7.285644920786072],[80.63479787719417,7.285566065564192],[80.6347885208344,7.285508368078465],[80.63478676092407,7.285497515886727],[80.63476068087407,7.285430568473105],[80.63475572005396,7.285417837041247],[80.63472304443356,7.28535850450884],[80.63471300256556,7.285323685683335],[80.63471347316963,7.285267077340493],[80.6347259772914,7.285247817783276],[80.63473802164903,7.28523910678127],[80.63472776203635,7.285110333474086],[80.63442679434952,7.285117895900556],[80.63442279598243,7.285644274289186],[80.6333101435852,7.285794156679567],[80.63327005267108,7.285800260709475],[80.63326115958007,7.285801613447432],[80.63326725020747,7.285904157947903],[80.63326927981367,7.285938338543446],[80.63327015020081,7.285978152582149],[80.63327097685769,7.286015927402908],[80.63324459100541,7.286111323963503],[80.63322556269381,7.286141159049449],[80.63316151199042,7.286208871099722],[80.63313350893749,7.286260408429091],[80.63312415673161,7.286290078373222],[80.6331134745795,7.286323974609721],[80.63310855969095,7.286400567544946],[80.63311508639497,7.286441706369718],[80.63311578958812,7.286446146721703],[80.63315179122704,7.286594950379425],[80.63315703445888,7.286616620050988],[80.63316752939649,7.286690324997544],[80.63317135181731,7.286717169546995],[80.63317248588999,7.286725142243951],[80.63316956402008,7.286802820973417],[80.63316157801366,7.286853821151995],[80.63311073831186,7.286954995690592],[80.63304413848998,7.287064034476926],[80.63298958237836,7.287172261388185],[80.63297844841172,7.287214254608021],[80.6329726823967,7.287236000369952],[80.63295503524783,7.287302560540184],[80.63290065626087,7.287426072028732],[80.63278356973193,7.28766169540492],[80.6327671138307,7.287712944281108],[80.63276353472757,7.287724085969604],[80.63275048085305,7.287788414862975],[80.63274911296563,7.287795160530914],[80.6327358708264,7.287850590115544],[80.63273304145282,7.287921938743403],[80.6327512978544,7.288041222138459],[80.63279174330255,7.288159607368802],[80.6328269542965,7.288211734444499],[80.63285094488441,7.288247254045591],[80.63290146070655,7.288310751254676],[80.63298023283158,7.288384116130891],[80.6329863896472,7.288386608533817],[80.63305557255438,7.288414615028207],[80.63331276286253,7.288474922139759],[80.6334716982323,7.288499389473826],[80.63347677135422,7.288500676995836],[80.63352367101716,7.288512584302482],[80.63358535330215,7.288517601863274],[80.63378051754397,7.288537738060781],[80.63392379422262,7.288535794644566],[80.63397786370764,7.288531561444782],[80.63402513748623,7.28853754382248],[80.63406172177564,7.288551934661087],[80.63411623251864,7.288581522526022],[80.63416673421347,7.288621581860225],[80.63417291292106,7.288626483317981],[80.6342227970827,7.288686273444982],[80.63425990945687,7.288749315045536],[80.63427229898639,7.288809546440371],[80.634278789011,7.288892794116707],[80.63428537735935,7.288977297900807],[80.63428698672624,7.289043402974848],[80.63427600067835,7.289130665692066],[80.63426475293022,7.289186186377858],[80.63423507298603,7.289287953668958],[80.63420328235561,7.289396959241342],[80.63418082595187,7.289467211117392],[80.63416611338039,7.28951324185627],[80.63416087623918,7.289538051577343],[80.6341313744505,7.289677813215429],[80.63412211596541,7.289818017092651],[80.63412036327546,7.289844564171026],[80.6341098956628,7.290010771809778],[80.63411113611788,7.290097856599471],[80.63412260764686,7.290194349360722],[80.63414804284311,7.290236045739124],[80.63419794194084,7.290251886736643],[80.63426242245161,7.290258597944638],[80.63435754078203,7.29025672246012],[80.63436621260311,7.290256551557252],[80.63449285611158,7.290157479676972],[80.63443667766374,7.290243460379321],[80.63439950847541,7.290360375116776],[80.63437311637406,7.290478378398517],[80.6343464706486,7.290538958344875],[80.6343618469169,7.290605611224462],[80.63436654420597,7.290641422202085],[80.63437186656441,7.290711236080462],[80.6343734586037,7.290829520342594],[80.63437431082315,7.290889947053754],[80.6343747865484,7.290923658721756],[80.63437647127446,7.291043840239977],[80.63434900254883,7.29112937869367],[80.63430116062362,7.291195287365089],[80.63423556751962,7.291267068421621],[80.63423518971713,7.291267506889882],[80.63417541003157,7.29133659041962],[80.63410954293893,7.291412621595339],[80.63403045192062,7.291495069150093],[80.63396377611679,7.291556450337564],[80.63388704299084,7.291628770413243],[80.63387994768554,7.291641128192421],[80.63383113233785,7.291726146237457],[80.63379207279775,7.291805623070835],[80.6337612488394,7.291904091959561],[80.63375472531038,7.291915483216804],[80.63373733223409,7.291925877215673],[80.63371360010883,7.291937083990722],[80.63357254683534,7.292021429026514],[80.63357318503746,7.292022363373221],[80.63365530036019,7.292142703215158],[80.6336569773991,7.292146398727088],[80.63376137109658,7.292376409516212],[80.63382220717423,7.29248430754274],[80.63385852361642,7.292461715032459],[80.63391957825999,7.292419775515691],[80.63394620964168,7.29240513329204],[80.63397365604001,7.292390764423043],[80.63399836751066,7.292433093592047],[80.63413512459074,7.292431147174537],[80.63431526754322,7.292415920190922],[80.63442159387338,7.292414507609328],[80.63453172405416,7.292413003957307],[80.63467599647097,7.292416575983119],[80.63478902303731,7.292423575434407],[80.63482766868627,7.292424465614507],[80.6349402682574,7.29242705912941],[80.63502820721146,7.292432783742821],[80.63511252163842,7.29244438427283],[80.63521957186188,7.29244794539721],[80.63535524120786,7.292446088701274],[80.63546863181621,7.292444586742456],[80.63561824888089,7.292447345356534],[80.63574250532159,7.292450096936948],[80.63586930128588,7.292444078435957],[80.63601131126951,7.292442132179078],[80.63612262082992,7.292434209761664],[80.63614018066984,7.292432054828751],[80.63624534407501,7.2924191450509],[80.6363149924942,7.292411932208678],[80.63640565569366,7.292391523940121],[80.63645502439853,7.292366490023724],[80.63650611444095,7.292330875382497],[80.63658682601367,7.292281525390893],[80.6366697131533,7.292219967963267],[80.63674581697904,7.292128567322704],[80.63683324115154,7.2920446749751],[80.63686530266962,7.291977862286458],[80.63687103292388,7.29196592182608],[80.63692703105289,7.291873608836318],[80.63699705538744,7.291824888483986],[80.63702894292551,7.291810973851711],[80.6370527598464,7.291800580799985],[80.63707814771706,7.291800235040159],[80.63712412881753,7.291799607149303],[80.6371694092971,7.291806584228439],[80.63720997427188,7.291835986572369],[80.63722518942814,7.291853959761189],[80.6372695447919,7.291906359698267],[80.63732684834622,7.291994637323636],[80.6373803438948,7.292084813712229],[80.6374256876677,7.292189183341569],[80.63746949793631,7.292264887890735],[80.63749980104585,7.292384626950394],[80.63753191655934,7.292498037345922],[80.63755010019464,7.292567130793472],[80.63757217491225,7.292646987547765],[80.63760665130873,7.292740592612811],[80.63763569341856,7.292837994985146],[80.63764519649732,7.292859068166933],[80.63765080902444,7.292867661674293],[80.6376872070005,7.292900408619511],[80.63766132930321,7.29282064023023],[80.63765644619998,7.292799117219166],[80.63764868689003,7.292697470250066],[80.63764727045124,7.292594380150389],[80.63764005830912,7.292486403225509],[80.63760966637017,7.292360877511266],[80.63757918485561,7.29223218489707],[80.63755848015187,7.292117965038898],[80.63753307103786,7.291987285415335],[80.6375299559566,7.291965316219529],[80.63751120041951,7.291833005465742]]]]}},{"type":"Feature","properties":{"GND_N":"Bowala1","GND_NO":"245","GND_C":"205","PROVINCE_N":"CENTRAL","PROVINCE_C":"2","DISTRICT_N":"KANDY","DISTRICT_C":"1","DSD_N":"GANGAWATA KORALE","DSD_C":"30","Admin_Code":"2130205","GND_NO_Cen":"245","GND_NAME_C":"Bowala","GND_NO_Gaz":"245","GND_NAME_G":"බෝවල","shape_1":"Polygon","Area__Ha_":76.5560429791,"MWS_ID":"116","Alt_MWS":null,"Total_Pop":5341.0,"Density":6976.58838174,"Area_Sqkm":0.76556042979},"geometry":{"type":"MultiPolygon","coordinates":[[[[80.61672715422638,7.275439454174142],[80.6167768751814,7.275437843945285],[80.6168076628376,7.275446625624993],[80.61685700578451,7.275487065349054],[80.61691051615183,7.275525878789044],[80.61694211888992,7.275534661650925],[80.6170110332399,7.275550420769925],[80.61716471713396,7.275555720662224],[80.61721733498044,7.275554833941431],[80.61723753637641,7.275541276490398],[80.61726081065396,7.27553784740833],[80.61729985809446,7.275537907238908],[80.6173395123127,7.275537965470501],[80.61745679832059,7.275521007533382],[80.61750968998642,7.275508907515642],[80.61755516189226,7.275486135922388],[80.61764863585083,7.275451443437378],[80.61770579230519,7.275423429154988],[80.61774755901972,7.275378047761204],[80.61777357676935,7.275298929438672],[80.61778659730346,7.275270004433779],[80.6178059332376,7.275227049566464],[80.61783966338238,7.275111763620025],[80.61785879983888,7.27503589747043],[80.61786913877782,7.274968232080671],[80.61787314091814,7.274942037626196],[80.61788233427289,7.274812272431181],[80.61788265281957,7.274678706057689],[80.61787968929757,7.274604644398439],[80.61786430584037,7.274574614342872],[80.61779576341357,7.274531636863846],[80.61773645614618,7.274497885596066],[80.61767117774696,7.274444327085298],[80.61760462980499,7.274398095689248],[80.61752033243417,7.274351584962238],[80.6174181989768,7.27428598716645],[80.61736315151431,7.274245545501367],[80.6173085597341,7.274189276875335],[80.61730286691756,7.274160971995958],[80.61732154236068,7.274103374438112],[80.61735950386324,7.274056996102328],[80.61738940895061,7.274002567542651],[80.61740582528375,7.27393592525172],[80.61748329793798,7.273822101552531],[80.61755305822216,7.273741642115922],[80.61759492188611,7.273675100068632],[80.61761962630266,7.273642627056091],[80.61764482723207,7.273609501309046],[80.61773641913118,7.273409014990039],[80.6178660849527,7.273187021357941],[80.61802521735856,7.272961996807984],[80.618372306255,7.272962288853511],[80.61858358845522,7.272759974861831],[80.61868348558173,7.272506794756286],[80.61875854014582,7.272217510718708],[80.61877818500385,7.272017773221563],[80.61898519238864,7.271920977075481],[80.61935106683833,7.271918825119488],[80.61962677187827,7.271847144174022],[80.61996542731366,7.271686076307427],[80.62022078889639,7.271617207593379],[80.62044022380263,7.271706646393105],[80.62059312877375,7.271811052866965],[80.62060265232111,7.271782317377174],[80.62060282172376,7.271782172746841],[80.62063074996476,7.271733637527071],[80.62063580731339,7.271724849435373],[80.62064170390475,7.271690578361524],[80.62065288902934,7.27163101845042],[80.62065533672256,7.271623782150953],[80.62065611338332,7.271622226111549],[80.62068449458012,7.271565347939967],[80.62072671484495,7.271508029600904],[80.62076033820146,7.271442117423892],[80.62076248316869,7.271430326043395],[80.62077748703109,7.271347894891989],[80.62077959914531,7.271323673849244],[80.62078403249127,7.27127283904851],[80.62077480618979,7.271240553153159],[80.62078867547734,7.271202305877576],[80.62084738446177,7.271134502359672],[80.62088559114837,7.271100211618345],[80.62098254596935,7.271013191184914],[80.62099632869042,7.271000130532502],[80.6210221339213,7.27097567615877],[80.62103339962545,7.270971316754909],[80.62107284881608,7.270960720982213],[80.62111565832637,7.270959390041619],[80.62122934850395,7.270955852442553],[80.62131032064474,7.270956119785919],[80.62141337198146,7.270956457963553],[80.62146281794529,7.270957741791317],[80.62151960626717,7.270944557457313],[80.62160402459838,7.270904345683832],[80.62160475187821,7.270904169592928],[80.62171615064867,7.270877254843749],[80.62180001633679,7.270866703095092],[80.62181341792511,7.270866404722566],[80.62186005994434,7.270865366203777],[80.62188840881412,7.270854796418142],[80.62190951557255,7.270838345286171],[80.62194177530223,7.270781656446297],[80.62198399400596,7.27073618345467],[80.62204341445128,7.270700575936083],[80.62206086341385,7.270694596290593],[80.62211460512793,7.270676182160958],[80.62212339108488,7.270674830503643],[80.62212058406017,7.27067094104344],[80.6220945573709,7.270662543867907],[80.62208750511857,7.270660267144634],[80.6220493189997,7.270647947481209],[80.6218869577277,7.27059589473285],[80.62182366131748,7.270575525426697],[80.62177957849299,7.270569025636622],[80.62171671299575,7.270559754979605],[80.62163230828938,7.270557736711395],[80.62153857286441,7.270563763542143],[80.62147726257221,7.270564375611831],[80.6213921324414,7.270567692441687],[80.62133543944755,7.270569752051835],[80.62124035715742,7.270544670320122],[80.62121721556855,7.270534373235916],[80.62117833114674,7.270517068739935],[80.62111892969335,7.270494620771453],[80.62108964287982,7.270475373493367],[80.62105491628883,7.270452548733942],[80.62090714236703,7.270381420735873],[80.6208281311082,7.270333502627647],[80.62075213135289,7.270287411328283],[80.62074059179801,7.270279680998334],[80.62067028155624,7.270232581531493],[80.62063461686843,7.270180571832017],[80.62062267418824,7.270149550120199],[80.6206213634098,7.270116355401961],[80.62062069994457,7.270099541459378],[80.62062073196894,7.270001332303151],[80.62061930960205,7.269950308298776],[80.62061867535647,7.269927542240525],[80.62060611460272,7.269847868787854],[80.62059092507646,7.269775338429065],[80.62057401161078,7.26975430032703],[80.62052954995251,7.269698993218771],[80.62050185258364,7.269656120616774],[80.62041865054437,7.269583746823314],[80.62033425782884,7.269550169033725],[80.62022270798529,7.269482939978722],[80.62015738375734,7.269437393936132],[80.62015164689416,7.269431362063986],[80.62009975814105,7.269360757870663],[80.62009805817682,7.269358444076452],[80.62007526254239,7.269327425844214],[80.62007487330624,7.269326897596809],[80.62000880618872,7.26920108439481],[80.61994346110143,7.269085131053367],[80.61993467836035,7.269077261487383],[80.61991457531268,7.269072009591316],[80.61987889342869,7.269072810247328],[80.61986847824656,7.269074254442701],[80.61985706474914,7.269081846652703],[80.61985217171868,7.269086908159064],[80.61985135524537,7.269093600627389],[80.61985288660502,7.269117293907463],[80.61988112810725,7.269157702508976],[80.61989208074235,7.269173374251002],[80.6199316380779,7.26922674180605],[80.61996025396266,7.269279240165216],[80.61998512656237,7.269324876281035],[80.62001211406599,7.269361892399619],[80.6200137968245,7.269364201666696],[80.62002739920196,7.269382857616421],[80.62002739282379,7.269398682925273],[80.62002276956879,7.269414506642183],[80.6199950617564,7.26940201769929],[80.61995791445139,7.269366440439273],[80.61995553706753,7.269364163487319],[80.6199296972782,7.269339416446813],[80.6199267296474,7.269336502661412],[80.61984921367477,7.269260353451635],[80.61977561958831,7.269167058180585],[80.61976665693344,7.2691556961292],[80.61967359843122,7.269043711209198],[80.61967023027724,7.26903887925604],[80.61958588704944,7.268917892275908],[80.6195481698226,7.268781510267258],[80.61954621591256,7.268764614489383],[80.61953745852405,7.268688913119487],[80.61953300082477,7.268650381918691],[80.61953423296833,7.268489687612753],[80.61955737045184,7.268365172116875],[80.61931931389819,7.26853707560196],[80.61920610149028,7.268655533595872],[80.6190302895931,7.268846827765895],[80.61877677101305,7.269088450096834],[80.61851686187958,7.26927615367411],[80.61826772633167,7.269506504184807],[80.618058910609,7.269667578191709],[80.61783939575858,7.269776756716523],[80.61753255166141,7.269735353409579],[80.61722652350586,7.269591290951888],[80.61694026960537,7.269406900601314],[80.6166977532362,7.269255420415898],[80.61623269455286,7.26915695231107],[80.61594471695464,7.269102954040238],[80.61593312111651,7.269103582045652],[80.61573056892536,7.268956391035434],[80.61563716631693,7.268783603447277],[80.61546552628687,7.268666179378268],[80.61545354713883,7.268662397852614],[80.61523660963053,7.268537649947309],[80.61521641117865,7.268525887730981],[80.61508275402487,7.268477203164247],[80.61507684779399,7.268486676353783],[80.61505357073285,7.268493812070353],[80.61499850800949,7.268493611619178],[80.61488865913093,7.268487151963065],[80.61483559498333,7.268472121629534],[80.61476974977897,7.268452028062808],[80.61465847533557,7.268418073405598],[80.6146131968445,7.268410639257391],[80.6145899192301,7.268419313169844],[80.61457171100021,7.268433865956921],[80.61455833680553,7.268459043318966],[80.61455757375676,7.268460479984634],[80.61455271090684,7.26846963522464],[80.61455267923009,7.268469579146529],[80.61454691495622,7.268459409103375],[80.61454290376801,7.268452330594397],[80.61450979879903,7.26839391163839],[80.61426069300234,7.268428478274219],[80.61413390753759,7.268426105257851],[80.61406491247095,7.268388756356156],[80.61393122927504,7.268329850104027],[80.61376984382765,7.268168227637136],[80.61372160356308,7.267983224251537],[80.61356679025717,7.267696252262888],[80.61342964795637,7.267478726211723],[80.61339691795638,7.267428323959919],[80.61336642122234,7.267405566155682],[80.61335556031511,7.26739746150336],[80.6132331610052,7.267282299686215],[80.61315062385233,7.267131161816607],[80.61312602887634,7.26709892811756],[80.61309540713548,7.26705879677573],[80.61306254118287,7.267038979797283],[80.61302016140607,7.267027480789174],[80.61296374902138,7.26700602848147],[80.61289682090629,7.267018755041171],[80.6128934481796,7.267024311673579],[80.61281046293624,7.267161061244516],[80.61278361939387,7.267261338796539],[80.61276895843966,7.267323542338909],[80.61276021936885,7.267360622854885],[80.61275392597001,7.267481435500408],[80.61275052560167,7.26750830926226],[80.6127394853038,7.267595552457407],[80.61268682993759,7.267700162247432],[80.61257994351296,7.26776640999087],[80.61246879687921,7.267840521798193],[80.61236616813704,7.267900621766206],[80.61221861975514,7.267965315591572],[80.61215788069634,7.267989970229091],[80.61208040054815,7.268021422771368],[80.6120122871957,7.268065453935212],[80.61197414610339,7.268090111310848],[80.61192178730958,7.268103233662094],[80.6118919986777,7.268110699638251],[80.61187169895277,7.268106274754437],[80.61184255471774,7.268099920495316],[80.61182635834689,7.268063199909474],[80.6118044668442,7.267995730043512],[80.61177822703003,7.267934409668709],[80.61174873365053,7.267847314565873],[80.61174296181113,7.267833246034461],[80.61171559284993,7.267766550972174],[80.61169191103052,7.26770884511659],[80.61165583916446,7.267649330675251],[80.6116499163376,7.267639559336644],[80.61161119123331,7.267542152719514],[80.6115772860181,7.267486561022083],[80.61154704729012,7.267436981558038],[80.61149147166837,7.267390837373013],[80.61146204684495,7.267364334208592],[80.6114208148021,7.267334635462404],[80.61127521791774,7.267260882681725],[80.61115706147541,7.267186867655977],[80.61114684797698,7.267179189114279],[80.61112490991538,7.267162697483498],[80.61103646598073,7.267096212532083],[80.6108766511708,7.267022000482707],[80.61072018640162,7.266949989771073],[80.61070714767327,7.266943988574602],[80.61057758007321,7.266871410692122],[80.61057242000587,7.266868520461623],[80.61052844634165,7.266857242194019],[80.61038596954678,7.266820704158268],[80.61022830191297,7.266816216253384],[80.61013654715322,7.266863295926824],[80.60997205169575,7.266955745824904],[80.60995467484231,7.266965098987491],[80.60995293208413,7.266966037919048],[80.60981960565215,7.26703780150421],[80.6097456572236,7.267062448256048],[80.60968139196095,7.267083869287796],[80.6095259811919,7.267098643623182],[80.60938652185244,7.267081952220434],[80.60925193158523,7.267122868486608],[80.60921719608719,7.267190204566056],[80.60918658954441,7.26724953636891],[80.60920403305498,7.267346575426563],[80.609229508374,7.267385211218295],[80.60926313605408,7.267436213644477],[80.60938272310128,7.267559333343072],[80.6095003271569,7.267657222224534],[80.60960309227973,7.267719295216773],[80.6096090340525,7.267729143453852],[80.60965492463907,7.267805205886897],[80.60966961480743,7.267829553317863],[80.60963643271708,7.267928110158956],[80.6095962729866,7.267986857008453],[80.60957635667187,7.268015987234358],[80.60954354379682,7.268063655450455],[80.60947759182795,7.268159462896635],[80.6094308973349,7.268308293998375],[80.6094134158929,7.268392254816773],[80.60940984956393,7.268409387334211],[80.60941804395999,7.268469836681572],[80.60942141004855,7.268494667370315],[80.60942842177083,7.268510782823752],[80.6094516322124,7.268564129875808],[80.60950096493109,7.268626001457461],[80.60953998885367,7.268653778824248],[80.60957891673354,7.268689060963641],[80.6096284314468,7.268751113459314],[80.60966513711493,7.268790838519672],[80.60967858388206,7.268805390986327],[80.60970083057909,7.268888775906773],[80.60968421912845,7.268993306331395],[80.60967532369362,7.269060703481755],[80.60966765699823,7.269118790379095],[80.60966560092005,7.26913437166925],[80.60963413014733,7.269260509470359],[80.6096244661931,7.269434946879276],[80.60961331903749,7.269456555622651],[80.60957383594202,7.269413909541971],[80.60947232056016,7.269304263424873],[80.60945996733292,7.269290921312251],[80.60938099809059,7.269290078364325],[80.60935866656567,7.269301604525007],[80.60932112398471,7.269320983474395],[80.60918099197556,7.269404759814035],[80.60909012787971,7.269485661422245],[80.60908596153911,7.269489368431868],[80.60898017679754,7.269512750840359],[80.60893987253962,7.269520964212734],[80.60887863626081,7.269527567424969],[80.60883372995698,7.269532410559183],[80.60873175699922,7.269528846088078],[80.60863857497942,7.269508102184831],[80.60862327435211,7.269496151586269],[80.60856976833624,7.269454361128685],[80.60853303069007,7.269371604711683],[80.60850606852925,7.269303048563514],[80.60849207711809,7.269179785979935],[80.60847138691813,7.269046484960308],[80.6084697254902,7.269033235401738],[80.60840806515827,7.269172239206532],[80.60840224146983,7.269341850832804],[80.60842647154959,7.269539073821717],[80.60847706325221,7.26973451966748],[80.60858127929973,7.269897195328465],[80.60861931615999,7.270012780228207],[80.6086214528306,7.270014415094239],[80.60863620657959,7.270038293246943],[80.60869193825864,7.27018625873293],[80.60871202068856,7.270244413745231],[80.60872736905041,7.270374367757737],[80.60872772092962,7.270380356182119],[80.608730428932,7.27042627407094],[80.60875050651467,7.270499983994795],[80.60875753455687,7.270525833380483],[80.60876117745374,7.270539233784287],[80.60877889897482,7.270616829529824],[80.60878856102404,7.270697677786095],[80.60878644891355,7.270771467222385],[80.60875621105782,7.270849244183871],[80.60873631989865,7.27090040229008],[80.60867436273334,7.271026125413085],[80.60866716844166,7.271040725435648],[80.60864324040315,7.271093166153712],[80.60860391752033,7.271145781129583],[80.60853851797589,7.271181297835889],[80.60848308386213,7.271202437093827],[80.60835551233826,7.271205386690421],[80.60834802635034,7.271205559350642],[80.60832142962883,7.271206175269606],[80.60824363626999,7.271203434420443],[80.6081790678774,7.271193190942032],[80.60815516940686,7.271204943438399],[80.60826796367525,7.271431207503538],[80.60827335267417,7.271442017730241],[80.60829488548998,7.27153055244746],[80.60831043113575,7.271609516514819],[80.60831040444577,7.271681295547634],[80.60834991168416,7.271759071199417],[80.60839902725458,7.271777033484593],[80.60846851438302,7.271777059228222],[80.60854879194717,7.271757949385237],[80.60863648997909,7.271678514417876],[80.60872254844203,7.271663502270473],[80.60880281004643,7.271692244469186],[80.60892140563742,7.271726981875707],[80.60898847697142,7.271779643407471],[80.60902200116611,7.271841865496395],[80.60903156905475,7.271886131943808],[80.60903633684205,7.2719531289858],[80.60901354460155,7.272032077067561],[80.60898128455234,7.272153518462433],[80.6089691533506,7.272200741201698],[80.60896794456681,7.272229452372539],[80.60898709982467,7.272262958443499],[80.60908652968385,7.272292901351916],[80.60919075259504,7.2723216514225],[80.60930456684143,7.27232647895817],[80.60939682112249,7.272322924678469],[80.60953220693789,7.27231699256818],[80.60960529389833,7.27230266275108],[80.60967598678513,7.2722847446719],[80.60973972864771,7.272272565445618],[80.60985187558472,7.272255380592838],[80.60998415191033,7.272233416626228],[80.61007137362057,7.272224834245491],[80.61015188470935,7.272225821433865],[80.61020746938527,7.272241155280372],[80.61024387634602,7.272281363987633],[80.61029273207424,7.27235124833792],[80.6103565238309,7.272494140723103],[80.61049861398546,7.272858562630047],[80.61059824097829,7.273005985992218],[80.61065189420997,7.273065342355714],[80.61079945244678,7.273184071579673],[80.61093743997229,7.273268342416476],[80.61114825930615,7.273385180207613],[80.61128050548817,7.273446480457926],[80.6114185008718,7.273509696267994],[80.61152967014378,7.273544190660703],[80.61166061021709,7.27354416321225],[80.61185349651852,7.273568972291743],[80.61199959903193,7.273605409937251],[80.61204368108127,7.273629352876422],[80.61209158283006,7.273683921416612],[80.61214906800889,7.273750937538141],[80.61220081209584,7.273786366982455],[80.61227651800331,7.27382276185076],[80.612345516788,7.27384671378285],[80.61242506307413,7.273866840701644],[80.61250939968764,7.273890797253342],[80.61255732012181,7.273896557806738],[80.61263208200197,7.273896583921583],[80.61271547114016,7.273886086148553],[80.61278736656152,7.273856443733835],[80.61288035290345,7.273815323364358],[80.61299442890044,7.273763685396172],[80.61309124922954,7.273718737545613],[80.61314972397089,7.273696746065911],[80.61320915202838,7.273688153979775],[80.61327241121145,7.273686263245794],[80.61336921708153,7.273686298075647],[80.61345355915103,7.273690155414757],[80.61349764624782,7.273697827995711],[80.61356377392113,7.273715079634578],[80.61362414014128,7.273761996664903],[80.61366531545896,7.273868245354747],[80.61367866703593,7.274054875688302],[80.61369585940946,7.274221409264147],[80.61371689430449,7.274363061415591],[80.61373603149228,7.274453030158037],[80.61376162403218,7.274530482045033],[80.61383564797312,7.274631079759425],[80.6138778076121,7.27466746323472],[80.61393924175495,7.274694173956462],[80.61399807732981,7.274716698624395],[80.61402778443221,7.274730586703037],[80.61405605308943,7.274747823802884],[80.6140766528731,7.274767450035804],[80.61410060649116,7.274791385568487],[80.61412216220691,7.274817233746524],[80.614152339638,7.274855527315631],[80.614157602456,7.27488280478758],[80.61417196774218,7.274915349465856],[80.61417579167822,7.274942148046184],[80.61417936510205,7.275000768960106],[80.61418414784967,7.275028286804401],[80.6142009137889,7.275046237794573],[80.61423325147318,7.275076156476981],[80.61427277500273,7.275109668715268],[80.61431709731664,7.275133609714774],[80.61438777332022,7.275163543001163],[80.61443209469151,7.275185093012071],[80.61447641821084,7.275200661054957],[80.6145423049871,7.275218629581594],[80.61459861099092,7.275234201892272],[80.61463335097686,7.275244980926507],[80.61473397314757,7.275291673444915],[80.61477769742034,7.275309036286453],[80.61480405057878,7.275321606453738],[80.61484298505832,7.275333583360767],[80.61494720596805,7.275365921304756],[80.61502088088926,7.275387481716042],[80.61509096060118,7.275406050305559],[80.61516164107412,7.275428804212595],[80.61520836133423,7.275440783858761],[80.61528922821398,7.27545397203452],[80.61539285562178,7.275469561973537],[80.61550606771554,7.275489340406743],[80.61561269322466,7.275503734967327],[80.61564024776872,7.275507333922203],[80.61567259260477,7.275517513379278],[80.61576961536949,7.275578561109476],[80.61583190401043,7.275609687593277],[80.61587562926385,7.275627050330501],[80.61590617429916,7.275643210194078],[80.6159906113491,7.275691862659379],[80.61601037391426,7.275735962568132],[80.61601908098513,7.275776022658639],[80.61601934590584,7.275777237231416],[80.6160265742717,7.275824387438714],[80.61611281246485,7.275804730369806],[80.61611300774823,7.275792909389152],[80.61614483275844,7.27576229732616],[80.61616075114983,7.275746987678663],[80.61621257837477,7.275677194709528],[80.61623912896516,7.275631174163301],[80.61630851193374,7.275597196884817],[80.61635860618905,7.275567011760825],[80.6164099559434,7.275564134314878],[80.61645922536441,7.275556376509342],[80.61650651039304,7.275528539756569],[80.61659872038236,7.275482995406829],[80.61667426158043,7.275451734056287],[80.61672715422638,7.275439454174142]]]]}},{"type":"Feature","properties":{"GND_N":"Mulgampala","GND_NO":"243","GND_C":"210","PROVINCE_N":"CENTRAL","PROVINCE_C":"2","DISTRICT_N":"KANDY","DISTRICT_C":"1","DSD_N":"GANGAWATA KORALE","DSD_C":"30","Admin_Code":"2130210","GND_NO_Cen":"243","GND_NAME_C":"Mulgampala","GND_NO_Gaz":"243","GND_NAME_G":"මුල්ගම්al","shape_1":"Polygon","Area__Ha_":33.4533641585,"MWS_ID":"116","Alt_MWS":null,"Total_Pop":3754.0,"Density":11221.591892,"Area_Sqkm":0.33453364159},"geometry":{"type":"MultiPolygon","coordinates":[[[[80.62129077139079,7.279201534429163],[80.62137708235252,7.27906087520648],[80.62168863056861,7.279274636916209],[80.62181095949252,7.27911377240433],[80.62186248256448,7.27913748363374],[80.62189742965194,7.27916905573673],[80.62196343785725,7.279207961476113],[80.62202746020778,7.279227698014753],[80.62213957503745,7.279242115537608],[80.62222008417399,7.279247387004501],[80.62224452983665,7.279269822948516],[80.622262359365,7.279301388293269],[80.62227131279714,7.279329919392694],[80.62227565245702,7.279343749473699],[80.62227643417164,7.279343331047325],[80.62227771136396,7.279342649637337],[80.6223004879674,7.279330475519014],[80.62230192639439,7.279329706446384],[80.62235074314412,7.279325110201944],[80.62245036301273,7.279325687559748],[80.6225053175789,7.279320326535689],[80.62252426702322,7.279318477343715],[80.62260668793172,7.279297345546954],[80.62266085583613,7.279264357774011],[80.62275896196817,7.279199538959171],[80.62278151397341,7.279184639170095],[80.6228211068253,7.279142421636709],[80.62288987495485,7.279073740511919],[80.62291765906053,7.279023605409689],[80.62291822996694,7.279022574697479],[80.62300318407623,7.279086220303838],[80.62316514783362,7.279224822519627],[80.62340102039086,7.279021583239339],[80.62386941073966,7.278528186957161],[80.62363217845936,7.278254591443241],[80.6236488124046,7.278227817919503],[80.62366132301774,7.27819282560088],[80.62367582889883,7.278146710119795],[80.62367384157217,7.27812898600965],[80.62363689804697,7.278109168406594],[80.62361117956829,7.278103915678205],[80.62355439797521,7.278097385539634],[80.62350495593383,7.278082176559736],[80.62342381545098,7.278064424822102],[80.62337300998696,7.278058529691284],[80.62329911848909,7.278034811074207],[80.62328589676554,7.278030195563095],[80.62324624257965,7.27799464213541],[80.62319617378473,7.27795294315445],[80.62316249521258,7.277924892936111],[80.62309051184273,7.277880105568993],[80.62304206652378,7.27787416508078],[80.62304137097676,7.277874205538959],[80.62300085079175,7.277884686259326],[80.62294668688797,7.277906462528223],[80.6229124495706,7.277915673918401],[80.62287939269066,7.277915754051658],[80.62285104789858,7.277915744445049],[80.62283583446143,7.277911759449525],[80.62282732296393,7.277901900562918],[80.62282727195242,7.27788412465638],[80.6228272427139,7.277874228855858],[80.62284174799238,7.277830102869317],[80.62284492843807,7.277798635097995],[80.62284964321802,7.277782630528254],[80.62287674140144,7.277725305980671],[80.62287468193864,7.277656126082382],[80.62287200486223,7.277541550854329],[80.62286661584614,7.277473595158076],[80.62286542189628,7.277458533582296],[80.62286209902562,7.277376150427078],[80.62283703961978,7.277294482442696],[80.62278688995538,7.277227276611603],[80.62277445800089,7.277214610341585],[80.6227590964071,7.277198962494115],[80.62270106812208,7.277130486148625],[80.62265616895164,7.27706726011468],[80.6226363491029,7.277029725706318],[80.62258158678533,7.276942080128754],[80.62255914283992,7.276897942507824],[80.62252675030605,7.276811660069417],[80.62248719492882,7.276747079378815],[80.62247343633162,7.276728808682539],[80.62245614518571,7.276712163627228],[80.62244627593057,7.276705648385828],[80.62243630375146,7.276703512650104],[80.62098288227112,7.276495092696737],[80.62084006054552,7.276446782829497],[80.62056494887821,7.27632912435184],[80.62043619579853,7.276203723729513],[80.62035545834854,7.27603255835376],[80.6203381468135,7.275938912695769],[80.6203426247169,7.275743654368623],[80.62039741830296,7.275736438809715],[80.62044162460207,7.275701459299146],[80.62046274755971,7.27563888787895],[80.62046132787871,7.27555650445926],[80.62042305509719,7.275453129424516],[80.62038350604097,7.275376703088605],[80.62037220696811,7.275314755329032],[80.62035964250634,7.275240324131037],[80.62035902857825,7.275184982368143],[80.62036955376216,7.27512503068519],[80.62039917991177,7.275093389365659],[80.62045621479812,7.275062761253115],[80.62054280249333,7.27499775173965],[80.62055040152886,7.274990338161762],[80.62058190361614,7.274928688170119],[80.62060701268466,7.274859518504989],[80.6206207999579,7.274796854121696],[80.62062933993509,7.274723790254861],[80.62063620600601,7.27469097183075],[80.62064258313157,7.274660493575374],[80.62064251663034,7.274588057953504],[80.62064118133851,7.274523490238433],[80.62061412759402,7.27445167925716],[80.62059892383449,7.274420023414999],[80.62054543123578,7.274331745924123],[80.6204840539246,7.274257391081374],[80.62043988169648,7.274194074651603],[80.6204068508983,7.274145631511761],[80.6204048513641,7.274142697263616],[80.62034346320256,7.274102525968035],[80.62030326190079,7.274074207430685],[80.62026695617472,7.274047246686757],[80.6202121759816,7.274016300639487],[80.62017658842807,7.274005075013545],[80.62014951221289,7.273998554696333],[80.6200854920626,7.273974838970672],[80.62003668610225,7.27395510922817],[80.62003596093959,7.273954385535345],[80.62003251658318,7.273952430147631],[80.6200187671913,7.27394996208178],[80.6200090371914,7.273939103467691],[80.6199876675136,7.273926976620802],[80.61997330335322,7.273918824795127],[80.61987697100675,7.27383785639274],[80.61979838842203,7.27376412852965],[80.61976208347596,7.273732464464818],[80.61969744634108,7.273660008332596],[80.61966974536824,7.273627081210384],[80.61966780077523,7.273554531900945],[80.61966706318435,7.273526974811201],[80.6196663667776,7.273445948089506],[80.61965253298706,7.273378754474033],[80.61963997097224,7.273302969512052],[80.61963464100621,7.273264715638437],[80.6196293224234,7.273196258037787],[80.61962734788369,7.273142180016291],[80.61962737231515,7.273074356371155],[80.61962992797667,7.273014401040187],[80.61964379581777,7.272980767560795],[80.61967877080995,7.272932670716816],[80.61973286262787,7.272858897358106],[80.61986287418048,7.272804241867172],[80.61987579218486,7.272798811464676],[80.61994001172481,7.272766640435091],[80.62004752004363,7.272743526458042],[80.62023027591555,7.272742776486099],[80.6204031601532,7.272745367157399],[80.62056870899555,7.272749946517298],[80.6206212573123,7.272760662487062],[80.62064120661633,7.272413632066017],[80.62065426148871,7.272268497664751],[80.62062538633701,7.272118745048025],[80.62061298888298,7.272019689723146],[80.62060158446278,7.271816827037165],[80.62059312877375,7.271811052866965],[80.62044022380263,7.271706646393105],[80.62022078889639,7.271617207593379],[80.61996542731366,7.271686076307427],[80.61962677187827,7.271847144174022],[80.61935106683833,7.271918825119488],[80.61898519238864,7.271920977075481],[80.61877818500385,7.272017773221563],[80.61875854014582,7.272217510718708],[80.61868348558173,7.272506794756286],[80.61858358845522,7.272759974861831],[80.618372306255,7.272962288853511],[80.61802521735856,7.272961996807984],[80.6178660849527,7.273187021357941],[80.61773641913118,7.273409014990039],[80.61764482723207,7.273609501309046],[80.61761962630266,7.273642627056091],[80.61759492188611,7.273675100068632],[80.61755305822216,7.273741642115922],[80.61748329793798,7.273822101552531],[80.61740582528375,7.27393592525172],[80.61738940895061,7.274002567542651],[80.61735950386324,7.274056996102328],[80.61732154236068,7.274103374438112],[80.61730286691756,7.274160971995958],[80.6173085597341,7.274189276875335],[80.61736315151431,7.274245545501367],[80.6174181989768,7.27428598716645],[80.61752033243417,7.274351584962238],[80.61760462980499,7.274398095689248],[80.61767117774696,7.274444327085298],[80.61773645614618,7.274497885596066],[80.61779576341357,7.274531636863846],[80.61786430584037,7.274574614342872],[80.61787968929757,7.274604644398439],[80.61788265281957,7.274678706057689],[80.61788233427289,7.274812272431181],[80.61787314091814,7.274942037626196],[80.61786913877782,7.274968232080671],[80.61785879983888,7.27503589747043],[80.61783966338238,7.275111763620025],[80.6178059332376,7.275227049566464],[80.61778659730346,7.275270004433779],[80.61777357676935,7.275298929438672],[80.61774755901972,7.275378047761204],[80.61770579230519,7.275423429154988],[80.61764863585083,7.275451443437378],[80.61755516189226,7.275486135922388],[80.61750968998642,7.275508907515642],[80.61745679832059,7.275521007533382],[80.6173395123127,7.275537965470501],[80.61729985809446,7.275537907238908],[80.61726081065396,7.27553784740833],[80.61723753637641,7.275541276490398],[80.61721733498044,7.275554833941431],[80.61716471713396,7.275555720662224],[80.6170110332399,7.275550420769925],[80.61694211888992,7.275534661650925],[80.61691051615183,7.275525878789044],[80.61685700578451,7.275487065349054],[80.6168076628376,7.275446625624993],[80.6167768751814,7.275437843945285],[80.61672715422638,7.275439454174142],[80.61667426158043,7.275451734056287],[80.61659872038236,7.275482995406829],[80.61650651039304,7.275528539756569],[80.61645922536441,7.275556376509342],[80.6164099559434,7.275564134314878],[80.61635860618905,7.275567011760825],[80.61630851193374,7.275597196884817],[80.61623912896516,7.275631174163301],[80.61621257837477,7.275677194709528],[80.61616075114983,7.275746987678663],[80.61614483275844,7.27576229732616],[80.61611300774823,7.275792909389152],[80.61611281246485,7.275804730369806],[80.6160265742717,7.275824387438714],[80.61602720313893,7.275828491388594],[80.61603667772096,7.275890295717486],[80.61608240568664,7.27600121200881],[80.61615137457783,7.276116082893935],[80.61622608752275,7.276250096277768],[80.61637166641162,7.276556405319909],[80.61646745262246,7.276726795366814],[80.61655366558207,7.276868470394604],[80.616616888875,7.276971855438247],[80.61669546206349,7.27703122079489],[80.61676413082921,7.277091602702282],[80.61679095492917,7.27712510844214],[80.61683885459286,7.277195948520327],[80.61687717404007,7.277252428505238],[80.61690879182252,7.277283064763948],[80.61705634084005,7.277439117097558],[80.61720771567514,7.277620054435406],[80.61728244885636,7.277703344393068],[80.61737346961202,7.277798123800832],[80.61743862269562,7.277864183397224],[80.61749898718045,7.277918757560431],[80.617556479632,7.277963759565293],[80.61760630886144,7.278000146294669],[80.61767241624591,7.278074817870548],[80.61773948081242,7.278152363647345],[80.61781229962246,7.278227996115095],[80.61789278237222,7.278310331234423],[80.61794931842176,7.278350547284131],[80.61802310530327,7.278395554026106],[80.61809880988191,7.278436734415916],[80.61820973766294,7.278490835117181],[80.61839903959734,7.278473191315265],[80.61861972538402,7.278479729483244],[80.61866356795265,7.278501995129306],[80.61877279989746,7.2786018067196],[80.61885760324489,7.278662130629314],[80.6189460072758,7.278707382851481],[80.618997039478,7.278725345578021],[80.61905957901759,7.278729673597204],[80.61916041055211,7.27873526736169],[80.61931117447516,7.278739092424667],[80.61948657977355,7.278725515426885],[80.61958506400464,7.278725549532632],[80.61963106547577,7.278740638379968],[80.61967490662633,7.2787672120289],[80.61971586837855,7.278805268422704],[80.61975753387316,7.278884957362381],[80.61981357067047,7.278984032290639],[80.61984230646279,7.279037159179154],[80.61989834994317,7.279111829671729],[80.61994937201696,7.279167117399131],[80.62002123096686,7.279243945580802],[80.62009093617267,7.27931072529632],[80.62016739411828,7.279376844476538],[80.62029778656188,7.279485828116957],[80.62063523641616,7.279695795066508],[80.62066732018707,7.279715757739081],[80.62080747386457,7.279785431823074],[80.62084335179969,7.279798979756303],[80.62084508498113,7.279799633258431],[80.62093540980503,7.279662230094292],[80.62106151169455,7.279518108454004],[80.62108179594722,7.279498194516915],[80.62129077139079,7.279201534429163]]]]}}]}