{
"type": "FeatureCollection",
"name": "SED_PPL_MWS_115_1",
"crs": { "type": "name", "properties": { "name": "urn:ogc:def:crs:OGC:1.3:CRS84" } },
"xy_coordinate_resolution": 1e-15,
"features": [
{ "type": "Feature", "properties": { "GND_N": "Adungama Palkumbura", "GND_NO": "360", "GND_C": "290", "PROVINCE_N": "CENTRAL", "PROVINCE_C": "2", "DISTRICT_N": "KANDY", "DISTRICT_C": "1", "DSD_N": "TUMPANE", "DSD_C": "03", "Admin_Code": "2103290", "GND_NO_Cen": "360", "GND_NAME_C": "Adungama Palkumbura", "GND_NO_Gaz": "360", "GND_NAME_G": "අදුන්ගම", "shape_1": "Polygon", "Area__Ha_": 50.616818369400001, "MWS_ID": "115-1", "Alt_MWS": null, "Area": 0.50616818369000005, "Tot_Pop": 702.0, "Density": 1386.8908055 }, "geometry": { "type": "MultiPolygon", "coordinates": [ [ [ [ 80.553363198679591, 7.34388066647251 ], [ 80.553361146945406, 7.343817365555084 ], [ 80.553363195023934, 7.343708035233939 ], [ 80.553361081519938, 7.343543288417766 ], [ 80.553361014396984, 7.343538027183346 ], [ 80.553354830897632, 7.343403102970644 ], [ 80.553342790211488, 7.343354572402919 ], [ 80.553335667041409, 7.343325867376241 ], [ 80.553300199109913, 7.343252691211056 ], [ 80.553260303765583, 7.343152294401988 ], [ 80.553247938070271, 7.343061677678236 ], [ 80.553258761635448, 7.342975231338301 ], [ 80.553290886098893, 7.342856242688032 ], [ 80.553371353477857, 7.342784119733841 ], [ 80.553430875007024, 7.342760909751267 ], [ 80.55349183670188, 7.342752256947906 ], [ 80.553532894030425, 7.342738303217074 ], [ 80.553537148859576, 7.342733801023751 ], [ 80.553307765705171, 7.342527883568368 ], [ 80.552866862077821, 7.34227329007881 ], [ 80.552712800671884, 7.341731480571194 ], [ 80.552661913225919, 7.341660024790643 ], [ 80.552643104099928, 7.341719762339848 ], [ 80.552634047961135, 7.341713065125039 ], [ 80.552596563438811, 7.341686371491837 ], [ 80.552556839321909, 7.341608219514704 ], [ 80.552526914004247, 7.341498874163277 ], [ 80.552521701067022, 7.341463139164703 ], [ 80.552515683845172, 7.341421898403657 ], [ 80.552512018994975, 7.341396772487236 ], [ 80.552462648031323, 7.341225383553724 ], [ 80.552351572010977, 7.341104243676029 ], [ 80.552196845661456, 7.340966260253103 ], [ 80.552116911168028, 7.34087895567202 ], [ 80.552024813993313, 7.34093464694875 ], [ 80.551959919040797, 7.34095543688092 ], [ 80.551934494639966, 7.340963581843805 ], [ 80.551836488617511, 7.34099497799235 ], [ 80.55162223266457, 7.341064847168935 ], [ 80.551345448333848, 7.341256573328092 ], [ 80.551103296159155, 7.34137730131896 ], [ 80.551009278973524, 7.341115413110348 ], [ 80.550928715225936, 7.340853532538617 ], [ 80.55088848690778, 7.340611812706528 ], [ 80.550350156136361, 7.339914119274166 ], [ 80.550211201423053, 7.33992608734875 ], [ 80.550078635994794, 7.339977419940253 ], [ 80.549898177015763, 7.339988258341044 ], [ 80.549072900100683, 7.339009040318584 ], [ 80.549075641036026, 7.338990995551791 ], [ 80.549070422966068, 7.33885174471925 ], [ 80.549027591930823, 7.338656044907142 ], [ 80.549019693100306, 7.338605469901974 ], [ 80.54897621477204, 7.338446677740118 ], [ 80.548969557987036, 7.338420608006325 ], [ 80.548942279933513, 7.338258614688404 ], [ 80.548940378160708, 7.338236571482978 ], [ 80.549053917271564, 7.337957630652977 ], [ 80.549089143586428, 7.337899683926869 ], [ 80.549028324275241, 7.337877034881488 ], [ 80.548891128288602, 7.33782650657546 ], [ 80.548797488571324, 7.337793632273774 ], [ 80.548749615457766, 7.337777815382234 ], [ 80.548716075391837, 7.337766733412418 ], [ 80.548629588423211, 7.337741097981289 ], [ 80.548548626501955, 7.337715646194255 ], [ 80.54848613466217, 7.337704763847636 ], [ 80.548422633068384, 7.337718477862289 ], [ 80.548373252903417, 7.337752272620314 ], [ 80.548348766340879, 7.337813299348122 ], [ 80.548347121747241, 7.337825233427104 ], [ 80.548336856886451, 7.337899745014309 ], [ 80.548326398714636, 7.337982120270573 ], [ 80.548312412863851, 7.338055090854467 ], [ 80.54827533696799, 7.338112856621993 ], [ 80.548254518030603, 7.338141404660881 ], [ 80.548236906813599, 7.338165557634696 ], [ 80.548189421171358, 7.338214093374529 ], [ 80.548128720440516, 7.338241373223603 ], [ 80.548071732351147, 7.338270552165781 ], [ 80.548030491721008, 7.338328316699422 ], [ 80.547984995176549, 7.338382009728845 ], [ 80.547950497695439, 7.338404677390378 ], [ 80.547930540728146, 7.338417790404224 ], [ 80.547905464993434, 7.338422640060828 ], [ 80.547870846130209, 7.338429335055087 ], [ 80.547807161989809, 7.338443772323517 ], [ 80.54772988995812, 7.33846643086802 ], [ 80.547674533643288, 7.338494526336023 ], [ 80.547631849608806, 7.338538995120417 ], [ 80.547593141118355, 7.338602639734911 ], [ 80.54755389708788, 7.338652539662063 ], [ 80.547533139867312, 7.3386789309477 ], [ 80.54746074666113, 7.338723747206159 ], [ 80.547380481735587, 7.338752101234856 ], [ 80.547320063740031, 7.338759395245906 ], [ 80.547252407936369, 7.338750498641458 ], [ 80.547227496480474, 7.338745790827923 ], [ 80.547176603064301, 7.338736172992476 ], [ 80.547081880529106, 7.338696967701193 ], [ 80.54695546507088, 7.338639027262015 ], [ 80.546865909147087, 7.338597837823571 ], [ 80.546811297603114, 7.338584696715783 ], [ 80.546760036452113, 7.338576893570073 ], [ 80.54671111152237, 7.338603907047033 ], [ 80.546683817059886, 7.338664480089973 ], [ 80.546670903590041, 7.338728131475338 ], [ 80.546667288616973, 7.338745949703756 ], [ 80.546656930201209, 7.338813314533655 ], [ 80.546635249531761, 7.338874072206184 ], [ 80.546572639124406, 7.338917536873867 ], [ 80.546517021584293, 7.338924923660605 ], [ 80.546449994841282, 7.338925702330185 ], [ 80.546391662707947, 7.338927843694128 ], [ 80.546345918286775, 7.338938128358937 ], [ 80.546306224253868, 7.338976811945787 ], [ 80.546284635009783, 7.339041097308501 ], [ 80.546270752306242, 7.339087118913896 ], [ 80.546246992081791, 7.339147603306594 ], [ 80.546195342361472, 7.33918727638977 ], [ 80.546142256988176, 7.339200542356142 ], [ 80.546078493711903, 7.339197707262126 ], [ 80.546033754964157, 7.339202102723513 ], [ 80.546009832582513, 7.339204453386787 ], [ 80.545944514763349, 7.339230282784934 ], [ 80.54587981985037, 7.339274198431241 ], [ 80.545817113102416, 7.339332131690151 ], [ 80.545760653239469, 7.339390339435171 ], [ 80.545708635136762, 7.339441675892182 ], [ 80.545652460313605, 7.339479266703896 ], [ 80.54559818773393, 7.339509532776195 ], [ 80.545554317471726, 7.339570369420761 ], [ 80.545534174167386, 7.339638994300893 ], [ 80.545532001554406, 7.339652446409314 ], [ 80.545539593051259, 7.339664167284504 ], [ 80.546302022711586, 7.340841482700478 ], [ 80.546616847109263, 7.340959131895361 ], [ 80.546622538009316, 7.340964475583546 ], [ 80.546856368646743, 7.341125234421283 ], [ 80.546984844666895, 7.341281842886098 ], [ 80.547159500235168, 7.341521879995953 ], [ 80.547263491151966, 7.341745203053295 ], [ 80.5472643560108, 7.341745493773765 ], [ 80.54691099529434, 7.342297086402533 ], [ 80.546468412485723, 7.343323473870979 ], [ 80.545764200110582, 7.344277144026727 ], [ 80.545770056831657, 7.344368556963175 ], [ 80.545687702432005, 7.344575451202488 ], [ 80.545680008957035, 7.344590956842183 ], [ 80.545631164040799, 7.344788120869293 ], [ 80.545617025459094, 7.344825722397455 ], [ 80.546142465411862, 7.345103976571324 ], [ 80.547037377311327, 7.344091118519795 ], [ 80.547096073402557, 7.344057014003728 ], [ 80.547146347060036, 7.344050528734542 ], [ 80.547199517034912, 7.344050013296847 ], [ 80.547241916794306, 7.344029416967856 ], [ 80.547285414035031, 7.343991730889179 ], [ 80.547323027081276, 7.3439440013969 ], [ 80.547474480678687, 7.343750107862516 ], [ 80.547524143219022, 7.343700486374691 ], [ 80.54755539533798, 7.343692816682072 ], [ 80.547583473985156, 7.343695091731349 ], [ 80.547626206174527, 7.34373463036954 ], [ 80.547643848142954, 7.343774881470177 ], [ 80.547644634176123, 7.34377522640767 ], [ 80.547699315068201, 7.343799291371999 ], [ 80.547874109177755, 7.343900089180893 ], [ 80.548022010616151, 7.343987444439771 ], [ 80.548104391604113, 7.343937438017154 ], [ 80.548176729893072, 7.343893529574742 ], [ 80.548292477268262, 7.343826509448622 ], [ 80.548301152589971, 7.343821485060097 ], [ 80.548735117037253, 7.344100490960619 ], [ 80.548946724330008, 7.344528412010082 ], [ 80.549357650594047, 7.345210983420054 ], [ 80.549851420893503, 7.345702800487802 ], [ 80.550205124703609, 7.345811405832609 ], [ 80.550605196688153, 7.345850950460799 ], [ 80.550830146673832, 7.345853355928935 ], [ 80.551054576180903, 7.345871281471982 ], [ 80.551318088633266, 7.34587378472341 ], [ 80.551358985738716, 7.345887349784798 ], [ 80.5518422452312, 7.346417956519379 ], [ 80.55184177279456, 7.346489397553666 ], [ 80.551871959139206, 7.346697954388017 ], [ 80.55195906469001, 7.346870198698281 ], [ 80.552155474861109, 7.347008553012181 ], [ 80.552337683055555, 7.347106105508384 ], [ 80.552774129096434, 7.347337307730307 ], [ 80.553283064998226, 7.347530600368981 ], [ 80.554170911316334, 7.347903220544252 ], [ 80.554421268022566, 7.347934232503561 ], [ 80.554421299675639, 7.347932506216076 ], [ 80.554423350703928, 7.347824109139182 ], [ 80.554422920134584, 7.34770244841342 ], [ 80.554422714371213, 7.34764433456344 ], [ 80.554407315303934, 7.347600341033043 ], [ 80.554376584106222, 7.347512554757711 ], [ 80.554317745742225, 7.347441086180662 ], [ 80.554306082120675, 7.347400749663851 ], [ 80.554306934257468, 7.347324516935951 ], [ 80.554313079335287, 7.34717250672934 ], [ 80.554330047032764, 7.347107316206612 ], [ 80.554361957628061, 7.347054341085362 ], [ 80.55437218661703, 7.347030542331881 ], [ 80.554377192290985, 7.347018898365169 ], [ 80.554377950987543, 7.346953880682107 ], [ 80.554367003676361, 7.346926655924388 ], [ 80.554302707946263, 7.346875522288647 ], [ 80.554293843878611, 7.346868474332848 ], [ 80.554258360529587, 7.346825501758213 ], [ 80.554257475607926, 7.34682363032957 ], [ 80.554233838777904, 7.346773673398451 ], [ 80.554222907129173, 7.346720403983888 ], [ 80.554216586256388, 7.346679166715568 ], [ 80.554204643287619, 7.346652393609816 ], [ 80.554183582861015, 7.346561589946058 ], [ 80.554213812680814, 7.346425780384646 ], [ 80.554224061436955, 7.346400464232883 ], [ 80.554223003951236, 7.34633933322349 ], [ 80.554207709219881, 7.346315182729169 ], [ 80.554127298666316, 7.346268208999613 ], [ 80.554012837917085, 7.346210819877844 ], [ 80.553956513371602, 7.346181131028259 ], [ 80.553927830384694, 7.346120528908449 ], [ 80.553926601096634, 7.346042487457365 ], [ 80.553904967926059, 7.3460107350035 ], [ 80.553843490216863, 7.345965128861504 ], [ 80.553803036485547, 7.345894031956576 ], [ 80.5537623194991, 7.345807740917318 ], [ 80.553729393629624, 7.345716752297804 ], [ 80.553704438740994, 7.34562911352895 ], [ 80.553690723341703, 7.345523845635458 ], [ 80.553692663450349, 7.34544752391957 ], [ 80.553697314587311, 7.345201830501611 ], [ 80.553701874328709, 7.344957762961743 ], [ 80.553660166845731, 7.344858087823472 ], [ 80.553623696622651, 7.344792869905877 ], [ 80.553597361307894, 7.344749089761285 ], [ 80.553558208986772, 7.344611344066844 ], [ 80.553562847304548, 7.344393322130149 ], [ 80.553566768240884, 7.344158929343327 ], [ 80.553530570808206, 7.344091721195463 ], [ 80.5535049551264, 7.344061686719848 ], [ 80.553493998963177, 7.344048839357439 ], [ 80.553401849132754, 7.343932864518168 ], [ 80.553363198679591, 7.34388066647251 ] ] ] ] } },
{ "type": "Feature", "properties": { "GND_N": "Alawattegama", "GND_NO": "399", "GND_C": "070", "PROVINCE_N": "CENTRAL", "PROVINCE_C": "2", "DISTRICT_N": "KANDY", "DISTRICT_C": "1", "DSD_N": "TUMPANE", "DSD_C": "03", "Admin_Code": "2103070", "GND_NO_Cen": "399", "GND_NAME_C": "Alawattegama", "GND_NO_Gaz": "399", "GND_NAME_G": "අලවත්තේg", "shape_1": "Polygon", "Area__Ha_": 43.2156030023, "MWS_ID": "115-1", "Alt_MWS": null, "Area": 0.43215603002000003, "Tot_Pop": 340.0, "Density": 786.75287715399998 }, "geometry": { "type": "MultiPolygon", "coordinates": [ [ [ [ 80.554893285988911, 7.36752435389717 ], [ 80.554894025108467, 7.367312749827759 ], [ 80.55488330551529, 7.367190753140818 ], [ 80.554859871382391, 7.367137209011624 ], [ 80.554834198482922, 7.367031754450927 ], [ 80.554835313565476, 7.366973337459475 ], [ 80.554840231642899, 7.366739036711047 ], [ 80.554844883256067, 7.366492256538408 ], [ 80.554854597252458, 7.366267815892154 ], [ 80.554857005694586, 7.366247998524587 ], [ 80.554869968316055, 7.366141402864535 ], [ 80.554887762894509, 7.366057852874026 ], [ 80.55492184816795, 7.366004336292736 ], [ 80.554948244807349, 7.365929022363334 ], [ 80.554967499757296, 7.365824947370923 ], [ 80.555003351945075, 7.365678920325795 ], [ 80.555019177011943, 7.365592165431199 ], [ 80.555024515002984, 7.365562910464189 ], [ 80.555025632033988, 7.365502322252897 ], [ 80.55502528074021, 7.36540520335779 ], [ 80.555025139717699, 7.365366277849014 ], [ 80.555024755662828, 7.365260332099822 ], [ 80.55501068119564, 7.365146926371364 ], [ 80.554986392424695, 7.365083513237226 ], [ 80.554980194713721, 7.365067332310042 ], [ 80.554931587554023, 7.364996594103919 ], [ 80.554896844890322, 7.364914737191285 ], [ 80.554884482625098, 7.364819237374428 ], [ 80.55488607666797, 7.364708280086749 ], [ 80.554890729645038, 7.36446041654347 ], [ 80.554895194891927, 7.364223944326811 ], [ 80.554901041955873, 7.363940903331623 ], [ 80.554912544080068, 7.36376357648226 ], [ 80.554932499032304, 7.363707157344922 ], [ 80.554970852147846, 7.363632030173238 ], [ 80.555015014149475, 7.363533301921792 ], [ 80.555058001140381, 7.36343488235379 ], [ 80.555068245720605, 7.363411429964815 ], [ 80.555070755059191, 7.363374402071821 ], [ 80.555072716922481, 7.363345418529884 ], [ 80.555075049953061, 7.363223682383542 ], [ 80.55507559948876, 7.363195035446149 ], [ 80.555079521701941, 7.362957387357384 ], [ 80.555074052821951, 7.362841453842197 ], [ 80.555073975743227, 7.362816043071949 ], [ 80.555035878261251, 7.362741149400621 ], [ 80.554969641133496, 7.362601855001635 ], [ 80.5549662388907, 7.362523359477548 ], [ 80.554966984392621, 7.362481309153321 ], [ 80.554968380507233, 7.362405894225909 ], [ 80.554968016757115, 7.362226117182598 ], [ 80.554947034004016, 7.362159732349789 ], [ 80.554897105224683, 7.362014839361974 ], [ 80.554861186280661, 7.361934520973716 ], [ 80.554842295305136, 7.361851226824963 ], [ 80.554818011211921, 7.361868214686211 ], [ 80.55481308998408, 7.361871806831042 ], [ 80.554801342827915, 7.361880383699456 ], [ 80.554697660415869, 7.361862059285413 ], [ 80.554695926753638, 7.361863772973768 ], [ 80.554611284970221, 7.36184985465132 ], [ 80.554607846525371, 7.36184984752341 ], [ 80.554421461547705, 7.361745014168412 ], [ 80.554292251893457, 7.361669851020528 ], [ 80.55420141827075, 7.361620918808574 ], [ 80.554132334465862, 7.361602023630259 ], [ 80.554051565314225, 7.361607647163884 ], [ 80.55400354587222, 7.361610990026957 ], [ 80.553939596172683, 7.361610325272112 ], [ 80.553921483089127, 7.361605976559479 ], [ 80.553921593131392, 7.361583276963374 ], [ 80.553821309253138, 7.361568922994104 ], [ 80.553700371195234, 7.361510897493909 ], [ 80.553676550031611, 7.361495025197091 ], [ 80.553664706909828, 7.361487135653011 ], [ 80.553613304926103, 7.361452886996627 ], [ 80.553580328975258, 7.361429348038553 ], [ 80.553511730353364, 7.361380378819075 ], [ 80.553421410518425, 7.361380332975816 ], [ 80.553385927337914, 7.361380315316038 ], [ 80.553284332004509, 7.361351282035153 ], [ 80.553173054214099, 7.361331905411274 ], [ 80.55308599439104, 7.361259404370695 ], [ 80.553064579093672, 7.361232650937571 ], [ 80.553059429828366, 7.361230345127833 ], [ 80.553022645350381, 7.361180765014745 ], [ 80.553017601595073, 7.361173966712307 ], [ 80.553004897161316, 7.361156843854973 ], [ 80.552988704102077, 7.361135017820533 ], [ 80.552988083930842, 7.361134405302598 ], [ 80.552983022974942, 7.361129400211123 ], [ 80.552981160194875, 7.361124850671091 ], [ 80.552907084661868, 7.361022617377651 ], [ 80.552868431544525, 7.360911496233074 ], [ 80.552827482163039, 7.360802312751124 ], [ 80.552824941142845, 7.360795542824222 ], [ 80.552757231292361, 7.360737540919106 ], [ 80.552748680219096, 7.36073807018614 ], [ 80.552551506414105, 7.360750275587977 ], [ 80.552524970911108, 7.360751917193753 ], [ 80.55245160819085, 7.360805476376428 ], [ 80.552021902851578, 7.361119176155484 ], [ 80.551888839020279, 7.361216318652303 ], [ 80.551784393745891, 7.361292566313969 ], [ 80.55177612890121, 7.361296687570801 ], [ 80.551726315136307, 7.36132152170285 ], [ 80.551366007829074, 7.361292562559861 ], [ 80.551363435441274, 7.361292355992637 ], [ 80.550930902465296, 7.361271175149437 ], [ 80.550908678135471, 7.361270087852782 ], [ 80.550730394664114, 7.361095890305656 ], [ 80.55053243572037, 7.361008836139773 ], [ 80.550386346819622, 7.360932761795916 ], [ 80.550168644779774, 7.361087674544657 ], [ 80.550090724629726, 7.361278843221031 ], [ 80.55007707911939, 7.361454854887072 ], [ 80.550095186086082, 7.361744644869585 ], [ 80.550091736647119, 7.362005828303798 ], [ 80.55009172583712, 7.362016433884849 ], [ 80.550130529581438, 7.362218781632458 ], [ 80.550151221828528, 7.362535287630024 ], [ 80.550068123903984, 7.362731593687177 ], [ 80.549751554192071, 7.363081412541755 ], [ 80.549483389675316, 7.363204808159985 ], [ 80.549446991092609, 7.363148552445593 ], [ 80.549418131999502, 7.363103943361971 ], [ 80.549289277432962, 7.363019055975951 ], [ 80.54920805448937, 7.363025847651356 ], [ 80.549181754978363, 7.363028044412085 ], [ 80.548967242120739, 7.363057778230854 ], [ 80.548814243126756, 7.363072710032976 ], [ 80.548743720741342, 7.363089702094559 ], [ 80.548633331448087, 7.363116297395335 ], [ 80.548627528412027, 7.36312598578625 ], [ 80.548585462968092, 7.363196211022091 ], [ 80.548563558024128, 7.363195669963795 ], [ 80.548484738090579, 7.36319371999407 ], [ 80.548335174650731, 7.363221314428294 ], [ 80.548259868923651, 7.363287381934711 ], [ 80.548145390170205, 7.363435536839724 ], [ 80.548113324187128, 7.363436061267771 ], [ 80.548068613426111, 7.363437680680758 ], [ 80.548067896010906, 7.36343770563536 ], [ 80.548056618453131, 7.363438114054147 ], [ 80.547881203997946, 7.363532884351996 ], [ 80.547730543412698, 7.363581821215075 ], [ 80.547652984961601, 7.363628095136323 ], [ 80.547533830677963, 7.363699186995549 ], [ 80.547533111317492, 7.363703005470143 ], [ 80.547524657945075, 7.363747834339529 ], [ 80.547521115867951, 7.363766190643346 ], [ 80.547509393435718, 7.363839250868092 ], [ 80.547508632181632, 7.363912408027635 ], [ 80.547507826311346, 7.363989548588107 ], [ 80.547507773037538, 7.363994518571814 ], [ 80.547496053191793, 7.364062516547428 ], [ 80.547464317931613, 7.364126340913418 ], [ 80.547461986536518, 7.364129549068296 ], [ 80.547421624021069, 7.364185101042489 ], [ 80.547375564374235, 7.364269807315488 ], [ 80.547335765350311, 7.36433752144592 ], [ 80.547302037418845, 7.364399267611321 ], [ 80.547278365440988, 7.364458214696341 ], [ 80.54727718431306, 7.364463406559674 ], [ 80.547274738529737, 7.364474165526435 ], [ 80.547266835575343, 7.36450893980272 ], [ 80.547261569929177, 7.364532178419893 ], [ 80.547244775945288, 7.364603154349256 ], [ 80.54723504481295, 7.364677213923718 ], [ 80.547225128663911, 7.364762301292356 ], [ 80.547219383106238, 7.364836359288042 ], [ 80.547218768359983, 7.364863998779785 ], [ 80.547239718108827, 7.364855016276572 ], [ 80.547239767022759, 7.3648550163016 ], [ 80.547377236917413, 7.364855131836839 ], [ 80.547535908492264, 7.364815999058878 ], [ 80.548144980254108, 7.364795229849531 ], [ 80.548589989792461, 7.364865505917646 ], [ 80.548951044982729, 7.364980246561292 ], [ 80.549483760149343, 7.364999238438272 ], [ 80.550524653630802, 7.365107700518332 ], [ 80.550553358245367, 7.365137633633482 ], [ 80.550666519980993, 7.365255625375512 ], [ 80.550684371037093, 7.365283967780485 ], [ 80.550878468279151, 7.365592115864993 ], [ 80.550952890196641, 7.365710269790021 ], [ 80.551191640033295, 7.365937640456395 ], [ 80.551486281954837, 7.366335316237712 ], [ 80.551487934851906, 7.366337548870898 ], [ 80.551373693573581, 7.366505629066132 ], [ 80.551331605432907, 7.36658870639813 ], [ 80.551217737612006, 7.36681346440011 ], [ 80.551171690425122, 7.366899447035143 ], [ 80.551061883218253, 7.367104490664316 ], [ 80.551058163135224, 7.367111438307593 ], [ 80.551069711165638, 7.367128084072349 ], [ 80.551255215659012, 7.367395487326398 ], [ 80.551971809548803, 7.367575259472943 ], [ 80.552271534297432, 7.367544907713826 ], [ 80.552676482559406, 7.367503899671689 ], [ 80.553116505013818, 7.368230324352639 ], [ 80.553228248122352, 7.368327909322399 ], [ 80.553479453076378, 7.368641839735872 ], [ 80.553681390387254, 7.368798514619749 ], [ 80.554054100838997, 7.369042316404075 ], [ 80.554381490086485, 7.369290871901651 ], [ 80.554732710580211, 7.36956583989897 ], [ 80.554893131416009, 7.369762219424032 ], [ 80.55492893827406, 7.369819542395768 ], [ 80.554923199003213, 7.369850489094111 ], [ 80.554942874319138, 7.369901776043158 ], [ 80.554946270132746, 7.369847288450034 ], [ 80.554954346516368, 7.369717637165505 ], [ 80.554934675093506, 7.369605611353427 ], [ 80.554934373400926, 7.369603893945592 ], [ 80.554936032221676, 7.369548641361967 ], [ 80.554946683100951, 7.369440584135333 ], [ 80.554974481281974, 7.369394435373394 ], [ 80.554993733216122, 7.369362475311709 ], [ 80.555003558357697, 7.369348533210626 ], [ 80.555044950125577, 7.369289796129168 ], [ 80.555086416983016, 7.369220270826155 ], [ 80.555131164731776, 7.369145240880638 ], [ 80.555152390319748, 7.369086111301062 ], [ 80.555157219981595, 7.369029867364491 ], [ 80.55515913688788, 7.368927210790265 ], [ 80.555159452338216, 7.368910320500316 ], [ 80.555160167741548, 7.368866880269277 ], [ 80.555162337272392, 7.368735195004083 ], [ 80.555163189006009, 7.368683524839582 ], [ 80.555161443588986, 7.368548149918094 ], [ 80.555146626905213, 7.368469920965636 ], [ 80.555115597772243, 7.36838815724308 ], [ 80.555060852733263, 7.368272922829926 ], [ 80.555014446299623, 7.368147565319854 ], [ 80.554987593636099, 7.368046360379179 ], [ 80.554946517043149, 7.367950304698323 ], [ 80.554904708710652, 7.367866727036479 ], [ 80.554889440625757, 7.367787412696162 ], [ 80.554889748646517, 7.367714345706841 ], [ 80.554893285988911, 7.36752435389717 ] ] ] ] } },
{ "type": "Feature", "properties": { "GND_N": "Marawanagoda", "GND_NO": "402", "GND_C": "285", "PROVINCE_N": "CENTRAL", "PROVINCE_C": "2", "DISTRICT_N": "KANDY", "DISTRICT_C": "1", "DSD_N": "TUMPANE", "DSD_C": "03", "Admin_Code": "2103285", "GND_NO_Cen": "402", "GND_NAME_C": "Marawanagoda", "GND_NO_Gaz": "402", "GND_NAME_G": "මරවනාගොag", "shape_1": "Polygon", "Area__Ha_": 32.389422522499999, "MWS_ID": "115-1", "Alt_MWS": null, "Area": 0.32389422523, "Tot_Pop": 920.0, "Density": 2840.4334759600001 }, "geometry": { "type": "MultiPolygon", "coordinates": [ [ [ [ 80.555745215037945, 7.348224624832191 ], [ 80.555729521513086, 7.347890349100552 ], [ 80.555803581625341, 7.347592938654635 ], [ 80.555973696595757, 7.347448475745918 ], [ 80.556233003069821, 7.347428229190519 ], [ 80.556380372552283, 7.347383791035305 ], [ 80.556626496530967, 7.347235774154622 ], [ 80.556820669807408, 7.347116501941657 ], [ 80.55698004214436, 7.346913963929873 ], [ 80.55705346802209, 7.346550217294493 ], [ 80.557973257102319, 7.345733466705964 ], [ 80.558220986474197, 7.345683972880958 ], [ 80.558549370810638, 7.345767995973949 ], [ 80.558568152980286, 7.345777301264295 ], [ 80.558879078970733, 7.346128938851792 ], [ 80.559061054472096, 7.34631267893669 ], [ 80.55909003219935, 7.346351627489367 ], [ 80.559246113738936, 7.346652478664064 ], [ 80.559462138605056, 7.346926107755976 ], [ 80.55969733593831, 7.347043504209056 ], [ 80.559761756173316, 7.346855693736535 ], [ 80.559776007615525, 7.346620103098174 ], [ 80.559862257207712, 7.346400015197095 ], [ 80.559773976079356, 7.346395329040281 ], [ 80.559700888070893, 7.346359652692064 ], [ 80.559706080914168, 7.346181911917149 ], [ 80.559701024836258, 7.346155790653303 ], [ 80.55971882468765, 7.346121228856981 ], [ 80.559749732309427, 7.345644547882989 ], [ 80.559742788412365, 7.345648744089764 ], [ 80.559690069983262, 7.345655320018967 ], [ 80.559633172968489, 7.345682962247089 ], [ 80.559472578102131, 7.345686500969347 ], [ 80.559418412676024, 7.345686564321285 ], [ 80.559380647708167, 7.345674429387214 ], [ 80.559313916934485, 7.345621223532749 ], [ 80.559243028793432, 7.345552823460731 ], [ 80.559180662406717, 7.345470953468715 ], [ 80.559127846254654, 7.345412052723688 ], [ 80.559199125755455, 7.345332798409297 ], [ 80.559280734453253, 7.34523162438527 ], [ 80.559361442054225, 7.345150612125915 ], [ 80.559376089491849, 7.345122275809894 ], [ 80.559317537432605, 7.345079460670782 ], [ 80.559269488733008, 7.344984395773714 ], [ 80.559270275605087, 7.344856076341583 ], [ 80.559272791236765, 7.344719166014169 ], [ 80.55927297283273, 7.344712655160052 ], [ 80.559266514315638, 7.344586413915756 ], [ 80.559193739549698, 7.344484552109529 ], [ 80.55906986757995, 7.344412236997691 ], [ 80.558981475076237, 7.344384070557807 ], [ 80.558793731248869, 7.344346176367731 ], [ 80.558713858371476, 7.344310779624502 ], [ 80.55863605766784, 7.344246103624385 ], [ 80.558593259097009, 7.344210524083066 ], [ 80.558591112018249, 7.344207617533895 ], [ 80.558551983972237, 7.344154617573977 ], [ 80.558529373295286, 7.344089225897628 ], [ 80.558532641518042, 7.343887841339437 ], [ 80.558548261046795, 7.343807003817408 ], [ 80.558647767626553, 7.343702155375848 ], [ 80.558649490132581, 7.343698990265502 ], [ 80.558780422059513, 7.343598587181814 ], [ 80.558867091606629, 7.34352426155148 ], [ 80.558918159444687, 7.343480465834936 ], [ 80.558957142994387, 7.343420678090041 ], [ 80.558958911472274, 7.343417964245099 ], [ 80.558959104038195, 7.343416847530873 ], [ 80.558978854744979, 7.343281820151573 ], [ 80.558976171514928, 7.343211645364106 ], [ 80.558936719963015, 7.343131052449277 ], [ 80.558872881410622, 7.343095300878228 ], [ 80.559037543199807, 7.34245738420455 ], [ 80.558859832566498, 7.342387601246162 ], [ 80.558696674920284, 7.342323530485666 ], [ 80.558179354828539, 7.342351617430007 ], [ 80.557638887980247, 7.342440428740526 ], [ 80.557421138489474, 7.342301263387771 ], [ 80.557166198087614, 7.342023750301975 ], [ 80.556681154638412, 7.341999763746693 ], [ 80.556221379791751, 7.342196149154899 ], [ 80.555727342114224, 7.342441981409817 ], [ 80.555210645670769, 7.342474142707951 ], [ 80.554502407157742, 7.342579245300286 ], [ 80.553931826607624, 7.342594367760336 ], [ 80.553542916939577, 7.342738979178836 ], [ 80.553537148859576, 7.342733801023751 ], [ 80.553532894030425, 7.342738303217074 ], [ 80.55349183670188, 7.342752256947906 ], [ 80.553430875007024, 7.342760909751267 ], [ 80.553371353477857, 7.342784119733841 ], [ 80.553290886098893, 7.342856242688032 ], [ 80.553258761635448, 7.342975231338301 ], [ 80.553247938070271, 7.343061677678236 ], [ 80.553260303765583, 7.343152294401988 ], [ 80.553300199109913, 7.343252691211056 ], [ 80.553335667041409, 7.343325867376241 ], [ 80.553342790211488, 7.343354572402919 ], [ 80.553354830897632, 7.343403102970644 ], [ 80.553361014396984, 7.343538027183346 ], [ 80.553361081519938, 7.343543288417766 ], [ 80.553363195023934, 7.343708035233939 ], [ 80.553361146945406, 7.343817365555084 ], [ 80.553363198679591, 7.34388066647251 ], [ 80.553401849132754, 7.343932864518168 ], [ 80.553493998963177, 7.344048839357439 ], [ 80.5535049551264, 7.344061686719848 ], [ 80.553530570808206, 7.344091721195463 ], [ 80.553566768240884, 7.344158929343327 ], [ 80.553562847304548, 7.344393322130149 ], [ 80.553558208986772, 7.344611344066844 ], [ 80.553597361307894, 7.344749089761285 ], [ 80.553623696622651, 7.344792869905877 ], [ 80.553660166845731, 7.344858087823472 ], [ 80.553701874328709, 7.344957762961743 ], [ 80.553697314587311, 7.345201830501611 ], [ 80.553692663450349, 7.34544752391957 ], [ 80.553690723341703, 7.345523845635458 ], [ 80.553704438740994, 7.34562911352895 ], [ 80.553729393629624, 7.345716752297804 ], [ 80.5537623194991, 7.345807740917318 ], [ 80.553803036485547, 7.345894031956576 ], [ 80.553843490216863, 7.345965128861504 ], [ 80.553904967926059, 7.3460107350035 ], [ 80.553926601096634, 7.346042487457365 ], [ 80.553927830384694, 7.346120528908449 ], [ 80.553956513371602, 7.346181131028259 ], [ 80.554012837917085, 7.346210819877844 ], [ 80.554127298666316, 7.346268208999613 ], [ 80.554207709219881, 7.346315182729169 ], [ 80.554223003951236, 7.34633933322349 ], [ 80.554224061436955, 7.346400464232883 ], [ 80.554213812680814, 7.346425780384646 ], [ 80.554183582861015, 7.346561589946058 ], [ 80.554204643287619, 7.346652393609816 ], [ 80.554216586256388, 7.346679166715568 ], [ 80.554222907129173, 7.346720403983888 ], [ 80.554233838777904, 7.346773673398451 ], [ 80.554257475607926, 7.34682363032957 ], [ 80.554258360529587, 7.346825501758213 ], [ 80.554293843878611, 7.346868474332848 ], [ 80.554302707946263, 7.346875522288647 ], [ 80.554367003676361, 7.346926655924388 ], [ 80.554377950987543, 7.346953880682107 ], [ 80.554377192290985, 7.347018898365169 ], [ 80.55437218661703, 7.347030542331881 ], [ 80.554361957628061, 7.347054341085362 ], [ 80.554330047032764, 7.347107316206612 ], [ 80.554313079335287, 7.34717250672934 ], [ 80.554306934257468, 7.347324516935951 ], [ 80.554306082120675, 7.347400749663851 ], [ 80.554317745742225, 7.347441086180662 ], [ 80.554376584106222, 7.347512554757711 ], [ 80.554407315303934, 7.347600341033043 ], [ 80.554422714371213, 7.34764433456344 ], [ 80.554422920134584, 7.34770244841342 ], [ 80.554423350703928, 7.347824109139182 ], [ 80.554421299675639, 7.347932506216076 ], [ 80.554477535412502, 7.347933567635651 ], [ 80.554590862552018, 7.347930810385126 ], [ 80.554612992420516, 7.348062665123209 ], [ 80.554633361212908, 7.348269940079007 ], [ 80.554640205562947, 7.348349792892693 ], [ 80.554640560612754, 7.34836444358504 ], [ 80.554636290711926, 7.348390123512198 ], [ 80.554634544667422, 7.348400478659577 ], [ 80.554629385564439, 7.348431083853399 ], [ 80.554624942844157, 7.348439944673729 ], [ 80.554578996067022, 7.348485860258656 ], [ 80.554548146566006, 7.348596259682002 ], [ 80.554488364024124, 7.348780796251014 ], [ 80.554397912492007, 7.348890624512332 ], [ 80.55438564965371, 7.348960701466567 ], [ 80.554407416744255, 7.349084329638881 ], [ 80.554545575071103, 7.349215340169821 ], [ 80.554597809708127, 7.349273874007746 ], [ 80.554613262236003, 7.349349027824188 ], [ 80.554610986961507, 7.349363536145599 ], [ 80.55500428551062, 7.349218329330293 ], [ 80.555358020157669, 7.349060257136754 ], [ 80.555390232043351, 7.349039179367201 ], [ 80.555406278636696, 7.34902868024138 ], [ 80.555690198996089, 7.348675897213252 ], [ 80.555745215037945, 7.348224624832191 ] ] ] ] } },
{ "type": "Feature", "properties": { "GND_N": "Kandanhena East", "GND_NO": "400", "GND_C": "060", "PROVINCE_N": "CENTRAL", "PROVINCE_C": "2", "DISTRICT_N": "KANDY", "DISTRICT_C": "1", "DSD_N": "TUMPANE", "DSD_C": "03", "Admin_Code": "2103060", "GND_NO_Cen": "400", "GND_NAME_C": "Kandanhena East", "GND_NO_Gaz": "400", "GND_NAME_G": "කදන්හේන", "shape_1": "Polygon", "Area__Ha_": 41.984996691100001, "MWS_ID": "115-1", "Alt_MWS": null, "Area": 0.41984996690999998, "Tot_Pop": 657.0, "Density": 1564.8447106799999 }, "geometry": { "type": "MultiPolygon", "coordinates": [ [ [ [ 80.54497935259144, 7.371208593096425 ], [ 80.544929733109925, 7.37109709762942 ], [ 80.544901542247629, 7.371033754322658 ], [ 80.544886170350182, 7.370983196247213 ], [ 80.544908448493146, 7.370991437766501 ], [ 80.545125649609673, 7.37084767664405 ], [ 80.545745110057823, 7.370386172572979 ], [ 80.546135372108225, 7.370149356739224 ], [ 80.546650322596989, 7.369816930991098 ], [ 80.546811617377273, 7.369712844316142 ], [ 80.547086623425173, 7.369535376186167 ], [ 80.547274658622314, 7.369382282970022 ], [ 80.547483448422597, 7.369212294474889 ], [ 80.547685025034227, 7.369065207099678 ], [ 80.547872191743281, 7.368928631945606 ], [ 80.548157618826806, 7.368746743724737 ], [ 80.548466205230582, 7.368622561184645 ], [ 80.548483033369763, 7.368617665756551 ], [ 80.548596435542706, 7.368584672371146 ], [ 80.548829220962901, 7.368516943262046 ], [ 80.548930887245888, 7.368453783746037 ], [ 80.549111542359654, 7.368206821857477 ], [ 80.549125619398964, 7.368187896664563 ], [ 80.549230287992643, 7.368047184370255 ], [ 80.549250499594606, 7.368041793266436 ], [ 80.549275114081368, 7.368035228810764 ], [ 80.549333731347147, 7.368019592523129 ], [ 80.549350415203477, 7.368015140997469 ], [ 80.549456948114695, 7.3680520179485 ], [ 80.549491698333554, 7.368064047327111 ], [ 80.549694155872487, 7.36822927253926 ], [ 80.549918463680385, 7.368355446748849 ], [ 80.550096364223734, 7.368360871161756 ], [ 80.550203992991086, 7.368328733525652 ], [ 80.550315640132538, 7.368230129422432 ], [ 80.550394264245853, 7.368141206289383 ], [ 80.550465728244546, 7.36806037930721 ], [ 80.550629804958575, 7.367856354328564 ], [ 80.550645646852885, 7.367836654993629 ], [ 80.55083391485546, 7.367583006224111 ], [ 80.550933031639403, 7.367365751993807 ], [ 80.551058163135224, 7.367111438307593 ], [ 80.551061883218253, 7.367104490664316 ], [ 80.551171690425122, 7.366899447035143 ], [ 80.551217737612006, 7.36681346440011 ], [ 80.551331605432907, 7.36658870639813 ], [ 80.551373693573581, 7.366505629066132 ], [ 80.551487934851906, 7.366337548870898 ], [ 80.551486281954837, 7.366335316237712 ], [ 80.551191640033295, 7.365937640456395 ], [ 80.550952890196641, 7.365710269790021 ], [ 80.550878468279151, 7.365592115864993 ], [ 80.550684371037093, 7.365283967780485 ], [ 80.550666519980993, 7.365255625375512 ], [ 80.550553358245367, 7.365137633633482 ], [ 80.550524653630802, 7.365107700518332 ], [ 80.549483760149343, 7.364999238438272 ], [ 80.548951044982729, 7.364980246561292 ], [ 80.548589989792461, 7.364865505917646 ], [ 80.548144980254108, 7.364795229849531 ], [ 80.547535908492264, 7.364815999058878 ], [ 80.547377236917413, 7.364855131836839 ], [ 80.547239767022759, 7.3648550163016 ], [ 80.547239718108827, 7.364855016276572 ], [ 80.547218768359983, 7.364863998779785 ], [ 80.547217622338209, 7.364915484284263 ], [ 80.54721595804584, 7.364979599825131 ], [ 80.547210021801973, 7.365075721639419 ], [ 80.54720906799659, 7.365170945324286 ], [ 80.547204221115123, 7.36525712134388 ], [ 80.547185626165003, 7.365309019318581 ], [ 80.547150002102683, 7.365358736456132 ], [ 80.547105604496011, 7.365383401909381 ], [ 80.547051155035774, 7.365402815485122 ], [ 80.547010741076249, 7.365429473324161 ], [ 80.546970040678559, 7.365488229900919 ], [ 80.546955429813892, 7.365541215060715 ], [ 80.546955757133105, 7.365609309615836 ], [ 80.546958170339295, 7.365672519328666 ], [ 80.546971448682484, 7.36574477937593 ], [ 80.546986001864923, 7.365804019118909 ], [ 80.547011324128107, 7.365879449466435 ], [ 80.547035556907929, 7.365966817769127 ], [ 80.547058697793091, 7.366060242485222 ], [ 80.547085715296092, 7.3661894811119 ], [ 80.547079795370891, 7.366430018981643 ], [ 80.546884320339529, 7.366510426480493 ], [ 80.546533040049439, 7.36661204557711 ], [ 80.545816233803592, 7.366850955486597 ], [ 80.543501616576762, 7.367695778498708 ], [ 80.543124646790133, 7.367831518657236 ], [ 80.542625431467542, 7.367959328202801 ], [ 80.542195781499601, 7.368446930375233 ], [ 80.541677134694055, 7.36909080466231 ], [ 80.541253510228998, 7.369887141782678 ], [ 80.540877304077625, 7.370683672489291 ], [ 80.540861421843928, 7.371150943371774 ], [ 80.540861417244614, 7.371151076300765 ], [ 80.541293689020222, 7.371069271376027 ], [ 80.541793726182078, 7.371153197413286 ], [ 80.54214971658142, 7.371203783006611 ], [ 80.542703596094825, 7.371215741641976 ], [ 80.542950499896563, 7.371226278056165 ], [ 80.543156155983255, 7.371456781697156 ], [ 80.543239745363451, 7.371362159090361 ], [ 80.54330507149497, 7.371288206382175 ], [ 80.543401600718568, 7.37117417978026 ], [ 80.543416891450178, 7.371156115396463 ], [ 80.543417322889923, 7.371155605598435 ], [ 80.543523442523849, 7.371165550212776 ], [ 80.543670701172331, 7.371234534141168 ], [ 80.543678467669537, 7.37123465121734 ], [ 80.543835288218901, 7.371329796813013 ], [ 80.543929599051793, 7.371509244482904 ], [ 80.544503355854189, 7.372010242493543 ], [ 80.544674368481523, 7.372209955234538 ], [ 80.544917089123459, 7.372331714051656 ], [ 80.54507111540866, 7.372399765993407 ], [ 80.545367496598189, 7.372262972617026 ], [ 80.545404322840994, 7.372247682811849 ], [ 80.545380572316844, 7.372201627436413 ], [ 80.545351280476382, 7.372161524888866 ], [ 80.545349841229665, 7.372159554589916 ], [ 80.545199715194983, 7.371954030132144 ], [ 80.545166379402247, 7.37185349593253 ], [ 80.545147893191398, 7.371797738365815 ], [ 80.545111131532153, 7.371594253766909 ], [ 80.545086307269116, 7.371519275736222 ], [ 80.545079321603211, 7.371498175813573 ], [ 80.545035341948378, 7.371365338280778 ], [ 80.545028368151833, 7.371345812742064 ], [ 80.54497935259144, 7.371208593096425 ] ] ] ] } },
{ "type": "Feature", "properties": { "GND_N": "Kumburegama", "GND_NO": "398", "GND_C": "075", "PROVINCE_N": "CENTRAL", "PROVINCE_C": "2", "DISTRICT_N": "KANDY", "DISTRICT_C": "1", "DSD_N": "TUMPANE", "DSD_C": "03", "Admin_Code": "2103075", "GND_NO_Cen": "398", "GND_NAME_C": "Kumburegama", "GND_NO_Gaz": "398", "GND_NAME_G": "කුඹුරේගga", "shape_1": "Polygon", "Area__Ha_": 70.891908095999995, "MWS_ID": "115-1", "Alt_MWS": null, "Area": 0.70891908096, "Tot_Pop": 774.0, "Density": 1091.8030291299999 }, "geometry": { "type": "MultiPolygon", "coordinates": [ [ [ [ 80.548335174650731, 7.363221314428294 ], [ 80.548484738090579, 7.36319371999407 ], [ 80.548563558024128, 7.363195669963795 ], [ 80.548585462968092, 7.363196211022091 ], [ 80.548627528412027, 7.36312598578625 ], [ 80.548633331448087, 7.363116297395335 ], [ 80.548743720741342, 7.363089702094559 ], [ 80.548814243126756, 7.363072710032976 ], [ 80.548967242120739, 7.363057778230854 ], [ 80.549181754978363, 7.363028044412085 ], [ 80.54920805448937, 7.363025847651356 ], [ 80.549289277432962, 7.363019055975951 ], [ 80.549418131999502, 7.363103943361971 ], [ 80.549446991092609, 7.363148552445593 ], [ 80.549483389675316, 7.363204808159985 ], [ 80.549751554192071, 7.363081412541755 ], [ 80.550068123903984, 7.362731593687177 ], [ 80.550151221828528, 7.362535287630024 ], [ 80.550130529581438, 7.362218781632458 ], [ 80.55009172583712, 7.362016433884849 ], [ 80.550091736647119, 7.362005828303798 ], [ 80.550095186086082, 7.361744644869585 ], [ 80.55007707911939, 7.361454854887072 ], [ 80.550090724629726, 7.361278843221031 ], [ 80.550168644779774, 7.361087674544657 ], [ 80.550386346819622, 7.360932761795916 ], [ 80.55053243572037, 7.361008836139773 ], [ 80.550730394664114, 7.361095890305656 ], [ 80.550908678135471, 7.361270087852782 ], [ 80.550930902465296, 7.361271175149437 ], [ 80.551363435441274, 7.361292355992637 ], [ 80.551366007829074, 7.361292562559861 ], [ 80.551726315136307, 7.36132152170285 ], [ 80.55177612890121, 7.361296687570801 ], [ 80.551784393745891, 7.361292566313969 ], [ 80.551888839020279, 7.361216318652303 ], [ 80.552021902851578, 7.361119176155484 ], [ 80.55245160819085, 7.360805476376428 ], [ 80.552524970911108, 7.360751917193753 ], [ 80.552551506414105, 7.360750275587977 ], [ 80.552748680219096, 7.36073807018614 ], [ 80.552757231292361, 7.360737540919106 ], [ 80.552824941142845, 7.360795542824222 ], [ 80.552827482163039, 7.360802312751124 ], [ 80.552868431544525, 7.360911496233074 ], [ 80.552907084661868, 7.361022617377651 ], [ 80.552981160194875, 7.361124850671091 ], [ 80.552983022974942, 7.361129400211123 ], [ 80.552988083930842, 7.361134405302598 ], [ 80.552988704102077, 7.361135017820533 ], [ 80.553004897161316, 7.361156843854973 ], [ 80.553017601595073, 7.361173966712307 ], [ 80.553022645350381, 7.361180765014745 ], [ 80.553059429828366, 7.361230345127833 ], [ 80.553064579093672, 7.361232650937571 ], [ 80.55308599439104, 7.361259404370695 ], [ 80.553173054214099, 7.361331905411274 ], [ 80.553284332004509, 7.361351282035153 ], [ 80.553385927337914, 7.361380315316038 ], [ 80.553421410518425, 7.361380332975816 ], [ 80.553511730353364, 7.361380378819075 ], [ 80.553580328975258, 7.361429348038553 ], [ 80.553613304926103, 7.361452886996627 ], [ 80.553664706909828, 7.361487135653011 ], [ 80.553676550031611, 7.361495025197091 ], [ 80.553700371195234, 7.361510897493909 ], [ 80.553821309253138, 7.361568922994104 ], [ 80.553921593131392, 7.361583276963374 ], [ 80.553921483089127, 7.361605976559479 ], [ 80.553939596172683, 7.361610325272112 ], [ 80.55400354587222, 7.361610990026957 ], [ 80.554051565314225, 7.361607647163884 ], [ 80.554132334465862, 7.361602023630259 ], [ 80.55420141827075, 7.361620918808574 ], [ 80.554292251893457, 7.361669851020528 ], [ 80.554421461547705, 7.361745014168412 ], [ 80.554607846525371, 7.36184984752341 ], [ 80.554611284970221, 7.36184985465132 ], [ 80.554695926753638, 7.361863772973768 ], [ 80.554697660415869, 7.361862059285413 ], [ 80.554801342827915, 7.361880383699456 ], [ 80.55481308998408, 7.361871806831042 ], [ 80.554818011211921, 7.361868214686211 ], [ 80.554842295305136, 7.361851226824963 ], [ 80.554840668305872, 7.361844262032712 ], [ 80.554842699984661, 7.361765859622603 ], [ 80.554843835741565, 7.361705868246907 ], [ 80.554847257921892, 7.361525047704623 ], [ 80.554848267724751, 7.361498009736866 ], [ 80.554875283960342, 7.361447653776513 ], [ 80.554896539073624, 7.361421402608316 ], [ 80.554916343098171, 7.361396943037499 ], [ 80.554995011648543, 7.361309083386726 ], [ 80.555013618304599, 7.361233223002066 ], [ 80.555013665195872, 7.361138634507186 ], [ 80.555028214888466, 7.361022257820858 ], [ 80.555079433977511, 7.360943157170598 ], [ 80.555087689025768, 7.360929487379081 ], [ 80.555108533336664, 7.360894972533941 ], [ 80.555137477210124, 7.360796779311903 ], [ 80.555162151283454, 7.3607238165674 ], [ 80.555169740103793, 7.36057940324103 ], [ 80.55517288802794, 7.360443579443275 ], [ 80.555173689240803, 7.360400548884123 ], [ 80.555177261635123, 7.360208736673279 ], [ 80.555182007017066, 7.359956620209768 ], [ 80.555183929215602, 7.359914391409783 ], [ 80.555235686268418, 7.359840625444762 ], [ 80.555302302806439, 7.359761802742952 ], [ 80.555369651380332, 7.359666162282005 ], [ 80.55543617310552, 7.359592132283833 ], [ 80.5554562108629, 7.359569203773463 ], [ 80.555508769974097, 7.359509064111037 ], [ 80.555512060088816, 7.359446308447465 ], [ 80.555512493266136, 7.359306684348887 ], [ 80.555485345114931, 7.359254222664589 ], [ 80.555416736043483, 7.359153357952376 ], [ 80.555405630198095, 7.359141960146781 ], [ 80.555369928898429, 7.35910531762172 ], [ 80.55529208104889, 7.359003725801895 ], [ 80.555243632845588, 7.35893327165567 ], [ 80.555223469708139, 7.358903949833413 ], [ 80.55520897717328, 7.358890531961681 ], [ 80.555184085361446, 7.358867486335983 ], [ 80.555128333506588, 7.358775491843137 ], [ 80.555107803653343, 7.358711186213314 ], [ 80.555100861288082, 7.358647791587952 ], [ 80.555102611588453, 7.358585033357586 ], [ 80.555107543548033, 7.35832197588365 ], [ 80.555111929184307, 7.358062808421191 ], [ 80.555110950875829, 7.357993404069745 ], [ 80.555109829034009, 7.357913868811131 ], [ 80.555097637282742, 7.357840072180118 ], [ 80.555070876268303, 7.357737783912989 ], [ 80.555029147609218, 7.357677988390456 ], [ 80.555000808770814, 7.357654191391299 ], [ 80.55494030710301, 7.357644396005888 ], [ 80.554865664792644, 7.357625879821311 ], [ 80.554808075694183, 7.357611593311503 ], [ 80.554753474734753, 7.357573767619881 ], [ 80.554674430351668, 7.357509432130387 ], [ 80.554603180577331, 7.357435606272843 ], [ 80.554469828319995, 7.357290671943649 ], [ 80.554423302553474, 7.357223821382215 ], [ 80.554376062375297, 7.357140061922554 ], [ 80.554335327643145, 7.357087320344662 ], [ 80.554291704073876, 7.357015047236059 ], [ 80.554239028788601, 7.356930196296552 ], [ 80.554238420409447, 7.356880368342186 ], [ 80.554244085445632, 7.356779813355117 ], [ 80.55424678211682, 7.356637478388245 ], [ 80.554250970909592, 7.356410773275119 ], [ 80.554253018648438, 7.356301988297314 ], [ 80.554260550254568, 7.356276671720376 ], [ 80.554317647127135, 7.356211139396168 ], [ 80.554343651200838, 7.356177407538491 ], [ 80.554388798033088, 7.35611884593512 ], [ 80.554428689280641, 7.356045979367478 ], [ 80.554445754945931, 7.35597210586644 ], [ 80.554447150467922, 7.355897955127277 ], [ 80.554447733032447, 7.355638693532898 ], [ 80.554443672955486, 7.355619236482441 ], [ 80.554434810016915, 7.355576741902774 ], [ 80.554423986112909, 7.355486669490236 ], [ 80.554428190805666, 7.355408267232485 ], [ 80.554441772525067, 7.355236367136984 ], [ 80.554428681895928, 7.355159930397003 ], [ 80.554419735045769, 7.355107676603983 ], [ 80.554367230641219, 7.355043896782254 ], [ 80.554318543879461, 7.354951543970985 ], [ 80.554289873257858, 7.35486489723445 ], [ 80.554249607151121, 7.354784577542514 ], [ 80.554222568727894, 7.354692595354894 ], [ 80.554213745736078, 7.354660923414098 ], [ 80.554209366790516, 7.354645205470498 ], [ 80.554162018162316, 7.354596168218068 ], [ 80.55410398433807, 7.354542605084765 ], [ 80.55409258610095, 7.354514747997659 ], [ 80.554094524510163, 7.354440054043105 ], [ 80.554110408582972, 7.354374318634874 ], [ 80.554139414858398, 7.354330474616223 ], [ 80.554178128004324, 7.35426032036819 ], [ 80.554224555289522, 7.354158339594211 ], [ 80.554267614118714, 7.354077813396731 ], [ 80.554281310652783, 7.354052202355559 ], [ 80.554295639623518, 7.354007968538245 ], [ 80.554308344732149, 7.353968748242095 ], [ 80.554309369857492, 7.353910873752522 ], [ 80.554321491825064, 7.353760044851324 ], [ 80.554344083898329, 7.353682014315499 ], [ 80.554369473234516, 7.353627316021438 ], [ 80.554392610083525, 7.353550282287086 ], [ 80.554403601136059, 7.353486081746373 ], [ 80.554404810735022, 7.353423324143214 ], [ 80.554409011493348, 7.353172202983473 ], [ 80.554428523190538, 7.352914851557888 ], [ 80.554434668297546, 7.352837769619737 ], [ 80.554438458167184, 7.352790244363741 ], [ 80.554536138161126, 7.352783736535491 ], [ 80.554541357081902, 7.352528671325535 ], [ 80.554541488068011, 7.352262871400412 ], [ 80.554541591693933, 7.352054028600215 ], [ 80.554541697276321, 7.351841236734378 ], [ 80.554487542656915, 7.351847257887501 ], [ 80.554487609641399, 7.351843695895043 ], [ 80.554487430293221, 7.351843700327803 ], [ 80.554437898586144, 7.351844708530892 ], [ 80.553976848709254, 7.351988872883092 ], [ 80.552894760652805, 7.352686264117851 ], [ 80.552563888077927, 7.353289318431069 ], [ 80.552357668398272, 7.353426862999831 ], [ 80.552226069247098, 7.353461949972155 ], [ 80.552200873108475, 7.353468667154523 ], [ 80.552156657101207, 7.353753592563431 ], [ 80.552098342557244, 7.354054400309126 ], [ 80.551868631957504, 7.354142454291694 ], [ 80.550666693798618, 7.35432087814945 ], [ 80.550328286026385, 7.354541071198832 ], [ 80.550017084575288, 7.354345893615778 ], [ 80.549858318499048, 7.354268283579088 ], [ 80.549639707824454, 7.354151096536266 ], [ 80.54927123806992, 7.354091767278105 ], [ 80.549024296291734, 7.354033321354602 ], [ 80.548865096568193, 7.354009224308052 ], [ 80.548768362397055, 7.353943619150188 ], [ 80.548718987007362, 7.353943158216143 ], [ 80.548621614506956, 7.353941120225559 ], [ 80.548555686070685, 7.353913414360356 ], [ 80.548536890743506, 7.353899484975666 ], [ 80.54853570913167, 7.35389860901631 ], [ 80.548531010448954, 7.353908161425777 ], [ 80.548251804170263, 7.354203682828004 ], [ 80.548011999804643, 7.354424188304168 ], [ 80.547786073954185, 7.354631932957043 ], [ 80.547789743642781, 7.354631307246073 ], [ 80.547855057654971, 7.354618953484526 ], [ 80.547912400621811, 7.354608491961782 ], [ 80.547959687009907, 7.35459893050967 ], [ 80.547993549535306, 7.354596469985607 ], [ 80.548007877905178, 7.354595427394958 ], [ 80.548054782523124, 7.354623937522411 ], [ 80.548103588030088, 7.354658506494615 ], [ 80.548143425332512, 7.354692980467368 ], [ 80.54818226783793, 7.354724380226878 ], [ 80.548249093148812, 7.354766192725323 ], [ 80.548299798471561, 7.354791229550325 ], [ 80.548309041578463, 7.354795792810101 ], [ 80.548384027000964, 7.35482558229668 ], [ 80.548466082406833, 7.354842443021078 ], [ 80.548529014979735, 7.354853426938545 ], [ 80.548563266335762, 7.354859404559741 ], [ 80.548645316026281, 7.3548892862135 ], [ 80.548726181669409, 7.354930202381074 ], [ 80.548731460359875, 7.354932523677207 ], [ 80.548781027891891, 7.354954318872784 ], [ 80.548796184772272, 7.354960983092255 ], [ 80.548864813662902, 7.355018712938725 ], [ 80.548891306001423, 7.355051387760049 ], [ 80.548926279406231, 7.35509452326221 ], [ 80.548961348782882, 7.355144875096221 ], [ 80.548969817208899, 7.355157032231526 ], [ 80.549010171705405, 7.355241605320619 ], [ 80.54902833075495, 7.355333038901149 ], [ 80.549036529643388, 7.355419222511167 ], [ 80.549036139906789, 7.355473118382447 ], [ 80.549034679671564, 7.355496448490614 ], [ 80.549006734548641, 7.355586321387346 ], [ 80.548979792156118, 7.355667242255413 ], [ 80.548979959641812, 7.355726151827954 ], [ 80.548980022616931, 7.355748357763352 ], [ 80.549019192393601, 7.35584893539288 ], [ 80.549062446364815, 7.355933599472508 ], [ 80.54911385458513, 7.35601419834777 ], [ 80.549152799708182, 7.35606325356248 ], [ 80.549168440039907, 7.356082951639935 ], [ 80.549231897973002, 7.356156685764495 ], [ 80.549352795883777, 7.356268310055095 ], [ 80.549359193241841, 7.356274217446161 ], [ 80.549411693057948, 7.356345863402452 ], [ 80.549442989313135, 7.356431335259813 ], [ 80.549468026842575, 7.356535794172435 ], [ 80.549473869084835, 7.356555709737107 ], [ 80.549488371148342, 7.35660516491069 ], [ 80.54952583770131, 7.356674632933905 ], [ 80.549530145691932, 7.356678166391498 ], [ 80.549523470869531, 7.356772719866293 ], [ 80.54943276017417, 7.356912776598055 ], [ 80.549330650260785, 7.3570308323337 ], [ 80.549241523274333, 7.357248324724647 ], [ 80.548926022071868, 7.357968382541832 ], [ 80.548818197014839, 7.358260831504894 ], [ 80.548710194802325, 7.358516700653838 ], [ 80.54836534090559, 7.358736701593608 ], [ 80.547998967078613, 7.358998339557959 ], [ 80.547610861122735, 7.358971095014664 ], [ 80.546524391744725, 7.358982822147028 ], [ 80.545020405877082, 7.358943401340694 ], [ 80.545018771556556, 7.35894564043835 ], [ 80.545001185961837, 7.358974308396512 ], [ 80.544965646698941, 7.359032244572999 ], [ 80.544920581692566, 7.359124007350755 ], [ 80.544898709233294, 7.359208004253026 ], [ 80.544897754377928, 7.35929915770638 ], [ 80.544929049308834, 7.359387614024406 ], [ 80.544977373889267, 7.359473274912276 ], [ 80.545014748813259, 7.359543829302271 ], [ 80.545023178385676, 7.359557492141896 ], [ 80.545058282303231, 7.359614386868387 ], [ 80.545083512057715, 7.359695787440182 ], [ 80.54509090213125, 7.359762980450829 ], [ 80.545108068455477, 7.359851338130095 ], [ 80.545152600041689, 7.359916923478632 ], [ 80.54522620677092, 7.359984783658272 ], [ 80.545293031018943, 7.360029581683647 ], [ 80.545329550735389, 7.360039287335017 ], [ 80.545371100598288, 7.360050329413387 ], [ 80.54547516387666, 7.360078415323223 ], [ 80.545561198239, 7.360111376025635 ], [ 80.545653210015175, 7.360144340694069 ], [ 80.545706264658023, 7.360172648060382 ], [ 80.545747025493696, 7.360194396563736 ], [ 80.545805598156903, 7.360258088246768 ], [ 80.545841967274924, 7.360315685299535 ], [ 80.545862889658324, 7.360348820428722 ], [ 80.545888783664722, 7.360407189783356 ], [ 80.545893670231379, 7.360418205718807 ], [ 80.545900527349801, 7.360433661857246 ], [ 80.545922877999658, 7.360477711667664 ], [ 80.545934166445036, 7.360496432784984 ], [ 80.545954462664454, 7.360530086653996 ], [ 80.545995818945727, 7.360605708880158 ], [ 80.546063969279544, 7.360717604435908 ], [ 80.546118461827433, 7.360789252692294 ], [ 80.5461798296583, 7.360878085195787 ], [ 80.546268088993486, 7.360988184269655 ], [ 80.54631143455542, 7.361070768760842 ], [ 80.546363555553356, 7.361174517377027 ], [ 80.546410979958821, 7.361250141777603 ], [ 80.546467556099628, 7.361319801611595 ], [ 80.546536185860447, 7.361380604616985 ], [ 80.546571536054756, 7.361415465278704 ], [ 80.546597750392721, 7.36144131536758 ], [ 80.546662297476885, 7.36151314957675 ], [ 80.546709010601489, 7.361564718402714 ], [ 80.546780342138831, 7.361652562114089 ], [ 80.546851668380697, 7.361752523379245 ], [ 80.546912232646477, 7.361819200121442 ], [ 80.546989731700847, 7.361895110251762 ], [ 80.547055180981758, 7.361975988733746 ], [ 80.547098762047227, 7.362018480402051 ], [ 80.547125707222165, 7.36204475133302 ], [ 80.547144801934792, 7.362067152379585 ], [ 80.547178302103816, 7.362106450333882 ], [ 80.547228905568247, 7.362169054414827 ], [ 80.547301518011707, 7.362235918128637 ], [ 80.547401403034229, 7.362285978578223 ], [ 80.547528659376169, 7.362303314758823 ], [ 80.547612992220266, 7.362301096189594 ], [ 80.547661426162293, 7.362296887911331 ], [ 80.547716440191621, 7.362292107854336 ], [ 80.547808832429311, 7.362289079495497 ], [ 80.547893162837454, 7.362289845953607 ], [ 80.54797531401293, 7.362302727948414 ], [ 80.548044099543034, 7.362334182783835 ], [ 80.548058266705127, 7.362340660243682 ], [ 80.548113394688386, 7.362373438327006 ], [ 80.548125094185139, 7.362380392899986 ], [ 80.548213925973897, 7.362435329834227 ], [ 80.548266804357183, 7.362477949112431 ], [ 80.548280566066083, 7.362489077153973 ], [ 80.548327281004433, 7.362537664354123 ], [ 80.548365695044396, 7.362573975121555 ], [ 80.548391288110494, 7.362598168122495 ], [ 80.548395909131344, 7.362602536416134 ], [ 80.548424410927169, 7.362661872747615 ], [ 80.548423836118118, 7.362724992324932 ], [ 80.548396180389005, 7.3627808646549 ], [ 80.548391193091774, 7.362784232428163 ], [ 80.548327405697222, 7.362827308657543 ], [ 80.548256113713776, 7.362836588414067 ], [ 80.548178757935304, 7.362835823765941 ], [ 80.54815934624267, 7.362834414930057 ], [ 80.548113159803663, 7.362831059968896 ], [ 80.54808347117401, 7.362828904369655 ], [ 80.548009284031266, 7.362826153664426 ], [ 80.547949048760188, 7.362827568015605 ], [ 80.54790912901413, 7.36283956213393 ], [ 80.547900671071574, 7.362842104317609 ], [ 80.547882359460459, 7.362869946392177 ], [ 80.547909154907629, 7.362902243430697 ], [ 80.547944819124538, 7.362948743343627 ], [ 80.547967346890331, 7.363003103026928 ], [ 80.547982997213296, 7.363044346004751 ], [ 80.548006612230665, 7.363094636908141 ], [ 80.548011021973721, 7.363150795039173 ], [ 80.548010541913683, 7.363203876974606 ], [ 80.547999012139726, 7.363252885752199 ], [ 80.547968275551227, 7.363310742315148 ], [ 80.547946586570447, 7.363332462393169 ], [ 80.547923686803784, 7.363355394513514 ], [ 80.547870944046281, 7.363406909771465 ], [ 80.547865222468417, 7.363411376787862 ], [ 80.547806242362171, 7.36345742781143 ], [ 80.547751693435018, 7.363492940613866 ], [ 80.547694063496607, 7.363534418381619 ], [ 80.547632351972112, 7.363582945757567 ], [ 80.547569551701841, 7.363638438360678 ], [ 80.547533830677963, 7.363699186995549 ], [ 80.547652984961601, 7.363628095136323 ], [ 80.547730543412698, 7.363581821215075 ], [ 80.547881203997946, 7.363532884351996 ], [ 80.548056618453131, 7.363438114054147 ], [ 80.548067896010906, 7.36343770563536 ], [ 80.548068613426111, 7.363437680680758 ], [ 80.548113324187128, 7.363436061267771 ], [ 80.548145390170205, 7.363435536839724 ], [ 80.548259868923651, 7.363287381934711 ], [ 80.548335174650731, 7.363221314428294 ] ] ] ] } },
{ "type": "Feature", "properties": { "GND_N": "Kandanhena West", "GND_NO": "401", "GND_C": "065", "PROVINCE_N": "CENTRAL", "PROVINCE_C": "2", "DISTRICT_N": "KANDY", "DISTRICT_C": "1", "DSD_N": "TUMPANE", "DSD_C": "03", "Admin_Code": "2103065", "GND_NO_Cen": "401", "GND_NAME_C": "Namaltenna", "GND_NO_Gaz": "401", "GND_NAME_G": "කදන්හේන n", "shape_1": "Polygon", "Area__Ha_": 48.818593803, "MWS_ID": "115-1", "Alt_MWS": null, "Area": 0.48818593803, "Tot_Pop": 954.0, "Density": 1954.17345254 }, "geometry": { "type": "MultiPolygon", "coordinates": [ [ [ [ 80.554703819462148, 7.373723584820073 ], [ 80.554927341396606, 7.373636813485581 ], [ 80.554932587954312, 7.373636859489236 ], [ 80.555174819980593, 7.37372307737623 ], [ 80.555767936877189, 7.373919884697691 ], [ 80.555861652553588, 7.373950981726232 ], [ 80.555918194860539, 7.373695958303021 ], [ 80.555926372842208, 7.373659068860145 ], [ 80.555927453035281, 7.373557431933005 ], [ 80.555928336633698, 7.373474169301725 ], [ 80.555929516659575, 7.373362982151338 ], [ 80.555921877240252, 7.373314616628644 ], [ 80.555919751566762, 7.373301160558704 ], [ 80.555909687581348, 7.37323744793519 ], [ 80.555892441103168, 7.373128266473713 ], [ 80.555845893084722, 7.372833574105122 ], [ 80.555804015852985, 7.372704950788914 ], [ 80.555534532850245, 7.372414712395573 ], [ 80.55537283865462, 7.372250138363571 ], [ 80.555375977534339, 7.372130986235237 ], [ 80.555247732071436, 7.371902616119171 ], [ 80.555236407639072, 7.37191126644472 ], [ 80.555137548098969, 7.371980848373219 ], [ 80.555017599454558, 7.372014880102067 ], [ 80.554961324279731, 7.372063412957552 ], [ 80.554950782455663, 7.372077572634933 ], [ 80.554931353773526, 7.372085793017787 ], [ 80.554944620426667, 7.371963828120979 ], [ 80.554843812720165, 7.371666288297208 ], [ 80.55482286786382, 7.371433525661095 ], [ 80.554851956971348, 7.371046439813366 ], [ 80.55487215609476, 7.370798247640794 ], [ 80.554871468739037, 7.370783322796292 ], [ 80.554813087519562, 7.370576890096529 ], [ 80.554810047524555, 7.370567860098145 ], [ 80.554765327925551, 7.370432712590552 ], [ 80.555085884159297, 7.370332521476824 ], [ 80.555096537414343, 7.370329191700437 ], [ 80.555116317006608, 7.370320092505055 ], [ 80.555042523809107, 7.370161538311068 ], [ 80.554942874319138, 7.369901776043158 ], [ 80.554923199003213, 7.369850489094111 ], [ 80.55492893827406, 7.369819542395768 ], [ 80.554893131416009, 7.369762219424032 ], [ 80.554732710580211, 7.36956583989897 ], [ 80.554381490086485, 7.369290871901651 ], [ 80.554054100838997, 7.369042316404075 ], [ 80.553681390387254, 7.368798514619749 ], [ 80.553479453076378, 7.368641839735872 ], [ 80.553228248122352, 7.368327909322399 ], [ 80.553116505013818, 7.368230324352639 ], [ 80.552676482559406, 7.367503899671689 ], [ 80.552271534297432, 7.367544907713826 ], [ 80.551971809548803, 7.367575259472943 ], [ 80.551255215659012, 7.367395487326398 ], [ 80.551069711165638, 7.367128084072349 ], [ 80.551058163135224, 7.367111438307593 ], [ 80.550933031639403, 7.367365751993807 ], [ 80.55083391485546, 7.367583006224111 ], [ 80.550645646852885, 7.367836654993629 ], [ 80.550629804958575, 7.367856354328564 ], [ 80.550465728244546, 7.36806037930721 ], [ 80.550394264245853, 7.368141206289383 ], [ 80.550315640132538, 7.368230129422432 ], [ 80.550203992991086, 7.368328733525652 ], [ 80.550096364223734, 7.368360871161756 ], [ 80.549918463680385, 7.368355446748849 ], [ 80.549694155872487, 7.36822927253926 ], [ 80.549491698333554, 7.368064047327111 ], [ 80.549456948114695, 7.3680520179485 ], [ 80.549350415203477, 7.368015140997469 ], [ 80.549333731347147, 7.368019592523129 ], [ 80.549275114081368, 7.368035228810764 ], [ 80.549250499594606, 7.368041793266436 ], [ 80.549230287992643, 7.368047184370255 ], [ 80.549125619398964, 7.368187896664563 ], [ 80.549111542359654, 7.368206821857477 ], [ 80.548930887245888, 7.368453783746037 ], [ 80.548829220962901, 7.368516943262046 ], [ 80.548596435542706, 7.368584672371146 ], [ 80.548483033369763, 7.368617665756551 ], [ 80.548466205230582, 7.368622561184645 ], [ 80.548157618826806, 7.368746743724737 ], [ 80.547872191743281, 7.368928631945606 ], [ 80.547685025034227, 7.369065207099678 ], [ 80.547483448422597, 7.369212294474889 ], [ 80.547274658622314, 7.369382282970022 ], [ 80.547086623425173, 7.369535376186167 ], [ 80.546811617377273, 7.369712844316142 ], [ 80.546650322596989, 7.369816930991098 ], [ 80.546135372108225, 7.370149356739224 ], [ 80.545745110057823, 7.370386172572979 ], [ 80.545125649609673, 7.37084767664405 ], [ 80.544908448493146, 7.370991437766501 ], [ 80.544886170350182, 7.370983196247213 ], [ 80.544901542247629, 7.371033754322658 ], [ 80.544929733109925, 7.37109709762942 ], [ 80.54497935259144, 7.371208593096425 ], [ 80.545028368151833, 7.371345812742064 ], [ 80.545035341948378, 7.371365338280778 ], [ 80.545079321603211, 7.371498175813573 ], [ 80.545086307269116, 7.371519275736222 ], [ 80.545111131532153, 7.371594253766909 ], [ 80.545147893191398, 7.371797738365815 ], [ 80.545166379402247, 7.37185349593253 ], [ 80.545199715194983, 7.371954030132144 ], [ 80.545349841229665, 7.372159554589916 ], [ 80.545351280476382, 7.372161524888866 ], [ 80.545380572316844, 7.372201627436413 ], [ 80.545404322840994, 7.372247682811849 ], [ 80.545490027627878, 7.372269085608637 ], [ 80.545594114081737, 7.372198373664832 ], [ 80.545663723000942, 7.37215363337199 ], [ 80.545861842483902, 7.372058538492081 ], [ 80.546177842915043, 7.371915776372414 ], [ 80.546556145753485, 7.371861361351866 ], [ 80.546630150472481, 7.371853613375148 ], [ 80.546907884201886, 7.371824533595466 ], [ 80.547402694692281, 7.371783843310941 ], [ 80.547419513035962, 7.371784166612927 ], [ 80.547970588787408, 7.37184637445726 ], [ 80.548298493539917, 7.371879305278468 ], [ 80.548584419734453, 7.37197037155849 ], [ 80.549749485127364, 7.371969412374128 ], [ 80.550056155761936, 7.372175332899517 ], [ 80.550746273201753, 7.372424515676634 ], [ 80.55083242998775, 7.372668605971292 ], [ 80.55104631948106, 7.372761077635264 ], [ 80.551347258170296, 7.373004886220733 ], [ 80.551800700504046, 7.373248152662656 ], [ 80.551829491812683, 7.373269005711242 ], [ 80.552267588738019, 7.37346953058062 ], [ 80.552493515669966, 7.373525837571241 ], [ 80.552571991098816, 7.373524855892649 ], [ 80.552660894089158, 7.373486717373796 ], [ 80.552914758486807, 7.373561629545784 ], [ 80.553010304075102, 7.373519571439448 ], [ 80.55313863892826, 7.373463079932136 ], [ 80.553210206410768, 7.373630503541798 ], [ 80.553387928904925, 7.37391473553687 ], [ 80.553548252068097, 7.374011129288122 ], [ 80.553583695665921, 7.374014422304458 ], [ 80.55380052320443, 7.374046853412326 ], [ 80.554100132202066, 7.374057380107331 ], [ 80.55444364814656, 7.374069144668609 ], [ 80.554611383646659, 7.373975145810745 ], [ 80.554703819462148, 7.373723584820073 ] ] ] ] } },
{ "type": "Feature", "properties": { "GND_N": "Niyangoda", "GND_NO": "358", "GND_C": "265", "PROVINCE_N": "CENTRAL", "PROVINCE_C": "2", "DISTRICT_N": "KANDY", "DISTRICT_C": "1", "DSD_N": "TUMPANE", "DSD_C": "03", "Admin_Code": "2103265", "GND_NO_Cen": "358", "GND_NAME_C": "Niyangoda", "GND_NO_Gaz": "358", "GND_NAME_G": "නියංගොඩ", "shape_1": "Polygon", "Area__Ha_": 59.927170335699998, "MWS_ID": "115-1", "Alt_MWS": null, "Area": 0.59927170336000002, "Tot_Pop": 927.0, "Density": 1546.8776429899999 }, "geometry": { "type": "MultiPolygon", "coordinates": [ [ [ [ 80.554487430293221, 7.351843700327803 ], [ 80.554487609641399, 7.351843695895043 ], [ 80.554487542656915, 7.351847257887501 ], [ 80.554541697276321, 7.351841236734378 ], [ 80.554541732996839, 7.351769243864779 ], [ 80.554541761246938, 7.351712306630924 ], [ 80.554541874295069, 7.351484457317129 ], [ 80.554542015586421, 7.351199673478751 ], [ 80.554542090940473, 7.351047786894582 ], [ 80.554485105040925, 7.350914859613758 ], [ 80.554428103045325, 7.350819901938875 ], [ 80.554403026905476, 7.350782312376388 ], [ 80.554318133180686, 7.350738234720084 ], [ 80.554305552125101, 7.350719373901119 ], [ 80.554276792598444, 7.350708278409547 ], [ 80.554243033188982, 7.350695253383797 ], [ 80.554266599587152, 7.350632099908873 ], [ 80.554282305073244, 7.350590012660291 ], [ 80.554369583651194, 7.350488232018655 ], [ 80.554395517608569, 7.350430821992862 ], [ 80.554392185919241, 7.350208634575973 ], [ 80.554385168165751, 7.350096792173729 ], [ 80.554385087285269, 7.350095502606218 ], [ 80.554385123376264, 7.350022797145911 ], [ 80.554404095092394, 7.349936900126061 ], [ 80.554457233363308, 7.349819185133057 ], [ 80.55448648891938, 7.349637346377047 ], [ 80.554570718488762, 7.34947144951837 ], [ 80.55458391525238, 7.349448709354152 ], [ 80.554602720888411, 7.349416302313531 ], [ 80.554610986961507, 7.349363536145599 ], [ 80.554613262236003, 7.349349027824188 ], [ 80.554597809708127, 7.349273874007746 ], [ 80.554545575071103, 7.349215340169821 ], [ 80.554407416744255, 7.349084329638881 ], [ 80.55438564965371, 7.348960701466567 ], [ 80.554397912492007, 7.348890624512332 ], [ 80.554488364024124, 7.348780796251014 ], [ 80.554548146566006, 7.348596259682002 ], [ 80.554578996067022, 7.348485860258656 ], [ 80.554624942844157, 7.348439944673729 ], [ 80.554629385564439, 7.348431083853399 ], [ 80.554634544667422, 7.348400478659577 ], [ 80.554636290711926, 7.348390123512198 ], [ 80.554640560612754, 7.34836444358504 ], [ 80.554640205562947, 7.348349792892693 ], [ 80.554633361212908, 7.348269940079007 ], [ 80.554612992420516, 7.348062665123209 ], [ 80.554590862552018, 7.347930810385126 ], [ 80.554477535412502, 7.347933567635651 ], [ 80.554421299675639, 7.347932506216076 ], [ 80.554421268022566, 7.347934232503561 ], [ 80.554170911316334, 7.347903220544252 ], [ 80.553283064998226, 7.347530600368981 ], [ 80.552774129096434, 7.347337307730307 ], [ 80.552337683055555, 7.347106105508384 ], [ 80.552155474861109, 7.347008553012181 ], [ 80.55195906469001, 7.346870198698281 ], [ 80.551871959139206, 7.346697954388017 ], [ 80.55184177279456, 7.346489397553666 ], [ 80.5518422452312, 7.346417956519379 ], [ 80.551358985738716, 7.345887349784798 ], [ 80.551318088633266, 7.34587378472341 ], [ 80.551054576180903, 7.345871281471982 ], [ 80.550830146673832, 7.345853355928935 ], [ 80.550605196688153, 7.345850950460799 ], [ 80.550205124703609, 7.345811405832609 ], [ 80.549851420893503, 7.345702800487802 ], [ 80.549357650594047, 7.345210983420054 ], [ 80.548946724330008, 7.344528412010082 ], [ 80.548735117037253, 7.344100490960619 ], [ 80.548301152589971, 7.343821485060097 ], [ 80.548292477268262, 7.343826509448622 ], [ 80.548176729893072, 7.343893529574742 ], [ 80.548104391604113, 7.343937438017154 ], [ 80.548022010616151, 7.343987444439771 ], [ 80.547874109177755, 7.343900089180893 ], [ 80.547699315068201, 7.343799291371999 ], [ 80.547644634176123, 7.34377522640767 ], [ 80.547643848142954, 7.343774881470177 ], [ 80.547626206174527, 7.34373463036954 ], [ 80.547583473985156, 7.343695091731349 ], [ 80.54755539533798, 7.343692816682072 ], [ 80.547524143219022, 7.343700486374691 ], [ 80.547474480678687, 7.343750107862516 ], [ 80.547323027081276, 7.3439440013969 ], [ 80.547285414035031, 7.343991730889179 ], [ 80.547241916794306, 7.344029416967856 ], [ 80.547199517034912, 7.344050013296847 ], [ 80.547146347060036, 7.344050528734542 ], [ 80.547096073402557, 7.344057014003728 ], [ 80.547037377311327, 7.344091118519795 ], [ 80.546142465411862, 7.345103976571324 ], [ 80.545617025459094, 7.344825722397455 ], [ 80.54547232797313, 7.345210560975079 ], [ 80.545341672524302, 7.345411063136634 ], [ 80.545213118023312, 7.345587659446845 ], [ 80.545485036365818, 7.346155970759773 ], [ 80.546262422180348, 7.346946812920602 ], [ 80.546352252917984, 7.346879396627033 ], [ 80.546376898167523, 7.346861874944242 ], [ 80.546496777219943, 7.346776651233551 ], [ 80.546674544510296, 7.346670125662058 ], [ 80.546790514087292, 7.346613213397365 ], [ 80.546890356144729, 7.346560093615868 ], [ 80.547005423507002, 7.346496126413919 ], [ 80.547095365159208, 7.346436357658078 ], [ 80.547106452017644, 7.346428989685548 ], [ 80.547131831364979, 7.346410545951611 ], [ 80.547040786602693, 7.346938357319455 ], [ 80.546468152139653, 7.347319134979529 ], [ 80.545649874289367, 7.348717756801442 ], [ 80.545230034537227, 7.349275540508485 ], [ 80.545166503920129, 7.349398100537333 ], [ 80.545080454704916, 7.349560744548827 ], [ 80.545089722517986, 7.349564550988381 ], [ 80.545418095175449, 7.349699403334308 ], [ 80.545445511346514, 7.349706561387665 ], [ 80.545603841141499, 7.349764866881194 ], [ 80.545763368474582, 7.349791458353313 ], [ 80.546099181475341, 7.349847435867698 ], [ 80.546422527678217, 7.349733687467366 ], [ 80.547030951220179, 7.34996182644257 ], [ 80.54739206774606, 7.350360710721756 ], [ 80.54753076179118, 7.350507017997981 ], [ 80.547734189181327, 7.350721613629122 ], [ 80.547771482895612, 7.35076095597036 ], [ 80.54776268165962, 7.35069308221922 ], [ 80.547745425097403, 7.350610692007503 ], [ 80.547729255373241, 7.350521430599235 ], [ 80.547727938418518, 7.350501833821212 ], [ 80.54772224451898, 7.350417070296603 ], [ 80.547729884938491, 7.350353050896635 ], [ 80.549474355002758, 7.350495127085705 ], [ 80.549530051729704, 7.350652238819039 ], [ 80.549527869426072, 7.350781318832017 ], [ 80.549762108444909, 7.350870390165109 ], [ 80.550073439776369, 7.350931089983979 ], [ 80.550329079838662, 7.351011518605811 ], [ 80.550415481457549, 7.351239965780084 ], [ 80.550471345628168, 7.351423256877843 ], [ 80.550477838001257, 7.351601352339911 ], [ 80.550532543169538, 7.351828800557376 ], [ 80.550615593509406, 7.352141777850899 ], [ 80.550874209632539, 7.352285548236666 ], [ 80.551218211255488, 7.352383914107879 ], [ 80.551443427195451, 7.352463775225288 ], [ 80.551695514559341, 7.352618941439052 ], [ 80.551996329172354, 7.352941714357793 ], [ 80.552098319548662, 7.353320398030004 ], [ 80.552226069247098, 7.353461949972155 ], [ 80.552357668398272, 7.353426862999831 ], [ 80.552563888077927, 7.353289318431069 ], [ 80.552894760652805, 7.352686264117851 ], [ 80.553976848709254, 7.351988872883092 ], [ 80.554437898586144, 7.351844708530892 ], [ 80.554487430293221, 7.351843700327803 ] ] ] ] } },
{ "type": "Feature", "properties": { "GND_N": "Niyambepola", "GND_NO": "403", "GND_C": "270", "PROVINCE_N": "CENTRAL", "PROVINCE_C": "2", "DISTRICT_N": "KANDY", "DISTRICT_C": "1", "DSD_N": "TUMPANE", "DSD_C": "03", "Admin_Code": "2103270", "GND_NO_Cen": "403", "GND_NAME_C": "Niyambepola", "GND_NO_Gaz": "403", "GND_NAME_G": "නියඹේපොpo", "shape_1": "Polygon", "Area__Ha_": 62.630485211, "MWS_ID": "115-1", "Alt_MWS": null, "Area": 0.62630485210999998, "Tot_Pop": 730.0, "Density": 1165.5665728 }, "geometry": { "type": "MultiPolygon", "coordinates": [ [ [ [ 80.564284483105467, 7.354263916543168 ], [ 80.564842175528, 7.354024916430557 ], [ 80.565497360080741, 7.354042242075636 ], [ 80.565985856728133, 7.354023640431739 ], [ 80.565990087653816, 7.353987149491309 ], [ 80.56597909981032, 7.353853669121438 ], [ 80.565959171555846, 7.35380152249911 ], [ 80.565945538056894, 7.353765845182848 ], [ 80.565941888463072, 7.353762327561649 ], [ 80.565867764891024, 7.353690844228661 ], [ 80.565788004582259, 7.353609779917914 ], [ 80.565673749291165, 7.353457046471867 ], [ 80.565672403227154, 7.353455246287448 ], [ 80.565668426588388, 7.353449931671327 ], [ 80.565617286674168, 7.353372680635177 ], [ 80.565584690991628, 7.353349334440643 ], [ 80.565537162187383, 7.35329577859171 ], [ 80.565493528662472, 7.353237609939399 ], [ 80.56548196938148, 7.353150301814887 ], [ 80.565479088361073, 7.353128543062288 ], [ 80.565519762330268, 7.352937756316812 ], [ 80.565527240971207, 7.352806252366646 ], [ 80.565529444024378, 7.352767481646227 ], [ 80.565529141122482, 7.35276634118466 ], [ 80.565508198162959, 7.352687983906228 ], [ 80.56540463172648, 7.352571279015451 ], [ 80.565311018048462, 7.352475921110881 ], [ 80.5652847519261, 7.352443364891156 ], [ 80.565273358323935, 7.352429241636087 ], [ 80.565208261284198, 7.35237115418894 ], [ 80.565204316064467, 7.352289766459238 ], [ 80.565211039937324, 7.352239488873947 ], [ 80.565232618589079, 7.352201067291587 ], [ 80.565276317114126, 7.352115541313101 ], [ 80.565295628094759, 7.352078113387258 ], [ 80.565348282896025, 7.352025508045484 ], [ 80.565385100820279, 7.351936543391248 ], [ 80.565387795033558, 7.351793664741788 ], [ 80.56539050727946, 7.351618324530434 ], [ 80.565463422073449, 7.351434516028204 ], [ 80.565525114101149, 7.351383238802026 ], [ 80.565536756045432, 7.351354733579876 ], [ 80.565564013686796, 7.351205363664017 ], [ 80.565592190099849, 7.35099766336483 ], [ 80.565649611349656, 7.350898158825164 ], [ 80.565748241045284, 7.350855030356999 ], [ 80.565740378013601, 7.350850967273352 ], [ 80.565607142100077, 7.350791674109728 ], [ 80.565434697085124, 7.350736987955848 ], [ 80.565172287851126, 7.350770004292432 ], [ 80.564880828211486, 7.350724472154194 ], [ 80.56452901970728, 7.350610141315642 ], [ 80.564284270846869, 7.350472686395729 ], [ 80.564061748116742, 7.350278392295056 ], [ 80.563856261531498, 7.350095646802457 ], [ 80.563622713541093, 7.349896533693126 ], [ 80.563457114057186, 7.349923840886411 ], [ 80.563281318310985, 7.349946979789818 ], [ 80.562950119408498, 7.349940532076806 ], [ 80.56274953605805, 7.349940650938735 ], [ 80.56258925461303, 7.349963671258789 ], [ 80.562577167366143, 7.349803577718284 ], [ 80.56261571655034, 7.349693857777646 ], [ 80.562699652978239, 7.349515379485863 ], [ 80.562701405600976, 7.349513627791917 ], [ 80.5627602780432, 7.349456485231076 ], [ 80.562797740779189, 7.349400580402457 ], [ 80.562813187008246, 7.349366641330302 ], [ 80.56279609969998, 7.349305322730951 ], [ 80.562798887741337, 7.349155390626801 ], [ 80.562800651526828, 7.34906386841926 ], [ 80.5628012125201, 7.349034758444929 ], [ 80.56280096289349, 7.348990356413726 ], [ 80.562792135668417, 7.348886811050651 ], [ 80.562777700542796, 7.348770419280056 ], [ 80.562770402832328, 7.34869038728389 ], [ 80.562724064942557, 7.34860671679934 ], [ 80.562704978258296, 7.348559412046849 ], [ 80.56264684790419, 7.348515797224542 ], [ 80.562528565461008, 7.348432492150207 ], [ 80.562527869149477, 7.348432001689121 ], [ 80.562443633144028, 7.34836788301882 ], [ 80.562401739701968, 7.348335995601513 ], [ 80.562348101276072, 7.348311102746359 ], [ 80.562309282675713, 7.348293086902433 ], [ 80.562193016586136, 7.348217428539497 ], [ 80.562098480049926, 7.348159146652137 ], [ 80.561950422976096, 7.348087183380674 ], [ 80.561839858257542, 7.348022290601557 ], [ 80.56165695570283, 7.347888453915333 ], [ 80.561504910606317, 7.347814679093225 ], [ 80.561457615464363, 7.347799232749738 ], [ 80.561244540582962, 7.347729639925436 ], [ 80.561078348866829, 7.347690311010044 ], [ 80.560836240111058, 7.34767925099673 ], [ 80.560661793028004, 7.347668405142179 ], [ 80.560596881504367, 7.347669684266121 ], [ 80.560536521567727, 7.347670874235524 ], [ 80.560355737108708, 7.347651796107909 ], [ 80.560313378560366, 7.347583769838504 ], [ 80.560298828038185, 7.347518293507972 ], [ 80.560311268957477, 7.347454454289509 ], [ 80.560384517961666, 7.34733349635576 ], [ 80.560396705449705, 7.347312385066494 ], [ 80.560447883091001, 7.347223745133328 ], [ 80.560444563330961, 7.34716198182852 ], [ 80.560350141137121, 7.347057307369662 ], [ 80.5602284333131, 7.34695264145628 ], [ 80.560212521773494, 7.346938959007699 ], [ 80.560132486753545, 7.34686865473641 ], [ 80.560132486491298, 7.346869197314756 ], [ 80.560107051994564, 7.346834097415336 ], [ 80.560071485754904, 7.346768427378359 ], [ 80.560060394867037, 7.346666508614859 ], [ 80.560061421322004, 7.346608000159697 ], [ 80.560076665995439, 7.346547147382423 ], [ 80.560092879099628, 7.346527188306616 ], [ 80.560090754848758, 7.346516364651062 ], [ 80.559903791465004, 7.34640222091538 ], [ 80.559862257207712, 7.346400015197095 ], [ 80.559776007615525, 7.346620103098174 ], [ 80.559761756173316, 7.346855693736535 ], [ 80.55969733593831, 7.347043504209056 ], [ 80.559462138605056, 7.346926107755976 ], [ 80.559246113738936, 7.346652478664064 ], [ 80.55909003219935, 7.346351627489367 ], [ 80.559061054472096, 7.34631267893669 ], [ 80.558879078970733, 7.346128938851792 ], [ 80.558568152980286, 7.345777301264295 ], [ 80.558549370810638, 7.345767995973949 ], [ 80.558220986474197, 7.345683972880958 ], [ 80.557973257102319, 7.345733466705964 ], [ 80.55705346802209, 7.346550217294493 ], [ 80.55698004214436, 7.346913963929873 ], [ 80.556820669807408, 7.347116501941657 ], [ 80.556626496530967, 7.347235774154622 ], [ 80.556380372552283, 7.347383791035305 ], [ 80.556233003069821, 7.347428229190519 ], [ 80.555973696595757, 7.347448475745918 ], [ 80.555803581625341, 7.347592938654635 ], [ 80.555729521513086, 7.347890349100552 ], [ 80.555745215037945, 7.348224624832191 ], [ 80.555690198996089, 7.348675897213252 ], [ 80.555406278636696, 7.34902868024138 ], [ 80.555390232043351, 7.349039179367201 ], [ 80.555358020157669, 7.349060257136754 ], [ 80.55500428551062, 7.349218329330293 ], [ 80.554610986961507, 7.349363536145599 ], [ 80.554602720888411, 7.349416302313531 ], [ 80.55458391525238, 7.349448709354152 ], [ 80.554570718488762, 7.34947144951837 ], [ 80.55448648891938, 7.349637346377047 ], [ 80.554457233363308, 7.349819185133057 ], [ 80.554404095092394, 7.349936900126061 ], [ 80.554385123376264, 7.350022797145911 ], [ 80.554385087285269, 7.350095502606218 ], [ 80.554385168165751, 7.350096792173729 ], [ 80.554392185919241, 7.350208634575973 ], [ 80.554395517608569, 7.350430821992862 ], [ 80.554369583651194, 7.350488232018655 ], [ 80.554282305073244, 7.350590012660291 ], [ 80.554266599587152, 7.350632099908873 ], [ 80.554243033188982, 7.350695253383797 ], [ 80.554276792598444, 7.350708278409547 ], [ 80.554305552125101, 7.350719373901119 ], [ 80.554318133180686, 7.350738234720084 ], [ 80.554403026905476, 7.350782312376388 ], [ 80.554428103045325, 7.350819901938875 ], [ 80.554485105040925, 7.350914859613758 ], [ 80.554542090940473, 7.351047786894582 ], [ 80.554542015586421, 7.351199673478751 ], [ 80.554541874295069, 7.351484457317129 ], [ 80.554541761246938, 7.351712306630924 ], [ 80.554541732996839, 7.351769243864779 ], [ 80.554541697276321, 7.351841236734378 ], [ 80.554541591693933, 7.352054028600215 ], [ 80.554541488068011, 7.352262871400412 ], [ 80.554541357081902, 7.352528671325535 ], [ 80.554536138161126, 7.352783736535491 ], [ 80.554631126056577, 7.352777407310001 ], [ 80.554700149465404, 7.352771111351426 ], [ 80.554820079839715, 7.352765294488897 ], [ 80.554884215620362, 7.352753478067695 ], [ 80.554916280474899, 7.352751867071061 ], [ 80.554946175988377, 7.35274654647948 ], [ 80.555059663936532, 7.352758086160009 ], [ 80.55511446143754, 7.352763720741253 ], [ 80.555128046716717, 7.352766892482164 ], [ 80.55519169131459, 7.352779356147046 ], [ 80.555215537547838, 7.352784026843927 ], [ 80.555247683690084, 7.352803033833762 ], [ 80.555316430464913, 7.352810300289235 ], [ 80.555403113522132, 7.352812422887482 ], [ 80.555425303271676, 7.352816684919288 ], [ 80.555538523460143, 7.352822075128307 ], [ 80.555737356575108, 7.352799205650977 ], [ 80.555758645256546, 7.352792070368485 ], [ 80.555777144380315, 7.352778868593195 ], [ 80.555818539065427, 7.352749327483116 ], [ 80.555894352026613, 7.352708609901653 ], [ 80.555910048088137, 7.35270017871784 ], [ 80.55600245967149, 7.352657540410609 ], [ 80.556074760527537, 7.352619324166001 ], [ 80.556158661548437, 7.352570624664076 ], [ 80.556253789009773, 7.352529073697503 ], [ 80.556305439018885, 7.352492112390648 ], [ 80.55634123034659, 7.352462741201614 ], [ 80.556353400417009, 7.352450093343596 ], [ 80.556377594732893, 7.352430301106573 ], [ 80.556471088671231, 7.352396798438773 ], [ 80.556642592572558, 7.352323184994187 ], [ 80.556783916607628, 7.352280571383892 ], [ 80.556889188092853, 7.352242282522568 ], [ 80.557013744074752, 7.352221907244877 ], [ 80.55711492863243, 7.352207579298701 ], [ 80.55717906502727, 7.352197936475412 ], [ 80.55723717371427, 7.352187641412818 ], [ 80.557343477267082, 7.352168807994522 ], [ 80.557494577571305, 7.352144285776515 ], [ 80.557604721974087, 7.3521414475683 ], [ 80.557746841995751, 7.352136003362081 ], [ 80.557928453581269, 7.352137810913321 ], [ 80.558155533131156, 7.352143169080874 ], [ 80.558261266390048, 7.35208453433637 ], [ 80.558412869817019, 7.351953124128475 ], [ 80.558519240713991, 7.35189068796502 ], [ 80.558634851171689, 7.351828982411006 ], [ 80.558727380811845, 7.351764375494149 ], [ 80.558773846322225, 7.351731931959473 ], [ 80.558867717862711, 7.351668224534579 ], [ 80.559013963990623, 7.351563215184006 ], [ 80.559162636810584, 7.351498904854362 ], [ 80.559291121735299, 7.35140591486602 ], [ 80.55944949520574, 7.351323431853715 ], [ 80.559577510320295, 7.351274447369112 ], [ 80.559773645675335, 7.351467398874978 ], [ 80.560080995652257, 7.351628533788644 ], [ 80.560875293921754, 7.352203266030465 ], [ 80.562019189416901, 7.352897116298783 ], [ 80.562461956811219, 7.35347498107104 ], [ 80.562906061943863, 7.353856331399823 ], [ 80.563065544706916, 7.353993278114634 ], [ 80.563428694223617, 7.353974394447245 ], [ 80.563794746004817, 7.354153309728718 ], [ 80.564284483105467, 7.354263916543168 ] ] ] ] } },
{ "type": "Feature", "properties": { "GND_N": "Diyapalagoda2", "GND_NO": "359", "GND_C": "260", "PROVINCE_N": "CENTRAL", "PROVINCE_C": "2", "DISTRICT_N": "KANDY", "DISTRICT_C": "1", "DSD_N": "TUMPANE", "DSD_C": "03", "Admin_Code": "2103260", "GND_NO_Cen": "359", "GND_NAME_C": "Diyapalagoda", "GND_NO_Gaz": "359", "GND_NAME_G": "දියපලාගag", "shape_1": "Polygon", "Area__Ha_": 34.866454906900003, "MWS_ID": "115-1", "Alt_MWS": null, "Area": 0.34866454907, "Tot_Pop": 512.0, "Density": 1468.4601614000001 }, "geometry": { "type": "MultiPolygon", "coordinates": [ [ [ [ 80.546357987099327, 7.353219648499265 ], [ 80.546433841868051, 7.353208571785689 ], [ 80.546778857724874, 7.353514786864528 ], [ 80.547041031898814, 7.353632629656787 ], [ 80.547130199693825, 7.353715837962062 ], [ 80.547160166070086, 7.353752774797796 ], [ 80.547381463357027, 7.353931829125177 ], [ 80.547605653693836, 7.354106021516944 ], [ 80.548011999804643, 7.354424188304168 ], [ 80.548251804170263, 7.354203682828004 ], [ 80.548531010448954, 7.353908161425777 ], [ 80.54853570913167, 7.35389860901631 ], [ 80.548536890743506, 7.353899484975666 ], [ 80.548555686070685, 7.353913414360356 ], [ 80.548621614506956, 7.353941120225559 ], [ 80.548718987007362, 7.353943158216143 ], [ 80.548768362397055, 7.353943619150188 ], [ 80.548865096568193, 7.354009224308052 ], [ 80.549024296291734, 7.354033321354602 ], [ 80.54927123806992, 7.354091767278105 ], [ 80.549639707824454, 7.354151096536266 ], [ 80.549858318499048, 7.354268283579088 ], [ 80.550017084575288, 7.354345893615778 ], [ 80.550328286026385, 7.354541071198832 ], [ 80.550666693798618, 7.35432087814945 ], [ 80.551868631957504, 7.354142454291694 ], [ 80.552098342557244, 7.354054400309126 ], [ 80.552156657101207, 7.353753592563431 ], [ 80.552200873108475, 7.353468667154523 ], [ 80.552226069247098, 7.353461949972155 ], [ 80.552098319548662, 7.353320398030004 ], [ 80.551996329172354, 7.352941714357793 ], [ 80.551695514559341, 7.352618941439052 ], [ 80.551443427195451, 7.352463775225288 ], [ 80.551218211255488, 7.352383914107879 ], [ 80.550874209632539, 7.352285548236666 ], [ 80.550615593509406, 7.352141777850899 ], [ 80.550532543169538, 7.351828800557376 ], [ 80.550477838001257, 7.351601352339911 ], [ 80.550471345628168, 7.351423256877843 ], [ 80.550415481457549, 7.351239965780084 ], [ 80.550329079838662, 7.351011518605811 ], [ 80.550073439776369, 7.350931089983979 ], [ 80.549762108444909, 7.350870390165109 ], [ 80.549527869426072, 7.350781318832017 ], [ 80.549530051729704, 7.350652238819039 ], [ 80.549474355002758, 7.350495127085705 ], [ 80.547729884938491, 7.350353050896635 ], [ 80.54772224451898, 7.350417070296603 ], [ 80.547727938418518, 7.350501833821212 ], [ 80.547729255373241, 7.350521430599235 ], [ 80.547745425097403, 7.350610692007503 ], [ 80.54776268165962, 7.35069308221922 ], [ 80.547771482895612, 7.35076095597036 ], [ 80.547734189181327, 7.350721613629122 ], [ 80.54753076179118, 7.350507017997981 ], [ 80.54739206774606, 7.350360710721756 ], [ 80.547030951220179, 7.34996182644257 ], [ 80.546422527678217, 7.349733687467366 ], [ 80.546099181475341, 7.349847435867698 ], [ 80.545763368474582, 7.349791458353313 ], [ 80.545603841141499, 7.349764866881194 ], [ 80.545445511346514, 7.349706561387665 ], [ 80.545418095175449, 7.349699403334308 ], [ 80.545089722517986, 7.349564550988381 ], [ 80.544952772373904, 7.349645664493258 ], [ 80.54475048018675, 7.349885350586828 ], [ 80.54447565820071, 7.350152669663289 ], [ 80.544331346813436, 7.350414641151431 ], [ 80.544089956940496, 7.350632819708849 ], [ 80.543886962815847, 7.350969959218234 ], [ 80.543804882881332, 7.351184848014118 ], [ 80.543782856897352, 7.351625343739459 ], [ 80.543692438150387, 7.351848847027202 ], [ 80.543688089482174, 7.351854035432043 ], [ 80.543485308921859, 7.352254206987683 ], [ 80.543324044536405, 7.352439487678641 ], [ 80.543460139029591, 7.35297366375782 ], [ 80.543636355996014, 7.353396185460552 ], [ 80.543776148160418, 7.353958983430702 ], [ 80.543914126966811, 7.354395215119391 ], [ 80.544117353407003, 7.354741872049427 ], [ 80.544410091873274, 7.354557534498269 ], [ 80.544849354676018, 7.354289372722508 ], [ 80.545517591663682, 7.353802828741596 ], [ 80.545665119953924, 7.353672536783847 ], [ 80.545865972163469, 7.353515720236352 ], [ 80.546077373063611, 7.353330787202209 ], [ 80.546342456707663, 7.353222606625972 ], [ 80.546357987099327, 7.353219648499265 ] ] ] ] } },
{ "type": "Feature", "properties": { "GND_N": "Ethamulla", "GND_NO": "362", "GND_C": "085", "PROVINCE_N": "CENTRAL", "PROVINCE_C": "2", "DISTRICT_N": "KANDY", "DISTRICT_C": "1", "DSD_N": "TUMPANE", "DSD_C": "03", "Admin_Code": "2103085", "GND_NO_Cen": "362", "GND_NAME_C": "Ethamulla", "GND_NO_Gaz": "362", "GND_NAME_G": "ඇතාමුල්la", "shape_1": "Polygon", "Area__Ha_": 68.600623805599994, "MWS_ID": "115-1", "Alt_MWS": null, "Area": 0.68600623806000005, "Tot_Pop": 793.0, "Density": 1155.96616475 }, "geometry": { "type": "MultiPolygon", "coordinates": [ [ [ [ 80.540705078526415, 7.364922325441016 ], [ 80.540711050923747, 7.36437095967514 ], [ 80.540725377973061, 7.363048434873435 ], [ 80.540726703483216, 7.362926012930431 ], [ 80.540726892874716, 7.362908706619921 ], [ 80.540766465080836, 7.362932543871674 ], [ 80.540822337727832, 7.36296422451011 ], [ 80.540892345209954, 7.362987954771422 ], [ 80.540968704002879, 7.3629846481112 ], [ 80.541047253184601, 7.362960453358815 ], [ 80.541147998927968, 7.362921351179613 ], [ 80.541244668371121, 7.362884234479285 ], [ 80.541336163638647, 7.36286809741538 ], [ 80.54141750560143, 7.362865879351827 ], [ 80.541492729295896, 7.362893745791673 ], [ 80.541462213152684, 7.362655083439897 ], [ 80.541266878572699, 7.362482232444632 ], [ 80.540942966040959, 7.362220833901036 ], [ 80.540971066054823, 7.361901234396673 ], [ 80.541321823876189, 7.361209292319844 ], [ 80.541799115049201, 7.360433105965373 ], [ 80.542056808617232, 7.359700569456241 ], [ 80.542657211536536, 7.359274162049611 ], [ 80.543140713796063, 7.359263102117269 ], [ 80.543697972907665, 7.359604831355005 ], [ 80.543983142155923, 7.359775850582932 ], [ 80.54443145605903, 7.360293739869183 ], [ 80.544686378966603, 7.360554627316231 ], [ 80.544694114964003, 7.360562543906361 ], [ 80.544715671676883, 7.36055486039785 ], [ 80.544789166228114, 7.360519459935206 ], [ 80.544790509872882, 7.360518812249455 ], [ 80.544809445927257, 7.360509692264016 ], [ 80.544885100501787, 7.360471389207005 ], [ 80.544922026859211, 7.360456803902976 ], [ 80.544966729328337, 7.360439148909826 ], [ 80.545054240549561, 7.360418937867054 ], [ 80.5451415580999, 7.360422872315077 ], [ 80.545210665345323, 7.360435567214299 ], [ 80.545265596220602, 7.360445780637094 ], [ 80.545267725563349, 7.360446176008466 ], [ 80.545271801684379, 7.360446178110908 ], [ 80.545294804988117, 7.360452430521971 ], [ 80.545345791564074, 7.360473978155896 ], [ 80.545404841987818, 7.360489563395796 ], [ 80.545464982590701, 7.360497191384744 ], [ 80.545541249047048, 7.360499941762262 ], [ 80.545606469383131, 7.360500608365456 ], [ 80.54569388108068, 7.360492424283522 ], [ 80.545766264755372, 7.36047509996412 ], [ 80.545832762748617, 7.360453792797517 ], [ 80.545886122674432, 7.360438267261765 ], [ 80.545900527349801, 7.360433661857246 ], [ 80.545893670231379, 7.360418205718807 ], [ 80.545888783664722, 7.360407189783356 ], [ 80.545862889658324, 7.360348820428722 ], [ 80.545841967274924, 7.360315685299535 ], [ 80.545805598156903, 7.360258088246768 ], [ 80.545747025493696, 7.360194396563736 ], [ 80.545706264658023, 7.360172648060382 ], [ 80.545653210015175, 7.360144340694069 ], [ 80.545561198239, 7.360111376025635 ], [ 80.54547516387666, 7.360078415323223 ], [ 80.545371100598288, 7.360050329413387 ], [ 80.545329550735389, 7.360039287335017 ], [ 80.545293031018943, 7.360029581683647 ], [ 80.54522620677092, 7.359984783658272 ], [ 80.545152600041689, 7.359916923478632 ], [ 80.545108068455477, 7.359851338130095 ], [ 80.54509090213125, 7.359762980450829 ], [ 80.545083512057715, 7.359695787440182 ], [ 80.545058282303231, 7.359614386868387 ], [ 80.545023178385676, 7.359557492141896 ], [ 80.545014748813259, 7.359543829302271 ], [ 80.544977373889267, 7.359473274912276 ], [ 80.544929049308834, 7.359387614024406 ], [ 80.544897754377928, 7.35929915770638 ], [ 80.544898709233294, 7.359208004253026 ], [ 80.544920581692566, 7.359124007350755 ], [ 80.544965646698941, 7.359032244572999 ], [ 80.545001185961837, 7.358974308396512 ], [ 80.545018771556556, 7.35894564043835 ], [ 80.545020405877082, 7.358943401340694 ], [ 80.546524391744725, 7.358982822147028 ], [ 80.547610861122735, 7.358971095014664 ], [ 80.547998967078613, 7.358998339557959 ], [ 80.54836534090559, 7.358736701593608 ], [ 80.548710194802325, 7.358516700653838 ], [ 80.548818197014839, 7.358260831504894 ], [ 80.548926022071868, 7.357968382541832 ], [ 80.549241523274333, 7.357248324724647 ], [ 80.549330650260785, 7.3570308323337 ], [ 80.54943276017417, 7.356912776598055 ], [ 80.549523470869531, 7.356772719866293 ], [ 80.549530145691932, 7.356678166391498 ], [ 80.54952583770131, 7.356674632933905 ], [ 80.549488371148342, 7.35660516491069 ], [ 80.549473869084835, 7.356555709737107 ], [ 80.549468026842575, 7.356535794172435 ], [ 80.549442989313135, 7.356431335259813 ], [ 80.549411693057948, 7.356345863402452 ], [ 80.549359193241841, 7.356274217446161 ], [ 80.549352795883777, 7.356268310055095 ], [ 80.549231897973002, 7.356156685764495 ], [ 80.549168440039907, 7.356082951639935 ], [ 80.549152799708182, 7.35606325356248 ], [ 80.54911385458513, 7.35601419834777 ], [ 80.549062446364815, 7.355933599472508 ], [ 80.549019192393601, 7.35584893539288 ], [ 80.548980022616931, 7.355748357763352 ], [ 80.548979959641812, 7.355726151827954 ], [ 80.548979792156118, 7.355667242255413 ], [ 80.549006734548641, 7.355586321387346 ], [ 80.549034679671564, 7.355496448490614 ], [ 80.549036139906789, 7.355473118382447 ], [ 80.549036529643388, 7.355419222511167 ], [ 80.54902833075495, 7.355333038901149 ], [ 80.549010171705405, 7.355241605320619 ], [ 80.548969817208899, 7.355157032231526 ], [ 80.548961348782882, 7.355144875096221 ], [ 80.548926279406231, 7.35509452326221 ], [ 80.548891306001423, 7.355051387760049 ], [ 80.548864813662902, 7.355018712938725 ], [ 80.548796184772272, 7.354960983092255 ], [ 80.548781027891891, 7.354954318872784 ], [ 80.548731460359875, 7.354932523677207 ], [ 80.548726181669409, 7.354930202381074 ], [ 80.548645316026281, 7.3548892862135 ], [ 80.548563266335762, 7.354859404559741 ], [ 80.548529014979735, 7.354853426938545 ], [ 80.548466082406833, 7.354842443021078 ], [ 80.548384027000964, 7.35482558229668 ], [ 80.548309041578463, 7.354795792810101 ], [ 80.548299798471561, 7.354791229550325 ], [ 80.548249093148812, 7.354766192725323 ], [ 80.54818226783793, 7.354724380226878 ], [ 80.548143425332512, 7.354692980467368 ], [ 80.548103588030088, 7.354658506494615 ], [ 80.548054782523124, 7.354623937522411 ], [ 80.548007877905178, 7.354595427394958 ], [ 80.547993549535306, 7.354596469985607 ], [ 80.547959687009907, 7.35459893050967 ], [ 80.547912400621811, 7.354608491961782 ], [ 80.547855057654971, 7.354618953484526 ], [ 80.547789743642781, 7.354631307246073 ], [ 80.547786073954185, 7.354631932957043 ], [ 80.548011999804643, 7.354424188304168 ], [ 80.547605653693836, 7.354106021516944 ], [ 80.547381463357027, 7.353931829125177 ], [ 80.547160166070086, 7.353752774797796 ], [ 80.547130199693825, 7.353715837962062 ], [ 80.547041031898814, 7.353632629656787 ], [ 80.546778857724874, 7.353514786864528 ], [ 80.546433841868051, 7.353208571785689 ], [ 80.546357987099327, 7.353219648499265 ], [ 80.546342456707663, 7.353222606625972 ], [ 80.546077373063611, 7.353330787202209 ], [ 80.545865972163469, 7.353515720236352 ], [ 80.545665119953924, 7.353672536783847 ], [ 80.545517591663682, 7.353802828741596 ], [ 80.544849354676018, 7.354289372722508 ], [ 80.544410091873274, 7.354557534498269 ], [ 80.544117353407003, 7.354741872049427 ], [ 80.544041809068872, 7.354789441394063 ], [ 80.542578648157019, 7.355683480934303 ], [ 80.541944628914038, 7.356444534541232 ], [ 80.541725083387732, 7.356684961501782 ], [ 80.541448950599047, 7.357192471433072 ], [ 80.541155653830785, 7.357872500959401 ], [ 80.540660067339289, 7.358442550146195 ], [ 80.540176558915164, 7.358992863416549 ], [ 80.539665481192941, 7.35948676786296 ], [ 80.539278937377901, 7.359825929406379 ], [ 80.539012134866866, 7.360176943343058 ], [ 80.537495670792197, 7.361312630754187 ], [ 80.536816416874757, 7.361747900641002 ], [ 80.536788638645561, 7.361774620376392 ], [ 80.536068362472079, 7.362624731628504 ], [ 80.536788670760728, 7.363345251314636 ], [ 80.537371652105534, 7.363505913353717 ], [ 80.537465612926312, 7.363634205235031 ], [ 80.537428089524681, 7.36363793533035 ], [ 80.537352627847184, 7.363652182931443 ], [ 80.537277970641625, 7.363686506307042 ], [ 80.537217347484415, 7.363732050427024 ], [ 80.537183714718537, 7.363782762533394 ], [ 80.537157956489906, 7.363844694818693 ], [ 80.537127023241354, 7.363930495022877 ], [ 80.537118477657671, 7.363986555867039 ], [ 80.537117714859491, 7.36405772531444 ], [ 80.537160252911576, 7.364123217214736 ], [ 80.537232729807144, 7.364100921634906 ], [ 80.537303501945104, 7.364046518125281 ], [ 80.537364832435713, 7.364035069022092 ], [ 80.537440005990888, 7.364049847341201 ], [ 80.537505129564778, 7.364059557137602 ], [ 80.537559098827913, 7.364088165272086 ], [ 80.537611794120082, 7.364132773323977 ], [ 80.537657993355339, 7.364129180770649 ], [ 80.537710452629199, 7.364103616265831 ], [ 80.537776678305065, 7.364061331432516 ], [ 80.53785669476612, 7.364239752657281 ], [ 80.537962885341216, 7.364369571073309 ], [ 80.538077214280051, 7.364456074428202 ], [ 80.538221047006772, 7.364470314921202 ], [ 80.538603446841634, 7.364495534548849 ], [ 80.538795749331769, 7.364488239473848 ], [ 80.539364711715876, 7.364587803667245 ], [ 80.539736004684244, 7.364674493176288 ], [ 80.540014357963017, 7.364736802360332 ], [ 80.540380060163329, 7.364870411383247 ], [ 80.540452262809325, 7.36488194392965 ], [ 80.540705078526415, 7.364922325441016 ] ] ] ] } },
{ "type": "Feature", "properties": { "GND_N": "Ban Anga", "GND_NO": "363", "GND_C": "080", "PROVINCE_N": "CENTRAL", "PROVINCE_C": "2", "DISTRICT_N": "KANDY", "DISTRICT_C": "1", "DSD_N": "TUMPANE", "DSD_C": "03", "Admin_Code": "2103080", "GND_NO_Cen": "363", "GND_NAME_C": "Ban Anga", "GND_NO_Gaz": "363", "GND_NAME_G": "බාංඅංග", "shape_1": "Polygon", "Area__Ha_": 49.096474214399997, "MWS_ID": "115-1", "Alt_MWS": null, "Area": 0.49096474214000002, "Tot_Pop": 507.0, "Density": 1032.6607116099999 }, "geometry": { "type": "MultiPolygon", "coordinates": [ [ [ [ 80.547218768359983, 7.364863998779785 ], [ 80.547219383106238, 7.364836359288042 ], [ 80.547225128663911, 7.364762301292356 ], [ 80.54723504481295, 7.364677213923718 ], [ 80.547244775945288, 7.364603154349256 ], [ 80.547261569929177, 7.364532178419893 ], [ 80.547266835575343, 7.36450893980272 ], [ 80.547274738529737, 7.364474165526435 ], [ 80.54727718431306, 7.364463406559674 ], [ 80.547278365440988, 7.364458214696341 ], [ 80.547302037418845, 7.364399267611321 ], [ 80.547335765350311, 7.36433752144592 ], [ 80.547375564374235, 7.364269807315488 ], [ 80.547421624021069, 7.364185101042489 ], [ 80.547461986536518, 7.364129549068296 ], [ 80.547464317931613, 7.364126340913418 ], [ 80.547496053191793, 7.364062516547428 ], [ 80.547507773037538, 7.363994518571814 ], [ 80.547507826311346, 7.363989548588107 ], [ 80.547508632181632, 7.363912408027635 ], [ 80.547509393435718, 7.363839250868092 ], [ 80.547521115867951, 7.363766190643346 ], [ 80.547524657945075, 7.363747834339529 ], [ 80.547533111317492, 7.363703005470143 ], [ 80.547533830677963, 7.363699186995549 ], [ 80.547569551701841, 7.363638438360678 ], [ 80.547632351972112, 7.363582945757567 ], [ 80.547694063496607, 7.363534418381619 ], [ 80.547751693435018, 7.363492940613866 ], [ 80.547806242362171, 7.36345742781143 ], [ 80.547865222468417, 7.363411376787862 ], [ 80.547870944046281, 7.363406909771465 ], [ 80.547923686803784, 7.363355394513514 ], [ 80.547946586570447, 7.363332462393169 ], [ 80.547968275551227, 7.363310742315148 ], [ 80.547999012139726, 7.363252885752199 ], [ 80.548010541913683, 7.363203876974606 ], [ 80.548011021973721, 7.363150795039173 ], [ 80.548006612230665, 7.363094636908141 ], [ 80.547982997213296, 7.363044346004751 ], [ 80.547967346890331, 7.363003103026928 ], [ 80.547944819124538, 7.362948743343627 ], [ 80.547909154907629, 7.362902243430697 ], [ 80.547882359460459, 7.362869946392177 ], [ 80.547900671071574, 7.362842104317609 ], [ 80.54790912901413, 7.36283956213393 ], [ 80.547949048760188, 7.362827568015605 ], [ 80.548009284031266, 7.362826153664426 ], [ 80.54808347117401, 7.362828904369655 ], [ 80.548113159803663, 7.362831059968896 ], [ 80.54815934624267, 7.362834414930057 ], [ 80.548178757935304, 7.362835823765941 ], [ 80.548256113713776, 7.362836588414067 ], [ 80.548327405697222, 7.362827308657543 ], [ 80.548391193091774, 7.362784232428163 ], [ 80.548396180389005, 7.3627808646549 ], [ 80.548423836118118, 7.362724992324932 ], [ 80.548424410927169, 7.362661872747615 ], [ 80.548395909131344, 7.362602536416134 ], [ 80.548391288110494, 7.362598168122495 ], [ 80.548365695044396, 7.362573975121555 ], [ 80.548327281004433, 7.362537664354123 ], [ 80.548280566066083, 7.362489077153973 ], [ 80.548266804357183, 7.362477949112431 ], [ 80.548213925973897, 7.362435329834227 ], [ 80.548125094185139, 7.362380392899986 ], [ 80.548113394688386, 7.362373438327006 ], [ 80.548058266705127, 7.362340660243682 ], [ 80.548044099543034, 7.362334182783835 ], [ 80.54797531401293, 7.362302727948414 ], [ 80.547893162837454, 7.362289845953607 ], [ 80.547808832429311, 7.362289079495497 ], [ 80.547716440191621, 7.362292107854336 ], [ 80.547661426162293, 7.362296887911331 ], [ 80.547612992220266, 7.362301096189594 ], [ 80.547528659376169, 7.362303314758823 ], [ 80.547401403034229, 7.362285978578223 ], [ 80.547301518011707, 7.362235918128637 ], [ 80.547228905568247, 7.362169054414827 ], [ 80.547178302103816, 7.362106450333882 ], [ 80.547144801934792, 7.362067152379585 ], [ 80.547125707222165, 7.36204475133302 ], [ 80.547098762047227, 7.362018480402051 ], [ 80.547055180981758, 7.361975988733746 ], [ 80.546989731700847, 7.361895110251762 ], [ 80.546912232646477, 7.361819200121442 ], [ 80.546851668380697, 7.361752523379245 ], [ 80.546780342138831, 7.361652562114089 ], [ 80.546709010601489, 7.361564718402714 ], [ 80.546662297476885, 7.36151314957675 ], [ 80.546597750392721, 7.36144131536758 ], [ 80.546571536054756, 7.361415465278704 ], [ 80.546536185860447, 7.361380604616985 ], [ 80.546467556099628, 7.361319801611595 ], [ 80.546410979958821, 7.361250141777603 ], [ 80.546363555553356, 7.361174517377027 ], [ 80.54631143455542, 7.361070768760842 ], [ 80.546268088993486, 7.360988184269655 ], [ 80.5461798296583, 7.360878085195787 ], [ 80.546118461827433, 7.360789252692294 ], [ 80.546063969279544, 7.360717604435908 ], [ 80.545995818945727, 7.360605708880158 ], [ 80.545954462664454, 7.360530086653996 ], [ 80.545934166445036, 7.360496432784984 ], [ 80.545922877999658, 7.360477711667664 ], [ 80.545900527349801, 7.360433661857246 ], [ 80.545886122674432, 7.360438267261765 ], [ 80.545832762748617, 7.360453792797517 ], [ 80.545766264755372, 7.36047509996412 ], [ 80.54569388108068, 7.360492424283522 ], [ 80.545606469383131, 7.360500608365456 ], [ 80.545541249047048, 7.360499941762262 ], [ 80.545464982590701, 7.360497191384744 ], [ 80.545404841987818, 7.360489563395796 ], [ 80.545345791564074, 7.360473978155896 ], [ 80.545294804988117, 7.360452430521971 ], [ 80.545271801684379, 7.360446178110908 ], [ 80.545267725563349, 7.360446176008466 ], [ 80.545265596220602, 7.360445780637094 ], [ 80.545210665345323, 7.360435567214299 ], [ 80.5451415580999, 7.360422872315077 ], [ 80.545054240549561, 7.360418937867054 ], [ 80.544966729328337, 7.360439148909826 ], [ 80.544922026859211, 7.360456803902976 ], [ 80.544885100501787, 7.360471389207005 ], [ 80.544809445927257, 7.360509692264016 ], [ 80.544790509872882, 7.360518812249455 ], [ 80.544789166228114, 7.360519459935206 ], [ 80.544715671676883, 7.36055486039785 ], [ 80.544694114964003, 7.360562543906361 ], [ 80.544686378966603, 7.360554627316231 ], [ 80.54443145605903, 7.360293739869183 ], [ 80.543983142155923, 7.359775850582932 ], [ 80.543697972907665, 7.359604831355005 ], [ 80.543140713796063, 7.359263102117269 ], [ 80.542657211536536, 7.359274162049611 ], [ 80.542056808617232, 7.359700569456241 ], [ 80.541799115049201, 7.360433105965373 ], [ 80.541321823876189, 7.361209292319844 ], [ 80.540971066054823, 7.361901234396673 ], [ 80.540942966040959, 7.362220833901036 ], [ 80.541266878572699, 7.362482232444632 ], [ 80.541462213152684, 7.362655083439897 ], [ 80.541492729295896, 7.362893745791673 ], [ 80.541495481514929, 7.362894765471856 ], [ 80.541543098265151, 7.362951308015671 ], [ 80.541549347728363, 7.362962826593524 ], [ 80.541583547853918, 7.363025844090737 ], [ 80.541602988947787, 7.363090150609674 ], [ 80.541620437788254, 7.363153461358322 ], [ 80.541650584712087, 7.363184946648212 ], [ 80.541662171851073, 7.363196978948842 ], [ 80.542124000850222, 7.364362409351992 ], [ 80.542193933772708, 7.364546064068844 ], [ 80.542599372172234, 7.36521857091437 ], [ 80.54275177592622, 7.365645046663714 ], [ 80.542806328716921, 7.366103532224518 ], [ 80.54287003161636, 7.366531920352035 ], [ 80.542811763177056, 7.36660794935897 ], [ 80.542751203971378, 7.366701152448832 ], [ 80.54271448343863, 7.366771304816592 ], [ 80.542710549097961, 7.366777209622113 ], [ 80.542667162542713, 7.366842358655625 ], [ 80.54261133064179, 7.36690635363489 ], [ 80.542606292867362, 7.366909077455563 ], [ 80.542548177240207, 7.366940503027716 ], [ 80.542527964139964, 7.366965994509965 ], [ 80.542505950994425, 7.367026396286596 ], [ 80.542491951364894, 7.367064814301189 ], [ 80.542466668847183, 7.367082524381091 ], [ 80.542440222583195, 7.367103246964266 ], [ 80.542352488825784, 7.367171990874313 ], [ 80.542287604116666, 7.367227298935243 ], [ 80.542265666189707, 7.367261650694838 ], [ 80.542256412697853, 7.36728687570191 ], [ 80.542223335093496, 7.367315885385014 ], [ 80.542145491444913, 7.367382039096334 ], [ 80.542108063323752, 7.367412496984046 ], [ 80.542107773093335, 7.367413198565507 ], [ 80.54210582763136, 7.367417922491681 ], [ 80.542098451207337, 7.367435821874677 ], [ 80.542076156042796, 7.367453534398829 ], [ 80.542057588662658, 7.367456800038798 ], [ 80.541992089182898, 7.367468320837513 ], [ 80.541957656053086, 7.367492900550506 ], [ 80.54192817583538, 7.367569387610024 ], [ 80.54189327590646, 7.367620372502678 ], [ 80.541879039103364, 7.367651471906953 ], [ 80.541852557788204, 7.36770257062569 ], [ 80.541835513810668, 7.367735458158406 ], [ 80.541769803400669, 7.367812107984312 ], [ 80.541705622628001, 7.367903046470601 ], [ 80.541653766071803, 7.367987752674545 ], [ 80.541646336398074, 7.367998344408933 ], [ 80.541608621459318, 7.368052114838944 ], [ 80.541563198759022, 7.368130221239515 ], [ 80.541535177691472, 7.368189528323113 ], [ 80.54150344775212, 7.368237618385852 ], [ 80.5414472951623, 7.368276934813644 ], [ 80.541105383459666, 7.368704144246837 ], [ 80.5406970946553, 7.369562598615627 ], [ 80.540533491826466, 7.370548118399105 ], [ 80.540363910139405, 7.371252227253545 ], [ 80.540371687403919, 7.371362069774584 ], [ 80.540861421843928, 7.371150943371774 ], [ 80.540877304077625, 7.370683672489291 ], [ 80.541253510228998, 7.369887141782678 ], [ 80.541677134694055, 7.36909080466231 ], [ 80.542195781499601, 7.368446930375233 ], [ 80.542625431467542, 7.367959328202801 ], [ 80.543124646790133, 7.367831518657236 ], [ 80.543501616576762, 7.367695778498708 ], [ 80.545816233803592, 7.366850955486597 ], [ 80.546533040049439, 7.36661204557711 ], [ 80.546884320339529, 7.366510426480493 ], [ 80.547079795370891, 7.366430018981643 ], [ 80.547085715296092, 7.3661894811119 ], [ 80.547058697793091, 7.366060242485222 ], [ 80.547035556907929, 7.365966817769127 ], [ 80.547011324128107, 7.365879449466435 ], [ 80.546986001864923, 7.365804019118909 ], [ 80.546971448682484, 7.36574477937593 ], [ 80.546958170339295, 7.365672519328666 ], [ 80.546955757133105, 7.365609309615836 ], [ 80.546955429813892, 7.365541215060715 ], [ 80.546970040678559, 7.365488229900919 ], [ 80.547010741076249, 7.365429473324161 ], [ 80.547051155035774, 7.365402815485122 ], [ 80.547105604496011, 7.365383401909381 ], [ 80.547150002102683, 7.365358736456132 ], [ 80.547185626165003, 7.365309019318581 ], [ 80.547204221115123, 7.36525712134388 ], [ 80.54720906799659, 7.365170945324286 ], [ 80.547210021801973, 7.365075721639419 ], [ 80.54721595804584, 7.364979599825131 ], [ 80.547217622338209, 7.364915484284263 ], [ 80.547218768359983, 7.364863998779785 ] ] ] ] } }
]
}
