{
  "type": "FeatureCollection",
  "name": "MI",
  "crs": {
    "type": "name",
    "properties": {
      "name": "urn:ogc:def:crs:OGC:1.3:CRS84"
    }
  },
  "features": [
    {
      "type": "Feature",
      "properties": {
        "No": 1,
        "GND No.": "479A",
        "Scheme": " Udakurukula Canal",
        "N": 7.134302,
        "E": 80.793858,
        "Observation": "Canal seepages to the D/S side",
        "Description": "Canals reservation protection by concrete lining for 100mm thick, 0.3m wide and 0.3m high canal -double banking\n5.0m long canal over crossing with 0.30m Dia RCC Hume Pipes (for canal bed elevated 0.6m from the stream bed) \n2.5m long canal over crossing with 0.30m Dia RCC Hume Pipes (for canal bed elevated 0.6m from the stream bed) \nStream / canal reservation protection by earth filling of strip of 1.5m to 2m wide and average Depth of 0.5m, Turfing to new sloping soil surface (DAD D 01) or planting single row of vetiver grass with ecofriendly edible plants like Gotukola, Mukunuwenna, Thampala etc. including application of compost manure and 02 months maintenance\nVegetative cover improving (1.5m-2.0m wide) with Areca nut seedlings @ 1.5m spacing in two rows, Beetle creeper VP @ 3m spacing in a single row, Green gram as a cover crop including applying of compost manure, NPK fertilizer and maintenance",
        "Amount (Rs.)": "1,724,575",
        "photopath": "https://raw.githubusercontent.com/MWS003-GIS/MWS003-GIS.github.io/main/IWWRMP/Data/EXD/200_photo/MWS_019/ag5.1.jpg"
      },
      "geometry": {
        "type": "Point",
        "coordinates": [
          80.793858,
          7.134302
        ]
      }
    },
    {
      "type": "Feature",
      "properties": {
        "No": 2,
        "GND No.": "479A",
        "Scheme": " Yatale Canal",
        "N": 7.133967,
        "E": 80.793964,
        "Observation": "The canal is not in the operational condition",
        "Description": "The construction of elevated canal is not economical and therefore, this was not considered for rehabilitation",
        "Amount (Rs.)": "- ",
        "photopath": "https://raw.githubusercontent.com/MWS003-GIS/MWS003-GIS.github.io/main/IWWRMP/Data/EXD/200_photo/MWS_019/ag9.jpg"
      },
      "geometry": {
        "type": "Point",
        "coordinates": [
          80.793964,
          7.133967
        ]
      }
    },
    {
      "type": "Feature",
      "properties": {
        "No": 3,
        "GND No.": "479A",
        "Scheme": "Linda Mulla Canal",
        "N": 7.134182,
        "E": 80.790551,
        "Observation": "Canal is silted",
        "Description": "Removing silt from canal bed depth up to 9\"-18\"\nCanals reservation protection by concrete lining for 100mm thick, 0.3m wide and 0.3m high canal -double banking",
        "Amount (Rs.)": "186,853",
        "photopath": "https://raw.githubusercontent.com/MWS003-GIS/MWS003-GIS.github.io/main/IWWRMP/Data/EXD/200_photo/MWS_019/ag14.jpg"
      },
      "geometry": {
        "type": "Point",
        "coordinates": [
          80.790551,
          7.134182
        ]
      }
    },
    {
      "type": "Feature",
      "properties": {
        "No": 4,
        "GND No.": "479A",
        "Scheme": " Linda Mulla Canal",
        "N": 7.133767,
        "E": 80.789625,
        "Observation": " The pipe that distributes water has broken and water leakages can be noticed.",
        "Description": "Stream / canal reservation protection by earth filling of strip of 1.5m to 2m wide and average Depth of 0.5m, Turfing to new sloping soil surface (DAD D 01) or planting single row of vetiver grass with eco-friendly edible plants like Gotukola, Mukunuwenna, Thampala etc. including application of compost manure and 02 months maintenance\nVegetative cover improving (1.5m-2.0m wide) with Areca nut seedlings @ 1.5m spacing in two rows, Beetle creeper VP @ 3m spacing in a single row, Green gram as a cover crop including applying of compost manure, NPK fertilizer and maintenance",
        "Amount (Rs.)": "41,299",
        "photopath": "https://raw.githubusercontent.com/MWS003-GIS/MWS003-GIS.github.io/main/IWWRMP/Data/EXD/200_photo/MWS_019/ag15.jpg"
      },
      "geometry": {
        "type": "Point",
        "coordinates": [
          80.789625,
          7.133767
        ]
      }
    },
    {
      "type": "Feature",
      "properties": {
        "No": 5,
        "GND No.": "479A",
        "Scheme": " Innaliyadda Canal",
        "N": 7.132816,
        "E": 80.78984,
        "Observation": " The canal is not concreted",
        "Description": "Canal reservation protection by concrete lining for 100mm thick, 0.4m wide and 0.3m high canal -single banking\nVegetative cover improving (1.5m-2.0m wide) with Areca nut seedlings @ 1.5m spacing in two rows, Beetle creeper VP @ 3m spacing in a single row, green gram as a cover crop including applying of compost manure, NPK fertilizer and maintenance",
        "Amount (Rs.)": "495,250",
        "photopath": "https://raw.githubusercontent.com/MWS003-GIS/MWS003-GIS.github.io/main/IWWRMP/Data/EXD/200_photo/MWS_019/ag16.jpg"
      },
      "geometry": {
        "type": "Point",
        "coordinates": [
          80.78984,
          7.132816
        ]
      }
    },
    {
      "type": "Feature",
      "properties": {
        "No": 6,
        "GND No.": "479A",
        "Scheme": " Innaliyadda Canal",
        "N": 7.132043,
        "E": 80.791628,
        "Observation": "Canal seepages to the D/S side",
        "Description": "Stream / canal reservation protection by earth filling of strip of 1.5m to 2m wide and average Depth of 0.5m, turfing to new sloping soil surface (DAD D 01) or planting single row of vetiver grass with eco-friendly edible plants like Gotukola, Mukunuwenna, Thampala etc. including application of compost manure and 02 months maintenance\nVegetative cover improving (1.5m-2.0m wide) with Areca nut seedlings @ 1.5m spacing in two rows, Beetle creeper VP @ 3m spacing in a single row, Green gram as a cover crop including applying of compost manure, NPK fertilizer and maintenance",
        "Amount (Rs.)": "146,840",
        "photopath": "https://raw.githubusercontent.com/MWS003-GIS/MWS003-GIS.github.io/main/IWWRMP/Data/EXD/200_photo/MWS_019/ag14.jpg"
      },
      "geometry": {
        "type": "Point",
        "coordinates": [
          80.791628,
          7.132043
        ]
      }
    },
    {
      "type": "Feature",
      "properties": {
        "No": 7,
        "GND No.": "479A",
        "Scheme": " Pallethu Musalawa Anicut",
        "N": 7.131883,
        "E": 80.787631,
        "Observation": "No anicut ",
        "Description": "Construction of 8.0m long x 1.2m height anicut with 02 nos x 0.9m x 1.2m openings, supplying of 3\" thick CL I timber planks for each opening, supplying and fixing of 9\" Dia CI gate inclusive of all arrangements\nVegetative cover improving with Areca nut seedling @ 1.5m spacing in a single row, Kumbuk/ Mee/ Godapara/ Kaduru/ Aththikka/ Wal Del/ Kekuna/ randomly mixed seedlings and dense planting at 500mm grid interval, applying of compost manure, NPK fertilizer, mulching with straw/ banana tree skin and maintenance",
        "Amount (Rs.)": "488,400",
        "photopath": "https://raw.githubusercontent.com/MWS003-GIS/MWS003-GIS.github.io/main/IWWRMP/Data/EXD/200_photo/MWS_019/ag5.jpg"
      },
      "geometry": {
        "type": "Point",
        "coordinates": [
          80.787631,
          7.131883
        ]
      }
    },
    {
      "type": "Feature",
      "properties": {
        "No": 8,
        "GND No.": "479B",
        "Scheme": "Madanakka Canal",
        "N": 7.127,
        "E": 80.797411,
        "Observation": " The canal is not in the operational condition",
        "Description": "Canal reservation protection by concrete lining for 100mm thick, 0.4m wide and 0.3m high canal -single banking\nStream / canal reservation protection by earth filling of strip of 1.5m to 2m wide and average Depth of 0.5m, turfing to new sloping soil surface (DAD D 01) or planting single row of vetiver grass with eco-friendly edible plants like Gotukola, Mukunuwenna, Thampala etc. including application of compost manure and 02 months maintenance\nVegetative cover improving (1.5m-2.0m wide) with Areca nut seedlings @ 1.5m spacing in two rows, Beetle creeper VP @ 3m spacing in a single row, Green gram as a cover crop including applying of compost manure, NPK fertilizer and maintenance",
        "Amount (Rs.)": "159,013",
        "photopath": "https://raw.githubusercontent.com/MWS003-GIS/MWS003-GIS.github.io/main/IWWRMP/Data/EXD/200_photo/MWS_019/KA (02)4.jpg"
      },
      "geometry": {
        "type": "Point",
        "coordinates": [
          80.797411,
          7.127
        ]
      }
    },
    {
      "type": "Feature",
      "properties": {
        "No": 9,
        "GND No.": "479B",
        "Scheme": " Medde Arawa Canal",
        "N": 7.127521,
        "E": 80.798525,
        "Observation": "Canal seepages to the downstream side (L-400m) and overflowed",
        "Description": "Canal reservation protection by concrete lining for 100mm thick, 0.4m wide and 0.3m high canal -single banking\nStream / canal reservation protection by earth filling of strip of 1.5m to 2m wide and average Depth of 0.5m, Turfing to new sloping   soil surface (DAD D 01) or planting single row of vetiver grass with eco-friendly edible plants like Gotukola, Mukunuwenna, Thampala etc. including application of compost manure and 02 months maintenance\nVegetative cover improving (1.5m-2.0m wide) with Areca nut seedlings @ 1.5m spacing in two rows, Beetle creeper VP @ 3m spacing in a single row, Green gram as a cover crop including applying of compost manure, NPK fertilizer and maintenance",
        "Amount (Rs.)": "407,675",
        "photopath": "https://raw.githubusercontent.com/MWS003-GIS/MWS003-GIS.github.io/main/IWWRMP/Data/EXD/200_photo/MWS_019/KA (04)4.jpg"
      },
      "geometry": {
        "type": "Point",
        "coordinates": [
          80.798525,
          7.127521
        ]
      }
    },
    {
      "type": "Feature",
      "properties": {
        "No": 10,
        "GND No.": "479B",
        "Scheme": " Uraketiya Canal",
        "N": 7.127423,
        "E": 80.799115,
        "Observation": "Canal seepages to the D/S side and overflowing",
        "Description": "Canal reservation protection by concrete lining for 100mm thick, 0.4m wide and 0.3m high canal -single banking\nStream / canal reservation protection by earth filling of strip of 1.5m to 2m wide and average Depth of 0.5m, Turfing to new sloping   soil surface (DAD D 01) or planting single row of vetiver grass with eco-friendly edible plants like Gotukola, Mukunuwenna, Thampala etc. including application of compost manure and 02 months maintenance\nVegetative cover improving (1.5m-2.0m wide) with Areca nut seedlings @ 1.5m spacing in two rows, Beetle creeper VP @ 3m spacing in a single row, Green gram as a cover crop including applying of compost manure, NPK fertilizer and maintenance",
        "Amount (Rs.)": "362,850",
        "photopath": "https://raw.githubusercontent.com/MWS003-GIS/MWS003-GIS.github.io/main/IWWRMP/Data/EXD/200_photo/MWS_019/KA (04)2.1.jpg"
      },
      "geometry": {
        "type": "Point",
        "coordinates": [
          80.799115,
          7.127423
        ]
      }
    },
    {
      "type": "Feature",
      "properties": {
        "No": 11,
        "GND No.": "479B",
        "Scheme": "Welikada Canal",
        "N": 7.127996,
        "E": 80.792218,
        "Observation": "Canal seepages to the D/S side",
        "Description": "Canals reservation protection by concrete lining for 100mm thick, 0.3m wide and 0.3m high canal -double banking\nStream / canal reservation protection by earth filling of strip of 1.5m to 2m wide and average Depth of 0.5m, Turfing to new sloping   soil surface (DAD D 01) or planting single row of vetiver grass with eco-friendly edible plants like Gotukola, Mukunuwenna, Thampala etc. including application of compost manure and 02 months maintenance\nVegetative cover improving (1.5m-2.0m wide) with Areca nut seedlings @ 1.5m spacing in two rows, Beetle creeper VP @ 3m spacing in a single row, green gram as a cover crop including applying of compost manure, NPK fertilizer and maintenance",
        "Amount (Rs.)": "257,838",
        "photopath": "https://raw.githubusercontent.com/MWS003-GIS/MWS003-GIS.github.io/main/IWWRMP/Data/EXD/200_photo/MWS_019/KA (04)2.jpg"
      },
      "geometry": {
        "type": "Point",
        "coordinates": [
          80.792218,
          7.127996
        ]
      }
    },
    {
      "type": "Feature",
      "properties": {
        "No": 12,
        "GND No.": "479",
        "Scheme": " Beemaththala Canal",
        "N": 7.127961,
        "E": 80.79708,
        "Observation": "Canal seepages to the D/S side (L-500m) ",
        "Description": "Canals reservation protection by concrete lining for 100mm thick, 0.3m wide and 0.3m high canal -double banking\nStream / canal reservation protection by earth filling of strip of 1.5m to 2m wide and average Depth of 0.5m, turfing to new sloping   soil surface (DAD D 01) or planting single row of vetiver grass with eco-friendly edible plants like Gotukola, Mukunuwenna, Thampala etc. including application of compost manure and 02 months maintenance\nVegetative cover improving (1.5m-2.0m wide) with Areca nut seedlings @ 1.5m spacing in two rows, Beetle creeper VP @ 3m spacing in a single row, Green gram as a cover crop including applying of compost manure, NPK fertilizer and maintenance",
        "Amount (Rs.)": "378,013",
        "photopath": "https://raw.githubusercontent.com/MWS003-GIS/MWS003-GIS.github.io/main/IWWRMP/Data/EXD/200_photo/MWS_019/W (02)1.jpg"
      },
      "geometry": {
        "type": "Point",
        "coordinates": [
          80.79708,
          7.127961
        ]
      }
    },
    {
      "type": "Feature",
      "properties": {
        "No": 13,
        "GND No.": "479",
        "Scheme": "Arawe Canal",
        "N": 7.129741,
        "E": 80.796805,
        "Observation": "Canal seepages to the D/S side",
        "Description": "Canal reservation protection by concrete lining for 100mm thick, 0.4m wide and 0.3m high canal -single banking\nStream / canal reservation protection by earth filling of strip of 1.5m to 2m wide and average Depth of 0.5m, turfing to new sloping soil surface (DAD D 01) or planting single row of vetiver grass with eco-friendly edible plants like Gotukola, Mukunuwenna, Thampala etc. including application of compost manure and 02 months maintenance\nVegetative cover improving (1.5m-2.0m wide) with Areca nut seedlings @ 1.5m spacing in two rows, Beetle creeper VP @ 3m spacing in a single row, Green gram as a cover crop including applying of compost manure, NPK fertilizer and maintenance",
        "Amount (Rs.)": "203,838",
        "photopath": "https://raw.githubusercontent.com/MWS003-GIS/MWS003-GIS.github.io/main/IWWRMP/Data/EXD/200_photo/MWS_019/W (04)1.jpg"
      },
      "geometry": {
        "type": "Point",
        "coordinates": [
          80.796805,
          7.129741
        ]
      }
    },
    {
      "type": "Feature",
      "properties": {
        "No": 14,
        "GND No.": "479",
        "Scheme": "Arawa anicut & canal ",
        "N": 7.131485,
        "E": 80.793954,
        "Observation": "Canal seepages to the D/S side",
        "Description": "Canal reservation protection by concrete lining for 100mm thick, 0.4m wide and 0.3m high canal -single banking\nStream / canal reservation protection by earth filling of strip of 1.5m to 2m wide and average Depth of 0.5m, turfing to new sloping soil surface (DAD D 01) or planting single row of vetiver grass with eco-friendly edible plants like Gotukola, Mukunuwenna, Thampala etc. including application of compost manure and 02 months maintenance\nVegetative cover improving (1.5m-2.0m wide) with Areca nut seedlings @ 1.5m spacing in two rows, Beetle creeper VP @ 3m spacing in a single row, Green gram as a cover crop including applying of compost manure, NPK fertilizer and maintenance",
        "Amount (Rs.)": "249,725",
        "photopath": "https://raw.githubusercontent.com/MWS003-GIS/MWS003-GIS.github.io/main/IWWRMP/Data/EXD/200_photo/MWS_019/W (04)2.jpg"
      },
      "geometry": {
        "type": "Point",
        "coordinates": [
          80.793954,
          7.131485
        ]
      }
    },
    {
      "type": "Feature",
      "properties": {
        "No": 15,
        "GND No.": "479",
        "Scheme": " Arawa anicut",
        "N": 7.130867,
        "E": 80.795645,
        "Observation": "Anicut bund is not available",
        "Description": "Site preparation & other miscellaneous works\nConstruction of 8.0m long x 1.2m height anicut with 02 nos x 0.9m x 1.2m openings, supplying of 3\" thick CL I timber planks for each opening, supplying and fixing of 9\" Dia CI gate inclusive of all arrangements\nVegetative cover improving with Areca nut seedling @ 1.5m spacing in a single row, Kumbuk/ Mee/ Godapara/ Kaduru/ Aththikka/ Wal Del/ Kekuna/ randomly mixed seedlings and dense planting at 500mm grid interval, applying of compost manure, NPK fertilizer, mulching with straw/ banana tree skin and maintenance",
        "Amount (Rs.)": "500,000",
        "photopath": "https://raw.githubusercontent.com/MWS003-GIS/MWS003-GIS.github.io/main/IWWRMP/Data/EXD/200_photo/MWS_019/W (04)3.1.jpg"
      },
      "geometry": {
        "type": "Point",
        "coordinates": [
          80.795645,
          7.130867
        ]
      }
    },
    {
      "type": "Feature",
      "properties": {
        "No": 16,
        "GND No.": "479",
        "Scheme": " Wadawala Arawe canal",
        "N": 7.131519,
        "E": 80.793545,
        "Observation": " Canal seepages to the D/S side",
        "Description": "Canals reservation protection by concrete lining for 100mm thick, 0.3m wide and 0.3m high canal -double banking\nStream / canal reservation protection by earth filling of strip of 1.5m to 2m wide and average Depth of 0.5m, turfing to new sloping soil surface (DAD D 01) or planting single row of vetiver grass with eco-friendly edible plants like Gotukola, Mukunuwenna, Thampala etc. including application of compost manure and 02 months maintenance\nVegetative cover improving (1.5m-2.0m wide) with Areca nut seedlings @ 1.5m spacing in two rows, Beetle creeper VP @ 3m spacing in a single row, Green gram as a cover crop including applying of compost manure, NPK fertilizer and maintenance",
        "Amount (Rs.)": "1,179,925",
        "photopath": "https://raw.githubusercontent.com/MWS003-GIS/MWS003-GIS.github.io/main/IWWRMP/Data/EXD/200_photo/MWS_019/W (04)3.jpg"
      },
      "geometry": {
        "type": "Point",
        "coordinates": [
          80.793545,
          7.131519
        ]
      }
    },
    {
      "type": "Feature",
      "properties": {
        "No": 19,
        "GND No.": "479",
        "Scheme": " Ballakada canal",
        "N": 7.13071,
        "E": 80.791796,
        "Observation": "Canal seepages to the D/S side and overflowed",
        "Description": "Canals reservation protection by concrete lining for 125mm thick, 0.4m wide and 0.5m high canal -single banking\nCanal reservation protection by concrete lining for 100mm thick, 0.4m wide and 0.3m high canal -single banking\nStream / canal reservation protection by earth filling of strip of 1.5m to 2m wide and average Depth of 0.5m, Turfing to new sloping soil surface (DAD D 01) or planting single row of vetiver grass with eco-friendly edible plants like Gotukola, Mukunuwenna, Thampala etc. including application of compost manure and 02 months maintenance\nVegetative cover improving (1.5m-2.0m wide) with Areca nut seedlings @ 1.5m spacing in two rows, Beetle creeper VP @ 3m spacing in a single row, Green gram as a cover crop including applying of compost manure, NPK fertilizer and maintenance",
        "Amount (Rs.)": "1,879,950",
        "photopath": "https://raw.githubusercontent.com/MWS003-GIS/MWS003-GIS.github.io/main/IWWRMP/Data/EXD/200_photo/MWS_019/W (04)5.jpg"
      },
      "geometry": {
        "type": "Point",
        "coordinates": [
          80.791796,
          7.13071
        ]
      }
    },
    {
      "type": "Feature",
      "properties": {
        "No": 20,
        "GND No.": "479",
        "Scheme": " Medahena canal",
        "N": 7.130471,
        "E": 80.790332,
        "Observation": "Capacity of the canal is not adequate towards the D/S side and water is overflowed ",
        "Description": "Canals reservation protection by concrete lining for 100mm thick, 0.3m wide and 0.3m high canal -double banking\nStream / canal reservation protection by earth filling of strip of 1.5m to 2m wide and average Depth of 0.5m, Turfing to new sloping soil surface (DAD D 01) or planting single row of vetiver grass with eco-friendly edible plants like Gotukola, Mukunuwenna, Thampala etc. including application of compost manure and 02 months maintenance\nVegetative cover improving (1.5m-2.0m wide) with Areca nut seedlings @ 1.5m spacing in two rows, Beetle creeper VP @ 3m spacing in a single row, Green gram as a cover crop including applying of compost manure, NPK fertilizer and maintenance",
        "Amount (Rs.)": "990,919",
        "photopath": "https://raw.githubusercontent.com/MWS003-GIS/MWS003-GIS.github.io/main/IWWRMP/Data/EXD/200_photo/MWS_019/W (04)11.jpg"
      },
      "geometry": {
        "type": "Point",
        "coordinates": [
          80.790332,
          7.130471
        ]
      }
    },
    {
      "type": "Feature",
      "properties": {
        "No": 21,
        "GND No.": "479",
        "Scheme": "Medahena anicut",
        "N": 7.130288,
        "E": 80.789984,
        "Observation": "Anicut bund is not available",
        "Description": "Site preparation & other miscellaneous works\nConstruction of 8.0m long x 1.2m height anicut with 02 nos x 0.9m x 1.2m openings, supplying of 3\" thick CL I timber planks for each opening, supplying and fixing of 9\" Dia CI gate inclusive of all arrangements\nVegetative cover improving with Areca nut seedling @ 1.5m spacing in a single row, Kumbuk/ Mee/ Godapara/ Kaduru/ Aththikka/ Wal Del/ Kekuna/ randomly mixed seedlings and dense planting at 500mm grid interval, applying of compost manure, NPK fertilizer, mulching with straw/ banana tree skin and maintenance",
        "Amount (Rs.)": "500,000",
        "photopath": "https://raw.githubusercontent.com/MWS003-GIS/MWS003-GIS.github.io/main/IWWRMP/Data/EXD/200_photo/MWS_019/W (04)8.jpg"
      },
      "geometry": {
        "type": "Point",
        "coordinates": [
          80.789984,
          7.130288
        ]
      }
    },
    {
      "type": "Feature",
      "properties": {
        "No": 22,
        "GND No.": "479",
        "Scheme": " Dambalawatte canal",
        "N": 7.130107,
        "E": 80.790378,
        "Observation": "Canal seepages to the D/S side and overflowed",
        "Description": "Canals reservation protection by concrete lining For 125mm thick, 0.4m wide and 0.5m high canal -single bankingStream / canal reservation protection by earth filling of strip of 1.5m to 2m wide and average Depth of 0.5m, Turfing to new sloping soil surface (DAD D 01) or planting single row of vetiver grass with eco-friendly edible plants like Gotukola, Mukunuwenna, Thampala etc. including application of compost manure and 02 months maintenance\nVegetative cover improving (1.5m-2.0m wide) with Areca nut seedlings @ 1.5m spacing in two rows, Beetle creeper VP @ 3m spacing in a single row, Green gram as a cover crop including applying of compost manure, NPK fertilizer and maintenance",
        "Amount (Rs.)": "1,874,963",
        "photopath": "https://raw.githubusercontent.com/MWS003-GIS/MWS003-GIS.github.io/main/IWWRMP/Data/EXD/200_photo/MWS_019/W (04)11.jpg"
      },
      "geometry": {
        "type": "Point",
        "coordinates": [
          80.790378,
          7.130107
        ]
      }
    },
    {
      "type": "Feature",
      "properties": {
        "No": 23,
        "GND No.": "479",
        "Scheme": " Bulugaha Arawa canal",
        "N": 7.12892,
        "E": 80.793505,
        "Observation": " Canal seepages to the D/S side (L-20m) ",
        "Description": "Canals reservation protection by concrete lining for 100mm thick, 0.3m wide and 0.3m high canal -double banking\nVegetative cover improving (1.5m-2.0m wide) with Areca nut seedlings @ 1.5m spacing in two rows, Beetle creeper VP @ 3m spacing in a single row, Green gram as a cover crop including applying of compost manure, NPK fertilizer and maintenance",
        "Amount (Rs.)": "142,250",
        "photopath": "https://raw.githubusercontent.com/MWS003-GIS/MWS003-GIS.github.io/main/IWWRMP/Data/EXD/200_photo/MWS_019/W (02)1.jpg"
      },
      "geometry": {
        "type": "Point",
        "coordinates": [
          80.793505,
          7.12892
        ]
      }
    },
    {
      "type": "Feature",
      "properties": {
        "No": 24,
        "GND No.": "479",
        "Scheme": "Ranhinde canal",
        "N": 7.127703,
        "E": 80.792349,
        "Observation": "Canal seepages to the D/S side",
        "Description": "Canal reservation protection by concrete lining for 100mm thick, 0.4m wide and 0.3m high canal -single banking\nVegetative cover improving (1.5m-2.0m wide) with Areca nut seedlings @ 1.5m spacing in two rows, Beetle creeper VP @ 3m spacing in a single row, Green gram as a cover crop including applying of compost manure, NPK fertilizer and maintenance",
        "Amount (Rs.)": "619,063",
        "photopath": "https://raw.githubusercontent.com/MWS003-GIS/MWS003-GIS.github.io/main/IWWRMP/Data/EXD/200_photo/MWS_019/W (04)8.jpg"
      },
      "geometry": {
        "type": "Point",
        "coordinates": [
          80.792349,
          7.127703
        ]
      }
    },
    {
      "type": "Feature",
      "properties": {
        "No": 25,
        "GND No.": "481 A",
        "Scheme": " Algama Maha Ela Mula",
        "N": 7.113429,
        "E": 80.791948,
        "Observation": "The side walls of the canal are broken, and water leakages can be noticed.",
        "Description": "Removing silt from canal bed depth up to 9\" and canal clearing \nStream / canal reservation protection by earth filling of strip of 1.5m to 2m wide and average Depth of 0.5m, Turfing to new sloping soil surface (DAD D 01) or planting single row of vetiver grass with eco-friendly edible plants like Gotukola, Mukunuwenna, Thampala etc. including application of compost manure and 02 months maintenance\nVegetative cover improving (1.5m-2.0m wide) with Areca nut seedlings @ 1.5m spacing in two rows, Beetle creeper VP @ 3m spacing in a single row, Green gram as a cover crop including applying of compost manure, NPK fertilizer and maintenance\nDemolishing of dilapidated linings\nCanals reservation protection by concrete lining For 125mm thick, 0.4m wide and 0.5m high canal -single banking\nCanals reservation protection by concrete lining For 125mm thick, 0.5m wide and 0.4m high canal -double banking",
        "Amount (Rs.)": "1,440,048",
        "photopath": "https://raw.githubusercontent.com/MWS003-GIS/MWS003-GIS.github.io/main/IWWRMP/Data/EXD/200_photo/MWS_019/Bk5.jpg"
      },
      "geometry": {
        "type": "Point",
        "coordinates": [
          80.791948,
          7.113429
        ]
      }
    },
    {
      "type": "Feature",
      "properties": {
        "No": 26,
        "GND No.": "481 A",
        "Scheme": " Algama Maha canal",
        "N": 7.113638,
        "E": 80.792698,
        "Observation": "Canal seepages to the D/S side",
        "Description": "Canals reservation protection by concrete lining For 125mm thick, 0.5m wide and 0.4m high canal -double banking\nStream / canal reservation protection by earth filling of strip of 1.5m to 2m wide and average Depth of 0.5m, Turfing to new sloping soil surface (DAD D 01) or planting single row of vetiver grass with eco-friendly edible plants like Gotukola, Mukunuwenna, Thampala etc. including application of compost manure and 02 months maintenance\nVegetative cover improving (1.5m-2.0m wide) with Areca nut seedlings @ 1.5m spacing in two rows, Beetle creeper VP @ 3m spacing in a single row, Green gram as a cover crop including applying of compost manure, NPK fertilizer and maintenance",
        "Amount (Rs.)": "1,164,775",
        "photopath": "https://raw.githubusercontent.com/MWS003-GIS/MWS003-GIS.github.io/main/IWWRMP/Data/EXD/200_photo/MWS_019/Bk6.jpg"
      },
      "geometry": {
        "type": "Point",
        "coordinates": [
          80.792698,
          7.113638
        ]
      }
    },
    {
      "type": "Feature",
      "properties": {
        "No": 27,
        "GND No.": "481 A",
        "Scheme": "Andhudumawa Canal",
        "N": 7.116176,
        "E": 80.794138,
        "Observation": " The risk of canal erosion towards the DS",
        "Description": "Stream / canal reservation protection by earth filling of strip of 1.5m to 2m wide and average Depth of 0.5m, Turfing to new sloping soil surface (DAD D 01) or planting single row of vetiver grass with eco-friendly edible plants like Gotukola, Mukunuwenna, Thampala etc. including application of compost manure and 02 months maintenance\nVegetative cover improving (1.5m-2.0m wide) with Areca nut seedlings @ 1.5m spacing in two rows, Beetle creeper VP @ 3m spacing in a single row, Green gram as a cover crop including applying of compost manure, NPK fertilizer and maintenance",
        "Amount (Rs.)": "550,650",
        "photopath": "https://raw.githubusercontent.com/MWS003-GIS/MWS003-GIS.github.io/main/IWWRMP/Data/EXD/200_photo/MWS_019/Bk13.jpg"
      },
      "geometry": {
        "type": "Point",
        "coordinates": [
          80.794138,
          7.116176
        ]
      }
    },
    {
      "type": "Feature",
      "properties": {
        "No": 28,
        "GND No.": "481 A",
        "Scheme": "Andhudumawa Canal",
        "N": 7.11708,
        "E": 80.795324,
        "Observation": " Canal seepages to the D/S side ",
        "Description": "Canal reservation protection by concrete lining for 100mm thick, 0.4m wide and 0.3m high canal -single banking\nStream / canal reservation protection by earth filling of strip of 1.5m to 2m wide and average Depth of 0.5m, Turfing to new sloping soil surface (DAD D 01) or planting single row of vetiver grass with eco-friendly edible plants like Gotukola, Mukunuwenna, Thampala etc. including application of compost manure and 02 months maintenance\nVegetative cover improving (1.5m-2.0m wide) with Areca nut seedlings @ 1.5m spacing in two rows, Beetle creeper VP @ 3m spacing in a single row, Green gram as a cover crop including applying of compost manure, NPK fertilizer and maintenance",
        "Amount (Rs.)": "540,025",
        "photopath": "https://raw.githubusercontent.com/MWS003-GIS/MWS003-GIS.github.io/main/IWWRMP/Data/EXD/200_photo/MWS_019/Bk1.jpg"
      },
      "geometry": {
        "type": "Point",
        "coordinates": [
          80.795324,
          7.11708
        ]
      }
    },
    {
      "type": "Feature",
      "properties": {
        "No": 29,
        "GND No.": "481 A",
        "Scheme": "Nawussa canal",
        "N": 7.11736,
        "E": 80.795162,
        "Observation": " Canal seepages to the D/S side",
        "Description": "Canals reservation protection by concrete lining for 100mm thick, 0.3m wide and 0.3m high canal -double banking\nStream / canal reservation protection by earth filling of strip of 1.5m to 2m wide and average Depth of 0.5m, Turfing to new sloping soil surface (DAD D 01) or planting single row of vetiver grass with eco-friendly edible plants like Gotukola, Mukunuwenna, Thampala etc. including application of compost manure and 02 months maintenance\nVegetative cover improving (1.5m-2.0m wide) with Areca nut seedlings @ 1.5m spacing in two rows, Beetle creeper VP @ 3m spacing in a single row, Green gram as a cover crop including applying of compost manure, NPK fertilizer and maintenance",
        "Amount (Rs.)": "378,013",
        "photopath": "https://raw.githubusercontent.com/MWS003-GIS/MWS003-GIS.github.io/main/IWWRMP/Data/EXD/200_photo/MWS_019/Bk15.jpg"
      },
      "geometry": {
        "type": "Point",
        "coordinates": [
          80.795162,
          7.11736
        ]
      }
    },
    {
      "type": "Feature",
      "properties": {
        "No": 30,
        "GND No.": "481 B",
        "Scheme": " Puwakgarawa canal",
        "N": 7.115295,
        "E": 80.792694,
        "Observation": " Canal seepages to the D/S side (L-45.72m) ",
        "Description": "Stream / canal reservation protection by earth filling of strip of 1.5m to 2m wide and average Depth of 0.5m, Turfing to new sloping soil surface (DAD D 01) or planting single row of vetiver grass with eco-friendly edible plants like Gotukola, Mukunuwenna, Thampala etc. including application of compost manure and 02 months maintenance\nVegetative cover improving (1.5m-2.0m wide) with Areca nut seedlings @ 1.5m spacing in two rows, Beetle creeper VP @ 3m spacing in a single row, Green gram as a cover crop including applying of compost manure, NPK fertilizer and maintenance\nCanals reservation protection by concrete lining for 100mm thick, 0.3m wide and 0.3m high canal -double banking",
        "Amount (Rs.)": "423,900",
        "photopath": "https://raw.githubusercontent.com/MWS003-GIS/MWS003-GIS.github.io/main/IWWRMP/Data/EXD/200_photo/MWS_019/Dg1.jpg"
      },
      "geometry": {
        "type": "Point",
        "coordinates": [
          80.792694,
          7.115295
        ]
      }
    },
    {
      "type": "Feature",
      "properties": {
        "No": 31,
        "GND No.": "481 B",
        "Scheme": "Kitul Alutha canal",
        "N": 7.115391,
        "E": 80.792238,
        "Observation": " Canal erosion towards the DS",
        "Description": "Canals reservation protection by concrete lining for 100mm thick, 0.3m wide and 0.3m high canal -double banking\nStream / canal reservation protection by earth filling of strip of 1.5m to 2m wide and average Depth of 0.5m, Turfing to new sloping soil surface (DAD D 01) or planting single row of vetiver grass with eco-friendly edible plants like Gotukola, Mukunuwenna, Thampala etc. including application of compost manure and 02 months maintenance\nVegetative cover improving (1.5m-2.0m wide) with Areca nut seedlings @ 1.5m spacing in two rows, Beetle creeper VP @ 3m spacing in a single row, Green gram as a cover crop including applying of compost manure, NPK fertilizer and maintenance",
        "Amount (Rs.)": "160,383",
        "photopath": "https://raw.githubusercontent.com/MWS003-GIS/MWS003-GIS.github.io/main/IWWRMP/Data/EXD/200_photo/MWS_019/Dg5.jpg"
      },
      "geometry": {
        "type": "Point",
        "coordinates": [
          80.792238,
          7.115391
        ]
      }
    },
    {
      "type": "Feature",
      "properties": {
        "No": 32,
        "GND No.": "481 B",
        "Scheme": "Thannewatta canal",
        "N": 7.113412,
        "E": 80.78765,
        "Observation": " Water cannot be delivered due to the unavailability of concrete lining",
        "Description": "Canals reservation protection by concrete lining for 100mm thick, 0.3m wide and 0.3m high canal -double banking\nStream / canal reservation protection by earth filling of strip of 1.5m to 2m wide and average Depth of 0.5m, Turfing to new sloping soil surface (DAD D 01) or planting single row of vetiver grass with eco-friendly edible plants like Gotukola, Mukunuwenna, Thampala etc. including application of compost manure and 02 months maintenance\nVegetative cover improving (1.5m-2.0m wide) with Areca nut seedlings @ 1.5m spacing in two rows, Beetle creeper VP @ 3m spacing in a single row, Green gram as a cover crop including applying of compost manure, NPK fertilizer and maintenance",
        "Amount (Rs.)": "226,808",
        "photopath": "https://raw.githubusercontent.com/MWS003-GIS/MWS003-GIS.github.io/main/IWWRMP/Data/EXD/200_photo/MWS_019/Dg15.jpg"
      },
      "geometry": {
        "type": "Point",
        "coordinates": [
          80.78765,
          7.113412
        ]
      }
    },
    {
      "type": "Feature",
      "properties": {
        "No": 33,
        "GND No.": "481",
        "Scheme": "Meewana Kotuwa Canal",
        "N": 7.119638,
        "E": 80.787366,
        "Observation": "Canal seepages to the D/S side",
        "Description": "Construction of 1.2m high x 0.15m thick RCC wall (0.6m base) \nCanal reservation protection by concrete lining for 100mm thick, 0.4m wide and 0.3m high canal -single banking\nStream / canal reservation protection by earth filling of strip of 1.5m to 2m wide and average Depth of 0.5m, Turfing to new sloping soil surface (DAD D 01) or planting single row of vetiver grass with eco-friendly edible plants like Gotukola, Mukunuwenna, Thampala etc. including application of compost manure and 02 months maintenance\nVegetative cover improving (1.5m-2.0m wide) with Areca nut seedlings @ 1.5m spacing in two rows, Beetle creeper VP @ 3m spacing in a single row, Green gram as a cover crop including applying of compost manure, NPK fertilizer and maintenance",
        "Amount (Rs.)": "1,670,013",
        "photopath": "https://raw.githubusercontent.com/MWS003-GIS/MWS003-GIS.github.io/main/IWWRMP/Data/EXD/200_photo/MWS_019/Dp14.jpg"
      },
      "geometry": {
        "type": "Point",
        "coordinates": [
          80.787366,
          7.119638
        ]
      }
    },
    {
      "type": "Feature",
      "properties": {
        "No": 34,
        "GND No.": "481",
        "Scheme": " Meewana Kotuwa Canal",
        "N": 7.120301,
        "E": 80.789717,
        "Observation": "ï¿½ Canal erosion in D/S side\nï¿½ canal bed needs to be concrete lined (L-800m) ",
        "Description": "Construction of 1.5m high x 0.15m thick RCC wall (0.8m base) \nCanal reservation protection by concrete lining for 100mm thick, 0.4m wide and 0.3m high canal -single banking\nStream / canal reservation protection by earth filling of strip of 1.5m to 2m wide and average Depth of 0.5m, Turfing to new sloping soil surface (DAD D 01) or planting single row of vetiver grass with eco-friendly edible plants like Gotukola, Mukunuwenna, Thampala etc. including application of compost manure and 02 months maintenance\nVegetative cover improving (1.5m-2.0m wide) with Areca nut seedlings @ 1.5m spacing in two rows, Beetle creeper VP @ 3m spacing in a single row, Green gram as a cover crop including applying of compost manure, NPK fertilizer and maintenance",
        "Amount (Rs.)": "889,800",
        "photopath": "https://raw.githubusercontent.com/MWS003-GIS/MWS003-GIS.github.io/main/IWWRMP/Data/EXD/200_photo/MWS_019/Dp7.jpg"
      },
      "geometry": {
        "type": "Point",
        "coordinates": [
          80.789717,
          7.120301
        ]
      }
    },
    {
      "type": "Feature",
      "properties": {
        "No": 35,
        "GND No.": "481",
        "Scheme": " Naranwatta anicut",
        "N": 7.118246,
        "E": 80.792327,
        "Observation": " No anicut is available",
        "Description": "Construction of 1:3:6 (1 1/2\") ct concrete retaining wall (height 0.9m, top width 0.15m, 0.45m high steps x 02, each of 0.15m step width & bottom width 0.45m)\nConstruction of 8.0m long x 1.2m height anicut with 02 nos x 0.9m x 1.2m openings, supplying of 3\" thick CL I timber planks for each opening, supplying and fixing of 9\" Dia CI gate inclusive of all arrangements \nVegetative cover improving with Areca nut seedling @ 1.5m spacing in a single row, Kumbuk/ Mee/ Godapara/ Kaduru/ Aththikka/ Wal Del/ Kekuna/ randomly mixed seedlings and dense planting at 500mm grid interval, applying of compost manure, NPK fertilizer, mulching with straw/ banana tree skin and maintenance",
        "Amount (Rs.)": "524,400",
        "photopath": "https://raw.githubusercontent.com/MWS003-GIS/MWS003-GIS.github.io/main/IWWRMP/Data/EXD/200_photo/MWS_019/Dp8.1.jpg"
      },
      "geometry": {
        "type": "Point",
        "coordinates": [
          80.792327,
          7.118246
        ]
      }
    },
    {
      "type": "Feature",
      "properties": {
        "No": 36,
        "GND No.": "481",
        "Scheme": "Katuwal Pitiya anicut",
        "N": 7.121773,
        "E": 80.794096,
        "Observation": "No anicut is available",
        "Description": "Construction of 1:3:6 (1 1/2\") ct concrete retaining wall (height 0.9m, top width 0.15m, 0.45m high steps x 02, each of 0.15m step width & bottom width 0.45m)\nSupplying and fixing Anicut planks form special class timber including fixing of steel hooks (3\"x6\") Plank & applying hot tar \nVegetative cover improving with Areca nut seedling @ 1.5m spacing in a single row, Kumbuk/ Mee/ Godapara/ Kaduru/ Aththikka/ Wal Del/ Kekuna/ randomly mixed seedlings and dense planting at 500mm grid interval, applying of compost manure, NPK fertilizer, mulching with straw/ banana tree skin and maintenance\nVegetative cover improving, replanting bamboo species and vetiver grass or riparian species at 500mm grid interval including applying of compost manure, NPK fertilizer and maintenance",
        "Amount (Rs.)": "114,616",
        "photopath": "https://raw.githubusercontent.com/MWS003-GIS/MWS003-GIS.github.io/main/IWWRMP/Data/EXD/200_photo/MWS_019/Dp8.2.jpg"
      },
      "geometry": {
        "type": "Point",
        "coordinates": [
          80.794096,
          7.121773
        ]
      }
    },
    {
      "type": "Feature",
      "properties": {
        "No": 37,
        "GND No.": "481",
        "Scheme": "Naranwatta Canal ",
        "N": 7.118246,
        "E": 80.792327,
        "Observation": "Canal seepages to the D/S side",
        "Description": "Canals reservation protection by concrete lining for 100mm thick, 0.3m wide and 0.3m high canal -double banking\nStream / canal reservation protection by earth filling of strip of 1.5m to 2m wide and average Depth of 0.5m, Turfing to new sloping soil surface (DAD D 01) or planting single row of vetiver grass with eco-friendly edible plants like Gotukola, Mukunuwenna, Thampala etc. including application of compost manure and 02 months maintenance\nVegetative cover improving (1.5m-2.0m wide) with Areca nut seedlings @ 1.5m spacing in two rows, Beetle creeper VP @ 3m spacing in a single row, Green gram as a cover crop including applying of compost manure, NPK fertilizer and maintenance",
        "Amount (Rs.)": "378,013",
        "photopath": "https://raw.githubusercontent.com/MWS003-GIS/MWS003-GIS.github.io/main/IWWRMP/Data/EXD/200_photo/MWS_019/Dp7.2.jpg"
      },
      "geometry": {
        "type": "Point",
        "coordinates": [
          80.792327,
          7.118246
        ]
      }
    },
    {
      "type": "Feature",
      "properties": {
        "No": 38,
        "GND No.": "481",
        "Scheme": "Bodanda Anicut",
        "N": 7.11838,
        "E": 80.792833,
        "Observation": "Anicut is dilapidated and destroyed",
        "Description": "Construction of 1:3:6 (1 1/2\") ct concrete retaining wall (height 0.9m, top width 0.15m, 0.45m high steps x 02, each of 0.15m step width & bottom width 0.45m) \nSupplying and fixing anicut planks form special class timber including fixing of steel hooks (3\"x6\") Plank & applying hot tar\nVegetative cover improving with Areca nut seedling @ 1.5m spacing in a single row, Kumbuk/ Mee/ Godapara/ Kaduru/ Aththikka/ Wal Del/ Kekuna/ randomly mixed seedlings and dense planting at 500mm grid interval, applying of compost manure, NPK fertilizer, mulching with straw/ banana tree skin and maintenance\nVegetative cover improving, replanting bamboo species and vetiver grass or riparian species at 500mm grid interval including applying of compost manure, NPK fertilizer and maintenance",
        "Amount (Rs.)": "114,615",
        "photopath": "https://raw.githubusercontent.com/MWS003-GIS/MWS003-GIS.github.io/main/IWWRMP/Data/EXD/200_photo/MWS_019/Dp11.jpg"
      },
      "geometry": {
        "type": "Point",
        "coordinates": [
          80.792833,
          7.11838
        ]
      }
    },
    {
      "type": "Feature",
      "properties": {
        "No": 39,
        "GND No.": "481",
        "Scheme": "Bodanda Canal",
        "N": 7.11838,
        "E": 80.792833,
        "Observation": "Canal seepages to the D/S side",
        "Description": "Canals reservation protection by concrete lining For 125mm thick, 0.5m wide and 0.4m high canal -double banking\nStream / canal reservation protection by earth filling of strip of 1.5m to 2m wide and average Depth of 0.5m, Turfing to new sloping soil surface (DAD D 01) or planting single row of vetiver grass with eco-friendly edible plants like Gotukola, Mukunuwenna, Thampala etc. including application of compost manure and 02 months maintenance\nVegetative cover improving (1.5m-2.0m wide) with Areca nut seedlings @ 1.5m spacing in two rows, Beetle creeper VP @ 3m spacing in a single row, Green gram as a cover crop including applying of compost manure, NPK fertilizer and maintenance",
        "Amount (Rs.)": "628,275",
        "photopath": "https://raw.githubusercontent.com/MWS003-GIS/MWS003-GIS.github.io/main/IWWRMP/Data/EXD/200_photo/MWS_019/Dp7.1.jpg"
      },
      "geometry": {
        "type": "Point",
        "coordinates": [
          80.792833,
          7.11838
        ]
      }
    },
    {
      "type": "Feature",
      "properties": {
        "No": 40,
        "GND No.": "481",
        "Scheme": "Madulpe Canal",
        "N": 7.12114,
        "E": 80.793233,
        "Observation": "Canal seepages to the D/S side",
        "Description": "Canals reservation protection by concrete lining for 100mm thick, 0.3m wide and 0.3m high canal -double banking\nStream / canal reservation protection by earth filling of strip of 1.5m to 2m wide and average Depth of 0.5m, Turfing to new sloping soil surface (DAD D 01) or planting single row of vetiver grass with eco-friendly edible plants like Gotukola, Mukunuwenna, Thampala etc. including application of compost manure and 02 months maintenance\nVegetative cover improving (1.5m-2.0m wide) with Areca nut seedlings @ 1.5m spacing in two rows, Beetle creeper VP @ 3m spacing in a single row, Green gram as a cover crop including applying of compost manure, NPK fertilizer and maintenance",
        "Amount (Rs.)": "309,405",
        "photopath": "https://raw.githubusercontent.com/MWS003-GIS/MWS003-GIS.github.io/main/IWWRMP/Data/EXD/200_photo/MWS_019/Dp16.jpg"
      },
      "geometry": {
        "type": "Point",
        "coordinates": [
          80.793233,
          7.12114
        ]
      }
    },
    {
      "type": "Feature",
      "properties": {
        "No": 41,
        "GND No.": "481",
        "Scheme": " Katuwalpitiya canal",
        "N": 7.121773,
        "E": 80.794096,
        "Observation": " Canal erosion and bank erosion",
        "Description": "Construction of 12 m long 0.50m x 0.50m trough with 6 m spans each rested on piers (for canal bed elevated 4.5 m in average above the existing GL) ",
        "Amount (Rs.)": "820,000",
        "photopath": "https://raw.githubusercontent.com/MWS003-GIS/MWS003-GIS.github.io/main/IWWRMP/Data/EXD/200_photo/MWS_019/Dp15.jpg"
      },
      "geometry": {
        "type": "Point",
        "coordinates": [
          80.794096,
          7.121773
        ]
      }
    },
    {
      "type": "Feature",
      "properties": {
        "No": 42,
        "GND No.": "481 D",
        "Scheme": "Hunnangarawa canal",
        "N": 7.11889,
        "E": 80.796627,
        "Observation": " Canal is not concrete lined (L-500m) ",
        "Description": "Construction of 0.3m Dia half round RCC pipe trough with average height of 0.6m - 0.9m elevated trough bed level from EGL, piers in 2.44m intervals, including US & DS basins (for trough length > 10.0m) \nCanals reservation protection by concrete lining For 125mm thick, 0.5m wide and 0.4m high canal -double banking\nStream / canal reservation protection by earth filling of strip of 1.5m to 2m wide and average Depth of 0.5m, Turfing to new sloping soil surface (DAD D 01) or planting single row of vetiver grass with eco-friendly edible plants like Gotukola, Mukunuwenna, Thampala etc. including application of compost manure and 02 months maintenance\nVegetative cover improving (1.5m-2.0m wide) with Areca nut seedlings @ 1.5m spacing in two rows, Beetle creeper VP @ 3m spacing in a single row, Green gram as a cover crop including applying of compost manure, NPK fertilizer and maintenance",
        "Amount (Rs.)": "2,224,825",
        "photopath": "https://raw.githubusercontent.com/MWS003-GIS/MWS003-GIS.github.io/main/IWWRMP/Data/EXD/200_photo/MWS_019/W (01)3.jpg"
      },
      "geometry": {
        "type": "Point",
        "coordinates": [
          80.796627,
          7.11889
        ]
      }
    },
    {
      "type": "Feature",
      "properties": {
        "No": 43,
        "GND No.": "481 D",
        "Scheme": " Attanakada canal",
        "N": 7.119536,
        "E": 80.799934,
        "Observation": " Water leakages on the floor of the canal (L-500m) ",
        "Description": "Canals reservation protection by concrete lining For 125mm thick, 0.5m wide and 0.4m high canal -double banking\nStream / canal reservation protection by earth filling of strip of 1.5m to 2m wide and average Depth of 0.5m, Turfing to new sloping soil surface (DAD D 01) or planting single row of vetiver grass with eco-friendly edible plants like Gotukola, Mukunuwenna, Thampala etc. including application of compost manure and 02 months maintenance\nVegetative cover improving (1.5m-2.0m wide) with Areca nut seedlings @ 1.5m spacing in two rows, Beetle creeper VP @ 3m spacing in a single row, Green gram as a cover crop including applying of compost manure, NPK fertilizer and maintenance",
        "Amount (Rs.)": "2,329,550",
        "photopath": "https://raw.githubusercontent.com/MWS003-GIS/MWS003-GIS.github.io/main/IWWRMP/Data/EXD/200_photo/MWS_019/W (04)2.jpg"
      },
      "geometry": {
        "type": "Point",
        "coordinates": [
          80.799934,
          7.119536
        ]
      }
    },
    {
      "type": "Feature",
      "properties": {
        "No": 44,
        "GND No.": "481 D",
        "Scheme": "Nalagama Palle Ela",
        "N": 7.122266,
        "E": 80.808345,
        "Observation": "Canal is not concrete lined (L-750m) ",
        "Description": "Canals reservation protection by concrete lining For 125mm thick, 0.5m wide and 0.4m high canal -double banking\nStream / canal reservation protection by earth filling of strip of 1.5m to 2m wide and average Depth of 0.5m, Turfing to new sloping soil surface (DAD D 01) or planting single row of vetiver grass with eco-friendly edible plants like Gotukola, Mukunuwenna, Thampala etc. including application of compost manure and 02 months maintenance\nVegetative cover improving (1.5m-2.0m wide) with Areca nut seedlings @ 1.5m spacing in two rows, Beetle creeper VP @ 3m spacing in a single row, Green gram as a cover crop including applying of compost manure, NPK fertilizer and maintenance",
        "Amount (Rs.)": "1,976,600",
        "photopath": "https://raw.githubusercontent.com/MWS003-GIS/MWS003-GIS.github.io/main/IWWRMP/Data/EXD/200_photo/MWS_019/W (04)4.jpg"
      },
      "geometry": {
        "type": "Point",
        "coordinates": [
          80.808345,
          7.122266
        ]
      }
    },
    {
      "type": "Feature",
      "properties": {
        "No": 45,
        "GND No.": "481 D",
        "Scheme": "Alawathu Kanatha Ela",
        "N": 7.114274,
        "E": 80.799269,
        "Observation": "Canal is not concrete lined (L-600m) ",
        "Description": "Canals reservation protection by concrete lining for 100mm thick, 0.3m wide and 0.3m high canal -double banking\nStream / canal reservation protection by earth filling of strip of 1.5m to 2m wide and average Depth of 0.5m, Turfing to new sloping soil surface (DAD D 01) or planting single row of vetiver grass with eco-friendly edible plants like Gotukola, Mukunuwenna, Thampala etc. including application of compost manure and 02 months maintenance\nVegetative cover improving (1.5m-2.0m wide) with Areca nut seedlings @ 1.5m spacing in two rows, Beetle creeper VP @ 3m spacing in a single row, Green gram as a cover crop including applying of compost manure, NPK fertilizer and maintenance",
        "Amount (Rs.)": "773,513",
        "photopath": "https://raw.githubusercontent.com/MWS003-GIS/MWS003-GIS.github.io/main/IWWRMP/Data/EXD/200_photo/MWS_019/W (04)7.jpg"
      },
      "geometry": {
        "type": "Point",
        "coordinates": [
          80.799269,
          7.114274
        ]
      }
    },
    {
      "type": "Feature",
      "properties": {
        "No": 46,
        "GND No.": "481 D",
        "Scheme": " Udapanguwa canal",
        "N": 7.113801,
        "E": 80.800575,
        "Observation": " Canal seepages to the D/S side (L-500m) ",
        "Description": "Canal reservation protection by concrete lining for 100mm thick, 0.4m wide and 0.3m high canal -single banking\nStream / canal reservation protection by earth filling of strip of 1.5m to 2m wide and average Depth of 0.5m, Turfing to new sloping soil surface (DAD D 01) or planting single row of vetiver grass with eco-friendly edible plants like Gotukola, Mukunuwenna, Thampala etc. including application of compost manure and 02 months maintenance\nVegetative cover improving (1.5m-2.0m wide) with Areca nut seedlings @ 1.5m spacing in two rows, Beetle creeper VP @ 3m spacing in a single row, Green gram as a cover crop including applying of compost manure, NPK fertilizer and maintenance",
        "Amount (Rs.)": "815,350",
        "photopath": "https://raw.githubusercontent.com/MWS003-GIS/MWS003-GIS.github.io/main/IWWRMP/Data/EXD/200_photo/MWS_019/W (01)3.jpg"
      },
      "geometry": {
        "type": "Point",
        "coordinates": [
          80.800575,
          7.113801
        ]
      }
    },
    {
      "type": "Feature",
      "properties": {
        "No": 47,
        "GND No.": "481 D",
        "Scheme": "Jambygahapitiya anicut",
        "N": 7.113211,
        "E": 80.800739,
        "Observation": " No anicut is available",
        "Description": "Site preparation & other miscellaneous works\nConstruction of 8.0m long x 1.2m height anicut with 02 nos x 0.9m x 1.2m openings, supplying of 3\" thick CL I timber planks for each opening, supplying and fixing of 9\" Dia CI gate inclusive of all arrangements\nVegetative cover improving with Areca nut seedling @ 1.5m spacing in a single row, Kumbuk/ Mee/ Godapara/ Kaduru/ Aththikka/ Wal Del/ Kekuna/ randomly mixed seedlings and dense planting at 500mm grid interval, applying of compost manure, NPK fertilizer, mulching with straw/ banana tree skin and maintenance",
        "Amount (Rs.)": "500,000",
        "photopath": "https://raw.githubusercontent.com/MWS003-GIS/MWS003-GIS.github.io/main/IWWRMP/Data/EXD/200_photo/MWS_019/W (04)3.jpg"
      },
      "geometry": {
        "type": "Point",
        "coordinates": [
          80.800739,
          7.113211
        ]
      }
    },
    {
      "type": "Feature",
      "properties": {
        "No": 48,
        "GND No.": "481 D",
        "Scheme": " Hathbeya canal",
        "N": 7.109415,
        "E": 80.801951,
        "Observation": " Canal is not concrete lined (L-400m) ",
        "Description": "Canals reservation protection by concrete lining for 100mm thick, 0.3m wide and 0.3m high canal -double banking\nStream / canal reservation protection by earth filling of strip of 1.5m to 2m wide and average Depth of 0.5m, Turfing to new sloping soil surface (DAD D 01) or planting single row of vetiver grass with eco-friendly edible plants like Gotukola, Mukunuwenna, Thampala etc. including application of compost manure and 02 months maintenance\nVegetative cover improving (1.5m-2.0m wide) with Areca nut seedlings @ 1.5m spacing in two rows, Beetle creeper VP @ 3m spacing in a single row, Green gram as a cover crop including applying of compost manure, NPK fertilizer and maintenance",
        "Amount (Rs.)": "801,912",
        "photopath": "https://raw.githubusercontent.com/MWS003-GIS/MWS003-GIS.github.io/main/IWWRMP/Data/EXD/200_photo/MWS_019/W (04)7.jpg"
      },
      "geometry": {
        "type": "Point",
        "coordinates": [
          80.801951,
          7.109415
        ]
      }
    },
    {
      "type": "Feature",
      "properties": {
        "No": 49,
        "GND No.": "482",
        "Scheme": "Udawalliwala anicut",
        "N": 7.138335,
        "E": 80.782179,
        "Observation": "Water cannot be stored adequately ",
        "Description": "Supplying and fixing T.S Dowels spliced, and dove tailed with wedge at one end 5/8\" Dia, 700 mm long boring holes, 350mm depth in fixing\n1:3:6 (1 1/2\") Cement concrete, hand mixing and placing\nShuttering in 12 mm (1/2\") thick Plywood sheet and 2\"x2\" joists\nSupplying and fixing Anicut planks form special class timber including fixing of steel hooks (3\"x6\") Plank & applying hot tar\nVegetative cover improving with Areca nut seedling @ 1.5m spacing in a single row, Kumbuk/ Mee/ Godapara/ Kaduru/ Aththikka/ Wal Del/ Kekuna/ randomly mixed seedlings and dense planting at 500mm grid interval, applying of compost manure, NPK fertilizer, mulching with straw/ banana tree skin and maintenance",
        "Amount (Rs.)": "89,692",
        "photopath": "https://raw.githubusercontent.com/MWS003-GIS/MWS003-GIS.github.io/main/IWWRMP/Data/EXD/200_photo/MWS_019/dk8.1.jpg"
      },
      "geometry": {
        "type": "Point",
        "coordinates": [
          80.782179,
          7.138335
        ]
      }
    },
    {
      "type": "Feature",
      "properties": {
        "No": 50,
        "GND No.": "482",
        "Scheme": "Udawalliwala canal",
        "N": 7.138345,
        "E": 80.782215,
        "Observation": "Canal seepages to the D/S side",
        "Description": "Demolishing dilapidated lining sections\nCanals reservation protection by concrete lining for 100mm thick, 0.3m wide and 0.3m high canal -double banking\n1/2\" thick 1:3 cement mortar plastering to prevent leakages in lining\nStream / canal reservation protection by earth filling of strip of 1.5m to 2m wide and average Depth of 0.5m, Turfing to new sloping soil surface (DAD D 01) or planting single row of vetiver grass with eco-friendly edible plants like Gotukola, Mukunuwenna, Thampala etc. including application of compost manure and 02 months maintenance\nVegetative cover improving (1.5m-2.0m wide) with Areca nut seedlings @ 1.5m spacing in two rows, Beetle creeper VP @ 3m spacing in a single row, Green gram as a cover crop including applying of compost manure, NPK fertilizer and maintenance",
        "Amount (Rs.)": "419,445",
        "photopath": "https://raw.githubusercontent.com/MWS003-GIS/MWS003-GIS.github.io/main/IWWRMP/Data/EXD/200_photo/MWS_019/dk2.jpg"
      },
      "geometry": {
        "type": "Point",
        "coordinates": [
          80.782215,
          7.138345
        ]
      }
    },
    {
      "type": "Feature",
      "properties": {
        "No": 51,
        "GND No.": "482",
        "Scheme": "Medawalliwala anicut",
        "N": 7.136922,
        "E": 80.783676,
        "Observation": "Temporary anicut is available",
        "Description": "Demolishing temporary structure\nConstruction of 10.0m long x 1.2m height anicut with 02 nos x 0.9m x 1.2m openings, supplying of 3\" thick CL I timber planks for each opening, supplying and fixing of 9\" Dia CI gate inclusive of all arrangements\nVegetative cover improving with Areca nut seedling @ 1.5m spacing in a single row, Kumbuk/ Mee/ Godapara/ Kaduru/ Aththikka/ Wal Del/ Kekuna/ randomly mixed seedlings and dense planting at 500mm grid interval, applying of compost manure, NPK fertilizer, mulching with straw/ banana tree skin and maintenance\nVegetative cover improving, replanting bamboo species and vetiver grass or riparian species at 500mm grid interval including applying of compost manure, NPK fertilizer and maintenance\nMiscellaneous",
        "Amount (Rs.)": "625,000",
        "photopath": "https://raw.githubusercontent.com/MWS003-GIS/MWS003-GIS.github.io/main/IWWRMP/Data/EXD/200_photo/MWS_019/dk7.jpg"
      },
      "geometry": {
        "type": "Point",
        "coordinates": [
          80.783676,
          7.136922
        ]
      }
    },
    {
      "type": "Feature",
      "properties": {
        "No": 52,
        "GND No.": "482",
        "Scheme": "Medawalliwala canal",
        "N": 7.136922,
        "E": 80.783676,
        "Observation": " Water cannot be delivered breaches of the canal",
        "Description": "Construction of 24 m long 0.50m x 0.50m trough with 6 m spans each rested on piers (for canal bed elevated 1.8 m in average above the existing GL) ",
        "Amount (Rs.)": "1,260,000",
        "photopath": "https://raw.githubusercontent.com/MWS003-GIS/MWS003-GIS.github.io/main/IWWRMP/Data/EXD/200_photo/MWS_019/dk4.jpg"
      },
      "geometry": {
        "type": "Point",
        "coordinates": [
          80.783676,
          7.136922
        ]
      }
    },
    {
      "type": "Feature",
      "properties": {
        "No": 53,
        "GND No.": "482",
        "Scheme": "Udaaswedduma anicut",
        "N": 7.139869,
        "E": 80.785814,
        "Observation": " No anicut is available",
        "Description": "Site preparation & other miscellaneous works\nConstruction of 8.0m long x 1.2m height anicut with 02 nos x 0.9m x 1.2m openings, supplying of 3\" thick CL I timber planks for each opening, supplying and fixing of 9\" Dia CI gate inclusive of all arrangements\nVegetative cover improving with Areca nut seedling @ 1.5m spacing in a single row, Kumbuk/ Mee/ Godapara/ Kaduru/ Aththikka/ Wal Del/ Kekuna/ randomly mixed seedlings and dense planting at 500mm grid interval, applying of compost manure, NPK fertilizer, mulching with straw/ banana tree skin and maintenance\nVegetative cover improving, replanting bamboo species and vetiver grass or riparian species at 500mm grid interval including applying of compost manure, NPK fertilizer and maintenance",
        "Amount (Rs.)": "550,000",
        "photopath": "https://raw.githubusercontent.com/MWS003-GIS/MWS003-GIS.github.io/main/IWWRMP/Data/EXD/200_photo/MWS_019/dk12.2.jpg"
      },
      "geometry": {
        "type": "Point",
        "coordinates": [
          80.785814,
          7.139869
        ]
      }
    },
    {
      "type": "Feature",
      "properties": {
        "No": 54,
        "GND No.": "482",
        "Scheme": "Udaaswadduma canal",
        "N": 7.139869,
        "E": 80.785814,
        "Observation": "Canal seepages to the D/S side\nAnicut is not adequate to distribute water properly",
        "Description": "Improvements to the existing anicut\nCanals reservation protection by concrete lining for 100mm thick, 0.3m wide and 0.3m high canal -double banking\nStream / canal reservation protection by earth filling of strip of 1.5m to 2m wide and average Depth of 0.5m, Turfing to new sloping soil surface (DAD D 01) or planting single row of vetiver grass with eco-friendly edible plants like Gotukola, Mukunuwenna, Thampala etc. including application of compost manure and 02 months maintenance\nVegetative cover improving (1.5m-2.0m wide) with Areca nut seedlings @ 1.5m spacing in two rows, Beetle creeper VP @ 3m spacing in a single row, Green gram as a cover crop including applying of compost manure, NPK fertilizer and maintenance\nVegetative cover improving with Areca nut seedling @ 1.5m spacing in a single row, Kumbuk/ Mee/ Godapara/ Kaduru/ Aththikka/ Wal Del/ Kekuna/ randomly mixed seedlings and dense planting at 500mm grid interval, applying of compost manure, NPK fertilizer, mulching with straw/ banana tree skin and maintenance",
        "Amount (Rs.)": "451,413",
        "photopath": "https://raw.githubusercontent.com/MWS003-GIS/MWS003-GIS.github.io/main/IWWRMP/Data/EXD/200_photo/MWS_019/dk8.jpg"
      },
      "geometry": {
        "type": "Point",
        "coordinates": [
          80.785814,
          7.139869
        ]
      }
    },
    {
      "type": "Feature",
      "properties": {
        "No": 55,
        "GND No.": "482",
        "Scheme": "Kahatadeniya pita Ela",
        "N": 7.140852,
        "E": 80.785648,
        "Observation": "Canal is silted ",
        "Description": "Canals reservation protection by concrete lining For 125mm thick, 0.5m wide and 0.4m high canal -double banking\nStream / canal reservation protection by earth filling of strip of 1.5m to 2m wide and average Depth of 0.5m, Turfing to new sloping soil surface (DAD D 01) or planting single row of vetiver grass with eco-friendly edible plants like Gotukola, Mukunuwenna, Thampala etc. including application of compost manure and 02 months maintenance\nVegetative cover improving (1.5m-2.0m wide) with Areca nut seedlings @ 1.5m spacing in two rows, Beetle creeper VP @ 3m spacing in a single row, Green gram as a cover crop including applying of compost manure, NPK fertilizer and maintenance",
        "Amount (Rs.)": "1,118,888",
        "photopath": "https://raw.githubusercontent.com/MWS003-GIS/MWS003-GIS.github.io/main/IWWRMP/Data/EXD/200_photo/MWS_019/dk5.jpg"
      },
      "geometry": {
        "type": "Point",
        "coordinates": [
          80.785648,
          7.140852
        ]
      }
    },
    {
      "type": "Feature",
      "properties": {
        "No": 56,
        "GND No.": "482 A",
        "Scheme": "Kanketharawa canal",
        "N": 7.130509,
        "E": 80.781714,
        "Observation": "Canal erosion towards the Down Stream (L-200m) ",
        "Description": "Canal reservation protection by concrete lining for 100mm thick, 0.4m wide and 0.3m high canal -single banking\nStream / canal reservation protection by earth filling of strip of 1.5m to 2m wide and average Depth of 0.5m, Turfing to new sloping soil surface (DAD D 01) or planting single row of vetiver grass with eco-friendly edible plants like Gotukola, Mukunuwenna, Thampala etc. including application of compost manure and 02 months maintenance\nVegetative cover improving (1.5m-2.0m wide) with Areca nut seedlings @ 1.5m spacing in two rows, Beetle creeper VP @ 3m spacing in a single row, Green gram as a cover crop including applying of compost manure, NPK fertilizer and maintenance\nConstruction of 1:3:6 (1 1/2\") ct concrete retaining wall (height 0.9m, top width 0.15m, 0.45m high steps x 02, each of 0.15m step width & bottom width 0.45m) ",
        "Amount (Rs.)": "856,800",
        "photopath": "https://raw.githubusercontent.com/MWS003-GIS/MWS003-GIS.github.io/main/IWWRMP/Data/EXD/200_photo/MWS_019/Um4.jpg"
      },
      "geometry": {
        "type": "Point",
        "coordinates": [
          80.781714,
          7.130509
        ]
      }
    },
    {
      "type": "Feature",
      "properties": {
        "No": 57,
        "GND No.": "482 A",
        "Scheme": "Bopitiye canal",
        "N": 7.129503,
        "E": 80.780118,
        "Observation": "Canal erosion towards the Down Stream",
        "Description": "Stream / canal reservation protection by earth filling of strip of 1.5m to 2m wide and average Depth of 0.5m, Turfing to new sloping soil surface (DAD D 01) or planting single row of vetiver grass with eco-friendly edible plants like Gotukola, Mukunuwenna, Thampala etc. including application of compost manure and 02 months maintenance\nVegetative cover improving (1.5m-2.0m wide) with Areca nut seedlings @ 1.5m spacing in two rows, Beetle creeper VP @ 3m spacing in a single row, Green gram as a cover crop including applying of compost manure, NPK fertilizer and maintenance",
        "Amount (Rs.)": "183,550",
        "photopath": "https://raw.githubusercontent.com/MWS003-GIS/MWS003-GIS.github.io/main/IWWRMP/Data/EXD/200_photo/MWS_019/Um7.jpg"
      },
      "geometry": {
        "type": "Point",
        "coordinates": [
          80.780118,
          7.129503
        ]
      }
    },
    {
      "type": "Feature",
      "properties": {
        "No": 58,
        "GND No.": "482 A",
        "Scheme": "Walamulla canal (Maha Pawura) ",
        "N": 7.132995,
        "E": 80.778627,
        "Observation": "The banks near canal are eroded and canal erosion has occurred towards the D/S side",
        "Description": "Canals reservation protection by concrete lining For 125mm thick, 0.5m wide and 0.4m high canal -double banking\nStream / canal reservation protection by earth filling of strip of 1.5m to 2m wide and average Depth of 0.5m, Turfing to new sloping soil surface (DAD D 01) or planting single row of vetiver grass with eco-friendly edible plants like Gotukola, Mukunuwenna, Thampala etc. including application of compost manure and 02 months maintenance\nVegetative cover improving (1.5m-2.0m wide) with Areca nut seedlings @ 1.5m spacing in two rows, Beetle creeper VP @ 3m spacing in a single row, Green gram as a cover crop including applying of compost manure, NPK fertilizer and maintenance\nConstruction of 2.1m high RR masonry wall (with section 0.60x0.75, 0.45x0.75, 0.30x0.60) over 0.90m width x 0.15m thick screed concrete, plastering with 1:3 cement mortar and back filling",
        "Amount (Rs.)": "1,783,374",
        "photopath": "https://raw.githubusercontent.com/MWS003-GIS/MWS003-GIS.github.io/main/IWWRMP/Data/EXD/200_photo/MWS_019/Um11.jpg"
      },
      "geometry": {
        "type": "Point",
        "coordinates": [
          80.778627,
          7.132995
        ]
      }
    },
    {
      "type": "Feature",
      "properties": {
        "No": 59,
        "GND No.": "482 A",
        "Scheme": "Pan watta Ela",
        "N": 7.135385,
        "E": 80.784652,
        "Observation": "Canal erosion towards the Down Stream",
        "Description": "Construction of 2.1m high RR masonry wall (with section 0.60x0.75, 0.45x0.75, 0.30x0.60) over 0.90m width x 0.15m thick screed concrete, plastering with 1:3 cement mortar and back filling\nVegetative cover improving (1.5m-2.0m wide) with Areca nut seedlings @ 1.5m spacing in two rows, Beetle creeper VP @ 3m spacing in a single row, Green gram as a cover crop including applying of compost manure, NPK fertilizer and maintenance",
        "Amount (Rs.)": "1,763,365",
        "photopath": "https://raw.githubusercontent.com/MWS003-GIS/MWS003-GIS.github.io/main/IWWRMP/Data/EXD/200_photo/MWS_019/Um9.jpg"
      },
      "geometry": {
        "type": "Point",
        "coordinates": [
          80.784652,
          7.135385
        ]
      }
    },
    {
      "type": "Feature",
      "properties": {
        "No": 60,
        "GND No.": "482 A",
        "Scheme": " Gaala Gawa Ela",
        "N": 7.129497,
        "E": 80.777878,
        "Observation": "Canal is not concrete lined (L-200m) ",
        "Description": "Canals reservation protection by concrete lining for 100mm thick, 0.3m wide and 0.3m high canal -double banking\nStream / canal reservation protection by earth filling of strip of 1.5m to 2m wide and average Depth of 0.5m, Turfing to new sloping soil surface (DAD D 01) or planting single row of vetiver grass with eco-friendly edible plants like Gotukola, Mukunuwenna, Thampala etc. including application of compost manure and 02 months maintenance\nVegetative cover improving (1.5m-2.0m wide) with Areca nut seedlings @ 1.5m spacing in two rows, Beetle creeper VP @ 3m spacing in a single row, Green gram as a cover crop including applying of compost manure, NPK fertilizer and maintenance",
        "Amount (Rs.)": "257,837",
        "photopath": "https://raw.githubusercontent.com/MWS003-GIS/MWS003-GIS.github.io/main/IWWRMP/Data/EXD/200_photo/MWS_019/Um2.jpg"
      },
      "geometry": {
        "type": "Point",
        "coordinates": [
          80.777878,
          7.129497
        ]
      }
    },
    {
      "type": "Feature",
      "properties": {
        "No": 61,
        "GND No.": "482 A",
        "Scheme": "Hummantharawa Ela",
        "N": 7.135587,
        "E": 80.785352,
        "Observation": " The canal is not in the operational condition (L-100m) ",
        "Description": "Canal reservation protection by concrete lining for 100mm thick, 0.4m wide and 0.3m high canal -single banking\nStream / canal reservation protection by earth filling of strip of 1.5m to 2m wide and average Depth of 0.5m, Turfing to new sloping soil surface (DAD D 01) or planting single row of vetiver grass with eco-friendly edible plants like Gotukola, Mukunuwenna, Thampala etc. including application of compost manure and 02 months maintenance\nVegetative cover improving (1.5m-2.0m wide) with Areca nut seedlings @ 1.5m spacing in two rows, Beetle creeper VP @ 3m spacing in a single row, Green gram as a cover crop including applying of compost manure, NPK fertilizer and maintenance",
        "Amount (Rs.)": "180,893",
        "photopath": "https://raw.githubusercontent.com/MWS003-GIS/MWS003-GIS.github.io/main/IWWRMP/Data/EXD/200_photo/MWS_019/Um4.jpg"
      },
      "geometry": {
        "type": "Point",
        "coordinates": [
          80.785352,
          7.135587
        ]
      }
    },
    {
      "type": "Feature",
      "properties": {
        "No": 62,
        "GND No.": "482 B",
        "Scheme": "Hummantharawa anicut 2",
        "N": 7.135171,
        "E": 80.78586,
        "Observation": "No anicut is available ",
        "Description": "Site preparation & other miscellaneous works\nConstruction of 8.0m long x 1.2m height anicut with 02 nos x 0.9m x 1.2m openings, supplying of 3\" thick CL I timber planks for each opening, supplying and fixing of 9\" Dia CI gate inclusive of all arrangements\nVegetative cover improving with Areca nut seedling @ 1.5m spacing in a single row, Kumbuk/ Mee/ Godapara/ Kaduru/ Aththikka/ Wal Del/ Kekuna/ randomly mixed seedlings and dense planting at 500mm grid interval, applying of compost manure, NPK fertilizer, mulching with straw/ banana tree skin and maintenance\nVegetative cover improving, replanting bamboo species and vetiver grass or riparian species at 500mm grid interval including applying of compost manure, NPK fertilizer and maintenance",
        "Amount (Rs.)": "550,000",
        "photopath": "https://raw.githubusercontent.com/MWS003-GIS/MWS003-GIS.github.io/main/IWWRMP/Data/EXD/200_photo/MWS_019/Wg11.jpg"
      },
      "geometry": {
        "type": "Point",
        "coordinates": [
          80.78586,
          7.135171
        ]
      }
    },
    {
      "type": "Feature",
      "properties": {
        "No": 63,
        "GND No.": "482 B",
        "Scheme": "Arawe Anicut",
        "N": 7.134637,
        "E": 80.784841,
        "Observation": " No anicut is available ",
        "Description": "Site preparation & other miscellaneous works.\nConstruction of 8.0m long x 1.2m height anicut with 02 nos x 0.9m x 1.2m openings, supplying of 3\" thick CL I timber planks for each opening, supplying and fixing of 9\" Dia CI gate inclusive of all arrangements\nVegetative cover improving with Areca nut seedling @ 1.5m spacing in a single row, Kumbuk/ Mee/ Godapara/ Kaduru/ Aththikka/ Wal Del/ Kekuna/ randomly mixed seedlings and dense planting at 500mm grid interval, applying of compost manure, NPK fertilizer, mulching with straw/ banana tree skin and maintenance\nVegetative cover improving, replanting bamboo species and vetiver grass or riparian species at 500mm grid interval including applying of compost manure, NPK fertilizer and maintenance",
        "Amount (Rs.)": "550,000",
        "photopath": "https://raw.githubusercontent.com/MWS003-GIS/MWS003-GIS.github.io/main/IWWRMP/Data/EXD/200_photo/MWS_019/Wg10.jpg"
      },
      "geometry": {
        "type": "Point",
        "coordinates": [
          80.784841,
          7.134637
        ]
      }
    },
    {
      "type": "Feature",
      "properties": {
        "No": 64,
        "GND No.": "482 B",
        "Scheme": "Arawe Canal",
        "N": 7.13454,
        "E": 80.784748,
        "Observation": "Canal seepages to the D/S side",
        "Description": "Canal reservation protection by concrete lining for 100mm thick, 0.4m wide and 0.3m high canal -single banking\nStream / canal reservation protection by earth filling of strip of 1.5m to 2m wide and average Depth of 0.5m, Turfing to new sloping soil surface (DAD D 01) or planting single row of vetiver grass with eco-friendly edible plants like Gotukola, Mukunuwenna, Thampala etc. including application of compost manure and 02 months maintenance\nVegetative cover improving (1.5m-2.0m wide) with Areca nut seedlings @ 1.5m spacing in two rows, Beetle creeper VP @ 3m spacing in a single row, Green gram as a cover crop including applying of compost manure, NPK fertilizer and maintenance",
        "Amount (Rs.)": "180,894",
        "photopath": "https://raw.githubusercontent.com/MWS003-GIS/MWS003-GIS.github.io/main/IWWRMP/Data/EXD/200_photo/MWS_019/Wg15.1.jpg"
      },
      "geometry": {
        "type": "Point",
        "coordinates": [
          80.784748,
          7.13454
        ]
      }
    },
    {
      "type": "Feature",
      "properties": {
        "No": 65,
        "GND No.": "482 B",
        "Scheme": "Dedunu canal",
        "N": 7.131677,
        "E": 80.787687,
        "Observation": " Water is delivered through pipes due to the canal is not in the operational condition",
        "Description": "Canals reservation protection by concrete lining for 100mm thick, 0.3m wide and 0.3m high canal -double banking\nStream / canal reservation protection by earth filling of strip of 1.5m to 2m wide and average Depth of 0.5m, Turfing to new sloping soil surface (DAD D 01) or planting single row of vetiver grass with eco-friendly edible plants like Gotukola, Mukunuwenna, Thampala etc. including application of compost manure and 02 months maintenance\nVegetative cover improving (1.5m-2.0m wide) with Areca nut seedlings @ 1.5m spacing in two rows, Beetle creeper VP @ 3m spacing in a single row, Green gram as a cover crop including applying of compost manure, NPK fertilizer and maintenance",
        "Amount (Rs.)": "158,200",
        "photopath": "https://raw.githubusercontent.com/MWS003-GIS/MWS003-GIS.github.io/main/IWWRMP/Data/EXD/200_photo/MWS_019/Wg17.jpg"
      },
      "geometry": {
        "type": "Point",
        "coordinates": [
          80.787687,
          7.131677
        ]
      }
    },
    {
      "type": "Feature",
      "properties": {
        "No": 66,
        "GND No.": "482 B",
        "Scheme": "Mullewatta canal",
        "N": 7.135416,
        "E": 80.785153,
        "Observation": " Canal erosion towards the Down Stream",
        "Description": "Construction of 48 m long 0.50m x 0.50m trough with 6 m spans each rested on piers (for canal bed elevated 0.9 m in average above the existing GL) ",
        "Amount (Rs.)": "2,330,000",
        "photopath": "https://raw.githubusercontent.com/MWS003-GIS/MWS003-GIS.github.io/main/IWWRMP/Data/EXD/200_photo/MWS_019/Wg2.1.jpg"
      },
      "geometry": {
        "type": "Point",
        "coordinates": [
          80.785153,
          7.135416
        ]
      }
    },
    {
      "type": "Feature",
      "properties": {
        "No": 67,
        "GND No.": "482 B",
        "Scheme": "Galpotta uhana canal",
        "N": 7.13505,
        "E": 80.784853,
        "Observation": " The canal is not in the operational condition ",
        "Description": "Canals reservation protection by concrete lining for 100mm thick, 0.3m wide and 0.3m high canal -double banking\nStream / canal reservation protection by earth filling of strip of 1.5m to 2m wide and average Depth of 0.5m, Turfing to new sloping soil surface (DAD D 01) or planting single row of vetiver grass with eco-friendly edible plants like Gotukola, Mukunuwenna, Thampala etc. including application of compost manure and 02 months maintenance\nVegetative cover improving (1.5m-2.0m wide) with Areca nut seedlings @ 1.5m spacing in two rows, Beetle creeper VP @ 3m spacing in a single row, Green gram as a cover crop including applying of compost manure, NPK fertilizer and maintenance",
        "Amount (Rs.)": "378,012",
        "photopath": "https://raw.githubusercontent.com/MWS003-GIS/MWS003-GIS.github.io/main/IWWRMP/Data/EXD/200_photo/MWS_019/Wg17.jpg"
      },
      "geometry": {
        "type": "Point",
        "coordinates": [
          80.784853,
          7.13505
        ]
      }
    },
    {
      "type": "Feature",
      "properties": {
        "No": 68,
        "GND No.": "482/C",
        "Scheme": " Irrigation main canal",
        "N": 7.141601,
        "E": 80.779637,
        "Observation": " The concrete band of the canal is eroded (L-8m) due to the bank erosion in upper areas",
        "Description": "Supplying and fixing T.S Dowels spliced and dove tailed with wedge at one end 5/8\" Dia, 700mm long boring holes, 350mm depth in fixing\nShuttering in 20mm (3/4\") thick Plywood sheet and 2\"x2\" joists\n1:3:6 (1 1/2\") Cement concrete, hand mixing and placing\nVegetative cover improving (1.5m-2.0m wide) with Areca nut seedlings @ 1.5m spacing in two rows, Beetle creeper VP @ 3m spacing in a single row, Green gram as a cover crop including applying of compost manure, NPK fertilizer and maintenance",
        "Amount (Rs.)": "84,851",
        "photopath": "https://raw.githubusercontent.com/MWS003-GIS/MWS003-GIS.github.io/main/IWWRMP/Data/EXD/200_photo/MWS_019/UP (02)3.jpg"
      },
      "geometry": {
        "type": "Point",
        "coordinates": [
          80.779637,
          7.141601
        ]
      }
    },
    {
      "type": "Feature",
      "properties": {
        "No": 69,
        "GND No.": " 483 A",
        "Scheme": "Maa Ela sub canal",
        "N": 7.127918,
        "E": 80.783328,
        "Observation": " The water of the canal overflows (L-200m) ",
        "Description": "Canals reservation protection by concrete lining For 125mm thick, 0.5m wide and 0.4m high canal -double banking\nStream / canal reservation protection by earth filling of strip of 1.5m to 2m wide and average Depth of 0.5m, Turfing to new sloping soil surface (DAD D 01) or planting single row of vetiver grass with eco-friendly edible plants like Gotukola, Mukunuwenna, Thampala etc. including application of compost manure and 02 months maintenance\nVegetative cover improving (1.5m-2.0m wide) with Areca nut seedlings @ 1.5m spacing in two rows, Beetle creeper VP @ 3m spacing in a single row, Green gram as a cover crop including applying of compost manure, NPK fertilizer and maintenance",
        "Amount (Rs.)": "1,164,775",
        "photopath": "Not_Available"
      },
      "geometry": {
        "type": "Point",
        "coordinates": [
          80.783328,
          7.127918
        ]
      }
    },
    {
      "type": "Feature",
      "properties": {
        "No": 70,
        "GND No.": "483 A",
        "Scheme": "Hapugahapattiya main canal",
        "N": 7.126168,
        "E": 80.780868,
        "Observation": "Water is overflowed towards the lands on both side (L-250m) ",
        "Description": "Canals reservation protection by concrete lining For 125mm thick, 0.5m wide and 0.4m high canal -double banking\nStream / canal reservation protection by earth filling of strip of 1.5m to 2m wide and average Depth of 0.5m, Turfing to new sloping soil surface (DAD D 01) or planting single row of vetiver grass with eco-friendly edible plants like Gotukola, Mukunuwenna, Thampala etc. including application of compost manure and 02 months maintenance\nVegetative cover improving (1.5m-2.0m wide) with Areca nut seedlings @ 1.5m spacing in two rows, Beetle creeper VP @ 3m spacing in a single row, Green gram as a cover crop including applying of compost manure, NPK fertilizer and maintenance",
        "Amount (Rs.)": "1,210,663",
        "photopath": "Not_Available"
      },
      "geometry": {
        "type": "Point",
        "coordinates": [
          80.780868,
          7.126168
        ]
      }
    },
    {
      "type": "Feature",
      "properties": {
        "No": 71,
        "GND No.": "483",
        "Scheme": "Udaarawa canal",
        "N": 7.124214,
        "E": 80.784935,
        "Observation": " Canal erosion towards the D/S and seepages",
        "Description": "Construction of 1.5m high x 0.15m thick RCC wall (0.8m base) \nCanal reservation protection by concrete lining for 100mm thick, 0.4m wide and 0.3m high canal -single banking\nStream / canal reservation protection by earth filling of strip of 1.5m to 2m wide and average Depth of 0.5m, Turfing to new sloping soil surface (DAD D 01) or planting single row of vetiver grass with eco-friendly edible plants like Gotukola, Mukunuwenna, Thampala etc. including application of compost manure and 02 months maintenance\nVegetative cover improving (1.5m-2.0m wide) with Areca nut seedlings @ 1.5m spacing in two rows, Beetle creeper VP @ 3m spacing in a single row, Green gram as a cover crop including applying of compost manure, NPK fertilizer and maintenance",
        "Amount (Rs.)": "1,001,863",
        "photopath": "Not_Available"
      },
      "geometry": {
        "type": "Point",
        "coordinates": [
          80.784935,
          7.124214
        ]
      }
    },
    {
      "type": "Feature",
      "properties": {
        "No": 72,
        "GND No.": "483",
        "Scheme": "Udaarawa canal",
        "N": 7.124135,
        "E": 80.785087,
        "Observation": "Canal erosion towards the Down Stream",
        "Description": "Construction of 2.1m high RR masonry wall (with section 0.60x0.75, 0.45x0.75, 0.30x0.60) over 0.90m width x 0.15m thick screed concrete, plastering with 1:3 cement mortar and back filling\nExcavation earth from borrow and forming Tank Bund or Roadway including spreading, trimming and ramming Haul (50-100) ft Lift (0-5) ft\nEarth compaction\nVegetative cover improving (1.5m-2.0m wide) with Areca nut seedlings @ 1.5m spacing in two rows, Beetle creeper VP @ 3m spacing in a single row, Green gram as a cover crop including applying of compost manure, NPK fertilizer and maintenance",
        "Amount (Rs.)": "153,810",
        "photopath": "Not_Available"
      },
      "geometry": {
        "type": "Point",
        "coordinates": [
          80.785087,
          7.124135
        ]
      }
    },
    {
      "type": "Feature",
      "properties": {
        "No": 73,
        "GND No.": "483",
        "Scheme": "Medda Arawa canal",
        "N": 7.12497,
        "E": 80.786771,
        "Observation": "Old canal is eroded towards the D/S and canal get eroded",
        "Description": "Canals reservation protection by concrete lining for 100mm thick, 0.3m wide and 0.3m high canal -double banking\nStream / canal reservation protection by earth filling of strip of 1.5m to 2m wide and average Depth of 0.5m, Turfing to new sloping soil surface (DAD D 01) or planting single row of vetiver grass with eco-friendly edible plants like Gotukola, Mukunuwenna, Thampala etc. including application of compost manure and 02 months maintenance\nVegetative cover improving (1.5m-2.0m wide) with Areca nut seedlings @ 1.5m spacing in two rows, Beetle creeper VP @ 3m spacing in a single row, Green gram as a cover crop including applying of compost manure, NPK fertilizer and maintenance",
        "Amount (Rs.)": "226,808",
        "photopath": "Not_Available"
      },
      "geometry": {
        "type": "Point",
        "coordinates": [
          80.786771,
          7.12497
        ]
      }
    },
    {
      "type": "Feature",
      "properties": {
        "No": 74,
        "GND No.": "483",
        "Scheme": "Dulwala canal",
        "N": 7.126602,
        "E": 80.786692,
        "Observation": "Water is distributed by using pipes (L-40m)\nSeepage losses towards the downstream (L-150m) ",
        "Description": "Canals reservation protection by concrete lining For 125mm thick, 0.4m wide and 0.5m high canal -single banking.\nConstruction of 42 m long 0.50m x 0.50m trough with 6 m spans each rested on piers (for canal bed elevated 1.5 m in average above the existing GL).\nStream / canal reservation protection by earth filling of strip of 1.5m to 2m wide and average Depth of 0.5m, Turfing to new sloping soil surface (DAD D 01) or planting single row of vetiver grass with eco-friendly edible plants like Gotukola, Mukunuwenna, Thampala etc. including application of compost manure and 02 months.\nVegetative cover improving (1.5m-2.0m wide) with Areca nut seedlings @ 1.5m spacing in two rows, Beetle creeper VP @ 3m spacing in a single row, Green gram as a cover crop including applying of compost manure, NPK fertilizer and maintenance",
        "Amount (Rs.)": "2,485,815",
        "photopath": "Not_Available"
      },
      "geometry": {
        "type": "Point",
        "coordinates": [
          80.786692,
          7.126602
        ]
      }
    },
    {
      "type": "Feature",
      "properties": {
        "No": 75,
        "GND No.": "483",
        "Scheme": "Kosuruppa anicut",
        "N": 7.127075,
        "E": 80.786607,
        "Observation": "The dam near the anicut is landslided ",
        "Description": "Construction of 1.5m high x 0.15m thick RCC wall (0.8m base) \nEarth excavation and spreading\nEarth compaction\nVegetative cover improving, replanting bamboo species and vetiver grass or riparian species at 500mm grid interval including applying of compost manure, NPK fertilizer and maintenance",
        "Amount (Rs.)": "456,805",
        "photopath": "Not_Available"
      },
      "geometry": {
        "type": "Point",
        "coordinates": [
          80.786607,
          7.127075
        ]
      }
    },
    {
      "type": "Feature",
      "properties": {
        "No": 76,
        "GND No.": "484 C",
        "Scheme": "Paddarawa canal",
        "N": 7.13891,
        "E": 80.79408,
        "Observation": "Canal seepages to the D/S side",
        "Description": "Canal reservation protection by concrete lining for 100mm thick, 0.4m wide and 0.3m high canal -single banking\nStream / canal reservation protection by earth filling of strip of 1.5m to 2m wide and average Depth of 0.5m, Turfing to new sloping soil surface (DAD D 01) or planting single row of vetiver grass with eco-friendly edible plants like Gotukola, Mukunuwenna, Thampala etc. including application of compost manure and 02 months maintenance\nVegetative cover improving (1.5m-2.0m wide) with Areca nut seedlings @ 1.5m spacing in two rows, Beetle creeper VP @ 3m spacing in a single row, Green gram as a cover crop including applying of compost manure, NPK fertilizer and maintenance",
        "Amount (Rs.)": "998,900",
        "photopath": "Not_Available"
      },
      "geometry": {
        "type": "Point",
        "coordinates": [
          80.79408,
          7.13891
        ]
      }
    },
    {
      "type": "Feature",
      "properties": {
        "No": 77,
        "GND No.": "484 C",
        "Scheme": "Lunumiddage canal",
        "N": 7.138015,
        "E": 80.79589,
        "Observation": " Canal is silted ",
        "Description": "Canal reservation protection by concrete lining for 100mm thick, 0.4m wide and 0.3m high canal -single banking\nStream / canal reservation protection by earth filling of strip of 1.5m to 2m wide and average Depth of 0.5m, Turfing to new sloping soil surface (DAD D 01) or planting single row of vetiver grass with eco-friendly edible plants like Gotukola, Mukunuwenna, Thampala etc. including application of compost manure and 02 months maintenance\nVegetative cover improving (1.5m-2.0m wide) with Areca nut seedlings @ 1.5m spacing in two rows, Beetle creeper VP @ 3m spacing in a single row, Green gram as a cover crop including applying of compost manure, NPK fertilizer and maintenance",
        "Amount (Rs.)": "157,950",
        "photopath": "Not_Available"
      },
      "geometry": {
        "type": "Point",
        "coordinates": [
          80.79589,
          7.138015
        ]
      }
    },
    {
      "type": "Feature",
      "properties": {
        "No": 78,
        "GND No.": "484 C",
        "Scheme": " Demodara canal",
        "N": 7.137671,
        "E": 80.794893,
        "Observation": " Canal seepages to the D/S side",
        "Description": "Canal reservation protection by concrete lining for 100mm thick, 0.4m wide and 0.3m high canal -single banking\nStream / canal reservation protection by earth filling of strip of 1.5m to 2m wide and average Depth of 0.5m, Turfing to new sloping soil surface (DAD D 01) or planting single row of vetiver grass with eco-friendly edible plants like Gotukola, Mukunuwenna, Thampala etc. including application of compost manure and 02 months maintenance\nVegetative cover improving (1.5m-2.0m wide) with Areca nut seedlings @ 1.5m spacing in two rows, Beetle creeper VP @ 3m spacing in a single row, Green gram as a cover crop including applying of compost manure, NPK fertilizer and maintenance",
        "Amount (Rs.)": "203,838",
        "photopath": "Not_Available"
      },
      "geometry": {
        "type": "Point",
        "coordinates": [
          80.794893,
          7.137671
        ]
      }
    },
    {
      "type": "Feature",
      "properties": {
        "No": 79,
        "GND No.": "484 C",
        "Scheme": "Pukowa canal",
        "N": 7.136713,
        "E": 80.798324,
        "Observation": " Canal seepages to the D/S side",
        "Description": "Canal reservation protection by concrete lining for 100mm thick, 0.4m wide and 0.3m high canal -single banking\nStream / canal reservation protection by earth filling of strip of 1.5m to 2m wide and average Depth of 0.5m, Turfing to new sloping soil surface (DAD D 01) or planting single row of vetiver grass with eco-friendly edible plants like Gotukola, Mukunuwenna, Thampala etc. including application of compost manure and 02 months maintenance\nVegetative cover improving (1.5m-2.0m wide) with Areca nut seedlings @ 1.5m spacing in two rows, Beetle creeper VP @ 3m spacing in a single row, Green gram as a cover crop including applying of compost manure, NPK fertilizer and maintenance",
        "Amount (Rs.)": "249,725",
        "photopath": "Not_Available"
      },
      "geometry": {
        "type": "Point",
        "coordinates": [
          80.798324,
          7.136713
        ]
      }
    },
    {
      "type": "Feature",
      "properties": {
        "No": 80,
        "GND No.": "484 A",
        "Scheme": "Philmulla canal",
        "N": 7.138013,
        "E": 80.800043,
        "Observation": "The canal is overflowing, and it is difficult to supply water DS",
        "Description": "Canal reservation protection by concrete lining for 100mm thick, 0.4m wide and 0.3m high canal -single banking\nStream / canal reservation protection by earth filling of strip of 1.5m to 2m wide and average Depth of 0.5m, Turfing to new sloping soil surface (DAD D 01) or planting single row of vetiver grass with eco-friendly edible plants like Gotukola, Mukunuwenna, Thampala etc. including application of compost manure and 02 months maintenance\nVegetative cover improving (1.5m-2.0m wide) with Areca nut seedlings @ 1.5m spacing in two rows, Beetle creeper VP @ 3m spacing in a single row, Green gram as a cover crop including applying of compost manure, NPK fertilizer and maintenance",
        "Amount (Rs.)": "315,900",
        "photopath": "Not_Available"
      },
      "geometry": {
        "type": "Point",
        "coordinates": [
          80.800043,
          7.138013
        ]
      }
    },
    {
      "type": "Feature",
      "properties": {
        "No": 81,
        "GND No.": "484 A",
        "Scheme": "Arawe canal",
        "N": 7.138572,
        "E": 80.802002,
        "Observation": " Water cannot be distributed towards the D/S side to canal erosion",
        "Description": "Canal reservation protection by concrete lining for 100mm thick, 0.4m wide and 0.3m high canal -single banking\nStream / canal reservation protection by earth filling of strip of 1.5m to 2m wide and average Depth of 0.5m, Turfing to new sloping soil surface (DAD D 01) or planting single row of vetiver grass with eco-friendly edible plants like Gotukola, Mukunuwenna, Thampala etc. including application of compost manure and 02 months maintenance\nVegetative cover improving (1.5m-2.0m wide) with Areca nut seedlings @ 1.5m spacing in two rows, Beetle creeper VP @ 3m spacing in a single row, Green gram as a cover crop including applying of compost manure, NPK fertilizer and maintenance",
        "Amount (Rs.)": "315,900",
        "photopath": "Not_Available"
      },
      "geometry": {
        "type": "Point",
        "coordinates": [
          80.802002,
          7.138572
        ]
      }
    },
    {
      "type": "Feature",
      "properties": {
        "No": 82,
        "GND No.": "484 A",
        "Scheme": "Bogahakumbura Canal",
        "N": 7.138091,
        "E": 80.802356,
        "Observation": "Canal seepages to the D/S side",
        "Description": "Canal reservation protection by concrete lining for 100mm thick, 0.4m wide and 0.3m high canal -single banking\nStream / canal reservation protection by earth filling of strip of 1.5m to 2m wide and average Depth of 0.5m, Turfing to new sloping soil surface (DAD D 01) or planting single row of vetiver grass with eco-friendly edible plants like Gotukola, Mukunuwenna, Thampala etc. including application of compost manure and 02 months maintenance\nVegetative cover improving (1.5m-2.0m wide) with Areca nut seedlings @ 1.5m spacing in two rows, Beetle creeper VP @ 3m spacing in a single row, Green gram as a cover crop including applying of compost manure, NPK fertilizer and maintenance",
        "Amount (Rs.)": "162,008",
        "photopath": "Not_Available"
      },
      "geometry": {
        "type": "Point",
        "coordinates": [
          80.802356,
          7.138091
        ]
      }
    },
    {
      "type": "Feature",
      "properties": {
        "No": 83,
        "GND No.": "484-B",
        "Scheme": "Karawgahamula canal",
        "N": 7.142372,
        "E": 80.791791,
        "Observation": "Canal seepages to the D/S side",
        "Description": "Stream / canal reservation protection by earth filling of strip of 1.5m to 2m wide and average Depth of 0.5m, Turfing to new sloping soil surface (DAD D 01) or planting single row of vetiver grass with eco-friendly edible plants like Gotukola, Mukunuwenna, Thampala etc. including application of compost manure and 02 months maintenance\nVegetative cover improving (1.5m-2.0m wide) with Areca nut seedlings @ 1.5m spacing in two rows, Beetle creeper VP @ 3m spacing in a single row, Green gram as a cover crop including applying of compost manure, NPK fertilizer and maintenance",
        "Amount (Rs.)": "91,775",
        "photopath": "Not_Available"
      },
      "geometry": {
        "type": "Point",
        "coordinates": [
          80.791791,
          7.142372
        ]
      }
    },
    {
      "type": "Feature",
      "properties": {
        "No": 84,
        "GND No.": "484-B",
        "Scheme": "Thalagahamula canal",
        "N": 7.139796,
        "E": 80.792787,
        "Observation": "Canal seepages to the D/S side",
        "Description": "Canal reservation protection by concrete lining for 100mm thick, 0.4m wide and 0.3m high canal -single banking\nStream / canal reservation protection by earth filling of strip of 1.5m to 2m wide and average Depth of 0.5m, Turfing to new sloping soil surface (DAD D 01) or planting single row of vetiver grass with eco-friendly edible plants like Gotukola, Mukunuwenna, Thampala etc. including application of compost manure and 02 months maintenance\nVegetative cover improving (1.5m-2.0m wide) with Areca nut seedlings @ 1.5m spacing in two rows, Beetle creeper VP @ 3m spacing in a single row, Green gram as a cover crop including applying of compost manure, NPK fertilizer and maintenance",
        "Amount (Rs.)": "270,013",
        "photopath": "Not_Available"
      },
      "geometry": {
        "type": "Point",
        "coordinates": [
          80.792787,
          7.139796
        ]
      }
    },
    {
      "type": "Feature",
      "properties": {
        "No": 85,
        "GND No.": "484-B",
        "Scheme": "Thotupala Canal 1 ",
        "N": 7.140332,
        "E": 80.793237,
        "Observation": "No anicut is available",
        "Description": "Construction of 4.0m long x 0.9m height anicut with 02 nos x 0.9m width openings, supplying of 3\" thick CL I timber planks for each opening, supplying and fixing of 9\" Dia CI gate inclusive of all arrangements",
        "Amount (Rs.)": "223,000",
        "photopath": "Not_Available"
      },
      "geometry": {
        "type": "Point",
        "coordinates": [
          80.793237,
          7.140332
        ]
      }
    },
    {
      "type": "Feature",
      "properties": {
        "No": 86,
        "GND No.": "484-B",
        "Scheme": "Thotupala Canal 2",
        "N": 7.140385,
        "E": 80.793251,
        "Observation": "Water is overflowing from the canal",
        "Description": "Canals reservation protection by concrete lining for 100mm thick, 0.3m wide and 0.3m high canal -double banking\nStream / canal reservation protection by earth filling of strip of 1.5m to 2m wide and average Depth of 0.5m, Turfing to new sloping soil surface (DAD D 01) or planting single row of vetiver grass with eco-friendly edible plants like Gotukola, Mukunuwenna, Thampala etc. including application of compost manure and 02 months maintenance\nVegetative cover improving (1.5m-2.0m wide) with Areca nut seedlings @ 1.5m spacing in two rows, Beetle creeper VP @ 3m spacing in a single row, Green gram as a cover crop including applying of compost manure, NPK fertilizer and maintenance",
        "Amount (Rs.)": "234,894",
        "photopath": "Not_Available"
      },
      "geometry": {
        "type": "Point",
        "coordinates": [
          80.793251,
          7.140385
        ]
      }
    },
    {
      "type": "Feature",
      "properties": {
        "No": 87,
        "GND No.": "484-B",
        "Scheme": "Thotupala Canal 3 ",
        "N": 7.140076,
        "E": 80.793523,
        "Observation": " Canal seepages to the D/S side (L-20m) ",
        "Description": "Canal reservation protection by concrete lining for 100mm thick, 0.4m wide and 0.3m high canal -single banking\nStream / canal reservation protection by earth filling of strip of 1.5m to 2m wide and average Depth of 0.5m, Turfing to new sloping soil surface (DAD D 01) or planting single row of vetiver grass with eco-friendly edible plants like Gotukola, Mukunuwenna, Thampala etc. including application of compost manure and 02 months maintenance\nVegetative cover improving (1.5m-2.0m wide) with Areca nut seedlings @ 1.5m spacing in two rows, Beetle creeper VP @ 3m spacing in a single row, Green gram as a cover crop including applying of compost manure, NPK fertilizer and maintenance",
        "Amount (Rs.)": "108,005",
        "photopath": "Not_Available"
      },
      "geometry": {
        "type": "Point",
        "coordinates": [
          80.793523,
          7.140076
        ]
      }
    },
    {
      "type": "Feature",
      "properties": {
        "No": 88,
        "GND No.": "484-B",
        "Scheme": " Pathangamuwa canal (Galkotuwa canal) ",
        "N": 7.142823,
        "E": 80.795582,
        "Observation": " Seepage losses from the canal",
        "Description": "Clearing and Grubbing, Shrub and thorny jungle\nCanal reservation protection by concrete lining for 100mm thick, 0.4m wide and 0.3m high canal -single banking\nStream / canal reservation protection by earth filling of strip of 1.5m to 2m wide and average Depth of 0.5m, Turfing to new sloping soil surface (DAD D 01) or planting single row of vetiver grass with eco-friendly edible plants like Gotukola, Mukunuwenna, Thampala etc. including application of compost manure and 02 months maintenance\nVegetative cover improving (1.5m-2.0m wide) with Areca nut seedlings @ 1.5m spacing in two rows, Beetle creeper VP @ 3m spacing in a single row, Green gram as a cover crop including applying of compost manure, NPK fertilizer and maintenance\nRemoving silt from canal bed depth up to 9\" and canal clearing ",
        "Amount (Rs.)": "501,834",
        "photopath": "Not_Available"
      },
      "geometry": {
        "type": "Point",
        "coordinates": [
          80.795582,
          7.142823
        ]
      }
    },
    {
      "type": "Feature",
      "properties": {
        "No": 89,
        "GND No.": "484",
        "Scheme": "Othenna canal",
        "N": 7.128029,
        "E": 80.801967,
        "Observation": "Canal seepages to the D/S side",
        "Description": "Canals reservation protection by concrete lining For 125mm thick, 0.4m wide and 0.5m high canal -single banking\nStream / canal reservation protection by earth filling of strip of 1.5m to 2m wide and average Depth of 0.5m, Turfing to new sloping soil surface (DAD D 01) or planting single row of vetiver grass with eco-friendly edible plants like Gotukola, Mukunuwenna, Thampala etc. including application of compost manure and 02 months maintenance\nVegetative cover improving (1.5m-2.0m wide) with Areca nut seedlings @ 1.5m spacing in two rows, Beetle creeper VP @ 3m spacing in a single row, Green gram as a cover crop including applying of compost manure, NPK fertilizer and maintenance",
        "Amount (Rs.)": "713,275",
        "photopath": "Not_Available"
      },
      "geometry": {
        "type": "Point",
        "coordinates": [
          80.801967,
          7.128029
        ]
      }
    },
    {
      "type": "Feature",
      "properties": {
        "No": 90,
        "GND No.": "484",
        "Scheme": "Hunukotuwa canal",
        "N": 7.128079,
        "E": 80.801503,
        "Observation": "Canal is silted and water cannot be delivered",
        "Description": "Removing silt from canal bed depth up to 9\"-18\"\nCanal reservation protection by concrete lining for 100mm thick, 0.4m wide and 0.3m high canal -single banking\nStream / canal reservation protection by earth filling of strip of 1.5m to 2m wide and average Depth of 0.5m, Turfing to new sloping soil surface (DAD D 01) or planting single row of vetiver grass with eco-friendly edible plants like Gotukola, Mukunuwenna, Thampala etc. including application of compost manure and 02 months maintenance\nVegetative cover improving (1.5m-2.0m wide) with Areca nut seedlings @ 1.5m spacing in two rows, Beetle creeper VP @ 3m spacing in a single row, Green gram as a cover crop including applying of compost manure, NPK fertilizer and maintenance",
        "Amount (Rs.)": "201,684",
        "photopath": "Not_Available"
      },
      "geometry": {
        "type": "Point",
        "coordinates": [
          80.801503,
          7.128079
        ]
      }
    },
    {
      "type": "Feature",
      "properties": {
        "No": 91,
        "GND No.": "484",
        "Scheme": "Udupitaha canal",
        "N": 7.128687,
        "E": 80.80445,
        "Observation": " The canal is not concreted",
        "Description": "Canal reservation protection by concrete lining for 100mm thick, 0.4m wide and 0.3m high canal -single banking\nStream / canal reservation protection by earth filling of strip of 1.5m to 2m wide and average Depth of 0.5m, Turfing to new sloping soil surface (DAD D 01) or planting single row of vetiver grass with eco-friendly edible plants like Gotukola, Mukunuwenna, Thampala etc. including application of compost manure and 02 months maintenance\nVegetative cover improving (1.5m-2.0m wide) with Areca nut seedlings @ 1.5m spacing in two rows, Beetle creeper VP @ 3m spacing in a single row, Green gram as a cover crop including applying of compost manure, NPK fertilizer and maintenance",
        "Amount (Rs.)": "361,788",
        "photopath": "Not_Available"
      },
      "geometry": {
        "type": "Point",
        "coordinates": [
          80.80445,
          7.128687
        ]
      }
    },
    {
      "type": "Feature",
      "properties": {
        "No": 92,
        "GND No.": "484",
        "Scheme": "Bodhi canal",
        "N": 7.132388,
        "E": 80.801563,
        "Observation": " Canal is silted because the soil in upper lands get eroded",
        "Description": "Removing silt from canal bed depth up to 9\" and canal clearing \nConstruction of 1.2m high RR masonry wall (with section 0.60x0.60, 0.45x0.60) over 0.75m width x 0.15m thick concrete screed, plastering with 1:3 cement mortar and back filling\nVegetative cover improving (1.5m-2.0m wide) with Areca nut seedlings @ 1.5m spacing in two rows, Beetle creeper VP @ 3m spacing in a single row, Green gram as a cover crop including applying of compost manure, NPK fertilizer and maintenance",
        "Amount (Rs.)": "493,936",
        "photopath": "Not_Available"
      },
      "geometry": {
        "type": "Point",
        "coordinates": [
          80.801563,
          7.132388
        ]
      }
    },
    {
      "type": "Feature",
      "properties": {
        "No": 93,
        "GND No.": "484",
        "Scheme": "Harithata canal",
        "N": 7.130328,
        "E": 80.800834,
        "Observation": " Landsliding towards the D/S (L-8m) due to steep (80 degree) below the canal",
        "Description": "Construction of 1.5m high x 0.15m thick RCC wall (0.8m base) \nStream / canal reservation protection by earth filling of strip of 1.5m to 2m wide and average Depth of 0.5m, Turfing to new sloping soil surface (DAD D 01) or planting single row of vetiver grass with eco-friendly edible plants like Gotukola, Mukunuwenna, Thampala etc. including application of compost manure and 02 months maintenance\nVegetative cover improving (1.5m-2.0m wide) with Areca nut seedlings @ 1.5m spacing in two rows, Beetle creeper VP @ 3m spacing in a single row, Green gram as a cover crop including applying of compost manure, NPK fertilizer and maintenance",
        "Amount (Rs.)": "1,903,550",
        "photopath": "Not_Available"
      },
      "geometry": {
        "type": "Point",
        "coordinates": [
          80.800834,
          7.130328
        ]
      }
    },
    {
      "type": "Feature",
      "properties": {
        "No": 95,
        "GND No.": "484",
        "Scheme": "Hirithata canal",
        "N": 7.129963,
        "E": 80.801548,
        "Observation": "ï¿½ Seepage towards the D/S (L-61m, 3 places)\nï¿½ Canal is silted",
        "Description": "Construction of 48 m long 0.50m x 0.50m trough with 6 m spans each rested on piers (for canal bed elevated 1.5 m in average above the existing GL) ",
        "Amount (Rs.)": "2,455,000",
        "photopath": "Not_Available"
      },
      "geometry": {
        "type": "Point",
        "coordinates": [
          80.801548,
          7.129963
        ]
      }
    },
    {
      "type": "Feature",
      "properties": {
        "No": 96,
        "GND No.": "484",
        "Scheme": "(Gorakahawatta) ",
        "N": 7.130535,
        "E": 80.802341,
        "Observation": " The canal is not safe due to the absence of the reservation (L-60m) ",
        "Description": "Construction of 1:3:6 (1 1/2\") ct concrete retaining wall (height 1.8m, top width 0.15m, 0.60m high steps x 03, each of 0.15m step width & bottom width 0.60m) \nStream / canal reservation protection by earth filling of strip of 1.5m to 2m wide and average Depth of 0.5m, Turfing to new sloping soil surface (DAD D 01) or planting single row of vetiver grass with eco-friendly edible plants like Gotukola, Mukunuwenna, Thampala etc. including application of compost manure and 02 months maintenance\nVegetative cover improving (1.5m-2.0m wide) with Areca nut seedlings @ 1.5m spacing in two rows, Beetle creeper VP @ 3m spacing in a single row, Green gram as a cover crop including applying of compost manure, NPK fertilizer and maintenance",
        "Amount (Rs.)": "456,710",
        "photopath": "Not_Available"
      },
      "geometry": {
        "type": "Point",
        "coordinates": [
          80.802341,
          7.130535
        ]
      }
    },
    {
      "type": "Feature",
      "properties": {
        "No": 97,
        "GND No.": "484",
        "Scheme": "Darada Ela",
        "N": 7.129477,
        "E": 80.804128,
        "Observation": "Canal seepages to the D/S side",
        "Description": "Canal reservation protection by concrete lining for 100mm thick, 0.4m wide and 0.3m high canal -single banking\nStream / canal reservation protection by earth filling of strip of 1.5m to 2m wide and average Depth of 0.5m, Turfing to new sloping soil surface (DAD D 01) or planting single row of vetiver grass with eco-friendly edible plants like Gotukola, Mukunuwenna, Thampala etc. including application of compost manure and 02 months maintenance\nVegetative cover improving (1.5m-2.0m wide) with Areca nut seedlings @ 1.5m spacing in two rows, Beetle creeper VP @ 3m spacing in a single row, Green gram as a cover crop including applying of compost manure, NPK fertilizer and maintenance",
        "Amount (Rs.)": "315,900",
        "photopath": "Not_Available"
      },
      "geometry": {
        "type": "Point",
        "coordinates": [
          80.804128,
          7.129477
        ]
      }
    },
    {
      "type": "Feature",
      "properties": {
        "No": 98,
        "GND No.": "484",
        "Scheme": "Wattakumbura-thenna canal",
        "N": 7.129628,
        "E": 80.803093,
        "Observation": " Bund erosion towards the Down Stream (L-8m) ",
        "Description": "Construction of 1:3:6 (1 1/2\") ct concrete retaining wall (height 1.5m, top width 0.15m, 0.50m high steps x 03, each of 0.15m step width & bottom width 0.60m) \nStream / canal reservation protection by earth filling of strip of 1.5m to 2m wide and average Depth of 0.5m, Turfing to new sloping soil surface (DAD D 01) or planting single row of vetiver grass with eco-friendly edible plants like Gotukola, Mukunuwenna, Thampala etc. including application of compost manure and 02 months maintenance\nVegetative cover improving (1.5m-2.0m wide) with Areca nut seedlings @ 1.5m spacing in two rows, Beetle creeper VP @ 3m spacing in a single row, Green gram as a cover crop including applying of compost manure, NPK fertilizer and maintenance",
        "Amount (Rs.)": "235,775",
        "photopath": "Not_Available"
      },
      "geometry": {
        "type": "Point",
        "coordinates": [
          80.803093,
          7.129628
        ]
      }
    }
  ]
}